####
#
# OBJ File Generated by Meshlab
#
####
# Object base.obj
#
# Vertices: 2150
# Faces: 4268
#
####
vn -0.040397 0.005971 -0.999166
v 0.002157 -0.046066 0.079000
vn -0.039670 0.012833 -0.999130
v 0.002623 -0.044183 0.079000
vn -0.160196 0.054478 -0.985581
v 0.003446 -0.044459 0.078924
vn -0.416726 0.879130 -0.231236
v 0.009793 -0.041870 0.076039
vn -0.556030 0.767561 -0.318874
v 0.009879 -0.041973 0.075710
vn -0.647934 0.678694 -0.345768
v 0.008961 -0.042716 0.075710
vn -0.371420 0.915508 -0.154575
v 0.010390 -0.041726 0.075526
vn -0.440836 0.884359 -0.153534
v 0.010999 -0.041592 0.074868
vn -0.557508 0.810903 -0.177823
v 0.010006 -0.042159 0.074868
vn -0.319248 0.946356 -0.049908
v 0.012029 -0.041283 0.074010
vn -0.321030 0.946990 -0.012233
v 0.012040 -0.041280 0.074000
vn -0.426751 0.903200 -0.045976
v 0.011032 -0.041661 0.074000
vn -0.334880 0.939884 -0.066889
v 0.011123 -0.041536 0.074862
vn -0.385629 0.907150 -0.168429
v 0.010187 -0.041776 0.075704
vn -0.422582 0.864017 -0.273677
v 0.009237 -0.041996 0.076489
vn -0.417032 0.856297 -0.304695
v 0.008783 -0.042093 0.076834
vn -0.609804 0.620738 -0.492771
v 0.008707 -0.042449 0.076500
vn -0.416314 0.850304 -0.321973
v 0.008426 -0.042166 0.077089
vn -0.689636 0.521492 -0.502443
v 0.007882 -0.043374 0.076500
vn -0.413261 0.839570 -0.352616
v 0.008255 -0.042200 0.077207
vn -0.354045 0.810619 -0.466422
v 0.006683 -0.042478 0.078120
vn -0.523854 0.375019 -0.764812
v 0.006992 -0.042701 0.077830
vn -0.363172 0.780882 -0.508260
v 0.006440 -0.042515 0.078234
vn -0.565729 0.297805 -0.768936
v 0.006229 -0.043900 0.077830
vn -0.341486 0.765903 -0.544775
v 0.006228 -0.042547 0.078327
vn -0.441029 0.226441 -0.868457
v 0.005598 -0.043567 0.078330
vn -0.284010 0.741781 -0.607535
v 0.005228 -0.042681 0.078687
vn -0.278973 0.722343 -0.632768
v 0.005189 -0.042686 0.078698
vn -0.305943 0.158510 -0.938762
v 0.004899 -0.043198 0.078698
vn -0.228491 0.685470 -0.691319
v 0.004849 -0.042726 0.078789
vn -0.189469 -0.012854 -0.981803
v 0.004155 -0.042805 0.078924
vn -0.160645 0.571126 -0.804990
v 0.004124 -0.042802 0.078929
vn -0.019314 0.019002 -0.999633
v 0.003145 -0.042885 0.079000
vn -0.092106 0.354757 -0.930411
v 0.003735 -0.042838 0.078974
vn -0.038254 0.001510 -0.999267
v 0.002000 -0.048000 0.079000
vn -0.120750 0.004584 -0.992672
v 0.002782 -0.048000 0.078938
vn -0.166993 0.025017 -0.985641
v 0.003014 -0.046206 0.078924
vn -0.202659 0.008179 -0.979215
v 0.002868 -0.048000 0.078924
vn -0.282953 0.010878 -0.959072
v 0.003545 -0.048000 0.078755
vn -0.333877 0.050858 -0.941244
v 0.003845 -0.046342 0.078698
vn -0.361518 0.014626 -0.932250
v 0.003710 -0.048000 0.078698
vn -0.437402 0.016851 -0.899108
v 0.004270 -0.048000 0.078455
vn -0.491774 0.076816 -0.867328
v 0.004624 -0.046469 0.078330
vn -0.510432 0.020669 -0.859670
v 0.004500 -0.048000 0.078330
vn -0.320488 0.107517 -0.941131
v 0.004244 -0.044727 0.078698
vn -0.470829 0.157953 -0.867970
v 0.004993 -0.044978 0.078330
vn -0.606899 0.203602 -0.768258
v 0.005670 -0.045206 0.077830
vn -0.631647 0.102012 -0.768515
v 0.005329 -0.046584 0.077830
vn -0.760001 0.026162 -0.649395
v 0.005830 -0.048000 0.077214
vn -0.709360 0.021097 -0.704531
v 0.005536 -0.048000 0.077536
vn -0.642006 0.020637 -0.766422
v 0.005214 -0.048000 0.077830
vn -0.583673 0.015063 -0.811849
v 0.004939 -0.048000 0.078045
vn -0.611756 0.457901 -0.645044
v 0.007483 -0.043073 0.077214
vn -0.675864 0.356619 -0.645004
v 0.006774 -0.044187 0.077214
vn -0.724496 0.243054 -0.645004
v 0.006254 -0.045402 0.077214
vn -0.754117 0.121894 -0.645329
v 0.005937 -0.046684 0.077214
vn -0.398121 0.825929 -0.399174
v 0.007623 -0.042319 0.077610
vn -0.764940 0.403620 -0.501954
v 0.007217 -0.044421 0.076500
vn -0.819982 0.275087 -0.501954
v 0.006728 -0.045561 0.076500
vn -0.853589 0.138148 -0.502296
v 0.006430 -0.046764 0.076500
vn -0.930364 0.034792 -0.364982
v 0.006698 -0.048000 0.075710
vn -0.899408 0.031380 -0.435982
v 0.006455 -0.048000 0.076270
vn -0.857027 0.030921 -0.514343
v 0.006330 -0.048000 0.076500
vn -0.815553 0.026571 -0.578072
v 0.006045 -0.048000 0.076939
vn -0.749150 0.566395 -0.343471
v 0.008176 -0.043597 0.075710
vn -0.830626 0.438279 -0.343470
v 0.007542 -0.044593 0.075710
vn -0.890394 0.298709 -0.343471
v 0.007078 -0.045678 0.075710
vn -0.926950 0.150319 -0.343756
v 0.006794 -0.046823 0.075710
vn -0.679497 0.712644 -0.174420
v 0.009117 -0.042879 0.074868
vn -0.785450 0.593840 -0.174419
v 0.008356 -0.043733 0.074868
vn -0.870875 0.459516 -0.174420
v 0.007742 -0.044698 0.074868
vn -0.933539 0.313183 -0.174420
v 0.007291 -0.045749 0.074868
vn -0.971874 0.158060 -0.174579
v 0.007017 -0.046860 0.074868
vn -0.998412 0.039481 -0.040176
v 0.007000 -0.048000 0.074000
vn -0.991923 0.038471 -0.120863
v 0.006938 -0.048000 0.074782
vn -0.977943 0.037672 -0.205447
v 0.006924 -0.048000 0.074868
vn -0.958708 0.035395 -0.282180
v 0.006755 -0.048000 0.075545
vn -0.563897 0.824686 -0.043747
v 0.010049 -0.042222 0.074000
vn -0.689414 0.723046 -0.043742
v 0.009169 -0.042934 0.074000
vn -0.796913 0.602509 -0.043736
v 0.008416 -0.043778 0.074000
vn -0.883585 0.466225 -0.043731
v 0.007809 -0.044733 0.074000
vn -0.947164 0.317756 -0.043725
v 0.007364 -0.045774 0.074000
vn -0.985988 0.160982 -0.043720
v 0.007091 -0.046872 0.074000
vn -0.040838 -0.006668 -0.999144
v 0.002157 0.046066 0.079000
vn -0.042500 -0.001678 -0.999095
v 0.002000 0.048000 0.079000
vn -0.171465 -0.006867 -0.985166
v 0.002868 0.048000 0.078924
vn -0.039670 -0.012833 -0.999130
v 0.002623 0.044183 0.079000
vn -0.167077 -0.027278 -0.985566
v 0.003014 0.046206 0.078924
vn -0.380353 -0.912483 -0.150685
v 0.010517 0.041694 0.075414
vn -0.432978 -0.887038 -0.160295
v 0.010999 0.041592 0.074868
vn -0.344683 -0.933696 -0.096978
v 0.011122 0.041537 0.074863
vn -0.421851 -0.876955 -0.230200
v 0.009790 0.041871 0.076042
vn -0.548097 -0.770446 -0.325579
v 0.009879 0.041973 0.075710
vn -0.394803 -0.896351 -0.201706
v 0.010191 0.041775 0.075701
vn -0.381529 -0.780605 -0.495067
v 0.006674 0.042479 0.078125
vn -0.527671 -0.383072 -0.758168
v 0.006992 0.042701 0.077830
vn -0.387558 -0.803625 -0.451648
v 0.007252 0.042384 0.077824
vn -0.027095 -0.022491 -0.999380
v 0.003145 0.042885 0.079000
vn -0.160341 -0.053415 -0.985615
v 0.003446 0.044459 0.078924
vn -0.289985 -0.721065 -0.629264
v 0.005200 0.042684 0.078695
vn -0.232382 -0.689045 -0.686452
v 0.004849 0.042726 0.078789
vn -0.303518 -0.160223 -0.939258
v 0.004899 0.043198 0.078698
vn -0.187413 -0.673678 -0.714867
v 0.004268 0.042788 0.078907
vn -0.134472 -0.063230 -0.988898
v 0.004155 0.042805 0.078924
vn -0.142410 -0.502667 -0.852669
v 0.004161 0.042798 0.078924
vn -0.332019 -0.750621 -0.571254
v 0.006184 0.042553 0.078346
vn -0.436938 -0.230912 -0.869347
v 0.005598 0.043567 0.078330
vn -0.354538 -0.758273 -0.547105
v 0.006222 0.042547 0.078329
vn -0.401464 -0.821190 -0.405553
v 0.007525 0.042337 0.077669
vn -0.608499 -0.459664 -0.646868
v 0.007483 0.043073 0.077214
vn -0.415884 -0.825783 -0.380949
v 0.008257 0.042200 0.077205
vn -0.426927 -0.845058 -0.321887
v 0.008425 0.042167 0.077090
vn -0.601782 -0.623831 -0.498691
v 0.008707 0.042449 0.076500
vn -0.417026 -0.856303 -0.304688
v 0.008783 0.042093 0.076834
vn -0.428269 -0.851474 -0.302617
v 0.009238 0.041996 0.076488
vn -0.319903 -0.946153 -0.049568
v 0.012029 0.041283 0.074010
vn -0.425379 -0.903960 -0.043695
v 0.011032 0.041661 0.074000
vn -0.321019 -0.946994 -0.012215
v 0.012040 0.041280 0.074000
vn -0.556507 -0.812134 -0.175324
v 0.010006 0.042159 0.074868
vn -0.563901 -0.824686 -0.043685
v 0.010049 0.042222 0.074000
vn -0.646386 -0.682410 -0.341324
v 0.008961 0.042716 0.075710
vn -0.679497 -0.712644 -0.174420
v 0.009117 0.042879 0.074868
vn -0.689417 -0.723046 -0.043690
v 0.009169 0.042934 0.074000
vn -0.689489 -0.523185 -0.500882
v 0.007882 0.043374 0.076500
vn -0.749150 -0.566395 -0.343471
v 0.008176 0.043597 0.075710
vn -0.785450 -0.593840 -0.174419
v 0.008356 0.043733 0.074868
vn -0.796917 -0.602507 -0.043695
v 0.008416 0.043778 0.074000
vn -0.566212 -0.301817 -0.767014
v 0.006229 0.043900 0.077830
vn -0.675864 -0.356619 -0.645004
v 0.006774 0.044187 0.077214
vn -0.764940 -0.403620 -0.501953
v 0.007217 0.044421 0.076500
vn -0.830626 -0.438279 -0.343470
v 0.007542 0.044593 0.075710
vn -0.870875 -0.459516 -0.174420
v 0.007742 0.044698 0.074868
vn -0.883588 -0.466222 -0.043700
v 0.007809 0.044733 0.074000
vn -0.320488 -0.107517 -0.941131
v 0.004244 0.044727 0.078698
vn -0.470829 -0.157953 -0.867970
v 0.004993 0.044978 0.078330
vn -0.606899 -0.203602 -0.768258
v 0.005670 0.045206 0.077830
vn -0.724496 -0.243054 -0.645004
v 0.006254 0.045402 0.077214
vn -0.819981 -0.275087 -0.501954
v 0.006728 0.045561 0.076500
vn -0.890394 -0.298709 -0.343471
v 0.007078 0.045678 0.075710
vn -0.933539 -0.313183 -0.174420
v 0.007291 0.045749 0.074868
vn -0.947166 -0.317753 -0.043705
v 0.007364 0.045774 0.074000
vn -0.333625 -0.054470 -0.941131
v 0.003845 0.046342 0.078698
vn -0.490128 -0.080022 -0.867970
v 0.004624 0.046469 0.078330
vn -0.631775 -0.103149 -0.768258
v 0.005329 0.046584 0.077830
vn -0.754193 -0.123136 -0.645004
v 0.005937 0.046684 0.077214
vn -0.853593 -0.139365 -0.501953
v 0.006430 0.046764 0.076500
vn -0.926891 -0.151332 -0.343471
v 0.006794 0.046823 0.075710
vn -0.971804 -0.158665 -0.174420
v 0.007017 0.046860 0.074868
vn -0.985990 -0.160979 -0.043710
v 0.007091 0.046872 0.074000
vn -0.339998 -0.013714 -0.940326
v 0.003710 0.048000 0.078698
vn -0.498207 -0.020148 -0.866824
v 0.004500 0.048000 0.078330
vn -0.641248 -0.025968 -0.766894
v 0.005214 0.048000 0.077830
vn -0.764745 -0.030995 -0.643587
v 0.005830 0.048000 0.077214
vn -0.864927 -0.035074 -0.500670
v 0.006330 0.048000 0.076500
vn -0.938747 -0.038080 -0.342498
v 0.006698 0.048000 0.075710
vn -0.983955 -0.039920 -0.173895
v 0.006924 0.048000 0.074868
vn -0.998228 -0.040454 -0.043630
v 0.007000 0.048000 0.074000
vn 0.715355 -0.028786 0.698168
v 0.010000 -0.048000 0.025000
vn 0.921729 -0.037605 0.386007
v 0.010000 -0.048000 0.081700
vn 0.920003 -0.017441 0.391523
v 0.010000 -0.049500 0.081700
vn 0.578887 -0.574265 0.578887
v 0.010000 -0.057200 0.025000
vn 0.920002 -0.391526 0.017441
v 0.010000 -0.057200 0.074000
vn 0.916283 -0.394446 0.069551
v 0.010000 -0.057083 0.075337
vn 0.916281 -0.376380 0.136992
v 0.010000 -0.056736 0.076634
vn 0.916282 -0.346873 0.200267
v 0.010000 -0.056168 0.077850
vn 0.916280 -0.069552 0.394453
v 0.010000 -0.050837 0.081583
vn 0.916282 -0.136991 0.376378
v 0.010000 -0.052134 0.081236
vn 0.916282 -0.200267 0.346872
v 0.010000 -0.053350 0.080668
vn 0.916282 -0.257459 0.306827
v 0.010000 -0.054449 0.079899
vn 0.916282 -0.306827 0.257458
v 0.010000 -0.055399 0.078949
vn 0.714969 -0.116022 0.689462
v 0.010052 -0.047359 0.025000
vn 0.908858 -0.148387 0.389818
v 0.010052 -0.047355 0.081700
vn 0.687151 -0.229049 0.689463
v 0.010205 -0.046735 0.025000
vn 0.873073 -0.292897 0.389815
v 0.010208 -0.046728 0.081700
vn 0.641587 -0.336160 0.689465
v 0.010457 -0.046144 0.025000
vn 0.814468 -0.429753 0.389813
v 0.010462 -0.046133 0.081700
vn 0.579454 -0.434589 0.689467
v 0.010800 -0.045600 0.025000
vn 0.734577 -0.555377 0.389812
v 0.010809 -0.045588 0.081700
vn 0.502357 -0.521794 0.689469
v 0.011226 -0.045118 0.025000
vn 0.636713 -0.664164 0.391769
v 0.011240 -0.045105 0.081700
vn 0.412287 -0.595523 0.689472
v 0.011723 -0.044711 0.025000
vn 0.516379 -0.760837 0.393040
v 0.011742 -0.044698 0.081700
vn 0.311570 -0.653874 0.689473
v 0.012279 -0.044389 0.025000
vn 0.392165 -0.833296 0.389645
v 0.012304 -0.044377 0.081700
vn 0.228202 -0.678481 0.698275
v 0.012880 -0.044160 0.025000
vn 0.298294 -0.954381 0.013324
v 0.012880 -0.044160 0.081700
vn 0.220274 -0.663294 0.715207
v 0.012960 -0.044137 0.025000
vn 0.093138 -0.687593 0.720098
v 0.006546 -0.045532 0.082000
vn 0.337563 -0.846321 0.412059
v 0.011420 -0.044560 0.082000
vn 0.206411 -0.977480 0.043901
v 0.009260 -0.045058 0.100800
vn 0.264803 -0.963017 0.049778
v 0.012960 -0.044137 0.100800
vn 0.355469 -0.845913 0.397583
v 0.011614 -0.044510 0.081928
vn 0.313548 -0.860485 0.401564
v 0.012282 -0.044330 0.081752
vn 0.147348 -0.987594 0.054282
v 0.006546 -0.045532 0.100800
vn 0.086184 -0.995338 0.043290
v 0.004654 -0.045764 0.100800
vn 0.000000 -0.999991 -0.004353
v 0.000000 -0.046000 0.082000
vn 0.000000 -1.000000 0.000000
v 0.000000 -0.046000 0.100800
vn -0.086184 -0.995338 0.043290
v -0.004654 -0.045764 0.100800
vn -0.098308 -0.685156 0.721731
v -0.006546 -0.045532 0.082000
vn -0.264495 -0.963127 0.049289
v -0.012960 -0.044137 0.100800
vn -0.195471 -0.663652 0.722051
v -0.012960 -0.044137 0.082000
vn -0.202744 -0.978132 0.046399
v -0.009260 -0.045058 0.100800
vn -0.153397 -0.985918 0.066599
v -0.006546 -0.045532 0.100800
vn -0.319174 -0.946726 0.042880
v -0.013771 -0.043890 0.100800
vn -0.375561 -0.925807 0.042840
v -0.018140 -0.042272 0.100800
vn -0.286869 -0.629604 0.722015
v -0.019109 -0.041843 0.082000
vn -0.533196 -0.844287 0.053682
v -0.024869 -0.038698 0.100800
vn -0.374857 -0.581184 0.722293
v -0.024869 -0.038698 0.082000
vn -0.479815 -0.876216 0.044988
v -0.022324 -0.040220 0.100800
vn -0.431495 -0.900443 0.054897
v -0.019109 -0.041843 0.100800
vn -0.584703 -0.810163 0.041927
v -0.026278 -0.037755 0.100800
vn -0.631539 -0.774190 0.042301
v -0.029963 -0.034903 0.100800
vn -0.451935 -0.523098 0.722581
v -0.030124 -0.034764 0.082000
vn -0.671815 -0.739355 0.044939
v -0.030124 -0.034764 0.100800
vn -0.715337 -0.697438 0.043274
v -0.033340 -0.031692 0.100800
vn -0.523065 -0.453371 0.721705
v -0.034764 -0.030124 0.082000
vn -0.829478 -0.556485 0.047856
v -0.038698 -0.024869 0.100800
vn -0.582275 -0.373685 0.722022
v -0.038698 -0.024869 0.082000
vn -0.792077 -0.608627 0.046759
v -0.036376 -0.028157 0.100800
vn -0.760185 -0.645961 0.069670
v -0.034764 -0.030124 0.100800
vn -0.859365 -0.509545 0.043078
v -0.039038 -0.024332 0.100800
vn -0.888579 -0.456707 0.042959
v -0.041299 -0.020258 0.100800
vn -0.629238 -0.287914 0.721918
v -0.041843 -0.019109 0.082000
vn -0.955154 -0.291352 0.052859
v -0.044137 -0.012960 0.100800
vn -0.663933 -0.193904 0.722214
v -0.044137 -0.012960 0.082000
vn -0.935442 -0.350560 0.045337
v -0.043137 -0.015976 0.100800
vn -0.914979 -0.399355 0.057695
v -0.041843 -0.019109 0.100800
vn -0.971589 -0.232885 0.042191
v -0.044532 -0.011530 0.100800
vn -0.983691 -0.174788 0.042442
v -0.045470 -0.006966 0.100800
vn -0.684295 -0.099301 0.722412
v -0.045532 -0.006546 0.082000
vn -0.991609 -0.120664 0.046385
v -0.045532 -0.006546 0.100800
vn -0.997204 -0.060941 0.043260
v -0.045941 -0.002330 0.100800
vn -0.999986 0.000000 -0.005273
v -0.046000 -0.000000 0.082000
vn -0.991609 0.120664 0.046385
v -0.045532 0.006546 0.100800
vn -0.684804 0.098756 0.722005
v -0.045532 0.006546 0.082000
vn -0.997319 0.055982 0.047121
v -0.045941 0.002330 0.100800
vn -0.997319 0.007687 0.072771
v -0.046000 -0.000000 0.100800
vn -0.983765 0.174170 0.043259
v -0.045470 0.006966 0.100800
vn -0.971405 0.233488 0.043076
v -0.044532 0.011530 0.100800
vn -0.664142 0.194592 0.721838
v -0.044137 0.012960 0.082000
vn -0.913702 0.403065 0.051832
v -0.041843 0.019109 0.100800
vn -0.628870 0.288144 0.722146
v -0.041843 0.019109 0.082000
vn -0.937467 0.345063 0.045688
v -0.043137 0.015976 0.100800
vn -0.953356 0.295703 0.060595
v -0.044137 0.012960 0.100800
vn -0.888427 0.457052 0.042437
v -0.041299 0.020258 0.100800
vn -0.859574 0.509234 0.042580
v -0.039038 0.024332 0.100800
vn -0.582261 0.373241 0.722262
v -0.038698 0.024869 0.082000
vn -0.829478 0.556485 0.047855
v -0.038698 0.024869 0.100800
vn -0.794940 0.605145 0.043250
v -0.036376 0.028157 0.100800
vn -0.523065 0.453371 0.721705
v -0.034764 0.030124 0.082000
vn -0.671815 0.739355 0.044939
v -0.030124 0.034764 0.100800
vn -0.452982 0.522993 0.722001
v -0.030124 0.034764 0.082000
vn -0.715337 0.697438 0.043274
v -0.033340 0.031692 0.100800
vn -0.756359 0.651870 0.054646
v -0.034764 0.030124 0.100800
vn -0.632179 0.773605 0.043425
v -0.029963 0.034903 0.100800
vn -0.583956 0.810636 0.043186
v -0.026278 0.037755 0.100800
vn -0.374445 0.582092 0.721776
v -0.024869 0.038698 0.082000
vn -0.428753 0.902002 0.050631
v -0.019109 0.041843 0.100800
vn -0.286725 0.629581 0.722092
v -0.019109 0.041843 0.082000
vn -0.484921 0.873345 0.046042
v -0.022324 0.040220 0.100800
vn -0.528258 0.846701 0.063569
v -0.024869 0.038698 0.100800
vn -0.375447 0.925861 0.042668
v -0.018140 0.042272 0.100800
vn -0.319294 0.946693 0.042711
v -0.013771 0.043890 0.100800
vn -0.195565 0.663538 0.722130
v -0.012960 0.044137 0.082000
vn -0.264495 0.963127 0.049289
v -0.012960 0.044137 0.100800
vn -0.206742 0.977439 0.043242
v -0.009260 0.045058 0.100800
vn -0.098308 0.685156 0.721731
v -0.006546 0.045532 0.082000
vn -0.147348 0.987594 0.054282
v -0.006546 0.045532 0.100800
vn -0.086184 0.995338 0.043290
v -0.004654 0.045764 0.100800
vn 0.000000 0.999991 -0.004353
v -0.000000 0.046000 0.082000
vn 0.293074 0.939722 0.176153
v 0.012248 0.044339 0.081814
vn 0.357643 0.834834 0.418502
v 0.011614 0.044510 0.081928
vn 0.344272 0.839801 0.419775
v 0.011420 0.044560 0.082000
vn 0.294483 0.955491 0.017810
v 0.012880 0.044160 0.081700
vn 0.155472 0.985759 0.064095
v 0.006546 0.045532 0.100800
vn 0.200620 0.978729 0.042912
v 0.009260 0.045058 0.100800
vn 0.264521 0.963117 0.049333
v 0.012960 0.044137 0.100800
vn 0.220252 0.663327 0.715183
v 0.012960 0.044137 0.025000
vn 0.228212 0.678484 0.698269
v 0.012880 0.044160 0.025000
vn 0.000000 1.000000 -0.000000
v 0.000000 0.046000 0.100800
vn 0.086184 0.995338 0.043290
v 0.004654 0.045764 0.100800
vn 0.093827 0.686914 0.720656
v 0.006546 0.045532 0.082000
vn 0.314670 0.859780 0.402195
v 0.012282 0.044330 0.081752
vn 0.318891 -0.946799 0.043358
v 0.013771 -0.043890 0.100800
vn 0.286758 -0.628355 0.723146
v 0.019109 -0.041843 0.025000
vn 0.375825 -0.925676 0.043355
v 0.018140 -0.042272 0.100800
vn 0.373639 -0.580773 0.723254
v 0.024869 -0.038698 0.025000
vn 0.484917 -0.873331 0.046360
v 0.022324 -0.040220 0.100800
vn 0.428753 -0.902002 0.050631
v 0.019109 -0.041843 0.100800
vn 0.632847 -0.773157 0.041636
v 0.029963 -0.034903 0.100800
vn 0.584069 -0.810555 0.043180
v 0.026278 -0.037755 0.100800
vn 0.528258 -0.846701 0.063569
v 0.024869 -0.038698 0.100800
vn 0.671153 -0.740040 0.043527
v 0.030124 -0.034764 0.100800
vn 0.451981 -0.522067 0.723297
v 0.030124 -0.034764 0.025000
vn 0.715337 -0.697421 0.043555
v 0.033340 -0.031692 0.100800
vn 0.522057 -0.452398 0.723044
v 0.034764 -0.030124 0.025000
vn 0.756359 -0.651870 0.054646
v 0.034764 -0.030124 0.100800
vn 0.794924 -0.605143 0.043555
v 0.036376 -0.028157 0.100800
vn 0.581126 -0.373225 0.723184
v 0.038698 -0.024869 0.025000
vn 0.829478 -0.556485 0.047855
v 0.038698 -0.024869 0.100800
vn 0.859286 -0.509658 0.043311
v 0.039038 -0.024332 0.100800
vn 0.628167 -0.287117 0.723167
v 0.041843 -0.019109 0.025000
vn 0.888632 -0.456572 0.043300
v 0.041299 -0.020258 0.100800
vn 0.662814 -0.194514 0.723078
v 0.044137 -0.012960 0.025000
vn 0.937453 -0.345057 0.046009
v 0.043137 -0.015976 0.100800
vn 0.913702 -0.403065 0.051832
v 0.041843 -0.019109 0.100800
vn 0.991609 -0.120664 0.046385
v 0.045532 -0.006546 0.100800
vn 0.983781 -0.174021 0.043497
v 0.045470 -0.006966 0.100800
vn 0.683697 -0.098375 0.723105
v 0.045532 -0.006546 0.025000
vn 0.971351 -0.233639 0.043484
v 0.044532 -0.011530 0.100800
vn 0.953356 -0.295703 0.060595
v 0.044137 -0.012960 0.100800
vn 0.997306 -0.055972 0.047415
v 0.045941 -0.002330 0.100800
vn 0.999999 0.000000 -0.001392
v 0.046000 -0.000000 0.025000
vn 0.997319 -0.007687 0.072771
v 0.046000 -0.000000 0.100800
vn 0.997191 0.060930 0.043554
v 0.045941 0.002330 0.100800
vn 0.683554 0.098511 0.723222
v 0.045532 0.006546 0.025000
vn 0.991609 0.120664 0.046385
v 0.045532 0.006546 0.100800
vn 0.983763 0.174179 0.043260
v 0.045470 0.006966 0.100800
vn 0.662742 0.194331 0.723193
v 0.044137 0.012960 0.025000
vn 0.971398 0.233487 0.043242
v 0.044532 0.011530 0.100800
vn 0.628272 0.287062 0.723097
v 0.041843 0.019109 0.025000
vn 0.935429 0.350553 0.045658
v 0.043137 0.015976 0.100800
vn 0.955154 0.291352 0.052859
v 0.044137 0.012960 0.100800
vn 0.829478 0.556485 0.047856
v 0.038698 0.024869 0.100800
vn 0.859232 0.509737 0.043454
v 0.039038 0.024332 0.100800
vn 0.581138 0.373343 0.723114
v 0.038698 0.024869 0.025000
vn 0.888670 0.456484 0.043444
v 0.041299 0.020258 0.100800
vn 0.914979 0.399355 0.057695
v 0.041843 0.019109 0.100800
vn 0.792061 0.608625 0.047064
v 0.036376 0.028157 0.100800
vn 0.522057 0.452398 0.723044
v 0.034764 0.030124 0.025000
vn 0.760185 0.645961 0.069670
v 0.034764 0.030124 0.100800
vn 0.715337 0.697421 0.043555
v 0.033340 0.031692 0.100800
vn 0.452034 0.522063 0.723267
v 0.030124 0.034764 0.025000
vn 0.671815 0.739355 0.044939
v 0.030124 0.034764 0.100800
vn 0.632069 0.773707 0.043207
v 0.029963 0.034903 0.100800
vn 0.373622 0.580824 0.723223
v 0.024869 0.038698 0.025000
vn 0.584069 0.810555 0.043180
v 0.026278 0.037755 0.100800
vn 0.286797 0.628364 0.723123
v 0.019109 0.041843 0.025000
vn 0.479811 0.876201 0.045307
v 0.022324 0.040220 0.100800
vn 0.533196 0.844287 0.053682
v 0.024869 0.038698 0.100800
vn 0.318860 0.946807 0.043405
v 0.013771 0.043890 0.100800
vn 0.375853 0.925662 0.043404
v 0.018140 0.042272 0.100800
vn 0.431495 0.900443 0.054897
v 0.019109 0.041843 0.100800
vn 0.311586 0.653888 0.689453
v 0.012279 0.044389 0.025000
vn 0.392164 0.833285 0.389671
v 0.012304 0.044377 0.081700
vn 0.412298 0.595543 0.689448
v 0.011723 0.044711 0.025000
vn 0.516370 0.760827 0.393071
v 0.011742 0.044698 0.081700
vn 0.502368 0.521809 0.689450
v 0.011226 0.045118 0.025000
vn 0.636704 0.664158 0.391794
v 0.011240 0.045105 0.081700
vn 0.579465 0.434600 0.689452
v 0.010800 0.045600 0.025000
vn 0.734570 0.555373 0.389831
v 0.010809 0.045588 0.081700
vn 0.641596 0.336168 0.689453
v 0.010457 0.046144 0.025000
vn 0.814462 0.429751 0.389828
v 0.010462 0.046133 0.081700
vn 0.687158 0.229054 0.689455
v 0.010205 0.046735 0.025000
vn 0.873068 0.292897 0.389826
v 0.010208 0.046728 0.081700
vn 0.714973 0.116025 0.689458
v 0.010052 0.047359 0.025000
vn 0.908856 0.148388 0.389824
v 0.010052 0.047355 0.081700
vn 0.715356 0.028788 0.698167
v 0.010000 0.048000 0.025000
vn 0.921729 0.037606 0.386008
v 0.010000 0.048000 0.081700
vn 0.920003 0.017439 0.391523
v 0.010000 0.049500 0.081700
vn 0.578887 0.574265 0.578887
v 0.010000 0.057200 0.025000
vn 0.920002 0.391526 0.017440
v 0.010000 0.057200 0.074000
vn 0.916283 0.394447 0.069552
v 0.010000 0.057083 0.075337
vn 0.916282 0.306827 0.257458
v 0.010000 0.055399 0.078949
vn 0.916282 0.257459 0.306827
v 0.010000 0.054449 0.079899
vn 0.916282 0.200267 0.346873
v 0.010000 0.053350 0.080668
vn 0.916282 0.136990 0.376379
v 0.010000 0.052134 0.081236
vn 0.916280 0.069553 0.394452
v 0.010000 0.050837 0.081583
vn 0.916281 0.376380 0.136991
v 0.010000 0.056736 0.076634
vn 0.916282 0.346873 0.200267
v 0.010000 0.056168 0.077850
vn -0.035624 0.998416 0.043549
v -0.130000 0.057500 0.074000
vn -0.039945 0.924572 -0.378908
v -0.130000 0.057500 0.000300
vn -0.114704 0.992445 0.043546
v -0.132846 0.057296 0.074000
vn -0.160866 0.912659 -0.375733
v -0.133473 0.057196 0.000300
vn -0.316935 0.870807 -0.375828
v -0.136840 0.056294 0.000300
vn -0.270052 0.961860 0.043556
v -0.135635 0.056690 0.074000
vn -0.194072 0.979751 0.049234
v -0.133473 0.057196 0.074000
vn -0.463383 0.802531 -0.375793
v -0.140000 0.054821 0.000300
vn -0.422343 0.905214 0.047051
v -0.138308 0.055693 0.074000
vn -0.345604 0.936910 0.052514
v -0.136840 0.056294 0.074000
vn -0.595844 0.709875 -0.375563
v -0.142856 0.052821 0.000300
vn -0.556671 0.829591 0.043550
v -0.140813 0.054325 0.074000
vn -0.482942 0.873591 0.060051
v -0.140000 0.054821 0.074000
vn -0.734314 0.677477 0.042505
v -0.145115 0.050597 0.074000
vn -0.677875 0.733891 0.043467
v -0.143097 0.052615 0.074000
vn -0.619912 0.783294 0.046473
v -0.142856 0.052821 0.074000
vn -0.782944 0.620421 0.045565
v -0.145321 0.050356 0.074000
vn -0.709875 0.595844 -0.375563
v -0.145321 0.050356 0.000300
vn -0.829592 0.556668 0.043555
v -0.146825 0.048313 0.074000
vn -0.802532 0.463382 -0.375792
v -0.147321 0.047500 0.000300
vn -0.871230 0.488181 0.051364
v -0.147321 0.047500 0.074000
vn -0.909244 0.413461 0.048218
v -0.148193 0.045808 0.074000
vn -0.870810 0.316936 -0.375822
v -0.148794 0.044340 0.000300
vn -0.933349 0.352678 0.066911
v -0.148794 0.044340 0.074000
vn -0.961859 0.270055 0.043557
v -0.149190 0.043135 0.074000
vn -0.912658 0.160867 -0.375735
v -0.149696 0.040973 0.000300
vn -0.979752 0.194070 0.049234
v -0.149696 0.040973 0.074000
vn -0.992445 0.114702 0.043544
v -0.149796 0.040346 0.074000
vn -0.924571 0.039945 -0.378911
v -0.150000 0.037500 0.000300
vn -0.998416 0.035624 0.043552
v -0.150000 0.037500 0.074000
vn -0.924571 -0.039945 -0.378911
v -0.150000 -0.037500 0.000300
vn -0.998416 -0.035625 0.043553
v -0.150000 -0.037500 0.074000
vn -0.992445 -0.114702 0.043545
v -0.149796 -0.040346 0.074000
vn -0.912658 -0.160866 -0.375735
v -0.149696 -0.040973 0.000300
vn -0.870809 -0.316936 -0.375822
v -0.148794 -0.044340 0.000300
vn -0.961859 -0.270055 0.043557
v -0.149190 -0.043135 0.074000
vn -0.979752 -0.194070 0.049234
v -0.149696 -0.040973 0.074000
vn -0.802531 -0.463383 -0.375792
v -0.147321 -0.047500 0.000300
vn -0.905215 -0.422341 0.047051
v -0.148193 -0.045808 0.074000
vn -0.936910 -0.345604 0.052513
v -0.148794 -0.044340 0.074000
vn -0.709874 -0.595843 -0.375566
v -0.145321 -0.050356 0.000300
vn -0.829592 -0.556668 0.043555
v -0.146825 -0.048313 0.074000
vn -0.873591 -0.482941 0.060054
v -0.147321 -0.047500 0.074000
vn -0.677464 -0.734327 0.042506
v -0.143097 -0.052615 0.074000
vn -0.733879 -0.677888 0.043464
v -0.145115 -0.050597 0.074000
vn -0.783282 -0.619927 0.046473
v -0.145321 -0.050356 0.074000
vn -0.620407 -0.782956 0.045564
v -0.142856 -0.052821 0.074000
vn -0.595845 -0.709876 -0.375559
v -0.142856 -0.052821 0.000300
vn -0.556671 -0.829591 0.043550
v -0.140813 -0.054325 0.074000
vn -0.463383 -0.802531 -0.375793
v -0.140000 -0.054821 0.000300
vn -0.488182 -0.871229 0.051363
v -0.140000 -0.054821 0.074000
vn -0.413463 -0.909243 0.048219
v -0.138308 -0.055693 0.074000
vn -0.316935 -0.870807 -0.375828
v -0.136840 -0.056294 0.000300
vn -0.352679 -0.933349 0.066915
v -0.136840 -0.056294 0.074000
vn -0.270052 -0.961860 0.043556
v -0.135635 -0.056690 0.074000
vn -0.160866 -0.912659 -0.375733
v -0.133473 -0.057196 0.000300
vn -0.194072 -0.979751 0.049234
v -0.133473 -0.057196 0.074000
vn -0.114704 -0.992445 0.043546
v -0.132846 -0.057296 0.074000
vn -0.039945 -0.924572 -0.378908
v -0.130000 -0.057500 0.000300
vn -0.035624 -0.998416 0.043549
v -0.130000 -0.057500 0.074000
vn 0.031880 -0.924603 -0.379596
v 0.016576 -0.057500 0.000300
vn 0.031880 -0.924603 0.379597
v 0.016576 -0.057500 0.024700
vn 0.110051 -0.987815 0.110051
v 0.009700 -0.057500 0.024700
vn 0.378770 -0.924624 0.040054
v 0.009700 -0.057500 0.074000
vn 0.031880 0.924603 0.379597
v 0.016576 0.057500 0.024700
vn 0.031880 0.924603 -0.379597
v 0.016576 0.057500 0.000300
vn 0.110051 0.987815 0.110051
v 0.009700 0.057500 0.024700
vn 0.378770 0.924624 0.040054
v 0.009700 0.057500 0.074000
vn 0.291642 0.220496 0.930767
v 0.010570 0.045407 0.082000
vn 0.256726 0.263602 0.929842
v 0.011033 0.044888 0.082000
vn 0.323362 -0.170621 0.930766
v 0.010197 -0.045993 0.082000
vn 0.346629 -0.116287 0.930766
v 0.009923 -0.046632 0.082000
vn 0.360837 -0.058913 0.930766
v 0.009756 -0.047307 0.082000
vn 0.291642 -0.220496 0.930767
v 0.010570 -0.045407 0.082000
vn 0.256726 -0.263602 0.929842
v 0.011033 -0.044888 0.082000
vn 0.374096 -0.014875 0.927271
v 0.009700 -0.048000 0.082000
vn 0.000000 0.000000 1.000000
v 0.000000 -0.046000 0.082000
vn 0.378773 -0.040055 0.924623
v 0.009700 -0.049500 0.082000
vn -0.001631 -0.044610 0.999003
v -0.130000 -0.049500 0.082000
vn -0.043752 -0.012847 0.998960
v -0.141514 -0.040881 0.082000
vn -0.045135 -0.006490 0.998960
v -0.141878 -0.039208 0.082000
vn -0.044610 -0.001631 0.999003
v -0.142000 -0.037500 0.082000
vn -0.044610 0.001631 0.999003
v -0.142000 0.037500 0.082000
vn -0.001631 0.044610 0.999003
v -0.130000 0.049500 0.082000
vn 0.000000 0.000000 1.000000
v -0.046000 -0.000000 0.082000
vn -0.045135 0.006489 0.998960
v -0.141878 0.039208 0.082000
vn -0.034462 0.029861 0.998960
v -0.139069 0.045358 0.082000
vn -0.038361 0.024653 0.998960
v -0.140095 0.043988 0.082000
vn 0.378772 0.040054 0.924623
v 0.009700 0.049500 0.082000
vn 0.374096 0.014875 0.927271
v 0.009700 0.048000 0.082000
vn 0.360837 0.058913 0.930766
v 0.009756 0.047307 0.082000
vn 0.000000 0.000000 1.000000
v 0.000000 0.046000 0.082000
vn 0.346629 0.116287 0.930766
v 0.009923 0.046632 0.082000
vn 0.323362 0.170621 0.930766
v 0.010197 0.045993 0.082000
vn -0.041479 -0.018943 0.998960
v -0.140916 -0.042485 0.082000
vn -0.038361 -0.024653 0.998960
v -0.140095 -0.043988 0.082000
vn -0.034462 -0.029861 0.998960
v -0.139069 -0.045358 0.082000
vn -0.041479 0.018943 0.998960
v -0.140916 0.042485 0.082000
vn -0.043752 0.012847 0.998960
v -0.141514 0.040881 0.082000
vn -0.029861 -0.034462 0.998960
v -0.137858 -0.046569 0.082000
vn -0.024653 -0.038361 0.998960
v -0.136488 -0.047595 0.082000
vn -0.018943 -0.041479 0.998960
v -0.134985 -0.048416 0.082000
vn -0.006489 -0.045135 0.998960
v -0.131708 -0.049378 0.082000
vn -0.012847 -0.043752 0.998960
v -0.133381 -0.049014 0.082000
vn -0.012847 0.043752 0.998960
v -0.133381 0.049014 0.082000
vn -0.018943 0.041479 0.998960
v -0.134985 0.048416 0.082000
vn -0.024653 0.038361 0.998960
v -0.136488 0.047595 0.082000
vn -0.029861 0.034462 0.998960
v -0.137858 0.046569 0.082000
vn -0.006489 0.045135 0.998960
v -0.131708 0.049378 0.082000
vn -0.691620 -0.042080 -0.721035
v 0.058891 0.003583 0.000000
vn 0.394448 0.024000 -0.918605
v 0.060588 0.003686 0.000000
vn -0.691620 0.042080 -0.721035
v 0.058891 -0.003583 0.000000
vn 0.394448 -0.024000 -0.918605
v 0.060588 -0.003686 0.000000
vn -0.681416 0.125621 -0.721035
v 0.058022 -0.010697 0.000000
vn 0.388629 -0.071645 -0.918605
v 0.059694 -0.011005 0.000000
vn -0.661160 0.207308 -0.721035
v 0.056297 -0.017652 0.000000
vn 0.377075 -0.118233 -0.918605
v 0.057920 -0.018161 0.000000
vn -0.631149 0.285936 -0.721035
v 0.053742 -0.024347 0.000000
vn 0.359960 -0.163076 -0.918605
v 0.055291 -0.025049 0.000000
vn -0.591827 0.360346 -0.721035
v 0.050394 -0.030683 0.000000
vn 0.337534 -0.205515 -0.918605
v 0.051846 -0.031567 0.000000
vn -0.543774 0.429440 -0.721035
v 0.046302 -0.036567 0.000000
vn 0.310127 -0.244920 -0.918605
v 0.047636 -0.037620 0.000000
vn -0.487698 0.492198 -0.721035
v 0.041527 -0.041910 0.000000
vn 0.278147 -0.280713 -0.918605
v 0.042724 -0.043118 0.000000
vn -0.424427 0.547695 -0.721035
v 0.036140 -0.046636 0.000000
vn 0.242061 -0.312364 -0.918605
v 0.037181 -0.047980 0.000000
vn -0.354895 0.595112 -0.721035
v 0.030219 -0.050673 0.000000
vn 0.202405 -0.339406 -0.918605
v 0.031090 -0.052134 0.000000
vn -0.276981 0.633988 -0.722039
v 0.023853 -0.053963 0.000000
vn 0.158511 -0.362949 -0.918228
v 0.024540 -0.055518 0.000000
vn -0.189222 0.664380 -0.723045
v 0.021506 -0.054812 0.000000
vn 0.108724 -0.381743 -0.917852
v 0.021972 -0.056447 0.000000
vn -0.095529 0.684164 -0.723045
v 0.019065 -0.055327 0.000000
vn 0.054889 -0.393108 -0.917853
v 0.019300 -0.057011 0.000000
vn -0.024243 0.698709 -0.714996
v 0.016576 -0.055500 0.000000
vn 0.018191 -0.261822 -0.964945
v 0.016576 -0.057200 0.000000
vn 0.030403 0.696350 -0.717058
v -0.130000 -0.055500 0.000000
vn -0.023105 -0.264094 -0.964220
v -0.130000 -0.057200 0.000000
vn 0.119185 0.675934 -0.727260
v -0.133126 -0.055227 0.000000
vn -0.069552 -0.394450 -0.916282
v -0.133421 -0.056901 0.000000
vn 0.234749 0.644969 -0.727260
v -0.136156 -0.054414 0.000000
vn -0.136990 -0.376379 -0.916282
v -0.136738 -0.056012 0.000000
vn 0.343181 0.594407 -0.727260
v -0.139000 -0.053088 0.000000
vn -0.200269 -0.346876 -0.916280
v -0.139850 -0.054561 0.000000
vn 0.441185 0.525783 -0.727261
v -0.141570 -0.051289 0.000000
vn -0.257459 -0.306827 -0.916282
v -0.142663 -0.052591 0.000000
vn 0.525784 0.441185 -0.727260
v -0.143789 -0.049070 0.000000
vn -0.306824 -0.257456 -0.916284
v -0.145091 -0.050163 0.000000
vn 0.594407 0.343181 -0.727260
v -0.145588 -0.046500 0.000000
vn -0.346877 -0.200270 -0.916280
v -0.147061 -0.047350 0.000000
vn 0.644969 0.234749 -0.727261
v -0.146914 -0.043656 0.000000
vn -0.376384 -0.136993 -0.916279
v -0.148512 -0.044238 0.000000
vn 0.675935 0.119186 -0.727260
v -0.147727 -0.040626 0.000000
vn -0.394447 -0.069552 -0.916283
v -0.149401 -0.040921 0.000000
vn 0.696350 0.030404 -0.717058
v -0.148000 -0.037500 0.000000
vn -0.391524 -0.017440 -0.920003
v -0.149700 -0.037500 0.000000
vn 0.696350 -0.030404 -0.717058
v -0.148000 0.037500 0.000000
vn -0.391523 0.017441 -0.920003
v -0.149700 0.037500 0.000000
vn 0.675935 -0.119186 -0.727260
v -0.147727 0.040626 0.000000
vn -0.394447 0.069552 -0.916283
v -0.149401 0.040921 0.000000
vn 0.644969 -0.234749 -0.727261
v -0.146914 0.043656 0.000000
vn -0.376385 0.136992 -0.916279
v -0.148512 0.044238 0.000000
vn 0.594406 -0.343181 -0.727261
v -0.145588 0.046500 0.000000
vn -0.346877 0.200269 -0.916280
v -0.147061 0.047350 0.000000
vn 0.525784 -0.441185 -0.727260
v -0.143789 0.049070 0.000000
vn -0.306823 0.257457 -0.916284
v -0.145091 0.050163 0.000000
vn 0.441185 -0.525783 -0.727261
v -0.141570 0.051289 0.000000
vn -0.257459 0.306827 -0.916282
v -0.142663 0.052591 0.000000
vn 0.343181 -0.594407 -0.727260
v -0.139000 0.053088 0.000000
vn -0.200270 0.346876 -0.916280
v -0.139850 0.054561 0.000000
vn 0.234749 -0.644969 -0.727261
v -0.136156 0.054414 0.000000
vn -0.136990 0.376379 -0.916282
v -0.136738 0.056012 0.000000
vn 0.119185 -0.675934 -0.727260
v -0.133126 0.055227 0.000000
vn -0.069552 0.394450 -0.916281
v -0.133421 0.056901 0.000000
vn 0.030404 -0.696350 -0.717058
v -0.130000 0.055500 0.000000
vn -0.023105 0.264094 -0.964220
v -0.130000 0.057200 0.000000
vn -0.024243 -0.698709 -0.714995
v 0.016576 0.055500 0.000000
vn 0.018191 0.261822 -0.964945
v 0.016576 0.057200 0.000000
vn -0.095529 -0.684164 -0.723045
v 0.019065 0.055327 0.000000
vn 0.054889 0.393108 -0.917853
v 0.019300 0.057011 0.000000
vn -0.189222 -0.664380 -0.723045
v 0.021506 0.054812 0.000000
vn 0.108724 0.381743 -0.917852
v 0.021972 0.056447 0.000000
vn -0.276981 -0.633988 -0.722039
v 0.023853 0.053963 0.000000
vn 0.158511 0.362949 -0.918228
v 0.024540 0.055518 0.000000
vn -0.354895 -0.595112 -0.721035
v 0.030219 0.050673 0.000000
vn 0.202405 0.339406 -0.918605
v 0.031090 0.052134 0.000000
vn -0.424427 -0.547695 -0.721035
v 0.036140 0.046636 0.000000
vn 0.242061 0.312364 -0.918605
v 0.037181 0.047980 0.000000
vn -0.487698 -0.492198 -0.721035
v 0.041527 0.041910 0.000000
vn 0.278147 0.280713 -0.918605
v 0.042724 0.043118 0.000000
vn -0.543774 -0.429440 -0.721035
v 0.046302 0.036567 0.000000
vn 0.310127 0.244920 -0.918605
v 0.047636 0.037620 0.000000
vn -0.591827 -0.360346 -0.721035
v 0.050394 0.030683 0.000000
vn 0.337534 0.205515 -0.918605
v 0.051846 0.031567 0.000000
vn -0.631149 -0.285936 -0.721035
v 0.053742 0.024347 0.000000
vn 0.359960 0.163076 -0.918605
v 0.055291 0.025049 0.000000
vn -0.661160 -0.207308 -0.721035
v 0.056297 0.017652 0.000000
vn 0.377075 0.118233 -0.918605
v 0.057920 0.018161 0.000000
vn -0.681416 -0.125621 -0.721035
v 0.058022 0.010697 0.000000
vn 0.388629 0.071645 -0.918605
v 0.059694 0.011005 0.000000
vn 0.128092 -0.917379 -0.376839
v 0.019341 -0.057308 0.000300
vn 0.128093 -0.917379 0.376840
v 0.019341 -0.057308 0.024700
vn 0.253723 -0.890853 -0.376837
v 0.022054 -0.056735 0.000300
vn 0.253723 -0.890852 0.376838
v 0.022054 -0.056735 0.024700
vn 0.370817 -0.848659 -0.377191
v 0.024661 -0.055793 0.000300
vn 0.370817 -0.848658 0.377191
v 0.024661 -0.055793 0.024700
vn 0.474281 -0.795307 -0.377550
v 0.031244 -0.052391 0.000300
vn 0.474281 -0.795307 0.377551
v 0.031244 -0.052391 0.024700
vn 0.567204 -0.731940 -0.377549
v 0.037365 -0.048217 0.000300
vn 0.567204 -0.731939 0.377550
v 0.037365 -0.048217 0.024700
vn 0.651760 -0.657774 -0.377548
v 0.042935 -0.043331 0.000300
vn 0.651759 -0.657774 0.377549
v 0.042935 -0.043331 0.024700
vn 0.726699 -0.573904 -0.377550
v 0.047872 -0.037806 0.000300
vn 0.726699 -0.573904 0.377550
v 0.047872 -0.037806 0.024700
vn 0.790918 -0.481567 -0.377549
v 0.052102 -0.031723 0.000300
vn 0.790917 -0.481567 0.377549
v 0.052102 -0.031723 0.024700
vn 0.843467 -0.382125 -0.377549
v 0.055564 -0.025173 0.000300
vn 0.843467 -0.382125 0.377550
v 0.055564 -0.025173 0.024700
vn 0.883573 -0.277046 -0.377550
v 0.058206 -0.018251 0.000300
vn 0.883573 -0.277046 0.377550
v 0.058206 -0.018251 0.024700
vn 0.910645 -0.167880 -0.377549
v 0.059989 -0.011059 0.000300
vn 0.910644 -0.167880 0.377549
v 0.059989 -0.011059 0.024700
vn 0.924280 -0.056236 -0.377549
v 0.060887 -0.003705 0.000300
vn 0.924280 -0.056236 0.377550
v 0.060887 -0.003705 0.024700
vn 0.924280 0.056236 -0.377549
v 0.060887 0.003705 0.000300
vn 0.924280 0.056236 0.377549
v 0.060887 0.003705 0.024700
vn 0.910645 0.167880 -0.377549
v 0.059989 0.011059 0.000300
vn 0.910644 0.167880 0.377549
v 0.059989 0.011059 0.024700
vn 0.883573 0.277046 -0.377550
v 0.058206 0.018251 0.000300
vn 0.883573 0.277046 0.377550
v 0.058206 0.018251 0.024700
vn 0.843467 0.382125 -0.377549
v 0.055564 0.025173 0.000300
vn 0.843467 0.382125 0.377550
v 0.055564 0.025173 0.024700
vn 0.790918 0.481567 -0.377549
v 0.052102 0.031723 0.000300
vn 0.790917 0.481567 0.377549
v 0.052102 0.031723 0.024700
vn 0.726699 0.573904 -0.377550
v 0.047872 0.037806 0.000300
vn 0.726699 0.573904 0.377550
v 0.047872 0.037806 0.024700
vn 0.651760 0.657774 -0.377549
v 0.042935 0.043331 0.000300
vn 0.651760 0.657774 0.377549
v 0.042935 0.043331 0.024700
vn 0.567204 0.731940 -0.377549
v 0.037365 0.048217 0.000300
vn 0.567204 0.731939 0.377550
v 0.037365 0.048217 0.024700
vn 0.474281 0.795307 -0.377550
v 0.031244 0.052391 0.000300
vn 0.474281 0.795307 0.377550
v 0.031244 0.052391 0.024700
vn 0.370817 0.848659 -0.377191
v 0.024661 0.055793 0.000300
vn 0.370817 0.848658 0.377192
v 0.024661 0.055793 0.024700
vn 0.253723 0.890853 -0.376837
v 0.022054 0.056735 0.000300
vn 0.253723 0.890852 0.376838
v 0.022054 0.056735 0.024700
vn 0.128093 0.917379 -0.376839
v 0.019341 0.057308 0.000300
vn 0.128092 0.917379 0.376840
v 0.019341 0.057308 0.024700
vn 0.013739 0.389752 0.920817
v 0.016576 0.057200 0.025000
vn 0.158511 -0.362949 0.918228
v 0.024540 -0.055518 0.025000
vn 0.202405 -0.339406 0.918606
v 0.031090 -0.052134 0.025000
vn 0.054889 0.393107 0.917853
v 0.019300 0.057011 0.025000
vn 0.108724 0.381742 0.917852
v 0.021972 0.056447 0.025000
vn 0.278147 0.280713 0.918605
v 0.042724 0.043118 0.025000
vn 0.242061 0.312363 0.918605
v 0.037181 0.047980 0.025000
vn 0.202405 0.339406 0.918606
v 0.031090 0.052134 0.025000
vn 0.158511 0.362949 0.918228
v 0.024540 0.055518 0.025000
vn 0.013739 -0.389752 0.920817
v 0.016576 -0.057200 0.025000
vn 0.054889 -0.393107 0.917853
v 0.019300 -0.057011 0.025000
vn 0.108724 -0.381742 0.917852
v 0.021972 -0.056447 0.025000
vn 0.242061 -0.312364 0.918605
v 0.037181 -0.047980 0.025000
vn 0.278147 -0.280713 0.918605
v 0.042724 -0.043118 0.025000
vn 0.310127 -0.244920 0.918605
v 0.047636 -0.037620 0.025000
vn 0.337533 -0.205514 0.918605
v 0.051846 -0.031567 0.025000
vn 0.359959 -0.163076 0.918605
v 0.055291 -0.025049 0.025000
vn 0.377075 -0.118232 0.918605
v 0.057920 -0.018161 0.025000
vn 0.388629 -0.071645 0.918605
v 0.059694 -0.011005 0.025000
vn 0.000000 0.000000 1.000000
v 0.046000 -0.000000 0.025000
vn 0.394447 -0.023999 0.918605
v 0.060588 -0.003686 0.025000
vn 0.394448 0.024000 0.918605
v 0.060588 0.003686 0.025000
vn 0.388629 0.071645 0.918605
v 0.059694 0.011005 0.025000
vn 0.377075 0.118232 0.918605
v 0.057920 0.018161 0.025000
vn 0.359959 0.163076 0.918605
v 0.055291 0.025049 0.025000
vn 0.337534 0.205514 0.918605
v 0.051846 0.031567 0.025000
vn 0.310127 0.244920 0.918605
v 0.047636 0.037620 0.025000
vn -0.006344 -0.175564 0.984448
v -0.130000 -0.050889 0.081878
vn 0.375371 -0.160950 0.912793
v 0.009700 -0.050889 0.081878
vn -0.012344 -0.343736 0.938985
v -0.130000 -0.052236 0.081518
vn 0.375373 -0.317009 0.870977
v 0.009700 -0.052236 0.081518
vn -0.017960 -0.501397 0.865031
v -0.130000 -0.053500 0.080928
vn 0.375374 -0.463436 0.802696
v 0.009700 -0.053500 0.080928
vn -0.023022 -0.643772 0.764871
v -0.130000 -0.054642 0.080128
vn 0.375374 -0.595783 0.710026
v 0.009700 -0.054642 0.080128
vn -0.027380 -0.766569 0.641578
v -0.130000 -0.055628 0.079142
vn 0.375373 -0.710027 0.595783
v 0.009700 -0.055628 0.079142
vn -0.030907 -0.866102 0.498911
v -0.130000 -0.056428 0.078000
vn 0.375373 -0.802696 0.463437
v 0.009700 -0.056428 0.078000
vn -0.033501 -0.939394 0.341198
v -0.130000 -0.057018 0.076736
vn 0.375373 -0.870977 0.317010
v 0.009700 -0.057018 0.076736
vn -0.035088 -0.984260 0.173206
v -0.130000 -0.057378 0.075389
vn 0.375376 -0.912792 0.160949
v 0.009700 -0.057378 0.075389
vn -0.944439 -0.275088 0.179895
v -0.149073 -0.043100 0.075389
vn -0.893448 -0.412800 0.177052
v -0.148082 -0.045758 0.075389
vn -0.742449 -0.646362 0.176028
v -0.145023 -0.050518 0.075389
vn -0.534614 -0.825910 0.179054
v -0.140747 -0.054223 0.075389
vn -0.405639 -0.896892 0.176189
v -0.138258 -0.055582 0.075389
vn -0.136273 -0.974639 0.177506
v -0.132829 -0.057176 0.075389
vn -0.050004 -0.170297 0.984123
v -0.133772 -0.050347 0.081878
vn -0.073730 -0.161447 0.984123
v -0.135562 -0.049679 0.081878
vn -0.097341 -0.331512 0.938416
v -0.134152 -0.051639 0.081518
vn -0.143528 -0.314284 0.938416
v -0.136122 -0.050904 0.081518
vn -0.141699 -0.482585 0.864311
v -0.134508 -0.052852 0.080928
vn -0.208936 -0.457507 0.864311
v -0.136647 -0.052054 0.080928
vn -0.181746 -0.618969 0.764098
v -0.134830 -0.053948 0.080128
vn -0.267985 -0.586804 0.764098
v -0.137121 -0.053093 0.080128
vn -0.216278 -0.736575 0.640844
v -0.135107 -0.054894 0.079142
vn -0.318902 -0.698298 0.640844
v -0.137531 -0.053990 0.079142
vn -0.244264 -0.831889 0.498293
v -0.135333 -0.055661 0.078000
vn -0.360168 -0.788659 0.498293
v -0.137863 -0.054718 0.078000
vn -0.264871 -0.902070 0.340754
v -0.135499 -0.056227 0.076736
vn -0.390553 -0.855193 0.340754
v -0.138108 -0.055254 0.076736
vn -0.276985 -0.944045 0.179049
v -0.135600 -0.056573 0.075389
vn -0.149310 -0.095956 0.984123
v -0.141264 -0.044739 0.081878
vn -0.161448 -0.073730 0.984123
v -0.142179 -0.043062 0.081878
vn -0.290660 -0.186796 0.938416
v -0.142397 -0.045467 0.081518
vn -0.314285 -0.143529 0.938416
v -0.143404 -0.043622 0.081518
vn -0.423115 -0.271920 0.864311
v -0.143460 -0.046150 0.080928
vn -0.457507 -0.208937 0.864311
v -0.144554 -0.044147 0.080928
vn -0.542693 -0.348767 0.764098
v -0.144421 -0.046768 0.080128
vn -0.586805 -0.267984 0.764098
v -0.145593 -0.044621 0.080128
vn -0.645806 -0.415034 0.640844
v -0.145251 -0.047301 0.079142
vn -0.698296 -0.318902 0.640847
v -0.146490 -0.045031 0.079142
vn -0.729374 -0.468741 0.498293
v -0.145923 -0.047733 0.078000
vn -0.788660 -0.360168 0.498292
v -0.147218 -0.045363 0.078000
vn -0.790907 -0.508285 0.340752
v -0.146419 -0.048052 0.076736
vn -0.855193 -0.390553 0.340755
v -0.147754 -0.045608 0.076736
vn -0.827136 -0.533044 0.178074
v -0.146723 -0.048247 0.075389
vn -0.025259 -0.175680 0.984123
v -0.131905 -0.050753 0.081878
vn -0.049171 -0.341991 0.938416
v -0.132097 -0.052086 0.081518
vn -0.071579 -0.497839 0.864311
v -0.132277 -0.053337 0.080928
vn -0.091807 -0.638534 0.764098
v -0.132440 -0.054468 0.080128
vn -0.109251 -0.759857 0.640845
v -0.132580 -0.055444 0.079142
vn -0.123388 -0.858184 0.498293
v -0.132694 -0.056236 0.078000
vn -0.133798 -0.930583 0.340754
v -0.132778 -0.056819 0.076736
vn -0.508285 -0.790906 0.340756
v -0.140552 -0.053919 0.076736
vn -0.468740 -0.729374 0.498293
v -0.140233 -0.053423 0.078000
vn -0.415035 -0.645806 0.640844
v -0.139801 -0.052751 0.079142
vn -0.348767 -0.542693 0.764098
v -0.139268 -0.051921 0.080128
vn -0.271920 -0.423116 0.864311
v -0.138650 -0.050960 0.080928
vn -0.186795 -0.290659 0.938416
v -0.137967 -0.049897 0.081518
vn -0.095956 -0.149311 0.984123
v -0.137239 -0.048764 0.081878
vn -0.646362 -0.742449 0.176027
v -0.143018 -0.052523 0.075389
vn -0.615670 -0.710519 0.340754
v -0.142781 -0.052250 0.076736
vn -0.567769 -0.655241 0.498294
v -0.142395 -0.051805 0.078000
vn -0.502718 -0.580167 0.640844
v -0.141872 -0.051200 0.079142
vn -0.422452 -0.487534 0.764097
v -0.141226 -0.050455 0.080128
vn -0.329369 -0.380111 0.864310
v -0.140478 -0.049592 0.080928
vn -0.226258 -0.261117 0.938416
v -0.139650 -0.048637 0.081518
vn -0.116228 -0.134135 0.984123
v -0.138768 -0.047619 0.081878
vn -0.134134 -0.116228 0.984123
v -0.140119 -0.046268 0.081878
vn -0.261118 -0.226259 0.938416
v -0.141137 -0.047150 0.081518
vn -0.380111 -0.329368 0.864310
v -0.142092 -0.047978 0.080928
vn -0.487534 -0.422451 0.764098
v -0.142955 -0.048726 0.080128
vn -0.580167 -0.502718 0.640844
v -0.143700 -0.049372 0.079142
vn -0.655241 -0.567770 0.498293
v -0.144305 -0.049895 0.078000
vn -0.710520 -0.615669 0.340754
v -0.144750 -0.050281 0.076736
vn -0.902069 -0.264871 0.340756
v -0.148727 -0.042999 0.076736
vn -0.831890 -0.244264 0.498291
v -0.148161 -0.042833 0.078000
vn -0.736575 -0.216278 0.640844
v -0.147394 -0.042607 0.079142
vn -0.618969 -0.181746 0.764098
v -0.146448 -0.042330 0.080128
vn -0.482586 -0.141700 0.864310
v -0.145352 -0.042008 0.080928
vn -0.331511 -0.097341 0.938416
v -0.144139 -0.041652 0.081518
vn -0.170296 -0.050004 0.984123
v -0.142847 -0.041272 0.081878
vn -0.974639 -0.136273 0.177508
v -0.149676 -0.040329 0.075389
vn -0.930583 -0.133798 0.340755
v -0.149319 -0.040278 0.076736
vn -0.858185 -0.123390 0.498291
v -0.148736 -0.040194 0.078000
vn -0.759857 -0.109252 0.640844
v -0.147944 -0.040080 0.079142
vn -0.638533 -0.091808 0.764099
v -0.146968 -0.039940 0.080128
vn -0.497840 -0.071578 0.864310
v -0.145837 -0.039777 0.080928
vn -0.341992 -0.049170 0.938416
v -0.144586 -0.039597 0.081518
vn -0.175680 -0.025259 0.984123
v -0.143253 -0.039405 0.081878
vn -0.175564 -0.006344 0.984448
v -0.143389 -0.037500 0.081878
vn -0.343736 -0.012344 0.938985
v -0.144736 -0.037500 0.081518
vn -0.501395 -0.017960 0.865032
v -0.146000 -0.037500 0.080928
vn -0.643771 -0.023022 0.764872
v -0.147142 -0.037500 0.080128
vn -0.766569 -0.027381 0.641578
v -0.148128 -0.037500 0.079142
vn -0.866104 -0.030908 0.498908
v -0.148928 -0.037500 0.078000
vn -0.939396 -0.033501 0.341194
v -0.149518 -0.037500 0.076736
vn -0.984260 -0.035088 0.173209
v -0.149878 -0.037500 0.075389
vn -0.175564 0.006344 0.984448
v -0.143389 0.037500 0.081878
vn -0.343735 0.012343 0.938985
v -0.144736 0.037500 0.081518
vn -0.501395 0.017959 0.865032
v -0.146000 0.037500 0.080928
vn -0.643771 0.023022 0.764872
v -0.147142 0.037500 0.080128
vn -0.766568 0.027380 0.641579
v -0.148128 0.037500 0.079142
vn -0.866104 0.030909 0.498907
v -0.148928 0.037500 0.078000
vn -0.939396 0.033502 0.341194
v -0.149518 0.037500 0.076736
vn -0.984260 0.035087 0.173210
v -0.149878 0.037500 0.075389
vn -0.275087 0.944439 0.179894
v -0.135600 0.056573 0.075389
vn -0.412799 0.893449 0.177049
v -0.138258 0.055582 0.075389
vn -0.646363 0.742449 0.176027
v -0.143018 0.052523 0.075389
vn -0.825909 0.534614 0.179057
v -0.146723 0.048247 0.075389
vn -0.896891 0.405639 0.176192
v -0.148082 0.045758 0.075389
vn -0.974639 0.136273 0.177508
v -0.149676 0.040329 0.075389
vn -0.170296 0.050003 0.984123
v -0.142847 0.041272 0.081878
vn -0.161447 0.073731 0.984123
v -0.142179 0.043062 0.081878
vn -0.331512 0.097341 0.938416
v -0.144139 0.041652 0.081518
vn -0.314285 0.143529 0.938416
v -0.143404 0.043622 0.081518
vn -0.482586 0.141700 0.864310
v -0.145352 0.042008 0.080928
vn -0.457508 0.208937 0.864310
v -0.144554 0.044147 0.080928
vn -0.618968 0.181746 0.764099
v -0.146448 0.042330 0.080128
vn -0.586804 0.267984 0.764098
v -0.145593 0.044621 0.080128
vn -0.736575 0.216279 0.640844
v -0.147394 0.042607 0.079142
vn -0.698297 0.318901 0.640846
v -0.146490 0.045031 0.079142
vn -0.831889 0.244264 0.498292
v -0.148161 0.042833 0.078000
vn -0.788659 0.360167 0.498293
v -0.147218 0.045363 0.078000
vn -0.902070 0.264871 0.340755
v -0.148727 0.042999 0.076736
vn -0.855193 0.390553 0.340754
v -0.147754 0.045608 0.076736
vn -0.944045 0.276985 0.179050
v -0.149073 0.043100 0.075389
vn -0.095956 0.149311 0.984123
v -0.137239 0.048764 0.081878
vn -0.073730 0.161447 0.984123
v -0.135562 0.049679 0.081878
vn -0.186795 0.290660 0.938416
v -0.137967 0.049897 0.081518
vn -0.143529 0.314284 0.938416
v -0.136122 0.050904 0.081518
vn -0.271920 0.423115 0.864311
v -0.138650 0.050960 0.080928
vn -0.208936 0.457507 0.864311
v -0.136647 0.052054 0.080928
vn -0.348768 0.542692 0.764098
v -0.139268 0.051921 0.080128
vn -0.267984 0.586804 0.764098
v -0.137121 0.053093 0.080128
vn -0.415035 0.645806 0.640844
v -0.139801 0.052751 0.079142
vn -0.318902 0.698298 0.640844
v -0.137531 0.053990 0.079142
vn -0.468740 0.729374 0.498293
v -0.140233 0.053423 0.078000
vn -0.360168 0.788659 0.498293
v -0.137863 0.054718 0.078000
vn -0.508285 0.790906 0.340755
v -0.140552 0.053919 0.076736
vn -0.390553 0.855193 0.340755
v -0.138108 0.055254 0.076736
vn -0.533045 0.827136 0.178071
v -0.140747 0.054223 0.075389
vn -0.175680 0.025259 0.984123
v -0.143253 0.039405 0.081878
vn -0.341991 0.049171 0.938416
v -0.144586 0.039597 0.081518
vn -0.497840 0.071579 0.864310
v -0.145837 0.039777 0.080928
vn -0.638533 0.091808 0.764099
v -0.146968 0.039940 0.080128
vn -0.759857 0.109252 0.640844
v -0.147944 0.040080 0.079142
vn -0.858185 0.123390 0.498290
v -0.148736 0.040194 0.078000
vn -0.930583 0.133797 0.340756
v -0.149319 0.040278 0.076736
vn -0.790907 0.508286 0.340753
v -0.146419 0.048052 0.076736
vn -0.729374 0.468741 0.498292
v -0.145923 0.047733 0.078000
vn -0.645806 0.415034 0.640845
v -0.145251 0.047301 0.079142
vn -0.542693 0.348767 0.764098
v -0.144421 0.046768 0.080128
vn -0.423116 0.271919 0.864311
v -0.143460 0.046150 0.080928
vn -0.290660 0.186795 0.938416
v -0.142397 0.045467 0.081518
vn -0.149310 0.095956 0.984123
v -0.141264 0.044739 0.081878
vn -0.742449 0.646363 0.176027
v -0.145023 0.050518 0.075389
vn -0.710520 0.615669 0.340754
v -0.144750 0.050281 0.076736
vn -0.655241 0.567771 0.498293
v -0.144305 0.049895 0.078000
vn -0.580167 0.502719 0.640844
v -0.143700 0.049372 0.079142
vn -0.487534 0.422451 0.764098
v -0.142955 0.048726 0.080128
vn -0.380111 0.329367 0.864311
v -0.142092 0.047978 0.080928
vn -0.261118 0.226260 0.938416
v -0.141137 0.047150 0.081518
vn -0.134135 0.116228 0.984123
v -0.140119 0.046268 0.081878
vn -0.116228 0.134135 0.984123
v -0.138768 0.047619 0.081878
vn -0.226259 0.261117 0.938416
v -0.139650 0.048637 0.081518
vn -0.329368 0.380111 0.864310
v -0.140478 0.049592 0.080928
vn -0.422451 0.487535 0.764097
v -0.141226 0.050455 0.080128
vn -0.502718 0.580166 0.640845
v -0.141872 0.051200 0.079142
vn -0.567770 0.655241 0.498294
v -0.142395 0.051805 0.078000
vn -0.615669 0.710519 0.340754
v -0.142781 0.052250 0.076736
vn -0.264872 0.902070 0.340754
v -0.135499 0.056227 0.076736
vn -0.244264 0.831889 0.498293
v -0.135333 0.055661 0.078000
vn -0.216278 0.736575 0.640844
v -0.135107 0.054894 0.079142
vn -0.181746 0.618969 0.764098
v -0.134830 0.053948 0.080128
vn -0.141700 0.482585 0.864311
v -0.134508 0.052852 0.080928
vn -0.097341 0.331512 0.938416
v -0.134152 0.051639 0.081518
vn -0.050004 0.170297 0.984123
v -0.133772 0.050347 0.081878
vn -0.136273 0.974639 0.177506
v -0.132829 0.057176 0.075389
vn -0.133797 0.930583 0.340754
v -0.132778 0.056819 0.076736
vn -0.123388 0.858184 0.498293
v -0.132694 0.056236 0.078000
vn -0.109251 0.759857 0.640845
v -0.132580 0.055444 0.079142
vn -0.091807 0.638534 0.764098
v -0.132440 0.054468 0.080128
vn -0.071578 0.497839 0.864311
v -0.132277 0.053337 0.080928
vn -0.049171 0.341991 0.938416
v -0.132097 0.052086 0.081518
vn -0.025259 0.175680 0.984123
v -0.131905 0.050753 0.081878
vn -0.006344 0.175564 0.984448
v -0.130000 0.050889 0.081878
vn -0.012344 0.343736 0.938985
v -0.130000 0.052236 0.081518
vn -0.017960 0.501397 0.865031
v -0.130000 0.053500 0.080928
vn -0.023022 0.643772 0.764871
v -0.130000 0.054642 0.080128
vn -0.027380 0.766569 0.641578
v -0.130000 0.055628 0.079142
vn -0.030907 0.866102 0.498911
v -0.130000 0.056428 0.078000
vn -0.033502 0.939394 0.341198
v -0.130000 0.057018 0.076736
vn -0.035088 0.984260 0.173206
v -0.130000 0.057378 0.075389
vn 0.375371 0.160952 0.912793
v 0.009700 0.050889 0.081878
vn 0.375374 0.317008 0.870977
v 0.009700 0.052236 0.081518
vn 0.375374 0.463436 0.802696
v 0.009700 0.053500 0.080928
vn 0.375374 0.595783 0.710026
v 0.009700 0.054642 0.080128
vn 0.375373 0.710027 0.595783
v 0.009700 0.055628 0.079142
vn 0.375373 0.802696 0.463437
v 0.009700 0.056428 0.078000
vn 0.375373 0.870977 0.317009
v 0.009700 0.057018 0.076736
vn 0.375376 0.912791 0.160950
v 0.009700 0.057378 0.075389
vn -0.024784 -0.714316 -0.699385
v 0.016576 0.055500 0.001000
vn -0.099851 -0.715119 -0.691834
v 0.019065 0.055327 0.001000
vn -0.197783 -0.694440 -0.691834
v 0.021506 0.054812 0.001000
vn -0.288717 -0.660852 -0.692761
v 0.023853 0.053963 0.001000
vn 0.031261 -0.715981 -0.697420
v -0.130000 0.055500 0.001000
vn 0.715981 -0.031261 -0.697419
v -0.148000 0.037500 0.001000
vn 0.714680 -0.126017 -0.688006
v -0.147727 0.040626 0.001000
vn 0.681940 -0.248205 -0.688006
v -0.146914 0.043656 0.001000
vn 0.628479 -0.362853 -0.688006
v -0.145588 0.046500 0.001000
vn 0.555922 -0.466474 -0.688006
v -0.143789 0.049070 0.001000
vn 0.466474 -0.555922 -0.688006
v -0.141570 0.051289 0.001000
vn 0.362852 -0.628479 -0.688006
v -0.139000 0.053088 0.001000
vn 0.248206 -0.681940 -0.688006
v -0.136156 0.054414 0.001000
vn 0.126017 -0.714680 -0.688006
v -0.133126 0.055227 0.001000
vn 0.715981 0.031261 -0.697419
v -0.148000 -0.037500 0.001000
vn 0.031261 0.715981 -0.697419
v -0.130000 -0.055500 0.001000
vn 0.126017 0.714680 -0.688006
v -0.133126 -0.055227 0.001000
vn 0.248206 0.681940 -0.688006
v -0.136156 -0.054414 0.001000
vn 0.362852 0.628479 -0.688006
v -0.139000 -0.053088 0.001000
vn 0.466474 0.555922 -0.688006
v -0.141570 -0.051289 0.001000
vn 0.555922 0.466474 -0.688006
v -0.143789 -0.049070 0.001000
vn 0.628479 0.362853 -0.688006
v -0.145588 -0.046500 0.001000
vn 0.681940 0.248205 -0.688006
v -0.146914 -0.043656 0.001000
vn 0.714680 0.126017 -0.688006
v -0.147727 -0.040626 0.001000
vn -0.024784 0.714316 -0.699385
v 0.016576 -0.055500 0.001000
vn -0.288717 0.660852 -0.692761
v 0.023853 -0.053963 0.001000
vn -0.197783 0.694440 -0.691834
v 0.021506 -0.054812 0.001000
vn -0.099851 0.715119 -0.691834
v 0.019065 -0.055327 0.001000
vn -0.368916 -0.618624 -0.693690
v 0.030219 0.050673 0.001000
vn -0.441196 -0.569334 -0.693690
v 0.036140 0.046636 0.001000
vn -0.506966 -0.511644 -0.693690
v 0.041527 0.041910 0.001000
vn -0.565257 -0.446407 -0.693690
v 0.046302 0.036567 0.001000
vn -0.615209 -0.374583 -0.693690
v 0.050394 0.030683 0.001000
vn -0.656085 -0.297233 -0.693690
v 0.053742 0.024347 0.001000
vn -0.687281 -0.215498 -0.693690
v 0.056297 0.017652 0.001000
vn -0.708338 -0.130584 -0.693690
v 0.058022 0.010697 0.001000
vn -0.718945 -0.043743 -0.693690
v 0.058891 0.003583 0.001000
vn -0.718944 0.043743 -0.693690
v 0.058891 -0.003583 0.001000
vn -0.708338 0.130584 -0.693690
v 0.058022 -0.010697 0.001000
vn -0.687281 0.215498 -0.693690
v 0.056297 -0.017652 0.001000
vn -0.656085 0.297233 -0.693690
v 0.053742 -0.024347 0.001000
vn -0.615209 0.374583 -0.693690
v 0.050394 -0.030683 0.001000
vn -0.565257 0.446407 -0.693690
v 0.046302 -0.036567 0.001000
vn -0.506966 0.511644 -0.693690
v 0.041527 -0.041910 0.001000
vn -0.441196 0.569334 -0.693690
v 0.036140 -0.046636 0.001000
vn -0.368916 0.618624 -0.693690
v 0.030219 -0.050673 0.001000
vn -0.669421 -0.175630 -0.721823
v 0.056101 0.014719 0.001000
vn -0.686390 -0.088543 -0.721823
v 0.057523 0.007420 0.001000
vn 0.000000 0.000000 -1.000000
v 0.058000 0.000000 0.001000
vn -0.686390 0.088543 -0.721823
v 0.057523 -0.007420 0.001000
vn -0.669422 0.175630 -0.721823
v 0.056101 -0.014719 0.001000
vn -0.641451 0.259831 -0.721823
v 0.053757 -0.021775 0.001000
vn -0.602937 0.339761 -0.721823
v 0.050530 -0.028474 0.001000
vn -0.554514 0.414108 -0.721823
v 0.046471 -0.034705 0.001000
vn -0.496977 0.481648 -0.721823
v 0.041650 -0.040365 0.001000
vn -0.431273 0.541272 -0.721823
v 0.036143 -0.045362 0.001000
vn -0.358480 0.592000 -0.721823
v 0.030043 -0.049613 0.001000
vn -0.277885 0.633142 -0.722434
v 0.023448 -0.053049 0.001000
vn -0.189221 0.664380 -0.723045
v 0.021232 -0.053850 0.001000
vn -0.095529 0.684164 -0.723045
v 0.018926 -0.054337 0.001000
vn -0.024243 0.698709 -0.714996
v 0.016576 -0.054500 0.001000
vn 0.030403 0.696351 -0.717057
v -0.130000 -0.054500 0.001000
vn 0.119081 0.676055 -0.727165
v -0.132952 -0.054242 0.001000
vn 0.234794 0.645205 -0.727037
v -0.135814 -0.053475 0.001000
vn 0.343304 0.594667 -0.726990
v -0.138500 -0.052222 0.001000
vn 0.441380 0.526028 -0.726965
v -0.140927 -0.050523 0.001000
vn 0.526028 0.441380 -0.726966
v -0.143023 -0.048427 0.001000
vn 0.594667 0.343303 -0.726990
v -0.144722 -0.046000 0.001000
vn 0.645205 0.234794 -0.727037
v -0.145975 -0.043314 0.001000
vn 0.676101 0.119160 -0.727110
v -0.146742 -0.040452 0.001000
vn 0.696409 0.030335 -0.717003
v -0.147000 -0.037500 0.001000
vn 0.696352 -0.030403 -0.717056
v -0.147000 0.037500 0.001000
vn 0.676055 -0.119082 -0.727165
v -0.146742 0.040452 0.001000
vn 0.645205 -0.234794 -0.727037
v -0.145975 0.043314 0.001000
vn 0.594667 -0.343303 -0.726990
v -0.144722 0.046000 0.001000
vn 0.526028 -0.441380 -0.726965
v -0.143023 0.048427 0.001000
vn 0.441380 -0.526028 -0.726965
v -0.140927 0.050523 0.001000
vn 0.343304 -0.594667 -0.726990
v -0.138500 0.052222 0.001000
vn 0.234794 -0.645205 -0.727037
v -0.135814 0.053475 0.001000
vn 0.119160 -0.676101 -0.727110
v -0.132952 0.054242 0.001000
vn 0.030335 -0.696409 -0.717003
v -0.130000 0.054500 0.001000
vn -0.024243 -0.698708 -0.714996
v 0.016576 0.054500 0.001000
vn -0.095529 -0.684164 -0.723045
v 0.018926 0.054337 0.001000
vn -0.189221 -0.664380 -0.723045
v 0.021232 0.053850 0.001000
vn -0.277885 -0.633142 -0.722434
v 0.023448 0.053049 0.001000
vn -0.358480 -0.592000 -0.721823
v 0.030043 0.049613 0.001000
vn -0.431273 -0.541272 -0.721823
v 0.036143 0.045362 0.001000
vn -0.496978 -0.481648 -0.721823
v 0.041650 0.040365 0.001000
vn -0.554514 -0.414108 -0.721823
v 0.046471 0.034705 0.001000
vn -0.602937 -0.339761 -0.721823
v 0.050530 0.028474 0.001000
vn -0.641451 -0.259831 -0.721823
v 0.053757 0.021775 0.001000
vn -0.382384 0.616159 -0.688571
v 0.037055 -0.001699 0.083000
vn -0.937899 0.290442 -0.189709
v 0.036753 -0.001853 0.083000
vn -0.701204 -0.014117 -0.712821
v 0.036770 0.001482 0.083000
vn -0.929473 -0.321170 -0.181468
v 0.036753 0.001853 0.083000
vn -0.382384 -0.616159 -0.688571
v 0.037055 0.001699 0.083000
vn -0.480697 -0.542957 -0.688570
v 0.037326 0.001497 0.083000
vn -0.565275 -0.454240 -0.688571
v 0.037559 0.001253 0.083000
vn -0.633705 -0.352548 -0.688570
v 0.037748 0.000972 0.083000
vn -0.684030 -0.240779 -0.688569
v 0.037887 0.000664 0.083000
vn -0.714811 -0.122132 -0.688571
v 0.037971 0.000337 0.083000
vn -0.725169 0.000000 -0.688571
v 0.038000 -0.000000 0.083000
vn -0.633704 0.352548 -0.688570
v 0.037748 -0.000972 0.083000
vn -0.565275 0.454240 -0.688571
v 0.037559 -0.001253 0.083000
vn -0.480697 0.542957 -0.688570
v 0.037326 -0.001497 0.083000
vn -0.714811 0.122132 -0.688571
v 0.037971 -0.000337 0.083000
vn -0.684030 0.240779 -0.688569
v 0.037887 -0.000664 0.083000
vn -0.644744 -0.453441 -0.615383
v 0.036753 0.001853 0.079000
vn -0.362271 -0.583750 -0.726633
v 0.037055 0.001699 0.079000
vn -0.455412 -0.514396 -0.726634
v 0.037326 0.001497 0.079000
vn -0.535543 -0.430348 -0.726633
v 0.037559 0.001253 0.079000
vn -0.600371 -0.334003 -0.726633
v 0.037748 0.000972 0.079000
vn -0.648049 -0.228113 -0.726634
v 0.037887 0.000664 0.079000
vn -0.677212 -0.115708 -0.726633
v 0.037971 0.000337 0.079000
vn -1.000000 -0.000000 0.000000
v 0.038000 -0.000000 0.079000
vn -0.677212 0.115708 -0.726633
v 0.037971 -0.000337 0.079000
vn -0.648049 0.228113 -0.726634
v 0.037887 -0.000664 0.079000
vn -0.600371 0.334003 -0.726633
v 0.037748 -0.000972 0.079000
vn -0.535542 0.430348 -0.726633
v 0.037559 -0.001253 0.079000
vn -0.455412 0.514397 -0.726634
v 0.037326 -0.001497 0.079000
vn -0.362271 0.583750 -0.726633
v 0.037055 -0.001699 0.079000
vn -0.655676 0.441667 -0.612388
v 0.036753 -0.001853 0.079000
vn 0.001802 -0.044710 -0.998998
v -0.130000 0.049500 0.079000
vn -0.043527 -0.043527 -0.998104
v 0.002000 0.049500 0.079000
vn -0.720752 0.052107 -0.691231
v 0.042888 -0.003101 0.079000
vn 0.007164 -0.045235 -0.998951
v -0.131877 0.049352 0.079000
vn 0.032384 -0.032384 -0.998951
v -0.138485 0.045985 0.079000
vn 0.497216 0.476607 -0.724997
v -0.026540 -0.025492 0.079000
vn 0.413618 0.551075 -0.724732
v -0.022107 -0.029419 0.079000
vn 0.044711 0.001802 -0.998998
v -0.142000 -0.037500 0.079000
vn -0.705762 0.155238 -0.691232
v 0.041996 -0.009237 0.079000
vn 0.000000 0.000000 -1.000000
v 0.038000 0.000000 0.079000
vn -0.720752 -0.052107 -0.691231
v 0.042888 0.003101 0.079000
vn 0.044711 -0.001802 -0.998998
v -0.142000 0.037500 0.079000
vn 0.045235 -0.007165 -0.998951
v -0.141852 0.039377 0.079000
vn 0.043557 -0.014152 -0.998951
v -0.141413 0.041208 0.079000
vn 0.040807 -0.020792 -0.998951
v -0.140692 0.042948 0.079000
vn 0.037052 -0.026920 -0.998951
v -0.139708 0.044553 0.079000
vn 0.040807 0.020792 -0.998951
v -0.140692 -0.042948 0.079000
vn 0.043557 0.014152 -0.998951
v -0.141413 -0.041208 0.079000
vn -0.039184 0.043541 -0.998283
v 0.002000 -0.049500 0.079000
vn 0.001802 0.044710 -0.998998
v -0.130000 -0.049500 0.079000
vn -0.705762 -0.155238 -0.691232
v 0.041996 0.009237 0.079000
vn 0.320586 0.609916 -0.724725
v -0.017102 -0.032585 0.079000
vn 0.045235 0.007165 -0.998951
v -0.141852 -0.039377 0.079000
vn 0.026920 0.037052 -0.998951
v -0.137053 -0.047208 0.079000
vn 0.032384 0.032384 -0.998951
v -0.138485 -0.045985 0.079000
vn 0.037052 0.026920 -0.998951
v -0.139708 -0.044553 0.079000
vn 0.026920 -0.037052 -0.998951
v -0.137053 0.047208 0.079000
vn 0.020792 -0.040807 -0.998951
v -0.135448 0.048192 0.079000
vn 0.014153 -0.043557 -0.998951
v -0.133708 0.048913 0.079000
vn 0.367674 -0.581966 -0.725349
v -0.019668 0.031103 0.079000
vn 0.456440 -0.516033 -0.724826
v -0.024403 0.027545 0.079000
vn 0.661981 0.191389 -0.724673
v -0.035347 -0.010238 0.079000
vn 0.622621 0.295593 -0.724546
v -0.033247 -0.015776 0.079000
vn 0.566491 0.391725 -0.725011
v -0.030286 -0.020905 0.079000
vn 0.218061 0.653794 -0.724571
v -0.011653 -0.034906 0.079000
vn -0.674603 -0.139328 -0.724913
v 0.036056 0.007361 0.079000
vn -0.676094 -0.255139 -0.691232
v 0.040231 0.015182 0.079000
vn -0.644275 -0.243632 -0.724951
v 0.034409 0.013049 0.079000
vn -0.632364 -0.349735 -0.691232
v 0.037629 0.020811 0.079000
vn -0.596564 -0.344846 -0.724702
v 0.031870 0.018400 0.079000
vn -0.575483 -0.437057 -0.691231
v 0.034244 0.026007 0.079000
vn -0.533996 -0.435501 -0.724698
v 0.028505 0.023274 0.079000
vn -0.506633 -0.515289 -0.691232
v 0.030147 0.030662 0.079000
vn -0.456907 -0.515996 -0.724558
v 0.024403 0.027545 0.079000
vn -0.427245 -0.582804 -0.691231
v 0.025423 0.034680 0.079000
vn -0.367566 -0.582394 -0.725060
v 0.019668 0.031103 0.079000
vn -0.338973 -0.638198 -0.691231
v 0.020170 0.037976 0.079000
vn -0.270631 -0.633296 -0.725048
v 0.014424 0.033855 0.079000
vn -0.247065 -0.676137 -0.694117
v 0.014498 0.040482 0.079000
vn 0.533991 -0.435628 -0.724626
v -0.028505 0.023274 0.079000
vn 0.596679 -0.344795 -0.724631
v -0.031870 0.018400 0.079000
vn 0.644483 -0.244330 -0.724531
v -0.034409 0.013049 0.079000
vn 0.007164 0.045235 -0.998951
v -0.131877 -0.049352 0.079000
vn 0.014153 0.043557 -0.998951
v -0.133708 -0.048913 0.079000
vn 0.020792 0.040807 -0.998951
v -0.135448 -0.048192 0.079000
vn -0.156463 -0.698015 -0.698781
v 0.008525 0.042147 0.079000
vn -0.164482 -0.669075 -0.724765
v 0.008807 0.035731 0.079000
vn -0.055903 -0.686734 -0.724756
v 0.002961 0.036681 0.079000
vn 0.055680 -0.686931 -0.724587
v -0.002961 0.036681 0.079000
vn 0.164753 -0.669186 -0.724601
v -0.008807 0.035731 0.079000
vn 0.270663 -0.633234 -0.725090
v -0.014424 0.033855 0.079000
vn 0.675018 -0.137269 -0.724919
v -0.036056 0.007361 0.079000
vn 0.688263 -0.028360 -0.724906
v -0.036770 0.001482 0.079000
vn 0.684027 0.083394 -0.724674
v -0.036532 -0.004436 0.079000
vn -0.686961 0.098719 -0.719958
v 0.036532 -0.004436 0.079000
vn -0.661996 0.191429 -0.724649
v 0.035347 -0.010238 0.079000
vn -0.676094 0.255139 -0.691232
v 0.040231 -0.015182 0.079000
vn -0.622129 0.295849 -0.724865
v 0.033247 -0.015776 0.079000
vn -0.632364 0.349735 -0.691231
v 0.037629 -0.020811 0.079000
vn -0.567219 0.390916 -0.724877
v 0.030286 -0.020905 0.079000
vn -0.575483 0.437057 -0.691231
v 0.034244 -0.026007 0.079000
vn -0.497126 0.477418 -0.724526
v 0.026540 -0.025492 0.079000
vn -0.506633 0.515289 -0.691232
v 0.030147 -0.030662 0.079000
vn -0.413828 0.551073 -0.724614
v 0.022107 -0.029419 0.079000
vn -0.427245 0.582804 -0.691231
v 0.025423 -0.034680 0.079000
vn -0.320494 0.610107 -0.724605
v 0.017102 -0.032585 0.079000
vn -0.338973 0.638198 -0.691231
v 0.020170 -0.037976 0.079000
vn -0.217698 0.653672 -0.724790
v 0.011653 -0.034906 0.079000
vn -0.247062 0.676140 -0.694115
v 0.014498 -0.040482 0.079000
vn -0.110956 0.679966 -0.724800
v 0.005903 -0.036323 0.079000
vn -0.156363 0.698078 -0.698740
v 0.008525 -0.042147 0.079000
vn 0.000000 0.000000 -1.000000
v 0.000000 -0.036800 0.079000
vn 0.110691 0.680234 -0.724589
v -0.005903 -0.036323 0.079000
vn -0.715355 -0.028786 -0.698168
v 0.007000 0.048000 0.022000
vn -0.714969 -0.116021 -0.689463
v 0.007090 0.046879 0.022000
vn -0.687149 -0.229047 -0.689466
v 0.007359 0.045786 0.022000
vn -0.641584 -0.336157 -0.689470
v 0.007800 0.044751 0.022000
vn -0.579450 -0.434585 -0.689474
v 0.008400 0.043800 0.022000
vn -0.502352 -0.521788 -0.689478
v 0.009145 0.042957 0.022000
vn -0.412283 -0.595516 -0.689480
v 0.010016 0.042245 0.022000
vn -0.311566 -0.653864 -0.689485
v 0.010989 0.041681 0.022000
vn -0.237009 -0.672111 -0.701494
v 0.012040 0.041280 0.022000
vn -0.248139 -0.649438 -0.718789
v 0.014498 0.040482 0.022000
vn -0.237028 0.672117 -0.701482
v 0.012040 -0.041280 0.022000
vn -0.323717 -0.609476 -0.723703
v 0.020170 0.037976 0.022000
vn -0.408018 -0.556575 -0.723703
v 0.025423 0.034680 0.022000
vn -0.483832 -0.492099 -0.723703
v 0.030147 0.030662 0.022000
vn -0.549584 -0.417387 -0.723703
v 0.034244 0.026007 0.022000
vn -0.603905 -0.333995 -0.723703
v 0.037629 0.020811 0.022000
vn -0.645667 -0.243657 -0.723703
v 0.040231 0.015182 0.022000
vn -0.674000 -0.148251 -0.723703
v 0.041996 0.009237 0.022000
vn -0.688315 -0.049762 -0.723703
v 0.042888 0.003101 0.022000
vn -0.688315 0.049762 -0.723703
v 0.042888 -0.003101 0.022000
vn -0.674000 0.148251 -0.723703
v 0.041996 -0.009237 0.022000
vn -0.645667 0.243657 -0.723703
v 0.040231 -0.015182 0.022000
vn -0.603905 0.333995 -0.723703
v 0.037629 -0.020811 0.022000
vn -0.549584 0.417387 -0.723703
v 0.034244 -0.026007 0.022000
vn -0.483832 0.492099 -0.723703
v 0.030147 -0.030662 0.022000
vn -0.408018 0.556575 -0.723703
v 0.025423 -0.034680 0.022000
vn -0.323717 0.609476 -0.723703
v 0.020170 -0.037976 0.022000
vn -0.248139 0.649438 -0.718789
v 0.014498 -0.040482 0.022000
vn -0.311595 0.653889 -0.689447
v 0.010989 -0.041681 0.022000
vn -0.412303 0.595554 -0.689436
v 0.010016 -0.042245 0.022000
vn -0.502374 0.521817 -0.689440
v 0.009145 -0.042957 0.022000
vn -0.579470 0.434605 -0.689444
v 0.008400 -0.043800 0.022000
vn -0.641600 0.336171 -0.689448
v 0.007800 -0.044751 0.022000
vn -0.687161 0.229056 -0.689452
v 0.007359 -0.045786 0.022000
vn -0.714975 0.116027 -0.689455
v 0.007090 -0.046879 0.022000
vn -0.715357 0.028789 -0.698166
v 0.007000 -0.048000 0.022000
vn 0.972569 -0.150300 -0.177538
v -0.146716 0.040148 0.074868
vn 0.984139 -0.038588 -0.173151
v -0.146924 0.037500 0.074868
vn 0.998283 -0.039181 -0.043541
v -0.147000 0.037500 0.074000
vn 0.991574 -0.122296 -0.042727
v -0.146791 0.040159 0.074000
vn 0.977611 -0.204748 -0.048524
v -0.146742 0.040452 0.074000
vn 0.936705 -0.299971 -0.180557
v -0.146096 0.042730 0.074868
vn 0.957900 -0.283782 -0.043547
v -0.146168 0.042753 0.074000
vn 0.929688 -0.364210 -0.055055
v -0.145975 0.043314 0.074000
vn 0.877674 -0.443367 -0.181976
v -0.145079 0.045183 0.074868
vn 0.897932 -0.437974 -0.043555
v -0.145147 0.045218 0.074000
vn 0.856890 -0.512053 -0.059502
v -0.144722 0.046000 0.074000
vn 0.796521 -0.576379 -0.182595
v -0.143692 0.047448 0.074868
vn 0.813338 -0.580159 -0.043559
v -0.143753 0.047492 0.074000
vn 0.761308 -0.645432 -0.061875
v -0.143023 0.048427 0.074000
vn 0.691685 -0.699959 -0.177845
v -0.141967 0.049467 0.074868
vn 0.701367 -0.711121 -0.048892
v -0.142021 0.049521 0.074000
vn 0.574477 -0.798877 -0.178246
v -0.139948 0.051192 0.074868
vn 0.652466 -0.753028 -0.085066
v -0.140927 0.050523 0.074000
vn 0.575836 -0.816181 -0.047555
v -0.139992 0.051253 0.074000
vn 0.442418 -0.878826 -0.178693
v -0.137683 0.052579 0.074868
vn 0.518270 -0.852091 -0.073059
v -0.138500 0.052222 0.074000
vn 0.434819 -0.899331 -0.046216
v -0.137718 0.052647 0.074000
vn 0.301778 -0.936283 -0.179737
v -0.135230 0.053596 0.074868
vn 0.368568 -0.927555 -0.061637
v -0.135814 0.053475 0.074000
vn 0.039180 -0.998283 -0.043537
v -0.130000 0.054500 0.074000
vn 0.038588 -0.984139 -0.173150
v -0.130000 0.054424 0.074868
vn 0.121795 -0.991600 -0.043538
v -0.132659 0.054291 0.074000
vn 0.150300 -0.972568 -0.177541
v -0.132647 0.054216 0.074868
vn 0.205244 -0.977468 -0.049297
v -0.132952 0.054242 0.074000
vn 0.283781 -0.957900 -0.043551
v -0.135253 0.053668 0.074000
vn 0.036846 -0.939306 -0.341095
v -0.130000 0.054198 0.075710
vn 0.147080 -0.928622 -0.340630
v -0.132612 0.053993 0.075710
vn 0.290537 -0.894182 -0.340628
v -0.135160 0.053381 0.075710
vn 0.426841 -0.837723 -0.340627
v -0.137581 0.052378 0.075710
vn 0.552634 -0.760636 -0.340629
v -0.139815 0.051009 0.075710
vn 0.664820 -0.664820 -0.340629
v -0.141808 0.049308 0.075710
vn 0.760636 -0.552633 -0.340631
v -0.143509 0.047315 0.075710
vn 0.837721 -0.426840 -0.340632
v -0.144878 0.045081 0.075710
vn 0.894181 -0.290538 -0.340629
v -0.145881 0.042660 0.075710
vn 0.928623 -0.147079 -0.340628
v -0.146493 0.040112 0.075710
vn 0.939308 -0.036846 -0.341091
v -0.146698 0.037500 0.075710
vn 0.033998 -0.866064 -0.498777
v -0.130000 0.053830 0.076500
vn 0.135645 -0.856429 -0.498126
v -0.132555 0.053629 0.076500
vn 0.267950 -0.824667 -0.498124
v -0.135046 0.053031 0.076500
vn 0.393658 -0.772596 -0.498126
v -0.137414 0.052050 0.076500
vn 0.509672 -0.701503 -0.498125
v -0.139599 0.050711 0.076500
vn 0.613136 -0.613136 -0.498126
v -0.141547 0.049047 0.076500
vn 0.701503 -0.509671 -0.498126
v -0.143211 0.047099 0.076500
vn 0.772599 -0.393660 -0.498119
v -0.144550 0.044914 0.076500
vn 0.824669 -0.267952 -0.498120
v -0.145531 0.042546 0.076500
vn 0.856428 -0.135643 -0.498129
v -0.146129 0.040055 0.076500
vn 0.866066 -0.034000 -0.498773
v -0.146330 0.037500 0.076500
vn 0.030124 -0.766590 -0.641430
v -0.130000 0.053330 0.077214
vn 0.120116 -0.758380 -0.640649
v -0.132476 0.053135 0.077214
vn 0.237273 -0.730253 -0.640650
v -0.134892 0.052555 0.077214
vn 0.348589 -0.684144 -0.640651
v -0.137187 0.051605 0.077214
vn 0.451321 -0.621190 -0.640650
v -0.139305 0.050307 0.077214
vn 0.542940 -0.542940 -0.640650
v -0.141194 0.048694 0.077214
vn 0.621190 -0.451323 -0.640648
v -0.142807 0.046805 0.077214
vn 0.684144 -0.348590 -0.640650
v -0.144105 0.044687 0.077214
vn 0.730253 -0.237272 -0.640650
v -0.145055 0.042392 0.077214
vn 0.758380 -0.120116 -0.640650
v -0.145635 0.039976 0.077214
vn 0.766587 -0.030124 -0.641433
v -0.145830 0.037500 0.077214
vn 0.025334 -0.643852 -0.764731
v -0.130000 0.052714 0.077830
vn 0.100952 -0.637387 -0.763902
v -0.132380 0.052527 0.077830
vn 0.199419 -0.613747 -0.763903
v -0.134701 0.051969 0.077830
vn 0.292975 -0.574996 -0.763902
v -0.136907 0.051056 0.077830
vn 0.379316 -0.522084 -0.763902
v -0.138943 0.049808 0.077830
vn 0.456318 -0.456319 -0.763902
v -0.140758 0.048258 0.077830
vn 0.522083 -0.379316 -0.763903
v -0.142308 0.046443 0.077830
vn 0.574993 -0.292974 -0.763904
v -0.143556 0.044407 0.077830
vn 0.613746 -0.199417 -0.763904
v -0.144469 0.042201 0.077830
vn 0.637388 -0.100952 -0.763902
v -0.145027 0.039880 0.077830
vn 0.643850 -0.025334 -0.764732
v -0.145214 0.037500 0.077830
vn 0.019770 -0.501526 -0.864916
v -0.130000 0.052000 0.078330
vn 0.078726 -0.497056 -0.864140
v -0.132268 0.051821 0.078330
vn 0.155513 -0.478620 -0.864140
v -0.134481 0.051290 0.078330
vn 0.228472 -0.448402 -0.864139
v -0.136583 0.050420 0.078330
vn 0.295805 -0.407140 -0.864139
v -0.138523 0.049231 0.078330
vn 0.355854 -0.355854 -0.864139
v -0.140253 0.047753 0.078330
vn 0.407139 -0.295803 -0.864140
v -0.141731 0.046023 0.078330
vn 0.448401 -0.228473 -0.864139
v -0.142920 0.044083 0.078330
vn 0.478620 -0.155512 -0.864141
v -0.143790 0.041981 0.078330
vn 0.497059 -0.078727 -0.864138
v -0.144321 0.039768 0.078330
vn 0.501529 -0.019770 -0.864915
v -0.144500 0.037500 0.078330
vn 0.013596 -0.343904 -0.938907
v -0.130000 0.051210 0.078698
vn 0.054104 -0.341597 -0.938288
v -0.132145 0.051041 0.078698
vn 0.106875 -0.328928 -0.938288
v -0.134237 0.050539 0.078698
vn 0.157014 -0.308158 -0.938288
v -0.136224 0.049716 0.078698
vn 0.203287 -0.279801 -0.938289
v -0.138059 0.048592 0.078698
vn 0.244557 -0.244557 -0.938288
v -0.139695 0.047195 0.078698
vn 0.279803 -0.203289 -0.938288
v -0.141092 0.045559 0.078698
vn 0.308158 -0.157014 -0.938288
v -0.142216 0.043724 0.078698
vn 0.328927 -0.106875 -0.938288
v -0.143039 0.041737 0.078698
vn 0.341595 -0.054104 -0.938289
v -0.143541 0.039645 0.078698
vn 0.343903 -0.013596 -0.938907
v -0.143710 0.037500 0.078698
vn 0.006996 -0.175755 -0.984409
v -0.130000 0.050368 0.078924
vn 0.027825 -0.175680 -0.984054
v -0.132013 0.050210 0.078924
vn 0.054965 -0.169164 -0.984054
v -0.133977 0.049738 0.078924
vn 0.080751 -0.158483 -0.984054
v -0.135842 0.048966 0.078924
vn 0.104549 -0.143901 -0.984054
v -0.137564 0.047911 0.078924
vn 0.125773 -0.125772 -0.984054
v -0.139099 0.046599 0.078924
vn 0.143900 -0.104550 -0.984054
v -0.140411 0.045064 0.078924
vn 0.158484 -0.080751 -0.984054
v -0.141466 0.043342 0.078924
vn 0.169164 -0.054964 -0.984054
v -0.142238 0.041477 0.078924
vn 0.175679 -0.027825 -0.984054
v -0.142710 0.039513 0.078924
vn 0.175754 -0.006996 -0.984409
v -0.142868 0.037500 0.078924
vn 0.998283 0.039181 -0.043542
v -0.147000 -0.037500 0.074000
vn 0.984139 0.038589 -0.173152
v -0.146924 -0.037500 0.074868
vn 0.939308 0.036846 -0.341090
v -0.146698 -0.037500 0.075710
vn 0.866065 0.033998 -0.498774
v -0.146330 -0.037500 0.076500
vn 0.766587 0.030125 -0.641434
v -0.145830 -0.037500 0.077214
vn 0.643850 0.025335 -0.764732
v -0.145214 -0.037500 0.077830
vn 0.501529 0.019770 -0.864915
v -0.144500 -0.037500 0.078330
vn 0.343903 0.013596 -0.938907
v -0.143710 -0.037500 0.078698
vn 0.175754 0.006996 -0.984409
v -0.142868 -0.037500 0.078924
vn 0.150300 0.972568 -0.177540
v -0.132647 -0.054216 0.074868
vn 0.038588 0.984139 -0.173150
v -0.130000 -0.054424 0.074868
vn 0.039180 0.998283 -0.043537
v -0.130000 -0.054500 0.074000
vn 0.122303 0.991573 -0.042725
v -0.132659 -0.054291 0.074000
vn 0.204755 0.977610 -0.048522
v -0.132952 -0.054242 0.074000
vn 0.299972 0.936705 -0.180555
v -0.135230 -0.053596 0.074868
vn 0.283781 0.957900 -0.043551
v -0.135253 -0.053668 0.074000
vn 0.364210 0.929688 -0.055059
v -0.135814 -0.053475 0.074000
vn 0.443367 0.877674 -0.181973
v -0.137683 -0.052579 0.074868
vn 0.437973 0.897932 -0.043558
v -0.137718 -0.052647 0.074000
vn 0.512051 0.856892 -0.059506
v -0.138500 -0.052222 0.074000
vn 0.576379 0.796521 -0.182598
v -0.139948 -0.051192 0.074868
vn 0.580161 0.813336 -0.043562
v -0.139992 -0.051253 0.074000
vn 0.645433 0.761307 -0.061876
v -0.140927 -0.050523 0.074000
vn 0.699959 0.691686 -0.177845
v -0.141967 -0.049467 0.074868
vn 0.711120 0.701368 -0.048892
v -0.142021 -0.049521 0.074000
vn 0.798878 0.574477 -0.178244
v -0.143692 -0.047448 0.074868
vn 0.753029 0.652466 -0.085066
v -0.143023 -0.048427 0.074000
vn 0.816183 0.575834 -0.047551
v -0.143753 -0.047492 0.074000
vn 0.878825 0.442419 -0.178697
v -0.145079 -0.045183 0.074868
vn 0.852090 0.518272 -0.073055
v -0.144722 -0.046000 0.074000
vn 0.899331 0.434820 -0.046213
v -0.145147 -0.045218 0.074000
vn 0.936282 0.301778 -0.179738
v -0.146096 -0.042730 0.074868
vn 0.927556 0.368568 -0.061633
v -0.145975 -0.043314 0.074000
vn 0.991601 0.121788 -0.043540
v -0.146791 -0.040159 0.074000
vn 0.972569 0.150297 -0.177537
v -0.146716 -0.040148 0.074868
vn 0.977470 0.205237 -0.049299
v -0.146742 -0.040452 0.074000
vn 0.957900 0.283782 -0.043547
v -0.146168 -0.042753 0.074000
vn 0.928623 0.147079 -0.340628
v -0.146493 -0.040112 0.075710
vn 0.894180 0.290538 -0.340631
v -0.145881 -0.042660 0.075710
vn 0.837722 0.426841 -0.340631
v -0.144878 -0.045081 0.075710
vn 0.760636 0.552634 -0.340630
v -0.143509 -0.047315 0.075710
vn 0.664820 0.664820 -0.340629
v -0.141808 -0.049308 0.075710
vn 0.552634 0.760636 -0.340630
v -0.139815 -0.051009 0.075710
vn 0.426842 0.837723 -0.340627
v -0.137581 -0.052378 0.075710
vn 0.290537 0.894182 -0.340628
v -0.135160 -0.053381 0.075710
vn 0.147079 0.928622 -0.340630
v -0.132612 -0.053993 0.075710
vn 0.036846 0.939306 -0.341096
v -0.130000 -0.054198 0.075710
vn 0.856427 0.135646 -0.498129
v -0.146129 -0.040055 0.076500
vn 0.824670 0.267950 -0.498119
v -0.145531 -0.042546 0.076500
vn 0.772599 0.393659 -0.498120
v -0.144550 -0.044914 0.076500
vn 0.701502 0.509672 -0.498126
v -0.143211 -0.047099 0.076500
vn 0.613136 0.613136 -0.498126
v -0.141547 -0.049047 0.076500
vn 0.509673 0.701503 -0.498124
v -0.139599 -0.050711 0.076500
vn 0.393657 0.772596 -0.498126
v -0.137414 -0.052050 0.076500
vn 0.267950 0.824666 -0.498125
v -0.135046 -0.053031 0.076500
vn 0.135645 0.856429 -0.498126
v -0.132555 -0.053629 0.076500
vn 0.033998 0.866064 -0.498777
v -0.130000 -0.053830 0.076500
vn 0.758380 0.120115 -0.640650
v -0.145635 -0.039976 0.077214
vn 0.730254 0.237272 -0.640649
v -0.145055 -0.042392 0.077214
vn 0.684144 0.348590 -0.640650
v -0.144105 -0.044687 0.077214
vn 0.621190 0.451322 -0.640649
v -0.142807 -0.046805 0.077214
vn 0.542940 0.542940 -0.640650
v -0.141194 -0.048694 0.077214
vn 0.451321 0.621190 -0.640650
v -0.139305 -0.050307 0.077214
vn 0.348588 0.684144 -0.640651
v -0.137187 -0.051605 0.077214
vn 0.237274 0.730253 -0.640649
v -0.134892 -0.052555 0.077214
vn 0.120116 0.758381 -0.640649
v -0.132476 -0.053135 0.077214
vn 0.030124 0.766590 -0.641430
v -0.130000 -0.053330 0.077214
vn 0.637389 0.100951 -0.763901
v -0.145027 -0.039880 0.077830
vn 0.613745 0.199418 -0.763904
v -0.144469 -0.042201 0.077830
vn 0.574993 0.292974 -0.763904
v -0.143556 -0.044407 0.077830
vn 0.522084 0.379316 -0.763903
v -0.142308 -0.046443 0.077830
vn 0.456318 0.456318 -0.763903
v -0.140758 -0.048258 0.077830
vn 0.379316 0.522085 -0.763902
v -0.138943 -0.049808 0.077830
vn 0.292975 0.574996 -0.763901
v -0.136907 -0.051056 0.077830
vn 0.199419 0.613747 -0.763902
v -0.134701 -0.051969 0.077830
vn 0.100952 0.637387 -0.763903
v -0.132380 -0.052527 0.077830
vn 0.025334 0.643851 -0.764731
v -0.130000 -0.052714 0.077830
vn 0.497058 0.078726 -0.864138
v -0.144321 -0.039768 0.078330
vn 0.478619 0.155514 -0.864141
v -0.143790 -0.041981 0.078330
vn 0.448402 0.228472 -0.864139
v -0.142920 -0.044083 0.078330
vn 0.407138 0.295804 -0.864140
v -0.141731 -0.046023 0.078330
vn 0.355856 0.355854 -0.864138
v -0.140253 -0.047753 0.078330
vn 0.295805 0.407140 -0.864139
v -0.138523 -0.049231 0.078330
vn 0.228472 0.448401 -0.864139
v -0.136583 -0.050420 0.078330
vn 0.155513 0.478621 -0.864140
v -0.134481 -0.051290 0.078330
vn 0.078726 0.497056 -0.864140
v -0.132268 -0.051821 0.078330
vn 0.019770 0.501526 -0.864916
v -0.130000 -0.052000 0.078330
vn 0.341594 0.054104 -0.938289
v -0.143541 -0.039645 0.078698
vn 0.328927 0.106875 -0.938288
v -0.143039 -0.041737 0.078698
vn 0.308158 0.157015 -0.938288
v -0.142216 -0.043724 0.078698
vn 0.279804 0.203289 -0.938287
v -0.141092 -0.045559 0.078698
vn 0.244557 0.244557 -0.938288
v -0.139695 -0.047195 0.078698
vn 0.203287 0.279801 -0.938289
v -0.138059 -0.048592 0.078698
vn 0.157014 0.308158 -0.938288
v -0.136224 -0.049716 0.078698
vn 0.106875 0.328927 -0.938288
v -0.134237 -0.050539 0.078698
vn 0.054104 0.341597 -0.938288
v -0.132145 -0.051041 0.078698
vn 0.013596 0.343904 -0.938906
v -0.130000 -0.051210 0.078698
vn 0.175679 0.027825 -0.984054
v -0.142710 -0.039513 0.078924
vn 0.169164 0.054965 -0.984054
v -0.142238 -0.041477 0.078924
vn 0.158484 0.080751 -0.984054
v -0.141466 -0.043342 0.078924
vn 0.143900 0.104549 -0.984054
v -0.140411 -0.045064 0.078924
vn 0.125772 0.125773 -0.984054
v -0.139099 -0.046599 0.078924
vn 0.104550 0.143900 -0.984054
v -0.137564 -0.047911 0.078924
vn 0.080751 0.158483 -0.984054
v -0.135842 -0.048966 0.078924
vn 0.054965 0.169165 -0.984054
v -0.133977 -0.049738 0.078924
vn 0.027825 0.175680 -0.984054
v -0.132013 -0.050210 0.078924
vn 0.006996 0.175755 -0.984409
v -0.130000 -0.050368 0.078924
vn -0.998754 0.037140 -0.033342
v 0.007000 -0.049500 0.074000
vn -0.696351 0.030403 -0.717057
v 0.007000 -0.049500 0.022000
vn -0.043525 0.998104 -0.043525
v 0.002000 -0.054500 0.074000
vn -0.043514 0.983875 -0.173483
v 0.002000 -0.054424 0.074868
vn -0.043514 0.938803 -0.341696
v 0.002000 -0.054198 0.075710
vn -0.043514 0.865205 -0.499527
v 0.002000 -0.053830 0.076500
vn -0.043514 0.765320 -0.642178
v 0.002000 -0.053330 0.077214
vn -0.043515 0.642179 -0.765318
v 0.002000 -0.052714 0.077830
vn -0.043517 0.499526 -0.865205
v 0.002000 -0.052000 0.078330
vn -0.043515 0.341695 -0.938803
v 0.002000 -0.051210 0.078698
vn -0.042494 0.174516 -0.983737
v 0.002000 -0.050368 0.078924
vn -0.043524 -0.998104 -0.043524
v 0.002000 0.054500 0.074000
vn -0.043514 -0.983875 -0.173483
v 0.002000 0.054424 0.074868
vn -0.043514 -0.938802 -0.341697
v 0.002000 0.054198 0.075710
vn -0.043513 -0.865205 -0.499526
v 0.002000 0.053830 0.076500
vn -0.043514 -0.765320 -0.642178
v 0.002000 0.053330 0.077214
vn -0.043514 -0.642180 -0.765318
v 0.002000 0.052714 0.077830
vn -0.043516 -0.499525 -0.865206
v 0.002000 0.052000 0.078330
vn -0.043517 -0.341694 -0.938803
v 0.002000 0.051210 0.078698
vn -0.043513 -0.173486 -0.983875
v 0.002000 0.050368 0.078924
vn -0.696350 -0.030403 -0.717058
v 0.007000 0.049500 0.022000
vn -0.998720 -0.035768 -0.035768
v 0.007000 0.049500 0.074000
vn -0.119185 -0.675934 -0.727261
v 0.002868 0.054424 0.022000
vn -0.021802 -0.999666 -0.013897
v 0.002000 0.054500 0.022000
vn -0.024784 -0.714317 -0.699383
v 0.016576 0.054500 0.022000
vn -0.234750 -0.644970 -0.727260
v 0.003710 0.054198 0.022000
vn -0.644969 -0.234750 -0.727260
v 0.006698 0.051210 0.022000
vn -0.594407 -0.343181 -0.727260
v 0.006330 0.052000 0.022000
vn -0.525784 -0.441185 -0.727260
v 0.005830 0.052714 0.022000
vn -0.021802 0.999666 -0.013897
v 0.002000 -0.054500 0.022000
vn -0.119185 0.675934 -0.727261
v 0.002868 -0.054424 0.022000
vn -0.024784 0.714317 -0.699383
v 0.016576 -0.054500 0.022000
vn -0.234750 0.644970 -0.727260
v 0.003710 -0.054198 0.022000
vn -0.441185 -0.525783 -0.727260
v 0.005214 0.053330 0.022000
vn -0.343180 -0.594407 -0.727260
v 0.004500 0.053830 0.022000
vn -0.197783 -0.694440 -0.691834
v 0.021232 0.053850 0.022000
vn -0.289973 -0.660684 -0.692396
v 0.023448 0.053049 0.022000
vn -0.675935 -0.119185 -0.727260
v 0.006924 0.050368 0.022000
vn -0.343180 0.594407 -0.727260
v 0.004500 -0.053830 0.022000
vn -0.441185 0.525784 -0.727260
v 0.005214 -0.053330 0.022000
vn -0.525784 0.441185 -0.727260
v 0.005830 -0.052714 0.022000
vn -0.594407 0.343181 -0.727260
v 0.006330 -0.052000 0.022000
vn -0.644969 0.234750 -0.727260
v 0.006698 -0.051210 0.022000
vn -0.099851 0.715119 -0.691834
v 0.018926 -0.054337 0.022000
vn -0.675935 0.119186 -0.727260
v 0.006924 -0.050368 0.022000
vn -0.197783 0.694440 -0.691834
v 0.021232 -0.053850 0.022000
vn -0.289973 0.660684 -0.692396
v 0.023448 -0.053049 0.022000
vn -0.099851 -0.715119 -0.691834
v 0.018926 0.054337 0.022000
vn -0.373449 -0.616719 -0.692960
v 0.030043 0.049613 0.022000
vn -0.373449 0.616719 -0.692960
v 0.030043 -0.049613 0.022000
vn -0.449281 0.563873 -0.692960
v 0.036143 -0.045362 0.022000
vn -0.517730 0.501760 -0.692960
v 0.041650 -0.040365 0.022000
vn -0.577669 0.431399 -0.692960
v 0.046471 -0.034705 0.022000
vn -0.628114 0.353949 -0.692960
v 0.050530 -0.028474 0.022000
vn -0.668236 0.270680 -0.692960
v 0.053757 -0.021775 0.022000
vn -0.697374 0.182964 -0.692960
v 0.056101 -0.014719 0.022000
vn -0.715051 0.092240 -0.692960
v 0.057523 -0.007420 0.022000
vn 0.000000 0.000000 -1.000000
v 0.058000 0.000000 0.022000
vn -0.449281 -0.563873 -0.692960
v 0.036143 0.045362 0.022000
vn -0.517730 -0.501760 -0.692960
v 0.041650 0.040365 0.022000
vn -0.577669 -0.431399 -0.692960
v 0.046471 0.034705 0.022000
vn -0.628114 -0.353949 -0.692960
v 0.050530 0.028474 0.022000
vn -0.668236 -0.270680 -0.692960
v 0.053757 0.021775 0.022000
vn -0.697374 -0.182964 -0.692960
v 0.056101 0.014719 0.022000
vn -0.715051 -0.092240 -0.692960
v 0.057523 0.007420 0.022000
vn -1.000000 0.000000 0.000000
v 0.058000 0.000000 0.022000
vn -1.000000 0.000000 0.000000
v 0.058000 0.000000 0.001000
vn 0.000000 -0.707105 -0.707108
v 0.016576 -0.057200 0.000000
vn 0.000000 -0.707105 -0.707108
v -0.130000 -0.057200 0.000000
vn 0.000000 0.707105 -0.707108
v 0.016576 0.057200 0.000000
vn 0.000000 0.707105 -0.707108
v -0.130000 0.057200 0.000000
vn -0.173080 0.983975 -0.042865
v 0.002868 -0.054424 0.074000
vn -0.340965 0.939184 -0.040934
v 0.003710 -0.054198 0.074000
vn -0.498605 0.866006 -0.037776
v 0.004500 -0.053830 0.074000
vn -0.641246 0.766605 -0.033480
v 0.005214 -0.053330 0.074000
vn -0.764557 0.643941 -0.028165
v 0.005830 -0.052714 0.074000
vn -0.864772 0.501684 -0.021989
v 0.006330 -0.052000 0.074000
vn -0.938807 0.344110 -0.015130
v 0.006698 -0.051210 0.074000
vn -0.984362 0.175986 -0.007798
v 0.006924 -0.050368 0.074000
vn -0.121382 0.044304 -0.991617
v 0.002782 -0.049500 0.078938
vn -0.203235 0.042667 -0.978200
v 0.002868 -0.049500 0.078924
vn -0.172178 0.174859 -0.969422
v 0.002868 -0.050355 0.078849
vn -0.283126 0.043899 -0.958078
v 0.003545 -0.049500 0.078755
vn -0.361771 0.040642 -0.931381
v 0.003710 -0.049500 0.078698
vn -0.340086 0.169317 -0.925026
v 0.003710 -0.050316 0.078627
vn -0.437286 0.042427 -0.898321
v 0.004270 -0.049500 0.078455
vn -0.510453 0.037507 -0.859087
v 0.004500 -0.049500 0.078330
vn -0.497673 0.158391 -0.852780
v 0.004500 -0.050252 0.078264
vn -0.579659 0.040046 -0.813875
v 0.004939 -0.049500 0.078045
vn -0.645230 0.033343 -0.763261
v 0.005214 -0.049500 0.077830
vn -0.640210 0.142496 -0.754868
v 0.005214 -0.050165 0.077772
vn -0.706350 0.036950 -0.706898
v 0.005536 -0.049500 0.077536
vn -0.762391 0.028264 -0.646499
v 0.005830 -0.049500 0.077214
vn -0.763383 0.122151 -0.634291
v 0.005830 -0.050058 0.077165
vn -0.813848 0.033351 -0.580120
v 0.006045 -0.049500 0.076939
vn -0.858712 0.022404 -0.511969
v 0.006330 -0.049500 0.076500
vn -0.863467 0.097985 -0.494796
v 0.006330 -0.049934 0.076462
vn -0.899105 0.029431 -0.436742
v 0.006455 -0.049500 0.076270
vn -0.931521 0.015925 -0.363338
v 0.006698 -0.049500 0.075710
vn -0.937480 0.070757 -0.340770
v 0.006698 -0.049797 0.075684
vn -0.983970 0.114633 -0.136613
v 0.006924 -0.050058 0.074665
vn -0.983970 0.136612 -0.114632
v 0.006924 -0.050165 0.074558
vn -0.938131 0.265267 -0.222583
v 0.006698 -0.050810 0.075099
vn -0.959528 0.025303 -0.280474
v 0.006755 -0.049500 0.075545
vn -0.978788 0.008994 -0.204676
v 0.006924 -0.049500 0.074868
vn -0.983335 0.041401 -0.177024
v 0.006924 -0.049651 0.074855
vn -0.983970 0.060995 -0.167580
v 0.006924 -0.049797 0.074816
vn -0.993077 0.021036 -0.115566
v 0.006938 -0.049500 0.074782
vn -0.983970 0.089166 -0.154445
v 0.006924 -0.049934 0.074752
vn -0.938131 0.118436 -0.325398
v 0.006698 -0.050085 0.075607
vn -0.938131 0.173141 -0.299887
v 0.006698 -0.050355 0.075481
vn -0.938131 0.222585 -0.265266
v 0.006698 -0.050599 0.075310
vn -0.863930 0.436142 -0.251805
v 0.006330 -0.051665 0.075250
vn -0.938131 0.299888 -0.173142
v 0.006698 -0.050981 0.074855
vn -0.983969 0.154444 -0.089171
v 0.006924 -0.050252 0.074434
vn -0.863930 0.172247 -0.473240
v 0.006330 -0.050355 0.076349
vn -0.863929 0.251804 -0.436143
v 0.006330 -0.050750 0.076165
vn -0.863929 0.323715 -0.385791
v 0.006330 -0.051107 0.075915
vn -0.863930 0.385791 -0.323715
v 0.006330 -0.051415 0.075607
vn -0.763667 0.606675 -0.220812
v 0.005830 -0.052520 0.075099
vn -0.863929 0.473241 -0.172246
v 0.006330 -0.051849 0.074855
vn -0.938131 0.325398 -0.118436
v 0.006698 -0.051107 0.074585
vn -0.983970 0.167581 -0.060994
v 0.006924 -0.050316 0.074297
vn -0.763668 0.220813 -0.606674
v 0.005830 -0.050599 0.077020
vn -0.763667 0.322805 -0.559115
v 0.005830 -0.051107 0.076783
vn -0.763667 0.414989 -0.494567
v 0.005830 -0.051566 0.076462
vn -0.763667 0.494566 -0.414990
v 0.005830 -0.051962 0.076066
vn -0.763667 0.559115 -0.322805
v 0.005830 -0.052283 0.075607
vn -0.640415 0.756361 -0.133369
v 0.005214 -0.053272 0.074665
vn -0.763667 0.635802 -0.112109
v 0.005830 -0.052665 0.074558
vn -0.863929 0.495962 -0.087453
v 0.006330 -0.051962 0.074434
vn -0.938131 0.341021 -0.060132
v 0.006698 -0.051184 0.074297
vn -0.983970 0.175627 -0.030968
v 0.006924 -0.050355 0.074151
vn -0.640414 0.262684 -0.721711
v 0.005214 -0.050810 0.077599
vn -0.640414 0.384017 -0.665132
v 0.005214 -0.051415 0.077317
vn -0.640413 0.493678 -0.588347
v 0.005214 -0.051962 0.076934
vn -0.640414 0.588344 -0.493681
v 0.005214 -0.052434 0.076462
vn -0.640415 0.665133 -0.384013
v 0.005214 -0.052817 0.075915
vn -0.640415 0.721711 -0.262681
v 0.005214 -0.053099 0.075310
vn -0.497915 0.296609 -0.814925
v 0.004500 -0.050981 0.078069
vn -0.497917 0.433613 -0.751038
v 0.004500 -0.051665 0.077750
vn -0.497918 0.557441 -0.664332
v 0.004500 -0.052283 0.077317
vn -0.497916 0.664332 -0.557443
v 0.004500 -0.052817 0.076783
vn -0.497916 0.751039 -0.433613
v 0.004500 -0.053250 0.076165
vn -0.497917 0.814925 -0.296608
v 0.004500 -0.053569 0.075481
vn -0.497916 0.854050 -0.150593
v 0.004500 -0.053764 0.074752
vn -0.340476 0.925969 -0.163273
v 0.003710 -0.054127 0.074816
vn -0.340476 0.883549 -0.321586
v 0.003710 -0.053915 0.075607
vn -0.340477 0.814283 -0.470126
v 0.003710 -0.053569 0.076349
vn -0.340477 0.720276 -0.604382
v 0.003710 -0.053099 0.077020
vn -0.340478 0.604382 -0.720276
v 0.003710 -0.052520 0.077599
vn -0.340476 0.470125 -0.814284
v 0.003710 -0.051849 0.078069
vn -0.340475 0.321585 -0.883549
v 0.003710 -0.051107 0.078415
vn -0.172827 0.969988 -0.171036
v 0.002868 -0.054349 0.074855
vn -0.172827 0.925552 -0.336873
v 0.002868 -0.054127 0.075684
vn -0.172827 0.852993 -0.492477
v 0.002868 -0.053764 0.076462
vn -0.172826 0.754517 -0.633115
v 0.002868 -0.053272 0.077165
vn -0.172826 0.633114 -0.754518
v 0.002868 -0.052665 0.077772
vn -0.172828 0.492474 -0.852994
v 0.002868 -0.051962 0.078264
vn -0.172829 0.336875 -0.925552
v 0.002868 -0.051184 0.078627
vn -0.173083 -0.042864 -0.983974
v 0.002868 0.049500 0.078924
vn -0.340963 -0.040936 -0.939185
v 0.003710 0.049500 0.078698
vn -0.498605 -0.037777 -0.866006
v 0.004500 0.049500 0.078330
vn -0.641247 -0.033477 -0.766604
v 0.005214 0.049500 0.077830
vn -0.764558 -0.028162 -0.643940
v 0.005830 0.049500 0.077214
vn -0.864772 -0.021985 -0.501684
v 0.006330 0.049500 0.076500
vn -0.938807 -0.015130 -0.344110
v 0.006698 0.049500 0.075710
vn -0.984362 -0.007795 -0.175985
v 0.006924 0.049500 0.074868
vn -0.983969 -0.154444 -0.089170
v 0.006924 0.050252 0.074434
vn -0.983970 -0.136612 -0.114633
v 0.006924 0.050165 0.074558
vn -0.938131 -0.265267 -0.222584
v 0.006698 0.050810 0.075099
vn -0.983970 -0.175627 -0.030968
v 0.006924 0.050355 0.074151
vn -0.984362 -0.175986 -0.007797
v 0.006924 0.050368 0.074000
vn -0.983970 -0.167581 -0.060994
v 0.006924 0.050316 0.074297
vn -0.938807 -0.344110 -0.015130
v 0.006698 0.051210 0.074000
vn -0.938131 -0.341021 -0.060131
v 0.006698 0.051184 0.074297
vn -0.938131 -0.325398 -0.118436
v 0.006698 0.051107 0.074585
vn -0.938131 -0.299888 -0.173141
v 0.006698 0.050981 0.074855
vn -0.863930 -0.323715 -0.385790
v 0.006330 0.051107 0.075915
vn -0.938131 -0.222586 -0.265266
v 0.006698 0.050599 0.075310
vn -0.983970 -0.114634 -0.136613
v 0.006924 0.050058 0.074665
vn -0.864772 -0.501683 -0.021989
v 0.006330 0.052000 0.074000
vn -0.863929 -0.495962 -0.087452
v 0.006330 0.051962 0.074434
vn -0.863929 -0.473242 -0.172246
v 0.006330 0.051849 0.074855
vn -0.863929 -0.436142 -0.251806
v 0.006330 0.051665 0.075250
vn -0.863929 -0.385791 -0.323715
v 0.006330 0.051415 0.075607
vn -0.763667 -0.322806 -0.559115
v 0.005830 0.051107 0.076783
vn -0.863930 -0.251804 -0.436142
v 0.006330 0.050750 0.076165
vn -0.938131 -0.173141 -0.299888
v 0.006698 0.050355 0.075481
vn -0.983970 -0.089166 -0.154445
v 0.006924 0.049934 0.074752
vn -0.764557 -0.643941 -0.028165
v 0.005830 0.052714 0.074000
vn -0.763667 -0.635802 -0.112109
v 0.005830 0.052665 0.074558
vn -0.763667 -0.606676 -0.220811
v 0.005830 0.052520 0.075099
vn -0.763667 -0.559115 -0.322805
v 0.005830 0.052283 0.075607
vn -0.763667 -0.494566 -0.414990
v 0.005830 0.051962 0.076066
vn -0.763667 -0.414990 -0.494567
v 0.005830 0.051566 0.076462
vn -0.640413 -0.262685 -0.721712
v 0.005214 0.050810 0.077599
vn -0.763668 -0.220811 -0.606674
v 0.005830 0.050599 0.077020
vn -0.863930 -0.172246 -0.473241
v 0.006330 0.050355 0.076349
vn -0.938131 -0.118437 -0.325398
v 0.006698 0.050085 0.075607
vn -0.983970 -0.060994 -0.167580
v 0.006924 0.049797 0.074816
vn -0.641246 -0.766604 -0.033479
v 0.005214 0.053330 0.074000
vn -0.640416 -0.756360 -0.133369
v 0.005214 0.053272 0.074665
vn -0.640415 -0.721711 -0.262681
v 0.005214 0.053099 0.075310
vn -0.640415 -0.665133 -0.384014
v 0.005214 0.052817 0.075915
vn -0.640414 -0.588345 -0.493681
v 0.005214 0.052434 0.076462
vn -0.640414 -0.493679 -0.588347
v 0.005214 0.051962 0.076934
vn -0.640414 -0.384016 -0.665133
v 0.005214 0.051415 0.077317
vn -0.497914 -0.150595 -0.854051
v 0.004500 0.050252 0.078264
vn -0.640414 -0.133367 -0.756362
v 0.005214 0.050165 0.077772
vn -0.763668 -0.112107 -0.635801
v 0.005830 0.050058 0.077165
vn -0.863929 -0.087452 -0.495963
v 0.006330 0.049934 0.076462
vn -0.938131 -0.060131 -0.341020
v 0.006698 0.049797 0.075684
vn -0.983970 -0.030969 -0.175627
v 0.006924 0.049651 0.074855
vn -0.498605 -0.866006 -0.037776
v 0.004500 0.053830 0.074000
vn -0.497916 -0.854050 -0.150593
v 0.004500 0.053764 0.074752
vn -0.497917 -0.814925 -0.296609
v 0.004500 0.053569 0.075481
vn -0.497916 -0.751039 -0.433613
v 0.004500 0.053250 0.076165
vn -0.497917 -0.664332 -0.557442
v 0.004500 0.052817 0.076783
vn -0.497918 -0.557440 -0.664333
v 0.004500 0.052283 0.077317
vn -0.497917 -0.433613 -0.751038
v 0.004500 0.051665 0.077750
vn -0.497916 -0.296609 -0.814925
v 0.004500 0.050981 0.078069
vn -0.340965 -0.939184 -0.040934
v 0.003710 0.054198 0.074000
vn -0.340476 -0.925969 -0.163273
v 0.003710 0.054127 0.074816
vn -0.340476 -0.883549 -0.321586
v 0.003710 0.053915 0.075607
vn -0.340476 -0.814283 -0.470127
v 0.003710 0.053569 0.076349
vn -0.340475 -0.720277 -0.604382
v 0.003710 0.053099 0.077020
vn -0.340478 -0.604381 -0.720277
v 0.003710 0.052520 0.077599
vn -0.340476 -0.470126 -0.814284
v 0.003710 0.051849 0.078069
vn -0.340476 -0.321586 -0.883549
v 0.003710 0.051107 0.078415
vn -0.340477 -0.163273 -0.925968
v 0.003710 0.050316 0.078627
vn -0.172828 -0.171036 -0.969988
v 0.002868 0.050355 0.078849
vn -0.172827 -0.336876 -0.925552
v 0.002868 0.051184 0.078627
vn -0.172829 -0.492473 -0.852995
v 0.002868 0.051962 0.078264
vn -0.172827 -0.633115 -0.754518
v 0.002868 0.052665 0.077772
vn -0.172827 -0.754517 -0.633115
v 0.002868 0.053272 0.077165
vn -0.172828 -0.852993 -0.492477
v 0.002868 0.053764 0.076462
vn -0.172827 -0.925552 -0.336873
v 0.002868 0.054127 0.075684
vn -0.172828 -0.969988 -0.171036
v 0.002868 0.054349 0.074855
vn -0.173080 -0.983975 -0.042864
v 0.002868 0.054424 0.074000
vn -0.656879 -0.094360 0.748068
v 0.036376 0.005573 0.110000
vn -0.652828 -0.130247 0.746225
v 0.036056 0.007361 0.110000
vn -0.104304 0.660275 0.743746
v 0.005903 -0.036323 0.110000
vn -0.060410 0.662223 0.746868
v 0.003723 -0.036611 0.110000
vn 0.000000 0.999994 0.003329
v -0.000000 -0.036800 0.079000
vn -0.144485 0.649717 0.746319
v 0.007408 -0.036047 0.110000
vn -0.185698 0.640831 0.744884
v 0.011017 -0.035112 0.110000
vn -0.302780 0.596164 0.743581
v 0.017102 -0.032585 0.110000
vn -0.261621 0.611242 0.746952
v 0.014512 -0.033818 0.110000
vn -0.221537 0.630772 0.743672
v 0.011653 -0.034906 0.110000
vn -0.335399 0.576706 0.744928
v 0.017859 -0.032176 0.110000
vn -0.371366 0.553162 0.745721
v 0.021023 -0.030204 0.110000
vn -0.471836 0.474174 0.743323
v 0.026540 -0.025492 0.110000
vn -0.437289 0.500726 0.747029
v 0.023971 -0.027922 0.110000
vn -0.404402 0.531569 0.744240
v 0.022107 -0.029419 0.110000
vn -0.549395 0.380762 0.743764
v 0.030286 -0.020905 0.110000
vn -0.521242 0.413384 0.746606
v 0.029101 -0.022526 0.110000
vn -0.495568 0.448834 0.743613
v 0.026672 -0.025354 0.110000
vn -0.569684 0.343297 0.746731
v 0.031230 -0.019466 0.110000
vn -0.592178 0.307923 0.744654
v 0.033039 -0.016207 0.110000
vn -0.640133 0.192941 0.743642
v 0.035347 -0.010238 0.110000
vn -0.622671 0.233192 0.746929
v 0.034509 -0.012781 0.110000
vn -0.609286 0.275551 0.743533
v 0.033247 -0.015776 0.110000
vn -0.648472 0.154871 0.745318
v 0.035625 -0.009224 0.110000
vn -0.656891 0.112953 0.745477
v 0.036376 -0.005573 0.110000
vn -0.663904 0.074781 0.744069
v 0.036532 -0.004436 0.110000
vn -0.664226 0.029838 0.746936
v 0.036753 -0.001864 0.110000
vn -0.668710 -0.013596 0.743399
v 0.036770 0.001482 0.110000
vn -0.666528 -0.048993 0.743869
v 0.036753 0.001864 0.110000
vn -0.640650 -0.176110 0.747364
v 0.035625 0.009224 0.110000
vn -0.631740 -0.216184 0.744426
v 0.034509 0.012781 0.110000
vn -0.581694 -0.329474 0.743693
v 0.031870 0.018400 0.110000
vn -0.598820 -0.289046 0.746905
v 0.033039 0.016207 0.110000
vn -0.620229 -0.250316 0.743410
v 0.034409 0.013049 0.110000
vn -0.559061 -0.362439 0.745714
v 0.031230 0.019466 0.110000
vn -0.535245 -0.397662 0.745237
v 0.029101 0.022526 0.110000
vn -0.452068 -0.492828 0.743475
v 0.024403 0.027545 0.110000
vn -0.480452 -0.459541 0.746986
v 0.026672 0.025354 0.110000
vn -0.512808 -0.428531 0.743901
v 0.028505 0.023274 0.110000
vn -0.355763 -0.564917 0.744514
v 0.019668 0.031103 0.110000
vn -0.388333 -0.540871 0.746094
v 0.021023 0.030204 0.110000
vn -0.423840 -0.516038 0.744355
v 0.023971 0.027922 0.110000
vn -0.314214 -0.584907 0.747765
v 0.017859 0.032176 0.110000
vn -0.279582 -0.606626 0.744204
v 0.014512 0.033818 0.110000
vn -0.163675 -0.648131 0.743732
v 0.008807 0.035731 0.110000
vn -0.204782 -0.632641 0.746880
v 0.011017 0.035112 0.110000
vn -0.247427 -0.621519 0.743299
v 0.014424 0.033855 0.110000
vn -0.123126 -0.654333 0.746116
v 0.007408 0.036047 0.110000
vn -0.081556 -0.662060 0.745001
v 0.003723 0.036611 0.110000
vn 0.044010 -0.667234 0.743547
v -0.002961 0.036681 0.110000
vn 0.000000 -1.000000 0.000234
v 0.000000 0.036800 0.110000
vn -0.044349 -0.666990 0.743745
v 0.002961 0.036681 0.110000
vn 0.081194 -0.662402 0.744736
v -0.003723 0.036611 0.110000
vn 0.123577 -0.654558 0.745844
v -0.007408 0.036047 0.110000
vn 0.314815 -0.584829 0.747573
v -0.017859 0.032176 0.110000
vn 0.355474 -0.566095 0.743757
v -0.019668 0.031103 0.110000
vn 0.162779 -0.647669 0.744330
v -0.008807 0.035731 0.110000
vn 0.205233 -0.632306 0.747039
v -0.011017 0.035112 0.110000
vn 0.249709 -0.617939 0.745518
v -0.014424 0.033855 0.110000
vn 0.275109 -0.605217 0.747013
v -0.014512 0.033818 0.110000
vn 0.388565 -0.540110 0.746524
v -0.021023 0.030204 0.110000
vn 0.423061 -0.516082 0.744768
v -0.023971 0.027922 0.110000
vn 0.512756 -0.429094 0.743613
v -0.028505 0.023274 0.110000
vn 0.480857 -0.459191 0.746941
v -0.026672 0.025354 0.110000
vn 0.451788 -0.492894 0.743602
v -0.024403 0.027545 0.110000
vn 0.535245 -0.397877 0.745122
v -0.029101 0.022526 0.110000
vn 0.559263 -0.362365 0.745598
v -0.031230 0.019466 0.110000
vn 0.620236 -0.250441 0.743362
v -0.034409 0.013049 0.110000
vn 0.598936 -0.288511 0.747019
v -0.033039 0.016207 0.110000
vn 0.580934 -0.329777 0.744153
v -0.031870 0.018400 0.110000
vn 0.654845 -0.134119 0.743768
v -0.036056 0.007361 0.110000
vn 0.642036 -0.174821 0.746476
v -0.035625 0.009224 0.110000
vn 0.632087 -0.217333 0.743796
v -0.034509 0.012781 0.110000
vn 0.658616 -0.091143 0.746939
v -0.036376 0.005573 0.110000
vn 0.665707 -0.049951 0.744540
v -0.036753 0.001864 0.110000
vn 0.664411 0.074258 0.743669
v -0.036532 -0.004436 0.110000
vn 0.664223 0.030367 0.746917
v -0.036753 -0.001864 0.110000
vn 0.668629 -0.013752 0.743469
v -0.036770 0.001482 0.110000
vn 0.656839 0.113002 0.745515
v -0.036376 -0.005573 0.110000
vn 0.648444 0.154805 0.745356
v -0.035625 -0.009224 0.110000
vn 0.609468 0.275410 0.743437
v -0.033247 -0.015776 0.110000
vn 0.622412 0.233664 0.746997
v -0.034509 -0.012781 0.110000
vn 0.639920 0.192332 0.743983
v -0.035347 -0.010238 0.110000
vn 0.549151 0.379462 0.744609
v -0.030286 -0.020905 0.110000
vn 0.569789 0.344232 0.746220
v -0.031230 -0.019466 0.110000
vn 0.593002 0.307511 0.744168
v -0.033039 -0.016207 0.110000
vn 0.519347 0.414037 0.747564
v -0.029101 -0.022526 0.110000
vn 0.495719 0.447503 0.744314
v -0.026672 -0.025354 0.110000
vn 0.405312 0.531613 0.743714
v -0.022107 -0.029419 0.110000
vn 0.436988 0.501192 0.746893
v -0.023971 -0.027922 0.110000
vn 0.471865 0.474100 0.743353
v -0.026540 -0.025492 0.110000
vn 0.371007 0.553142 0.745914
v -0.021023 -0.030204 0.110000
vn 0.335541 0.576378 0.745118
v -0.017859 -0.032176 0.110000
vn 0.221881 0.630840 0.743511
v -0.011653 -0.034906 0.110000
vn 0.261120 0.611428 0.746975
v -0.014512 -0.033818 0.110000
vn 0.303023 0.595739 0.743822
v -0.017102 -0.032585 0.110000
vn 0.186300 0.641050 0.744545
v -0.011017 -0.035112 0.110000
vn 0.144066 0.650212 0.745968
v -0.007408 -0.036047 0.110000
vn 0.104990 0.659404 0.744421
v -0.005903 -0.036323 0.110000
vn 0.059861 0.662068 0.747050
v -0.003723 -0.036611 0.110000
vn 0.000000 1.000000 0.000000
v -0.000000 -0.036800 0.110000
vn 0.199805 -0.963631 0.177463
v 0.009232 -0.044921 0.102398
vn 0.297727 -0.938120 0.176887
v 0.013729 -0.043757 0.102398
vn 0.479686 -0.859840 0.174861
v 0.022256 -0.040098 0.102398
vn 0.710809 -0.680696 0.177212
v 0.033239 -0.031596 0.102398
vn 0.779701 -0.600494 0.177405
v 0.036265 -0.028071 0.102398
vn 0.836734 -0.518417 0.176410
v 0.038919 -0.024258 0.102398
vn 0.924117 -0.339585 0.175184
v 0.043006 -0.015927 0.102398
vn 0.983552 -0.048985 0.173856
v 0.045801 -0.002323 0.102398
vn 0.972806 0.150961 0.175671
v 0.045331 0.006945 0.102398
vn 0.922202 0.344591 0.175501
v 0.043006 0.015927 0.102398
vn 0.777876 0.603793 0.174195
v 0.036265 0.028071 0.102398
vn 0.640592 0.747766 0.174610
v 0.029872 0.034797 0.102398
vn 0.474960 0.862267 0.175807
v 0.022256 0.040098 0.102398
vn 0.196509 0.964844 0.174531
v 0.009232 0.044921 0.102398
vn -0.199805 0.963631 0.177463
v -0.009232 0.044921 0.102398
vn -0.297727 0.938120 0.176887
v -0.013729 0.043757 0.102398
vn -0.479686 0.859840 0.174861
v -0.022256 0.040098 0.102398
vn -0.710809 0.680696 0.177212
v -0.033239 0.031596 0.102398
vn -0.779701 0.600494 0.177405
v -0.036265 0.028071 0.102398
vn -0.836734 0.518417 0.176410
v -0.038919 0.024258 0.102398
vn -0.924117 0.339585 0.175184
v -0.043006 0.015927 0.102398
vn -0.983552 0.048985 0.173856
v -0.045801 0.002323 0.102398
vn -0.972806 -0.150961 0.175671
v -0.045331 -0.006945 0.102398
vn -0.922202 -0.344591 0.175501
v -0.043006 -0.015927 0.102398
vn -0.777876 -0.603793 0.174195
v -0.036265 -0.028071 0.102398
vn -0.640592 -0.747766 0.174610
v -0.029872 -0.034797 0.102398
vn -0.474960 -0.862267 0.175807
v -0.022256 -0.040098 0.102398
vn -0.196509 -0.964844 0.174531
v -0.009232 -0.044921 0.102398
vn 0.017614 -0.175733 0.984280
v 0.003885 -0.038201 0.109860
vn 0.052747 -0.168526 0.984285
v 0.011495 -0.036637 0.109860
vn 0.100756 -0.145080 0.984276
v 0.021935 -0.031515 0.109860
vn 0.139513 -0.108337 0.984276
v 0.030364 -0.023503 0.109860
vn 0.158464 -0.077833 0.984292
v 0.034474 -0.016910 0.109860
vn 0.174570 -0.026918 0.984277
v 0.037955 -0.005814 0.109860
vn 0.174604 0.026562 0.984280
v 0.037955 0.005814 0.109860
vn 0.139766 0.107987 0.984279
v 0.030364 0.023503 0.109860
vn 0.101054 0.144861 0.984278
v 0.021935 0.031515 0.109860
vn 0.018002 0.175683 0.984282
v 0.003885 0.038201 0.109860
vn -0.035374 0.173055 0.984277
v -0.007729 0.037612 0.109860
vn -0.085485 0.154560 0.984278
v -0.018634 0.033573 0.109860
vn -0.114930 0.134044 0.984288
v -0.025011 0.029134 0.109860
vn -0.149806 0.093585 0.984276
v -0.032586 0.020311 0.109860
vn -0.170938 0.044549 0.984274
v -0.037172 0.009624 0.109860
vn -0.176291 0.009016 0.984297
v -0.038348 0.001945 0.109860
vn -0.171033 -0.044112 0.984277
v -0.037172 -0.009624 0.109860
vn -0.149986 -0.093267 0.984279
v -0.032586 -0.020311 0.109860
vn -0.085840 -0.154351 0.984280
v -0.018634 -0.033573 0.109860
vn -0.035739 -0.172977 0.984277
v -0.007729 -0.037612 0.109860
vn -0.127921 -0.121545 0.984309
v -0.027830 -0.026455 0.109860
vn 0.000356 0.087424 0.996171
v 0.000000 0.036800 0.110000
vn 0.069589 0.162112 0.984316
v 0.015142 0.035286 0.109860
vn 0.165525 0.061243 0.984302
v 0.036007 0.013336 0.109860
vn -0.096627 -0.979521 0.176640
v -0.004640 -0.045625 0.102398
vn -0.189225 -0.920777 0.341120
v -0.009148 -0.044515 0.103947
vn -0.095100 -0.935197 0.341120
v -0.004598 -0.045212 0.103947
vn -0.174470 -0.848982 0.498787
v -0.009012 -0.043851 0.105400
vn -0.087685 -0.862278 0.498787
v -0.004529 -0.044538 0.105400
vn -0.154436 -0.751496 0.641407
v -0.008826 -0.042950 0.106714
vn -0.077616 -0.763264 0.641407
v -0.004436 -0.043623 0.106714
vn -0.129723 -0.631240 0.764662
v -0.008598 -0.041839 0.107848
vn -0.065196 -0.641125 0.764662
v -0.004321 -0.042494 0.107848
vn -0.101072 -0.491824 0.864808
v -0.008334 -0.040553 0.108767
vn -0.050797 -0.499526 0.864808
v -0.004188 -0.041188 0.108767
vn -0.069347 -0.337447 0.938787
v -0.008041 -0.039129 0.109445
vn -0.034852 -0.342730 0.938787
v -0.004041 -0.039742 0.109445
vn -0.017843 -0.175468 0.984323
v -0.003885 -0.038201 0.109860
vn -0.069716 -0.162132 0.984303
v -0.015142 -0.035286 0.109860
vn -0.135855 -0.316579 0.938787
v -0.015753 -0.036709 0.109445
vn -0.167186 -0.301211 0.938787
v -0.019386 -0.034927 0.109445
vn -0.198007 -0.461411 0.864808
v -0.016326 -0.038045 0.108767
vn -0.243671 -0.439011 0.864808
v -0.020092 -0.036198 0.108767
vn -0.254135 -0.592206 0.764662
v -0.016844 -0.039252 0.107848
vn -0.312744 -0.563456 0.764662
v -0.020729 -0.037347 0.107848
vn -0.302550 -0.705025 0.641407
v -0.017292 -0.040294 0.106714
vn -0.372324 -0.670799 0.641408
v -0.021279 -0.038338 0.106714
vn -0.341798 -0.796483 0.498787
v -0.017654 -0.041139 0.105400
vn -0.420623 -0.757818 0.498787
v -0.021726 -0.039142 0.105400
vn -0.370702 -0.863839 0.341120
v -0.017922 -0.041762 0.103947
vn -0.456193 -0.821903 0.341120
v -0.022055 -0.039735 0.103947
vn -0.385898 -0.905479 0.176608
v -0.018085 -0.042144 0.102398
vn -0.139471 -0.107959 0.984323
v -0.030364 -0.023503 0.109860
vn -0.249690 -0.237348 0.938787
v -0.028953 -0.027522 0.109445
vn -0.272421 -0.210869 0.938787
v -0.031589 -0.024452 0.109445
vn -0.363920 -0.345932 0.864808
v -0.030006 -0.028523 0.108767
vn -0.397050 -0.307340 0.864808
v -0.032738 -0.025341 0.108767
vn -0.467080 -0.443992 0.764662
v -0.030959 -0.029428 0.107848
vn -0.509601 -0.394461 0.764662
v -0.033777 -0.026145 0.107848
vn -0.556061 -0.528576 0.641408
v -0.031780 -0.030210 0.106714
vn -0.606683 -0.469608 0.641407
v -0.034674 -0.026839 0.106714
vn -0.628196 -0.597144 0.498787
v -0.032447 -0.030843 0.105400
vn -0.685384 -0.530527 0.498788
v -0.035401 -0.027402 0.105400
vn -0.681320 -0.647643 0.341120
v -0.032938 -0.031310 0.103947
vn -0.743345 -0.575392 0.341119
v -0.035937 -0.027817 0.103947
vn -0.711666 -0.679899 0.176833
v -0.033239 -0.031596 0.102398
vn -0.158476 -0.077922 0.984283
v -0.034474 -0.016910 0.109860
vn -0.165502 -0.061196 0.984309
v -0.036007 -0.013336 0.109860
vn -0.309292 -0.151715 0.938787
v -0.035864 -0.017592 0.109445
vn -0.323054 -0.119646 0.938787
v -0.037460 -0.013874 0.109445
vn -0.450789 -0.221123 0.864809
v -0.037169 -0.018232 0.108767
vn -0.470847 -0.174383 0.864808
v -0.038823 -0.014378 0.108767
vn -0.578574 -0.283804 0.764662
v -0.038349 -0.018811 0.107848
vn -0.604317 -0.223815 0.764662
v -0.040055 -0.014835 0.107848
vn -0.688796 -0.337871 0.641407
v -0.039367 -0.019310 0.106714
vn -0.719444 -0.266453 0.641407
v -0.041118 -0.015229 0.106714
vn -0.778149 -0.381700 0.498788
v -0.040192 -0.019715 0.105400
vn -0.812773 -0.301018 0.498788
v -0.041981 -0.015548 0.105400
vn -0.843954 -0.413979 0.341120
v -0.040801 -0.020014 0.103947
vn -0.881505 -0.326474 0.341120
v -0.042616 -0.015783 0.103947
vn -0.882476 -0.435885 0.176751
v -0.041174 -0.020197 0.102398
vn -0.176343 -0.008737 0.984290
v -0.038348 -0.001945 0.109860
vn -0.344056 -0.017449 0.938787
v -0.039895 -0.002023 0.109445
vn -0.344056 0.017449 0.938787
v -0.039895 0.002023 0.109445
vn -0.501458 -0.025431 0.864808
v -0.041347 -0.002097 0.108767
vn -0.501457 0.025431 0.864808
v -0.041347 0.002097 0.108767
vn -0.643604 -0.032640 0.764662
v -0.042659 -0.002163 0.107848
vn -0.643605 0.032640 0.764662
v -0.042659 0.002163 0.107848
vn -0.766216 -0.038858 0.641408
v -0.043791 -0.002221 0.106714
vn -0.766216 0.038858 0.641408
v -0.043791 0.002221 0.106714
vn -0.865612 -0.043899 0.498787
v -0.044710 -0.002267 0.105400
vn -0.865612 0.043899 0.498787
v -0.044710 0.002267 0.105400
vn -0.938813 -0.047611 0.341120
v -0.045387 -0.002302 0.103947
vn -0.938813 0.047611 0.341120
v -0.045387 0.002302 0.103947
vn -0.982850 -0.051787 0.176984
v -0.045801 -0.002323 0.102398
vn -0.165577 0.061208 0.984296
v -0.036007 0.013336 0.109860
vn -0.333501 0.086349 0.938787
v -0.038671 0.010013 0.109445
vn -0.323054 0.119646 0.938787
v -0.037460 0.013874 0.109445
vn -0.486073 0.125853 0.864808
v -0.040078 0.010377 0.108767
vn -0.470847 0.174383 0.864808
v -0.038823 0.014378 0.108767
vn -0.623860 0.161529 0.764662
v -0.041350 0.010706 0.107848
vn -0.604317 0.223814 0.764662
v -0.040055 0.014835 0.107848
vn -0.742709 0.192301 0.641407
v -0.042448 0.010991 0.106714
vn -0.719444 0.266453 0.641407
v -0.041118 0.015229 0.106714
vn -0.839056 0.217247 0.498788
v -0.043338 0.011221 0.105400
vn -0.812773 0.301018 0.498788
v -0.041981 0.015548 0.105400
vn -0.910012 0.235618 0.341120
v -0.043994 0.011391 0.103947
vn -0.881506 0.326474 0.341120
v -0.042616 0.015783 0.103947
vn -0.953542 0.243932 0.176789
v -0.044396 0.011495 0.102398
vn -0.101171 0.144839 0.984269
v -0.021935 0.031515 0.109860
vn -0.196801 0.282752 0.938787
v -0.022820 0.032787 0.109445
vn -0.167186 0.301211 0.938787
v -0.019386 0.034927 0.109445
vn -0.286835 0.412107 0.864808
v -0.023651 0.033980 0.108767
vn -0.243671 0.439011 0.864808
v -0.020092 0.036198 0.108767
vn -0.368143 0.528926 0.764662
v -0.024401 0.035058 0.107848
vn -0.312744 0.563456 0.764662
v -0.020729 0.037347 0.107848
vn -0.438277 0.629690 0.641408
v -0.025049 0.035989 0.106714
vn -0.372324 0.670799 0.641408
v -0.021279 0.038338 0.106714
vn -0.495132 0.711375 0.498788
v -0.025574 0.036743 0.105400
vn -0.420623 0.757818 0.498787
v -0.021726 0.039142 0.105400
vn -0.537003 0.771534 0.341120
v -0.025961 0.037300 0.103947
vn -0.456193 0.821903 0.341120
v -0.022055 0.039735 0.103947
vn -0.564691 0.806155 0.176745
v -0.026198 0.037640 0.102398
vn 0.035275 0.173129 0.984267
v 0.007729 0.037612 0.109860
vn 0.034852 0.342730 0.938787
v 0.004041 0.039742 0.109445
vn 0.069347 0.337447 0.938787
v 0.008041 0.039129 0.109445
vn 0.050797 0.499526 0.864808
v 0.004188 0.041188 0.108767
vn 0.101072 0.491824 0.864808
v 0.008334 0.040553 0.108767
vn 0.065196 0.641125 0.764662
v 0.004321 0.042494 0.107848
vn 0.129723 0.631240 0.764662
v 0.008598 0.041839 0.107848
vn 0.077616 0.763264 0.641407
v 0.004436 0.043623 0.106714
vn 0.154437 0.751496 0.641407
v 0.008826 0.042950 0.106714
vn 0.087685 0.862278 0.498787
v 0.004529 0.044538 0.105400
vn 0.174470 0.848982 0.498787
v 0.009012 0.043851 0.105400
vn 0.095100 0.935197 0.341120
v 0.004598 0.045212 0.103947
vn 0.189225 0.920777 0.341120
v 0.009148 0.044515 0.103947
vn 0.096627 0.979521 0.176640
v 0.004640 0.045625 0.102398
vn 0.085594 0.154211 0.984324
v 0.018634 0.033573 0.109860
vn 0.135855 0.316579 0.938787
v 0.015753 0.036709 0.109445
vn 0.167186 0.301211 0.938787
v 0.019386 0.034927 0.109445
vn 0.198007 0.461411 0.864808
v 0.016326 0.038045 0.108767
vn 0.243671 0.439011 0.864808
v 0.020092 0.036198 0.108767
vn 0.254135 0.592206 0.764662
v 0.016844 0.039252 0.107848
vn 0.312744 0.563456 0.764662
v 0.020729 0.037347 0.107848
vn 0.302550 0.705025 0.641407
v 0.017292 0.040294 0.106714
vn 0.372324 0.670799 0.641408
v 0.021279 0.038338 0.106714
vn 0.341798 0.796483 0.498787
v 0.017654 0.041139 0.105400
vn 0.420623 0.757818 0.498787
v 0.021726 0.039142 0.105400
vn 0.370702 0.863839 0.341120
v 0.017922 0.041762 0.103947
vn 0.456193 0.821903 0.341120
v 0.022055 0.039735 0.103947
vn 0.385898 0.905479 0.176608
v 0.018085 0.042144 0.102398
vn 0.127980 0.121501 0.984306
v 0.027830 0.026455 0.109860
vn 0.249690 0.237348 0.938787
v 0.028953 0.027522 0.109445
vn 0.272421 0.210869 0.938787
v 0.031589 0.024452 0.109445
vn 0.363920 0.345932 0.864808
v 0.030006 0.028523 0.108767
vn 0.397050 0.307340 0.864808
v 0.032738 0.025341 0.108767
vn 0.467080 0.443992 0.764662
v 0.030959 0.029428 0.107848
vn 0.509601 0.394461 0.764662
v 0.033777 0.026145 0.107848
vn 0.556061 0.528576 0.641408
v 0.031780 0.030210 0.106714
vn 0.606683 0.469608 0.641407
v 0.034674 0.026839 0.106714
vn 0.628196 0.597144 0.498787
v 0.032447 0.030843 0.105400
vn 0.685384 0.530527 0.498788
v 0.035401 0.027402 0.105400
vn 0.681320 0.647643 0.341120
v 0.032938 0.031310 0.103947
vn 0.743345 0.575392 0.341119
v 0.035937 0.027817 0.103947
vn 0.711666 0.679899 0.176833
v 0.033239 0.031596 0.102398
vn 0.158625 0.077565 0.984287
v 0.034474 0.016910 0.109860
vn 0.309292 0.151715 0.938787
v 0.035864 0.017592 0.109445
vn 0.323054 0.119646 0.938787
v 0.037460 0.013874 0.109445
vn 0.450789 0.221123 0.864809
v 0.037169 0.018232 0.108767
vn 0.470847 0.174383 0.864808
v 0.038823 0.014378 0.108767
vn 0.578574 0.283804 0.764662
v 0.038349 0.018811 0.107848
vn 0.604317 0.223815 0.764662
v 0.040055 0.014835 0.107848
vn 0.688796 0.337871 0.641407
v 0.039367 0.019310 0.106714
vn 0.719444 0.266453 0.641407
v 0.041118 0.015229 0.106714
vn 0.778149 0.381700 0.498788
v 0.040192 0.019715 0.105400
vn 0.812773 0.301018 0.498788
v 0.041981 0.015548 0.105400
vn 0.843954 0.413979 0.341120
v 0.040801 0.020014 0.103947
vn 0.881505 0.326474 0.341120
v 0.042616 0.015783 0.103947
vn 0.882476 0.435885 0.176751
v 0.041174 0.020197 0.102398
vn 0.176332 0.009081 0.984289
v 0.038348 0.001945 0.109860
vn 0.176207 -0.009012 0.984312
v 0.038348 -0.001945 0.109860
vn 0.344056 0.017449 0.938787
v 0.039895 0.002023 0.109445
vn 0.344056 -0.017449 0.938787
v 0.039895 -0.002023 0.109445
vn 0.501458 0.025431 0.864808
v 0.041347 0.002097 0.108767
vn 0.501457 -0.025431 0.864808
v 0.041347 -0.002097 0.108767
vn 0.643604 0.032640 0.764662
v 0.042659 0.002163 0.107848
vn 0.643605 -0.032640 0.764662
v 0.042659 -0.002163 0.107848
vn 0.766216 0.038858 0.641408
v 0.043791 0.002221 0.106714
vn 0.766216 -0.038858 0.641408
v 0.043791 -0.002221 0.106714
vn 0.865612 0.043899 0.498787
v 0.044710 0.002267 0.105400
vn 0.865612 -0.043899 0.498787
v 0.044710 -0.002267 0.105400
vn 0.938813 0.047611 0.341120
v 0.045387 0.002302 0.103947
vn 0.938813 -0.047611 0.341120
v 0.045387 -0.002302 0.103947
vn 0.982850 0.051787 0.176984
v 0.045801 0.002323 0.102398
vn 0.171117 -0.044020 0.984267
v 0.037172 -0.009624 0.109860
vn 0.165489 -0.061495 0.984293
v 0.036007 -0.013336 0.109860
vn 0.333501 -0.086349 0.938787
v 0.038671 -0.010013 0.109445
vn 0.323054 -0.119646 0.938787
v 0.037460 -0.013874 0.109445
vn 0.486073 -0.125853 0.864808
v 0.040078 -0.010377 0.108767
vn 0.470847 -0.174383 0.864808
v 0.038823 -0.014378 0.108767
vn 0.623860 -0.161529 0.764662
v 0.041350 -0.010706 0.107848
vn 0.604317 -0.223814 0.764662
v 0.040055 -0.014835 0.107848
vn 0.742709 -0.192301 0.641407
v 0.042448 -0.010991 0.106714
vn 0.719444 -0.266453 0.641407
v 0.041118 -0.015229 0.106714
vn 0.839056 -0.217247 0.498788
v 0.043338 -0.011221 0.105400
vn 0.812773 -0.301018 0.498788
v 0.041981 -0.015548 0.105400
vn 0.910012 -0.235618 0.341120
v 0.043994 -0.011391 0.103947
vn 0.881506 -0.326474 0.341120
v 0.042616 -0.015783 0.103947
vn 0.953542 -0.243932 0.176789
v 0.044396 -0.011495 0.102398
vn 0.085959 -0.154352 0.984269
v 0.018634 -0.033573 0.109860
vn 0.196801 -0.282752 0.938787
v 0.022820 -0.032787 0.109445
vn 0.167186 -0.301211 0.938787
v 0.019386 -0.034927 0.109445
vn 0.286835 -0.412107 0.864808
v 0.023651 -0.033980 0.108767
vn 0.243671 -0.439011 0.864808
v 0.020092 -0.036198 0.108767
vn 0.368143 -0.528926 0.764662
v 0.024401 -0.035058 0.107848
vn 0.312744 -0.563456 0.764662
v 0.020729 -0.037347 0.107848
vn 0.438277 -0.629690 0.641408
v 0.025049 -0.035989 0.106714
vn 0.372324 -0.670799 0.641408
v 0.021279 -0.038338 0.106714
vn 0.495132 -0.711375 0.498788
v 0.025574 -0.036743 0.105400
vn 0.420623 -0.757818 0.498787
v 0.021726 -0.039142 0.105400
vn 0.537003 -0.771534 0.341120
v 0.025961 -0.037300 0.103947
vn 0.456193 -0.821903 0.341120
v 0.022055 -0.039735 0.103947
vn 0.564691 -0.806155 0.176745
v 0.026198 -0.037640 0.102398
vn -0.000000 -0.087154 0.996195
v 0.000000 -0.036800 0.110000
vn 0.000000 -0.176373 0.984324
v 0.000000 -0.038398 0.109860
vn -0.000000 -0.344498 0.938787
v 0.000000 -0.039947 0.109445
vn 0.000000 -0.502102 0.864808
v 0.000000 -0.041400 0.108767
vn -0.000000 -0.644432 0.764662
v 0.000000 -0.042714 0.107848
vn -0.000000 -0.767201 0.641407
v 0.000000 -0.043848 0.106714
vn -0.000000 -0.866725 0.498787
v 0.000000 -0.044767 0.105400
vn -0.000000 -0.940020 0.341120
v 0.000000 -0.045445 0.103947
vn 0.000000 -0.984892 0.173170
v 0.000000 -0.045860 0.102398
vn 0.000000 -0.996195 0.087156
v 0.000000 -0.046000 0.100800
vn -0.297727 -0.938120 0.176887
v -0.013729 -0.043757 0.102398
vn -0.281407 -0.896910 0.341120
v -0.013605 -0.043361 0.103947
vn -0.259465 -0.826976 0.498788
v -0.013402 -0.042714 0.105400
vn -0.229671 -0.732016 0.641407
v -0.013126 -0.041837 0.106714
vn -0.192919 -0.614878 0.764662
v -0.012787 -0.040755 0.107848
vn -0.150311 -0.479075 0.864808
v -0.012394 -0.039501 0.108767
vn -0.103130 -0.328699 0.938787
v -0.011959 -0.038115 0.109445
vn -0.052676 -0.168608 0.984275
v -0.011495 -0.036637 0.109860
vn -0.565675 -0.805363 0.177205
v -0.026198 -0.037640 0.102398
vn -0.537003 -0.771534 0.341120
v -0.025961 -0.037300 0.103947
vn -0.495132 -0.711376 0.498788
v -0.025574 -0.036743 0.105400
vn -0.438277 -0.629690 0.641408
v -0.025049 -0.035989 0.106714
vn -0.368143 -0.528926 0.764662
v -0.024401 -0.035058 0.107848
vn -0.286835 -0.412107 0.864808
v -0.023651 -0.033980 0.108767
vn -0.196801 -0.282752 0.938787
v -0.022820 -0.032787 0.109445
vn -0.100695 -0.145189 0.984267
v -0.021935 -0.031515 0.109860
vn -0.115200 -0.133836 0.984285
v -0.025011 -0.029134 0.109860
vn -0.224397 -0.261391 0.938787
v -0.026020 -0.030310 0.109445
vn -0.327055 -0.380974 0.864808
v -0.026967 -0.031413 0.108767
vn -0.419765 -0.488968 0.764662
v -0.027822 -0.032409 0.107848
vn -0.499733 -0.582120 0.641408
v -0.028561 -0.033270 0.106714
vn -0.564560 -0.657634 0.498788
v -0.029160 -0.033968 0.105400
vn -0.612303 -0.713248 0.341120
v -0.029602 -0.034482 0.103947
vn -0.836734 -0.518417 0.176410
v -0.038919 -0.024258 0.102398
vn -0.797743 -0.497237 0.341120
v -0.038567 -0.024039 0.103947
vn -0.735541 -0.458466 0.498787
v -0.037992 -0.023680 0.105400
vn -0.651081 -0.405822 0.641407
v -0.037211 -0.023194 0.106714
vn -0.546893 -0.340881 0.764662
v -0.036249 -0.022594 0.107848
vn -0.426106 -0.265594 0.864808
v -0.035134 -0.021899 0.108767
vn -0.292356 -0.182227 0.938787
v -0.033900 -0.021130 0.109445
vn -0.953770 -0.242675 0.177288
v -0.044396 -0.011495 0.102398
vn -0.910012 -0.235618 0.341120
v -0.043994 -0.011391 0.103947
vn -0.839056 -0.217247 0.498788
v -0.043338 -0.011221 0.105400
vn -0.742709 -0.192301 0.641407
v -0.042448 -0.010991 0.106714
vn -0.623860 -0.161528 0.764661
v -0.041350 -0.010706 0.107848
vn -0.486073 -0.125853 0.864808
v -0.040078 -0.010377 0.108767
vn -0.333501 -0.086349 0.938787
v -0.038671 -0.010013 0.109445
vn -0.174610 -0.027038 0.984266
v -0.037955 -0.005814 0.109860
vn -0.340525 -0.052167 0.938787
v -0.039486 -0.006049 0.109445
vn -0.496312 -0.076032 0.864808
v -0.040923 -0.006269 0.108767
vn -0.637000 -0.097585 0.764662
v -0.042221 -0.006468 0.107848
vn -0.758353 -0.116176 0.641407
v -0.043342 -0.006640 0.106714
vn -0.856730 -0.131246 0.498787
v -0.044251 -0.006779 0.105400
vn -0.929180 -0.142345 0.341120
v -0.044921 -0.006882 0.103947
vn -0.972806 0.150961 0.175671
v -0.045331 0.006945 0.102398
vn -0.929180 0.142345 0.341120
v -0.044921 0.006882 0.103947
vn -0.856730 0.131246 0.498787
v -0.044251 0.006779 0.105400
vn -0.758353 0.116176 0.641407
v -0.043342 0.006640 0.106714
vn -0.637001 0.097585 0.764662
v -0.042221 0.006468 0.107848
vn -0.496312 0.076032 0.864808
v -0.040923 0.006269 0.108767
vn -0.340526 0.052167 0.938787
v -0.039486 0.006049 0.109445
vn -0.174664 0.026466 0.984272
v -0.037955 0.005814 0.109860
vn -0.881831 0.436973 0.177283
v -0.041174 0.020197 0.102398
vn -0.843954 0.413979 0.341120
v -0.040801 0.020014 0.103947
vn -0.778149 0.381700 0.498788
v -0.040192 0.019715 0.105400
vn -0.688796 0.337870 0.641407
v -0.039367 0.019310 0.106714
vn -0.578574 0.283804 0.764662
v -0.038349 0.018811 0.107848
vn -0.450789 0.221123 0.864809
v -0.037169 0.018232 0.108767
vn -0.309292 0.151715 0.938787
v -0.035864 0.017592 0.109445
vn -0.158367 0.077746 0.984315
v -0.034474 0.016910 0.109860
vn -0.292356 0.182227 0.938787
v -0.033900 0.021130 0.109445
vn -0.426106 0.265594 0.864808
v -0.035134 0.021899 0.108767
vn -0.546893 0.340881 0.764662
v -0.036249 0.022594 0.107848
vn -0.651080 0.405822 0.641407
v -0.037211 0.023194 0.106714
vn -0.735541 0.458466 0.498787
v -0.037992 0.023680 0.105400
vn -0.797742 0.497237 0.341120
v -0.038567 0.024039 0.103947
vn -0.743345 0.575392 0.341119
v -0.035937 0.027817 0.103947
vn -0.685384 0.530527 0.498788
v -0.035401 0.027402 0.105400
vn -0.606683 0.469608 0.641407
v -0.034674 0.026839 0.106714
vn -0.509601 0.394461 0.764662
v -0.033777 0.026145 0.107848
vn -0.397050 0.307339 0.864808
v -0.032738 0.025341 0.108767
vn -0.272421 0.210869 0.938787
v -0.031589 0.024452 0.109445
vn -0.139878 0.107939 0.984268
v -0.030364 0.023503 0.109860
vn -0.681320 0.647643 0.341120
v -0.032938 0.031310 0.103947
vn -0.628196 0.597145 0.498787
v -0.032447 0.030843 0.105400
vn -0.556061 0.528575 0.641408
v -0.031780 0.030210 0.106714
vn -0.467080 0.443992 0.764662
v -0.030959 0.029428 0.107848
vn -0.363920 0.345932 0.864808
v -0.030006 0.028523 0.108767
vn -0.249690 0.237348 0.938787
v -0.028953 0.027522 0.109445
vn -0.127826 0.121752 0.984295
v -0.027830 0.026455 0.109860
vn -0.640592 0.747766 0.174610
v -0.029872 0.034797 0.102398
vn -0.612303 0.713248 0.341120
v -0.029602 0.034482 0.103947
vn -0.564560 0.657634 0.498787
v -0.029160 0.033968 0.105400
vn -0.499733 0.582120 0.641408
v -0.028561 0.033270 0.106714
vn -0.419765 0.488968 0.764662
v -0.027822 0.032409 0.107848
vn -0.327055 0.380974 0.864808
v -0.026967 0.031413 0.108767
vn -0.224397 0.261391 0.938787
v -0.026020 0.030310 0.109445
vn -0.384745 0.905861 0.177163
v -0.018085 0.042144 0.102398
vn -0.370702 0.863839 0.341120
v -0.017922 0.041762 0.103947
vn -0.341798 0.796483 0.498787
v -0.017654 0.041139 0.105400
vn -0.302550 0.705025 0.641407
v -0.017292 0.040294 0.106714
vn -0.254135 0.592206 0.764662
v -0.016844 0.039252 0.107848
vn -0.198007 0.461411 0.864808
v -0.016326 0.038045 0.108767
vn -0.135855 0.316579 0.938787
v -0.015753 0.036709 0.109445
vn -0.069612 0.162118 0.984313
v -0.015142 0.035286 0.109860
vn -0.052786 0.168306 0.984321
v -0.011495 0.036637 0.109860
vn -0.103130 0.328699 0.938787
v -0.011959 0.038115 0.109445
vn -0.150311 0.479075 0.864808
v -0.012394 0.039501 0.108767
vn -0.192919 0.614878 0.764662
v -0.012787 0.040755 0.107848
vn -0.229671 0.732016 0.641407
v -0.013126 0.041837 0.106714
vn -0.259465 0.826976 0.498788
v -0.013402 0.042714 0.105400
vn -0.281407 0.896910 0.341120
v -0.013605 0.043361 0.103947
vn -0.189225 0.920777 0.341120
v -0.009148 0.044515 0.103947
vn -0.174470 0.848983 0.498787
v -0.009012 0.043851 0.105400
vn -0.154436 0.751496 0.641407
v -0.008826 0.042950 0.106714
vn -0.129723 0.631240 0.764662
v -0.008598 0.041839 0.107848
vn -0.101072 0.491824 0.864808
v -0.008334 0.040553 0.108767
vn -0.069347 0.337447 0.938787
v -0.008041 0.039129 0.109445
vn -0.095403 0.979565 0.177060
v -0.004640 0.045625 0.102398
vn -0.095100 0.935197 0.341120
v -0.004598 0.045212 0.103947
vn -0.087685 0.862278 0.498787
v -0.004529 0.044538 0.105400
vn -0.077616 0.763264 0.641407
v -0.004436 0.043623 0.106714
vn -0.065196 0.641125 0.764662
v -0.004321 0.042494 0.107848
vn -0.050797 0.499526 0.864808
v -0.004188 0.041188 0.108767
vn -0.034852 0.342731 0.938787
v -0.004041 0.039742 0.109445
vn -0.018105 0.175731 0.984272
v -0.003885 0.038201 0.109860
vn 0.000145 0.176500 0.984301
v 0.000000 0.038398 0.109860
vn 0.000000 0.344498 0.938787
v 0.000000 0.039947 0.109445
vn -0.000000 0.502102 0.864808
v 0.000000 0.041400 0.108767
vn 0.000000 0.644432 0.764662
v 0.000000 0.042714 0.107848
vn 0.000000 0.767201 0.641407
v 0.000000 0.043848 0.106714
vn 0.000000 0.866725 0.498787
v 0.000000 0.044767 0.105400
vn 0.000000 0.940020 0.341120
v 0.000000 0.045445 0.103947
vn -0.000000 0.984892 0.173170
v 0.000000 0.045860 0.102398
vn -0.000000 0.996195 0.087156
v 0.000000 0.046000 0.100800
vn 0.297727 0.938120 0.176887
v 0.013729 0.043757 0.102398
vn 0.281407 0.896910 0.341120
v 0.013605 0.043361 0.103947
vn 0.259465 0.826976 0.498788
v 0.013402 0.042714 0.105400
vn 0.229671 0.732016 0.641407
v 0.013126 0.041837 0.106714
vn 0.192919 0.614878 0.764662
v 0.012787 0.040755 0.107848
vn 0.150311 0.479075 0.864808
v 0.012394 0.039501 0.108767
vn 0.103130 0.328699 0.938787
v 0.011959 0.038115 0.109445
vn 0.053100 0.168428 0.984283
v 0.011495 0.036637 0.109860
vn 0.565675 0.805363 0.177205
v 0.026198 0.037640 0.102398
vn 0.537003 0.771534 0.341120
v 0.025961 0.037300 0.103947
vn 0.495132 0.711376 0.498788
v 0.025574 0.036743 0.105400
vn 0.438277 0.629690 0.641408
v 0.025049 0.035989 0.106714
vn 0.368143 0.528926 0.764662
v 0.024401 0.035058 0.107848
vn 0.286835 0.412107 0.864808
v 0.023651 0.033980 0.108767
vn 0.196801 0.282752 0.938787
v 0.022820 0.032787 0.109445
vn 0.114902 0.134140 0.984278
v 0.025011 0.029134 0.109860
vn 0.224397 0.261391 0.938787
v 0.026020 0.030310 0.109445
vn 0.327055 0.380974 0.864808
v 0.026967 0.031413 0.108767
vn 0.419765 0.488968 0.764662
v 0.027822 0.032409 0.107848
vn 0.499733 0.582120 0.641408
v 0.028561 0.033270 0.106714
vn 0.564560 0.657634 0.498788
v 0.029160 0.033968 0.105400
vn 0.612303 0.713248 0.341120
v 0.029602 0.034482 0.103947
vn 0.836734 0.518417 0.176410
v 0.038919 0.024258 0.102398
vn 0.797743 0.497237 0.341120
v 0.038567 0.024039 0.103947
vn 0.735541 0.458466 0.498787
v 0.037992 0.023680 0.105400
vn 0.651081 0.405822 0.641407
v 0.037211 0.023194 0.106714
vn 0.546893 0.340881 0.764662
v 0.036249 0.022594 0.107848
vn 0.426106 0.265594 0.864808
v 0.035134 0.021899 0.108767
vn 0.292356 0.182227 0.938787
v 0.033900 0.021130 0.109445
vn 0.149794 0.093711 0.984266
v 0.032586 0.020311 0.109860
vn 0.953770 0.242675 0.177288
v 0.044396 0.011495 0.102398
vn 0.910012 0.235618 0.341120
v 0.043994 0.011391 0.103947
vn 0.839056 0.217247 0.498788
v 0.043338 0.011221 0.105400
vn 0.742709 0.192301 0.641407
v 0.042448 0.010991 0.106714
vn 0.623860 0.161528 0.764661
v 0.041350 0.010706 0.107848
vn 0.486073 0.125853 0.864808
v 0.040078 0.010377 0.108767
vn 0.333501 0.086349 0.938787
v 0.038671 0.010013 0.109445
vn 0.170743 0.044208 0.984323
v 0.037172 0.009624 0.109860
vn 0.340525 0.052167 0.938787
v 0.039486 0.006049 0.109445
vn 0.496312 0.076032 0.864808
v 0.040923 0.006269 0.108767
vn 0.637000 0.097585 0.764662
v 0.042221 0.006468 0.107848
vn 0.758353 0.116176 0.641407
v 0.043342 0.006640 0.106714
vn 0.856730 0.131246 0.498787
v 0.044251 0.006779 0.105400
vn 0.929180 0.142345 0.341120
v 0.044921 0.006882 0.103947
vn 0.972806 -0.150961 0.175671
v 0.045331 -0.006945 0.102398
vn 0.929180 -0.142345 0.341120
v 0.044921 -0.006882 0.103947
vn 0.856730 -0.131246 0.498787
v 0.044251 -0.006779 0.105400
vn 0.758353 -0.116176 0.641407
v 0.043342 -0.006640 0.106714
vn 0.637001 -0.097585 0.764662
v 0.042221 -0.006468 0.107848
vn 0.496312 -0.076032 0.864808
v 0.040923 -0.006269 0.108767
vn 0.340526 -0.052167 0.938787
v 0.039486 -0.006049 0.109445
vn 0.881831 -0.436973 0.177283
v 0.041174 -0.020197 0.102398
vn 0.843954 -0.413979 0.341120
v 0.040801 -0.020014 0.103947
vn 0.778149 -0.381700 0.498788
v 0.040192 -0.019715 0.105400
vn 0.688796 -0.337870 0.641407
v 0.039367 -0.019310 0.106714
vn 0.578574 -0.283804 0.764662
v 0.038349 -0.018811 0.107848
vn 0.450789 -0.221123 0.864809
v 0.037169 -0.018232 0.108767
vn 0.309292 -0.151715 0.938787
v 0.035864 -0.017592 0.109445
vn 0.150082 -0.093202 0.984271
v 0.032586 -0.020311 0.109860
vn 0.292356 -0.182227 0.938787
v 0.033900 -0.021130 0.109445
vn 0.426106 -0.265594 0.864808
v 0.035134 -0.021899 0.108767
vn 0.546893 -0.340881 0.764662
v 0.036249 -0.022594 0.107848
vn 0.651080 -0.405822 0.641407
v 0.037211 -0.023194 0.106714
vn 0.735541 -0.458466 0.498787
v 0.037992 -0.023680 0.105400
vn 0.797742 -0.497237 0.341120
v 0.038567 -0.024039 0.103947
vn 0.743345 -0.575392 0.341119
v 0.035937 -0.027817 0.103947
vn 0.685384 -0.530527 0.498788
v 0.035401 -0.027402 0.105400
vn 0.606683 -0.469608 0.641407
v 0.034674 -0.026839 0.106714
vn 0.509601 -0.394461 0.764662
v 0.033777 -0.026145 0.107848
vn 0.397050 -0.307339 0.864808
v 0.032738 -0.025341 0.108767
vn 0.272421 -0.210869 0.938787
v 0.031589 -0.024452 0.109445
vn 0.681320 -0.647643 0.341120
v 0.032938 -0.031310 0.103947
vn 0.628196 -0.597145 0.498787
v 0.032447 -0.030843 0.105400
vn 0.556061 -0.528575 0.641408
v 0.031780 -0.030210 0.106714
vn 0.467080 -0.443992 0.764662
v 0.030959 -0.029428 0.107848
vn 0.363920 -0.345932 0.864808
v 0.030006 -0.028523 0.108767
vn 0.249690 -0.237348 0.938787
v 0.028953 -0.027522 0.109445
vn 0.127965 -0.121538 0.984304
v 0.027830 -0.026455 0.109860
vn 0.640592 -0.747766 0.174610
v 0.029872 -0.034797 0.102398
vn 0.612303 -0.713248 0.341120
v 0.029602 -0.034482 0.103947
vn 0.564560 -0.657634 0.498787
v 0.029160 -0.033968 0.105400
vn 0.499733 -0.582120 0.641408
v 0.028561 -0.033270 0.106714
vn 0.419765 -0.488968 0.764662
v 0.027822 -0.032409 0.107848
vn 0.327055 -0.380974 0.864808
v 0.026967 -0.031413 0.108767
vn 0.224397 -0.261391 0.938787
v 0.026020 -0.030310 0.109445
vn 0.114877 -0.133874 0.984318
v 0.025011 -0.029134 0.109860
vn 0.384745 -0.905861 0.177163
v 0.018085 -0.042144 0.102398
vn 0.370702 -0.863839 0.341120
v 0.017922 -0.041762 0.103947
vn 0.341798 -0.796483 0.498787
v 0.017654 -0.041139 0.105400
vn 0.302550 -0.705025 0.641407
v 0.017292 -0.040294 0.106714
vn 0.254135 -0.592206 0.764662
v 0.016844 -0.039252 0.107848
vn 0.198007 -0.461411 0.864808
v 0.016326 -0.038045 0.108767
vn 0.135855 -0.316579 0.938787
v 0.015753 -0.036709 0.109445
vn 0.069462 -0.162274 0.984298
v 0.015142 -0.035286 0.109860
vn 0.103130 -0.328699 0.938787
v 0.011959 -0.038115 0.109445
vn 0.150311 -0.479075 0.864808
v 0.012394 -0.039501 0.108767
vn 0.192919 -0.614878 0.764662
v 0.012787 -0.040755 0.107848
vn 0.229671 -0.732016 0.641407
v 0.013126 -0.041837 0.106714
vn 0.259465 -0.826976 0.498788
v 0.013402 -0.042714 0.105400
vn 0.281407 -0.896910 0.341120
v 0.013605 -0.043361 0.103947
vn 0.189225 -0.920777 0.341120
v 0.009148 -0.044515 0.103947
vn 0.174470 -0.848983 0.498787
v 0.009012 -0.043851 0.105400
vn 0.154436 -0.751496 0.641407
v 0.008826 -0.042950 0.106714
vn 0.129723 -0.631240 0.764662
v 0.008598 -0.041839 0.107848
vn 0.101072 -0.491824 0.864808
v 0.008334 -0.040553 0.108767
vn 0.069347 -0.337447 0.938787
v 0.008041 -0.039129 0.109445
vn 0.035857 -0.173004 0.984268
v 0.007729 -0.037612 0.109860
vn 0.095403 -0.979565 0.177060
v 0.004640 -0.045625 0.102398
vn 0.095100 -0.935197 0.341120
v 0.004598 -0.045212 0.103947
vn 0.087685 -0.862278 0.498787
v 0.004529 -0.044538 0.105400
vn 0.077616 -0.763264 0.641407
v 0.004436 -0.043623 0.106714
vn 0.065196 -0.641125 0.764662
v 0.004321 -0.042494 0.107848
vn 0.050797 -0.499526 0.864808
v 0.004188 -0.041188 0.108767
vn 0.034852 -0.342731 0.938787
v 0.004041 -0.039742 0.109445
# 2150 vertices, 0 vertices normals

f 1//1 2//2 3//3
f 4//4 5//5 6//6
f 7//7 8//8 9//9
f 10//10 11//11 12//12
f 10//10 12//12 13//13
f 7//7 9//9 14//14
f 4//4 6//6 15//15
f 16//16 17//17 18//18
f 18//18 17//17 19//19
f 18//18 19//19 20//20
f 21//21 22//22 23//23
f 23//23 22//22 24//24
f 23//23 24//24 25//25
f 25//25 24//24 26//26
f 25//25 26//26 27//27
f 27//27 26//26 28//28
f 28//28 26//26 29//29
f 28//28 29//29 30//30
f 30//30 29//29 31//31
f 30//30 31//31 32//32
f 2//2 33//33 3//3
f 3//3 33//33 34//34
f 3//3 34//34 32//32
f 35//35 1//1 36//36
f 36//36 1//1 37//37
f 36//36 37//37 38//38
f 38//38 37//37 39//39
f 39//39 37//37 40//40
f 39//39 40//40 41//41
f 41//41 40//40 42//42
f 42//42 40//40 43//43
f 42//42 43//43 44//44
f 1//1 3//3 37//37
f 37//37 3//3 45//45
f 37//37 45//45 40//40
f 40//40 45//45 46//46
f 40//40 46//46 43//43
f 43//43 46//46 47//47
f 43//43 47//47 48//48
f 32//32 31//31 3//3
f 3//3 31//31 29//29
f 3//3 29//29 45//45
f 45//45 29//29 26//26
f 45//45 26//26 46//46
f 46//46 26//26 24//24
f 46//46 24//24 47//47
f 49//49 50//50 48//48
f 48//48 50//50 51//51
f 48//48 51//51 43//43
f 43//43 51//51 52//52
f 43//43 52//52 44//44
f 22//22 53//53 24//24
f 24//24 53//53 54//54
f 24//24 54//54 47//47
f 47//47 54//54 55//55
f 47//47 55//55 48//48
f 48//48 55//55 56//56
f 48//48 56//56 49//49
f 21//21 57//57 22//22
f 22//22 57//57 20//20
f 22//22 20//20 53//53
f 53//53 20//20 19//19
f 53//53 19//19 54//54
f 54//54 19//19 58//58
f 54//54 58//58 55//55
f 55//55 58//58 59//59
f 55//55 59//59 56//56
f 56//56 59//59 60//60
f 61//61 62//62 60//60
f 60//60 62//62 63//63
f 60//60 63//63 56//56
f 56//56 63//63 64//64
f 56//56 64//64 49//49
f 16//16 15//15 17//17
f 17//17 15//15 6//6
f 17//17 6//6 19//19
f 19//19 6//6 65//65
f 19//19 65//65 58//58
f 58//58 65//65 66//66
f 58//58 66//66 59//59
f 59//59 66//66 67//67
f 59//59 67//67 60//60
f 60//60 67//67 68//68
f 60//60 68//68 61//61
f 4//4 14//14 5//5
f 5//5 14//14 9//9
f 5//5 9//9 6//6
f 6//6 9//9 69//69
f 6//6 69//69 65//65
f 65//65 69//69 70//70
f 65//65 70//70 66//66
f 66//66 70//70 71//71
f 66//66 71//71 67//67
f 67//67 71//71 72//72
f 67//67 72//72 68//68
f 68//68 72//72 73//73
f 74//74 75//75 73//73
f 73//73 75//75 76//76
f 73//73 76//76 68//68
f 68//68 76//76 77//77
f 68//68 77//77 61//61
f 7//7 13//13 8//8
f 8//8 13//13 12//12
f 8//8 12//12 9//9
f 9//9 12//12 78//78
f 9//9 78//78 69//69
f 69//69 78//78 79//79
f 69//69 79//79 70//70
f 70//70 79//79 80//80
f 70//70 80//80 71//71
f 71//71 80//80 81//81
f 71//71 81//81 72//72
f 72//72 81//81 82//82
f 72//72 82//82 73//73
f 73//73 82//82 83//83
f 73//73 83//83 74//74
f 84//84 85//85 86//86
f 87//87 84//84 88//88
f 89//89 90//90 91//91
f 92//92 93//93 94//94
f 95//95 96//96 97//97
f 98//98 87//87 99//99
f 100//100 101//101 102//102
f 102//102 101//101 103//103
f 102//102 103//103 104//104
f 104//104 103//103 105//105
f 104//104 105//105 98//98
f 100//100 102//102 106//106
f 106//106 102//102 107//107
f 106//106 107//107 108//108
f 97//97 96//96 109//109
f 109//109 96//96 110//110
f 109//109 110//110 111//111
f 112//112 113//113 114//114
f 114//114 113//113 115//115
f 91//91 90//90 116//116
f 116//116 90//90 117//117
f 116//116 117//117 118//118
f 94//94 93//93 89//89
f 89//89 93//93 119//119
f 89//89 119//119 90//90
f 90//90 119//119 120//120
f 90//90 120//120 117//117
f 115//115 113//113 92//92
f 92//92 113//113 121//121
f 92//92 121//121 93//93
f 93//93 121//121 122//122
f 93//93 122//122 119//119
f 119//119 122//122 123//123
f 119//119 123//123 120//120
f 111//111 110//110 112//112
f 112//112 110//110 124//124
f 112//112 124//124 113//113
f 113//113 124//124 125//125
f 113//113 125//125 121//121
f 121//121 125//125 126//126
f 121//121 126//126 122//122
f 122//122 126//126 127//127
f 122//122 127//127 123//123
f 108//108 107//107 95//95
f 95//95 107//107 128//128
f 95//95 128//128 96//96
f 96//96 128//128 129//129
f 96//96 129//129 110//110
f 110//110 129//129 130//130
f 110//110 130//130 124//124
f 124//124 130//130 131//131
f 124//124 131//131 125//125
f 125//125 131//131 132//132
f 125//125 132//132 126//126
f 126//126 132//132 133//133
f 126//126 133//133 127//127
f 98//98 99//99 104//104
f 104//104 99//99 134//134
f 104//104 134//134 102//102
f 102//102 134//134 135//135
f 102//102 135//135 107//107
f 107//107 135//135 136//136
f 107//107 136//136 128//128
f 128//128 136//136 137//137
f 128//128 137//137 129//129
f 129//129 137//137 138//138
f 129//129 138//138 130//130
f 130//130 138//138 139//139
f 130//130 139//139 131//131
f 131//131 139//139 140//140
f 131//131 140//140 132//132
f 132//132 140//140 141//141
f 132//132 141//141 133//133
f 87//87 88//88 99//99
f 99//99 88//88 142//142
f 99//99 142//142 134//134
f 134//134 142//142 143//143
f 134//134 143//143 135//135
f 135//135 143//143 144//144
f 135//135 144//144 136//136
f 136//136 144//144 145//145
f 136//136 145//145 137//137
f 137//137 145//145 146//146
f 137//137 146//146 138//138
f 138//138 146//146 147//147
f 138//138 147//147 139//139
f 139//139 147//147 148//148
f 139//139 148//148 140//140
f 140//140 148//148 149//149
f 140//140 149//149 141//141
f 84//84 86//86 88//88
f 88//88 86//86 150//150
f 88//88 150//150 142//142
f 142//142 150//150 151//151
f 142//142 151//151 143//143
f 143//143 151//151 152//152
f 143//143 152//152 144//144
f 144//144 152//152 153//153
f 144//144 153//153 145//145
f 145//145 153//153 154//154
f 145//145 154//154 146//146
f 146//146 154//154 155//155
f 146//146 155//155 147//147
f 147//147 155//155 156//156
f 147//147 156//156 148//148
f 148//148 156//156 157//157
f 148//148 157//157 149//149
f 158//158 159//159 160//160
f 161//161 158//158 162//162
f 162//162 158//158 160//160
f 162//162 160//160 163//163
f 163//163 160//160 164//164
f 164//164 160//160 165//165
f 165//165 160//160 166//166
f 165//165 166//166 167//167
f 167//167 168//168 165//165
f 165//165 168//168 169//169
f 165//165 169//169 170//170
f 159//159 158//158 171//171
f 159//159 171//171 172//172
f 172//172 171//171 173//173
f 172//172 173//173 174//174
f 174//174 173//173 175//175
f 174//174 175//175 176//176
f 176//176 175//175 177//177
f 176//176 177//177 178//178
f 178//178 177//177 179//179
f 178//178 179//179 180//180
f 180//180 179//179 181//181
f 180//180 181//181 182//182
f 182//182 181//181 183//183
f 182//182 183//183 184//184
f 184//184 183//183 185//185
f 184//184 185//185 186//186
f 186//186 185//185 187//187
f 188//188 189//189 190//190
f 190//190 189//189 191//191
f 191//191 189//189 192//192
f 191//191 192//192 193//193
f 190//190 194//194 188//188
f 188//188 194//194 195//195
f 188//188 195//195 196//196
f 195//195 197//197 196//196
f 196//196 197//197 198//198
f 196//196 198//198 199//199
f 200//200 201//201 202//202
f 202//202 201//201 199//199
f 202//202 199//199 203//203
f 203//203 199//199 198//198
f 200//200 204//204 201//201
f 201//201 204//204 205//205
f 201//201 205//205 206//206
f 207//207 208//208 209//209
f 209//209 208//208 206//206
f 209//209 206//206 210//210
f 210//210 206//206 205//205
f 207//207 211//211 208//208
f 208//208 211//211 212//212
f 208//208 212//212 213//213
f 212//212 214//214 213//213
f 213//213 214//214 215//215
f 213//213 215//215 216//216
f 217//217 218//218 219//219
f 219//219 218//218 216//216
f 219//219 216//216 220//220
f 220//220 216//216 215//215
f 217//217 221//221 218//218
f 218//218 221//221 222//222
f 218//218 222//222 223//223
f 224//224 225//225 226//226
f 226//226 225//225 223//223
f 226//226 223//223 227//227
f 227//227 223//223 222//222
f 224//224 228//228 225//225
f 225//225 228//228 229//229
f 225//225 229//229 230//230
f 229//229 231//231 230//230
f 230//230 231//231 232//232
f 230//230 232//232 233//233
f 234//234 235//235 236//236
f 236//236 235//235 233//233
f 236//236 233//233 237//237
f 237//237 233//233 232//232
f 234//234 238//238 235//235
f 235//235 238//238 239//239
f 235//235 239//239 240//240
f 241//241 242//242 243//243
f 243//243 242//242 240//240
f 243//243 240//240 244//244
f 244//244 240//240 239//239
f 241//241 245//245 242//242
f 242//242 245//245 246//246
f 242//242 246//246 247//247
f 246//246 248//248 247//247
f 247//247 248//248 249//249
f 247//247 249//249 250//250
f 251//251 252//252 253//253
f 253//253 252//252 250//250
f 253//253 250//250 254//254
f 254//254 250//250 249//249
f 251//251 255//255 252//252
f 252//252 255//255 256//256
f 252//252 256//256 257//257
f 258//258 259//259 260//260
f 260//260 259//259 257//257
f 260//260 257//257 261//261
f 261//261 257//257 256//256
f 258//258 262//262 259//259
f 259//259 262//262 263//263
f 259//259 263//263 264//264
f 263//263 265//265 264//264
f 264//264 265//265 266//266
f 264//264 266//266 267//267
f 266//266 268//268 267//267
f 267//267 268//268 269//269
f 267//267 269//269 270//270
f 271//271 272//272 273//273
f 274//274 275//275 276//276
f 276//276 277//277 274//274
f 274//274 277//277 278//278
f 274//274 278//278 279//279
f 269//269 280//280 270//270
f 270//270 280//280 281//281
f 270//270 281//281 282//282
f 282//282 281//281 275//275
f 282//282 275//275 273//273
f 273//273 275//275 274//274
f 273//273 274//274 271//271
f 271//271 274//274 283//283
f 271//271 283//283 272//272
f 193//193 186//186 191//191
f 191//191 186//186 187//187
f 191//191 187//187 284//284
f 284//284 187//187 285//285
f 284//284 285//285 286//286
f 287//287 288//288 285//285
f 285//285 288//288 289//289
f 285//285 289//289 286//286
f 290//290 291//291 287//287
f 287//287 291//291 292//292
f 287//287 292//292 288//288
f 290//290 287//287 293//293
f 293//293 287//287 294//294
f 293//293 294//294 295//295
f 295//295 294//294 296//296
f 295//295 296//296 297//297
f 297//297 296//296 298//298
f 298//298 296//296 299//299
f 298//298 299//299 300//300
f 300//300 299//299 301//301
f 301//301 299//299 302//302
f 301//301 302//302 303//303
f 304//304 305//305 302//302
f 302//302 305//305 306//306
f 302//302 306//306 303//303
f 307//307 308//308 309//309
f 309//309 308//308 310//310
f 309//309 310//310 304//304
f 304//304 310//310 311//311
f 304//304 311//311 305//305
f 307//307 309//309 312//312
f 312//312 309//309 313//313
f 312//312 313//313 314//314
f 314//314 313//313 315//315
f 315//315 313//313 316//316
f 315//315 316//316 317//317
f 317//317 316//316 318//318
f 318//318 316//316 319//319
f 318//318 319//319 320//320
f 321//321 322//322 319//319
f 319//319 322//322 323//323
f 319//319 323//323 320//320
f 324//324 325//325 326//326
f 326//326 325//325 327//327
f 326//326 327//327 321//321
f 321//321 327//327 328//328
f 321//321 328//328 322//322
f 324//324 326//326 329//329
f 329//329 326//326 330//330
f 329//329 330//330 331//331
f 331//331 330//330 332//332
f 332//332 330//330 333//333
f 332//332 333//333 334//334
f 334//334 333//333 335//335
f 335//335 333//333 336//336
f 335//335 336//336 337//337
f 338//338 339//339 336//336
f 336//336 339//339 340//340
f 336//336 340//340 337//337
f 277//277 341//341 278//278
f 278//278 341//341 342//342
f 278//278 342//342 338//338
f 338//338 342//342 343//343
f 338//338 343//343 339//339
f 274//274 279//279 344//344
f 274//274 344//344 345//345
f 345//345 344//344 346//346
f 345//345 346//346 347//347
f 347//347 346//346 348//348
f 347//347 348//348 349//349
f 349//349 348//348 350//350
f 349//349 350//350 351//351
f 351//351 350//350 352//352
f 351//351 352//352 353//353
f 353//353 352//352 354//354
f 353//353 354//354 355//355
f 355//355 354//354 356//356
f 355//355 356//356 357//357
f 357//357 356//356 358//358
f 357//357 358//358 359//359
f 360//360 359//359 358//358
f 358//358 361//361 360//360
f 360//360 361//361 362//362
f 360//360 362//362 363//363
f 360//360 364//364 365//365
f 365//365 366//366 360//360
f 360//360 366//366 367//367
f 360//360 367//367 368//368
f 363//363 369//369 360//360
f 360//360 369//369 370//370
f 360//360 370//370 364//364
f 371//371 372//372 373//373
f 373//373 372//372 374//374
f 375//375 376//376 374//374
f 374//374 376//376 377//377
f 374//374 377//377 373//373
f 378//378 379//379 375//375
f 375//375 379//379 380//380
f 375//375 380//380 376//376
f 381//381 382//382 378//378
f 378//378 382//382 383//383
f 378//378 383//383 379//379
f 384//384 385//385 381//381
f 381//381 385//385 386//386
f 381//381 386//386 382//382
f 384//384 381//381 387//387
f 387//387 381//381 388//388
f 387//387 388//388 389//389
f 389//389 388//388 390//390
f 389//389 390//390 391//391
f 391//391 390//390 392//392
f 392//392 390//390 393//393
f 392//392 393//393 394//394
f 394//394 393//393 395//395
f 395//395 393//393 396//396
f 395//395 396//396 397//397
f 397//397 396//396 398//398
f 398//398 396//396 399//399
f 398//398 399//399 400//400
f 401//401 402//402 399//399
f 399//399 402//402 400//400
f 402//402 401//401 403//403
f 403//403 401//401 404//404
f 405//405 406//406 404//404
f 404//404 406//406 407//407
f 404//404 407//407 403//403
f 408//408 409//409 405//405
f 405//405 409//409 410//410
f 405//405 410//410 406//406
f 411//411 412//412 408//408
f 408//408 412//412 413//413
f 408//408 413//413 409//409
f 414//414 415//415 411//411
f 411//411 415//415 416//416
f 411//411 416//416 412//412
f 414//414 411//411 417//417
f 417//417 411//411 418//418
f 417//417 418//418 419//419
f 419//419 418//418 420//420
f 419//419 420//420 421//421
f 421//421 420//420 422//422
f 422//422 420//420 423//423
f 422//422 423//423 424//424
f 424//424 423//423 425//425
f 425//425 423//423 426//426
f 425//425 426//426 427//427
f 427//427 426//426 428//428
f 428//428 426//426 429//429
f 428//428 429//429 430//430
f 431//431 432//432 433//433
f 434//434 430//430 433//433
f 433//433 430//430 429//429
f 433//433 429//429 431//431
f 435//435 436//436 437//437
f 437//437 436//436 372//372
f 437//437 372//372 438//438
f 438//438 372//372 371//371
f 439//439 282//282 440//440
f 440//440 282//282 273//273
f 441//441 188//188 442//442
f 442//442 188//188 443//443
f 441//441 444//444 188//188
f 188//188 444//444 445//445
f 188//188 445//445 189//189
f 443//443 188//188 446//446
f 446//446 188//188 447//447
f 446//446 447//447 448//448
f 448//448 447//447 199//199
f 448//448 199//199 449//449
f 449//449 199//199 201//201
f 449//449 201//201 206//206
f 450//450 225//225 451//451
f 451//451 225//225 230//230
f 451//451 230//230 452//452
f 452//452 230//230 453//453
f 259//259 264//264 454//454
f 454//454 264//264 267//267
f 206//206 208//208 449//449
f 449//449 208//208 213//213
f 449//449 213//213 216//216
f 230//230 455//455 453//453
f 453//453 455//455 235//235
f 453//453 235//235 456//456
f 456//456 235//235 240//240
f 457//457 458//458 240//240
f 459//459 454//454 460//460
f 460//460 454//454 267//267
f 460//460 267//267 461//461
f 461//461 267//267 462//462
f 461//461 462//462 463//463
f 463//463 462//462 282//282
f 463//463 282//282 464//464
f 464//464 282//282 439//439
f 450//450 465//465 225//225
f 225//225 465//465 466//466
f 225//225 466//466 467//467
f 458//458 468//468 240//240
f 240//240 468//468 469//469
f 240//240 469//469 456//456
f 242//242 247//247 454//454
f 454//454 247//247 250//250
f 467//467 470//470 225//225
f 225//225 470//470 471//471
f 225//225 471//471 472//472
f 216//216 218//218 449//449
f 449//449 218//218 223//223
f 449//449 223//223 473//473
f 473//473 223//223 225//225
f 473//473 225//225 474//474
f 474//474 225//225 472//472
f 475//475 476//476 240//240
f 250//250 252//252 454//454
f 454//454 252//252 257//257
f 454//454 257//257 259//259
f 476//476 477//477 240//240
f 240//240 477//477 478//478
f 240//240 478//478 457//457
f 242//242 454//454 240//240
f 240//240 454//454 479//479
f 240//240 479//479 475//475
f 480//480 481//481 482//482
f 482//482 481//481 483//483
f 482//482 483//483 484//484
f 484//484 483//483 485//485
f 484//484 485//485 486//486
f 486//486 485//485 487//487
f 486//486 487//487 488//488
f 488//488 487//487 489//489
f 488//488 489//489 490//490
f 490//490 489//489 491//491
f 490//490 491//491 492//492
f 492//492 491//491 493//493
f 492//492 493//493 494//494
f 494//494 493//493 495//495
f 494//494 495//495 496//496
f 496//496 495//495 497//497
f 496//496 497//497 498//498
f 498//498 497//497 499//499
f 498//498 499//499 500//500
f 500//500 499//499 501//501
f 500//500 501//501 502//502
f 502//502 501//501 503//503
f 502//502 503//503 504//504
f 504//504 503//503 505//505
f 504//504 505//505 506//506
f 506//506 505//505 507//507
f 506//506 507//507 508//508
f 508//508 507//507 509//509
f 508//508 509//509 510//510
f 510//510 509//509 511//511
f 510//510 511//511 512//512
f 512//512 511//511 513//513
f 512//512 513//513 514//514
f 514//514 513//513 515//515
f 514//514 515//515 516//516
f 516//516 515//515 517//517
f 516//516 517//517 518//518
f 518//518 517//517 519//519
f 518//518 519//519 520//520
f 520//520 519//519 521//521
f 520//520 521//521 522//522
f 522//522 521//521 523//523
f 522//522 523//523 524//524
f 524//524 523//523 525//525
f 524//524 525//525 526//526
f 526//526 525//525 527//527
f 526//526 527//527 528//528
f 528//528 527//527 529//529
f 528//528 529//529 530//530
f 530//530 529//529 531//531
f 530//530 531//531 532//532
f 532//532 531//531 533//533
f 532//532 533//533 534//534
f 534//534 533//533 535//535
f 534//534 535//535 536//536
f 536//536 535//535 537//537
f 536//536 537//537 538//538
f 538//538 537//537 539//539
f 538//538 539//539 540//540
f 540//540 539//539 541//541
f 540//540 541//541 542//542
f 542//542 541//541 543//543
f 542//542 543//543 544//544
f 544//544 543//543 545//545
f 544//544 545//545 546//546
f 546//546 545//545 547//547
f 546//546 547//547 548//548
f 548//548 547//547 549//549
f 548//548 549//549 550//550
f 550//550 549//549 551//551
f 550//550 551//551 552//552
f 552//552 551//551 553//553
f 552//552 553//553 554//554
f 554//554 553//553 555//555
f 554//554 555//555 556//556
f 556//556 555//555 557//557
f 556//556 557//557 558//558
f 558//558 557//557 559//559
f 558//558 559//559 560//560
f 560//560 559//559 561//561
f 560//560 561//561 562//562
f 562//562 561//561 563//563
f 562//562 563//563 564//564
f 564//564 563//563 565//565
f 564//564 565//565 566//566
f 566//566 565//565 567//567
f 566//566 567//567 568//568
f 568//568 567//567 569//569
f 568//568 569//569 570//570
f 570//570 569//569 571//571
f 570//570 571//571 480//480
f 480//480 571//571 481//481
f 432//432 431//431 572//572
f 432//432 572//572 573//573
f 573//573 572//572 574//574
f 573//573 574//574 575//575
f 575//575 574//574 576//576
f 575//575 576//576 577//577
f 577//577 576//576 578//578
f 577//577 578//578 579//579
f 579//579 578//578 580//580
f 579//579 580//580 581//581
f 581//581 580//580 582//582
f 581//581 582//582 583//583
f 583//583 582//582 584//584
f 583//583 584//584 585//585
f 585//585 584//584 586//586
f 585//585 586//586 587//587
f 587//587 586//586 588//588
f 587//587 588//588 589//589
f 589//589 588//588 590//590
f 589//589 590//590 591//591
f 591//591 590//590 592//592
f 591//591 592//592 593//593
f 593//593 592//592 594//594
f 593//593 594//594 595//595
f 595//595 594//594 596//596
f 595//595 596//596 597//597
f 597//597 596//596 598//598
f 597//597 598//598 599//599
f 599//599 598//598 600//600
f 599//599 600//600 601//601
f 601//601 600//600 602//602
f 601//601 602//602 603//603
f 603//603 602//602 604//604
f 603//603 604//604 605//605
f 605//605 604//604 606//606
f 605//605 606//606 607//607
f 607//607 606//606 608//608
f 607//607 608//608 609//609
f 609//609 608//608 610//610
f 609//609 610//610 611//611
f 611//611 610//610 612//612
f 611//611 612//612 613//613
f 613//613 612//612 614//614
f 613//613 614//614 615//615
f 615//615 614//614 616//616
f 615//615 616//616 617//617
f 617//617 616//616 618//618
f 617//617 618//618 619//619
f 619//619 618//618 436//436
f 619//619 436//436 435//435
f 620//620 361//361 358//358
f 285//285 621//621 287//287
f 287//287 621//621 622//622
f 287//287 622//622 294//294
f 620//620 278//278 623//623
f 623//623 278//278 338//338
f 623//623 338//338 624//624
f 330//330 625//625 333//333
f 333//333 625//625 626//626
f 333//333 626//626 336//336
f 336//336 626//626 627//627
f 336//336 627//627 338//338
f 338//338 627//627 628//628
f 338//338 628//628 624//624
f 185//185 629//629 187//187
f 187//187 629//629 630//630
f 187//187 630//630 285//285
f 285//285 630//630 631//631
f 285//285 631//631 621//621
f 622//622 632//632 294//294
f 294//294 632//632 633//633
f 294//294 633//633 296//296
f 296//296 633//633 634//634
f 296//296 634//634 299//299
f 299//299 634//634 635//635
f 299//299 635//635 302//302
f 302//302 635//635 636//636
f 302//302 636//636 304//304
f 304//304 636//636 637//637
f 304//304 637//637 309//309
f 309//309 637//637 638//638
f 309//309 638//638 639//639
f 346//346 344//344 620//620
f 620//620 344//344 279//279
f 620//620 279//279 278//278
f 358//358 356//356 620//620
f 620//620 356//356 354//354
f 620//620 354//354 352//352
f 352//352 350//350 620//620
f 620//620 350//350 348//348
f 620//620 348//348 346//346
f 185//185 183//183 629//629
f 629//629 183//183 181//181
f 629//629 181//181 179//179
f 173//173 171//171 629//629
f 629//629 171//171 158//158
f 629//629 158//158 161//161
f 638//638 640//640 639//639
f 639//639 640//640 641//641
f 639//639 641//641 316//316
f 316//316 641//641 642//642
f 316//316 642//642 319//319
f 319//319 642//642 643//643
f 319//319 643//643 321//321
f 321//321 643//643 644//644
f 321//321 644//644 326//326
f 326//326 644//644 645//645
f 326//326 645//645 330//330
f 330//330 645//645 646//646
f 330//330 646//646 625//625
f 179//179 177//177 629//629
f 629//629 177//177 175//175
f 629//629 175//175 173//173
f 448//448 449//449 647//647
f 448//448 647//647 648//648
f 648//648 647//647 649//649
f 648//648 649//649 650//650
f 650//650 649//649 651//651
f 650//650 651//651 652//652
f 652//652 651//651 653//653
f 652//652 653//653 654//654
f 654//654 653//653 655//655
f 654//654 655//655 656//656
f 656//656 655//655 657//657
f 656//656 657//657 658//658
f 658//658 657//657 659//659
f 658//658 659//659 660//660
f 660//660 659//659 661//661
f 660//660 661//661 662//662
f 662//662 661//661 430//430
f 662//662 430//430 434//434
f 407//407 406//406 663//663
f 410//410 409//409 664//664
f 416//416 415//415 665//665
f 417//417 419//419 666//666
f 421//421 422//422 667//667
f 427//427 428//428 668//668
f 474//474 472//472 669//669
f 669//669 472//472 670//670
f 669//669 670//670 671//671
f 671//671 670//670 672//672
f 671//671 672//672 673//673
f 673//673 672//672 674//674
f 673//673 674//674 675//675
f 675//675 674//674 676//676
f 675//675 676//676 677//677
f 677//677 676//676 678//678
f 677//677 678//678 679//679
f 679//679 678//678 680//680
f 679//679 680//680 681//681
f 681//681 680//680 682//682
f 681//681 682//682 683//683
f 683//683 682//682 667//667
f 466//466 465//465 684//684
f 684//684 465//465 685//685
f 684//684 685//685 686//686
f 686//686 685//685 687//687
f 686//686 687//687 688//688
f 688//688 687//687 689//689
f 688//688 689//689 690//690
f 690//690 689//689 691//691
f 690//690 691//691 692//692
f 692//692 691//691 693//693
f 692//692 693//693 694//694
f 694//694 693//693 695//695
f 694//694 695//695 696//696
f 696//696 695//695 697//697
f 696//696 697//697 698//698
f 698//698 697//697 664//664
f 449//449 473//473 647//647
f 647//647 473//473 699//699
f 647//647 699//699 649//649
f 649//649 699//699 700//700
f 649//649 700//700 651//651
f 651//651 700//700 701//701
f 651//651 701//701 653//653
f 653//653 701//701 702//702
f 653//653 702//702 655//655
f 655//655 702//702 703//703
f 655//655 703//703 657//657
f 657//657 703//703 704//704
f 657//657 704//704 659//659
f 659//659 704//704 705//705
f 659//659 705//705 661//661
f 661//661 705//705 668//668
f 661//661 668//668 430//430
f 430//430 668//668 428//428
f 425//425 427//427 683//683
f 683//683 427//427 668//668
f 683//683 668//668 681//681
f 681//681 668//668 705//705
f 681//681 705//705 679//679
f 679//679 705//705 704//704
f 679//679 704//704 677//677
f 677//677 704//704 703//703
f 677//677 703//703 675//675
f 675//675 703//703 702//702
f 675//675 702//702 673//673
f 673//673 702//702 701//701
f 673//673 701//701 671//671
f 671//671 701//701 700//700
f 671//671 700//700 669//669
f 669//669 700//700 699//699
f 669//669 699//699 474//474
f 474//474 699//699 473//473
f 667//667 422//422 683//683
f 683//683 422//422 424//424
f 683//683 424//424 425//425
f 419//419 421//421 666//666
f 666//666 421//421 667//667
f 666//666 667//667 706//706
f 706//706 667//667 682//682
f 706//706 682//682 707//707
f 707//707 682//682 680//680
f 707//707 680//680 708//708
f 708//708 680//680 678//678
f 708//708 678//678 709//709
f 709//709 678//678 676//676
f 709//709 676//676 710//710
f 710//710 676//676 674//674
f 710//710 674//674 711//711
f 711//711 674//674 672//672
f 711//711 672//672 712//712
f 712//712 672//672 670//670
f 712//712 670//670 471//471
f 471//471 670//670 472//472
f 414//414 417//417 713//713
f 713//713 417//417 666//666
f 713//713 666//666 714//714
f 714//714 666//666 706//706
f 714//714 706//706 715//715
f 715//715 706//706 707//707
f 715//715 707//707 716//716
f 716//716 707//707 708//708
f 716//716 708//708 717//717
f 717//717 708//708 709//709
f 717//717 709//709 718//718
f 718//718 709//709 710//710
f 718//718 710//710 719//719
f 719//719 710//710 711//711
f 719//719 711//711 720//720
f 720//720 711//711 712//712
f 720//720 712//712 470//470
f 470//470 712//712 471//471
f 470//470 467//467 720//720
f 720//720 467//467 721//721
f 720//720 721//721 719//719
f 719//719 721//721 722//722
f 719//719 722//722 718//718
f 718//718 722//722 723//723
f 718//718 723//723 717//717
f 717//717 723//723 724//724
f 717//717 724//724 716//716
f 716//716 724//724 725//725
f 716//716 725//725 715//715
f 715//715 725//725 726//726
f 715//715 726//726 714//714
f 714//714 726//726 727//727
f 714//714 727//727 713//713
f 713//713 727//727 665//665
f 713//713 665//665 414//414
f 414//414 665//665 415//415
f 412//412 416//416 698//698
f 698//698 416//416 665//665
f 698//698 665//665 696//696
f 696//696 665//665 727//727
f 696//696 727//727 694//694
f 694//694 727//727 726//726
f 694//694 726//726 692//692
f 692//692 726//726 725//725
f 692//692 725//725 690//690
f 690//690 725//725 724//724
f 690//690 724//724 688//688
f 688//688 724//724 723//723
f 688//688 723//723 686//686
f 686//686 723//723 722//722
f 686//686 722//722 684//684
f 684//684 722//722 721//721
f 684//684 721//721 466//466
f 466//466 721//721 467//467
f 664//664 409//409 698//698
f 698//698 409//409 413//413
f 698//698 413//413 412//412
f 406//406 410//410 663//663
f 663//663 410//410 664//664
f 663//663 664//664 728//728
f 728//728 664//664 697//697
f 728//728 697//697 729//729
f 729//729 697//697 695//695
f 729//729 695//695 730//730
f 730//730 695//695 693//693
f 730//730 693//693 731//731
f 731//731 693//693 691//691
f 731//731 691//691 732//732
f 732//732 691//691 689//689
f 732//732 689//689 733//733
f 733//733 689//689 687//687
f 733//733 687//687 734//734
f 734//734 687//687 685//685
f 734//734 685//685 450//450
f 450//450 685//685 465//465
f 403//403 407//407 735//735
f 735//735 407//407 663//663
f 735//735 663//663 736//736
f 736//736 663//663 728//728
f 736//736 728//728 737//737
f 737//737 728//728 729//729
f 737//737 729//729 738//738
f 738//738 729//729 730//730
f 738//738 730//730 739//739
f 739//739 730//730 731//731
f 739//739 731//731 740//740
f 740//740 731//731 732//732
f 740//740 732//732 741//741
f 741//741 732//732 733//733
f 741//741 733//733 742//742
f 742//742 733//733 734//734
f 742//742 734//734 451//451
f 451//451 734//734 450//450
f 451//451 452//452 742//742
f 742//742 452//452 743//743
f 742//742 743//743 741//741
f 741//741 743//743 744//744
f 741//741 744//744 740//740
f 740//740 744//744 745//745
f 740//740 745//745 739//739
f 739//739 745//745 746//746
f 739//739 746//746 738//738
f 738//738 746//746 747//747
f 738//738 747//747 737//737
f 737//737 747//747 748//748
f 737//737 748//748 736//736
f 736//736 748//748 749//749
f 736//736 749//749 735//735
f 735//735 749//749 750//750
f 735//735 750//750 403//403
f 403//403 750//750 402//402
f 452//452 453//453 751//751
f 452//452 751//751 743//743
f 743//743 751//751 752//752
f 743//743 752//752 744//744
f 744//744 752//752 753//753
f 744//744 753//753 745//745
f 745//745 753//753 754//754
f 745//745 754//754 746//746
f 746//746 754//754 755//755
f 746//746 755//755 747//747
f 747//747 755//755 756//756
f 747//747 756//756 748//748
f 748//748 756//756 757//757
f 748//748 757//757 749//749
f 749//749 757//757 758//758
f 749//749 758//758 750//750
f 750//750 758//758 400//400
f 750//750 400//400 402//402
f 377//377 376//376 759//759
f 380//380 379//379 760//760
f 386//386 385//385 761//761
f 387//387 389//389 762//762
f 391//391 392//392 763//763
f 397//397 398//398 764//764
f 469//469 468//468 765//765
f 765//765 468//468 766//766
f 765//765 766//766 767//767
f 767//767 766//766 768//768
f 767//767 768//768 769//769
f 769//769 768//768 770//770
f 769//769 770//770 771//771
f 771//771 770//770 772//772
f 771//771 772//772 773//773
f 773//773 772//772 774//774
f 773//773 774//774 775//775
f 775//775 774//774 776//776
f 775//775 776//776 777//777
f 777//777 776//776 778//778
f 777//777 778//778 779//779
f 779//779 778//778 763//763
f 477//477 476//476 780//780
f 780//780 476//476 781//781
f 780//780 781//781 782//782
f 782//782 781//781 783//783
f 782//782 783//783 784//784
f 784//784 783//783 785//785
f 784//784 785//785 786//786
f 786//786 785//785 787//787
f 786//786 787//787 788//788
f 788//788 787//787 789//789
f 788//788 789//789 790//790
f 790//790 789//789 791//791
f 790//790 791//791 792//792
f 792//792 791//791 793//793
f 792//792 793//793 794//794
f 794//794 793//793 760//760
f 453//453 456//456 751//751
f 751//751 456//456 795//795
f 751//751 795//795 752//752
f 752//752 795//795 796//796
f 752//752 796//796 753//753
f 753//753 796//796 797//797
f 753//753 797//797 754//754
f 754//754 797//797 798//798
f 754//754 798//798 755//755
f 755//755 798//798 799//799
f 755//755 799//799 756//756
f 756//756 799//799 800//800
f 756//756 800//800 757//757
f 757//757 800//800 801//801
f 757//757 801//801 758//758
f 758//758 801//801 764//764
f 758//758 764//764 400//400
f 400//400 764//764 398//398
f 395//395 397//397 779//779
f 779//779 397//397 764//764
f 779//779 764//764 777//777
f 777//777 764//764 801//801
f 777//777 801//801 775//775
f 775//775 801//801 800//800
f 775//775 800//800 773//773
f 773//773 800//800 799//799
f 773//773 799//799 771//771
f 771//771 799//799 798//798
f 771//771 798//798 769//769
f 769//769 798//798 797//797
f 769//769 797//797 767//767
f 767//767 797//797 796//796
f 767//767 796//796 765//765
f 765//765 796//796 795//795
f 765//765 795//795 469//469
f 469//469 795//795 456//456
f 763//763 392//392 779//779
f 779//779 392//392 394//394
f 779//779 394//394 395//395
f 389//389 391//391 762//762
f 762//762 391//391 763//763
f 762//762 763//763 802//802
f 802//802 763//763 778//778
f 802//802 778//778 803//803
f 803//803 778//778 776//776
f 803//803 776//776 804//804
f 804//804 776//776 774//774
f 804//804 774//774 805//805
f 805//805 774//774 772//772
f 805//805 772//772 806//806
f 806//806 772//772 770//770
f 806//806 770//770 807//807
f 807//807 770//770 768//768
f 807//807 768//768 808//808
f 808//808 768//768 766//766
f 808//808 766//766 458//458
f 458//458 766//766 468//468
f 384//384 387//387 809//809
f 809//809 387//387 762//762
f 809//809 762//762 810//810
f 810//810 762//762 802//802
f 810//810 802//802 811//811
f 811//811 802//802 803//803
f 811//811 803//803 812//812
f 812//812 803//803 804//804
f 812//812 804//804 813//813
f 813//813 804//804 805//805
f 813//813 805//805 814//814
f 814//814 805//805 806//806
f 814//814 806//806 815//815
f 815//815 806//806 807//807
f 815//815 807//807 816//816
f 816//816 807//807 808//808
f 816//816 808//808 457//457
f 457//457 808//808 458//458
f 457//457 478//478 816//816
f 816//816 478//478 817//817
f 816//816 817//817 815//815
f 815//815 817//817 818//818
f 815//815 818//818 814//814
f 814//814 818//818 819//819
f 814//814 819//819 813//813
f 813//813 819//819 820//820
f 813//813 820//820 812//812
f 812//812 820//820 821//821
f 812//812 821//821 811//811
f 811//811 821//821 822//822
f 811//811 822//822 810//810
f 810//810 822//822 823//823
f 810//810 823//823 809//809
f 809//809 823//823 761//761
f 809//809 761//761 384//384
f 384//384 761//761 385//385
f 382//382 386//386 794//794
f 794//794 386//386 761//761
f 794//794 761//761 792//792
f 792//792 761//761 823//823
f 792//792 823//823 790//790
f 790//790 823//823 822//822
f 790//790 822//822 788//788
f 788//788 822//822 821//821
f 788//788 821//821 786//786
f 786//786 821//821 820//820
f 786//786 820//820 784//784
f 784//784 820//820 819//819
f 784//784 819//819 782//782
f 782//782 819//819 818//818
f 782//782 818//818 780//780
f 780//780 818//818 817//817
f 780//780 817//817 477//477
f 477//477 817//817 478//478
f 760//760 379//379 794//794
f 794//794 379//379 383//383
f 794//794 383//383 382//382
f 376//376 380//380 759//759
f 759//759 380//380 760//760
f 759//759 760//760 824//824
f 824//824 760//760 793//793
f 824//824 793//793 825//825
f 825//825 793//793 791//791
f 825//825 791//791 826//826
f 826//826 791//791 789//789
f 826//826 789//789 827//827
f 827//827 789//789 787//787
f 827//827 787//787 828//828
f 828//828 787//787 785//785
f 828//828 785//785 829//829
f 829//829 785//785 783//783
f 829//829 783//783 830//830
f 830//830 783//783 781//781
f 830//830 781//781 475//475
f 475//475 781//781 476//476
f 373//373 377//377 831//831
f 831//831 377//377 759//759
f 831//831 759//759 832//832
f 832//832 759//759 824//824
f 832//832 824//824 833//833
f 833//833 824//824 825//825
f 833//833 825//825 834//834
f 834//834 825//825 826//826
f 834//834 826//826 835//835
f 835//835 826//826 827//827
f 835//835 827//827 836//836
f 836//836 827//827 828//828
f 836//836 828//828 837//837
f 837//837 828//828 829//829
f 837//837 829//829 838//838
f 838//838 829//829 830//830
f 838//838 830//830 479//479
f 479//479 830//830 475//475
f 479//479 454//454 838//838
f 838//838 454//454 839//839
f 838//838 839//839 837//837
f 837//837 839//839 840//840
f 837//837 840//840 836//836
f 836//836 840//840 841//841
f 836//836 841//841 835//835
f 835//835 841//841 842//842
f 835//835 842//842 834//834
f 834//834 842//842 843//843
f 834//834 843//843 833//833
f 833//833 843//843 844//844
f 833//833 844//844 832//832
f 832//832 844//844 845//845
f 832//832 845//845 831//831
f 831//831 845//845 846//846
f 831//831 846//846 373//373
f 373//373 846//846 371//371
f 454//454 459//459 847//847
f 454//454 847//847 839//839
f 839//839 847//847 848//848
f 839//839 848//848 840//840
f 840//840 848//848 849//849
f 840//840 849//849 841//841
f 841//841 849//849 850//850
f 841//841 850//850 842//842
f 842//842 850//850 851//851
f 842//842 851//851 843//843
f 843//843 851//851 852//852
f 843//843 852//852 844//844
f 844//844 852//852 853//853
f 844//844 853//853 845//845
f 845//845 853//853 854//854
f 845//845 854//854 846//846
f 846//846 854//854 438//438
f 846//846 438//438 371//371
f 855//855 548//548 856//856
f 856//856 548//548 550//550
f 856//856 550//550 857//857
f 857//857 550//550 552//552
f 857//857 552//552 858//858
f 858//858 552//552 554//554
f 855//855 859//859 548//548
f 548//548 859//859 546//546
f 860//860 528//528 861//861
f 861//861 528//528 530//530
f 861//861 530//530 862//862
f 862//862 530//530 532//532
f 862//862 532//532 863//863
f 863//863 532//532 534//534
f 863//863 534//534 864//864
f 864//864 534//534 536//536
f 864//864 536//536 865//865
f 865//865 536//536 538//538
f 865//865 538//538 866//866
f 866//866 538//538 540//540
f 866//866 540//540 867//867
f 867//867 540//540 542//542
f 867//867 542//542 868//868
f 868//868 542//542 544//544
f 868//868 544//544 859//859
f 859//859 544//544 546//546
f 860//860 869//869 528//528
f 528//528 869//869 526//526
f 870//870 508//508 871//871
f 871//871 508//508 510//510
f 871//871 510//510 872//872
f 872//872 510//510 512//512
f 872//872 512//512 873//873
f 873//873 512//512 514//514
f 873//873 514//514 874//874
f 874//874 514//514 516//516
f 874//874 516//516 875//875
f 875//875 516//516 518//518
f 875//875 518//518 876//876
f 876//876 518//518 520//520
f 876//876 520//520 877//877
f 877//877 520//520 522//522
f 877//877 522//522 878//878
f 878//878 522//522 524//524
f 878//878 524//524 869//869
f 869//869 524//524 526//526
f 870//870 879//879 508//508
f 508//508 879//879 506//506
f 880//880 500//500 881//881
f 881//881 500//500 502//502
f 881//881 502//502 882//882
f 882//882 502//502 504//504
f 882//882 504//504 879//879
f 879//879 504//504 506//506
f 858//858 554//554 883//883
f 883//883 554//554 556//556
f 883//883 556//556 884//884
f 884//884 556//556 558//558
f 884//884 558//558 885//885
f 885//885 558//558 560//560
f 885//885 560//560 886//886
f 886//886 560//560 562//562
f 886//886 562//562 887//887
f 887//887 562//562 564//564
f 887//887 564//564 888//888
f 888//888 564//564 566//566
f 888//888 566//566 889//889
f 889//889 566//566 568//568
f 889//889 568//568 890//890
f 890//890 568//568 570//570
f 890//890 570//570 891//891
f 891//891 570//570 480//480
f 891//891 480//480 892//892
f 892//892 480//480 482//482
f 892//892 482//482 893//893
f 893//893 482//482 484//484
f 893//893 484//484 894//894
f 894//894 484//484 486//486
f 894//894 486//486 895//895
f 895//895 486//486 488//488
f 895//895 488//488 896//896
f 896//896 488//488 490//490
f 896//896 490//490 897//897
f 897//897 490//490 492//492
f 897//897 492//492 898//898
f 898//898 492//492 494//494
f 898//898 494//494 899//899
f 899//899 494//494 496//496
f 899//899 496//496 900//900
f 900//900 496//496 498//498
f 900//900 498//498 880//880
f 880//880 498//498 500//500
f 888//888 889//889 901//901
f 901//901 889//889 890//890
f 901//901 890//890 902//902
f 902//902 890//890 891//891
f 902//902 891//891 903//903
f 903//903 891//891 892//892
f 903//903 892//892 904//904
f 904//904 892//892 893//893
f 904//904 893//893 905//905
f 905//905 893//893 894//894
f 905//905 894//894 906//906
f 906//906 894//894 895//895
f 906//906 895//895 907//907
f 907//907 895//895 896//896
f 907//907 896//896 908//908
f 908//908 896//896 897//897
f 908//908 897//897 909//909
f 909//909 897//897 898//898
f 909//909 898//898 910//910
f 910//910 898//898 899//899
f 910//910 899//899 911//911
f 911//911 899//899 900//900
f 911//911 900//900 912//912
f 912//912 900//900 880//880
f 912//912 880//880 913//913
f 913//913 880//880 881//881
f 913//913 881//881 914//914
f 914//914 881//881 882//882
f 914//914 882//882 915//915
f 915//915 882//882 879//879
f 915//915 879//879 916//916
f 916//916 879//879 870//870
f 916//916 870//870 917//917
f 917//917 870//870 871//871
f 917//917 871//871 918//918
f 918//918 871//871 872//872
f 918//918 872//872 919//919
f 919//919 872//872 873//873
f 919//919 873//873 920//920
f 920//920 873//873 874//874
f 920//920 874//874 921//921
f 921//921 874//874 875//875
f 921//921 875//875 922//922
f 922//922 875//875 876//876
f 922//922 876//876 923//923
f 923//923 876//876 877//877
f 923//923 877//877 924//924
f 924//924 877//877 878//878
f 924//924 878//878 925//925
f 925//925 878//878 869//869
f 925//925 869//869 926//926
f 926//926 869//869 860//860
f 926//926 860//860 927//927
f 927//927 860//860 861//861
f 927//927 861//861 928//928
f 928//928 861//861 862//862
f 928//928 862//862 929//929
f 929//929 862//862 863//863
f 929//929 863//863 930//930
f 930//930 863//863 864//864
f 930//930 864//864 931//931
f 931//931 864//864 865//865
f 931//931 865//865 932//932
f 932//932 865//865 866//866
f 932//932 866//866 933//933
f 933//933 866//866 867//867
f 933//933 867//867 934//934
f 934//934 867//867 868//868
f 934//934 868//868 935//935
f 935//935 868//868 859//859
f 935//935 859//859 936//936
f 936//936 859//859 855//855
f 936//936 855//855 937//937
f 937//937 855//855 856//856
f 937//937 856//856 938//938
f 938//938 856//856 857//857
f 938//938 857//857 939//939
f 939//939 857//857 858//858
f 939//939 858//858 940//940
f 940//940 858//858 883//883
f 940//940 883//883 941//941
f 941//941 883//883 884//884
f 941//941 884//884 942//942
f 942//942 884//884 885//885
f 942//942 885//885 943//943
f 943//943 885//885 886//886
f 943//943 886//886 944//944
f 944//944 886//886 887//887
f 944//944 887//887 945//945
f 945//945 887//887 888//888
f 945//945 888//888 901//901
f 946//946 947//947 948//948
f 948//948 949//949 950//950
f 950//950 951//951 948//948
f 948//948 951//951 952//952
f 948//948 952//952 953//953
f 953//953 954//954 948//948
f 948//948 954//954 955//955
f 948//948 955//955 956//956
f 957//957 958//958 948//948
f 948//948 958//958 959//959
f 948//948 959//959 946//946
f 956//956 960//960 948//948
f 948//948 960//960 961//961
f 948//948 961//961 957//957
f 949//949 962//962 950//950
f 950//950 962//962 963//963
f 950//950 963//963 951//951
f 951//951 963//963 964//964
f 951//951 964//964 952//952
f 952//952 964//964 965//965
f 952//952 965//965 953//953
f 953//953 965//965 966//966
f 953//953 966//966 954//954
f 954//954 966//966 967//967
f 954//954 967//967 955//955
f 955//955 967//967 968//968
f 955//955 968//968 956//956
f 956//956 968//968 969//969
f 956//956 969//969 960//960
f 960//960 969//969 970//970
f 960//960 970//970 961//961
f 961//961 970//970 971//971
f 961//961 971//971 957//957
f 957//957 971//971 972//972
f 957//957 972//972 958//958
f 958//958 972//972 973//973
f 958//958 973//973 959//959
f 959//959 973//973 974//974
f 959//959 974//974 946//946
f 946//946 974//974 975//975
f 946//946 975//975 947//947
f 947//947 975//975 976//976
f 977//977 978//978 85//85
f 973//973 972//972 979//979
f 979//979 972//972 971//971
f 980//980 977//977 981//981
f 982//982 983//983 984//984
f 973//973 979//979 974//974
f 974//974 979//979 985//985
f 974//974 985//985 975//975
f 971//971 970//970 979//979
f 979//979 970//970 986//986
f 979//979 986//986 987//987
f 987//987 986//986 968//968
f 987//987 968//968 967//967
f 988//988 989//989 84//84
f 84//84 989//989 990//990
f 84//84 990//990 85//85
f 85//85 990//990 991//991
f 85//85 991//991 977//977
f 977//977 991//991 992//992
f 977//977 992//992 981//981
f 993//993 994//994 1//1
f 1//1 35//35 993//993
f 993//993 35//35 995//995
f 993//993 995//995 996//996
f 967//967 966//966 987//987
f 987//987 966//966 965//965
f 987//987 965//965 997//997
f 997//997 965//965 964//964
f 997//997 964//964 963//963
f 983//983 998//998 984//984
f 984//984 998//998 1//1
f 984//984 1//1 999//999
f 999//999 1//1 994//994
f 1000//1000 1001//1001 1002//1002
f 1003//1003 1004//1004 981//981
f 981//981 1004//1004 1005//1005
f 981//981 1005//1005 980//980
f 988//988 1006//1006 1007//1007
f 1008//1008 1009//1009 984//984
f 984//984 1009//1009 1010//1010
f 984//984 1010//1010 982//982
f 1011//1011 33//33 998//998
f 998//998 33//33 2//2
f 998//998 2//2 1//1
f 963//963 962//962 997//997
f 997//997 962//962 1012//1012
f 997//997 1012//1012 1013//1013
f 1013//1013 1012//1012 1014//1014
f 1013//1013 1014//1014 1015//1015
f 1015//1015 1014//1014 1016//1016
f 1015//1015 1016//1016 1017//1017
f 1017//1017 1016//1016 1018//1018
f 1017//1017 1018//1018 1019//1019
f 1019//1019 1018//1018 1020//1020
f 1019//1019 1020//1020 1021//1021
f 1021//1021 1020//1020 1022//1022
f 1021//1021 1022//1022 1023//1023
f 1023//1023 1022//1022 1024//1024
f 1023//1023 1024//1024 1025//1025
f 1007//1007 1026//1026 988//988
f 988//988 1026//1026 1027//1027
f 988//988 1027//1027 1028//1028
f 996//996 1029//1029 993//993
f 993//993 1029//1029 1030//1030
f 993//993 1030//1030 1002//1002
f 1002//1002 1030//1030 1031//1031
f 1002//1002 1031//1031 1000//1000
f 1025//1025 1024//1024 1032//1032
f 1032//1032 1024//1024 1033//1033
f 1032//1032 1033//1033 98//98
f 98//98 1033//1033 1034//1034
f 98//98 1034//1034 87//87
f 87//87 1034//1034 1035//1035
f 87//87 1035//1035 84//84
f 84//84 1035//1035 1036//1036
f 84//84 1036//1036 988//988
f 988//988 1036//1036 1037//1037
f 988//988 1037//1037 1006//1006
f 1028//1028 1038//1038 988//988
f 988//988 1038//1038 1039//1039
f 988//988 1039//1039 984//984
f 984//984 1039//1039 1040//1040
f 984//984 1040//1040 1008//1008
f 976//976 975//975 1041//1041
f 1041//1041 975//975 985//985
f 1041//1041 985//985 1042//1042
f 1042//1042 985//985 1043//1043
f 1042//1042 1043//1043 1044//1044
f 1044//1044 1043//1043 1045//1045
f 1044//1044 1045//1045 1046//1046
f 1046//1046 1045//1045 1047//1047
f 1046//1046 1047//1047 1048//1048
f 1048//1048 1047//1047 1049//1049
f 1048//1048 1049//1049 1050//1050
f 1050//1050 1049//1049 1051//1051
f 1050//1050 1051//1051 1052//1052
f 1052//1052 1051//1051 1053//1053
f 1052//1052 1053//1053 1054//1054
f 1054//1054 1053//1053 1055//1055
f 1054//1054 1055//1055 1056//1056
f 1056//1056 1055//1055 1057//1057
f 1056//1056 1057//1057 1058//1058
f 1058//1058 1057//1057 33//33
f 1058//1058 33//33 1059//1059
f 1059//1059 33//33 1011//1011
f 157//157 1060//1060 1061//1061
f 157//157 1061//1061 149//149
f 149//149 1061//1061 1062//1062
f 149//149 1062//1062 141//141
f 141//141 1062//1062 1063//1063
f 141//141 1063//1063 133//133
f 133//133 1063//1063 1064//1064
f 133//133 1064//1064 127//127
f 127//127 1064//1064 1065//1065
f 127//127 1065//1065 123//123
f 123//123 1065//1065 1066//1066
f 123//123 1066//1066 120//120
f 120//120 1066//1066 1067//1067
f 120//120 1067//1067 117//117
f 117//117 1067//1067 1068//1068
f 117//117 1068//1068 118//118
f 118//118 1068//1068 1069//1069
f 1025//1025 92//92 94//94
f 94//94 89//89 1025//1025
f 1025//1025 89//89 91//91
f 1025//1025 91//91 116//116
f 101//101 100//100 1032//1032
f 98//98 105//105 1032//1032
f 1032//1032 105//105 103//103
f 1032//1032 103//103 101//101
f 100//100 106//106 1032//1032
f 1032//1032 106//106 108//108
f 1032//1032 108//108 95//95
f 95//95 97//97 1032//1032
f 1032//1032 97//97 109//109
f 1032//1032 109//109 111//111
f 111//111 112//112 1032//1032
f 1032//1032 112//112 114//114
f 1032//1032 114//114 1025//1025
f 1025//1025 114//114 115//115
f 1025//1025 115//115 92//92
f 20//20 57//57 1057//1057
f 1057//1057 57//57 21//21
f 33//33 1057//1057 34//34
f 34//34 1057//1057 32//32
f 27//27 28//28 1057//1057
f 1057//1057 28//28 30//30
f 1057//1057 30//30 32//32
f 21//21 23//23 1057//1057
f 1057//1057 23//23 25//25
f 1057//1057 25//25 27//27
f 1070//1070 11//11 1055//1055
f 1055//1055 11//11 10//10
f 1055//1055 10//10 13//13
f 13//13 7//7 1055//1055
f 1055//1055 7//7 14//14
f 1055//1055 14//14 4//4
f 4//4 15//15 1055//1055
f 1055//1055 15//15 16//16
f 1055//1055 16//16 1057//1057
f 1057//1057 16//16 18//18
f 1057//1057 18//18 20//20
f 116//116 118//118 1025//1025
f 1025//1025 118//118 1069//1069
f 1025//1025 1069//1069 1023//1023
f 1023//1023 1069//1069 1071//1071
f 1023//1023 1071//1071 1021//1021
f 1021//1021 1071//1071 1072//1072
f 1021//1021 1072//1072 1019//1019
f 1019//1019 1072//1072 1073//1073
f 1019//1019 1073//1073 1017//1017
f 1017//1017 1073//1073 1074//1074
f 1017//1017 1074//1074 1015//1015
f 1015//1015 1074//1074 1075//1075
f 1015//1015 1075//1075 1013//1013
f 1013//1013 1075//1075 1076//1076
f 1013//1013 1076//1076 997//997
f 997//997 1076//1076 1077//1077
f 997//997 1077//1077 987//987
f 987//987 1077//1077 1078//1078
f 987//987 1078//1078 979//979
f 979//979 1078//1078 1079//1079
f 979//979 1079//1079 985//985
f 985//985 1079//1079 1080//1080
f 985//985 1080//1080 1043//1043
f 1043//1043 1080//1080 1081//1081
f 1043//1043 1081//1081 1045//1045
f 1045//1045 1081//1081 1082//1082
f 1045//1045 1082//1082 1047//1047
f 1047//1047 1082//1082 1083//1083
f 1047//1047 1083//1083 1049//1049
f 1049//1049 1083//1083 1084//1084
f 1049//1049 1084//1084 1051//1051
f 1051//1051 1084//1084 1085//1085
f 1051//1051 1085//1085 1053//1053
f 1053//1053 1085//1085 1086//1086
f 1053//1053 1086//1086 1055//1055
f 1055//1055 1086//1086 1087//1087
f 1055//1055 1087//1087 1070//1070
f 11//11 1070//1070 1088//1088
f 11//11 1088//1088 12//12
f 12//12 1088//1088 1089//1089
f 12//12 1089//1089 78//78
f 78//78 1089//1089 1090//1090
f 78//78 1090//1090 79//79
f 79//79 1090//1090 1091//1091
f 79//79 1091//1091 80//80
f 80//80 1091//1091 1092//1092
f 80//80 1092//1092 81//81
f 81//81 1092//1092 1093//1093
f 81//81 1093//1093 82//82
f 82//82 1093//1093 1094//1094
f 82//82 1094//1094 83//83
f 83//83 1094//1094 1095//1095
f 83//83 1095//1095 74//74
f 1096//1096 1097//1097 1098//1098
f 1098//1098 1099//1099 1096//1096
f 1096//1096 1099//1099 1100//1100
f 1096//1096 1100//1100 1101//1101
f 1100//1100 1102//1102 1101//1101
f 1101//1101 1102//1102 1103//1103
f 1101//1101 1103//1103 1104//1104
f 1103//1103 1105//1105 1104//1104
f 1104//1104 1105//1105 1106//1106
f 1104//1104 1106//1106 1107//1107
f 1106//1106 1108//1108 1107//1107
f 1107//1107 1108//1108 1109//1109
f 1107//1107 1109//1109 1110//1110
f 1110//1110 1109//1109 1111//1111
f 1110//1110 1111//1111 1112//1112
f 1111//1111 1113//1113 1112//1112
f 1112//1112 1113//1113 1114//1114
f 1112//1112 1114//1114 1115//1115
f 1114//1114 1116//1116 1115//1115
f 1115//1115 1116//1116 1117//1117
f 1115//1115 1117//1117 1118//1118
f 1118//1118 1117//1117 1119//1119
f 1120//1120 1121//1121 1122//1122
f 1122//1122 1121//1121 1123//1123
f 1122//1122 1123//1123 1124//1124
f 1124//1124 1123//1123 1118//1118
f 1124//1124 1118//1118 1125//1125
f 1125//1125 1118//1118 1119//1119
f 1121//1121 1126//1126 1123//1123
f 1123//1123 1126//1126 1127//1127
f 1123//1123 1127//1127 1118//1118
f 1118//1118 1127//1127 1128//1128
f 1118//1118 1128//1128 1115//1115
f 1115//1115 1128//1128 1129//1129
f 1115//1115 1129//1129 1112//1112
f 1112//1112 1129//1129 1130//1130
f 1112//1112 1130//1130 1110//1110
f 1110//1110 1130//1130 1131//1131
f 1110//1110 1131//1131 1107//1107
f 1107//1107 1131//1131 1132//1132
f 1107//1107 1132//1132 1104//1104
f 1104//1104 1132//1132 1133//1133
f 1104//1104 1133//1133 1101//1101
f 1101//1101 1133//1133 1134//1134
f 1101//1101 1134//1134 1096//1096
f 1096//1096 1134//1134 1135//1135
f 1096//1096 1135//1135 1097//1097
f 1097//1097 1135//1135 1136//1136
f 1126//1126 1137//1137 1127//1127
f 1127//1127 1137//1137 1138//1138
f 1127//1127 1138//1138 1128//1128
f 1128//1128 1138//1138 1139//1139
f 1128//1128 1139//1139 1129//1129
f 1129//1129 1139//1139 1140//1140
f 1129//1129 1140//1140 1130//1130
f 1130//1130 1140//1140 1141//1141
f 1130//1130 1141//1141 1131//1131
f 1131//1131 1141//1141 1142//1142
f 1131//1131 1142//1142 1132//1132
f 1132//1132 1142//1142 1143//1143
f 1132//1132 1143//1143 1133//1133
f 1133//1133 1143//1143 1144//1144
f 1133//1133 1144//1144 1134//1134
f 1134//1134 1144//1144 1145//1145
f 1134//1134 1145//1145 1135//1135
f 1135//1135 1145//1145 1146//1146
f 1135//1135 1146//1146 1136//1136
f 1136//1136 1146//1146 1147//1147
f 1137//1137 1148//1148 1138//1138
f 1138//1138 1148//1148 1149//1149
f 1138//1138 1149//1149 1139//1139
f 1139//1139 1149//1149 1150//1150
f 1139//1139 1150//1150 1140//1140
f 1140//1140 1150//1150 1151//1151
f 1140//1140 1151//1151 1141//1141
f 1141//1141 1151//1151 1152//1152
f 1141//1141 1152//1152 1142//1142
f 1142//1142 1152//1152 1153//1153
f 1142//1142 1153//1153 1143//1143
f 1143//1143 1153//1153 1154//1154
f 1143//1143 1154//1154 1144//1144
f 1144//1144 1154//1154 1155//1155
f 1144//1144 1155//1155 1145//1145
f 1145//1145 1155//1155 1156//1156
f 1145//1145 1156//1156 1146//1146
f 1146//1146 1156//1156 1157//1157
f 1146//1146 1157//1157 1147//1147
f 1147//1147 1157//1157 1158//1158
f 1148//1148 1159//1159 1149//1149
f 1149//1149 1159//1159 1160//1160
f 1149//1149 1160//1160 1150//1150
f 1150//1150 1160//1160 1161//1161
f 1150//1150 1161//1161 1151//1151
f 1151//1151 1161//1161 1162//1162
f 1151//1151 1162//1162 1152//1152
f 1152//1152 1162//1162 1163//1163
f 1152//1152 1163//1163 1153//1153
f 1153//1153 1163//1163 1164//1164
f 1153//1153 1164//1164 1154//1154
f 1154//1154 1164//1164 1165//1165
f 1154//1154 1165//1165 1155//1155
f 1155//1155 1165//1165 1166//1166
f 1155//1155 1166//1166 1156//1156
f 1156//1156 1166//1166 1167//1167
f 1156//1156 1167//1167 1157//1157
f 1157//1157 1167//1167 1168//1168
f 1157//1157 1168//1168 1158//1158
f 1158//1158 1168//1168 1169//1169
f 1159//1159 1170//1170 1160//1160
f 1160//1160 1170//1170 1171//1171
f 1160//1160 1171//1171 1161//1161
f 1161//1161 1171//1171 1172//1172
f 1161//1161 1172//1172 1162//1162
f 1162//1162 1172//1172 1173//1173
f 1162//1162 1173//1173 1163//1163
f 1163//1163 1173//1173 1174//1174
f 1163//1163 1174//1174 1164//1164
f 1164//1164 1174//1174 1175//1175
f 1164//1164 1175//1175 1165//1165
f 1165//1165 1175//1175 1176//1176
f 1165//1165 1176//1176 1166//1166
f 1166//1166 1176//1176 1177//1177
f 1166//1166 1177//1177 1167//1167
f 1167//1167 1177//1177 1178//1178
f 1167//1167 1178//1178 1168//1168
f 1168//1168 1178//1178 1179//1179
f 1168//1168 1179//1179 1169//1169
f 1169//1169 1179//1179 1180//1180
f 1170//1170 1181//1181 1171//1171
f 1171//1171 1181//1181 1182//1182
f 1171//1171 1182//1182 1172//1172
f 1172//1172 1182//1182 1183//1183
f 1172//1172 1183//1183 1173//1173
f 1173//1173 1183//1183 1184//1184
f 1173//1173 1184//1184 1174//1174
f 1174//1174 1184//1184 1185//1185
f 1174//1174 1185//1185 1175//1175
f 1175//1175 1185//1185 1186//1186
f 1175//1175 1186//1186 1176//1176
f 1176//1176 1186//1186 1187//1187
f 1176//1176 1187//1187 1177//1177
f 1177//1177 1187//1187 1188//1188
f 1177//1177 1188//1188 1178//1178
f 1178//1178 1188//1188 1189//1189
f 1178//1178 1189//1189 1179//1179
f 1179//1179 1189//1189 1190//1190
f 1179//1179 1190//1190 1180//1180
f 1180//1180 1190//1190 1191//1191
f 1181//1181 1192//1192 1182//1182
f 1182//1182 1192//1192 1193//1193
f 1182//1182 1193//1193 1183//1183
f 1183//1183 1193//1193 1194//1194
f 1183//1183 1194//1194 1184//1184
f 1184//1184 1194//1194 1195//1195
f 1184//1184 1195//1195 1185//1185
f 1185//1185 1195//1195 1196//1196
f 1185//1185 1196//1196 1186//1186
f 1186//1186 1196//1196 1197//1197
f 1186//1186 1197//1197 1187//1187
f 1187//1187 1197//1197 1198//1198
f 1187//1187 1198//1198 1188//1188
f 1188//1188 1198//1198 1199//1199
f 1188//1188 1199//1199 1189//1189
f 1189//1189 1199//1199 1200//1200
f 1189//1189 1200//1200 1190//1190
f 1190//1190 1200//1200 1201//1201
f 1190//1190 1201//1201 1191//1191
f 1191//1191 1201//1201 1202//1202
f 1192//1192 977//977 1193//1193
f 1193//1193 977//977 980//980
f 1193//1193 980//980 1194//1194
f 1194//1194 980//980 1005//1005
f 1194//1194 1005//1005 1195//1195
f 1195//1195 1005//1005 1004//1004
f 1195//1195 1004//1004 1196//1196
f 1196//1196 1004//1004 1003//1003
f 1196//1196 1003//1003 1197//1197
f 1197//1197 1003//1003 981//981
f 1197//1197 981//981 1198//1198
f 1198//1198 981//981 992//992
f 1198//1198 992//992 1199//1199
f 1199//1199 992//992 991//991
f 1199//1199 991//991 1200//1200
f 1200//1200 991//991 990//990
f 1200//1200 990//990 1201//1201
f 1201//1201 990//990 989//989
f 1201//1201 989//989 1202//1202
f 1202//1202 989//989 988//988
f 1203//1203 1098//1098 1204//1204
f 1204//1204 1098//1098 1097//1097
f 1204//1204 1097//1097 1205//1205
f 1205//1205 1097//1097 1136//1136
f 1205//1205 1136//1136 1206//1206
f 1206//1206 1136//1136 1147//1147
f 1206//1206 1147//1147 1207//1207
f 1207//1207 1147//1147 1158//1158
f 1207//1207 1158//1158 1208//1208
f 1208//1208 1158//1158 1169//1169
f 1208//1208 1169//1169 1209//1209
f 1209//1209 1169//1169 1180//1180
f 1209//1209 1180//1180 1210//1210
f 1210//1210 1180//1180 1191//1191
f 1210//1210 1191//1191 1211//1211
f 1211//1211 1191//1191 1202//1202
f 1211//1211 1202//1202 984//984
f 984//984 1202//1202 988//988
f 1212//1212 1213//1213 1214//1214
f 1214//1214 1215//1215 1212//1212
f 1212//1212 1215//1215 1216//1216
f 1212//1212 1216//1216 1217//1217
f 1216//1216 1218//1218 1217//1217
f 1217//1217 1218//1218 1219//1219
f 1217//1217 1219//1219 1220//1220
f 1219//1219 1221//1221 1220//1220
f 1220//1220 1221//1221 1222//1222
f 1220//1220 1222//1222 1223//1223
f 1222//1222 1224//1224 1223//1223
f 1223//1223 1224//1224 1225//1225
f 1223//1223 1225//1225 1226//1226
f 1226//1226 1225//1225 1227//1227
f 1226//1226 1227//1227 1228//1228
f 1227//1227 1229//1229 1228//1228
f 1228//1228 1229//1229 1230//1230
f 1228//1228 1230//1230 1231//1231
f 1230//1230 1232//1232 1231//1231
f 1231//1231 1232//1232 1233//1233
f 1231//1231 1233//1233 1234//1234
f 1234//1234 1233//1233 1235//1235
f 1203//1203 1204//1204 1236//1236
f 1236//1236 1204//1204 1237//1237
f 1236//1236 1237//1237 1238//1238
f 1238//1238 1237//1237 1234//1234
f 1238//1238 1234//1234 1239//1239
f 1239//1239 1234//1234 1235//1235
f 1204//1204 1205//1205 1237//1237
f 1237//1237 1205//1205 1240//1240
f 1237//1237 1240//1240 1234//1234
f 1234//1234 1240//1240 1241//1241
f 1234//1234 1241//1241 1231//1231
f 1231//1231 1241//1241 1242//1242
f 1231//1231 1242//1242 1228//1228
f 1228//1228 1242//1242 1243//1243
f 1228//1228 1243//1243 1226//1226
f 1226//1226 1243//1243 1244//1244
f 1226//1226 1244//1244 1223//1223
f 1223//1223 1244//1244 1245//1245
f 1223//1223 1245//1245 1220//1220
f 1220//1220 1245//1245 1246//1246
f 1220//1220 1246//1246 1217//1217
f 1217//1217 1246//1246 1247//1247
f 1217//1217 1247//1247 1212//1212
f 1212//1212 1247//1247 1248//1248
f 1212//1212 1248//1248 1213//1213
f 1213//1213 1248//1248 1249//1249
f 1205//1205 1206//1206 1240//1240
f 1240//1240 1206//1206 1250//1250
f 1240//1240 1250//1250 1241//1241
f 1241//1241 1250//1250 1251//1251
f 1241//1241 1251//1251 1242//1242
f 1242//1242 1251//1251 1252//1252
f 1242//1242 1252//1252 1243//1243
f 1243//1243 1252//1252 1253//1253
f 1243//1243 1253//1253 1244//1244
f 1244//1244 1253//1253 1254//1254
f 1244//1244 1254//1254 1245//1245
f 1245//1245 1254//1254 1255//1255
f 1245//1245 1255//1255 1246//1246
f 1246//1246 1255//1255 1256//1256
f 1246//1246 1256//1256 1247//1247
f 1247//1247 1256//1256 1257//1257
f 1247//1247 1257//1257 1248//1248
f 1248//1248 1257//1257 1258//1258
f 1248//1248 1258//1258 1249//1249
f 1249//1249 1258//1258 1259//1259
f 1206//1206 1207//1207 1250//1250
f 1250//1250 1207//1207 1260//1260
f 1250//1250 1260//1260 1251//1251
f 1251//1251 1260//1260 1261//1261
f 1251//1251 1261//1261 1252//1252
f 1252//1252 1261//1261 1262//1262
f 1252//1252 1262//1262 1253//1253
f 1253//1253 1262//1262 1263//1263
f 1253//1253 1263//1263 1254//1254
f 1254//1254 1263//1263 1264//1264
f 1254//1254 1264//1264 1255//1255
f 1255//1255 1264//1264 1265//1265
f 1255//1255 1265//1265 1256//1256
f 1256//1256 1265//1265 1266//1266
f 1256//1256 1266//1266 1257//1257
f 1257//1257 1266//1266 1267//1267
f 1257//1257 1267//1267 1258//1258
f 1258//1258 1267//1267 1268//1268
f 1258//1258 1268//1268 1259//1259
f 1259//1259 1268//1268 1269//1269
f 1207//1207 1208//1208 1260//1260
f 1260//1260 1208//1208 1270//1270
f 1260//1260 1270//1270 1261//1261
f 1261//1261 1270//1270 1271//1271
f 1261//1261 1271//1271 1262//1262
f 1262//1262 1271//1271 1272//1272
f 1262//1262 1272//1272 1263//1263
f 1263//1263 1272//1272 1273//1273
f 1263//1263 1273//1273 1264//1264
f 1264//1264 1273//1273 1274//1274
f 1264//1264 1274//1274 1265//1265
f 1265//1265 1274//1274 1275//1275
f 1265//1265 1275//1275 1266//1266
f 1266//1266 1275//1275 1276//1276
f 1266//1266 1276//1276 1267//1267
f 1267//1267 1276//1276 1277//1277
f 1267//1267 1277//1277 1268//1268
f 1268//1268 1277//1277 1278//1278
f 1268//1268 1278//1278 1269//1269
f 1269//1269 1278//1278 1279//1279
f 1208//1208 1209//1209 1270//1270
f 1270//1270 1209//1209 1280//1280
f 1270//1270 1280//1280 1271//1271
f 1271//1271 1280//1280 1281//1281
f 1271//1271 1281//1281 1272//1272
f 1272//1272 1281//1281 1282//1282
f 1272//1272 1282//1282 1273//1273
f 1273//1273 1282//1282 1283//1283
f 1273//1273 1283//1283 1274//1274
f 1274//1274 1283//1283 1284//1284
f 1274//1274 1284//1284 1275//1275
f 1275//1275 1284//1284 1285//1285
f 1275//1275 1285//1285 1276//1276
f 1276//1276 1285//1285 1286//1286
f 1276//1276 1286//1286 1277//1277
f 1277//1277 1286//1286 1287//1287
f 1277//1277 1287//1287 1278//1278
f 1278//1278 1287//1287 1288//1288
f 1278//1278 1288//1288 1279//1279
f 1279//1279 1288//1288 1289//1289
f 1209//1209 1210//1210 1280//1280
f 1280//1280 1210//1210 1290//1290
f 1280//1280 1290//1290 1281//1281
f 1281//1281 1290//1290 1291//1291
f 1281//1281 1291//1291 1282//1282
f 1282//1282 1291//1291 1292//1292
f 1282//1282 1292//1292 1283//1283
f 1283//1283 1292//1292 1293//1293
f 1283//1283 1293//1293 1284//1284
f 1284//1284 1293//1293 1294//1294
f 1284//1284 1294//1294 1285//1285
f 1285//1285 1294//1294 1295//1295
f 1285//1285 1295//1295 1286//1286
f 1286//1286 1295//1295 1296//1296
f 1286//1286 1296//1296 1287//1287
f 1287//1287 1296//1296 1297//1297
f 1287//1287 1297//1297 1288//1288
f 1288//1288 1297//1297 1298//1298
f 1288//1288 1298//1298 1289//1289
f 1289//1289 1298//1298 1299//1299
f 1210//1210 1211//1211 1290//1290
f 1290//1290 1211//1211 1300//1300
f 1290//1290 1300//1300 1291//1291
f 1291//1291 1300//1300 1301//1301
f 1291//1291 1301//1301 1292//1292
f 1292//1292 1301//1301 1302//1302
f 1292//1292 1302//1302 1293//1293
f 1293//1293 1302//1302 1303//1303
f 1293//1293 1303//1303 1294//1294
f 1294//1294 1303//1303 1304//1304
f 1294//1294 1304//1304 1295//1295
f 1295//1295 1304//1304 1305//1305
f 1295//1295 1305//1305 1296//1296
f 1296//1296 1305//1305 1306//1306
f 1296//1296 1306//1306 1297//1297
f 1297//1297 1306//1306 1307//1307
f 1297//1297 1307//1307 1298//1298
f 1298//1298 1307//1307 1308//1308
f 1298//1298 1308//1308 1299//1299
f 1299//1299 1308//1308 1309//1309
f 1211//1211 984//984 1300//1300
f 1300//1300 984//984 999//999
f 1300//1300 999//999 1301//1301
f 1301//1301 999//999 994//994
f 1301//1301 994//994 1302//1302
f 1302//1302 994//994 993//993
f 1302//1302 993//993 1303//1303
f 1303//1303 993//993 1002//1002
f 1303//1303 1002//1002 1304//1304
f 1304//1304 1002//1002 1001//1001
f 1304//1304 1001//1001 1305//1305
f 1305//1305 1001//1001 1000//1000
f 1305//1305 1000//1000 1306//1306
f 1306//1306 1000//1000 1031//1031
f 1306//1306 1031//1031 1307//1307
f 1307//1307 1031//1031 1030//1030
f 1307//1307 1030//1030 1308//1308
f 1308//1308 1030//1030 1029//1029
f 1308//1308 1029//1029 1309//1309
f 1309//1309 1029//1029 996//996
f 74//74 1095//1095 1310//1310
f 1310//1310 1095//1095 1311//1311
f 1312//1312 1214//1214 1313//1313
f 1313//1313 1214//1214 1213//1213
f 1313//1313 1213//1213 1314//1314
f 1314//1314 1213//1213 1249//1249
f 1314//1314 1249//1249 1315//1315
f 1315//1315 1249//1249 1259//1259
f 1315//1315 1259//1259 1316//1316
f 1316//1316 1259//1259 1269//1269
f 1316//1316 1269//1269 1317//1317
f 1317//1317 1269//1269 1279//1279
f 1317//1317 1279//1279 1318//1318
f 1318//1318 1279//1279 1289//1289
f 1318//1318 1289//1289 1319//1319
f 1319//1319 1289//1289 1299//1299
f 1319//1319 1299//1299 1320//1320
f 1320//1320 1299//1299 1309//1309
f 1320//1320 1309//1309 995//995
f 995//995 1309//1309 996//996
f 1120//1120 1321//1321 1121//1121
f 1121//1121 1321//1321 1322//1322
f 1121//1121 1322//1322 1126//1126
f 1126//1126 1322//1322 1323//1323
f 1126//1126 1323//1323 1137//1137
f 1137//1137 1323//1323 1324//1324
f 1137//1137 1324//1324 1148//1148
f 1148//1148 1324//1324 1325//1325
f 1148//1148 1325//1325 1159//1159
f 1159//1159 1325//1325 1326//1326
f 1159//1159 1326//1326 1170//1170
f 1170//1170 1326//1326 1327//1327
f 1170//1170 1327//1327 1181//1181
f 1181//1181 1327//1327 1328//1328
f 1181//1181 1328//1328 1192//1192
f 1192//1192 1328//1328 1329//1329
f 1192//1192 1329//1329 977//977
f 977//977 1329//1329 978//978
f 1330//1330 1060//1060 1331//1331
f 1331//1331 1060//1060 157//157
f 1332//1332 1333//1333 1334//1334
f 1332//1332 1334//1334 1335//1335
f 1336//1336 1337//1337 1334//1334
f 1334//1334 1337//1337 1338//1338
f 1339//1339 1340//1340 1341//1341
f 1341//1341 1340//1340 1342//1342
f 1338//1338 1343//1343 1334//1334
f 1334//1334 1343//1343 1344//1344
f 1334//1334 1344//1344 1335//1335
f 1345//1345 1346//1346 1347//1347
f 1342//1342 1348//1348 1341//1341
f 1341//1341 1348//1348 1349//1349
f 1341//1341 1349//1349 1350//1350
f 1350//1350 1351//1351 1341//1341
f 1341//1341 1351//1351 1352//1352
f 1341//1341 1352//1352 1353//1353
f 1353//1353 1352//1352 1354//1354
f 1353//1353 1354//1354 1355//1355
f 1355//1355 1354//1354 1356//1356
f 1336//1336 1334//1334 1347//1347
f 1347//1347 1334//1334 1357//1357
f 1347//1347 1357//1357 1345//1345
f 1346//1346 1358//1358 1071//1071
f 1088//1088 1070//1070 1356//1356
f 1356//1356 1070//1070 1087//1087
f 1356//1356 1087//1087 1359//1359
f 1359//1359 1087//1087 1086//1086
f 1359//1359 1086//1086 1360//1360
f 1360//1360 1086//1086 1085//1085
f 1360//1360 1085//1085 1361//1361
f 1361//1361 1085//1085 1084//1084
f 1361//1361 1084//1084 1362//1362
f 1362//1362 1084//1084 1083//1083
f 1362//1362 1083//1083 1363//1363
f 1363//1363 1083//1083 1082//1082
f 1363//1363 1082//1082 1364//1364
f 1364//1364 1082//1082 1081//1081
f 1364//1364 1081//1081 1365//1365
f 1365//1365 1081//1081 1080//1080
f 1365//1365 1080//1080 1366//1366
f 1366//1366 1080//1080 1079//1079
f 1366//1366 1079//1079 1367//1367
f 1367//1367 1079//1079 1078//1078
f 1071//1071 1358//1358 1072//1072
f 1072//1072 1358//1358 1368//1368
f 1072//1072 1368//1368 1073//1073
f 1073//1073 1368//1368 1369//1369
f 1073//1073 1369//1369 1074//1074
f 1074//1074 1369//1369 1370//1370
f 1074//1074 1370//1370 1075//1075
f 1075//1075 1370//1370 1371//1371
f 1075//1075 1371//1371 1076//1076
f 1076//1076 1371//1371 1372//1372
f 1076//1076 1372//1372 1077//1077
f 1077//1077 1372//1372 1373//1373
f 1077//1077 1373//1373 1078//1078
f 1078//1078 1373//1373 1374//1374
f 1078//1078 1374//1374 1367//1367
f 1061//1061 1060//1060 1346//1346
f 1346//1346 1060//1060 1330//1330
f 1346//1346 1330//1330 1347//1347
f 1071//1071 1069//1069 1346//1346
f 1346//1346 1069//1069 1068//1068
f 1346//1346 1068//1068 1067//1067
f 1354//1354 1311//1311 1356//1356
f 1356//1356 1311//1311 1095//1095
f 1356//1356 1095//1095 1094//1094
f 1094//1094 1093//1093 1356//1356
f 1356//1356 1093//1093 1092//1092
f 1356//1356 1092//1092 1091//1091
f 1091//1091 1090//1090 1356//1356
f 1356//1356 1090//1090 1089//1089
f 1356//1356 1089//1089 1088//1088
f 1064//1064 1063//1063 1346//1346
f 1346//1346 1063//1063 1062//1062
f 1346//1346 1062//1062 1061//1061
f 1067//1067 1066//1066 1346//1346
f 1346//1346 1066//1066 1065//1065
f 1346//1346 1065//1065 1064//1064
f 1334//1334 936//936 1357//1357
f 1357//1357 936//936 937//937
f 1357//1357 937//937 1345//1345
f 1345//1345 937//937 938//938
f 1345//1345 938//938 1346//1346
f 1346//1346 938//938 939//939
f 1346//1346 939//939 1358//1358
f 1358//1358 939//939 940//940
f 1358//1358 940//940 1368//1368
f 1368//1368 940//940 941//941
f 1368//1368 941//941 1369//1369
f 1369//1369 941//941 942//942
f 1369//1369 942//942 1370//1370
f 1370//1370 942//942 943//943
f 1370//1370 943//943 1371//1371
f 1371//1371 943//943 944//944
f 1371//1371 944//944 1372//1372
f 1372//1372 944//944 945//945
f 1372//1372 945//945 1373//1373
f 1373//1373 945//945 901//901
f 1373//1373 901//901 1374//1374
f 1374//1374 901//901 902//902
f 1374//1374 902//902 1375//1375
f 1375//1375 902//902 1376//1376
f 1375//1375 1376//1376 1366//1366
f 1366//1366 1376//1376 904//904
f 1366//1366 904//904 1365//1365
f 1365//1365 904//904 905//905
f 1365//1365 905//905 1364//1364
f 1364//1364 905//905 906//906
f 1364//1364 906//906 1363//1363
f 1363//1363 906//906 907//907
f 1363//1363 907//907 1362//1362
f 1362//1362 907//907 908//908
f 1362//1362 908//908 1361//1361
f 1361//1361 908//908 909//909
f 1361//1361 909//909 1360//1360
f 1360//1360 909//909 910//910
f 1360//1360 910//910 1359//1359
f 1359//1359 910//910 911//911
f 1359//1359 911//911 1356//1356
f 1356//1356 911//911 912//912
f 1356//1356 912//912 1355//1355
f 1355//1355 912//912 913//913
f 1355//1355 913//913 1353//1353
f 1353//1353 913//913 914//914
f 1353//1353 914//914 1341//1341
f 1341//1341 914//914 915//915
f 936//936 1334//1334 1333//1333
f 1321//1321 1120//1120 1333//1333
f 1333//1333 1120//1120 935//935
f 1333//1333 935//935 936//936
f 1341//1341 915//915 1339//1339
f 1339//1339 915//915 916//916
f 1339//1339 916//916 1312//1312
f 1312//1312 916//916 1214//1214
f 1215//1215 1214//1214 916//916
f 1215//1215 916//916 1216//1216
f 1216//1216 916//916 917//917
f 1216//1216 917//917 1218//1218
f 1218//1218 917//917 918//918
f 1218//1218 918//918 1219//1219
f 1219//1219 918//918 1221//1221
f 1221//1221 918//918 919//919
f 1221//1221 919//919 1222//1222
f 1222//1222 919//919 1224//1224
f 1224//1224 919//919 920//920
f 1224//1224 920//920 1225//1225
f 1225//1225 920//920 1227//1227
f 1227//1227 920//920 921//921
f 1227//1227 921//921 1229//1229
f 1229//1229 921//921 1230//1230
f 1230//1230 921//921 922//922
f 1230//1230 922//922 1232//1232
f 1232//1232 922//922 1233//1233
f 1233//1233 922//922 923//923
f 1233//1233 923//923 1235//1235
f 1235//1235 923//923 1239//1239
f 1239//1239 923//923 924//924
f 1239//1239 924//924 1238//1238
f 1238//1238 924//924 1236//1236
f 1236//1236 924//924 925//925
f 1236//1236 925//925 1203//1203
f 926//926 1098//1098 925//925
f 925//925 1098//1098 1203//1203
f 1099//1099 1098//1098 926//926
f 1099//1099 926//926 1100//1100
f 1100//1100 926//926 927//927
f 1100//1100 927//927 1102//1102
f 1102//1102 927//927 928//928
f 1102//1102 928//928 1103//1103
f 1103//1103 928//928 1105//1105
f 1105//1105 928//928 929//929
f 1105//1105 929//929 1106//1106
f 1106//1106 929//929 1108//1108
f 1108//1108 929//929 930//930
f 1108//1108 930//930 1109//1109
f 1109//1109 930//930 1111//1111
f 1111//1111 930//930 931//931
f 1111//1111 931//931 1113//1113
f 1113//1113 931//931 1114//1114
f 1114//1114 931//931 932//932
f 1114//1114 932//932 1116//1116
f 1116//1116 932//932 1117//1117
f 1117//1117 932//932 933//933
f 1117//1117 933//933 1119//1119
f 1119//1119 933//933 1125//1125
f 1125//1125 933//933 934//934
f 1125//1125 934//934 1124//1124
f 1124//1124 934//934 1122//1122
f 1122//1122 934//934 935//935
f 1122//1122 935//935 1120//1120
f 186//186 193//193 184//184
f 184//184 193//193 192//192
f 184//184 192//192 182//182
f 182//182 192//192 189//189
f 182//182 189//189 180//180
f 180//180 189//189 445//445
f 180//180 445//445 178//178
f 178//178 445//445 444//444
f 178//178 444//444 176//176
f 176//176 444//444 441//441
f 176//176 441//441 174//174
f 174//174 441//441 442//442
f 174//174 442//442 172//172
f 172//172 442//442 443//443
f 172//172 443//443 159//159
f 159//159 443//443 446//446
f 448//448 160//160 446//446
f 446//446 160//160 159//159
f 160//160 448//448 648//648
f 160//160 648//648 166//166
f 166//166 648//648 650//650
f 166//166 650//650 167//167
f 167//167 650//650 652//652
f 167//167 652//652 168//168
f 168//168 652//652 654//654
f 168//168 654//654 169//169
f 169//169 654//654 656//656
f 169//169 656//656 170//170
f 170//170 656//656 658//658
f 170//170 658//658 165//165
f 165//165 658//658 660//660
f 165//165 660//660 164//164
f 164//164 660//660 662//662
f 164//164 662//662 163//163
f 163//163 662//662 434//434
f 163//163 434//434 162//162
f 433//433 161//161 434//434
f 434//434 161//161 162//162
f 432//432 629//629 433//433
f 433//433 629//629 161//161
f 629//629 432//432 573//573
f 629//629 573//573 630//630
f 630//630 573//573 575//575
f 630//630 575//575 631//631
f 631//631 575//575 577//577
f 631//631 577//577 621//621
f 621//621 577//577 579//579
f 621//621 579//579 622//622
f 622//622 579//579 581//581
f 622//622 581//581 632//632
f 632//632 581//581 583//583
f 632//632 583//583 633//633
f 633//633 583//583 585//585
f 633//633 585//585 634//634
f 634//634 585//585 587//587
f 634//634 587//587 635//635
f 635//635 587//587 589//589
f 635//635 589//589 636//636
f 636//636 589//589 591//591
f 636//636 591//591 637//637
f 637//637 591//591 593//593
f 637//637 593//593 638//638
f 638//638 593//593 595//595
f 638//638 595//595 640//640
f 640//640 595//595 597//597
f 640//640 597//597 641//641
f 641//641 597//597 599//599
f 641//641 599//599 642//642
f 642//642 599//599 601//601
f 642//642 601//601 643//643
f 643//643 601//601 603//603
f 643//643 603//603 644//644
f 644//644 603//603 605//605
f 644//644 605//605 645//645
f 645//645 605//605 607//607
f 645//645 607//607 646//646
f 646//646 607//607 609//609
f 646//646 609//609 625//625
f 625//625 609//609 611//611
f 625//625 611//611 626//626
f 626//626 611//611 613//613
f 626//626 613//613 627//627
f 627//627 613//613 615//615
f 627//627 615//615 628//628
f 628//628 615//615 617//617
f 628//628 617//617 624//624
f 624//624 617//617 619//619
f 624//624 619//619 623//623
f 623//623 619//619 435//435
f 623//623 435//435 620//620
f 437//437 361//361 435//435
f 435//435 361//361 620//620
f 438//438 362//362 437//437
f 437//437 362//362 361//361
f 362//362 438//438 854//854
f 362//362 854//854 363//363
f 363//363 854//854 853//853
f 363//363 853//853 369//369
f 369//369 853//853 852//852
f 369//369 852//852 370//370
f 370//370 852//852 851//851
f 370//370 851//851 364//364
f 364//364 851//851 850//850
f 364//364 850//850 365//365
f 365//365 850//850 849//849
f 365//365 849//849 366//366
f 366//366 849//849 848//848
f 366//366 848//848 367//367
f 367//367 848//848 847//847
f 367//367 847//847 368//368
f 368//368 847//847 459//459
f 368//368 459//459 360//360
f 460//460 359//359 459//459
f 459//459 359//359 360//360
f 283//283 345//345 347//347
f 345//345 283//283 274//274
f 349//349 273//273 347//347
f 347//347 273//273 272//272
f 347//347 272//272 283//283
f 359//359 460//460 357//357
f 357//357 460//460 461//461
f 357//357 461//461 355//355
f 355//355 461//461 463//463
f 355//355 463//463 353//353
f 353//353 463//463 464//464
f 353//353 464//464 351//351
f 351//351 464//464 439//439
f 351//351 439//439 349//349
f 349//349 439//439 440//440
f 349//349 440//440 273//273
f 509//509 429//429 426//426
f 509//509 426//426 511//511
f 511//511 426//426 423//423
f 511//511 423//423 513//513
f 513//513 423//423 420//420
f 513//513 420//420 515//515
f 515//515 420//420 418//418
f 515//515 418//418 517//517
f 517//517 418//418 411//411
f 517//517 411//411 519//519
f 519//519 411//411 408//408
f 519//519 408//408 521//521
f 521//521 408//408 405//405
f 521//521 405//405 523//523
f 523//523 405//405 404//404
f 523//523 404//404 525//525
f 525//525 404//404 401//401
f 525//525 401//401 527//527
f 399//399 529//529 401//401
f 401//401 529//529 527//527
f 1377//1377 431//431 1378//1378
f 1378//1378 431//431 429//429
f 529//529 399//399 396//396
f 529//529 396//396 531//531
f 531//531 396//396 393//393
f 531//531 393//393 533//533
f 533//533 393//393 390//390
f 533//533 390//390 535//535
f 535//535 390//390 388//388
f 535//535 388//388 537//537
f 537//537 388//388 381//381
f 537//537 381//381 539//539
f 539//539 381//381 378//378
f 539//539 378//378 541//541
f 541//541 378//378 375//375
f 541//541 375//375 543//543
f 543//543 375//375 374//374
f 543//543 374//374 545//545
f 545//545 374//374 372//372
f 545//545 372//372 547//547
f 501//501 576//576 574//574
f 501//501 574//574 503//503
f 503//503 574//574 572//572
f 503//503 572//572 505//505
f 505//505 572//572 431//431
f 505//505 431//431 507//507
f 436//436 1379//1379 372//372
f 372//372 1379//1379 1380//1380
f 555//555 614//614 612//612
f 555//555 612//612 557//557
f 557//557 612//612 610//610
f 557//557 610//610 559//559
f 559//559 610//610 608//608
f 559//559 608//608 561//561
f 561//561 608//608 606//606
f 561//561 606//606 563//563
f 563//563 606//606 604//604
f 563//563 604//604 565//565
f 565//565 604//604 602//602
f 565//565 602//602 567//567
f 567//567 602//602 600//600
f 567//567 600//600 569//569
f 569//569 600//600 598//598
f 569//569 598//598 571//571
f 571//571 598//598 596//596
f 571//571 596//596 481//481
f 481//481 596//596 594//594
f 481//481 594//594 483//483
f 483//483 594//594 592//592
f 483//483 592//592 485//485
f 485//485 592//592 590//590
f 485//485 590//590 487//487
f 487//487 590//590 588//588
f 487//487 588//588 489//489
f 489//489 588//588 586//586
f 489//489 586//586 491//491
f 491//491 586//586 584//584
f 491//491 584//584 493//493
f 493//493 584//584 582//582
f 493//493 582//582 495//495
f 495//495 582//582 580//580
f 495//495 580//580 497//497
f 497//497 580//580 578//578
f 497//497 578//578 499//499
f 499//499 578//578 576//576
f 499//499 576//576 501//501
f 549//549 436//436 618//618
f 549//549 618//618 551//551
f 551//551 618//618 616//616
f 551//551 616//616 553//553
f 553//553 616//616 614//614
f 553//553 614//614 555//555
f 1339//1339 1312//1312 1340//1340
f 1340//1340 1312//1312 1381//1381
f 1340//1340 1381//1381 1342//1342
f 1342//1342 1381//1381 1382//1382
f 1342//1342 1382//1382 1348//1348
f 1348//1348 1382//1382 1383//1383
f 1348//1348 1383//1383 1349//1349
f 1349//1349 1383//1383 1384//1384
f 1349//1349 1384//1384 1350//1350
f 1350//1350 1384//1384 1385//1385
f 1350//1350 1385//1385 1351//1351
f 1351//1351 1385//1385 1386//1386
f 1351//1351 1386//1386 1352//1352
f 1352//1352 1386//1386 1387//1387
f 1352//1352 1387//1387 1354//1354
f 1354//1354 1387//1387 1388//1388
f 1354//1354 1388//1388 1311//1311
f 1311//1311 1388//1388 1310//1310
f 1389//1389 1390//1390 1391//1391
f 1392//1392 1393//1393 1394//1394
f 1395//1395 1396//1396 1397//1397
f 1398//1398 1399//1399 1400//1400
f 1401//1401 1402//1402 1403//1403
f 1404//1404 1405//1405 1406//1406
f 1407//1407 1408//1408 1409//1409
f 1410//1410 1411//1411 1412//1412
f 1413//1413 1414//1414 1415//1415
f 1411//1411 1410//1410 1310//1310
f 1310//1310 1416//1416 1415//1415
f 1414//1414 1417//1417 1415//1415
f 1415//1415 1417//1417 1310//1310
f 1418//1418 1416//1416 1310//1310
f 1408//1408 1413//1413 1409//1409
f 1409//1409 1413//1413 1415//1415
f 1409//1409 1415//1415 1419//1419
f 1419//1419 1415//1415 1416//1416
f 1419//1419 1416//1416 1420//1420
f 1420//1420 1416//1416 1418//1418
f 1420//1420 1418//1418 1421//1421
f 1422//1422 1412//1412 1423//1423
f 1423//1423 1412//1412 1411//1411
f 1423//1423 1411//1411 1424//1424
f 1424//1424 1411//1411 1310//1310
f 1405//1405 1407//1407 1406//1406
f 1406//1406 1407//1407 1409//1409
f 1406//1406 1409//1409 1425//1425
f 1425//1425 1409//1409 1419//1419
f 1425//1425 1419//1419 1426//1426
f 1426//1426 1419//1419 1420//1420
f 1426//1426 1420//1420 1427//1427
f 1427//1427 1420//1420 1421//1421
f 1427//1427 1421//1421 1428//1428
f 1429//1429 1422//1422 1430//1430
f 1430//1430 1422//1422 1423//1423
f 1430//1430 1423//1423 1431//1431
f 1431//1431 1423//1423 1424//1424
f 1431//1431 1424//1424 1432//1432
f 1432//1432 1424//1424 1310//1310
f 1402//1402 1404//1404 1403//1403
f 1403//1403 1404//1404 1406//1406
f 1403//1403 1406//1406 1433//1433
f 1433//1433 1406//1406 1425//1425
f 1433//1433 1425//1425 1434//1434
f 1434//1434 1425//1425 1426//1426
f 1434//1434 1426//1426 1435//1435
f 1435//1435 1426//1426 1427//1427
f 1435//1435 1427//1427 1436//1436
f 1436//1436 1427//1427 1428//1428
f 1436//1436 1428//1428 1437//1437
f 1438//1438 1429//1429 1439//1439
f 1439//1439 1429//1429 1430//1430
f 1439//1439 1430//1430 1440//1440
f 1440//1440 1430//1430 1431//1431
f 1440//1440 1431//1431 1441//1441
f 1441//1441 1431//1431 1432//1432
f 1441//1441 1432//1432 1442//1442
f 1442//1442 1432//1432 1310//1310
f 1399//1399 1401//1401 1400//1400
f 1400//1400 1401//1401 1403//1403
f 1400//1400 1403//1403 1443//1443
f 1443//1443 1403//1403 1433//1433
f 1443//1443 1433//1433 1444//1444
f 1444//1444 1433//1433 1434//1434
f 1444//1444 1434//1434 1445//1445
f 1445//1445 1434//1434 1435//1435
f 1445//1445 1435//1435 1446//1446
f 1446//1446 1435//1435 1436//1436
f 1446//1446 1436//1436 1447//1447
f 1447//1447 1436//1436 1437//1437
f 1447//1447 1437//1437 1448//1448
f 1383//1383 1438//1438 1384//1384
f 1384//1384 1438//1438 1439//1439
f 1384//1384 1439//1439 1385//1385
f 1385//1385 1439//1439 1440//1440
f 1385//1385 1440//1440 1386//1386
f 1386//1386 1440//1440 1441//1441
f 1386//1386 1441//1441 1387//1387
f 1387//1387 1441//1441 1442//1442
f 1387//1387 1442//1442 1388//1388
f 1388//1388 1442//1442 1310//1310
f 1396//1396 1398//1398 1397//1397
f 1397//1397 1398//1398 1400//1400
f 1397//1397 1400//1400 1449//1449
f 1449//1449 1400//1400 1443//1443
f 1449//1449 1443//1443 1450//1450
f 1450//1450 1443//1443 1444//1444
f 1450//1450 1444//1444 1451//1451
f 1451//1451 1444//1444 1445//1445
f 1451//1451 1445//1445 1452//1452
f 1452//1452 1445//1445 1446//1446
f 1452//1452 1446//1446 1453//1453
f 1453//1453 1446//1446 1447//1447
f 1453//1453 1447//1447 1454//1454
f 1454//1454 1447//1447 1448//1448
f 1454//1454 1448//1448 1455//1455
f 1383//1383 1455//1455 1438//1438
f 1438//1438 1455//1455 1448//1448
f 1438//1438 1448//1448 1429//1429
f 1429//1429 1448//1448 1437//1437
f 1429//1429 1437//1437 1422//1422
f 1422//1422 1437//1437 1428//1428
f 1422//1422 1428//1428 1412//1412
f 1412//1412 1428//1428 1421//1421
f 1412//1412 1421//1421 1410//1410
f 1410//1410 1421//1421 1418//1418
f 1410//1410 1418//1418 1310//1310
f 1383//1383 1382//1382 1455//1455
f 1455//1455 1382//1382 1456//1456
f 1455//1455 1456//1456 1454//1454
f 1454//1454 1456//1456 1457//1457
f 1454//1454 1457//1457 1453//1453
f 1453//1453 1457//1457 1458//1458
f 1453//1453 1458//1458 1452//1452
f 1452//1452 1458//1458 1459//1459
f 1452//1452 1459//1459 1451//1451
f 1451//1451 1459//1459 1460//1460
f 1451//1451 1460//1460 1450//1450
f 1450//1450 1460//1460 1461//1461
f 1450//1450 1461//1461 1449//1449
f 1449//1449 1461//1461 1462//1462
f 1449//1449 1462//1462 1397//1397
f 1397//1397 1462//1462 1394//1394
f 1397//1397 1394//1394 1395//1395
f 1395//1395 1394//1394 1393//1393
f 1382//1382 1381//1381 1456//1456
f 1456//1456 1381//1381 1463//1463
f 1456//1456 1463//1463 1457//1457
f 1457//1457 1463//1463 1464//1464
f 1457//1457 1464//1464 1458//1458
f 1458//1458 1464//1464 1465//1465
f 1458//1458 1465//1465 1459//1459
f 1459//1459 1465//1465 1466//1466
f 1459//1459 1466//1466 1460//1460
f 1460//1460 1466//1466 1467//1467
f 1460//1460 1467//1467 1461//1461
f 1461//1461 1467//1467 1468//1468
f 1461//1461 1468//1468 1462//1462
f 1462//1462 1468//1468 1469//1469
f 1462//1462 1469//1469 1394//1394
f 1394//1394 1469//1469 1391//1391
f 1394//1394 1391//1391 1392//1392
f 1392//1392 1391//1391 1390//1390
f 1381//1381 1312//1312 1463//1463
f 1463//1463 1312//1312 1313//1313
f 1463//1463 1313//1313 1464//1464
f 1464//1464 1313//1313 1314//1314
f 1464//1464 1314//1314 1465//1465
f 1465//1465 1314//1314 1315//1315
f 1465//1465 1315//1315 1466//1466
f 1466//1466 1315//1315 1316//1316
f 1466//1466 1316//1316 1467//1467
f 1467//1467 1316//1316 1317//1317
f 1467//1467 1317//1317 1468//1468
f 1468//1468 1317//1317 1318//1318
f 1468//1468 1318//1318 1469//1469
f 1469//1469 1318//1318 1319//1319
f 1469//1469 1319//1319 1391//1391
f 1391//1391 1319//1319 1320//1320
f 1391//1391 1320//1320 1389//1389
f 1389//1389 1320//1320 995//995
f 995//995 35//35 1389//1389
f 1389//1389 35//35 36//36
f 1389//1389 36//36 1390//1390
f 1390//1390 36//36 38//38
f 1390//1390 38//38 1392//1392
f 1392//1392 38//38 39//39
f 1392//1392 39//39 1393//1393
f 1393//1393 39//39 41//41
f 1393//1393 41//41 1395//1395
f 1395//1395 41//41 42//42
f 1395//1395 42//42 1396//1396
f 1396//1396 42//42 44//44
f 1396//1396 44//44 1398//1398
f 1398//1398 44//44 52//52
f 1398//1398 52//52 1399//1399
f 1399//1399 52//52 51//51
f 1399//1399 51//51 1401//1401
f 1401//1401 51//51 50//50
f 1401//1401 50//50 1402//1402
f 1402//1402 50//50 49//49
f 1402//1402 49//49 1404//1404
f 1404//1404 49//49 64//64
f 1404//1404 64//64 1405//1405
f 1405//1405 64//64 63//63
f 1405//1405 63//63 1407//1407
f 1407//1407 63//63 62//62
f 1407//1407 62//62 1408//1408
f 1408//1408 62//62 61//61
f 1408//1408 61//61 1413//1413
f 1413//1413 61//61 77//77
f 1413//1413 77//77 1414//1414
f 1414//1414 77//77 76//76
f 1414//1414 76//76 1417//1417
f 1417//1417 76//76 75//75
f 1417//1417 75//75 1310//1310
f 1310//1310 75//75 74//74
f 85//85 978//978 86//86
f 86//86 978//978 1470//1470
f 86//86 1470//1470 150//150
f 150//150 1470//1470 1471//1471
f 150//150 1471//1471 151//151
f 151//151 1471//1471 1472//1472
f 151//151 1472//1472 152//152
f 152//152 1472//1472 1473//1473
f 152//152 1473//1473 153//153
f 153//153 1473//1473 1474//1474
f 153//153 1474//1474 154//154
f 154//154 1474//1474 1475//1475
f 154//154 1475//1475 155//155
f 155//155 1475//1475 1476//1476
f 155//155 1476//1476 156//156
f 156//156 1476//1476 1477//1477
f 156//156 1477//1477 157//157
f 157//157 1477//1477 1331//1331
f 1478//1478 1479//1479 1480//1480
f 1479//1479 1478//1478 1331//1331
f 1331//1331 1481//1481 1482//1482
f 1483//1483 1481//1481 1331//1331
f 1484//1484 1482//1482 1485//1485
f 1485//1485 1482//1482 1481//1481
f 1485//1485 1481//1481 1486//1486
f 1486//1486 1481//1481 1483//1483
f 1486//1486 1483//1483 1487//1487
f 1488//1488 1480//1480 1489//1489
f 1489//1489 1480//1480 1479//1479
f 1489//1489 1479//1479 1490//1490
f 1490//1490 1479//1479 1331//1331
f 1491//1491 1484//1484 1492//1492
f 1492//1492 1484//1484 1485//1485
f 1492//1492 1485//1485 1493//1493
f 1493//1493 1485//1485 1486//1486
f 1493//1493 1486//1486 1494//1494
f 1494//1494 1486//1486 1487//1487
f 1494//1494 1487//1487 1495//1495
f 1496//1496 1488//1488 1497//1497
f 1497//1497 1488//1488 1489//1489
f 1497//1497 1489//1489 1498//1498
f 1498//1498 1489//1489 1490//1490
f 1498//1498 1490//1490 1499//1499
f 1499//1499 1490//1490 1331//1331
f 1500//1500 1491//1491 1501//1501
f 1501//1501 1491//1491 1492//1492
f 1501//1501 1492//1492 1502//1502
f 1502//1502 1492//1492 1493//1493
f 1502//1502 1493//1493 1503//1503
f 1503//1503 1493//1493 1494//1494
f 1503//1503 1494//1494 1504//1504
f 1504//1504 1494//1494 1495//1495
f 1504//1504 1495//1495 1505//1505
f 1506//1506 1496//1496 1507//1507
f 1507//1507 1496//1496 1497//1497
f 1507//1507 1497//1497 1508//1508
f 1508//1508 1497//1497 1498//1498
f 1508//1508 1498//1498 1509//1509
f 1509//1509 1498//1498 1499//1499
f 1509//1509 1499//1499 1510//1510
f 1510//1510 1499//1499 1331//1331
f 1511//1511 1500//1500 1512//1512
f 1512//1512 1500//1500 1501//1501
f 1512//1512 1501//1501 1513//1513
f 1513//1513 1501//1501 1502//1502
f 1513//1513 1502//1502 1514//1514
f 1514//1514 1502//1502 1503//1503
f 1514//1514 1503//1503 1515//1515
f 1515//1515 1503//1503 1504//1504
f 1515//1515 1504//1504 1516//1516
f 1516//1516 1504//1504 1505//1505
f 1516//1516 1505//1505 1517//1517
f 1518//1518 1506//1506 1519//1519
f 1519//1519 1506//1506 1507//1507
f 1519//1519 1507//1507 1520//1520
f 1520//1520 1507//1507 1508//1508
f 1520//1520 1508//1508 1521//1521
f 1521//1521 1508//1508 1509//1509
f 1521//1521 1509//1509 1522//1522
f 1522//1522 1509//1509 1510//1510
f 1522//1522 1510//1510 1523//1523
f 1523//1523 1510//1510 1331//1331
f 1524//1524 1511//1511 1525//1525
f 1525//1525 1511//1511 1512//1512
f 1525//1525 1512//1512 1526//1526
f 1526//1526 1512//1512 1513//1513
f 1526//1526 1513//1513 1527//1527
f 1527//1527 1513//1513 1514//1514
f 1527//1527 1514//1514 1528//1528
f 1528//1528 1514//1514 1515//1515
f 1528//1528 1515//1515 1529//1529
f 1529//1529 1515//1515 1516//1516
f 1529//1529 1516//1516 1530//1530
f 1530//1530 1516//1516 1517//1517
f 1530//1530 1517//1517 1531//1531
f 1471//1471 1518//1518 1472//1472
f 1472//1472 1518//1518 1519//1519
f 1472//1472 1519//1519 1473//1473
f 1473//1473 1519//1519 1520//1520
f 1473//1473 1520//1520 1474//1474
f 1474//1474 1520//1520 1521//1521
f 1474//1474 1521//1521 1475//1475
f 1475//1475 1521//1521 1522//1522
f 1475//1475 1522//1522 1476//1476
f 1476//1476 1522//1522 1523//1523
f 1476//1476 1523//1523 1477//1477
f 1477//1477 1523//1523 1331//1331
f 1532//1532 1524//1524 1533//1533
f 1533//1533 1524//1524 1525//1525
f 1533//1533 1525//1525 1534//1534
f 1534//1534 1525//1525 1526//1526
f 1534//1534 1526//1526 1535//1535
f 1535//1535 1526//1526 1527//1527
f 1535//1535 1527//1527 1536//1536
f 1536//1536 1527//1527 1528//1528
f 1536//1536 1528//1528 1537//1537
f 1537//1537 1528//1528 1529//1529
f 1537//1537 1529//1529 1538//1538
f 1538//1538 1529//1529 1530//1530
f 1538//1538 1530//1530 1539//1539
f 1539//1539 1530//1530 1531//1531
f 1539//1539 1531//1531 1540//1540
f 1471//1471 1540//1540 1518//1518
f 1518//1518 1540//1540 1531//1531
f 1518//1518 1531//1531 1506//1506
f 1506//1506 1531//1531 1517//1517
f 1506//1506 1517//1517 1496//1496
f 1496//1496 1517//1517 1505//1505
f 1496//1496 1505//1505 1488//1488
f 1488//1488 1505//1505 1495//1495
f 1488//1488 1495//1495 1480//1480
f 1480//1480 1495//1495 1487//1487
f 1480//1480 1487//1487 1478//1478
f 1478//1478 1487//1487 1483//1483
f 1478//1478 1483//1483 1331//1331
f 1471//1471 1470//1470 1540//1540
f 1540//1540 1470//1470 1541//1541
f 1540//1540 1541//1541 1539//1539
f 1539//1539 1541//1541 1542//1542
f 1539//1539 1542//1542 1538//1538
f 1538//1538 1542//1542 1543//1543
f 1538//1538 1543//1543 1537//1537
f 1537//1537 1543//1543 1544//1544
f 1537//1537 1544//1544 1536//1536
f 1536//1536 1544//1544 1545//1545
f 1536//1536 1545//1545 1535//1535
f 1535//1535 1545//1545 1546//1546
f 1535//1535 1546//1546 1534//1534
f 1534//1534 1546//1546 1547//1547
f 1534//1534 1547//1547 1533//1533
f 1533//1533 1547//1547 1548//1548
f 1533//1533 1548//1548 1532//1532
f 1532//1532 1548//1548 1549//1549
f 1470//1470 978//978 1541//1541
f 1541//1541 978//978 1329//1329
f 1541//1541 1329//1329 1542//1542
f 1542//1542 1329//1329 1328//1328
f 1542//1542 1328//1328 1543//1543
f 1543//1543 1328//1328 1327//1327
f 1543//1543 1327//1327 1544//1544
f 1544//1544 1327//1327 1326//1326
f 1544//1544 1326//1326 1545//1545
f 1545//1545 1326//1326 1325//1325
f 1545//1545 1325//1325 1546//1546
f 1546//1546 1325//1325 1324//1324
f 1546//1546 1324//1324 1547//1547
f 1547//1547 1324//1324 1323//1323
f 1547//1547 1323//1323 1548//1548
f 1548//1548 1323//1323 1322//1322
f 1548//1548 1322//1322 1549//1549
f 1549//1549 1322//1322 1321//1321
f 1330//1330 1331//1331 1347//1347
f 1347//1347 1331//1331 1482//1482
f 1347//1347 1482//1482 1336//1336
f 1336//1336 1482//1482 1484//1484
f 1336//1336 1484//1484 1337//1337
f 1337//1337 1484//1484 1491//1491
f 1337//1337 1491//1491 1338//1338
f 1338//1338 1491//1491 1500//1500
f 1338//1338 1500//1500 1343//1343
f 1343//1343 1500//1500 1511//1511
f 1343//1343 1511//1511 1344//1344
f 1344//1344 1511//1511 1524//1524
f 1344//1344 1524//1524 1335//1335
f 1335//1335 1524//1524 1532//1532
f 1335//1335 1532//1532 1332//1332
f 1332//1332 1532//1532 1549//1549
f 1332//1332 1549//1549 1333//1333
f 1333//1333 1549//1549 1321//1321
f 947//947 976//976 1041//1041
f 1550//1550 1551//1551 949//949
f 949//949 1551//1551 1012//1012
f 949//949 1012//1012 962//962
f 1552//1552 1056//1056 1553//1553
f 1553//1553 1056//1056 1554//1554
f 1552//1552 1555//1555 1056//1056
f 1056//1056 1555//1555 1556//1556
f 1056//1056 1556//1556 1054//1054
f 1557//1557 1052//1052 1558//1558
f 1558//1558 1052//1052 1054//1054
f 1558//1558 1054//1054 1559//1559
f 1559//1559 1054//1054 1556//1556
f 1557//1557 1560//1560 1052//1052
f 1052//1052 1560//1560 1561//1561
f 1052//1052 1561//1561 1050//1050
f 1562//1562 1048//1048 1563//1563
f 1563//1563 1048//1048 1050//1050
f 1563//1563 1050//1050 1564//1564
f 1564//1564 1050//1050 1561//1561
f 1565//1565 1046//1046 1566//1566
f 1566//1566 1046//1046 1048//1048
f 1566//1566 1048//1048 1567//1567
f 1567//1567 1048//1048 1562//1562
f 1565//1565 1568//1568 1046//1046
f 1046//1046 1568//1568 1569//1569
f 1046//1046 1569//1569 1044//1044
f 1570//1570 1042//1042 1571//1571
f 1571//1571 1042//1042 1044//1044
f 1571//1571 1044//1044 1572//1572
f 1572//1572 1044//1044 1569//1569
f 1570//1570 1573//1573 1042//1042
f 1042//1042 1573//1573 1574//1574
f 1042//1042 1574//1574 1041//1041
f 1041//1041 1574//1574 1575//1575
f 1041//1041 1575//1575 947//947
f 947//947 1575//1575 1576//1576
f 947//947 1576//1576 948//948
f 948//948 1576//1576 1577//1577
f 948//948 1577//1577 949//949
f 949//949 1577//1577 1578//1578
f 949//949 1578//1578 1550//1550
f 1551//1551 1579//1579 1012//1012
f 1012//1012 1579//1579 1580//1580
f 1012//1012 1580//1580 1014//1014
f 1581//1581 1016//1016 1582//1582
f 1582//1582 1016//1016 1014//1014
f 1582//1582 1014//1014 1583//1583
f 1583//1583 1014//1014 1580//1580
f 1581//1581 1584//1584 1016//1016
f 1016//1016 1584//1584 1585//1585
f 1016//1016 1585//1585 1018//1018
f 1586//1586 1020//1020 1587//1587
f 1587//1587 1020//1020 1018//1018
f 1587//1587 1018//1018 1588//1588
f 1588//1588 1018//1018 1585//1585
f 1589//1589 1022//1022 1590//1590
f 1590//1590 1022//1022 1020//1020
f 1590//1590 1020//1020 1591//1591
f 1591//1591 1020//1020 1586//1586
f 1589//1589 1592//1592 1022//1022
f 1022//1022 1592//1592 1593//1593
f 1022//1022 1593//1593 1024//1024
f 1594//1594 1033//1033 1595//1595
f 1595//1595 1033//1033 1024//1024
f 1595//1595 1024//1024 1596//1596
f 1596//1596 1024//1024 1593//1593
f 1594//1594 1597//1597 1033//1033
f 1033//1033 1597//1597 1598//1598
f 1033//1033 1598//1598 1034//1034
f 1599//1599 1035//1035 1600//1600
f 1600//1600 1035//1035 1034//1034
f 1600//1600 1034//1034 1601//1601
f 1601//1601 1034//1034 1598//1598
f 1599//1599 1602//1602 1035//1035
f 1035//1035 1602//1602 1603//1603
f 1035//1035 1603//1603 1036//1036
f 1604//1604 1605//1605 1006//1006
f 1603//1603 1606//1606 1036//1036
f 1036//1036 1606//1606 1607//1607
f 1036//1036 1607//1607 1037//1037
f 1037//1037 1607//1607 1608//1608
f 1037//1037 1608//1608 1006//1006
f 1006//1006 1608//1608 1609//1609
f 1006//1006 1609//1609 1604//1604
f 1605//1605 1610//1610 1006//1006
f 1006//1006 1610//1610 1611//1611
f 1006//1006 1611//1611 1007//1007
f 1612//1612 1026//1026 1613//1613
f 1613//1613 1026//1026 1007//1007
f 1613//1613 1007//1007 1614//1614
f 1614//1614 1007//1007 1611//1611
f 1612//1612 1615//1615 1026//1026
f 1026//1026 1615//1615 1616//1616
f 1026//1026 1616//1616 1027//1027
f 1617//1617 1028//1028 1618//1618
f 1618//1618 1028//1028 1027//1027
f 1618//1618 1027//1027 1619//1619
f 1619//1619 1027//1027 1616//1616
f 1620//1620 1038//1038 1621//1621
f 1621//1621 1038//1038 1028//1028
f 1621//1621 1028//1028 1622//1622
f 1622//1622 1028//1028 1617//1617
f 1620//1620 1623//1623 1038//1038
f 1038//1038 1623//1623 1624//1624
f 1038//1038 1624//1624 1039//1039
f 1625//1625 1040//1040 1626//1626
f 1626//1626 1040//1040 1039//1039
f 1626//1626 1039//1039 1627//1627
f 1627//1627 1039//1039 1624//1624
f 1625//1625 1628//1628 1040//1040
f 1040//1040 1628//1628 1629//1629
f 1040//1040 1629//1629 1008//1008
f 1630//1630 1009//1009 1631//1631
f 1631//1631 1009//1009 1008//1008
f 1631//1631 1008//1008 1632//1632
f 1632//1632 1008//1008 1629//1629
f 1633//1633 1010//1010 1634//1634
f 1634//1634 1010//1010 1009//1009
f 1634//1634 1009//1009 1635//1635
f 1635//1635 1009//1009 1630//1630
f 1633//1633 1636//1636 1010//1010
f 1010//1010 1636//1636 1637//1637
f 1010//1010 1637//1637 982//982
f 1638//1638 983//983 1639//1639
f 1639//1639 983//983 982//982
f 1639//1639 982//982 1640//1640
f 1640//1640 982//982 1637//1637
f 1638//1638 1641//1641 983//983
f 983//983 1641//1641 1642//1642
f 983//983 1642//1642 998//998
f 1643//1643 1011//1011 1644//1644
f 1644//1644 1011//1011 998//998
f 1644//1644 998//998 1645//1645
f 1645//1645 998//998 1642//1642
f 1643//1643 1646//1646 1011//1011
f 1011//1011 1646//1646 1647//1647
f 1011//1011 1647//1647 1059//1059
f 1647//1647 1648//1648 1059//1059
f 1059//1059 1648//1648 1649//1649
f 1059//1059 1649//1649 1554//1554
f 1554//1554 1649//1649 1650//1650
f 1554//1554 1650//1650 1553//1553
f 194//194 190//190 1651//1651
f 191//191 284//284 1652//1652
f 289//289 288//288 1653//1653
f 293//293 295//295 1654//1654
f 297//297 298//298 1655//1655
f 300//300 301//301 1656//1656
f 306//306 305//305 1657//1657
f 307//307 312//312 1658//1658
f 317//317 318//318 1659//1659
f 323//323 322//322 1660//1660
f 324//324 329//329 1661//1661
f 334//334 335//335 1662//1662
f 340//340 339//339 1663//1663
f 277//277 276//276 1664//1664
f 268//268 266//266 1665//1665
f 265//265 263//263 1666//1666
f 258//258 260//260 1667//1667
f 251//251 253//253 1668//1668
f 254//254 249//249 1669//1669
f 248//248 246//246 1670//1670
f 241//241 243//243 1671//1671
f 234//234 236//236 1672//1672
f 231//231 229//229 1673//1673
f 224//224 226//226 1674//1674
f 217//217 219//219 1675//1675
f 214//214 212//212 1676//1676
f 207//207 209//209 1677//1677
f 200//200 202//202 1678//1678
f 1552//1552 1553//1553 1679//1679
f 1559//1559 1556//1556 1680//1680
f 1564//1564 1561//1561 1681//1681
f 1565//1565 1566//1566 1682//1682
f 1572//1572 1569//1569 1683//1683
f 1575//1575 1574//1574 1684//1684
f 1551//1551 1550//1550 1685//1685
f 1588//1588 1585//1585 1686//1686
f 1589//1589 1590//1590 1687//1687
f 1601//1601 1598//1598 1688//1688
f 1606//1606 1603//1603 1689//1689
f 1605//1605 1604//1604 1690//1690
f 1614//1614 1611//1611 1691//1691
f 1619//1619 1616//1616 1692//1692
f 1620//1620 1621//1621 1693//1693
f 1627//1627 1624//1624 1694//1694
f 1632//1632 1629//1629 1695//1695
f 1633//1633 1634//1634 1696//1696
f 1645//1645 1642//1642 1697//1697
f 1648//1648 1647//1647 1698//1698
f 1648//1648 1698//1698 1649//1649
f 1645//1645 1697//1697 1644//1644
f 1639//1639 1640//1640 1699//1699
f 1633//1633 1696//1696 1636//1636
f 1632//1632 1695//1695 1631//1631
f 1627//1627 1694//1694 1626//1626
f 1619//1619 1692//1692 1618//1618
f 1614//1614 1691//1691 1613//1613
f 1606//1606 1689//1689 1607//1607
f 1601//1601 1688//1688 1700//1700
f 1595//1595 1596//1596 1701//1701
f 1589//1589 1687//1687 1592//1592
f 1588//1588 1686//1686 1587//1587
f 1582//1582 1583//1583 1702//1702
f 1551//1551 1685//1685 1579//1579
f 1575//1575 1684//1684 1576//1576
f 1572//1572 1683//1683 1571//1571
f 1564//1564 1681//1681 1563//1563
f 1559//1559 1680//1680 1558//1558
f 1678//1678 1703//1703 1704//1704
f 1704//1704 1703//1703 1705//1705
f 1704//1704 1705//1705 1706//1706
f 1706//1706 1705//1705 1707//1707
f 1706//1706 1707//1707 1708//1708
f 1708//1708 1707//1707 1709//1709
f 1708//1708 1709//1709 1710//1710
f 1710//1710 1709//1709 1711//1711
f 1710//1710 1711//1711 1712//1712
f 1712//1712 1711//1711 1713//1713
f 1712//1712 1713//1713 1714//1714
f 1714//1714 1713//1713 1715//1715
f 1714//1714 1715//1715 1698//1698
f 1698//1698 1715//1715 1716//1716
f 1698//1698 1716//1716 1649//1649
f 1643//1643 1644//1644 1717//1717
f 1717//1717 1644//1644 1697//1697
f 1717//1717 1697//1697 1718//1718
f 1718//1718 1697//1697 1719//1719
f 1718//1718 1719//1719 1720//1720
f 1720//1720 1719//1719 1721//1721
f 1720//1720 1721//1721 1722//1722
f 1722//1722 1721//1721 1723//1723
f 1722//1722 1723//1723 1724//1724
f 1724//1724 1723//1723 1725//1725
f 1724//1724 1725//1725 1726//1726
f 1726//1726 1725//1725 1727//1727
f 1726//1726 1727//1727 1728//1728
f 1728//1728 1727//1727 1729//1729
f 1728//1728 1729//1729 1730//1730
f 1730//1730 1729//1729 1677//1677
f 1699//1699 1731//1731 1732//1732
f 1732//1732 1731//1731 1733//1733
f 1732//1732 1733//1733 1734//1734
f 1734//1734 1733//1733 1735//1735
f 1734//1734 1735//1735 1736//1736
f 1736//1736 1735//1735 1737//1737
f 1736//1736 1737//1737 1738//1738
f 1738//1738 1737//1737 1739//1739
f 1738//1738 1739//1739 1740//1740
f 1740//1740 1739//1739 1741//1741
f 1740//1740 1741//1741 1742//1742
f 1742//1742 1741//1741 1743//1743
f 1742//1742 1743//1743 1744//1744
f 1744//1744 1743//1743 1675//1675
f 1635//1635 1630//1630 1745//1745
f 1745//1745 1630//1630 1746//1746
f 1745//1745 1746//1746 1747//1747
f 1747//1747 1746//1746 1748//1748
f 1747//1747 1748//1748 1749//1749
f 1749//1749 1748//1748 1750//1750
f 1749//1749 1750//1750 1751//1751
f 1751//1751 1750//1750 1752//1752
f 1751//1751 1752//1752 1753//1753
f 1753//1753 1752//1752 1754//1754
f 1753//1753 1754//1754 1755//1755
f 1755//1755 1754//1754 1756//1756
f 1755//1755 1756//1756 1757//1757
f 1757//1757 1756//1756 1758//1758
f 1757//1757 1758//1758 1759//1759
f 1759//1759 1758//1758 1674//1674
f 1625//1625 1626//1626 1760//1760
f 1760//1760 1626//1626 1694//1694
f 1760//1760 1694//1694 1761//1761
f 1761//1761 1694//1694 1762//1762
f 1761//1761 1762//1762 1763//1763
f 1763//1763 1762//1762 1764//1764
f 1763//1763 1764//1764 1765//1765
f 1765//1765 1764//1764 1766//1766
f 1765//1765 1766//1766 1767//1767
f 1767//1767 1766//1766 1768//1768
f 1767//1767 1768//1768 1769//1769
f 1769//1769 1768//1768 1770//1770
f 1769//1769 1770//1770 1771//1771
f 1771//1771 1770//1770 1772//1772
f 1771//1771 1772//1772 1773//1773
f 1773//1773 1772//1772 1672//1672
f 1621//1621 1622//1622 1693//1693
f 1693//1693 1622//1622 1774//1774
f 1693//1693 1774//1774 1775//1775
f 1775//1775 1774//1774 1776//1776
f 1775//1775 1776//1776 1777//1777
f 1777//1777 1776//1776 1778//1778
f 1777//1777 1778//1778 1779//1779
f 1779//1779 1778//1778 1780//1780
f 1779//1779 1780//1780 1781//1781
f 1781//1781 1780//1780 1782//1782
f 1781//1781 1782//1782 1783//1783
f 1783//1783 1782//1782 1784//1784
f 1783//1783 1784//1784 1785//1785
f 1785//1785 1784//1784 1786//1786
f 1785//1785 1786//1786 1787//1787
f 1787//1787 1786//1786 1671//1671
f 1610//1610 1605//1605 1788//1788
f 1788//1788 1605//1605 1690//1690
f 1788//1788 1690//1690 1789//1789
f 1789//1789 1690//1690 1790//1790
f 1789//1789 1790//1790 1791//1791
f 1791//1791 1790//1790 1792//1792
f 1791//1791 1792//1792 1793//1793
f 1793//1793 1792//1792 1794//1794
f 1793//1793 1794//1794 1795//1795
f 1795//1795 1794//1794 1796//1796
f 1795//1795 1796//1796 1797//1797
f 1797//1797 1796//1796 1798//1798
f 1797//1797 1798//1798 1799//1799
f 1799//1799 1798//1798 1800//1800
f 1799//1799 1800//1800 1801//1801
f 1801//1801 1800//1800 1667//1667
f 1598//1598 1597//1597 1688//1688
f 1688//1688 1597//1597 1802//1802
f 1688//1688 1802//1802 1803//1803
f 1803//1803 1802//1802 1804//1804
f 1803//1803 1804//1804 1805//1805
f 1805//1805 1804//1804 1806//1806
f 1805//1805 1806//1806 1807//1807
f 1807//1807 1806//1806 1808//1808
f 1807//1807 1808//1808 1809//1809
f 1809//1809 1808//1808 1810//1810
f 1809//1809 1810//1810 1811//1811
f 1811//1811 1810//1810 1812//1812
f 1811//1811 1812//1812 1813//1813
f 1813//1813 1812//1812 1814//1814
f 1813//1813 1814//1814 1815//1815
f 1815//1815 1814//1814 1664//1664
f 1701//1701 1816//1816 1817//1817
f 1817//1817 1816//1816 1818//1818
f 1817//1817 1818//1818 1819//1819
f 1819//1819 1818//1818 1820//1820
f 1819//1819 1820//1820 1821//1821
f 1821//1821 1820//1820 1822//1822
f 1821//1821 1822//1822 1823//1823
f 1823//1823 1822//1822 1824//1824
f 1823//1823 1824//1824 1825//1825
f 1825//1825 1824//1824 1826//1826
f 1825//1825 1826//1826 1827//1827
f 1827//1827 1826//1826 1828//1828
f 1827//1827 1828//1828 1829//1829
f 1829//1829 1828//1828 1663//1663
f 1586//1586 1587//1587 1830//1830
f 1830//1830 1587//1587 1686//1686
f 1830//1830 1686//1686 1831//1831
f 1831//1831 1686//1686 1832//1832
f 1831//1831 1832//1832 1833//1833
f 1833//1833 1832//1832 1834//1834
f 1833//1833 1834//1834 1835//1835
f 1835//1835 1834//1834 1836//1836
f 1835//1835 1836//1836 1837//1837
f 1837//1837 1836//1836 1838//1838
f 1837//1837 1838//1838 1839//1839
f 1839//1839 1838//1838 1840//1840
f 1839//1839 1840//1840 1841//1841
f 1841//1841 1840//1840 1842//1842
f 1841//1841 1842//1842 1843//1843
f 1843//1843 1842//1842 1661//1661
f 1581//1581 1582//1582 1844//1844
f 1844//1844 1582//1582 1702//1702
f 1844//1844 1702//1702 1845//1845
f 1845//1845 1702//1702 1846//1846
f 1845//1845 1846//1846 1847//1847
f 1847//1847 1846//1846 1848//1848
f 1847//1847 1848//1848 1849//1849
f 1849//1849 1848//1848 1850//1850
f 1849//1849 1850//1850 1851//1851
f 1851//1851 1850//1850 1852//1852
f 1851//1851 1852//1852 1853//1853
f 1853//1853 1852//1852 1854//1854
f 1853//1853 1854//1854 1855//1855
f 1855//1855 1854//1854 1856//1856
f 1855//1855 1856//1856 1857//1857
f 1857//1857 1856//1856 1660//1660
f 1578//1578 1577//1577 1858//1858
f 1858//1858 1577//1577 1859//1859
f 1858//1858 1859//1859 1860//1860
f 1860//1860 1859//1859 1861//1861
f 1860//1860 1861//1861 1862//1862
f 1862//1862 1861//1861 1863//1863
f 1862//1862 1863//1863 1864//1864
f 1864//1864 1863//1863 1865//1865
f 1864//1864 1865//1865 1866//1866
f 1866//1866 1865//1865 1867//1867
f 1866//1866 1867//1867 1868//1868
f 1868//1868 1867//1867 1869//1869
f 1868//1868 1869//1869 1870//1870
f 1870//1870 1869//1869 1871//1871
f 1870//1870 1871//1871 1872//1872
f 1872//1872 1871//1871 1658//1658
f 1573//1573 1570//1570 1873//1873
f 1873//1873 1570//1570 1874//1874
f 1873//1873 1874//1874 1875//1875
f 1875//1875 1874//1874 1876//1876
f 1875//1875 1876//1876 1877//1877
f 1877//1877 1876//1876 1878//1878
f 1877//1877 1878//1878 1879//1879
f 1879//1879 1878//1878 1880//1880
f 1879//1879 1880//1880 1881//1881
f 1881//1881 1880//1880 1882//1882
f 1881//1881 1882//1882 1883//1883
f 1883//1883 1882//1882 1884//1884
f 1883//1883 1884//1884 1885//1885
f 1885//1885 1884//1884 1886//1886
f 1885//1885 1886//1886 1887//1887
f 1887//1887 1886//1886 1657//1657
f 1561//1561 1560//1560 1681//1681
f 1681//1681 1560//1560 1888//1888
f 1681//1681 1888//1888 1889//1889
f 1889//1889 1888//1888 1890//1890
f 1889//1889 1890//1890 1891//1891
f 1891//1891 1890//1890 1892//1892
f 1891//1891 1892//1892 1893//1893
f 1893//1893 1892//1892 1894//1894
f 1893//1893 1894//1894 1895//1895
f 1895//1895 1894//1894 1896//1896
f 1895//1895 1896//1896 1897//1897
f 1897//1897 1896//1896 1898//1898
f 1897//1897 1898//1898 1899//1899
f 1899//1899 1898//1898 1900//1900
f 1899//1899 1900//1900 1901//1901
f 1901//1901 1900//1900 1653//1653
f 1902//1902 1649//1649 1903//1903
f 1903//1903 1649//1649 1716//1716
f 1903//1903 1716//1716 1904//1904
f 1904//1904 1716//1716 1715//1715
f 1904//1904 1715//1715 1905//1905
f 1905//1905 1715//1715 1713//1713
f 1905//1905 1713//1713 1906//1906
f 1906//1906 1713//1713 1711//1711
f 1906//1906 1711//1711 1907//1907
f 1907//1907 1711//1711 1709//1709
f 1907//1907 1709//1709 1908//1908
f 1908//1908 1709//1709 1707//1707
f 1908//1908 1707//1707 1909//1909
f 1909//1909 1707//1707 1705//1705
f 1909//1909 1705//1705 1910//1910
f 1910//1910 1705//1705 1703//1703
f 1910//1910 1703//1703 1911//1911
f 1911//1911 1703//1703 198//198
f 1678//1678 202//202 1703//1703
f 1703//1703 202//202 203//203
f 1703//1703 203//203 198//198
f 204//204 200//200 1912//1912
f 1912//1912 200//200 1678//1678
f 1912//1912 1678//1678 1913//1913
f 1913//1913 1678//1678 1704//1704
f 1913//1913 1704//1704 1914//1914
f 1914//1914 1704//1704 1706//1706
f 1914//1914 1706//1706 1915//1915
f 1915//1915 1706//1706 1708//1708
f 1915//1915 1708//1708 1916//1916
f 1916//1916 1708//1708 1710//1710
f 1916//1916 1710//1710 1917//1917
f 1917//1917 1710//1710 1712//1712
f 1917//1917 1712//1712 1918//1918
f 1918//1918 1712//1712 1714//1714
f 1918//1918 1714//1714 1919//1919
f 1919//1919 1714//1714 1698//1698
f 1919//1919 1698//1698 1646//1646
f 1646//1646 1698//1698 1647//1647
f 1646//1646 1643//1643 1919//1919
f 1919//1919 1643//1643 1717//1717
f 1919//1919 1717//1717 1918//1918
f 1918//1918 1717//1717 1718//1718
f 1918//1918 1718//1718 1917//1917
f 1917//1917 1718//1718 1720//1720
f 1917//1917 1720//1720 1916//1916
f 1916//1916 1720//1720 1722//1722
f 1916//1916 1722//1722 1915//1915
f 1915//1915 1722//1722 1724//1724
f 1915//1915 1724//1724 1914//1914
f 1914//1914 1724//1724 1726//1726
f 1914//1914 1726//1726 1913//1913
f 1913//1913 1726//1726 1728//1728
f 1913//1913 1728//1728 1912//1912
f 1912//1912 1728//1728 1730//1730
f 1912//1912 1730//1730 204//204
f 204//204 1730//1730 205//205
f 1677//1677 209//209 1730//1730
f 1730//1730 209//209 210//210
f 1730//1730 210//210 205//205
f 211//211 207//207 1920//1920
f 1920//1920 207//207 1677//1677
f 1920//1920 1677//1677 1921//1921
f 1921//1921 1677//1677 1729//1729
f 1921//1921 1729//1729 1922//1922
f 1922//1922 1729//1729 1727//1727
f 1922//1922 1727//1727 1923//1923
f 1923//1923 1727//1727 1725//1725
f 1923//1923 1725//1725 1924//1924
f 1924//1924 1725//1725 1723//1723
f 1924//1924 1723//1723 1925//1925
f 1925//1925 1723//1723 1721//1721
f 1925//1925 1721//1721 1926//1926
f 1926//1926 1721//1721 1719//1719
f 1926//1926 1719//1719 1927//1927
f 1927//1927 1719//1719 1697//1697
f 1927//1927 1697//1697 1641//1641
f 1641//1641 1697//1697 1642//1642
f 1641//1641 1638//1638 1927//1927
f 1927//1927 1638//1638 1928//1928
f 1927//1927 1928//1928 1926//1926
f 1926//1926 1928//1928 1929//1929
f 1926//1926 1929//1929 1925//1925
f 1925//1925 1929//1929 1930//1930
f 1925//1925 1930//1930 1924//1924
f 1924//1924 1930//1930 1931//1931
f 1924//1924 1931//1931 1923//1923
f 1923//1923 1931//1931 1932//1932
f 1923//1923 1932//1932 1922//1922
f 1922//1922 1932//1932 1933//1933
f 1922//1922 1933//1933 1921//1921
f 1921//1921 1933//1933 1934//1934
f 1921//1921 1934//1934 1920//1920
f 1920//1920 1934//1934 1676//1676
f 1920//1920 1676//1676 211//211
f 211//211 1676//1676 212//212
f 215//215 214//214 1744//1744
f 1744//1744 214//214 1676//1676
f 1744//1744 1676//1676 1742//1742
f 1742//1742 1676//1676 1934//1934
f 1742//1742 1934//1934 1740//1740
f 1740//1740 1934//1934 1933//1933
f 1740//1740 1933//1933 1738//1738
f 1738//1738 1933//1933 1932//1932
f 1738//1738 1932//1932 1736//1736
f 1736//1736 1932//1932 1931//1931
f 1736//1736 1931//1931 1734//1734
f 1734//1734 1931//1931 1930//1930
f 1734//1734 1930//1930 1732//1732
f 1732//1732 1930//1930 1929//1929
f 1732//1732 1929//1929 1699//1699
f 1699//1699 1929//1929 1928//1928
f 1699//1699 1928//1928 1639//1639
f 1639//1639 1928//1928 1638//1638
f 1675//1675 219//219 1744//1744
f 1744//1744 219//219 220//220
f 1744//1744 220//220 215//215
f 221//221 217//217 1935//1935
f 1935//1935 217//217 1675//1675
f 1935//1935 1675//1675 1936//1936
f 1936//1936 1675//1675 1743//1743
f 1936//1936 1743//1743 1937//1937
f 1937//1937 1743//1743 1741//1741
f 1937//1937 1741//1741 1938//1938
f 1938//1938 1741//1741 1739//1739
f 1938//1938 1739//1739 1939//1939
f 1939//1939 1739//1739 1737//1737
f 1939//1939 1737//1737 1940//1940
f 1940//1940 1737//1737 1735//1735
f 1940//1940 1735//1735 1941//1941
f 1941//1941 1735//1735 1733//1733
f 1941//1941 1733//1733 1696//1696
f 1696//1696 1733//1733 1731//1731
f 1696//1696 1731//1731 1636//1636
f 1636//1636 1731//1731 1699//1699
f 1636//1636 1699//1699 1637//1637
f 1637//1637 1699//1699 1640//1640
f 1634//1634 1635//1635 1696//1696
f 1696//1696 1635//1635 1745//1745
f 1696//1696 1745//1745 1941//1941
f 1941//1941 1745//1745 1747//1747
f 1941//1941 1747//1747 1940//1940
f 1940//1940 1747//1747 1749//1749
f 1940//1940 1749//1749 1939//1939
f 1939//1939 1749//1749 1751//1751
f 1939//1939 1751//1751 1938//1938
f 1938//1938 1751//1751 1753//1753
f 1938//1938 1753//1753 1937//1937
f 1937//1937 1753//1753 1755//1755
f 1937//1937 1755//1755 1936//1936
f 1936//1936 1755//1755 1757//1757
f 1936//1936 1757//1757 1935//1935
f 1935//1935 1757//1757 1759//1759
f 1935//1935 1759//1759 221//221
f 221//221 1759//1759 222//222
f 1674//1674 226//226 1759//1759
f 1759//1759 226//226 227//227
f 1759//1759 227//227 222//222
f 228//228 224//224 1942//1942
f 1942//1942 224//224 1674//1674
f 1942//1942 1674//1674 1943//1943
f 1943//1943 1674//1674 1758//1758
f 1943//1943 1758//1758 1944//1944
f 1944//1944 1758//1758 1756//1756
f 1944//1944 1756//1756 1945//1945
f 1945//1945 1756//1756 1754//1754
f 1945//1945 1754//1754 1946//1946
f 1946//1946 1754//1754 1752//1752
f 1946//1946 1752//1752 1947//1947
f 1947//1947 1752//1752 1750//1750
f 1947//1947 1750//1750 1948//1948
f 1948//1948 1750//1750 1748//1748
f 1948//1948 1748//1748 1695//1695
f 1695//1695 1748//1748 1746//1746
f 1695//1695 1746//1746 1631//1631
f 1631//1631 1746//1746 1630//1630
f 1629//1629 1628//1628 1695//1695
f 1695//1695 1628//1628 1949//1949
f 1695//1695 1949//1949 1948//1948
f 1948//1948 1949//1949 1950//1950
f 1948//1948 1950//1950 1947//1947
f 1947//1947 1950//1950 1951//1951
f 1947//1947 1951//1951 1946//1946
f 1946//1946 1951//1951 1952//1952
f 1946//1946 1952//1952 1945//1945
f 1945//1945 1952//1952 1953//1953
f 1945//1945 1953//1953 1944//1944
f 1944//1944 1953//1953 1954//1954
f 1944//1944 1954//1954 1943//1943
f 1943//1943 1954//1954 1955//1955
f 1943//1943 1955//1955 1942//1942
f 1942//1942 1955//1955 1673//1673
f 1942//1942 1673//1673 228//228
f 228//228 1673//1673 229//229
f 232//232 231//231 1773//1773
f 1773//1773 231//231 1673//1673
f 1773//1773 1673//1673 1771//1771
f 1771//1771 1673//1673 1955//1955
f 1771//1771 1955//1955 1769//1769
f 1769//1769 1955//1955 1954//1954
f 1769//1769 1954//1954 1767//1767
f 1767//1767 1954//1954 1953//1953
f 1767//1767 1953//1953 1765//1765
f 1765//1765 1953//1953 1952//1952
f 1765//1765 1952//1952 1763//1763
f 1763//1763 1952//1952 1951//1951
f 1763//1763 1951//1951 1761//1761
f 1761//1761 1951//1951 1950//1950
f 1761//1761 1950//1950 1760//1760
f 1760//1760 1950//1950 1949//1949
f 1760//1760 1949//1949 1625//1625
f 1625//1625 1949//1949 1628//1628
f 1672//1672 236//236 1773//1773
f 1773//1773 236//236 237//237
f 1773//1773 237//237 232//232
f 238//238 234//234 1956//1956
f 1956//1956 234//234 1672//1672
f 1956//1956 1672//1672 1957//1957
f 1957//1957 1672//1672 1772//1772
f 1957//1957 1772//1772 1958//1958
f 1958//1958 1772//1772 1770//1770
f 1958//1958 1770//1770 1959//1959
f 1959//1959 1770//1770 1768//1768
f 1959//1959 1768//1768 1960//1960
f 1960//1960 1768//1768 1766//1766
f 1960//1960 1766//1766 1961//1961
f 1961//1961 1766//1766 1764//1764
f 1961//1961 1764//1764 1962//1962
f 1962//1962 1764//1764 1762//1762
f 1962//1962 1762//1762 1963//1963
f 1963//1963 1762//1762 1694//1694
f 1963//1963 1694//1694 1623//1623
f 1623//1623 1694//1694 1624//1624
f 1623//1623 1620//1620 1963//1963
f 1963//1963 1620//1620 1693//1693
f 1963//1963 1693//1693 1962//1962
f 1962//1962 1693//1693 1775//1775
f 1962//1962 1775//1775 1961//1961
f 1961//1961 1775//1775 1777//1777
f 1961//1961 1777//1777 1960//1960
f 1960//1960 1777//1777 1779//1779
f 1960//1960 1779//1779 1959//1959
f 1959//1959 1779//1779 1781//1781
f 1959//1959 1781//1781 1958//1958
f 1958//1958 1781//1781 1783//1783
f 1958//1958 1783//1783 1957//1957
f 1957//1957 1783//1783 1785//1785
f 1957//1957 1785//1785 1956//1956
f 1956//1956 1785//1785 1787//1787
f 1956//1956 1787//1787 238//238
f 238//238 1787//1787 239//239
f 1671//1671 243//243 1787//1787
f 1787//1787 243//243 244//244
f 1787//1787 244//244 239//239
f 245//245 241//241 1964//1964
f 1964//1964 241//241 1671//1671
f 1964//1964 1671//1671 1965//1965
f 1965//1965 1671//1671 1786//1786
f 1965//1965 1786//1786 1966//1966
f 1966//1966 1786//1786 1784//1784
f 1966//1966 1784//1784 1967//1967
f 1967//1967 1784//1784 1782//1782
f 1967//1967 1782//1782 1968//1968
f 1968//1968 1782//1782 1780//1780
f 1968//1968 1780//1780 1969//1969
f 1969//1969 1780//1780 1778//1778
f 1969//1969 1778//1778 1970//1970
f 1970//1970 1778//1778 1776//1776
f 1970//1970 1776//1776 1971//1971
f 1971//1971 1776//1776 1774//1774
f 1971//1971 1774//1774 1617//1617
f 1617//1617 1774//1774 1622//1622
f 1617//1617 1618//1618 1971//1971
f 1971//1971 1618//1618 1692//1692
f 1971//1971 1692//1692 1970//1970
f 1970//1970 1692//1692 1972//1972
f 1970//1970 1972//1972 1969//1969
f 1969//1969 1972//1972 1973//1973
f 1969//1969 1973//1973 1968//1968
f 1968//1968 1973//1973 1974//1974
f 1968//1968 1974//1974 1967//1967
f 1967//1967 1974//1974 1975//1975
f 1967//1967 1975//1975 1966//1966
f 1966//1966 1975//1975 1976//1976
f 1966//1966 1976//1976 1965//1965
f 1965//1965 1976//1976 1977//1977
f 1965//1965 1977//1977 1964//1964
f 1964//1964 1977//1977 1670//1670
f 1964//1964 1670//1670 245//245
f 245//245 1670//1670 246//246
f 249//249 248//248 1669//1669
f 1669//1669 248//248 1670//1670
f 1669//1669 1670//1670 1978//1978
f 1978//1978 1670//1670 1977//1977
f 1978//1978 1977//1977 1979//1979
f 1979//1979 1977//1977 1976//1976
f 1979//1979 1976//1976 1980//1980
f 1980//1980 1976//1976 1975//1975
f 1980//1980 1975//1975 1981//1981
f 1981//1981 1975//1975 1974//1974
f 1981//1981 1974//1974 1982//1982
f 1982//1982 1974//1974 1973//1973
f 1982//1982 1973//1973 1983//1983
f 1983//1983 1973//1973 1972//1972
f 1983//1983 1972//1972 1984//1984
f 1984//1984 1972//1972 1692//1692
f 1984//1984 1692//1692 1615//1615
f 1615//1615 1692//1692 1616//1616
f 253//253 254//254 1668//1668
f 1668//1668 254//254 1669//1669
f 1668//1668 1669//1669 1985//1985
f 1985//1985 1669//1669 1978//1978
f 1985//1985 1978//1978 1986//1986
f 1986//1986 1978//1978 1979//1979
f 1986//1986 1979//1979 1987//1987
f 1987//1987 1979//1979 1980//1980
f 1987//1987 1980//1980 1988//1988
f 1988//1988 1980//1980 1981//1981
f 1988//1988 1981//1981 1989//1989
f 1989//1989 1981//1981 1982//1982
f 1989//1989 1982//1982 1990//1990
f 1990//1990 1982//1982 1983//1983
f 1990//1990 1983//1983 1991//1991
f 1991//1991 1983//1983 1984//1984
f 1991//1991 1984//1984 1612//1612
f 1612//1612 1984//1984 1615//1615
f 255//255 251//251 1992//1992
f 1992//1992 251//251 1668//1668
f 1992//1992 1668//1668 1993//1993
f 1993//1993 1668//1668 1985//1985
f 1993//1993 1985//1985 1994//1994
f 1994//1994 1985//1985 1986//1986
f 1994//1994 1986//1986 1995//1995
f 1995//1995 1986//1986 1987//1987
f 1995//1995 1987//1987 1996//1996
f 1996//1996 1987//1987 1988//1988
f 1996//1996 1988//1988 1997//1997
f 1997//1997 1988//1988 1989//1989
f 1997//1997 1989//1989 1998//1998
f 1998//1998 1989//1989 1990//1990
f 1998//1998 1990//1990 1691//1691
f 1691//1691 1990//1990 1991//1991
f 1691//1691 1991//1991 1613//1613
f 1613//1613 1991//1991 1612//1612
f 1611//1611 1610//1610 1691//1691
f 1691//1691 1610//1610 1788//1788
f 1691//1691 1788//1788 1998//1998
f 1998//1998 1788//1788 1789//1789
f 1998//1998 1789//1789 1997//1997
f 1997//1997 1789//1789 1791//1791
f 1997//1997 1791//1791 1996//1996
f 1996//1996 1791//1791 1793//1793
f 1996//1996 1793//1793 1995//1995
f 1995//1995 1793//1793 1795//1795
f 1995//1995 1795//1795 1994//1994
f 1994//1994 1795//1795 1797//1797
f 1994//1994 1797//1797 1993//1993
f 1993//1993 1797//1797 1799//1799
f 1993//1993 1799//1799 1992//1992
f 1992//1992 1799//1799 1801//1801
f 1992//1992 1801//1801 255//255
f 255//255 1801//1801 256//256
f 1667//1667 260//260 1801//1801
f 1801//1801 260//260 261//261
f 1801//1801 261//261 256//256
f 262//262 258//258 1999//1999
f 1999//1999 258//258 1667//1667
f 1999//1999 1667//1667 2000//2000
f 2000//2000 1667//1667 1800//1800
f 2000//2000 1800//1800 2001//2001
f 2001//2001 1800//1800 1798//1798
f 2001//2001 1798//1798 2002//2002
f 2002//2002 1798//1798 1796//1796
f 2002//2002 1796//1796 2003//2003
f 2003//2003 1796//1796 1794//1794
f 2003//2003 1794//1794 2004//2004
f 2004//2004 1794//1794 1792//1792
f 2004//2004 1792//1792 2005//2005
f 2005//2005 1792//1792 1790//1790
f 2005//2005 1790//1790 2006//2006
f 2006//2006 1790//1790 1690//1690
f 2006//2006 1690//1690 1609//1609
f 1609//1609 1690//1690 1604//1604
f 1609//1609 1608//1608 2006//2006
f 2006//2006 1608//1608 2007//2007
f 2006//2006 2007//2007 2005//2005
f 2005//2005 2007//2007 2008//2008
f 2005//2005 2008//2008 2004//2004
f 2004//2004 2008//2008 2009//2009
f 2004//2004 2009//2009 2003//2003
f 2003//2003 2009//2009 2010//2010
f 2003//2003 2010//2010 2002//2002
f 2002//2002 2010//2010 2011//2011
f 2002//2002 2011//2011 2001//2001
f 2001//2001 2011//2011 2012//2012
f 2001//2001 2012//2012 2000//2000
f 2000//2000 2012//2012 2013//2013
f 2000//2000 2013//2013 1999//1999
f 1999//1999 2013//2013 1666//1666
f 1999//1999 1666//1666 262//262
f 262//262 1666//1666 263//263
f 266//266 265//265 1665//1665
f 1665//1665 265//265 1666//1666
f 1665//1665 1666//1666 2014//2014
f 2014//2014 1666//1666 2013//2013
f 2014//2014 2013//2013 2015//2015
f 2015//2015 2013//2013 2012//2012
f 2015//2015 2012//2012 2016//2016
f 2016//2016 2012//2012 2011//2011
f 2016//2016 2011//2011 2017//2017
f 2017//2017 2011//2011 2010//2010
f 2017//2017 2010//2010 2018//2018
f 2018//2018 2010//2010 2009//2009
f 2018//2018 2009//2009 2019//2019
f 2019//2019 2009//2009 2008//2008
f 2019//2019 2008//2008 1689//1689
f 1689//1689 2008//2008 2007//2007
f 1689//1689 2007//2007 1607//1607
f 1607//1607 2007//2007 1608//1608
f 269//269 268//268 2020//2020
f 2020//2020 268//268 1665//1665
f 2020//2020 1665//1665 2021//2021
f 2021//2021 1665//1665 2014//2014
f 2021//2021 2014//2014 2022//2022
f 2022//2022 2014//2014 2015//2015
f 2022//2022 2015//2015 2023//2023
f 2023//2023 2015//2015 2016//2016
f 2023//2023 2016//2016 2024//2024
f 2024//2024 2016//2016 2017//2017
f 2024//2024 2017//2017 2025//2025
f 2025//2025 2017//2017 2018//2018
f 2025//2025 2018//2018 2026//2026
f 2026//2026 2018//2018 2019//2019
f 2026//2026 2019//2019 2027//2027
f 2027//2027 2019//2019 1689//1689
f 2027//2027 1689//1689 1602//1602
f 1602//1602 1689//1689 1603//1603
f 1602//1602 1599//1599 2027//2027
f 2027//2027 1599//1599 2028//2028
f 2027//2027 2028//2028 2026//2026
f 2026//2026 2028//2028 2029//2029
f 2026//2026 2029//2029 2025//2025
f 2025//2025 2029//2029 2030//2030
f 2025//2025 2030//2030 2024//2024
f 2024//2024 2030//2030 2031//2031
f 2024//2024 2031//2031 2023//2023
f 2023//2023 2031//2031 2032//2032
f 2023//2023 2032//2032 2022//2022
f 2022//2022 2032//2032 2033//2033
f 2022//2022 2033//2033 2021//2021
f 2021//2021 2033//2033 2034//2034
f 2021//2021 2034//2034 2020//2020
f 2020//2020 2034//2034 2035//2035
f 2020//2020 2035//2035 269//269
f 269//269 2035//2035 2036//2036
f 1599//1599 1700//1700 2028//2028
f 2028//2028 1700//1700 1688//1688
f 2028//2028 1688//1688 2029//2029
f 2029//2029 1688//1688 1803//1803
f 2029//2029 1803//1803 2030//2030
f 2030//2030 1803//1803 1805//1805
f 2030//2030 1805//1805 2031//2031
f 2031//2031 1805//1805 1807//1807
f 2031//2031 1807//1807 2032//2032
f 2032//2032 1807//1807 1809//1809
f 2032//2032 1809//1809 2033//2033
f 2033//2033 1809//1809 1811//1811
f 2033//2033 1811//1811 2034//2034
f 2034//2034 1811//1811 1813//1813
f 2034//2034 1813//1813 2035//2035
f 2035//2035 1813//1813 1815//1815
f 2035//2035 1815//1815 2036//2036
f 2036//2036 1815//1815 281//281
f 1664//1664 276//276 1815//1815
f 1815//1815 276//276 275//275
f 1815//1815 275//275 281//281
f 341//341 277//277 2037//2037
f 2037//2037 277//277 1664//1664
f 2037//2037 1664//1664 2038//2038
f 2038//2038 1664//1664 1814//1814
f 2038//2038 1814//1814 2039//2039
f 2039//2039 1814//1814 1812//1812
f 2039//2039 1812//1812 2040//2040
f 2040//2040 1812//1812 1810//1810
f 2040//2040 1810//1810 2041//2041
f 2041//2041 1810//1810 1808//1808
f 2041//2041 1808//1808 2042//2042
f 2042//2042 1808//1808 1806//1806
f 2042//2042 1806//1806 2043//2043
f 2043//2043 1806//1806 1804//1804
f 2043//2043 1804//1804 2044//2044
f 2044//2044 1804//1804 1802//1802
f 2044//2044 1802//1802 1594//1594
f 1594//1594 1802//1802 1597//1597
f 1594//1594 1595//1595 2044//2044
f 2044//2044 1595//1595 1701//1701
f 2044//2044 1701//1701 2043//2043
f 2043//2043 1701//1701 1817//1817
f 2043//2043 1817//1817 2042//2042
f 2042//2042 1817//1817 1819//1819
f 2042//2042 1819//1819 2041//2041
f 2041//2041 1819//1819 1821//1821
f 2041//2041 1821//1821 2040//2040
f 2040//2040 1821//1821 1823//1823
f 2040//2040 1823//1823 2039//2039
f 2039//2039 1823//1823 1825//1825
f 2039//2039 1825//1825 2038//2038
f 2038//2038 1825//1825 1827//1827
f 2038//2038 1827//1827 2037//2037
f 2037//2037 1827//1827 1829//1829
f 2037//2037 1829//1829 341//341
f 341//341 1829//1829 342//342
f 1663//1663 339//339 1829//1829
f 1829//1829 339//339 343//343
f 1829//1829 343//343 342//342
f 337//337 340//340 2045//2045
f 2045//2045 340//340 1663//1663
f 2045//2045 1663//1663 2046//2046
f 2046//2046 1663//1663 1828//1828
f 2046//2046 1828//1828 2047//2047
f 2047//2047 1828//1828 1826//1826
f 2047//2047 1826//1826 2048//2048
f 2048//2048 1826//1826 1824//1824
f 2048//2048 1824//1824 2049//2049
f 2049//2049 1824//1824 1822//1822
f 2049//2049 1822//1822 2050//2050
f 2050//2050 1822//1822 1820//1820
f 2050//2050 1820//1820 2051//2051
f 2051//2051 1820//1820 1818//1818
f 2051//2051 1818//1818 1687//1687
f 1687//1687 1818//1818 1816//1816
f 1687//1687 1816//1816 1592//1592
f 1592//1592 1816//1816 1701//1701
f 1592//1592 1701//1701 1593//1593
f 1593//1593 1701//1701 1596//1596
f 1590//1590 1591//1591 1687//1687
f 1687//1687 1591//1591 2052//2052
f 1687//1687 2052//2052 2051//2051
f 2051//2051 2052//2052 2053//2053
f 2051//2051 2053//2053 2050//2050
f 2050//2050 2053//2053 2054//2054
f 2050//2050 2054//2054 2049//2049
f 2049//2049 2054//2054 2055//2055
f 2049//2049 2055//2055 2048//2048
f 2048//2048 2055//2055 2056//2056
f 2048//2048 2056//2056 2047//2047
f 2047//2047 2056//2056 2057//2057
f 2047//2047 2057//2057 2046//2046
f 2046//2046 2057//2057 2058//2058
f 2046//2046 2058//2058 2045//2045
f 2045//2045 2058//2058 1662//1662
f 2045//2045 1662//1662 337//337
f 337//337 1662//1662 335//335
f 332//332 334//334 1843//1843
f 1843//1843 334//334 1662//1662
f 1843//1843 1662//1662 1841//1841
f 1841//1841 1662//1662 2058//2058
f 1841//1841 2058//2058 1839//1839
f 1839//1839 2058//2058 2057//2057
f 1839//1839 2057//2057 1837//1837
f 1837//1837 2057//2057 2056//2056
f 1837//1837 2056//2056 1835//1835
f 1835//1835 2056//2056 2055//2055
f 1835//1835 2055//2055 1833//1833
f 1833//1833 2055//2055 2054//2054
f 1833//1833 2054//2054 1831//1831
f 1831//1831 2054//2054 2053//2053
f 1831//1831 2053//2053 1830//1830
f 1830//1830 2053//2053 2052//2052
f 1830//1830 2052//2052 1586//1586
f 1586//1586 2052//2052 1591//1591
f 1661//1661 329//329 1843//1843
f 1843//1843 329//329 331//331
f 1843//1843 331//331 332//332
f 325//325 324//324 2059//2059
f 2059//2059 324//324 1661//1661
f 2059//2059 1661//1661 2060//2060
f 2060//2060 1661//1661 1842//1842
f 2060//2060 1842//1842 2061//2061
f 2061//2061 1842//1842 1840//1840
f 2061//2061 1840//1840 2062//2062
f 2062//2062 1840//1840 1838//1838
f 2062//2062 1838//1838 2063//2063
f 2063//2063 1838//1838 1836//1836
f 2063//2063 1836//1836 2064//2064
f 2064//2064 1836//1836 1834//1834
f 2064//2064 1834//1834 2065//2065
f 2065//2065 1834//1834 1832//1832
f 2065//2065 1832//1832 2066//2066
f 2066//2066 1832//1832 1686//1686
f 2066//2066 1686//1686 1584//1584
f 1584//1584 1686//1686 1585//1585
f 1584//1584 1581//1581 2066//2066
f 2066//2066 1581//1581 1844//1844
f 2066//2066 1844//1844 2065//2065
f 2065//2065 1844//1844 1845//1845
f 2065//2065 1845//1845 2064//2064
f 2064//2064 1845//1845 1847//1847
f 2064//2064 1847//1847 2063//2063
f 2063//2063 1847//1847 1849//1849
f 2063//2063 1849//1849 2062//2062
f 2062//2062 1849//1849 1851//1851
f 2062//2062 1851//1851 2061//2061
f 2061//2061 1851//1851 1853//1853
f 2061//2061 1853//1853 2060//2060
f 2060//2060 1853//1853 1855//1855
f 2060//2060 1855//1855 2059//2059
f 2059//2059 1855//1855 1857//1857
f 2059//2059 1857//1857 325//325
f 325//325 1857//1857 327//327
f 1660//1660 322//322 1857//1857
f 1857//1857 322//322 328//328
f 1857//1857 328//328 327//327
f 320//320 323//323 2067//2067
f 2067//2067 323//323 1660//1660
f 2067//2067 1660//1660 2068//2068
f 2068//2068 1660//1660 1856//1856
f 2068//2068 1856//1856 2069//2069
f 2069//2069 1856//1856 1854//1854
f 2069//2069 1854//1854 2070//2070
f 2070//2070 1854//1854 1852//1852
f 2070//2070 1852//1852 2071//2071
f 2071//2071 1852//1852 1850//1850
f 2071//2071 1850//1850 2072//2072
f 2072//2072 1850//1850 1848//1848
f 2072//2072 1848//1848 2073//2073
f 2073//2073 1848//1848 1846//1846
f 2073//2073 1846//1846 2074//2074
f 2074//2074 1846//1846 1702//1702
f 1583//1583 1580//1580 1702//1702
f 1702//1702 1580//1580 1579//1579
f 1702//1702 1579//1579 2074//2074
f 2074//2074 1579//1579 1685//1685
f 2074//2074 1685//1685 2073//2073
f 2073//2073 1685//1685 2075//2075
f 2073//2073 2075//2075 2072//2072
f 2072//2072 2075//2075 2076//2076
f 2072//2072 2076//2076 2071//2071
f 2071//2071 2076//2076 2077//2077
f 2071//2071 2077//2077 2070//2070
f 2070//2070 2077//2077 2078//2078
f 2070//2070 2078//2078 2069//2069
f 2069//2069 2078//2078 2079//2079
f 2069//2069 2079//2079 2068//2068
f 2068//2068 2079//2079 2080//2080
f 2068//2068 2080//2080 2067//2067
f 2067//2067 2080//2080 1659//1659
f 2067//2067 1659//1659 320//320
f 320//320 1659//1659 318//318
f 315//315 317//317 1872//1872
f 1872//1872 317//317 1659//1659
f 1872//1872 1659//1659 1870//1870
f 1870//1870 1659//1659 2080//2080
f 1870//1870 2080//2080 1868//1868
f 1868//1868 2080//2080 2079//2079
f 1868//1868 2079//2079 1866//1866
f 1866//1866 2079//2079 2078//2078
f 1866//1866 2078//2078 1864//1864
f 1864//1864 2078//2078 2077//2077
f 1864//1864 2077//2077 1862//1862
f 1862//1862 2077//2077 2076//2076
f 1862//1862 2076//2076 1860//1860
f 1860//1860 2076//2076 2075//2075
f 1860//1860 2075//2075 1858//1858
f 1858//1858 2075//2075 1685//1685
f 1858//1858 1685//1685 1578//1578
f 1578//1578 1685//1685 1550//1550
f 1658//1658 312//312 1872//1872
f 1872//1872 312//312 314//314
f 1872//1872 314//314 315//315
f 308//308 307//307 2081//2081
f 2081//2081 307//307 1658//1658
f 2081//2081 1658//1658 2082//2082
f 2082//2082 1658//1658 1871//1871
f 2082//2082 1871//1871 2083//2083
f 2083//2083 1871//1871 1869//1869
f 2083//2083 1869//1869 2084//2084
f 2084//2084 1869//1869 1867//1867
f 2084//2084 1867//1867 2085//2085
f 2085//2085 1867//1867 1865//1865
f 2085//2085 1865//1865 2086//2086
f 2086//2086 1865//1865 1863//1863
f 2086//2086 1863//1863 2087//2087
f 2087//2087 1863//1863 1861//1861
f 2087//2087 1861//1861 1684//1684
f 1684//1684 1861//1861 1859//1859
f 1684//1684 1859//1859 1576//1576
f 1576//1576 1859//1859 1577//1577
f 1574//1574 1573//1573 1684//1684
f 1684//1684 1573//1573 1873//1873
f 1684//1684 1873//1873 2087//2087
f 2087//2087 1873//1873 1875//1875
f 2087//2087 1875//1875 2086//2086
f 2086//2086 1875//1875 1877//1877
f 2086//2086 1877//1877 2085//2085
f 2085//2085 1877//1877 1879//1879
f 2085//2085 1879//1879 2084//2084
f 2084//2084 1879//1879 1881//1881
f 2084//2084 1881//1881 2083//2083
f 2083//2083 1881//1881 1883//1883
f 2083//2083 1883//1883 2082//2082
f 2082//2082 1883//1883 1885//1885
f 2082//2082 1885//1885 2081//2081
f 2081//2081 1885//1885 1887//1887
f 2081//2081 1887//1887 308//308
f 308//308 1887//1887 310//310
f 1657//1657 305//305 1887//1887
f 1887//1887 305//305 311//311
f 1887//1887 311//311 310//310
f 303//303 306//306 2088//2088
f 2088//2088 306//306 1657//1657
f 2088//2088 1657//1657 2089//2089
f 2089//2089 1657//1657 1886//1886
f 2089//2089 1886//1886 2090//2090
f 2090//2090 1886//1886 1884//1884
f 2090//2090 1884//1884 2091//2091
f 2091//2091 1884//1884 1882//1882
f 2091//2091 1882//1882 2092//2092
f 2092//2092 1882//1882 1880//1880
f 2092//2092 1880//1880 2093//2093
f 2093//2093 1880//1880 1878//1878
f 2093//2093 1878//1878 2094//2094
f 2094//2094 1878//1878 1876//1876
f 2094//2094 1876//1876 1683//1683
f 1683//1683 1876//1876 1874//1874
f 1683//1683 1874//1874 1571//1571
f 1571//1571 1874//1874 1570//1570
f 1569//1569 1568//1568 1683//1683
f 1683//1683 1568//1568 2095//2095
f 1683//1683 2095//2095 2094//2094
f 2094//2094 2095//2095 2096//2096
f 2094//2094 2096//2096 2093//2093
f 2093//2093 2096//2096 2097//2097
f 2093//2093 2097//2097 2092//2092
f 2092//2092 2097//2097 2098//2098
f 2092//2092 2098//2098 2091//2091
f 2091//2091 2098//2098 2099//2099
f 2091//2091 2099//2099 2090//2090
f 2090//2090 2099//2099 2100//2100
f 2090//2090 2100//2100 2089//2089
f 2089//2089 2100//2100 2101//2101
f 2089//2089 2101//2101 2088//2088
f 2088//2088 2101//2101 1656//1656
f 2088//2088 1656//1656 303//303
f 303//303 1656//1656 301//301
f 298//298 300//300 1655//1655
f 1655//1655 300//300 1656//1656
f 1655//1655 1656//1656 2102//2102
f 2102//2102 1656//1656 2101//2101
f 2102//2102 2101//2101 2103//2103
f 2103//2103 2101//2101 2100//2100
f 2103//2103 2100//2100 2104//2104
f 2104//2104 2100//2100 2099//2099
f 2104//2104 2099//2099 2105//2105
f 2105//2105 2099//2099 2098//2098
f 2105//2105 2098//2098 2106//2106
f 2106//2106 2098//2098 2097//2097
f 2106//2106 2097//2097 2107//2107
f 2107//2107 2097//2097 2096//2096
f 2107//2107 2096//2096 1682//1682
f 1682//1682 2096//2096 2095//2095
f 1682//1682 2095//2095 1565//1565
f 1565//1565 2095//2095 1568//1568
f 295//295 297//297 1654//1654
f 1654//1654 297//297 1655//1655
f 1654//1654 1655//1655 2108//2108
f 2108//2108 1655//1655 2102//2102
f 2108//2108 2102//2102 2109//2109
f 2109//2109 2102//2102 2103//2103
f 2109//2109 2103//2103 2110//2110
f 2110//2110 2103//2103 2104//2104
f 2110//2110 2104//2104 2111//2111
f 2111//2111 2104//2104 2105//2105
f 2111//2111 2105//2105 2112//2112
f 2112//2112 2105//2105 2106//2106
f 2112//2112 2106//2106 2113//2113
f 2113//2113 2106//2106 2107//2107
f 2113//2113 2107//2107 2114//2114
f 2114//2114 2107//2107 1682//1682
f 2114//2114 1682//1682 1567//1567
f 1567//1567 1682//1682 1566//1566
f 290//290 293//293 2115//2115
f 2115//2115 293//293 1654//1654
f 2115//2115 1654//1654 2116//2116
f 2116//2116 1654//1654 2108//2108
f 2116//2116 2108//2108 2117//2117
f 2117//2117 2108//2108 2109//2109
f 2117//2117 2109//2109 2118//2118
f 2118//2118 2109//2109 2110//2110
f 2118//2118 2110//2110 2119//2119
f 2119//2119 2110//2110 2111//2111
f 2119//2119 2111//2111 2120//2120
f 2120//2120 2111//2111 2112//2112
f 2120//2120 2112//2112 2121//2121
f 2121//2121 2112//2112 2113//2113
f 2121//2121 2113//2113 2122//2122
f 2122//2122 2113//2113 2114//2114
f 2122//2122 2114//2114 1562//1562
f 1562//1562 2114//2114 1567//1567
f 1562//1562 1563//1563 2122//2122
f 2122//2122 1563//1563 1681//1681
f 2122//2122 1681//1681 2121//2121
f 2121//2121 1681//1681 1889//1889
f 2121//2121 1889//1889 2120//2120
f 2120//2120 1889//1889 1891//1891
f 2120//2120 1891//1891 2119//2119
f 2119//2119 1891//1891 1893//1893
f 2119//2119 1893//1893 2118//2118
f 2118//2118 1893//1893 1895//1895
f 2118//2118 1895//1895 2117//2117
f 2117//2117 1895//1895 1897//1897
f 2117//2117 1897//1897 2116//2116
f 2116//2116 1897//1897 1899//1899
f 2116//2116 1899//1899 2115//2115
f 2115//2115 1899//1899 1901//1901
f 2115//2115 1901//1901 290//290
f 290//290 1901//1901 291//291
f 1653//1653 288//288 1901//1901
f 1901//1901 288//288 292//292
f 1901//1901 292//292 291//291
f 286//286 289//289 2123//2123
f 2123//2123 289//289 1653//1653
f 2123//2123 1653//1653 2124//2124
f 2124//2124 1653//1653 1900//1900
f 2124//2124 1900//1900 2125//2125
f 2125//2125 1900//1900 1898//1898
f 2125//2125 1898//1898 2126//2126
f 2126//2126 1898//1898 1896//1896
f 2126//2126 1896//1896 2127//2127
f 2127//2127 1896//1896 1894//1894
f 2127//2127 1894//1894 2128//2128
f 2128//2128 1894//1894 1892//1892
f 2128//2128 1892//1892 2129//2129
f 2129//2129 1892//1892 1890//1890
f 2129//2129 1890//1890 2130//2130
f 2130//2130 1890//1890 1888//1888
f 2130//2130 1888//1888 1557//1557
f 1557//1557 1888//1888 1560//1560
f 1557//1557 1558//1558 2130//2130
f 2130//2130 1558//1558 1680//1680
f 2130//2130 1680//1680 2129//2129
f 2129//2129 1680//1680 2131//2131
f 2129//2129 2131//2131 2128//2128
f 2128//2128 2131//2131 2132//2132
f 2128//2128 2132//2132 2127//2127
f 2127//2127 2132//2132 2133//2133
f 2127//2127 2133//2133 2126//2126
f 2126//2126 2133//2133 2134//2134
f 2126//2126 2134//2134 2125//2125
f 2125//2125 2134//2134 2135//2135
f 2125//2125 2135//2135 2124//2124
f 2124//2124 2135//2135 2136//2136
f 2124//2124 2136//2136 2123//2123
f 2123//2123 2136//2136 1652//1652
f 2123//2123 1652//1652 286//286
f 286//286 1652//1652 284//284
f 190//190 191//191 1651//1651
f 1651//1651 191//191 1652//1652
f 1651//1651 1652//1652 2137//2137
f 2137//2137 1652//1652 2136//2136
f 2137//2137 2136//2136 2138//2138
f 2138//2138 2136//2136 2135//2135
f 2138//2138 2135//2135 2139//2139
f 2139//2139 2135//2135 2134//2134
f 2139//2139 2134//2134 2140//2140
f 2140//2140 2134//2134 2133//2133
f 2140//2140 2133//2133 2141//2141
f 2141//2141 2133//2133 2132//2132
f 2141//2141 2132//2132 2142//2142
f 2142//2142 2132//2132 2131//2131
f 2142//2142 2131//2131 2143//2143
f 2143//2143 2131//2131 1680//1680
f 2143//2143 1680//1680 1555//1555
f 1555//1555 1680//1680 1556//1556
f 195//195 194//194 2144//2144
f 2144//2144 194//194 1651//1651
f 2144//2144 1651//1651 2145//2145
f 2145//2145 1651//1651 2137//2137
f 2145//2145 2137//2137 2146//2146
f 2146//2146 2137//2137 2138//2138
f 2146//2146 2138//2138 2147//2147
f 2147//2147 2138//2138 2139//2139
f 2147//2147 2139//2139 2148//2148
f 2148//2148 2139//2139 2140//2140
f 2148//2148 2140//2140 2149//2149
f 2149//2149 2140//2140 2141//2141
f 2149//2149 2141//2141 2150//2150
f 2150//2150 2141//2141 2142//2142
f 2150//2150 2142//2142 1679//1679
f 1679//1679 2142//2142 2143//2143
f 1679//1679 2143//2143 1552//1552
f 1552//1552 2143//2143 1555//1555
f 1553//1553 1902//1902 1679//1679
f 1679//1679 1902//1902 1903//1903
f 1679//1679 1903//1903 2150//2150
f 2150//2150 1903//1903 1904//1904
f 2150//2150 1904//1904 2149//2149
f 2149//2149 1904//1904 1905//1905
f 2149//2149 1905//1905 2148//2148
f 2148//2148 1905//1905 1906//1906
f 2148//2148 1906//1906 2147//2147
f 2147//2147 1906//1906 1907//1907
f 2147//2147 1907//1907 2146//2146
f 2146//2146 1907//1907 1908//1908
f 2146//2146 1908//1908 2145//2145
f 2145//2145 1908//1908 1909//1909
f 2145//2145 1909//1909 2144//2144
f 2144//2144 1909//1909 1910//1910
f 2144//2144 1910//1910 195//195
f 195//195 1910//1910 1911//1911
# 4268 faces, 0 coords texture

# End of File
