<?xml version="1.0" encoding="UTF-8"?>
<COLLADA xmlns="http://www.collada.org/2005/11/COLLADASchema" version="1.4.1">
    <asset>
        <contributor>
            <author>VCGLab</author>
            <authoring_tool>VCGLib | MeshLab</authoring_tool>
        </contributor>
        <created>周一 7月 4 08:23:35 2022 GMT</created>
        <modified>周一 7月 4 08:23:35 2022 GMT</modified>
        <up_axis>Y_UP</up_axis>
    </asset>
    <library_geometries>
        <geometry id="shape0-lib" name="shape0">
            <mesh>
                <source id="shape0-lib-positions" name="position">
                    <float_array id="shape0-lib-positions-array" count="6450">0.00215681 -0.0460664 0.079 0.00262315 -0.0441833 0.079 0.0034463 -0.0444594 0.078924 0.00979282 -0.04187 0.0760394 0.00987873 -0.0419728 0.0757101 0.00896139 -0.0427156 0.0757101 0.0103896 -0.041726 0.0755264 0.0109994 -0.0415917 0.0748682 0.0100061 -0.042159 0.0748682 0.012029 -0.0412832 0.0740105 0.01204 -0.04128 0.074 0.0110317 -0.0416605 0.074 0.0111233 -0.0415364 0.074862 0.0101865 -0.041776 0.0757041 0.00923677 -0.0419962 0.0764894 0.0087831 -0.0420934 0.0768338 0.00870721 -0.042449 0.0765 0.00842611 -0.0421663 0.0770892 0.00788192 -0.0433744 0.0765 0.00825482 -0.0422002 0.0772066 0.00668257 -0.0424776 0.0781203 0.00699156 -0.0427013 0.0778302 0.00644046 -0.0425149 0.0782336 0.00622933 -0.0438998 0.0778302 0.00622783 -0.0425466 0.078327 0.0055979 -0.0435666 0.0783301 0.00522791 -0.042681 0.078687 0.005189 -0.0426858 0.0786983 0.00489929 -0.043198 0.0786985 0.00484915 -0.0427257 0.0787887 0.00415472 -0.0428051 0.078924 0.00412418 -0.0428018 0.078929 0.00314481 -0.0428848 0.079 0.00373454 -0.0428375 0.078974 0.002 -0.048 0.079 0.00278217 -0.048 0.0789384 0.00301371 -0.0462063 0.078924 0.00286824 -0.048 0.078924 0.00354508 -0.048 0.0787553 0.00384457 -0.0463419 0.0786985 0.0037101 -0.048 0.0786985 0.00426995 -0.048 0.078455 0.00462414 -0.0464692 0.0783301 0.0045 -0.048 0.0783301 0.00424444 -0.0447272 0.0786985 0.00499333 -0.0449784 0.0783301 0.00567019 -0.0452055 0.0778302 0.00532875 -0.0465843 0.0778302 0.00583022 -0.048 0.0772139 0.00553553 -0.048 0.0775355 0.00521394 -0.048 0.0778302 0.00493893 -0.048 0.0780451 0.00748315 -0.0430729 0.0772139 0.00677439 -0.0441874 0.0772139 0.00625447 -0.0454015 0.0772139 0.00593698 -0.0466836 0.0772139 0.0076227 -0.042319 0.0776102 0.00721652 -0.0444207 0.0765 0.00672842 -0.0455605 0.0765 0.00643035 -0.0467641 0.0765 0.00669846 -0.048 0.0757101 0.00645503 -0.048 0.0762699 0.00633013 -0.048 0.0765 0.00604508 -0.048 0.0769389 0.00817573 -0.0435966 0.0757101 0.00754229 -0.0445926 0.0757101 0.00707762 -0.0456777 0.0757101 0.00679388 -0.0468235 0.0757101 0.00911705 -0.0428789 0.0748682 0.00835567 -0.0437326 0.0748682 0.0077418 -0.0446979 0.0748682 0.00729149 -0.0457494 0.0748682 0.0070165 -0.0468598 0.0748682 0.007 -0.048 0.074 0.00693844 -0.048 0.0747822 0.00692404 -0.048 0.0748682 0.00675528 -0.048 0.0755451 0.0100489 -0.0422217 0.074 0.00916947 -0.0429338 0.074 0.00841626 -0.0437784 0.074 0.00780898 -0.0447333 0.074 0.0073635 -0.0457736 0.074 0.00709147 -0.0468721 0.074 0.00215681 0.0460664 0.079 0.002 0.048 0.079 0.00286824 0.048 0.078924 0.00262315 0.0441833 0.079 0.00301371 0.0462063 0.078924 0.0105167 0.0416941 0.0754136 0.0109994 0.0415917 0.0748682 0.0111218 0.0415368 0.0748633 0.00979012 0.0418707 0.0760417 0.00987873 0.0419728 0.0757101 0.0101906 0.041775 0.0757006 0.00667351 0.042479 0.0781246 0.00699156 0.0427013 0.0778302 0.00725193 0.0423841 0.0778245 0.00314481 0.0428848 0.079 0.0034463 0.0444594 0.078924 0.00519997 0.0426844 0.0786952 0.00484915 0.0427257 0.0787887 0.00489929 0.043198 0.0786985 0.00426841 0.0427876 0.0789069 0.00415472 0.0428051 0.078924 0.0041615 0.0427982 0.0789236 0.00618366 0.0425531 0.0783456 0.0055979 0.0435666 0.0783301 0.00622208 0.0425475 0.0783294 0.00752461 0.0423365 0.0776685 0.00748315 0.0430729 0.0772139 0.00825656 0.0421999 0.0772054 0.00842488 0.0421666 0.07709 0.00870721 0.042449 0.0765 0.0087831 0.0420934 0.0768338 0.00923806 0.0419959 0.0764884 0.012029 0.0412832 0.0740105 0.0110317 0.0416605 0.074 0.01204 0.04128 0.074 0.0100061 0.042159 0.0748682 0.0100489 0.0422217 0.074 0.00896139 0.0427156 0.0757101 0.00911705 0.0428789 0.0748682 0.00916947 0.0429338 0.074 0.00788192 0.0433744 0.0765 0.00817573 0.0435966 0.0757101 0.00835567 0.0437326 0.0748682 0.00841626 0.0437784 0.074 0.00622933 0.0438998 0.0778302 0.00677439 0.0441874 0.0772139 0.00721652 0.0444207 0.0765 0.00754229 0.0445926 0.0757101 0.0077418 0.0446979 0.0748682 0.00780898 0.0447333 0.074 0.00424444 0.0447272 0.0786985 0.00499333 0.0449784 0.0783301 0.00567019 0.0452055 0.0778302 0.00625447 0.0454015 0.0772139 0.00672842 0.0455605 0.0765 0.00707762 0.0456777 0.0757101 0.00729149 0.0457494 0.0748682 0.0073635 0.0457736 0.074 0.00384457 0.0463419 0.0786985 0.00462414 0.0464692 0.0783301 0.00532875 0.0465843 0.0778302 0.00593698 0.0466836 0.0772139 0.00643035 0.0467641 0.0765 0.00679388 0.0468235 0.0757101 0.0070165 0.0468598 0.0748682 0.00709147 0.0468721 0.074 0.0037101 0.048 0.0786985 0.0045 0.048 0.0783301 0.00521394 0.048 0.0778302 0.00583022 0.048 0.0772139 0.00633013 0.048 0.0765 0.00669846 0.048 0.0757101 0.00692404 0.048 0.0748682 0.007 0.048 0.074 0.01 -0.048 0.025 0.01 -0.048 0.0817 0.01 -0.0495 0.0817 0.01 -0.0572 0.025 0.01 -0.0572 0.074 0.01 -0.057083 0.0753371 0.01 -0.0567356 0.0766336 0.01 -0.0561684 0.07785 0.01 -0.0508371 0.081583 0.01 -0.0521336 0.0812356 0.01 -0.05335 0.0806684 0.01 -0.0544495 0.0798985 0.01 -0.0553985 0.0789495 0.0100516 -0.0473593 0.025 0.0100523 -0.0473555 0.0817 0.0102053 -0.0467351 0.025 0.0102077 -0.0467278 0.0817 0.0104569 -0.0461436 0.025 0.0104623 -0.0461333 0.0817 0.0108 -0.0456 0.025 0.0108093 -0.0455877 0.0817 0.0112258 -0.0451184 0.025 0.0112397 -0.0451051 0.0817 0.0117232 -0.0447112 0.025 0.0117422 -0.0446981 0.0817 0.0122794 -0.044389 0.025 0.0123038 -0.0443774 0.0817 0.01288 -0.04416 0.025 0.01288 -0.04416 0.0817 0.0129597 -0.0441367 0.025 0.00654648 -0.0455318 0.082 0.0114202 -0.0445598 0.082 0.00925973 -0.0450584 0.1008 0.0129597 -0.0441367 0.1008 0.0116135 -0.0445098 0.0819281 0.0122816 -0.0443301 0.0817522 0.00654648 -0.0455318 0.1008 0.00465374 -0.045764 0.1008 5.63338e-18 -0.046 0.082 5.63338e-18 -0.046 0.1008 -0.00465374 -0.045764 0.1008 -0.00654648 -0.0455318 0.082 -0.0129597 -0.0441367 0.1008 -0.0129597 -0.0441367 0.082 -0.00925973 -0.0450584 0.1008 -0.00654648 -0.0455318 0.1008 -0.0137707 -0.0438904 0.1008 -0.0181404 -0.0422721 0.1008 -0.0191091 -0.0418431 0.082 -0.0248695 -0.0386977 0.1008 -0.0248695 -0.0386977 0.082 -0.0223239 -0.0402199 0.1008 -0.0191091 -0.0418431 0.1008 -0.0262783 -0.0377551 0.1008 -0.0299631 -0.0349029 0.1008 -0.0301236 -0.0347645 0.082 -0.0301236 -0.0347645 0.1008 -0.0333405 -0.0316925 0.1008 -0.0347645 -0.0301236 0.082 -0.0386977 -0.0248695 0.1008 -0.0386977 -0.0248695 0.082 -0.0363757 -0.0281569 0.1008 -0.0347645 -0.0301236 0.1008 -0.0390376 -0.0243323 0.1008 -0.041299 -0.0202581 0.1008 -0.0418431 -0.0191091 0.082 -0.0441367 -0.0129597 0.1008 -0.0441367 -0.0129597 0.082 -0.0431366 -0.015976 0.1008 -0.0418431 -0.0191091 0.1008 -0.0445315 -0.01153 0.1008 -0.0454695 -0.00696568 0.1008 -0.0455318 -0.00654648 0.082 -0.0455318 -0.00654648 0.1008 -0.045941 -0.00232986 0.1008 -0.046 -8.45006e-18 0.082 -0.0455318 0.00654648 0.1008 -0.0455318 0.00654648 0.082 -0.045941 0.00232986 0.1008 -0.046 -8.41577e-18 0.1008 -0.0454695 0.00696568 0.1008 -0.0445315 0.01153 0.1008 -0.0441367 0.0129597 0.082 -0.0418431 0.0191091 0.1008 -0.0418431 0.0191091 0.082 -0.0431366 0.015976 0.1008 -0.0441367 0.0129597 0.1008 -0.041299 0.0202581 0.1008 -0.0390376 0.0243323 0.1008 -0.0386977 0.0248695 0.082 -0.0386977 0.0248695 0.1008 -0.0363757 0.0281569 0.1008 -0.0347645 0.0301236 0.082 -0.0301236 0.0347645 0.1008 -0.0301236 0.0347645 0.082 -0.0333405 0.0316925 0.1008 -0.0347645 0.0301236 0.1008 -0.0299631 0.0349029 0.1008 -0.0262783 0.0377551 0.1008 -0.0248695 0.0386977 0.082 -0.0191091 0.0418431 0.1008 -0.0191091 0.0418431 0.082 -0.0223239 0.0402199 0.1008 -0.0248695 0.0386977 0.1008 -0.0181404 0.0422721 0.1008 -0.0137707 0.0438904 0.1008 -0.0129597 0.0441367 0.082 -0.0129597 0.0441367 0.1008 -0.00925973 0.0450584 0.1008 -0.00654648 0.0455318 0.082 -0.00654648 0.0455318 0.1008 -0.00465374 0.045764 0.1008 -1.12668e-17 0.046 0.082 0.012248 0.0443394 0.081814 0.0116135 0.0445098 0.0819281 0.0114202 0.0445598 0.082 0.01288 0.04416 0.0817 0.00654648 0.0455318 0.1008 0.00925973 0.0450584 0.1008 0.0129597 0.0441367 0.1008 0.0129597 0.0441367 0.025 0.01288 0.04416 0.025 0 0.046 0.1008 0.00465374 0.045764 0.1008 0.00654648 0.0455318 0.082 0.0122816 0.0443301 0.0817522 0.0137707 -0.0438904 0.1008 0.0191091 -0.0418431 0.025 0.0181404 -0.0422721 0.1008 0.0248695 -0.0386977 0.025 0.0223239 -0.0402199 0.1008 0.0191091 -0.0418431 0.1008 0.0299631 -0.0349029 0.1008 0.0262783 -0.0377551 0.1008 0.0248695 -0.0386977 0.1008 0.0301236 -0.0347645 0.1008 0.0301236 -0.0347645 0.025 0.0333405 -0.0316925 0.1008 0.0347645 -0.0301236 0.025 0.0347645 -0.0301236 0.1008 0.0363757 -0.0281569 0.1008 0.0386977 -0.0248695 0.025 0.0386977 -0.0248695 0.1008 0.0390376 -0.0243323 0.1008 0.0418431 -0.0191091 0.025 0.041299 -0.0202581 0.1008 0.0441367 -0.0129597 0.025 0.0431366 -0.015976 0.1008 0.0418431 -0.0191091 0.1008 0.0455318 -0.00654648 0.1008 0.0454695 -0.00696568 0.1008 0.0455318 -0.00654648 0.025 0.0445315 -0.01153 0.1008 0.0441367 -0.0129597 0.1008 0.045941 -0.00232986 0.1008 0.046 -7.39736e-18 0.025 0.046 -7.37257e-18 0.1008 0.045941 0.00232986 0.1008 0.0455318 0.00654648 0.025 0.0455318 0.00654648 0.1008 0.0454695 0.00696568 0.1008 0.0441367 0.0129597 0.025 0.0445315 0.01153 0.1008 0.0418431 0.0191091 0.025 0.0431366 0.015976 0.1008 0.0441367 0.0129597 0.1008 0.0386977 0.0248695 0.1008 0.0390376 0.0243323 0.1008 0.0386977 0.0248695 0.025 0.041299 0.0202581 0.1008 0.0418431 0.0191091 0.1008 0.0363757 0.0281569 0.1008 0.0347645 0.0301236 0.025 0.0347645 0.0301236 0.1008 0.0333405 0.0316925 0.1008 0.0301236 0.0347645 0.025 0.0301236 0.0347645 0.1008 0.0299631 0.0349029 0.1008 0.0248695 0.0386977 0.025 0.0262783 0.0377551 0.1008 0.0191091 0.0418431 0.025 0.0223239 0.0402199 0.1008 0.0248695 0.0386977 0.1008 0.0137707 0.0438904 0.1008 0.0181404 0.0422721 0.1008 0.0191091 0.0418431 0.1008 0.0122794 0.044389 0.025 0.0123038 0.0443774 0.0817 0.0117232 0.0447112 0.025 0.0117422 0.0446981 0.0817 0.0112258 0.0451184 0.025 0.0112397 0.0451051 0.0817 0.0108 0.0456 0.025 0.0108093 0.0455877 0.0817 0.0104569 0.0461436 0.025 0.0104623 0.0461333 0.0817 0.0102053 0.0467351 0.025 0.0102077 0.0467278 0.0817 0.0100516 0.0473593 0.025 0.0100523 0.0473555 0.0817 0.01 0.048 0.025 0.01 0.048 0.0817 0.01 0.0495 0.0817 0.01 0.0572 0.025 0.01 0.0572 0.074 0.01 0.057083 0.0753371 0.01 0.0553985 0.0789495 0.01 0.0544495 0.0798985 0.01 0.05335 0.0806684 0.01 0.0521336 0.0812356 0.01 0.0508371 0.081583 0.01 0.0567356 0.0766336 0.01 0.0561684 0.07785 -0.13 0.0575 0.074 -0.13 0.0575 0.000299998 -0.132846 0.0572964 0.074 -0.133473 0.0571962 0.000299998 -0.13684 0.0562939 0.000299998 -0.135635 0.0566899 0.074 -0.133473 0.0571962 0.074 -0.14 0.0548205 0.000299998 -0.138308 0.0556926 0.074 -0.13684 0.0562939 0.074 -0.142856 0.0528209 0.000299998 -0.140813 0.0543251 0.074 -0.14 0.0548205 0.074 -0.145115 0.0505972 0.074 -0.143097 0.052615 0.074 -0.142856 0.0528209 0.074 -0.145321 0.0503558 0.074 -0.145321 0.0503558 0.000299998 -0.146825 0.0483128 0.074 -0.147321 0.0475 0.000299998 -0.147321 0.0475 0.074 -0.148193 0.0458083 0.074 -0.148794 0.0443404 0.000299998 -0.148794 0.0443404 0.074 -0.14919 0.0431347 0.074 -0.149696 0.040973 0.000299998 -0.149696 0.040973 0.074 -0.149796 0.0403463 0.074 -0.15 0.0375 0.000299998 -0.15 0.0375 0.074 -0.15 -0.0375 0.000299998 -0.15 -0.0375 0.074 -0.149796 -0.0403463 0.074 -0.149696 -0.040973 0.000299998 -0.148794 -0.0443404 0.000299998 -0.14919 -0.0431347 0.074 -0.149696 -0.040973 0.074 -0.147321 -0.0475 0.000299998 -0.148193 -0.0458083 0.074 -0.148794 -0.0443404 0.074 -0.145321 -0.0503558 0.000299998 -0.146825 -0.0483128 0.074 -0.147321 -0.0475 0.074 -0.143097 -0.052615 0.074 -0.145115 -0.0505972 0.074 -0.145321 -0.0503558 0.074 -0.142856 -0.0528209 0.074 -0.142856 -0.0528209 0.000299998 -0.140813 -0.0543251 0.074 -0.14 -0.0548205 0.000299998 -0.14 -0.0548205 0.074 -0.138308 -0.0556926 0.074 -0.13684 -0.0562939 0.000299998 -0.13684 -0.0562939 0.074 -0.135635 -0.0566899 0.074 -0.133473 -0.0571962 0.000299998 -0.133473 -0.0571962 0.074 -0.132846 -0.0572964 0.074 -0.13 -0.0575 0.000299998 -0.13 -0.0575 0.074 0.0165756 -0.0575 0.000299998 0.0165756 -0.0575 0.0247 0.0097 -0.0575 0.0247 0.0097 -0.0575 0.074 0.0165756 0.0575 0.0247 0.0165756 0.0575 0.000299998 0.0097 0.0575 0.0247 0.0097 0.0575 0.074 0.01057 0.0454067 0.082 0.0110327 0.0448879 0.082 0.0101969 -0.0459933 0.082 0.00992329 -0.0466323 0.082 0.00975619 -0.0473071 0.082 0.01057 -0.0454067 0.082 0.0110327 -0.0448879 0.082 0.0097 -0.048 0.082 0 -0.046 0.082 0.0097 -0.0495 0.082 -0.13 -0.0495 0.082 -0.141514 -0.0408808 0.082 -0.141878 -0.0392078 0.082 -0.142 -0.0375 0.082 -0.142 0.0375 0.082 -0.13 0.0495 0.082 -0.046 -6.93889e-18 0.082 -0.141878 0.0392078 0.082 -0.139069 0.0453583 0.082 -0.140095 0.0439877 0.082 0.0097 0.0495 0.082 0.0097 0.048 0.082 0.00975619 0.0473071 0.082 0 0.046 0.082 0.00992329 0.0466323 0.082 0.0101969 0.0459933 0.082 -0.140916 -0.042485 0.082 -0.140095 -0.0439877 0.082 -0.139069 -0.0453583 0.082 -0.140916 0.042485 0.082 -0.141514 0.0408808 0.082 -0.137858 -0.046569 0.082 -0.136488 -0.047595 0.082 -0.134985 -0.0484156 0.082 -0.131708 -0.0493779 0.082 -0.133381 -0.0490139 0.082 -0.133381 0.0490139 0.082 -0.134985 0.0484156 0.082 -0.136488 0.047595 0.082 -0.137858 0.046569 0.082 -0.131708 0.0493779 0.082 0.0588911 0.00358314 0 0.060588 0.00368638 0 0.0588911 -0.00358314 0 0.060588 -0.00368638 0 0.0580223 -0.0106965 0 0.0596941 -0.0110048 0 0.0562974 -0.0176522 0 0.0579196 -0.0181608 0 0.053742 -0.0243473 0 0.0552905 -0.0250489 0 0.0503938 -0.0306833 0 0.0518458 -0.0315674 0 0.0463021 -0.0365666 0 0.0476362 -0.0376202 0 0.0415273 -0.0419105 0 0.0427238 -0.0431181 0 0.0361398 -0.046636 0 0.0371811 -0.0479797 0 0.0302191 -0.0506735 0 0.0310899 -0.0521336 0 0.0238527 -0.0539634 0 0.02454 -0.0555183 0 0.0215061 -0.0548116 0 0.0219717 -0.0564465 0 0.0190647 -0.0553271 0 0.0192998 -0.0570107 0 0.0165756 -0.0555 0 0.0165756 -0.0572 0 -0.13 -0.0555 0 -0.13 -0.0572 0 -0.133126 -0.0552265 0 -0.133421 -0.0569007 0 -0.136156 -0.0544145 0 -0.136738 -0.0560119 0 -0.139 -0.0530885 0 -0.13985 -0.0545607 0 -0.14157 -0.0512888 0 -0.142663 -0.0525911 0 -0.143789 -0.0490702 0 -0.145091 -0.0501629 0 -0.145588 -0.0465 0 -0.147061 -0.04735 0 -0.146914 -0.0436564 0 -0.148512 -0.0442378 0 -0.147727 -0.0406257 0 -0.149401 -0.0409209 0 -0.148 -0.0375 0 -0.1497 -0.0375 0 -0.148 0.0375 0 -0.1497 0.0375 0 -0.147727 0.0406257 0 -0.149401 0.0409209 0 -0.146914 0.0436564 0 -0.148512 0.0442378 0 -0.145588 0.0465 0 -0.147061 0.04735 0 -0.143789 0.0490702 0 -0.145091 0.0501629 0 -0.14157 0.0512888 0 -0.142663 0.0525911 0 -0.139 0.0530885 0 -0.13985 0.0545607 0 -0.136156 0.0544145 0 -0.136738 0.0560119 0 -0.133126 0.0552265 0 -0.133421 0.0569007 0 -0.13 0.0555 0 -0.13 0.0572 0 0.0165756 0.0555 0 0.0165756 0.0572 0 0.0190647 0.0553271 0 0.0192998 0.0570107 0 0.0215061 0.0548116 0 0.0219717 0.0564465 0 0.0238527 0.0539634 0 0.02454 0.0555183 0 0.0302191 0.0506735 0 0.0310899 0.0521336 0 0.0361398 0.046636 0 0.0371811 0.0479797 0 0.0415273 0.0419105 0 0.0427238 0.0431181 0 0.0463021 0.0365666 0 0.0476362 0.0376202 0 0.0503938 0.0306833 0 0.0518458 0.0315674 0 0.053742 0.0243473 0 0.0552905 0.0250489 0 0.0562974 0.0176522 0 0.0579196 0.0181608 0 0.0580223 0.0106965 0 0.0596941 0.0110048 0 0.0193413 -0.0573078 0.000299998 0.0193413 -0.0573078 0.0247 0.0220539 -0.0567351 0.000299998 0.0220539 -0.0567351 0.0247 0.0246612 -0.0557927 0.000299998 0.0246612 -0.0557927 0.0247 0.0312435 -0.0523912 0.000299998 0.0312435 -0.0523912 0.0247 0.0373649 -0.0482169 0.000299998 0.0373649 -0.0482169 0.0247 0.042935 -0.0433312 0.000299998 0.042935 -0.0433312 0.0247 0.0478716 -0.0378062 0.000299998 0.0478716 -0.0378062 0.0247 0.0521021 -0.0317234 0.000299998 0.0521021 -0.0317234 0.0247 0.0555638 -0.0251727 0.000299998 0.0555638 -0.0251727 0.0247 0.0582058 -0.0182505 0.000299998 0.0582058 -0.0182505 0.0247 0.0599891 -0.0110591 0.000299998 0.0599891 -0.0110591 0.0247 0.0608874 -0.0037046 0.000299998 0.0608874 -0.0037046 0.0247 0.0608874 0.0037046 0.000299998 0.0608874 0.0037046 0.0247 0.0599891 0.0110591 0.000299998 0.0599891 0.0110591 0.0247 0.0582058 0.0182505 0.000299998 0.0582058 0.0182505 0.0247 0.0555638 0.0251727 0.000299998 0.0555638 0.0251727 0.0247 0.0521021 0.0317234 0.000299998 0.0521021 0.0317234 0.0247 0.0478716 0.0378062 0.000299998 0.0478716 0.0378062 0.0247 0.042935 0.0433312 0.000299998 0.042935 0.0433312 0.0247 0.0373649 0.0482169 0.000299998 0.0373649 0.0482169 0.0247 0.0312435 0.0523912 0.000299998 0.0312435 0.0523912 0.0247 0.0246612 0.0557927 0.000299998 0.0246612 0.0557927 0.0247 0.0220539 0.0567351 0.000299998 0.0220539 0.0567351 0.0247 0.0193413 0.0573078 0.000299998 0.0193413 0.0573078 0.0247 0.0165756 0.0572 0.025 0.02454 -0.0555183 0.025 0.0310899 -0.0521336 0.025 0.0192998 0.0570107 0.025 0.0219717 0.0564465 0.025 0.0427238 0.0431181 0.025 0.0371811 0.0479797 0.025 0.0310899 0.0521336 0.025 0.02454 0.0555183 0.025 0.0165756 -0.0572 0.025 0.0192998 -0.0570107 0.025 0.0219717 -0.0564465 0.025 0.0371811 -0.0479797 0.025 0.0427238 -0.0431181 0.025 0.0476362 -0.0376202 0.025 0.0518458 -0.0315674 0.025 0.0552905 -0.0250489 0.025 0.0579196 -0.0181608 0.025 0.0596941 -0.0110048 0.025 0.046 -6.93889e-18 0.025 0.060588 -0.00368638 0.025 0.060588 0.00368638 0.025 0.0596941 0.0110048 0.025 0.0579196 0.0181608 0.025 0.0552905 0.0250489 0.025 0.0518458 0.0315674 0.025 0.0476362 0.0376202 0.025 -0.13 -0.0508892 0.0818785 0.0097 -0.0508892 0.0818785 -0.13 -0.0522362 0.0815175 0.0097 -0.0522362 0.0815175 -0.13 -0.0535 0.0809282 0.0097 -0.0535 0.0809282 -0.13 -0.0546423 0.0801284 0.0097 -0.0546423 0.0801284 -0.13 -0.0556284 0.0791423 0.0097 -0.0556284 0.0791423 -0.13 -0.0564282 0.078 0.0097 -0.0564282 0.078 -0.13 -0.0570175 0.0767362 0.0097 -0.0570175 0.0767362 -0.13 -0.0573785 0.0753892 0.0097 -0.0573785 0.0753892 -0.149073 -0.0431004 0.0753892 -0.148082 -0.0457578 0.0753892 -0.145023 -0.0505176 0.0753892 -0.140747 -0.0542228 0.0753892 -0.138258 -0.0555821 0.0753892 -0.132829 -0.0571761 0.0753892 -0.133772 -0.0503468 0.0818785 -0.135562 -0.0496792 0.0818785 -0.134152 -0.0516392 0.0815175 -0.136122 -0.0509045 0.0815175 -0.134508 -0.0528519 0.0809282 -0.136647 -0.0520541 0.0809282 -0.13483 -0.0539479 0.0801284 -0.137121 -0.0530932 0.0801284 -0.135107 -0.054894 0.0791423 -0.137531 -0.0539901 0.0791423 -0.135333 -0.0556615 0.078 -0.137863 -0.0547177 0.078 -0.135499 -0.0562269 0.0767362 -0.138108 -0.0552538 0.0767362 -0.1356 -0.0565732 0.0753892 -0.141264 -0.0447387 0.0818785 -0.142179 -0.0430621 0.0818785 -0.142397 -0.045467 0.0815175 -0.143404 -0.0436216 0.0815175 -0.14346 -0.0461503 0.0809282 -0.144554 -0.0441466 0.0809282 -0.144421 -0.0467678 0.0801284 -0.145593 -0.0446212 0.0801284 -0.145251 -0.0473009 0.0791423 -0.14649 -0.0450308 0.0791423 -0.145923 -0.0477334 0.078 -0.147218 -0.0453631 0.078 -0.146419 -0.048052 0.0767362 -0.147754 -0.0456079 0.0767362 -0.146723 -0.0482471 0.0753892 -0.131905 -0.0507529 0.0818785 -0.132097 -0.0520862 0.0815175 -0.132277 -0.0533371 0.0809282 -0.13244 -0.0544678 0.0801284 -0.13258 -0.0554438 0.0791423 -0.132694 -0.0562355 0.078 -0.132778 -0.0568189 0.0767362 -0.140552 -0.0539192 0.0767362 -0.140233 -0.0534234 0.078 -0.139801 -0.0527505 0.0791423 -0.139268 -0.051921 0.0801284 -0.13865 -0.0509601 0.0809282 -0.137967 -0.0498968 0.0815175 -0.137239 -0.0487637 0.0818785 -0.143018 -0.0525231 0.0753892 -0.142781 -0.0522504 0.0767362 -0.142395 -0.051805 0.078 -0.141872 -0.0512005 0.0791423 -0.141226 -0.0504553 0.0801284 -0.140478 -0.049592 0.0809282 -0.13965 -0.0486368 0.0815175 -0.138768 -0.0476189 0.0818785 -0.140119 -0.0462681 0.0818785 -0.141137 -0.0471501 0.0815175 -0.142092 -0.0479778 0.0809282 -0.142955 -0.0487258 0.0801284 -0.1437 -0.0493715 0.0791423 -0.144305 -0.0498953 0.078 -0.14475 -0.0502813 0.0767362 -0.148727 -0.0429987 0.0767362 -0.148161 -0.0428327 0.078 -0.147394 -0.0426073 0.0791423 -0.146448 -0.0423295 0.0801284 -0.145352 -0.0420077 0.0809282 -0.144139 -0.0416517 0.0815175 -0.142847 -0.0412722 0.0818785 -0.149676 -0.040329 0.0753892 -0.149319 -0.0402776 0.0767362 -0.148736 -0.0401938 0.078 -0.147944 -0.0400799 0.0791423 -0.146968 -0.0399396 0.0801284 -0.145837 -0.039777 0.0809282 -0.144586 -0.0395972 0.0815175 -0.143253 -0.0394055 0.0818785 -0.143389 -0.0375 0.0818785 -0.144736 -0.0375 0.0815175 -0.146 -0.0375 0.0809282 -0.147142 -0.0375 0.0801284 -0.148128 -0.0375 0.0791423 -0.148928 -0.0375 0.078 -0.149518 -0.0375 0.0767362 -0.149878 -0.0375 0.0753892 -0.143389 0.0375 0.0818785 -0.144736 0.0375 0.0815175 -0.146 0.0375 0.0809282 -0.147142 0.0375 0.0801284 -0.148128 0.0375 0.0791423 -0.148928 0.0375 0.078 -0.149518 0.0375 0.0767362 -0.149878 0.0375 0.0753892 -0.1356 0.0565732 0.0753892 -0.138258 0.0555821 0.0753892 -0.143018 0.0525231 0.0753892 -0.146723 0.0482471 0.0753892 -0.148082 0.0457578 0.0753892 -0.149676 0.040329 0.0753892 -0.142847 0.0412722 0.0818785 -0.142179 0.0430621 0.0818785 -0.144139 0.0416517 0.0815175 -0.143404 0.0436216 0.0815175 -0.145352 0.0420077 0.0809282 -0.144554 0.0441466 0.0809282 -0.146448 0.0423295 0.0801284 -0.145593 0.0446212 0.0801284 -0.147394 0.0426073 0.0791423 -0.14649 0.0450308 0.0791423 -0.148161 0.0428327 0.078 -0.147218 0.0453631 0.078 -0.148727 0.0429987 0.0767362 -0.147754 0.0456079 0.0767362 -0.149073 0.0431004 0.0753892 -0.137239 0.0487637 0.0818785 -0.135562 0.0496792 0.0818785 -0.137967 0.0498968 0.0815175 -0.136122 0.0509045 0.0815175 -0.13865 0.0509601 0.0809282 -0.136647 0.0520541 0.0809282 -0.139268 0.051921 0.0801284 -0.137121 0.0530932 0.0801284 -0.139801 0.0527505 0.0791423 -0.137531 0.0539901 0.0791423 -0.140233 0.0534234 0.078 -0.137863 0.0547177 0.078 -0.140552 0.0539192 0.0767362 -0.138108 0.0552538 0.0767362 -0.140747 0.0542228 0.0753892 -0.143253 0.0394055 0.0818785 -0.144586 0.0395972 0.0815175 -0.145837 0.039777 0.0809282 -0.146968 0.0399396 0.0801284 -0.147944 0.0400799 0.0791423 -0.148736 0.0401938 0.078 -0.149319 0.0402776 0.0767362 -0.146419 0.048052 0.0767362 -0.145923 0.0477334 0.078 -0.145251 0.0473009 0.0791423 -0.144421 0.0467678 0.0801284 -0.14346 0.0461503 0.0809282 -0.142397 0.045467 0.0815175 -0.141264 0.0447387 0.0818785 -0.145023 0.0505176 0.0753892 -0.14475 0.0502813 0.0767362 -0.144305 0.0498953 0.078 -0.1437 0.0493715 0.0791423 -0.142955 0.0487258 0.0801284 -0.142092 0.0479778 0.0809282 -0.141137 0.0471501 0.0815175 -0.140119 0.0462681 0.0818785 -0.138768 0.0476189 0.0818785 -0.13965 0.0486368 0.0815175 -0.140478 0.049592 0.0809282 -0.141226 0.0504553 0.0801284 -0.141872 0.0512005 0.0791423 -0.142395 0.051805 0.078 -0.142781 0.0522504 0.0767362 -0.135499 0.0562269 0.0767362 -0.135333 0.0556615 0.078 -0.135107 0.054894 0.0791423 -0.13483 0.0539479 0.0801284 -0.134508 0.0528519 0.0809282 -0.134152 0.0516392 0.0815175 -0.133772 0.0503468 0.0818785 -0.132829 0.0571761 0.0753892 -0.132778 0.0568189 0.0767362 -0.132694 0.0562355 0.078 -0.13258 0.0554438 0.0791423 -0.13244 0.0544678 0.0801284 -0.132277 0.0533371 0.0809282 -0.132097 0.0520862 0.0815175 -0.131905 0.0507529 0.0818785 -0.13 0.0508892 0.0818785 -0.13 0.0522362 0.0815175 -0.13 0.0535 0.0809282 -0.13 0.0546423 0.0801284 -0.13 0.0556284 0.0791423 -0.13 0.0564282 0.078 -0.13 0.0570175 0.0767362 -0.13 0.0573785 0.0753892 0.0097 0.0508892 0.0818785 0.0097 0.0522362 0.0815175 0.0097 0.0535 0.0809282 0.0097 0.0546423 0.0801284 0.0097 0.0556284 0.0791423 0.0097 0.0564282 0.078 0.0097 0.0570175 0.0767362 0.0097 0.0573785 0.0753892 0.0165756 0.0555 0.001 0.0190647 0.0553271 0.001 0.0215061 0.0548116 0.001 0.0238527 0.0539634 0.001 -0.13 0.0555 0.001 -0.148 0.0375 0.001 -0.147727 0.0406257 0.001 -0.146914 0.0436564 0.001 -0.145588 0.0465 0.001 -0.143789 0.0490702 0.001 -0.14157 0.0512888 0.001 -0.139 0.0530885 0.001 -0.136156 0.0544145 0.001 -0.133126 0.0552265 0.001 -0.148 -0.0375 0.001 -0.13 -0.0555 0.001 -0.133126 -0.0552265 0.001 -0.136156 -0.0544145 0.001 -0.139 -0.0530885 0.001 -0.14157 -0.0512888 0.001 -0.143789 -0.0490702 0.001 -0.145588 -0.0465 0.001 -0.146914 -0.0436564 0.001 -0.147727 -0.0406257 0.001 0.0165756 -0.0555 0.001 0.0238527 -0.0539634 0.001 0.0215061 -0.0548116 0.001 0.0190647 -0.0553271 0.001 0.0302191 0.0506735 0.001 0.0361398 0.046636 0.001 0.0415273 0.0419105 0.001 0.0463021 0.0365666 0.001 0.0503938 0.0306833 0.001 0.053742 0.0243473 0.001 0.0562974 0.0176522 0.001 0.0580223 0.0106965 0.001 0.0588911 0.00358314 0.001 0.0588911 -0.00358314 0.001 0.0580223 -0.0106965 0.001 0.0562974 -0.0176522 0.001 0.053742 -0.0243473 0.001 0.0503938 -0.0306833 0.001 0.0463021 -0.0365666 0.001 0.0415273 -0.0419105 0.001 0.0361398 -0.046636 0.001 0.0302191 -0.0506735 0.001 0.0561013 0.0147188 0.001 0.0575234 0.00742038 0.001 0.058 6.93889e-18 0.001 0.0575234 -0.00742038 0.001 0.0561013 -0.0147188 0.001 0.0537572 -0.0217753 0.001 0.0505296 -0.0284739 0.001 0.0464714 -0.0347046 0.001 0.0416495 -0.0403648 0.001 0.0361431 -0.0453616 0.001 0.0300426 -0.0496129 0.001 0.0234484 -0.0530488 0.001 0.0212322 -0.0538498 0.001 0.0189265 -0.0543367 0.001 0.0165756 -0.0545 0.001 -0.13 -0.0545 0.001 -0.132952 -0.0542417 0.001 -0.135814 -0.0534748 0.001 -0.1385 -0.0522224 0.001 -0.140927 -0.0505228 0.001 -0.143023 -0.0484274 0.001 -0.144722 -0.046 0.001 -0.145975 -0.0433143 0.001 -0.146742 -0.040452 0.001 -0.147 -0.0375 0.001 -0.147 0.0375 0.001 -0.146742 0.040452 0.001 -0.145975 0.0433143 0.001 -0.144722 0.046 0.001 -0.143023 0.0484274 0.001 -0.140927 0.0505228 0.001 -0.1385 0.0522224 0.001 -0.135814 0.0534748 0.001 -0.132952 0.0542417 0.001 -0.13 0.0545 0.001 0.0165756 0.0545 0.001 0.0189265 0.0543367 0.001 0.0212322 0.0538498 0.001 0.0234484 0.0530488 0.001 0.0300426 0.0496129 0.001 0.0361431 0.0453616 0.001 0.0416495 0.0403648 0.001 0.0464714 0.0347046 0.001 0.0505296 0.0284739 0.001 0.0537572 0.0217753 0.001 0.0370546 -0.00169935 0.083 0.0367533 -0.0018527 0.083 0.0367702 0.00148179 0.083 0.0367533 0.0018527 0.083 0.0370546 0.00169935 0.083 0.0373258 0.00149746 0.083 0.037559 0.00125278 0.083 0.0377477 0.000972313 0.083 0.0378865 0.000664065 0.083 0.0379714 0.000336844 0.083 0.038 -3.16285e-19 0.083 0.0377477 -0.000972313 0.083 0.037559 -0.00125278 0.083 0.0373258 -0.00149746 0.083 0.0379714 -0.000336844 0.083 0.0378865 -0.000664065 0.083 0.0367533 0.0018527 0.079 0.0370546 0.00169935 0.079 0.0373258 0.00149746 0.079 0.037559 0.00125278 0.079 0.0377477 0.000972313 0.079 0.0378865 0.000664065 0.079 0.0379714 0.000336844 0.079 0.038 -3.16285e-19 0.079 0.0379714 -0.000336844 0.079 0.0378865 -0.000664065 0.079 0.0377477 -0.000972313 0.079 0.037559 -0.00125278 0.079 0.0373258 -0.00149746 0.079 0.0370546 -0.00169935 0.079 0.0367533 -0.0018527 0.079 -0.13 0.0495 0.079 0.002 0.0495 0.079 0.0428881 -0.00310061 0.079 -0.131877 0.0493523 0.079 -0.138485 0.0459853 0.079 -0.0265402 -0.0254923 0.079 -0.0221073 -0.0294195 0.079 -0.142 -0.0375 0.079 0.0419961 -0.00923735 0.079 0.038 0 0.079 0.0428881 0.00310061 0.079 -0.142 0.0375 0.079 -0.141852 0.0393772 0.079 -0.141413 0.0412082 0.079 -0.140692 0.0429479 0.079 -0.139708 0.0445534 0.079 -0.140692 -0.0429479 0.079 -0.141413 -0.0412082 0.079 0.002 -0.0495 0.079 -0.13 -0.0495 0.079 0.0419961 0.00923735 0.079 -0.0171018 -0.0325848 0.079 -0.141852 -0.0393772 0.079 -0.137053 -0.0472082 0.079 -0.138485 -0.0459853 0.079 -0.139708 -0.0445534 0.079 -0.137053 0.0472082 0.079 -0.135448 0.0481921 0.079 -0.133708 0.0489127 0.079 -0.0196683 0.031103 0.079 -0.0244029 0.0275452 0.079 -0.0353471 -0.0102384 0.079 -0.033247 -0.0157759 0.079 -0.0302858 -0.0209048 0.079 -0.0116534 -0.0349061 0.079 0.0360563 0.00736095 0.079 0.0402307 0.015182 0.079 0.0344086 0.0130495 0.079 0.0376286 0.0208108 0.079 0.0318697 0.0184 0.079 0.0342439 0.0260069 0.079 0.0285055 0.023274 0.079 0.030147 0.030662 0.079 0.0244029 0.0275452 0.079 0.0254231 0.0346795 0.079 0.0196683 0.031103 0.079 0.0201704 0.0379757 0.079 0.0144244 0.0338552 0.079 0.0144983 0.0404821 0.079 -0.0285055 0.023274 0.079 -0.0318697 0.0184 0.079 -0.0344086 0.0130495 0.079 -0.131877 -0.0493523 0.079 -0.133708 -0.0489127 0.079 -0.135448 -0.0481921 0.079 0.00852462 0.0421465 0.079 0.00880682 0.0357307 0.079 0.00296117 0.0366807 0.079 -0.00296117 0.0366807 0.079 -0.00880682 0.0357307 0.079 -0.0144244 0.0338552 0.079 -0.0360563 0.00736095 0.079 -0.0367702 0.00148179 0.079 -0.0365317 -0.00443575 0.079 0.0365317 -0.00443575 0.079 0.0353471 -0.0102384 0.079 0.0402307 -0.015182 0.079 0.033247 -0.0157759 0.079 0.0376286 -0.0208108 0.079 0.0302858 -0.0209048 0.079 0.0342439 -0.0260069 0.079 0.0265402 -0.0254923 0.079 0.030147 -0.030662 0.079 0.0221073 -0.0294195 0.079 0.0254231 -0.0346795 0.079 0.0171018 -0.0325848 0.079 0.0201704 -0.0379757 0.079 0.0116534 -0.0349061 0.079 0.0144983 -0.0404821 0.079 0.00590314 -0.0363235 0.079 0.00852462 -0.0421465 0.079 0 -0.0368 0.079 -0.00590314 -0.0363235 0.079 0.007 0.048 0.022 0.00709039 0.0468787 0.022 0.00735922 0.0457864 0.022 0.00779954 0.0447513 0.022 0.0084 0.0438 0.022 0.00914508 0.0429572 0.022 0.0100155 0.0422447 0.022 0.0109889 0.0416807 0.022 0.01204 0.04128 0.022 0.0144983 0.0404821 0.022 0.01204 -0.04128 0.022 0.0201704 0.0379757 0.022 0.0254231 0.0346795 0.022 0.030147 0.030662 0.022 0.0342439 0.0260069 0.022 0.0376286 0.0208108 0.022 0.0402307 0.015182 0.022 0.0419961 0.00923735 0.022 0.0428881 0.00310061 0.022 0.0428881 -0.00310061 0.022 0.0419961 -0.00923735 0.022 0.0402307 -0.015182 0.022 0.0376286 -0.0208108 0.022 0.0342439 -0.0260069 0.022 0.030147 -0.030662 0.022 0.0254231 -0.0346795 0.022 0.0201704 -0.0379757 0.022 0.0144983 -0.0404821 0.022 0.0109889 -0.0416807 0.022 0.0100155 -0.0422447 0.022 0.00914508 -0.0429572 0.022 0.0084 -0.0438 0.022 0.00779954 -0.0447513 0.022 0.00735922 -0.0457864 0.022 0.00709039 -0.0468787 0.022 0.007 -0.048 0.022 -0.146716 0.0401475 0.0748682 -0.146924 0.0375 0.0748682 -0.147 0.0375 0.074 -0.146791 0.0401594 0.074 -0.146742 0.040452 0.074 -0.146096 0.0427298 0.0748682 -0.146168 0.0427533 0.074 -0.145975 0.0433143 0.074 -0.145079 0.0451834 0.0748682 -0.145147 0.0452178 0.074 -0.144722 0.046 0.074 -0.143692 0.0474477 0.0748682 -0.143753 0.0474923 0.074 -0.143023 0.0484274 0.074 -0.141967 0.0494671 0.0748682 -0.142021 0.0495208 0.074 -0.139948 0.0511918 0.0748682 -0.140927 0.0505228 0.074 -0.139992 0.0512533 0.074 -0.137683 0.0525794 0.0748682 -0.1385 0.0522224 0.074 -0.137718 0.0526471 0.074 -0.13523 0.0535957 0.0748682 -0.135814 0.0534748 0.074 -0.13 0.0545 0.074 -0.13 0.054424 0.0748682 -0.132659 0.0542907 0.074 -0.132647 0.0542157 0.0748682 -0.132952 0.0542417 0.074 -0.135253 0.053668 0.074 -0.13 0.0541985 0.0757101 -0.132612 0.0539929 0.0757101 -0.13516 0.0533812 0.0757101 -0.137581 0.0523784 0.0757101 -0.139815 0.0510093 0.0757101 -0.141808 0.0493076 0.0757101 -0.143509 0.0473151 0.0757101 -0.144878 0.0450809 0.0757101 -0.145881 0.0426601 0.0757101 -0.146493 0.0401122 0.0757101 -0.146698 0.0375 0.0757101 -0.13 0.0538301 0.0765 -0.132555 0.0536291 0.0765 -0.135046 0.0530309 0.0765 -0.137414 0.0520503 0.0765 -0.139599 0.0507113 0.0765 -0.141547 0.0490471 0.0765 -0.143211 0.0470986 0.0765 -0.14455 0.0449137 0.0765 -0.145531 0.0425463 0.0765 -0.146129 0.0400546 0.0765 -0.14633 0.0375 0.0765 -0.13 0.0533302 0.0772139 -0.132476 0.0531353 0.0772139 -0.134892 0.0525554 0.0772139 -0.137187 0.0516048 0.0772139 -0.139305 0.0503069 0.0772139 -0.141194 0.0486937 0.0772139 -0.142807 0.0468048 0.0772139 -0.144105 0.0446868 0.0772139 -0.145055 0.0423918 0.0772139 -0.145635 0.0399764 0.0772139 -0.14583 0.0375 0.0772139 -0.13 0.0527139 0.0778302 -0.13238 0.0525266 0.0778302 -0.134701 0.0519693 0.0778302 -0.136907 0.0510557 0.0778302 -0.138943 0.0498083 0.0778302 -0.140758 0.0482579 0.0778302 -0.142308 0.0464425 0.0778302 -0.143556 0.044407 0.0778302 -0.144469 0.0422014 0.0778302 -0.145027 0.03988 0.0778302 -0.145214 0.0375 0.0778302 -0.13 0.052 0.0783301 -0.132268 0.0518215 0.0783301 -0.134481 0.0512903 0.0783301 -0.136583 0.0504196 0.0783301 -0.138523 0.0492307 0.0783301 -0.140253 0.047753 0.0783301 -0.141731 0.0460229 0.0783301 -0.14292 0.0440829 0.0783301 -0.14379 0.0419807 0.0783301 -0.144321 0.0397683 0.0783301 -0.1445 0.0375 0.0783301 -0.13 0.0512101 0.0786985 -0.132145 0.0510413 0.0786985 -0.134237 0.0505391 0.0786985 -0.136224 0.0497158 0.0786985 -0.138059 0.0485917 0.0786985 -0.139695 0.0471945 0.0786985 -0.141092 0.0455586 0.0786985 -0.142216 0.0437243 0.0786985 -0.143039 0.0417367 0.0786985 -0.143541 0.0396447 0.0786985 -0.14371 0.0375 0.0786985 -0.13 0.0503682 0.078924 -0.132013 0.0502098 0.078924 -0.133977 0.0497384 0.078924 -0.135842 0.0489657 0.078924 -0.137564 0.0479106 0.078924 -0.139099 0.0465992 0.078924 -0.140411 0.0450638 0.078924 -0.141466 0.0433421 0.078924 -0.142238 0.0414765 0.078924 -0.14271 0.039513 0.078924 -0.142868 0.0375 0.078924 -0.147 -0.0375 0.074 -0.146924 -0.0375 0.0748682 -0.146698 -0.0375 0.0757101 -0.14633 -0.0375 0.0765 -0.14583 -0.0375 0.0772139 -0.145214 -0.0375 0.0778302 -0.1445 -0.0375 0.0783301 -0.14371 -0.0375 0.0786985 -0.142868 -0.0375 0.078924 -0.132647 -0.0542157 0.0748682 -0.13 -0.054424 0.0748682 -0.13 -0.0545 0.074 -0.132659 -0.0542907 0.074 -0.132952 -0.0542417 0.074 -0.13523 -0.0535957 0.0748682 -0.135253 -0.053668 0.074 -0.135814 -0.0534748 0.074 -0.137683 -0.0525794 0.0748682 -0.137718 -0.0526471 0.074 -0.1385 -0.0522224 0.074 -0.139948 -0.0511918 0.0748682 -0.139992 -0.0512533 0.074 -0.140927 -0.0505228 0.074 -0.141967 -0.0494671 0.0748682 -0.142021 -0.0495208 0.074 -0.143692 -0.0474477 0.0748682 -0.143023 -0.0484274 0.074 -0.143753 -0.0474923 0.074 -0.145079 -0.0451834 0.0748682 -0.144722 -0.046 0.074 -0.145147 -0.0452178 0.074 -0.146096 -0.0427298 0.0748682 -0.145975 -0.0433143 0.074 -0.146791 -0.0401594 0.074 -0.146716 -0.0401475 0.0748682 -0.146742 -0.040452 0.074 -0.146168 -0.0427533 0.074 -0.146493 -0.0401122 0.0757101 -0.145881 -0.0426601 0.0757101 -0.144878 -0.0450809 0.0757101 -0.143509 -0.0473151 0.0757101 -0.141808 -0.0493076 0.0757101 -0.139815 -0.0510093 0.0757101 -0.137581 -0.0523784 0.0757101 -0.13516 -0.0533812 0.0757101 -0.132612 -0.0539929 0.0757101 -0.13 -0.0541985 0.0757101 -0.146129 -0.0400546 0.0765 -0.145531 -0.0425463 0.0765 -0.14455 -0.0449137 0.0765 -0.143211 -0.0470986 0.0765 -0.141547 -0.0490471 0.0765 -0.139599 -0.0507113 0.0765 -0.137414 -0.0520503 0.0765 -0.135046 -0.0530309 0.0765 -0.132555 -0.0536291 0.0765 -0.13 -0.0538301 0.0765 -0.145635 -0.0399764 0.0772139 -0.145055 -0.0423918 0.0772139 -0.144105 -0.0446868 0.0772139 -0.142807 -0.0468048 0.0772139 -0.141194 -0.0486937 0.0772139 -0.139305 -0.0503069 0.0772139 -0.137187 -0.0516048 0.0772139 -0.134892 -0.0525554 0.0772139 -0.132476 -0.0531353 0.0772139 -0.13 -0.0533302 0.0772139 -0.145027 -0.03988 0.0778302 -0.144469 -0.0422014 0.0778302 -0.143556 -0.044407 0.0778302 -0.142308 -0.0464425 0.0778302 -0.140758 -0.0482579 0.0778302 -0.138943 -0.0498083 0.0778302 -0.136907 -0.0510557 0.0778302 -0.134701 -0.0519693 0.0778302 -0.13238 -0.0525266 0.0778302 -0.13 -0.0527139 0.0778302 -0.144321 -0.0397683 0.0783301 -0.14379 -0.0419807 0.0783301 -0.14292 -0.0440829 0.0783301 -0.141731 -0.0460229 0.0783301 -0.140253 -0.047753 0.0783301 -0.138523 -0.0492307 0.0783301 -0.136583 -0.0504196 0.0783301 -0.134481 -0.0512903 0.0783301 -0.132268 -0.0518215 0.0783301 -0.13 -0.052 0.0783301 -0.143541 -0.0396447 0.0786985 -0.143039 -0.0417367 0.0786985 -0.142216 -0.0437243 0.0786985 -0.141092 -0.0455586 0.0786985 -0.139695 -0.0471945 0.0786985 -0.138059 -0.0485917 0.0786985 -0.136224 -0.0497158 0.0786985 -0.134237 -0.0505391 0.0786985 -0.132145 -0.0510413 0.0786985 -0.13 -0.0512101 0.0786985 -0.14271 -0.039513 0.078924 -0.142238 -0.0414765 0.078924 -0.141466 -0.0433421 0.078924 -0.140411 -0.0450638 0.078924 -0.139099 -0.0465992 0.078924 -0.137564 -0.0479106 0.078924 -0.135842 -0.0489657 0.078924 -0.133977 -0.0497384 0.078924 -0.132013 -0.0502098 0.078924 -0.13 -0.0503682 0.078924 0.007 -0.0495 0.074 0.007 -0.0495 0.022 0.002 -0.0545 0.074 0.002 -0.054424 0.0748682 0.002 -0.0541985 0.0757101 0.002 -0.0538301 0.0765 0.002 -0.0533302 0.0772139 0.002 -0.0527139 0.0778302 0.002 -0.052 0.0783301 0.002 -0.0512101 0.0786985 0.002 -0.0503682 0.078924 0.002 0.0545 0.074 0.002 0.054424 0.0748682 0.002 0.0541985 0.0757101 0.002 0.0538301 0.0765 0.002 0.0533302 0.0772139 0.002 0.0527139 0.0778302 0.002 0.052 0.0783301 0.002 0.0512101 0.0786985 0.002 0.0503682 0.078924 0.007 0.0495 0.022 0.007 0.0495 0.074 0.00286824 0.054424 0.022 0.002 0.0545 0.022 0.0165756 0.0545 0.022 0.0037101 0.0541985 0.022 0.00669846 0.0512101 0.022 0.00633013 0.052 0.022 0.00583022 0.0527139 0.022 0.002 -0.0545 0.022 0.00286824 -0.054424 0.022 0.0165756 -0.0545 0.022 0.0037101 -0.0541985 0.022 0.00521394 0.0533302 0.022 0.0045 0.0538301 0.022 0.0212322 0.0538498 0.022 0.0234484 0.0530488 0.022 0.00692404 0.0503682 0.022 0.0045 -0.0538301 0.022 0.00521394 -0.0533302 0.022 0.00583022 -0.0527139 0.022 0.00633013 -0.052 0.022 0.00669846 -0.0512101 0.022 0.0189265 -0.0543367 0.022 0.00692404 -0.0503682 0.022 0.0212322 -0.0538498 0.022 0.0234484 -0.0530488 0.022 0.0189265 0.0543367 0.022 0.0300426 0.0496129 0.022 0.0300426 -0.0496129 0.022 0.0361431 -0.0453616 0.022 0.0416495 -0.0403648 0.022 0.0464714 -0.0347046 0.022 0.0505296 -0.0284739 0.022 0.0537572 -0.0217753 0.022 0.0561013 -0.0147188 0.022 0.0575234 -0.00742038 0.022 0.058 6.93889e-18 0.022 0.0361431 0.0453616 0.022 0.0416495 0.0403648 0.022 0.0464714 0.0347046 0.022 0.0505296 0.0284739 0.022 0.0537572 0.0217753 0.022 0.0561013 0.0147188 0.022 0.0575234 0.00742038 0.022 0.058 3.55148e-18 0.022 0.058 3.55148e-18 0.001 0.0165756 -0.0572 0 -0.13 -0.0572 0 0.0165756 0.0572 0 -0.13 0.0572 0 0.00286824 -0.054424 0.074 0.0037101 -0.0541985 0.074 0.0045 -0.0538301 0.074 0.00521394 -0.0533302 0.074 0.00583022 -0.0527139 0.074 0.00633013 -0.052 0.074 0.00669846 -0.0512101 0.074 0.00692404 -0.0503682 0.074 0.00278217 -0.0495 0.0789384 0.00286824 -0.0495 0.078924 0.00286824 -0.0503551 0.0788492 0.00354508 -0.0495 0.0787553 0.0037101 -0.0495 0.0786985 0.0037101 -0.0503159 0.0786271 0.00426995 -0.0495 0.078455 0.0045 -0.0495 0.0783301 0.0045 -0.0502519 0.0782643 0.00493893 -0.0495 0.0780451 0.00521394 -0.0495 0.0778302 0.00521394 -0.0501651 0.077772 0.00553553 -0.0495 0.0775355 0.00583022 -0.0495 0.0772139 0.00583022 -0.0500581 0.0771651 0.00604508 -0.0495 0.0769389 0.00633013 -0.0495 0.0765 0.00633013 -0.0499341 0.076462 0.00645503 -0.0495 0.0762699 0.00669846 -0.0495 0.0757101 0.00669846 -0.049797 0.0756841 0.00692404 -0.0500581 0.0746651 0.00692404 -0.0501651 0.0745581 0.00669846 -0.05081 0.0750992 0.00675528 -0.0495 0.0755451 0.00692404 -0.0495 0.0748682 0.00692404 -0.0496508 0.0748551 0.00692404 -0.049797 0.0748159 0.00693844 -0.0495 0.0747822 0.00692404 -0.0499341 0.0747519 0.00669846 -0.0500849 0.075607 0.00669846 -0.0503551 0.075481 0.00669846 -0.0505992 0.07531 0.00633013 -0.0516651 0.07525 0.00669846 -0.050981 0.0748551 0.00692404 -0.0502519 0.0744341 0.00633013 -0.0503551 0.0763492 0.00633013 -0.05075 0.0761651 0.00633013 -0.051107 0.0759151 0.00633013 -0.0514151 0.075607 0.00583022 -0.0525201 0.0750992 0.00633013 -0.0518492 0.0748551 0.00669846 -0.051107 0.0745849 0.00692404 -0.0503159 0.074297 0.00583022 -0.0505992 0.0770201 0.00583022 -0.051107 0.0767834 0.00583022 -0.0515659 0.076462 0.00583022 -0.051962 0.0760659 0.00583022 -0.0522834 0.075607 0.00521394 -0.053272 0.0746651 0.00583022 -0.0526651 0.0745581 0.00633013 -0.051962 0.0744341 0.00669846 -0.0511841 0.074297 0.00692404 -0.0503551 0.0741508 0.00521394 -0.05081 0.0775992 0.00521394 -0.0514151 0.0773171 0.00521394 -0.051962 0.0769341 0.00521394 -0.0524341 0.076462 0.00521394 -0.0528171 0.0759151 0.00521394 -0.0530992 0.07531 0.0045 -0.050981 0.078069 0.0045 -0.0516651 0.07775 0.0045 -0.0522834 0.0773171 0.0045 -0.0528171 0.0767834 0.0045 -0.05325 0.0761651 0.0045 -0.053569 0.075481 0.0045 -0.0537643 0.0747519 0.0037101 -0.0541271 0.0748159 0.0037101 -0.0539151 0.075607 0.0037101 -0.053569 0.0763492 0.0037101 -0.0530992 0.0770201 0.0037101 -0.0525201 0.0775992 0.0037101 -0.0518492 0.078069 0.0037101 -0.051107 0.0784151 0.00286824 -0.0543492 0.0748551 0.00286824 -0.0541271 0.0756841 0.00286824 -0.0537643 0.076462 0.00286824 -0.053272 0.0771651 0.00286824 -0.0526651 0.077772 0.00286824 -0.051962 0.0782643 0.00286824 -0.0511841 0.0786271 0.00286824 0.0495 0.078924 0.0037101 0.0495 0.0786985 0.0045 0.0495 0.0783301 0.00521394 0.0495 0.0778302 0.00583022 0.0495 0.0772139 0.00633013 0.0495 0.0765 0.00669846 0.0495 0.0757101 0.00692404 0.0495 0.0748682 0.00692404 0.0502519 0.0744341 0.00692404 0.0501651 0.0745581 0.00669846 0.05081 0.0750992 0.00692404 0.0503551 0.0741508 0.00692404 0.0503682 0.074 0.00692404 0.0503159 0.074297 0.00669846 0.0512101 0.074 0.00669846 0.0511841 0.074297 0.00669846 0.051107 0.0745849 0.00669846 0.050981 0.0748551 0.00633013 0.051107 0.0759151 0.00669846 0.0505992 0.07531 0.00692404 0.0500581 0.0746651 0.00633013 0.052 0.074 0.00633013 0.051962 0.0744341 0.00633013 0.0518492 0.0748551 0.00633013 0.0516651 0.07525 0.00633013 0.0514151 0.075607 0.00583022 0.051107 0.0767834 0.00633013 0.05075 0.0761651 0.00669846 0.0503551 0.075481 0.00692404 0.0499341 0.0747519 0.00583022 0.0527139 0.074 0.00583022 0.0526651 0.0745581 0.00583022 0.0525201 0.0750992 0.00583022 0.0522834 0.075607 0.00583022 0.051962 0.0760659 0.00583022 0.0515659 0.076462 0.00521394 0.05081 0.0775992 0.00583022 0.0505992 0.0770201 0.00633013 0.0503551 0.0763492 0.00669846 0.0500849 0.075607 0.00692404 0.049797 0.0748159 0.00521394 0.0533302 0.074 0.00521394 0.053272 0.0746651 0.00521394 0.0530992 0.07531 0.00521394 0.0528171 0.0759151 0.00521394 0.0524341 0.076462 0.00521394 0.051962 0.0769341 0.00521394 0.0514151 0.0773171 0.0045 0.0502519 0.0782643 0.00521394 0.0501651 0.077772 0.00583022 0.0500581 0.0771651 0.00633013 0.0499341 0.076462 0.00669846 0.049797 0.0756841 0.00692404 0.0496508 0.0748551 0.0045 0.0538301 0.074 0.0045 0.0537643 0.0747519 0.0045 0.053569 0.075481 0.0045 0.05325 0.0761651 0.0045 0.0528171 0.0767834 0.0045 0.0522834 0.0773171 0.0045 0.0516651 0.07775 0.0045 0.050981 0.078069 0.0037101 0.0541985 0.074 0.0037101 0.0541271 0.0748159 0.0037101 0.0539151 0.075607 0.0037101 0.053569 0.0763492 0.0037101 0.0530992 0.0770201 0.0037101 0.0525201 0.0775992 0.0037101 0.0518492 0.078069 0.0037101 0.051107 0.0784151 0.0037101 0.0503159 0.0786271 0.00286824 0.0503551 0.0788492 0.00286824 0.0511841 0.0786271 0.00286824 0.051962 0.0782643 0.00286824 0.0526651 0.077772 0.00286824 0.053272 0.0771651 0.00286824 0.0537643 0.076462 0.00286824 0.0541271 0.0756841 0.00286824 0.0543492 0.0748551 0.00286824 0.054424 0.074 0.0363756 0.00557254 0.11 0.0360563 0.00736095 0.11 0.00590314 -0.0363235 0.11 0.00372299 -0.0366112 0.11 -9.0134e-18 -0.0368 0.079 0.00740779 -0.0360467 0.11 0.0110166 -0.0351123 0.11 0.0171018 -0.0325848 0.11 0.0145123 -0.0338176 0.11 0.0116534 -0.0349061 0.11 0.0178591 -0.032176 0.11 0.0210227 -0.0302041 0.11 0.0265402 -0.0254923 0.11 0.0239705 -0.0279223 0.11 0.0221073 -0.0294195 0.11 0.0302858 -0.0209048 0.11 0.0291005 -0.0225255 0.11 0.0266724 -0.025354 0.11 0.0312301 -0.0194659 0.11 0.0330392 -0.0162065 0.11 0.0353471 -0.0102384 0.11 0.0345093 -0.0127808 0.11 0.033247 -0.0157759 0.11 0.0356252 -0.00922401 0.11 0.0363756 -0.00557254 0.11 0.0365317 -0.00443575 0.11 0.0367528 -0.00186389 0.11 0.0367702 0.00148179 0.11 0.0367528 0.00186389 0.11 0.0356252 0.00922401 0.11 0.0345093 0.0127808 0.11 0.0318697 0.0184 0.11 0.0330392 0.0162065 0.11 0.0344086 0.0130495 0.11 0.0312301 0.0194659 0.11 0.0291005 0.0225255 0.11 0.0244029 0.0275452 0.11 0.0266724 0.025354 0.11 0.0285055 0.023274 0.11 0.0196683 0.031103 0.11 0.0210227 0.0302041 0.11 0.0239705 0.0279223 0.11 0.0178591 0.032176 0.11 0.0145123 0.0338176 0.11 0.00880682 0.0357307 0.11 0.0110166 0.0351123 0.11 0.0144244 0.0338552 0.11 0.00740779 0.0360467 0.11 0.00372299 0.0366112 0.11 -0.00296117 0.0366807 0.11 4.5067e-18 0.0368 0.11 0.00296117 0.0366807 0.11 -0.00372299 0.0366112 0.11 -0.00740779 0.0360467 0.11 -0.0178591 0.032176 0.11 -0.0196683 0.031103 0.11 -0.00880682 0.0357307 0.11 -0.0110166 0.0351123 0.11 -0.0144244 0.0338552 0.11 -0.0145123 0.0338176 0.11 -0.0210227 0.0302041 0.11 -0.0239705 0.0279223 0.11 -0.0285055 0.023274 0.11 -0.0266724 0.025354 0.11 -0.0244029 0.0275452 0.11 -0.0291005 0.0225255 0.11 -0.0312301 0.0194659 0.11 -0.0344086 0.0130495 0.11 -0.0330392 0.0162065 0.11 -0.0318697 0.0184 0.11 -0.0360563 0.00736095 0.11 -0.0356252 0.00922401 0.11 -0.0345093 0.0127808 0.11 -0.0363756 0.00557254 0.11 -0.0367528 0.00186389 0.11 -0.0365317 -0.00443575 0.11 -0.0367528 -0.00186389 0.11 -0.0367702 0.00148179 0.11 -0.0363756 -0.00557254 0.11 -0.0356252 -0.00922401 0.11 -0.033247 -0.0157759 0.11 -0.0345093 -0.0127808 0.11 -0.0353471 -0.0102384 0.11 -0.0302858 -0.0209048 0.11 -0.0312301 -0.0194659 0.11 -0.0330392 -0.0162065 0.11 -0.0291005 -0.0225255 0.11 -0.0266724 -0.025354 0.11 -0.0221073 -0.0294195 0.11 -0.0239705 -0.0279223 0.11 -0.0265402 -0.0254923 0.11 -0.0210227 -0.0302041 0.11 -0.0178591 -0.032176 0.11 -0.0116534 -0.0349061 0.11 -0.0145123 -0.0338176 0.11 -0.0171018 -0.0325848 0.11 -0.0110166 -0.0351123 0.11 -0.00740779 -0.0360467 0.11 -0.00590314 -0.0363235 0.11 -0.00372299 -0.0366112 0.11 -9.0134e-18 -0.0368 0.11 0.0092316 -0.0449215 0.102398 0.0137289 -0.043757 0.102398 0.0222561 -0.0400977 0.102398 0.0332392 -0.0315962 0.102398 0.0362652 -0.0280713 0.102398 0.038919 -0.0242584 0.102398 0.0430055 -0.0159275 0.102398 0.0458014 -0.00232278 0.102398 0.0453314 0.00694451 0.102398 0.0430055 0.0159275 0.102398 0.0362652 0.0280713 0.102398 0.0298721 0.0347968 0.102398 0.0222561 0.0400977 0.102398 0.0092316 0.0449215 0.102398 -0.0092316 0.0449215 0.102398 -0.0137289 0.043757 0.102398 -0.0222561 0.0400977 0.102398 -0.0332392 0.0315962 0.102398 -0.0362652 0.0280713 0.102398 -0.038919 0.0242584 0.102398 -0.0430055 0.0159275 0.102398 -0.0458014 0.00232278 0.102398 -0.0453314 -0.00694451 0.102398 -0.0430055 -0.0159275 0.102398 -0.0362652 -0.0280713 0.102398 -0.0298721 -0.0347968 0.102398 -0.0222561 -0.0400977 0.102398 -0.0092316 -0.0449215 0.102398 0.00388462 -0.0382006 0.10986 0.0114948 -0.0366366 0.10986 0.0219353 -0.0315153 0.10986 0.0303639 -0.0235034 0.10986 0.0344735 -0.0169101 0.10986 0.0379548 -0.00581446 0.10986 0.0379548 0.00581446 0.10986 0.0303639 0.0235034 0.10986 0.0219353 0.0315153 0.10986 0.00388462 0.0382006 0.10986 -0.00772937 0.0376116 0.10986 -0.0186344 0.0335728 0.10986 -0.0250111 0.0291345 0.10986 -0.0325859 0.0203109 0.10986 -0.0371718 0.00962445 0.10986 -0.0383483 0.0019448 0.10986 -0.0371718 -0.00962445 0.10986 -0.0325859 -0.0203109 0.10986 -0.0186344 -0.0335728 0.10986 -0.00772937 -0.0376116 0.10986 -0.0278303 -0.0264547 0.10986 1.63425e-17 0.0368 0.11 0.0151423 0.0352857 0.10986 0.0360074 0.0133357 0.10986 -0.0046396 -0.0456249 0.102398 -0.00914805 -0.0445149 0.103947 -0.00459761 -0.045212 0.103947 -0.00901162 -0.043851 0.1054 -0.00452905 -0.0445377 0.1054 -0.00882646 -0.04295 0.106714 -0.00443599 -0.0436226 0.106714 -0.00859819 -0.0418393 0.107848 -0.00432127 -0.0424945 0.107848 -0.00833376 -0.0405525 0.108767 -0.00418837 -0.0411876 0.108767 -0.00804119 -0.0391289 0.109445 -0.00404133 -0.0397416 0.109445 -0.00388462 -0.0382006 0.10986 -0.0151423 -0.0352857 0.10986 -0.0157532 -0.0367092 0.109445 -0.0193862 -0.0349272 0.109445 -0.0163263 -0.0380449 0.108767 -0.0200915 -0.0361979 0.108767 -0.0168444 -0.039252 0.107848 -0.020729 -0.0373465 0.107848 -0.0172916 -0.0402941 0.106714 -0.0212793 -0.038338 0.106714 -0.0176543 -0.0411394 0.1054 -0.0217257 -0.0391423 0.1054 -0.0179216 -0.0417622 0.103947 -0.0220546 -0.0397348 0.103947 -0.0180853 -0.0421436 0.102398 -0.0303639 -0.0235034 0.10986 -0.028953 -0.0275219 0.109445 -0.0315888 -0.0244515 0.109445 -0.0300064 -0.0285232 0.108767 -0.0327381 -0.0253412 0.108767 -0.0309585 -0.0294283 0.107848 -0.0337769 -0.0261453 0.107848 -0.0317804 -0.0302096 0.106714 -0.0346736 -0.0268394 0.106714 -0.0324471 -0.0308433 0.1054 -0.035401 -0.0274024 0.1054 -0.0329383 -0.0313102 0.103947 -0.0359369 -0.0278173 0.103947 -0.0332392 -0.0315962 0.102398 -0.0344735 -0.0169101 0.10986 -0.0360074 -0.0133357 0.10986 -0.0358642 -0.0175922 0.109445 -0.03746 -0.0138737 0.109445 -0.0371691 -0.0182323 0.108767 -0.0388229 -0.0143784 0.108767 -0.0383485 -0.0188108 0.107848 -0.0400548 -0.0148347 0.107848 -0.0393666 -0.0193102 0.106714 -0.0411182 -0.0152285 0.106714 -0.0401924 -0.0197153 0.1054 -0.0419808 -0.015548 0.1054 -0.0408009 -0.0200138 0.103947 -0.0426163 -0.0157833 0.103947 -0.0411735 -0.0201966 0.102398 -0.0383483 -0.0019448 0.10986 -0.0398953 -0.00202326 0.109445 -0.0398953 0.00202326 0.109445 -0.0413469 -0.00209688 0.108767 -0.0413469 0.00209688 0.108767 -0.0426588 -0.00216341 0.107848 -0.0426588 0.00216341 0.107848 -0.0437913 -0.00222084 0.106714 -0.0437913 0.00222084 0.106714 -0.04471 -0.00226743 0.1054 -0.04471 0.00226743 0.1054 -0.0453868 -0.00230176 0.103947 -0.0453868 0.00230176 0.103947 -0.0458014 -0.00232278 0.102398 -0.0360074 0.0133357 0.10986 -0.0386714 0.0100127 0.109445 -0.03746 0.0138737 0.109445 -0.0400784 0.010377 0.108767 -0.0388229 0.0143784 0.108767 -0.0413501 0.0107063 0.107848 -0.0400548 0.0148347 0.107848 -0.0424479 0.0109905 0.106714 -0.0411182 0.0152285 0.106714 -0.0433383 0.0112211 0.1054 -0.0419808 0.015548 0.1054 -0.0439944 0.0113909 0.103947 -0.0426163 0.0157833 0.103947 -0.0443962 0.011495 0.102398 -0.0219353 0.0315153 0.10986 -0.0228202 0.0327867 0.109445 -0.0193862 0.0349272 0.109445 -0.0236505 0.0339796 0.108767 -0.0200915 0.0361979 0.108767 -0.0244009 0.0350578 0.107848 -0.020729 0.0373465 0.107848 -0.0250487 0.0359885 0.106714 -0.0212793 0.038338 0.106714 -0.0255742 0.0367435 0.1054 -0.0217257 0.0391423 0.1054 -0.0259614 0.0372997 0.103947 -0.0220546 0.0397348 0.103947 -0.0261985 0.0376404 0.102398 0.00772937 0.0376116 0.10986 0.00404133 0.0397416 0.109445 0.00804119 0.0391289 0.109445 0.00418837 0.0411876 0.108767 0.00833376 0.0405525 0.108767 0.00432127 0.0424945 0.107848 0.00859819 0.0418393 0.107848 0.00443599 0.0436226 0.106714 0.00882646 0.04295 0.106714 0.00452905 0.0445377 0.1054 0.00901162 0.043851 0.1054 0.00459761 0.045212 0.103947 0.00914805 0.0445149 0.103947 0.0046396 0.0456249 0.102398 0.0186344 0.0335728 0.10986 0.0157532 0.0367092 0.109445 0.0193862 0.0349272 0.109445 0.0163263 0.0380449 0.108767 0.0200915 0.0361979 0.108767 0.0168444 0.039252 0.107848 0.020729 0.0373465 0.107848 0.0172916 0.0402941 0.106714 0.0212793 0.038338 0.106714 0.0176543 0.0411394 0.1054 0.0217257 0.0391423 0.1054 0.0179216 0.0417622 0.103947 0.0220546 0.0397348 0.103947 0.0180853 0.0421436 0.102398 0.0278303 0.0264547 0.10986 0.028953 0.0275219 0.109445 0.0315888 0.0244515 0.109445 0.0300064 0.0285232 0.108767 0.0327381 0.0253412 0.108767 0.0309585 0.0294283 0.107848 0.0337769 0.0261453 0.107848 0.0317804 0.0302096 0.106714 0.0346736 0.0268394 0.106714 0.0324471 0.0308433 0.1054 0.035401 0.0274024 0.1054 0.0329383 0.0313102 0.103947 0.0359369 0.0278173 0.103947 0.0332392 0.0315962 0.102398 0.0344735 0.0169101 0.10986 0.0358642 0.0175922 0.109445 0.03746 0.0138737 0.109445 0.0371691 0.0182323 0.108767 0.0388229 0.0143784 0.108767 0.0383485 0.0188108 0.107848 0.0400548 0.0148347 0.107848 0.0393666 0.0193102 0.106714 0.0411182 0.0152285 0.106714 0.0401924 0.0197153 0.1054 0.0419808 0.015548 0.1054 0.0408009 0.0200138 0.103947 0.0426163 0.0157833 0.103947 0.0411735 0.0201966 0.102398 0.0383483 0.0019448 0.10986 0.0383483 -0.0019448 0.10986 0.0398953 0.00202326 0.109445 0.0398953 -0.00202326 0.109445 0.0413469 0.00209688 0.108767 0.0413469 -0.00209688 0.108767 0.0426588 0.00216341 0.107848 0.0426588 -0.00216341 0.107848 0.0437913 0.00222084 0.106714 0.0437913 -0.00222084 0.106714 0.04471 0.00226743 0.1054 0.04471 -0.00226743 0.1054 0.0453868 0.00230176 0.103947 0.0453868 -0.00230176 0.103947 0.0458014 0.00232278 0.102398 0.0371718 -0.00962445 0.10986 0.0360074 -0.0133357 0.10986 0.0386714 -0.0100127 0.109445 0.03746 -0.0138737 0.109445 0.0400784 -0.010377 0.108767 0.0388229 -0.0143784 0.108767 0.0413501 -0.0107063 0.107848 0.0400548 -0.0148347 0.107848 0.0424479 -0.0109905 0.106714 0.0411182 -0.0152285 0.106714 0.0433383 -0.0112211 0.1054 0.0419808 -0.015548 0.1054 0.0439944 -0.0113909 0.103947 0.0426163 -0.0157833 0.103947 0.0443962 -0.011495 0.102398 0.0186344 -0.0335728 0.10986 0.0228202 -0.0327867 0.109445 0.0193862 -0.0349272 0.109445 0.0236505 -0.0339796 0.108767 0.0200915 -0.0361979 0.108767 0.0244009 -0.0350578 0.107848 0.020729 -0.0373465 0.107848 0.0250487 -0.0359885 0.106714 0.0212793 -0.038338 0.106714 0.0255742 -0.0367435 0.1054 0.0217257 -0.0391423 0.1054 0.0259614 -0.0372997 0.103947 0.0220546 -0.0397348 0.103947 0.0261985 -0.0376404 0.102398 0 -0.0368 0.11 0 -0.0383976 0.10986 0 -0.0399466 0.109445 0 -0.0414 0.108767 0 -0.0427136 0.107848 0 -0.0438476 0.106714 0 -0.0447674 0.1054 0 -0.0454452 0.103947 0 -0.0458602 0.102398 0 -0.046 0.1008 -0.0137289 -0.043757 0.102398 -0.0136046 -0.043361 0.103947 -0.0134017 -0.0427144 0.1054 -0.0131264 -0.0418367 0.106714 -0.0127869 -0.0407548 0.107848 -0.0123936 -0.0395014 0.108767 -0.0119585 -0.0381146 0.109445 -0.0114948 -0.0366366 0.10986 -0.0261985 -0.0376404 0.102398 -0.0259614 -0.0372997 0.103947 -0.0255742 -0.0367435 0.1054 -0.0250487 -0.0359885 0.106714 -0.0244009 -0.0350578 0.107848 -0.0236505 -0.0339796 0.108767 -0.0228202 -0.0327867 0.109445 -0.0219353 -0.0315153 0.10986 -0.0250111 -0.0291345 0.10986 -0.0260201 -0.0303098 0.109445 -0.0269668 -0.0314126 0.108767 -0.0278225 -0.0324093 0.107848 -0.0285611 -0.0332697 0.106714 -0.0291603 -0.0339677 0.1054 -0.0296017 -0.0344819 0.103947 -0.038919 -0.0242584 0.102398 -0.0385668 -0.0240389 0.103947 -0.0379916 -0.0236804 0.1054 -0.037211 -0.0231938 0.106714 -0.0362487 -0.022594 0.107848 -0.0351339 -0.0218991 0.108767 -0.0339004 -0.0211303 0.109445 -0.0443962 -0.011495 0.102398 -0.0439944 -0.0113909 0.103947 -0.0433383 -0.0112211 0.1054 -0.0424479 -0.0109905 0.106714 -0.0413501 -0.0107063 0.107848 -0.0400784 -0.010377 0.108767 -0.0386714 -0.0100127 0.109445 -0.0379548 -0.00581446 0.10986 -0.0394859 -0.00604902 0.109445 -0.0409226 -0.00626911 0.108767 -0.0422211 -0.00646803 0.107848 -0.043342 -0.00663975 0.106714 -0.0442512 -0.00677903 0.1054 -0.0449211 -0.00688166 0.103947 -0.0453314 0.00694451 0.102398 -0.0449211 0.00688166 0.103947 -0.0442512 0.00677903 0.1054 -0.043342 0.00663975 0.106714 -0.0422211 0.00646803 0.107848 -0.0409226 0.00626911 0.108767 -0.0394859 0.00604902 0.109445 -0.0379548 0.00581446 0.10986 -0.0411735 0.0201966 0.102398 -0.0408009 0.0200138 0.103947 -0.0401924 0.0197153 0.1054 -0.0393666 0.0193102 0.106714 -0.0383485 0.0188108 0.107848 -0.0371691 0.0182323 0.108767 -0.0358642 0.0175922 0.109445 -0.0344735 0.0169101 0.10986 -0.0339004 0.0211303 0.109445 -0.0351339 0.0218991 0.108767 -0.0362487 0.022594 0.107848 -0.037211 0.0231938 0.106714 -0.0379916 0.0236804 0.1054 -0.0385668 0.0240389 0.103947 -0.0359369 0.0278173 0.103947 -0.035401 0.0274024 0.1054 -0.0346736 0.0268394 0.106714 -0.0337769 0.0261453 0.107848 -0.0327381 0.0253412 0.108767 -0.0315888 0.0244515 0.109445 -0.0303639 0.0235034 0.10986 -0.0329383 0.0313102 0.103947 -0.0324471 0.0308433 0.1054 -0.0317804 0.0302096 0.106714 -0.0309585 0.0294283 0.107848 -0.0300064 0.0285232 0.108767 -0.028953 0.0275219 0.109445 -0.0278303 0.0264547 0.10986 -0.0298721 0.0347968 0.102398 -0.0296017 0.0344819 0.103947 -0.0291603 0.0339677 0.1054 -0.0285611 0.0332697 0.106714 -0.0278225 0.0324093 0.107848 -0.0269668 0.0314126 0.108767 -0.0260201 0.0303098 0.109445 -0.0180853 0.0421436 0.102398 -0.0179216 0.0417622 0.103947 -0.0176543 0.0411394 0.1054 -0.0172916 0.0402941 0.106714 -0.0168444 0.039252 0.107848 -0.0163263 0.0380449 0.108767 -0.0157532 0.0367092 0.109445 -0.0151423 0.0352857 0.10986 -0.0114948 0.0366366 0.10986 -0.0119585 0.0381146 0.109445 -0.0123936 0.0395014 0.108767 -0.0127869 0.0407548 0.107848 -0.0131264 0.0418367 0.106714 -0.0134017 0.0427144 0.1054 -0.0136046 0.043361 0.103947 -0.00914805 0.0445149 0.103947 -0.00901162 0.043851 0.1054 -0.00882646 0.04295 0.106714 -0.00859819 0.0418393 0.107848 -0.00833376 0.0405525 0.108767 -0.00804119 0.0391289 0.109445 -0.0046396 0.0456249 0.102398 -0.00459761 0.045212 0.103947 -0.00452905 0.0445377 0.1054 -0.00443599 0.0436226 0.106714 -0.00432127 0.0424945 0.107848 -0.00418837 0.0411876 0.108767 -0.00404133 0.0397416 0.109445 -0.00388462 0.0382006 0.10986 1.70519e-17 0.0383976 0.10986 1.77398e-17 0.0399466 0.109445 1.83853e-17 0.0414 0.108767 1.89687e-17 0.0427136 0.107848 1.94723e-17 0.0438476 0.106714 1.98807e-17 0.0447674 0.1054 2.01817e-17 0.0454452 0.103947 2.0366e-17 0.0458602 0.102398 2.04281e-17 0.046 0.1008 0.0137289 0.043757 0.102398 0.0136046 0.043361 0.103947 0.0134017 0.0427144 0.1054 0.0131264 0.0418367 0.106714 0.0127869 0.0407548 0.107848 0.0123936 0.0395014 0.108767 0.0119585 0.0381146 0.109445 0.0114948 0.0366366 0.10986 0.0261985 0.0376404 0.102398 0.0259614 0.0372997 0.103947 0.0255742 0.0367435 0.1054 0.0250487 0.0359885 0.106714 0.0244009 0.0350578 0.107848 0.0236505 0.0339796 0.108767 0.0228202 0.0327867 0.109445 0.0250111 0.0291345 0.10986 0.0260201 0.0303098 0.109445 0.0269668 0.0314126 0.108767 0.0278225 0.0324093 0.107848 0.0285611 0.0332697 0.106714 0.0291603 0.0339677 0.1054 0.0296017 0.0344819 0.103947 0.038919 0.0242584 0.102398 0.0385668 0.0240389 0.103947 0.0379916 0.0236804 0.1054 0.037211 0.0231938 0.106714 0.0362487 0.022594 0.107848 0.0351339 0.0218991 0.108767 0.0339004 0.0211303 0.109445 0.0325859 0.0203109 0.10986 0.0443962 0.011495 0.102398 0.0439944 0.0113909 0.103947 0.0433383 0.0112211 0.1054 0.0424479 0.0109905 0.106714 0.0413501 0.0107063 0.107848 0.0400784 0.010377 0.108767 0.0386714 0.0100127 0.109445 0.0371718 0.00962445 0.10986 0.0394859 0.00604902 0.109445 0.0409226 0.00626911 0.108767 0.0422211 0.00646803 0.107848 0.043342 0.00663975 0.106714 0.0442512 0.00677903 0.1054 0.0449211 0.00688166 0.103947 0.0453314 -0.00694451 0.102398 0.0449211 -0.00688166 0.103947 0.0442512 -0.00677903 0.1054 0.043342 -0.00663975 0.106714 0.0422211 -0.00646803 0.107848 0.0409226 -0.00626911 0.108767 0.0394859 -0.00604902 0.109445 0.0411735 -0.0201966 0.102398 0.0408009 -0.0200138 0.103947 0.0401924 -0.0197153 0.1054 0.0393666 -0.0193102 0.106714 0.0383485 -0.0188108 0.107848 0.0371691 -0.0182323 0.108767 0.0358642 -0.0175922 0.109445 0.0325859 -0.0203109 0.10986 0.0339004 -0.0211303 0.109445 0.0351339 -0.0218991 0.108767 0.0362487 -0.022594 0.107848 0.037211 -0.0231938 0.106714 0.0379916 -0.0236804 0.1054 0.0385668 -0.0240389 0.103947 0.0359369 -0.0278173 0.103947 0.035401 -0.0274024 0.1054 0.0346736 -0.0268394 0.106714 0.0337769 -0.0261453 0.107848 0.0327381 -0.0253412 0.108767 0.0315888 -0.0244515 0.109445 0.0329383 -0.0313102 0.103947 0.0324471 -0.0308433 0.1054 0.0317804 -0.0302096 0.106714 0.0309585 -0.0294283 0.107848 0.0300064 -0.0285232 0.108767 0.028953 -0.0275219 0.109445 0.0278303 -0.0264547 0.10986 0.0298721 -0.0347968 0.102398 0.0296017 -0.0344819 0.103947 0.0291603 -0.0339677 0.1054 0.0285611 -0.0332697 0.106714 0.0278225 -0.0324093 0.107848 0.0269668 -0.0314126 0.108767 0.0260201 -0.0303098 0.109445 0.0250111 -0.0291345 0.10986 0.0180853 -0.0421436 0.102398 0.0179216 -0.0417622 0.103947 0.0176543 -0.0411394 0.1054 0.0172916 -0.0402941 0.106714 0.0168444 -0.039252 0.107848 0.0163263 -0.0380449 0.108767 0.0157532 -0.0367092 0.109445 0.0151423 -0.0352857 0.10986 0.0119585 -0.0381146 0.109445 0.0123936 -0.0395014 0.108767 0.0127869 -0.0407548 0.107848 0.0131264 -0.0418367 0.106714 0.0134017 -0.0427144 0.1054 0.0136046 -0.043361 0.103947 0.00914805 -0.0445149 0.103947 0.00901162 -0.043851 0.1054 0.00882646 -0.04295 0.106714 0.00859819 -0.0418393 0.107848 0.00833376 -0.0405525 0.108767 0.00804119 -0.0391289 0.109445 0.00772937 -0.0376116 0.10986 0.0046396 -0.0456249 0.102398 0.00459761 -0.045212 0.103947 0.00452905 -0.0445377 0.1054 0.00443599 -0.0436226 0.106714 0.00432127 -0.0424945 0.107848 0.00418837 -0.0411876 0.108767 0.00404133 -0.0397416 0.109445</float_array>
                    <technique_common>
                        <accessor count="2150" source="#shape0-lib-positions-array" stride="3">
                            <param name="X" type="float"/>
                            <param name="Y" type="float"/>
                            <param name="Z" type="float"/>
                        </accessor>
                    </technique_common>
                </source>
                <source id="shape0-lib-normals" name="normal">
                    <float_array id="shape0-lib-normals-array" count="12804">-0.0848812 0.0210204 -0.996169 -0.582975 0.719922 -0.376633 -0.47721 0.835721 -0.271736 -0.351808 0.932248 -0.0845299 -0.351302 0.931249 -0.0967581 -0.45815 0.841409 -0.286584 -0.535111 0.706535 -0.463103 -0.530023 0.637748 -0.558886 -0.618458 0.551559 -0.559726 -0.542768 0.552843 -0.632272 -0.436809 0.424785 -0.792941 -0.490312 0.311818 -0.813857 -0.420466 0.312247 -0.851886 -0.489818 0.299952 -0.818601 -0.356402 0.217279 -0.908718 -0.298748 0.246678 -0.9219 -0.368081 0.207947 -0.906242 -0.270838 0.15294 -0.950398 -0.206552 0.162526 -0.964843 -0.173723 -0.141112 -0.974632 -0.0810149 0.0325483 -0.996181 -0.047199 0.0391167 -0.998119 -0.119203 0.0517096 -0.991522 -0.0784649 0.0063633 -0.996897 -0.0877664 0.00333085 -0.996136 -0.165022 0.0133828 -0.986199 -0.241875 0.0196154 -0.970109 -0.259878 0.0138523 -0.965542 -0.325448 0.026393 -0.945192 -0.398544 0.0323209 -0.91658 -0.42384 0.0241917 -0.905414 -0.47679 0.0386665 -0.878166 -0.0848812 0.0210204 -0.996169 -0.251997 0.0624058 -0.965714 -0.251997 0.0624059 -0.965714 -0.41133 0.101864 -0.905777 -0.41133 0.101864 -0.905777 -0.557982 0.138181 -0.818268 -0.557982 0.138181 -0.818268 -0.152736 0.065406 -0.9861 -0.238649 0.102196 -0.965714 -0.238648 0.102196 -0.965714 -0.389541 0.166812 -0.905777 -0.389541 0.166812 -0.905777 -0.528425 0.226286 -0.818268 -0.528425 0.226286 -0.818268 -0.736879 0.0329222 -0.675223 -0.674584 0.0547071 -0.736168 -0.572956 0.0464653 -0.818268 -0.615531 0.0201299 -0.787856 -0.544112 0.0441261 -0.837852 -0.597647 0.380079 -0.705944 -0.597648 0.38008 -0.705943 -0.651082 0.278811 -0.705944 -0.651082 0.278811 -0.705944 -0.6875 0.170256 -0.705944 -0.6875 0.170256 -0.705944 -0.70595 0.0572507 -0.705944 -0.491489 0.353252 -0.796022 -0.534071 0.481889 -0.694659 -0.533329 0.465621 -0.706228 -0.616582 0.540359 -0.572571 -0.691957 0.440058 -0.572315 -0.691957 0.440056 -0.572317 -0.753823 0.322808 -0.572316 -0.753823 0.322808 -0.572316 -0.795988 0.197122 -0.572316 -0.795989 0.197122 -0.572316 -0.91563 0.0558227 -0.398127 -0.876591 0.0710893 -0.475957 -0.81735 0.066285 -0.572316 -0.837828 0.0448613 -0.544089 -0.786403 0.0637752 -0.614413 -0.550335 0.630866 -0.546936 -0.593957 0.684787 -0.422235 -0.676789 0.60358 -0.421483 -0.676789 0.603579 -0.421484 -0.765203 0.486637 -0.421484 -0.765203 0.486639 -0.421482 -0.833618 0.356979 -0.421482 -0.833618 0.356978 -0.421483 -0.880246 0.217988 -0.421483 -0.880246 0.217988 -0.421483 -0.903869 0.0733013 -0.421483 -0.504613 0.777988 -0.374301 -0.523827 0.81158 -0.258734 -0.608006 0.750833 -0.258029 -0.608005 0.750834 -0.258027 -0.721047 0.64305 -0.258027 -0.721047 0.64305 -0.258027 -0.815242 0.518462 -0.258027 -0.815242 0.518461 -0.258027 -0.888131 0.380322 -0.258027 -0.888131 0.380322 -0.258027 -0.937809 0.232243 -0.258028 -0.937809 0.232243 -0.258028 -0.994186 0.0739736 -0.0782448 -0.983146 0.0797305 -0.164521 -0.962976 0.0780948 -0.258028 -0.968205 0.0656178 -0.241399 -0.942751 0.0764545 -0.324616 -0.408251 0.891478 -0.196465 -0.410052 0.907889 -0.0871496 -0.493994 0.865114 -0.0868746 -0.493993 0.865115 -0.0868728 -0.626936 0.774212 -0.0868728 -0.626937 0.774211 -0.0868743 -0.743497 0.663072 -0.086874 -0.743497 0.663073 -0.0868723 -0.840626 0.534604 -0.0868725 -0.840626 0.534604 -0.0868734 -0.915784 0.392164 -0.0868732 -0.915784 0.392164 -0.0868724 -0.967008 0.239475 -0.0868727 -0.967008 0.239474 -0.0868734 -0.99296 0.0805263 -0.0868731 -0.0871591 -0.00706838 -0.996169 -0.0848812 -0.0210204 -0.996169 -0.408261 -0.892033 -0.193909 -0.504686 -0.777902 -0.374379 -0.474719 -0.375282 -0.796119 -0.0810149 -0.0325483 -0.996181 -0.271505 -0.152836 -0.950224 -0.213236 -0.161569 -0.963549 -0.177868 -0.214352 -0.960425 -0.162065 -0.0900784 -0.98266 -0.0754073 -0.00509335 -0.99714 -0.351661 -0.199994 -0.914515 -0.360432 -0.222148 -0.905946 -0.407267 -0.248799 -0.878767 -0.506441 -0.401923 -0.762873 -0.533063 -0.465947 -0.706213 -0.533594 -0.465793 -0.705914 -0.529992 -0.637758 -0.558903 -0.550364 -0.630856 -0.546919 -0.409317 -0.896646 -0.168778 -0.351714 -0.932065 -0.0869009 -0.351808 -0.932248 -0.0845299 -0.508087 -0.784132 -0.35635 -0.48493 -0.835582 -0.25816 -0.478011 -0.837123 -0.265952 -0.493994 -0.865114 -0.0868728 -0.493993 -0.865115 -0.0868746 -0.56312 -0.646627 -0.514557 -0.559483 -0.713966 -0.420989 -0.582796 -0.719701 -0.377333 -0.608006 -0.750833 -0.258027 -0.608005 -0.750834 -0.258029 -0.626936 -0.774212 -0.0868742 -0.626937 -0.774211 -0.0868728 -0.557314 -0.487133 -0.672386 -0.606639 -0.552112 -0.57198 -0.618373 -0.551483 -0.559895 -0.676789 -0.60358 -0.421484 -0.676789 -0.60358 -0.421483 -0.721047 -0.64305 -0.258027 -0.721047 -0.64305 -0.258027 -0.743497 -0.663072 -0.0868723 -0.743497 -0.663073 -0.086874 -0.431327 -0.263545 -0.862845 -0.478981 -0.319194 -0.817736 -0.510371 -0.324575 -0.796349 -0.597648 -0.38008 -0.705943 -0.597647 -0.38008 -0.705944 -0.691956 -0.440057 -0.572317 -0.691958 -0.440056 -0.572315 -0.765204 -0.486638 -0.421482 -0.765202 -0.486639 -0.421484 -0.815242 -0.518462 -0.258027 -0.815242 -0.518462 -0.258027 -0.840626 -0.534604 -0.0868734 -0.840626 -0.534604 -0.0868724 -0.0775738 -0.0332193 -0.996433 -0.238648 -0.102196 -0.965714 -0.238649 -0.102196 -0.965714 -0.389541 -0.166812 -0.905777 -0.389541 -0.166812 -0.905777 -0.528425 -0.226286 -0.818268 -0.528425 -0.226286 -0.818268 -0.651082 -0.278811 -0.705944 -0.651082 -0.278811 -0.705944 -0.753824 -0.322808 -0.572316 -0.753823 -0.322808 -0.572316 -0.833618 -0.356979 -0.421483 -0.833618 -0.356978 -0.421482 -0.888131 -0.380322 -0.258027 -0.888131 -0.380322 -0.258027 -0.915784 -0.392164 -0.0868724 -0.915784 -0.392164 -0.0868732 -0.0848812 -0.0210204 -0.996169 -0.251997 -0.0624058 -0.965714 -0.251997 -0.0624058 -0.965714 -0.41133 -0.101864 -0.905777 -0.41133 -0.101864 -0.905777 -0.557982 -0.138181 -0.818268 -0.557982 -0.138181 -0.818268 -0.6875 -0.170256 -0.705944 -0.6875 -0.170256 -0.705944 -0.795989 -0.197122 -0.572316 -0.795988 -0.197122 -0.572316 -0.880246 -0.217988 -0.421483 -0.880246 -0.217988 -0.421483 -0.937809 -0.232243 -0.258028 -0.937809 -0.232243 -0.258028 -0.967008 -0.239475 -0.0868734 -0.967008 -0.239474 -0.0868727 -0.0871591 -0.00706837 -0.996169 -0.25876 -0.0209848 -0.965714 -0.25876 -0.0209848 -0.965714 -0.422369 -0.034253 -0.905777 -0.422369 -0.034253 -0.905777 -0.572956 -0.0464653 -0.818268 -0.572956 -0.0464653 -0.818268 -0.70595 -0.0572508 -0.705944 -0.70595 -0.0572507 -0.705944 -0.81735 -0.0662849 -0.572315 -0.81735 -0.0662851 -0.572316 -0.903869 -0.0733015 -0.421483 -0.903869 -0.0733013 -0.421483 -0.962976 -0.0780947 -0.258028 -0.962976 -0.0780948 -0.258028 -0.99296 -0.0805263 -0.0868732 -0.99296 -0.0805263 -0.0868731 1 0 0 1 0 0 1 0 0 1 0 0 1 0 0 1 0 0 1 0 0 1 0 0 1 0 0 1 0 0 1 0 0 0.996767 -0.0803512 0 0.996728 -0.0808321 -5.47054e-06 0.971025 -0.238978 5.44001e-06 0.970678 -0.240383 -1.08662e-05 0.920207 -0.391432 1.08243e-05 0.91926 -0.393652 -1.62176e-05 0.845623 -0.533781 1.61198e-05 0.843815 -0.536634 -2.14802e-05 0.749204 -0.662339 2.13754e-05 0.746319 -0.665589 -2.67133e-05 0.633432 -0.773798 2.6528e-05 0.629316 -0.77715 -3.18449e-05 0.501308 -0.865269 3.16517e-05 0.495866 -0.868399 -3.69626e-05 0.356229 -0.934399 3.66555e-05 0.353073 -0.935596 0 0.280878 -0.959744 0 0.195575 -0.980682 -0.00353078 0.241723 -0.970343 0.0020467 0.250803 -0.968037 0.00125124 0.259872 -0.965643 0.000556973 0.171884 -0.985117 0 0.121767 -0.992559 0 0.0713382 -0.997439 -0.00513733 0.0506494 -0.998717 0 -0.0506494 -0.998717 0 -0.0713382 -0.997439 -0.00513733 -0.241723 -0.970345 0 -0.212561 -0.977129 -0.00607179 -0.171884 -0.985117 0 -0.121767 -0.992559 0 -0.290561 -0.956857 0 -0.347304 -0.937749 -0.00269811 -0.349462 -0.936944 -0.00337277 -0.513238 -0.858247 0 -0.47924 -0.877662 -0.00617561 -0.450704 -0.892673 0 -0.404914 -0.914355 0 -0.55605 -0.831149 0 -0.612094 -0.790761 -0.00622476 -0.599278 -0.800541 -0.00077823 -0.653122 -0.757253 0 -0.690634 -0.723204 0 -0.707096 -0.707096 -0.00544895 -0.816796 -0.576926 0 -0.800527 -0.599267 -0.00591603 -0.773558 -0.633725 0 -0.740468 -0.672092 0 -0.844969 -0.534816 0 -0.874345 -0.485301 -0.00194593 -0.877672 -0.479245 -0.0038916 -0.949189 -0.314707 0 -0.936932 -0.349457 -0.00622751 -0.92432 -0.381619 0 -0.903804 -0.427946 0 -0.96391 -0.266227 0 -0.979516 -0.201296 -0.00526558 -0.977146 -0.212565 -0.00150441 -0.989155 -0.146879 0 -0.995325 -0.096584 0 -0.997436 -0.0713379 -0.00570834 -0.995325 0.096584 0 -0.997436 0.0713379 -0.00570834 -0.999679 0.0253333 0 -0.999679 -0.0253333 4.62052e-20 -0.989155 0.146879 0 -0.979529 0.201298 -0.0012453 -0.977138 0.212563 -0.00435873 -0.92432 0.381619 0 -0.936932 0.349457 -0.00622751 -0.949189 0.314707 0 -0.96391 0.266227 0 -0.903804 0.427946 0 -0.874339 0.485297 -0.00435795 -0.877677 0.479248 -0.00217911 -0.844969 0.534816 0 -0.816796 0.576926 0 -0.800527 0.599267 -0.00591603 -0.690634 0.723204 0 -0.707096 0.707096 -0.00544896 -0.740468 0.672092 0 -0.773558 0.633725 0 -0.653122 0.757253 0 -0.612106 0.790776 -0.000596859 -0.599271 0.800532 -0.00477394 -0.450704 0.892673 0 -0.47924 0.877662 -0.00617561 -0.513238 0.858247 0 -0.55605 0.831149 0 -0.404914 0.914355 0 -0.347303 0.937747 -0.00350235 -0.349463 0.936946 -0.00280177 -0.290561 0.956857 0 -0.241723 0.970345 0 -0.212561 0.977129 -0.00607179 -0.171884 0.985117 0 -0.121767 0.992559 0 -0.0713382 0.997439 -0.00513733 0.267383 0.962304 0.0497813 0.171868 0.985024 -0.0137547 0.241723 0.970345 0.000176325 0.280878 0.959744 0 0.280878 0.959744 0 -0.0506494 0.998717 0 0.0506494 0.998717 -3.03539e-17 0.0713382 0.997439 -0.00513733 0.121767 0.992559 0 0.195576 0.980689 0 0.26787 0.963255 0.0196429 0.313928 0.881503 0.352706 0.273842 0.961765 0.0042384 0.258578 0.965979 -0.00470583 0.273505 -0.961871 3.33599e-05 0.280878 -0.959744 0 0.290561 -0.956857 0 0.349464 -0.936949 -0.000694901 0.347305 -0.937752 -0.00086866 0.479248 -0.877678 -0.00153171 0.450704 -0.892673 0 0.404914 -0.914355 0 0.612105 -0.790775 -0.0015439 0.55605 -0.831149 0 0.513238 -0.858247 0 0.653111 -0.757239 -0.00597834 0.599278 -0.800541 0 0.690634 -0.723204 0 0.707106 -0.707106 -0.00135147 0.740468 -0.672091 0 0.773558 -0.633725 0 0.80054 -0.599277 -0.00146732 0.816796 -0.576926 0 0.844969 -0.534816 0 0.877679 -0.479249 -0.000540468 0.874346 -0.485301 -0.00108087 0.936949 -0.349464 -0.00154458 0.92432 -0.381619 0 0.903804 -0.427946 0 0.989155 -0.146879 0 0.97953 -0.201298 -0.00030886 0.977146 -0.212565 -0.00108107 0.96391 -0.266227 0 0.949189 -0.314707 0 0.995325 -0.096584 0 0.997451 -0.071339 -0.00141581 0.999679 -0.0253333 0 0.999679 0.0253333 -8.28506e-21 0.997451 0.071339 -0.00141581 0.995325 0.096584 0 0.989155 0.146879 0 0.977147 0.212565 -0.000373127 0.979529 0.201298 -0.00130599 0.936949 0.349464 -0.00154458 0.949189 0.314707 0 0.96391 0.266227 0 0.844969 0.534816 0 0.874347 0.485301 -0.000482633 0.877679 0.479249 -0.000965206 0.903804 0.427946 0 0.92432 0.381619 0 0.816796 0.576926 0 0.80054 0.599277 -0.00146732 0.773558 0.633725 0 0.740468 0.672091 0 0.707106 0.707106 -0.00135147 0.690634 0.723204 0 0.653122 0.757253 0 0.599278 0.800541 -0.000193018 0.612105 0.790775 -0.0015439 0.479248 0.877678 -0.00153171 0.513238 0.858247 0 0.55605 0.831149 0 0.290561 0.956857 0 0.347305 0.937752 -0.00066919 0.349464 0.936949 -0.000836523 0.404914 0.914355 0 0.450704 0.892673 0 0.356229 0.934399 0 0.353073 0.935596 3.82592e-05 0.501308 0.865269 -3.99451e-05 0.495866 0.868399 3.42084e-05 0.633432 0.773798 -3.40067e-05 0.629316 0.77715 2.83292e-05 0.749204 0.662339 -2.81884e-05 0.746319 0.665589 2.25554e-05 0.845623 0.533781 -2.23971e-05 0.843815 0.536634 1.68075e-05 0.920207 0.391432 -1.67093e-05 0.91926 0.393652 1.11519e-05 0.971025 0.238978 -1.10626e-05 0.970678 0.240383 5.53815e-06 0.996767 0.0803512 -5.50334e-06 0.996728 0.0808321 0 1 0 0 1 0 0 1 0 0 1 0 0 1 0 0 1 0 0 1 0 0 1 0 0 1 0 0 1 0 0 1 0 0 -0.0713395 0.997452 0 -0.0871559 0.996195 -0.000614304 -0.258819 0.965925 -0.000955756 -0.228043 0.973651 0 -0.158001 0.987439 0 -0.422618 0.906307 -0.0010241 -0.379016 0.92539 0 -0.312031 0.950072 0 -0.573577 0.819151 -0.000819173 -0.520469 0.853881 0 -0.458227 0.888835 0 -0.707109 0.707105 -0.000341347 -0.648827 0.760936 0 -0.592909 0.80527 0 -0.760904 0.648853 -0.003748 -0.707106 0.707108 0 -0.80527 0.592909 0 -0.819152 0.573576 -0.000819223 -0.853883 0.520465 0 -0.888835 0.458228 0 -0.906308 0.422616 -0.0010242 -0.925393 0.37901 0 -0.95007 0.312038 0 -0.965925 0.258821 -0.000955845 -0.973651 0.228042 0 -0.98744 0.157996 0 -0.996194 0.0871571 -0.000614248 -0.997452 0.0713421 0 -1 0 0 -1 0 0 -0.997452 -0.0713421 0 -0.996194 -0.0871571 -0.000614248 -0.965925 -0.258821 -0.000955845 -0.973651 -0.228042 0 -0.98744 -0.157996 0 -0.906308 -0.422616 -0.0010242 -0.925393 -0.37901 0 -0.95007 -0.312038 0 -0.819152 -0.573576 -0.000819223 -0.853883 -0.520465 0 -0.888835 -0.458228 0 -0.707109 -0.707105 -0.000341144 -0.76091 -0.648858 0 -0.80527 -0.592909 0 -0.648822 -0.760931 -0.00374978 -0.707106 -0.707108 0 -0.592909 -0.80527 0 -0.573577 -0.819151 -0.000819172 -0.520469 -0.853881 0 -0.458227 -0.888835 0 -0.422618 -0.906307 -0.0010241 -0.379016 -0.92539 0 -0.312031 -0.950072 0 -0.258819 -0.965925 -0.000955757 -0.228043 -0.973651 0 -0.158001 -0.987439 0 -0.0871559 -0.996195 -0.000614304 -0.0713395 -0.997452 0 0 -1 0 0 -1 0 0 -1 0 0 -1 0 0 1 0 0 1 0 0 1 0 0 1 0 0 0 1 0 0 1 0 0 1 0 0 1 0 0 1 0 0 1 0 0 1 0 0 1 0 0 1 0 0 1 0 0 1 0 0 1 0 0 1 0 0 1 0 0 1 0 0 1 0 0 1 0 0 1 0 0 1 0 0 1 0 0 1 0 0 1 0 0 1 0 0 1 0 0 1 0 0 1 0 0 1 0 0 1 0 0 1 0 0 1 0 0 1 0 0 1 0 0 1 0 0 1 0 0 1 0 0 1 0 0 1 0 0 1 0 0 1 0 0 1 0 0 1 0 0 1 0 0 1 0 0 1 0 0 1 0 0 1 0 0 1 0 0 1 0 0 1 0 0 1 0 0 1 0 0 1 0 0 1 0 0 1 0 0 1 0 0 1 0 0 1 0 0 1 0 0 1 0 0 1 0 0 1 0 0 1 0 0 1 0 0 -1 0 0 -1 0 0 -1 0 0 -1 0 0 -1 0 0 -1 0 0 -1 0 0 -1 0 0 -1 0 0 -1 0 0 -1 0 0 -1 0 0 -1 0 0 -1 0 0 -1 0 0 -1 0 0 -1 0 0 -1 0 0 -1 0 0 -1 0 0 -1 0 0 -1 0 0 -1 0 0 -1 0 0 -1 0 0 -1 0 0 -1 0 0 -1 0 0 -1 0 0 -1 0 0 -1 0 0 -1 0 0 -1 0 0 -1 0 0 -1 0 0 -1 0 0 -1 0 0 -1 0 0 -1 0 0 -1 0 0 -1 0 0 -1 0 0 -1 0 0 -1 0 0 -1 0 0 -1 0 0 -1 0 0 -1 0 0 -1 0 0 -1 0 0 -1 0 0 -1 0 0 -1 0 0 -1 0 0 -1 0 0 -1 0 0 -1 0 0 -1 0 0 -1 0 0 -1 0 0 -1 0 0 -1 0 0 -1 0 0 -1 0 0 -1 0 0 -1 0 0 -1 0 0 -1 0 0 -1 0 0 -1 0 0 -1 0 0 -1 0 0 -1 0 0 -1 0 0 -1 0 0 -1 0 0 -1 0 0 -1 0 0 -1 0 0 -1 0 0 -1 0 0 -1 0 0 -1 0 0 -1 0 0 -1 0 0 -1 0 0 -1 0 0 -1 0 0 -1 0 0 -1 0 0 -1 0 0 -1 0.0693109 -0.997595 0 0.0693109 -0.997595 0 0.206599 -0.978426 0 0.206599 -0.978426 0 0.339917 -0.940456 0 0.339917 -0.940456 0 0.459083 -0.888393 0 0.459083 -0.888393 0 0.563404 -0.826182 0 0.563404 -0.826182 0 0.659413 -0.751781 0 0.659413 -0.751781 0 0.745693 -0.66629 0 0.745693 -0.66629 0 0.820972 -0.570969 0 0.820972 -0.570969 0 0.884139 -0.467224 0 0.884139 -0.467224 0 0.934263 -0.356586 0 0.934263 -0.356586 0 0.970603 -0.240688 0 0.970603 -0.240688 0 0.992624 -0.121238 0 0.992624 -0.121238 0 1 0 0 1 0 0 0.992624 0.121238 0 0.992624 0.121238 0 0.970603 0.240688 0 0.970603 0.240688 0 0.934263 0.356586 0 0.934263 0.356586 0 0.884139 0.467224 0 0.884139 0.467224 0 0.820972 0.570969 0 0.820972 0.570969 0 0.745693 0.66629 0 0.745693 0.66629 0 0.659413 0.751781 0 0.659413 0.751781 0 0.563404 0.826182 0 0.563404 0.826182 0 0.459083 0.888393 0 0.459083 0.888393 0 0.339917 0.940456 0 0.339917 0.940456 0 0.206599 0.978426 0 0.206599 0.978426 0 0.0693109 0.997595 0 0.0693109 0.997595 0 0 0 1 0 0 1 0 0 1 0 0 1 0 0 1 0 0 1 0 0 1 0 0 1 0 0 1 0 0 1 0 0 1 0 0 1 0 0 1 0 0 1 0 0 1 0 0 1 0 0 1 0 0 1 0 0 1 0 0 1 0 0 1 0 0 1 0 0 1 0 0 1 0 0 1 0 0 1 0 0 1 0 0 1 0 0 1 0 0 1 0 0 1 0 0 1 0 0 1 0 0 1 0 0 1 0 0 1 0 0 1 0 0 1 0 0 1 0 0 1 0 0 1 0 0 1 0 0 1 0 0 1 0 0 1 0 0 1 0 0 1 0 0 1 0 0 1 0 0 1 0 0 1 0 0 1 0 0 1 0 0 1 0 0 1 0 0 1 0 0 1 0 0 1 0 0 1 0 0 1 0 0 1 0 0 1 0 0 1 0 -0.087158 0.996195 0 -0.087158 0.996195 0 -0.258819 0.965926 0 -0.258819 0.965926 0 -0.422616 0.906309 0 -0.422616 0.906309 0 -0.573577 0.819151 0 -0.573577 0.819151 0 -0.707107 0.707107 0 -0.707107 0.707107 0 -0.819153 0.573576 0 -0.819153 0.573576 0 -0.906307 0.422619 0 -0.906307 0.422619 0 -0.965926 0.258819 0 -0.965926 0.258819 0 -0.996195 0.0871556 0 -0.996195 0.0871556 -0.969957 -0.227177 0.087024 -0.921877 -0.37757 0.0870858 -0.758015 -0.646389 0.0871525 -0.590662 -0.802218 0.0869779 -0.456487 -0.885461 0.0870572 -0.1574 -0.983682 0.0871453 -0.0305358 -0.0818699 0.996175 -0.030536 -0.08187 0.996175 -0.0906635 -0.243078 0.96576 -0.0906639 -0.243078 0.96576 -0.147999 -0.3968 0.905895 -0.147998 -0.396799 0.905896 -0.200787 -0.538332 0.818464 -0.200789 -0.538333 0.818463 -0.247425 -0.663368 0.706204 -0.247424 -0.663368 0.706205 -0.286505 -0.768149 0.572593 -0.286504 -0.768148 0.572595 -0.316866 -0.849551 0.421734 -0.316866 -0.849551 0.421734 -0.337614 -0.905179 0.258202 -0.337614 -0.905179 0.258203 -0.0766909 -0.0418766 0.996175 -0.0766906 -0.0418767 0.996175 -0.227699 -0.124335 0.965761 -0.227702 -0.124334 0.96576 -0.371702 -0.202963 0.905894 -0.371699 -0.202964 0.905895 -0.504275 -0.275356 0.818465 -0.504279 -0.275355 0.818463 -0.621406 -0.339311 0.706203 -0.621405 -0.339311 0.706204 -0.719555 -0.392905 0.572596 -0.719551 -0.392906 0.5726 -0.79581 -0.434547 0.421729 -0.795812 -0.434546 0.421726 -0.847918 -0.462998 0.258203 -0.847914 -0.463 0.258211 -0.00623347 -0.0871563 0.996175 -0.00623351 -0.0871564 0.996175 -0.0185078 -0.258775 0.96576 -0.0185082 -0.258775 0.96576 -0.0302127 -0.422423 0.905895 -0.0302124 -0.422423 0.905895 -0.0409888 -0.573095 0.818463 -0.0409889 -0.573096 0.818463 -0.0505091 -0.706204 0.706204 -0.0505087 -0.706204 0.706205 -0.0584866 -0.81775 0.572594 -0.0584862 -0.81775 0.572595 -0.0646841 -0.904409 0.421734 -0.0646853 -0.90441 0.421732 -0.0689207 -0.963629 0.258204 -0.0689206 -0.963629 0.258204 -0.0710696 -0.993676 0.0869352 -0.0710694 -0.993676 0.0869356 -0.227178 -0.969957 0.0870214 -0.21123 -0.971008 0.111916 -0.205357 -0.944013 0.258203 -0.205357 -0.944012 0.258204 -0.192737 -0.885999 0.421733 -0.192738 -0.885999 0.421732 -0.17427 -0.801104 0.572593 -0.174269 -0.801103 0.572595 -0.150498 -0.691828 0.706204 -0.150497 -0.691827 0.706205 -0.12213 -0.561428 0.818463 -0.122131 -0.56143 0.818463 -0.0900216 -0.413823 0.905895 -0.0900212 -0.413823 0.905896 -0.0551467 -0.253507 0.96576 -0.0551476 -0.253507 0.96576 -0.0185739 -0.0853822 0.996175 -0.0185738 -0.0853821 0.996175 -0.34814 -0.933403 0.086935 -0.374701 -0.914855 0.150466 -0.310845 -0.94646 0.0871113 -0.51849 -0.850633 0.087128 -0.475842 -0.871441 0.119017 -0.462997 -0.847917 0.258204 -0.462998 -0.847917 0.258203 -0.434544 -0.795809 0.421734 -0.434545 -0.795809 0.421734 -0.392908 -0.719556 0.572592 -0.392906 -0.719556 0.572594 -0.339311 -0.621404 0.706205 -0.339311 -0.621404 0.706204 -0.275356 -0.504278 0.818463 -0.275357 -0.504279 0.818463 -0.202963 -0.371699 0.905895 -0.202961 -0.371698 0.905896 -0.124333 -0.227701 0.96576 -0.124334 -0.227702 0.96576 -0.0418762 -0.0766909 0.996175 -0.0418764 -0.076691 0.996175 -0.646358 -0.75804 0.0871577 -0.596201 -0.796428 0.10123 -0.578958 -0.773395 0.258201 -0.578957 -0.773395 0.258204 -0.543377 -0.725866 0.421735 -0.543376 -0.725866 0.421735 -0.491311 -0.656314 0.572595 -0.491314 -0.656315 0.572591 -0.424295 -0.566789 0.706204 -0.424294 -0.566789 0.706205 -0.344322 -0.459959 0.818462 -0.34432 -0.459958 0.818464 -0.253795 -0.339031 0.905895 -0.253796 -0.339031 0.905895 -0.155474 -0.207688 0.965761 -0.155474 -0.207688 0.96576 -0.0523646 -0.0699506 0.996175 -0.0523644 -0.0699506 0.996175 -0.0617867 -0.0617865 0.996175 -0.0617862 -0.0617864 0.996175 -0.183448 -0.183448 0.965761 -0.183447 -0.183448 0.965761 -0.29946 -0.299461 0.905895 -0.299463 -0.299462 0.905894 -0.406277 -0.406275 0.818462 -0.406273 -0.406274 0.818464 -0.500636 -0.500639 0.706204 -0.500638 -0.500639 0.706203 -0.579713 -0.579714 0.572595 -0.579714 -0.579714 0.572594 -0.641147 -0.641147 0.421735 -0.641148 -0.641147 0.421733 -0.68313 -0.683129 0.258201 -0.683129 -0.683129 0.258203 -0.704429 -0.704429 0.0869406 -0.704432 -0.704428 0.0869349 -0.802217 -0.590661 0.0869869 -0.796429 -0.596199 0.101234 -0.773396 -0.578956 0.258203 -0.773396 -0.578956 0.258203 -0.725868 -0.543378 0.42173 -0.725865 -0.543378 0.421734 -0.656313 -0.491312 0.572596 -0.656315 -0.491312 0.572594 -0.566791 -0.424295 0.706203 -0.566791 -0.424295 0.706203 -0.459956 -0.344319 0.818465 -0.459957 -0.344319 0.818464 -0.339033 -0.253796 0.905894 -0.339033 -0.253796 0.905894 -0.207688 -0.155473 0.965761 -0.207688 -0.155473 0.965761 -0.0699508 -0.0523644 0.996175 -0.0699505 -0.0523644 0.996175 -0.874355 -0.477438 0.0869336 -0.88073 -0.45405 0.134738 -0.850635 -0.518485 0.0871367 -0.946458 -0.310852 0.0871138 -0.929887 -0.346827 0.122558 -0.905179 -0.337611 0.258204 -0.905176 -0.337614 0.258211 -0.84955 -0.316866 0.421735 -0.849556 -0.316863 0.421726 -0.768152 -0.286501 0.572591 -0.768143 -0.286505 0.5726 -0.663365 -0.247424 0.706206 -0.663369 -0.247423 0.706204 -0.538334 -0.200788 0.818462 -0.538333 -0.200789 0.818463 -0.3968 -0.148 0.905895 -0.396801 -0.147999 0.905895 -0.243077 -0.0906632 0.965761 -0.243079 -0.0906625 0.96576 -0.0818702 -0.0305355 0.996175 -0.0818698 -0.0305356 0.996175 -0.983683 -0.157395 0.0871423 -0.971008 -0.211231 0.111915 -0.944011 -0.205358 0.258209 -0.944012 -0.205356 0.258205 -0.886 -0.192736 0.421731 -0.885998 -0.192738 0.421735 -0.801105 -0.174271 0.572591 -0.801105 -0.174271 0.572591 -0.691825 -0.150498 0.706207 -0.691826 -0.150498 0.706207 -0.56143 -0.122132 0.818462 -0.56143 -0.122132 0.818462 -0.413826 -0.0900223 0.905894 -0.413824 -0.0900231 0.905895 -0.253506 -0.0551477 0.96576 -0.253505 -0.0551484 0.965761 -0.0853819 -0.0185743 0.996175 -0.0853824 -0.018574 0.996175 -0.0871562 -0.00623364 0.996175 -0.087157 -0.00623307 0.996175 -0.258775 -0.0185064 0.96576 -0.258775 -0.0185064 0.96576 -0.422425 -0.0302099 0.905894 -0.422422 -0.0302118 0.905896 -0.573097 -0.0409882 0.818462 -0.573093 -0.0409905 0.818465 -0.706201 -0.050511 0.706207 -0.706204 -0.0505089 0.706204 -0.817752 -0.058487 0.572591 -0.817749 -0.0584897 0.572595 -0.904411 -0.0646882 0.421731 -0.904413 -0.0646855 0.421725 -0.963628 -0.0689206 0.258209 -0.963629 -0.068918 0.258204 -0.993676 -0.071067 0.0869328 -0.993675 -0.071072 0.0869432 -0.0871587 0 0.996194 -0.0871587 0 0.996194 -0.258819 0 0.965926 -0.258819 0 0.965926 -0.422615 0 0.906309 -0.422615 0 0.906309 -0.573575 0 0.819153 -0.573575 0 0.819153 -0.707107 0 0.707107 -0.707107 0 0.707107 -0.819151 0 0.573577 -0.819151 0 0.573577 -0.906311 0 0.42261 -0.906311 0 0.42261 -0.965926 0 0.258819 -0.965926 0 0.258819 -0.996194 0 0.0871636 -0.996194 0 0.0871636 -0.227178 0.969957 0.0870214 -0.377576 0.921874 0.0870873 -0.646358 0.75804 0.0871577 -0.802217 0.590661 0.0869869 -0.88546 0.456488 0.087056 -0.983683 0.157395 0.0871423 -0.0818701 0.0305357 0.996175 -0.0818699 0.0305354 0.996175 -0.243077 0.0906618 0.965761 -0.243079 0.0906639 0.96576 -0.3968 0.147999 0.905895 -0.396801 0.148 0.905895 -0.538334 0.200789 0.818462 -0.538333 0.200788 0.818463 -0.663366 0.247423 0.706206 -0.663368 0.247425 0.706204 -0.768149 0.286507 0.572591 -0.768145 0.286499 0.5726 -0.849552 0.316862 0.421735 -0.849554 0.316868 0.421726 -0.905178 0.337614 0.258204 -0.905177 0.337611 0.258211 -0.0418763 0.0766908 0.996175 -0.0418763 0.0766911 0.996175 -0.124334 0.227701 0.96576 -0.124334 0.227702 0.96576 -0.202962 0.3717 0.905895 -0.202962 0.371697 0.905896 -0.275357 0.504278 0.818464 -0.275357 0.504279 0.818463 -0.339311 0.621404 0.706205 -0.339311 0.621404 0.706204 -0.392907 0.719557 0.572592 -0.392907 0.719555 0.572594 -0.434545 0.795808 0.421734 -0.434544 0.795809 0.421734 -0.462998 0.847917 0.258204 -0.462997 0.847918 0.258203 -0.087157 0.00623371 0.996175 -0.0871563 0.00623302 0.996175 -0.258775 0.0185064 0.96576 -0.258775 0.0185064 0.96576 -0.422422 0.0302097 0.905896 -0.422425 0.0302121 0.905894 -0.573093 0.0409879 0.818465 -0.573096 0.0409907 0.818462 -0.706204 0.0505112 0.706204 -0.706201 0.0505087 0.706207 -0.817749 0.0584868 0.572596 -0.817752 0.0584899 0.572591 -0.904413 0.0646884 0.421725 -0.904411 0.0646853 0.421731 -0.963629 0.0689207 0.258204 -0.963628 0.0689179 0.258209 -0.993675 0.0710669 0.0869432 -0.993676 0.0710721 0.0869328 -0.969957 0.227177 0.087024 -0.971008 0.211231 0.111915 -0.944012 0.205358 0.258205 -0.944011 0.205356 0.258209 -0.885998 0.192736 0.421735 -0.885999 0.192739 0.421731 -0.801105 0.174271 0.572591 -0.801105 0.174271 0.572591 -0.691826 0.150498 0.706207 -0.691825 0.150498 0.706207 -0.56143 0.122132 0.818462 -0.56143 0.122132 0.818462 -0.413824 0.090022 0.905895 -0.413825 0.0900234 0.905894 -0.253505 0.0551474 0.965761 -0.253506 0.0551486 0.96576 -0.0853823 0.0185744 0.996175 -0.0853819 0.0185739 0.996175 -0.933404 0.348138 0.0869335 -0.914859 0.374696 0.150456 -0.946458 0.310852 0.0871138 -0.850635 0.518485 0.0871367 -0.871439 0.475846 0.119019 -0.847916 0.463001 0.258203 -0.847916 0.462997 0.258211 -0.795811 0.434545 0.421729 -0.795811 0.434547 0.421726 -0.719554 0.392907 0.572596 -0.719553 0.392904 0.5726 -0.621406 0.339312 0.706203 -0.621405 0.33931 0.706204 -0.504277 0.275354 0.818465 -0.504278 0.275357 0.818463 -0.371701 0.202964 0.905894 -0.3717 0.202963 0.905895 -0.2277 0.124333 0.965761 -0.227701 0.124336 0.96576 -0.0766908 0.0418768 0.996175 -0.0766906 0.0418765 0.996175 -0.758015 0.646389 0.0871525 -0.796429 0.596199 0.101234 -0.773396 0.578956 0.258203 -0.773396 0.578956 0.258203 -0.725867 0.543377 0.421734 -0.725867 0.54338 0.42173 -0.656314 0.491313 0.572594 -0.656314 0.491311 0.572596 -0.566791 0.424294 0.706203 -0.566791 0.424295 0.706203 -0.459957 0.34432 0.818464 -0.459956 0.344318 0.818465 -0.339033 0.253796 0.905894 -0.339033 0.253796 0.905894 -0.207688 0.155473 0.965761 -0.207688 0.155473 0.965761 -0.0699506 0.0523642 0.996175 -0.0699507 0.0523646 0.996175 -0.0617864 0.0617862 0.996175 -0.0617865 0.0617866 0.996175 -0.183447 0.183448 0.965761 -0.183448 0.183448 0.965761 -0.299462 0.299464 0.905894 -0.299462 0.29946 0.905895 -0.406274 0.406273 0.818464 -0.406275 0.406277 0.818462 -0.500637 0.500639 0.706203 -0.500637 0.500638 0.706204 -0.579713 0.579714 0.572594 -0.579713 0.579713 0.572595 -0.641148 0.641148 0.421733 -0.641148 0.641147 0.421735 -0.68313 0.683129 0.258203 -0.68313 0.68313 0.258201 -0.70443 0.70443 0.0869349 -0.704431 0.704427 0.0869405 -0.590662 0.802218 0.0869779 -0.596201 0.796428 0.10123 -0.578958 0.773394 0.258204 -0.578957 0.773396 0.258201 -0.543377 0.725866 0.421735 -0.543377 0.725866 0.421735 -0.491312 0.656316 0.572592 -0.491313 0.656313 0.572595 -0.424295 0.566788 0.706205 -0.424295 0.566789 0.706204 -0.344321 0.459957 0.818464 -0.344321 0.45996 0.818462 -0.253795 0.339032 0.905895 -0.253795 0.33903 0.905895 -0.155474 0.207688 0.965761 -0.155474 0.207688 0.965761 -0.0523646 0.0699505 0.996175 -0.0523645 0.0699507 0.996175 -0.477434 0.874356 0.0869347 -0.454048 0.880731 0.134734 -0.51849 0.850633 0.087128 -0.310845 0.94646 0.0871113 -0.346829 0.929886 0.122564 -0.337614 0.905179 0.258202 -0.337614 0.905179 0.258203 -0.316866 0.849551 0.421734 -0.316866 0.849551 0.421734 -0.286504 0.768149 0.572593 -0.286505 0.768147 0.572595 -0.247424 0.663368 0.706204 -0.247424 0.663367 0.706205 -0.200788 0.538332 0.818464 -0.200788 0.538334 0.818463 -0.147999 0.3968 0.905895 -0.147999 0.396799 0.905896 -0.0906637 0.243078 0.96576 -0.0906636 0.243078 0.96576 -0.0305359 0.0818698 0.996175 -0.0305358 0.08187 0.996175 -0.1574 0.983682 0.0871453 -0.21123 0.971008 0.111916 -0.205357 0.944012 0.258204 -0.205357 0.944013 0.258203 -0.192737 0.885999 0.421732 -0.192738 0.885998 0.421733 -0.17427 0.801103 0.572595 -0.174269 0.801104 0.572593 -0.150497 0.691827 0.706205 -0.150497 0.691828 0.706204 -0.12213 0.56143 0.818463 -0.122131 0.561428 0.818463 -0.0900215 0.413823 0.905896 -0.0900213 0.413823 0.905895 -0.0551469 0.253508 0.96576 -0.0551474 0.253506 0.96576 -0.0185739 0.0853821 0.996175 -0.0185738 0.0853822 0.996175 -0.00623347 0.0871564 0.996175 -0.00623351 0.0871563 0.996175 -0.0185079 0.258775 0.96576 -0.0185082 0.258775 0.96576 -0.0302127 0.422423 0.905895 -0.0302125 0.422423 0.905895 -0.0409888 0.573096 0.818463 -0.0409889 0.573095 0.818463 -0.0505091 0.706204 0.706205 -0.0505087 0.706204 0.706204 -0.0584866 0.81775 0.572595 -0.0584862 0.81775 0.572594 -0.0646842 0.90441 0.421732 -0.0646852 0.904409 0.421734 -0.0689207 0.963629 0.258204 -0.0689206 0.963629 0.258204 -0.0710695 0.993676 0.0869356 -0.0710694 0.993676 0.0869352 0 0.087158 0.996195 0 0.087158 0.996195 0 0.258819 0.965926 0 0.258819 0.965926 0 0.422616 0.906309 0 0.422616 0.906309 0 0.573577 0.819151 0 0.573577 0.819151 0 0.707107 0.707107 0 0.707107 0.707107 0 0.819153 0.573576 0 0.819153 0.573576 0 0.906307 0.422619 0 0.906307 0.422619 0 0.965926 0.258819 0 0.965926 0.258819 0 0.996195 0.0871556 0 0.996195 0.0871556 -0.0693098 -0.997595 0 -0.0693098 -0.997595 0 -0.206599 -0.978426 0 -0.206599 -0.978426 0 -0.339917 -0.940456 0 -0.339917 -0.940456 0 0 -1 0 0 -1 0 0.996195 -0.0871576 0 0.996195 -0.0871576 0 0.965926 -0.258818 0 0.965926 -0.258818 0 0.906308 -0.422618 0 0.906308 -0.422618 0 0.819152 -0.573577 0 0.819152 -0.573577 0 0.707107 -0.707106 0 0.707107 -0.707106 0 0.573576 -0.819152 0 0.573576 -0.819152 0 0.422619 -0.906308 0 0.422619 -0.906308 0 0.258818 -0.965926 0 0.258818 -0.965926 0 0.0871563 -0.996195 0 0.0871563 -0.996195 0 1 0 0 1 0 0 0.0871563 0.996195 0 0.0871563 0.996195 0 0.258818 0.965926 0 0.258818 0.965926 0 0.422619 0.906308 0 0.422619 0.906308 0 0.573576 0.819152 0 0.573576 0.819152 0 0.707107 0.707106 0 0.707107 0.707106 0 0.819152 0.573577 0 0.819152 0.573577 0 0.906308 0.422618 0 0.906308 0.422618 0 0.965926 0.258818 0 0.965926 0.258818 0 0.996195 0.0871576 0 0.996195 0.0871576 0 0 1 0 0 1 0 -0.339917 0.940456 0 -0.339917 0.940456 0 -0.206599 0.978426 0 -0.206599 0.978426 0 -0.0693098 0.997595 0 -0.0693098 0.997595 0 -0.459083 -0.888393 0 -0.459083 -0.888393 0 -0.563404 -0.826182 0 -0.563404 -0.826182 0 -0.659412 -0.751782 0 -0.659412 -0.751782 0 -0.745693 -0.66629 0 -0.745693 -0.66629 0 -0.820972 -0.570969 0 -0.820972 -0.570969 0 -0.884139 -0.467224 0 -0.884139 -0.467224 0 -0.934263 -0.356586 0 -0.934263 -0.356586 0 -0.970603 -0.240688 0 -0.970603 -0.240688 0 -0.992624 -0.121238 0 -0.992624 -0.121238 0 -1 0 0 -1 0 0 -0.992624 0.121238 0 -0.992624 0.121238 0 -0.970603 0.240688 0 -0.970603 0.240688 0 -0.934263 0.356586 0 -0.934263 0.356586 0 -0.884139 0.467224 0 -0.884139 0.467224 0 -0.820972 0.570969 0 -0.820972 0.570969 0 -0.745693 0.66629 0 -0.745693 0.66629 0 -0.659412 0.751782 0 -0.659412 0.751782 0 -0.563404 0.826182 0 -0.563404 0.826182 0 -0.459083 0.888393 0 -0.459083 0.888393 0 0 0 -1 0 0 -1 0 0 -1 0 0 -1 0 0 -1 0 0 -1 0 0 -1 0 0 -1 0 0 -1 0 0 -1 0 0 -1 0 0 -1 0 0 -1 0 0 -1 0 0 -1 0 0 -1 0 0 -1 0 0 -1 0 0 -1 0 0 -1 0 0 -1 0 0 -1 0 0 -1 0 0 -1 0 0 -1 0 0 -1 0 0 -1 0 0 -1 0 0 -1 0 0 -1 0 0 -1 0 0 -1 0 0 -1 0 0 -1 0 0 -1 0 0 -1 0 0 -1 0 0 -1 0 0 -1 0 0 -1 0 0 -1 0 0 -1 0 0 -1 0 0 -1 0 0 -1 0 0 -1 0 0 -1 0 0 -1 0 0 -1 0 0 -1 0 0 -1 0 0 -1 0 0 -1 0 0 -1 0 0 -1 0 0 -1 0 0 -1 0 0 -1 0 0 -1 0 0 -1 0 0 -1 0 0 -1 0 0 -1 0 0 -1 0 0 -1 0 0 -1 0 0 -1 0 0 -1 0 0 -1 0 0 -1 0 0 -1 0 0 -1 0 0 -1 0 0 -1 0 0 -1 0 0 -1 0 0 -1 0 0 -1 0 0 -1 0 0 -1 0 0 -1 0 0 -1 0 0 -1 0 0 -1 0 0 -1 0 0 -1 0 0 -1 0 0 -1 0 0 -1 0 0 -1 0 0 -1 0 0 -1 0 0 -1 0 0 -1 0 0 -1 0 0 -1 0 0 -1 0 0 -1 0 0 -1 0 0 -1 0 0 -1 0 0 -1 0 0 -1 0 0 -1 0 0 -1 -0.45361 -0.8912 0 -0.45361 -0.8912 0 -0.597224 -0.802074 0 -0.597224 -0.802074 0 -0.723782 -0.690029 0 -0.723782 -0.690029 0 -0.829657 -0.558274 0 -0.829657 -0.558274 0 -0.911831 -0.410565 0 -0.911831 -0.410565 0 -0.967956 -0.25112 0 -0.967956 -0.25112 0 -0.996423 -0.084511 0 -0.996423 -0.084511 0 -0.996423 0.084511 0 -0.996423 0.084511 0 -0.967956 0.25112 0 -0.967956 0.25112 0 -0.911831 0.410565 0 -0.911831 0.410565 0 -0.829657 0.558274 0 -0.829657 0.558274 0 -0.723782 0.690029 0 -0.723782 0.690029 0 -0.597224 0.802074 0 -0.597224 0.802074 0 -0.45361 0.8912 0 -0.45361 0.8912 0 0 0 -1 0 0 -1 0 0 -1 0 0 -1 0 0 -1 0 0 -1 0 0 -1 0 0 -1 0 0 -1 0 0 -1 0 0 -1 0 0 -1 0 0 -1 0 0 -1 0 0 -1 0 0 -1 0 0 -1 0 0 -1 0 0 -1 0 0 -1 0 0 -1 0 0 -1 0 0 -1 0 0 -1 0 0 -1 0 0 -1 0 0 -1 0 0 -1 0 0 -1 0 0 -1 0 0 -1 0 0 -1 0 0 -1 0 0 -1 0 0 -1 0 0 -1 0 0 -1 0 0 -1 0 0 -1 0 0 -1 0 0 -1 0 0 -1 0 0 -1 0 0 -1 0 0 -1 0 0 -1 0 0 -1 0 0 -1 0 0 -1 0 0 -1 0 0 -1 0 0 -1 0 0 -1 0 0 -1 0 0 -1 0 0 -1 0 0 -1 0 0 -1 0 0 -1 0 0 -1 0 0 -1 0 0 -1 0 0 -1 0 0 -1 0 0 -1 0 0 -1 0 0 -1 0 0 -1 0 0 -1 0 0 -1 0 0 -1 0 0 -1 0 0 -1 0 0 -1 0 0 -1 0 0 -1 0 0 -1 0 0 -1 0 0 -1 0 0 -1 0 0 -1 0 0 -1 0 0 -1 0 0 -1 0 0 -1 0 0 -1 0 0 -1 0 0 -1 0 0 -1 0 0 -1 0 0 -1 0 0 -1 0 0 -1 0 0 -1 0 0 -1 0 0 -1 0 0 -1 0 0 -1 0 0 -1 0 0 -1 0 0 -1 0 0 -1 0 0 -1 0 0 -1 0 0 -1 -0.996767 -0.0803508 0 -0.996728 -0.0808319 1.04403e-05 -0.971025 -0.238978 -1.03762e-05 -0.970678 -0.240383 2.07476e-05 -0.920207 -0.391432 -2.06482e-05 -0.919259 -0.393653 3.0946e-05 -0.845624 -0.533779 -3.07587e-05 -0.843816 -0.536632 4.09998e-05 -0.749202 -0.662341 -4.07791e-05 -0.746318 -0.66559 5.09485e-05 -0.633434 -0.773797 -5.06438e-05 -0.629316 -0.77715 6.07878e-05 -0.501305 -0.865271 -6.0369e-05 -0.495868 -0.868398 7.04398e-05 -0.356231 -0.934398 -7.00429e-05 -0.353072 -0.935596 0 -0.308725 -0.951151 0 -0.261509 -0.964509 -0.0365328 -0.265854 -0.963531 -0.0304773 -0.271607 -0.962119 -0.0236131 -0.281848 -0.959349 -0.0145479 -0.147733 -0.981617 -0.120844 -0.112184 -0.81745 -0.564969 -0.137079 -0.950554 -0.278669 -0.142177 -0.971486 -0.18974 -0.153833 -0.986132 -0.0622824 -0.160304 -0.986288 -0.0392304 -0.163051 -0.98617 -0.0297291 -0.169685 -0.985378 -0.0154002 -0.176282 -0.984307 -0.00804063 -0.184514 -0.982829 -0.00164742 -0.19409 -0.980984 -0.000162243 -0.199986 -0.979799 0.000158084 -0.268398 -0.963271 -0.00841025 -0.250691 -0.966362 -0.0574262 -0.256063 -0.965579 -0.045703 -0.185551 0.982633 -0.00149261 -0.171943 0.98505 -0.0106236 -0.0837465 0.610234 -0.787783 -0.129062 0.909578 -0.394982 -0.149733 0.983429 -0.10221 -0.147685 0.981544 -0.12149 -0.140989 0.968905 -0.203335 -0.164593 0.986009 -0.0263747 -0.161814 0.986234 -0.0340397 -0.154187 0.986215 -0.0600568 -0.308725 0.951151 0 -0.288989 0.957273 -0.0106818 -0.28186 0.959345 -0.0145415 -0.270728 0.962347 -0.024385 -0.265081 0.96371 -0.0315523 -0.261504 0.96451 -0.0365465 -0.256067 0.965579 -0.045689 -0.250686 0.966363 -0.0574404 -0.268398 0.963271 -0.00841021 -0.200001 0.979796 0.000156225 -0.194069 0.980988 -0.00016192 -0.288989 -0.957273 -0.0106802 -0.308725 -0.951151 0 -0.404176 -0.914681 0 -0.404176 -0.914681 0 -0.53154 -0.847033 0 -0.53154 -0.847033 0 -0.64785 -0.761768 0 -0.64785 -0.761768 0 -0.750685 -0.660661 0 -0.750685 -0.660661 0 -0.837907 -0.545813 0 -0.837907 -0.545813 0 -0.907703 -0.419613 0 -0.907703 -0.419613 0 -0.958621 -0.284687 0 -0.958621 -0.284687 0 -0.989601 -0.143839 0 -0.989601 -0.143839 0 -1 0 0 -1 0 0 -0.989601 0.143839 0 -0.989601 0.143839 0 -0.958621 0.284687 0 -0.958621 0.284687 0 -0.907703 0.419613 0 -0.907703 0.419613 0 -0.837907 0.545813 0 -0.837907 0.545813 0 -0.750685 0.660661 0 -0.750685 0.660661 0 -0.64785 0.761768 0 -0.64785 0.761768 0 -0.53154 0.847033 0 -0.53154 0.847033 0 -0.404176 0.914681 0 -0.404176 0.914681 0 -0.308725 0.951151 0 -0.356231 0.934398 0 -0.353072 0.935596 -7.31071e-05 -0.501305 0.865271 7.61258e-05 -0.495868 0.868398 -6.52428e-05 -0.633434 0.773797 6.49141e-05 -0.629316 0.77715 -5.4083e-05 -0.749202 0.662341 5.37615e-05 -0.746318 0.66559 -4.30294e-05 -0.845624 0.533779 4.27498e-05 -0.843816 0.536632 -3.20713e-05 -0.920207 0.391432 3.18838e-05 -0.919259 0.393653 -2.12737e-05 -0.971025 0.238978 2.11225e-05 -0.970678 0.240383 -1.05634e-05 -0.996767 0.0803508 1.05028e-05 -0.996728 0.0808319 0 0.993146 -0.0781624 -0.0868949 0.993147 -0.0781637 -0.0868909 0.982535 -0.164404 -0.0871543 0.966429 -0.232015 -0.110384 0.966622 -0.241005 -0.0869423 0.941918 -0.324342 -0.0871399 0.916295 -0.379542 -0.127872 0.913585 -0.397234 -0.0869934 0.875474 -0.475348 -0.0871251 0.844304 -0.517391 -0.139487 0.835488 -0.542572 -0.0870352 0.785018 -0.613319 -0.087101 0.752338 -0.642559 -0.145277 0.734478 -0.673023 -0.0870804 0.646991 -0.75753 -0.0868957 0.663204 -0.723765 -0.190591 0.613324 -0.785013 -0.0871088 0.520521 -0.849416 -0.0868937 0.53716 -0.827156 -0.165142 0.475344 -0.875475 -0.0871312 0.381236 -0.920385 -0.086893 0.394858 -0.908116 -0.139332 0.078162 -0.993147 -0.0868864 0.0781623 -0.993147 -0.0868873 0.164418 -0.982533 -0.0871515 0.232019 -0.966428 -0.110378 0.241004 -0.966621 -0.0869496 0.32434 -0.941918 -0.0871481 0.0758012 -0.963147 -0.258075 0.0758005 -0.963147 -0.258073 0.225538 -0.939431 -0.258073 0.225538 -0.939431 -0.258074 0.36972 -0.892583 -0.258074 0.36972 -0.892584 -0.258071 0.504799 -0.823759 -0.25807 0.504799 -0.823757 -0.258074 0.627448 -0.734647 -0.258074 0.627448 -0.734649 -0.25807 0.734648 -0.627449 -0.25807 0.734648 -0.627448 -0.258074 0.823757 -0.5048 -0.258074 0.823756 -0.504795 -0.258084 0.89258 -0.369719 -0.258085 0.89258 -0.369719 -0.258085 0.939429 -0.225533 -0.258086 0.939433 -0.225543 -0.258061 0.96315 -0.0758016 -0.258061 0.963148 -0.0757979 -0.258071 0.0711465 -0.904011 -0.421547 0.0711481 -0.904009 -0.421552 0.21169 -0.881749 -0.421552 0.211688 -0.881752 -0.421547 0.347019 -0.837781 -0.421546 0.34702 -0.837781 -0.421546 0.473805 -0.77318 -0.421546 0.473806 -0.773178 -0.42155 0.588922 -0.689541 -0.421549 0.588922 -0.689539 -0.421552 0.689539 -0.588922 -0.421553 0.68954 -0.588922 -0.421551 0.773179 -0.473802 -0.421552 0.773181 -0.473806 -0.421543 0.837782 -0.347021 -0.421543 0.837783 -0.347023 -0.421539 0.881755 -0.211695 -0.421538 0.881747 -0.211685 -0.421559 0.904006 -0.0711436 -0.421559 0.904014 -0.0711512 -0.42154 0.064336 -0.817455 -0.572388 0.0643362 -0.817455 -0.572389 0.19142 -0.797327 -0.572388 0.19142 -0.797325 -0.572391 0.313793 -0.757564 -0.572391 0.313793 -0.757562 -0.572393 0.428439 -0.699146 -0.572394 0.428439 -0.699152 -0.572387 0.532537 -0.623521 -0.572387 0.532537 -0.62352 -0.572388 0.62352 -0.532536 -0.572388 0.62352 -0.532535 -0.572389 0.699149 -0.42844 -0.572389 0.699152 -0.428444 -0.572384 0.757568 -0.313797 -0.572383 0.757565 -0.313794 -0.572388 0.797328 -0.191418 -0.572388 0.797327 -0.191418 -0.572389 0.817454 -0.0643385 -0.572389 0.817455 -0.0643387 -0.572388 0.0555656 -0.706016 -0.706012 0.0555646 -0.706019 -0.70601 0.165326 -0.688634 -0.70601 0.165326 -0.688635 -0.706009 0.271018 -0.654294 -0.706009 0.271018 -0.654293 -0.70601 0.370033 -0.603843 -0.70601 0.370033 -0.603839 -0.706013 0.459938 -0.538518 -0.706013 0.459939 -0.538519 -0.706013 0.538519 -0.459938 -0.706013 0.538521 -0.459943 -0.706009 0.603842 -0.370037 -0.706008 0.603837 -0.37003 -0.706016 0.654287 -0.271014 -0.706016 0.654291 -0.271019 -0.706011 0.688633 -0.165323 -0.706012 0.688633 -0.165323 -0.706012 0.706017 -0.0555679 -0.706012 0.70601 -0.0555639 -0.706019 0.0450952 -0.572993 -0.818319 0.0450956 -0.572992 -0.818319 0.134175 -0.558883 -0.818319 0.134176 -0.558881 -0.818321 0.219953 -0.53101 -0.818321 0.219952 -0.531015 -0.818318 0.300315 -0.490069 -0.818318 0.300315 -0.49007 -0.818317 0.373282 -0.437057 -0.818316 0.373282 -0.437055 -0.818318 0.437055 -0.373282 -0.818317 0.437052 -0.373275 -0.818322 0.490063 -0.30031 -0.818323 0.490069 -0.300317 -0.818317 0.531015 -0.219956 -0.818317 0.531011 -0.219951 -0.818321 0.558881 -0.134173 -0.818321 0.558889 -0.134179 -0.818315 0.572998 -0.0450956 -0.818315 0.572997 -0.0450951 -0.818316 0.0332424 -0.422383 -0.905808 0.0332426 -0.422382 -0.905808 0.0989084 -0.411982 -0.905808 0.0989084 -0.411982 -0.905808 0.162138 -0.391438 -0.905808 0.162138 -0.391438 -0.905808 0.221376 -0.361254 -0.905808 0.221376 -0.36125 -0.90581 0.275162 -0.322172 -0.90581 0.275164 -0.322179 -0.905807 0.322178 -0.275164 -0.905807 0.322178 -0.275164 -0.905807 0.361255 -0.22138 -0.905807 0.361252 -0.221375 -0.905809 0.391436 -0.162137 -0.905809 0.391437 -0.162138 -0.905808 0.411981 -0.0989089 -0.905808 0.41198 -0.0989082 -0.905809 0.422381 -0.0332415 -0.905809 0.422385 -0.0332436 -0.905807 0.0203654 -0.258763 -0.965726 0.0203651 -0.258764 -0.965726 0.0605942 -0.252392 -0.965726 0.0605942 -0.252393 -0.965726 0.0993306 -0.239807 -0.965726 0.0993306 -0.239804 -0.965726 0.135622 -0.221313 -0.965726 0.135622 -0.221317 -0.965725 0.168574 -0.197376 -0.965725 0.168573 -0.197373 -0.965726 0.197374 -0.168572 -0.965726 0.197375 -0.168574 -0.965726 0.221316 -0.135622 -0.965726 0.221316 -0.135622 -0.965726 0.239807 -0.0993313 -0.965725 0.239806 -0.0993301 -0.965726 0.252392 -0.0605943 -0.965726 0.252391 -0.0605931 -0.965726 0.258762 -0.0203658 -0.965726 0.25876 -0.0203648 -0.965727 0.00685954 -0.0871591 -0.996171 0.00685961 -0.0871589 -0.996171 0.0204098 -0.0850128 -0.996171 0.0204097 -0.0850131 -0.996171 0.0334577 -0.0807737 -0.996171 0.0334577 -0.0807742 -0.996171 0.0456815 -0.074546 -0.996171 0.0456815 -0.0745455 -0.996171 0.0567806 -0.0664816 -0.996171 0.0567804 -0.066481 -0.996171 0.0664811 -0.0567803 -0.996171 0.066481 -0.0567801 -0.996171 0.0745449 -0.0456811 -0.996171 0.0745452 -0.0456816 -0.996171 0.0807738 -0.0334573 -0.996171 0.0807736 -0.0334571 -0.996171 0.085013 -0.0204096 -0.996171 0.0850135 -0.02041 -0.996171 0.0871597 -0.00685961 -0.996171 0.0871602 -0.00685991 -0.996171 0.996194 0 -0.0871615 0.996194 0 -0.0871615 0.965927 0 -0.258816 0.965927 0 -0.258816 0.906311 0 -0.422611 0.906311 0 -0.422611 0.819152 0 -0.573577 0.819152 0 -0.573577 0.707103 0 -0.707111 0.707103 0 -0.707111 0.573581 0 -0.819149 0.573581 0 -0.819149 0.422618 0 -0.906308 0.422618 0 -0.906308 0.258814 0 -0.965927 0.258814 0 -0.965927 0.0871623 0 -0.996194 0.0871623 0 -0.996194 0.0781623 0.993147 -0.0868864 0.078162 0.993147 -0.0868873 0.164418 0.982533 -0.0871515 0.232019 0.966428 -0.110378 0.241004 0.966621 -0.0869496 0.32434 0.941918 -0.0871481 0.379542 0.916294 -0.127881 0.397235 0.913584 -0.0869985 0.475344 0.875475 -0.0871312 0.517389 0.844304 -0.139495 0.542571 0.835488 -0.087042 0.613324 0.785013 -0.0871088 0.642558 0.752339 -0.145275 0.673021 0.734479 -0.0870801 0.757529 0.646992 -0.0868962 0.723764 0.663205 -0.190593 0.785018 0.613319 -0.087101 0.849415 0.520523 -0.0868871 0.827157 0.537162 -0.165133 0.875474 0.475348 -0.0871251 0.920385 0.381237 -0.0868881 0.908118 0.394857 -0.139321 0.993146 0.0781637 -0.0868949 0.993147 0.0781624 -0.0868909 0.982535 0.164404 -0.0871543 0.966429 0.232015 -0.110384 0.966622 0.241005 -0.0869423 0.941918 0.324342 -0.0871399 0.963148 0.0758014 -0.258071 0.963151 0.0757982 -0.258061 0.939435 0.225534 -0.258061 0.939427 0.225541 -0.258086 0.89258 0.369719 -0.258085 0.89258 0.369719 -0.258085 0.823754 0.504798 -0.258084 0.823759 0.504797 -0.258074 0.734647 0.627449 -0.258074 0.734649 0.627448 -0.25807 0.627449 0.734648 -0.25807 0.627447 0.734648 -0.258074 0.504798 0.823758 -0.258074 0.5048 0.823758 -0.25807 0.369721 0.892584 -0.258071 0.369719 0.892583 -0.258074 0.225538 0.939431 -0.258074 0.225538 0.939431 -0.258073 0.0758013 0.963147 -0.258073 0.0758005 0.963147 -0.258075 0.904015 0.0711443 -0.42154 0.904005 0.0711505 -0.421559 0.881745 0.211693 -0.421559 0.881756 0.211687 -0.421538 0.837784 0.347022 -0.421539 0.837781 0.347022 -0.421543 0.773182 0.473804 -0.421543 0.773178 0.473804 -0.421552 0.68954 0.588922 -0.421551 0.689539 0.588922 -0.421553 0.588921 0.68954 -0.421552 0.588923 0.68954 -0.421549 0.473805 0.773179 -0.42155 0.473807 0.773179 -0.421546 0.347019 0.837781 -0.421546 0.34702 0.837781 -0.421546 0.211691 0.881751 -0.421547 0.211688 0.881749 -0.421552 0.0711463 0.904009 -0.421552 0.0711482 0.904011 -0.421547 0.817455 0.0643385 -0.572388 0.817454 0.0643387 -0.572389 0.797327 0.191418 -0.572389 0.797328 0.191418 -0.572388 0.757565 0.313796 -0.572388 0.757569 0.313795 -0.572383 0.699153 0.428442 -0.572384 0.699148 0.428442 -0.572389 0.623519 0.532536 -0.572389 0.62352 0.532536 -0.572388 0.532536 0.62352 -0.572388 0.532537 0.62352 -0.572387 0.428442 0.69915 -0.572387 0.428436 0.699148 -0.572394 0.313792 0.757562 -0.572393 0.313794 0.757563 -0.572391 0.19142 0.797325 -0.572391 0.191421 0.797327 -0.572388 0.064336 0.817455 -0.572389 0.0643362 0.817455 -0.572388 0.70601 0.0555673 -0.706019 0.706017 0.0555644 -0.706012 0.688633 0.165323 -0.706012 0.688633 0.165323 -0.706012 0.654292 0.271016 -0.706011 0.654286 0.271017 -0.706017 0.603835 0.370033 -0.706016 0.603844 0.370034 -0.706008 0.538522 0.459941 -0.706009 0.538517 0.45994 -0.706013 0.459939 0.538519 -0.706013 0.459938 0.538518 -0.706013 0.370032 0.60384 -0.706013 0.370035 0.603842 -0.70601 0.271018 0.654293 -0.70601 0.271019 0.654294 -0.706009 0.165326 0.688635 -0.706009 0.165326 0.688634 -0.70601 0.0555658 0.706019 -0.70601 0.0555644 0.706017 -0.706012 0.572997 0.0450956 -0.818316 0.572998 0.0450951 -0.818315 0.558889 0.134175 -0.818315 0.55888 0.134177 -0.818321 0.53101 0.219953 -0.818321 0.531017 0.219953 -0.818317 0.49007 0.300314 -0.818317 0.490061 0.300313 -0.818323 0.43705 0.373278 -0.818322 0.437058 0.37328 -0.818317 0.373281 0.437056 -0.818318 0.373283 0.437057 -0.818316 0.300315 0.49007 -0.818317 0.300314 0.490069 -0.818318 0.219954 0.531014 -0.818318 0.219951 0.531011 -0.818321 0.134175 0.558882 -0.818321 0.134176 0.558883 -0.818319 0.0450952 0.572992 -0.818319 0.0450957 0.572993 -0.818319 0.422385 0.0332418 -0.905807 0.42238 0.0332433 -0.905809 0.41198 0.0989087 -0.905809 0.411981 0.0989085 -0.905808 0.391437 0.162138 -0.905808 0.391435 0.162138 -0.905809 0.361251 0.221377 -0.905809 0.361256 0.221378 -0.905807 0.322178 0.275164 -0.905807 0.322178 0.275164 -0.905807 0.275166 0.322177 -0.905807 0.275159 0.322174 -0.90581 0.221375 0.361251 -0.90581 0.221378 0.361253 -0.905808 0.162138 0.391438 -0.905808 0.162138 0.391438 -0.905808 0.0989084 0.411982 -0.905808 0.0989084 0.411982 -0.905808 0.0332423 0.422382 -0.905808 0.0332427 0.422383 -0.905808 0.25876 0.0203656 -0.965727 0.258762 0.020365 -0.965726 0.25239 0.0605939 -0.965726 0.252393 0.0605935 -0.965726 0.239806 0.0993308 -0.965726 0.239808 0.0993307 -0.965725 0.221316 0.135622 -0.965726 0.221316 0.135622 -0.965726 0.197376 0.168574 -0.965726 0.197373 0.168573 -0.965726 0.168572 0.197374 -0.965726 0.168575 0.197376 -0.965725 0.135623 0.221316 -0.965725 0.13562 0.221314 -0.965726 0.0993297 0.239804 -0.965726 0.0993315 0.239806 -0.965726 0.0605942 0.252393 -0.965726 0.0605941 0.252393 -0.965726 0.0203654 0.258764 -0.965726 0.020365 0.258763 -0.965726 0.0871602 0.00685965 -0.996171 0.0871596 0.00685986 -0.996171 0.0850135 0.0204098 -0.996171 0.0850129 0.0204099 -0.996171 0.0807735 0.0334572 -0.996171 0.0807738 0.0334572 -0.996171 0.0745453 0.0456814 -0.996171 0.0745447 0.0456813 -0.996171 0.0664809 0.0567802 -0.996171 0.0664812 0.0567802 -0.996171 0.0567803 0.0664812 -0.996171 0.0567808 0.0664814 -0.996171 0.0456813 0.0745456 -0.996171 0.0456817 0.0745459 -0.996171 0.0334579 0.0807741 -0.996171 0.0334575 0.0807737 -0.996171 0.0204099 0.0850131 -0.996171 0.0204097 0.0850128 -0.996171 0.00685953 0.087159 -0.996171 0.00685962 0.0871591 -0.996171 -1 0 0 -1 0 0 0 0.996195 -0.0871531 0 0.996195 -0.0871531 0 0.965926 -0.25882 0 0.965926 -0.25882 0 0.906308 -0.422618 0 0.906308 -0.422618 0 0.819152 -0.573577 0 0.819152 -0.573577 0 0.707109 -0.707105 0 0.707109 -0.707105 0 0.573577 -0.819152 0 0.573577 -0.819152 0 0.422617 -0.906309 0 0.422617 -0.906309 0 0.258817 -0.965926 0 0.258817 -0.965926 0 0.0871612 -0.996194 0 0.0871612 -0.996194 0 -0.996195 -0.0871531 0 -0.996195 -0.0871531 0 -0.965926 -0.25882 0 -0.965926 -0.25882 0 -0.906308 -0.422618 0 -0.906308 -0.422618 0 -0.819152 -0.573577 0 -0.819152 -0.573577 0 -0.707109 -0.707105 0 -0.707109 -0.707105 0 -0.573577 -0.819152 0 -0.573577 -0.819152 0 -0.422617 -0.906309 0 -0.422617 -0.906309 0 -0.258817 -0.965926 0 -0.258817 -0.965926 0 -0.0871612 -0.996194 0 -0.0871612 -0.996194 -1 0 0 -1 0 0 0 0 -1 0 0 -1 0 0 -1 0 0 -1 0 0 -1 0 0 -1 0 0 -1 0 0 -1 0 0 -1 0 0 -1 0 0 -1 0 0 -1 0 0 -1 0 0 -1 0 0 -1 0 0 -1 0 0 -1 0 0 -1 0 0 -1 0 0 -1 0 0 -1 0 0 -1 0 0 -1 0 0 -1 0 0 -1 0 0 -1 0 0 -1 0 0 -1 0 0 -1 0 0 -1 0 0 -1 0 0 -1 0 0 -1 0 0 -1 0 0 -1 0 0 -1 0 0 -1 0 0 -1 0 0 -1 0 0 -1 0 0 -1 0 0 -1 0 0 -1 0 0 -1 0 0 -1 0 0 -1 0 0 -1 0 0 -1 0 0 -1 0 0 -1 0 0 -1 0 0 -1 0 0 -1 0 0 -1 0 0 -1 0 0 -1 0 0 -1 0 0 -1 0 0 -1 0 0 -1 0 0 -1 0 0 -1 0 0 -1 0 0 -1 0 0 -1 0 0 -1 0 0 -1 0 0 -1 0 0 -1 0 0 -1 0 0 -1 0 0 -1 0 0 -1 0 0 -1 0 0 -1 0 0 -1 0 0 -1 0 0 -1 0 0 -1 -0.0693098 -0.997595 0 -0.0693098 -0.997595 0 -0.206598 -0.978426 0 -0.206598 -0.978426 0 -0.339916 -0.940456 0 -0.339916 -0.940456 0 -0.46208 -0.886838 0 -0.46208 -0.886838 0 -0.571742 -0.820433 0 -0.571742 -0.820433 0 -0.672008 -0.740544 0 -0.672008 -0.740544 0 -0.761229 -0.648484 0 -0.761229 -0.648484 0 -0.837939 -0.545764 0 -0.837939 -0.545764 0 -0.900877 -0.434075 0 -0.900877 -0.434075 0 -0.949008 -0.315253 0 -0.949008 -0.315253 0 -0.981542 -0.191248 0 -0.981542 -0.191248 0 -0.997943 -0.0641003 0 -0.997943 -0.0641003 0 -0.997943 0.0641003 0 -0.997943 0.0641003 0 -0.981542 0.191248 0 -0.981542 0.191248 0 -0.949008 0.315253 0 -0.949008 0.315253 0 -0.900877 0.434075 0 -0.900877 0.434075 0 -0.837939 0.545764 0 -0.837939 0.545764 0 -0.761229 0.648484 0 -0.761229 0.648484 0 -0.672008 0.740544 0 -0.672008 0.740544 0 -0.571742 0.820433 0 -0.571742 0.820433 0 -0.46208 0.886838 0 -0.46208 0.886838 0 -0.339916 0.940456 0 -0.339916 0.940456 0 -0.206598 0.978426 0 -0.206598 0.978426 0 -0.0693098 0.997595 0 -0.0693098 0.997595 0 0 -1 0 0 -1 0 0 -1 0 0 -1 0 0 1 0 0 1 0 0 1 0 0 1 0 0.0784587 0.996917 0 0.165046 0.986281 0.00318486 0.0871552 0.996195 0 0.241921 0.970296 0 0.25882 0.965925 0.000567092 0.325579 0.945515 0 0.398747 0.917061 0 0.422617 0.906308 0.000744323 0.477159 0.878817 0 0.544638 0.838671 0 0.573577 0.819151 0.000850741 0.615664 0.788009 0 0.675588 0.73728 0 0.707106 0.707107 0.00088622 0.737279 0.675589 0 0.788012 0.615659 0 0.819152 0.573575 0.00085067 0.838671 0.544639 0 0.878815 0.477162 0 0.906308 0.422617 0.00074437 0.917062 0.398746 0 0.945514 0.325581 0 0.965925 0.258821 0.000567108 0.970296 0.241921 0 0.986288 0.165032 0 0.996195 0.0871554 0.000318827 0.996917 0.0784605 0 1 0 0 1 0 0 0.996917 -0.0784605 0 0.986283 -0.165031 0.00318426 0.996195 -0.0871554 0 0.970296 -0.241921 0 0.965925 -0.258821 0.000567108 0.945514 -0.325581 0 0.917062 -0.398746 0 0.906308 -0.422617 0.00074437 0.878815 -0.477162 0 0.838671 -0.544639 0 0.819152 -0.573575 0.00085067 0.788012 -0.615659 0 0.737279 -0.675589 0 0.707106 -0.707107 0.00088622 0.675588 -0.73728 0 0.615664 -0.788009 0 0.573577 -0.819151 0.000850741 0.544638 -0.838671 0 0.477159 -0.878817 0 0.422617 -0.906308 0.000744323 0.398747 -0.917061 0 0.325579 -0.945515 0 0.25882 -0.965925 0.000567092 0.241921 -0.970296 0 0.165046 -0.986286 0 0.0871552 -0.996195 0.000318883 0.0784587 -0.996917 0 0.250029 -0.662544 0.70606 0.351207 -0.615048 0.705953 0.351206 -0.61506 0.705943 0.411824 -0.574914 0.707018 0.437564 -0.540353 0.718718 0.457292 -0.540153 0.706483 0.528596 -0.471417 0.705941 0.528595 -0.471417 0.705942 0.597649 -0.380082 0.705942 0.597651 -0.380081 0.70594 0.651085 -0.278813 0.70594 0.651085 -0.278812 0.70594 0.687503 -0.170256 0.70594 0.687502 -0.170257 0.705942 0.705953 -0.057251 0.705941 0.705954 -0.0572505 0.70594 0.707113 0 0.7071 0.707113 0 0.7071 0.705764 -0.0617468 0.705751 0.705753 -0.0617429 0.705763 0.705753 -0.183362 0.684318 0.705758 -0.183363 0.684313 0.705758 -0.299404 0.642077 0.705759 -0.299404 0.642076 0.705759 -0.406352 0.58033 0.705758 -0.406352 0.580331 0.705758 -0.500952 0.500952 0.705758 -0.500952 0.500952 0.705758 -0.580331 0.406352 0.705758 -0.580331 0.406351 0.705757 -0.642077 0.299406 0.705756 -0.642078 0.299407 0.705757 -0.684314 0.183361 0.705762 -0.68431 0.183358 0.705762 -0.705754 0.0617453 0.70576 -0.705755 0.0617464 0.707109 -0.707105 0 0.707109 -0.707105 0 0 -0.707105 0.707109 0 -0.707105 0.707109 0.049069 -0.706253 0.706257 0.0490689 -0.706254 0.706256 0.146263 -0.692683 0.706256 0.146263 -0.692686 0.706253 0.240647 -0.665805 0.706253 0.240647 -0.665802 0.706255 0.32492 -0.628769 0.706453 0.324919 -0.628767 0.706456 0.398753 -0.584736 0.706456 0.398754 -0.584737 0.706455 0.466705 -0.53208 0.706455 0.466706 -0.532081 0.706453 0.527772 -0.471574 0.706453 0.52777 -0.471572 0.706455 0.581049 -0.404108 0.706455 0.581051 -0.404109 0.706453 0.625758 -0.330682 0.706454 0.625757 -0.330681 0.706455 0.661232 -0.252377 0.706455 0.661232 -0.252377 0.706455 0.686952 -0.170349 0.706455 0.686953 -0.170349 0.706453 0.702539 -0.0858073 0.706453 0.702538 -0.0858072 0.706454 0.707759 0 0.706454 0.707759 0 0.706454 0.702538 0.0858072 0.706454 0.702539 0.0858072 0.706453 0.686953 0.170349 0.706453 0.686952 0.170349 0.706455 0.661232 0.252377 0.706455 0.661232 0.252377 0.706455 0.625757 0.330681 0.706455 0.625758 0.330682 0.706454 0.581051 0.404109 0.706453 0.581049 0.404108 0.706455 0.52777 0.471572 0.706455 0.527772 0.471573 0.706453 0.466706 0.532081 0.706453 0.466705 0.53208 0.706455 0.398754 0.584737 0.706455 0.398753 0.584736 0.706456 0.324919 0.628767 0.706456 0.324921 0.628769 0.706453 0.240647 0.665803 0.706255 0.240648 0.665805 0.706253 0.146263 0.692686 0.706253 0.146262 0.692683 0.706256 0.0490691 0.706254 0.706256 0.0490688 0.706253 0.706257 0 0.707105 0.707109 0 0.707105 0.707109 0.707109 0.707105 0 0.707109 0.707105 0 0.70576 0.705755 0.0617455 0.705762 0.705753 0.0617462 0.705762 0.68431 0.18336 0.705757 0.684315 0.183359 0.705756 0.642078 0.299407 0.705757 0.642077 0.299407 0.705758 0.580331 0.406351 0.705758 0.580331 0.406351 0.705758 0.500952 0.500952 0.705758 0.500952 0.500952 0.705758 0.406353 0.58033 0.705759 0.406352 0.58033 0.705759 0.299403 0.642076 0.705758 0.299404 0.642077 0.705758 0.183361 0.684313 0.705753 0.183364 0.684317 0.705753 0.0617478 0.705762 0.705764 0.0617419 0.705751 0.707113 0 0.7071 0.707113 0 0.7071 0.351201 0.615051 0.705953 0.250029 0.662544 0.70606 0.437564 0.540353 0.718718 0.411824 0.574914 0.707018 0.351208 0.615059 0.705943 0.705954 0.0572511 0.70594 0.705953 0.0572505 0.705941 0.687502 0.170256 0.705942 0.687503 0.170257 0.70594 0.651085 0.278813 0.70594 0.651085 0.278812 0.70594 0.59765 0.380082 0.70594 0.59765 0.38008 0.705942 0.528595 0.471417 0.705942 0.528595 0.471418 0.705941 0.457292 0.540153 0.706483 -0.0617457 -0.705756 -0.705759 -0.0617455 -0.705758 -0.705757 -0.183361 -0.684314 -0.705757 -0.183361 -0.684313 -0.705758 -0.299405 -0.642076 -0.705759 -0.299406 -0.642082 -0.705753 -0.406356 -0.580335 -0.705752 -0.406354 -0.580331 -0.705757 -0.500952 -0.500953 -0.705757 -0.500948 -0.500948 -0.705763 -0.580326 -0.406348 -0.705764 -0.580335 -0.406358 -0.705751 -0.642084 -0.299407 -0.705751 -0.642085 -0.299408 -0.705749 -0.684322 -0.183365 -0.705749 -0.68431 -0.18336 -0.705761 -0.705754 -0.0617464 -0.705761 -0.705752 -0.0617458 -0.705764 -0.707101 0 -0.707113 -0.707101 0 -0.707113 5.17809e-17 -0.707105 -0.707108 0 -0.707105 -0.707108 -0.705752 0.0617462 -0.705764 -0.705754 0.061746 -0.705761 -0.68431 0.183362 -0.705761 -0.684322 0.183363 -0.705749 -0.642085 0.299408 -0.705749 -0.642084 0.299407 -0.705751 -0.580337 0.406356 -0.705751 -0.580324 0.40635 -0.705765 -0.500947 0.500949 -0.705763 -0.500953 0.500953 -0.705757 -0.406353 0.580331 -0.705757 -0.406357 0.580335 -0.705752 -0.299407 0.642081 -0.705753 -0.299404 0.642076 -0.705759 -0.183361 0.684313 -0.705758 -0.183362 0.684314 -0.705757 -0.061746 0.705758 -0.705757 -0.0617453 0.705756 -0.705759 0.240647 -0.665803 -0.706254 0.240648 -0.665805 -0.706252 0.146264 -0.692687 -0.706252 0.146262 -0.692684 -0.706256 0.0490692 -0.706255 -0.706255 0.0490688 -0.706253 -0.706257 0 0.707105 -0.707108 0 0.707105 -0.707108 0.324921 0.62877 -0.706453 0.32492 0.628767 -0.706455 0.398753 0.584737 -0.706455 0.398754 0.584737 -0.706454 0.466705 0.53208 -0.706454 0.466706 0.532081 -0.706452 0.527772 0.471574 -0.706452 0.527771 0.471573 -0.706454 0.58105 0.404108 -0.706454 0.581051 0.404109 -0.706453 0.625758 0.330682 -0.706453 0.625757 0.330682 -0.706454 0.661233 0.252377 -0.706454 0.661233 0.252377 -0.706454 0.686953 0.170349 -0.706454 0.686954 0.170349 -0.706453 0.702539 0.0858073 -0.706453 0.702539 0.0858072 -0.706453 0.70776 0 -0.706453 0.70776 0 -0.706453 0.702539 -0.0858073 -0.706453 0.702539 -0.0858073 -0.706453 0.686954 -0.170349 -0.706453 0.686953 -0.170349 -0.706454 0.661233 -0.252377 -0.706454 0.661233 -0.252377 -0.706454 0.625757 -0.330682 -0.706454 0.625758 -0.330682 -0.706453 0.581051 -0.404109 -0.706453 0.58105 -0.404108 -0.706454 0.52777 -0.471573 -0.706454 0.527772 -0.471574 -0.706452 0.466706 -0.532081 -0.706452 0.466705 -0.53208 -0.706454 0.398754 -0.584737 -0.706454 0.398753 -0.584737 -0.706455 0.32492 -0.628767 -0.706455 0.324921 -0.62877 -0.706452 0.0490691 0.706253 -0.706257 0.0490689 0.706255 -0.706255 0.146263 0.692683 -0.706256 0.146263 0.692687 -0.706252 0.240648 0.665805 -0.706252 0.240647 0.665803 -0.706255 -0.0871528 0.996195 0 -0.0871528 0.996195 0 -0.258821 0.965925 0 -0.258821 0.965925 0 -0.422617 0.906309 0 -0.422617 0.906309 0 -0.573576 0.819153 0 -0.573576 0.819153 0 -0.707108 0.707106 0 -0.707108 0.707106 0 -0.819152 0.573577 0 -0.819152 0.573577 0 -0.906308 0.422618 0 -0.906308 0.422618 0 -0.965926 0.258819 0 -0.965926 0.258819 0 -0.996195 0.0871559 0 -0.996195 0.0871559 0 -0.164426 0.0859656 -0.982636 -0.324453 0.0824451 -0.942302 -0.475743 0.0766656 -0.876237 -0.614198 0.0687785 -0.786149 -0.735994 0.0589996 -0.674412 -0.837722 0.0475895 -0.54402 -0.916503 0.0348644 -0.398507 -0.965678 0.183668 -0.183661 -0.970079 0.0211555 -0.241866 -0.996166 0.0618633 -0.0618612 -0.996166 0.0226455 -0.0845048 -0.986183 0.0144347 -0.165029 -0.995284 0.0572135 -0.0783312 -0.996166 0.0369716 -0.0792905 -0.945135 0.0284718 -0.325437 -0.965676 0.0673121 -0.250875 -0.965678 0.0672257 -0.25089 -0.965679 0.0672321 -0.250887 -0.965679 0.109773 -0.235403 -0.965678 0.109767 -0.235409 -0.965678 0.14898 -0.212768 -0.905689 0.347273 -0.243164 -0.965678 0.212767 -0.148982 -0.965678 0.212764 -0.148989 -0.996166 0.0716631 -0.0501823 -0.878049 0.0417048 -0.476749 -0.906302 0.076899 -0.415576 -0.905689 0.10973 -0.409496 -0.905688 0.109725 -0.4095 -0.905688 0.179164 -0.384226 -0.905689 0.17917 -0.38422 -0.905689 0.243162 -0.347275 -0.905689 0.243162 -0.347275 -0.905689 0.299773 -0.299773 -0.818123 0.521167 -0.243024 -0.905689 0.384222 -0.179166 -0.905689 0.384222 -0.179168 -0.965678 0.235406 -0.109773 -0.965678 0.235406 -0.109769 -0.996166 0.0792898 -0.0369725 -0.786867 0.0537823 -0.614775 -0.819066 0.0854179 -0.567304 -0.818122 0.148831 -0.555451 -0.818125 0.148839 -0.555444 -0.818124 0.243025 -0.521163 -0.818122 0.24302 -0.521169 -0.818123 0.32983 -0.471049 -0.818122 0.32983 -0.47105 -0.818122 0.406618 -0.406618 -0.818122 0.406618 -0.406618 -0.818122 0.471049 -0.329832 -0.705758 0.684314 -0.18336 -0.818123 0.55545 -0.148831 -0.818123 0.55545 -0.148832 -0.905689 0.409498 -0.109724 -0.905688 0.409498 -0.109726 -0.965678 0.25089 -0.0672265 -0.965678 0.25089 -0.0672268 -0.996166 0.0845052 -0.0226434 -0.674195 0.0643686 -0.735743 -0.706772 0.0923359 -0.70139 -0.705759 0.183361 -0.684312 -0.705758 0.183359 -0.684314 -0.705758 0.299411 -0.642074 -0.705756 0.299408 -0.642077 -0.705756 0.406351 -0.580334 -0.705756 0.406351 -0.580333 -0.705757 0.500951 -0.500955 -0.705758 0.500952 -0.500952 -0.705758 0.580332 -0.406351 -0.705758 0.580331 -0.406352 -0.705758 0.642077 -0.299404 -0.572108 0.817057 -0.0714868 -0.705757 0.705757 -0.0617488 -0.705759 0.705756 -0.0617464 -0.818123 0.572855 -0.0501189 -0.818122 0.572856 -0.0501214 -0.905688 0.42233 -0.0369513 -0.905689 0.42233 -0.0369487 -0.965678 0.258753 -0.0226377 -0.965678 0.258753 -0.0226389 -0.996166 0.0871533 -0.00762527 -0.543182 0.0731819 -0.83642 -0.572975 0.0971717 -0.813792 -0.572105 0.212279 -0.792233 -0.572105 0.212278 -0.792234 -0.572105 0.346623 -0.743336 -0.57211 0.346628 -0.74333 -0.572109 0.470436 -0.671849 -0.572106 0.470433 -0.671854 -0.572107 0.579952 -0.579956 -0.572106 0.579952 -0.579957 -0.572107 0.67185 -0.470437 -0.572109 0.671851 -0.470433 -0.572109 0.743333 -0.346622 -0.57211 0.743333 -0.34662 -0.57211 0.79223 -0.212278 -0.57211 0.817056 -0.0714836 -0.57211 0.79223 -0.212278 -0.705757 0.684314 -0.183362 -0.705757 0.642077 -0.299406 -0.818123 0.521167 -0.243024 -0.818123 0.47105 -0.329829 -0.90569 0.347274 -0.243161 -0.90569 0.299774 -0.299769 -0.965678 0.183666 -0.183663 -0.965678 0.148981 -0.212768 -0.996166 0.0501798 -0.0716648 -0.421294 0.903473 -0.0790441 -0.421294 0.903473 -0.0790441 -0.421294 0.876021 -0.23473 -0.421295 0.876021 -0.234729 -0.421296 0.821952 -0.383282 -0.421295 0.821952 -0.383283 -0.421294 0.742908 -0.520192 -0.421297 0.742908 -0.520189 -0.421297 0.641289 -0.641293 -0.421302 0.641292 -0.641287 -0.421303 0.52019 -0.742904 -0.421296 0.520185 -0.742911 -0.421296 0.383282 -0.821952 -0.421299 0.383284 -0.821949 -0.421298 0.23473 -0.876019 -0.421295 0.234726 -0.876022 -0.421892 0.0994649 -0.901173 -0.397475 0.0799795 -0.914121 -0.257902 0.962495 -0.0842078 -0.257902 0.962495 -0.0842077 -0.257903 0.93325 -0.250063 -0.257901 0.93325 -0.250065 -0.2579 0.875649 -0.408322 -0.257903 0.875649 -0.40832 -0.257904 0.791441 -0.554172 -0.257899 0.79144 -0.554176 -0.257899 0.683189 -0.683185 -0.257899 0.683189 -0.683185 -0.257899 0.554169 -0.791445 -0.257899 0.554169 -0.791445 -0.257899 0.408324 -0.875648 -0.257897 0.408322 -0.87565 -0.257897 0.25006 -0.933252 -0.257905 0.250069 -0.933247 -0.258197 0.0987882 -0.961028 -0.241054 0.0845818 -0.966819 -0.0868237 0.992433 -0.086827 -0.0868267 0.992433 -0.0868239 -0.0868261 0.962278 -0.257843 -0.0868267 0.962278 -0.257843 -0.0868266 0.902886 -0.42102 -0.0868247 0.902885 -0.421022 -0.0868238 0.816057 -0.571413 -0.0868273 0.816058 -0.57141 -0.0868265 0.704439 -0.704434 -0.0868264 0.704439 -0.704434 -0.0868262 0.571405 -0.816062 -0.0868322 0.57141 -0.816058 -0.0868322 0.421022 -0.902885 -0.0868305 0.42102 -0.902886 -0.0868308 0.257847 -0.962276 -0.0868231 0.25784 -0.962279 -0.0868801 0.0947175 -0.991706 -0.0781697 0.0868945 -0.993146 -0.0784665 0 -0.996917 -0.0784665 0 -0.996917 -0.165037 0 -0.986287 -0.165037 0 -0.986287 -0.241921 0 -0.970296 -0.241921 0 -0.970296 -0.325561 0 -0.945521 -0.325561 0 -0.945521 -0.398752 0 -0.917059 -0.398752 0 -0.917059 -0.477147 0 -0.878824 -0.477147 0 -0.878824 -0.544642 0 -0.838669 -0.544642 0 -0.838669 -0.615656 0 -0.788015 -0.615656 0 -0.788015 -0.675596 0 -0.737272 -0.675596 0 -0.737272 -0.737279 0 -0.675589 -0.737279 0 -0.675589 -0.788007 0 -0.615666 -0.788007 0 -0.615666 -0.838672 0 -0.544637 -0.838672 0 -0.544637 -0.878814 0 -0.477165 -0.878814 0 -0.477165 -0.91706 0 -0.398749 -0.91706 0 -0.398749 -0.945518 0 -0.325569 -0.945518 0 -0.325569 -0.970296 0 -0.241921 -0.970296 0 -0.241921 -0.986286 0 -0.165046 -0.986286 0 -0.165046 -0.996917 0 -0.0784597 -0.996917 0 -0.0784597 -0.0871613 0 -0.996194 -0.0871613 0 -0.996194 -0.258817 0 -0.965926 -0.258817 0 -0.965926 -0.422617 0 -0.906309 -0.422617 0 -0.906309 -0.573576 0 -0.819153 -0.573576 0 -0.819153 -0.70711 0 -0.707104 -0.70711 0 -0.707104 -0.819152 0 -0.573577 -0.819152 0 -0.573577 -0.906307 0 -0.42262 -0.906307 0 -0.42262 -0.965926 0 -0.258818 -0.965926 0 -0.258818 -0.996195 0 -0.0871562 -0.996195 0 -0.0871562 -0.965679 -0.212762 -0.148987 -0.996166 -0.0716631 -0.0501823 -0.996166 -0.0871533 -0.00762528 -0.996166 -0.0845052 -0.0226434 -0.965678 -0.258753 -0.0226377 -0.965678 -0.258752 -0.0226389 -0.965678 -0.25089 -0.0672265 -0.965678 -0.25089 -0.0672266 -0.965678 -0.235405 -0.109773 -0.905689 -0.299775 -0.29977 -0.965678 -0.183666 -0.183663 -0.965678 -0.183668 -0.183662 -0.996166 -0.0618633 -0.0618612 -0.905689 -0.42233 -0.0369512 -0.905688 -0.422331 -0.0369487 -0.905688 -0.409499 -0.109724 -0.905689 -0.409498 -0.109726 -0.905689 -0.384223 -0.179166 -0.905689 -0.384221 -0.179168 -0.905689 -0.347275 -0.243162 -0.818123 -0.329829 -0.47105 -0.905689 -0.243162 -0.347275 -0.905689 -0.243162 -0.347275 -0.965678 -0.14898 -0.212768 -0.965678 -0.148981 -0.212768 -0.996166 -0.0501798 -0.0716648 -0.818122 -0.572856 -0.050119 -0.818123 -0.572855 -0.0501212 -0.818123 -0.55545 -0.148831 -0.818123 -0.555449 -0.148832 -0.818123 -0.521167 -0.243024 -0.818123 -0.521167 -0.243024 -0.818123 -0.471048 -0.329831 -0.818122 -0.471051 -0.32983 -0.818122 -0.406618 -0.406618 -0.705758 -0.299408 -0.642076 -0.818123 -0.243026 -0.521166 -0.818125 -0.243019 -0.521166 -0.905689 -0.179163 -0.384224 -0.905688 -0.179171 -0.384223 -0.965678 -0.109774 -0.235405 -0.965679 -0.109765 -0.235406 -0.996166 -0.0369716 -0.0792905 -0.705758 -0.705756 -0.0617487 -0.705757 -0.705758 -0.0617465 -0.705758 -0.684313 -0.183362 -0.705756 -0.684315 -0.18336 -0.705757 -0.642078 -0.299404 -0.705758 -0.642076 -0.299406 -0.705758 -0.580332 -0.406351 -0.705758 -0.580331 -0.406351 -0.705758 -0.50095 -0.500954 -0.705757 -0.500953 -0.500953 -0.705756 -0.406351 -0.580333 -0.572105 -0.212278 -0.792233 -0.705758 -0.183361 -0.684313 -0.705759 -0.183358 -0.684313 -0.818125 -0.14883 -0.555448 -0.818121 -0.14884 -0.555449 -0.905688 -0.109731 -0.409498 -0.905689 -0.109724 -0.409497 -0.965679 -0.0672254 -0.250889 -0.965678 -0.0672328 -0.250889 -0.996166 -0.0226455 -0.0845049 -0.572108 -0.817057 -0.0714837 -0.572111 -0.817055 -0.0714866 -0.57211 -0.79223 -0.212278 -0.57211 -0.79223 -0.212278 -0.57211 -0.743333 -0.346621 -0.572109 -0.743334 -0.346621 -0.572109 -0.671849 -0.470436 -0.572107 -0.671852 -0.470434 -0.572106 -0.579952 -0.579957 -0.572107 -0.579952 -0.579957 -0.572106 -0.470437 -0.671851 -0.572109 -0.470432 -0.671852 -0.572109 -0.346622 -0.743333 -0.421294 -0.0790486 -0.903472 -0.572105 -0.0714879 -0.817059 -0.572108 -0.0714826 -0.817057 -0.705759 -0.0617451 -0.705756 -0.705761 -0.0617416 -0.705755 -0.818122 -0.0501153 -0.572857 -0.818123 -0.050112 -0.572856 -0.905689 -0.0369443 -0.42233 -0.905688 -0.0369488 -0.422331 -0.965678 -0.0226377 -0.258753 -0.965679 -0.0226325 -0.258752 -0.996166 -0.00762315 -0.0871537 -0.421294 -0.903473 -0.0790441 -0.421294 -0.903473 -0.0790442 -0.421294 -0.876022 -0.234729 -0.421295 -0.876021 -0.23473 -0.421295 -0.821952 -0.383283 -0.421295 -0.821952 -0.383282 -0.421294 -0.742909 -0.520189 -0.421297 -0.742907 -0.520191 -0.421297 -0.641293 -0.641289 -0.421302 -0.641287 -0.641292 -0.421302 -0.520184 -0.742909 -0.421296 -0.520191 -0.742907 -0.421296 -0.383285 -0.82195 -0.421299 -0.383281 -0.821951 -0.421298 -0.234725 -0.876021 -0.421295 -0.0790478 -0.903472 -0.421295 -0.23473 -0.876021 -0.572105 -0.212279 -0.792233 -0.572105 -0.34663 -0.743333 -0.705756 -0.299411 -0.642076 -0.705756 -0.406352 -0.580333 -0.818122 -0.329831 -0.471049 -0.818122 -0.406618 -0.406618 -0.90569 -0.299772 -0.299772 -0.90569 -0.347272 -0.243164 -0.965678 -0.212768 -0.148982 -0.965678 -0.235408 -0.109769 -0.996166 -0.0792898 -0.0369725 -0.257898 -0.0842119 -0.962495 -0.257905 -0.0842034 -0.962494 -0.257906 -0.25006 -0.93325 -0.257897 -0.250069 -0.93325 -0.257897 -0.408325 -0.875649 -0.257899 -0.408322 -0.875649 -0.257899 -0.554168 -0.791445 -0.257899 -0.554169 -0.791445 -0.257899 -0.683189 -0.683185 -0.257899 -0.683189 -0.683185 -0.257899 -0.791442 -0.554172 -0.257904 -0.791439 -0.554176 -0.257903 -0.875648 -0.408322 -0.257901 -0.87565 -0.40832 -0.257901 -0.93325 -0.250063 -0.257903 -0.933249 -0.250065 -0.257902 -0.962494 -0.0842078 -0.257902 -0.962495 -0.0842077 -0.0868322 -0.0868226 -0.992432 -0.0868229 -0.086832 -0.992432 -0.086823 -0.257847 -0.962277 -0.0868307 -0.25784 -0.962278 -0.0868305 -0.421022 -0.902885 -0.0868322 -0.42102 -0.902885 -0.0868322 -0.571405 -0.816061 -0.0868263 -0.57141 -0.816058 -0.0868264 -0.704439 -0.704434 -0.0868265 -0.704439 -0.704434 -0.0868274 -0.816056 -0.571413 -0.0868238 -0.816059 -0.571411 -0.0868247 -0.902886 -0.421021 -0.0868266 -0.902885 -0.421022 -0.0868267 -0.962278 -0.257843 -0.0868261 -0.962278 -0.257843 -0.0868267 -0.992432 -0.0868269 -0.0868237 -0.992433 -0.0868239 -0.996195 -0.0871559 0 -0.996195 -0.0871559 0 -0.965926 -0.258819 0 -0.965926 -0.258819 0 -0.906308 -0.422618 0 -0.906308 -0.422618 0 -0.819152 -0.573577 0 -0.819152 -0.573577 0 -0.707108 -0.707106 0 -0.707108 -0.707106 0 -0.573576 -0.819153 0 -0.573576 -0.819153 0 -0.422617 -0.906309 0 -0.422617 -0.906309 0 -0.258821 -0.965925 0 -0.258821 -0.965925 0 -0.0871528 -0.996195 0 -0.0871528 -0.996195 0 -0.996339 0.0854941 0 -0.984376 -0.175771 0.010446 -0.992088 -0.125543 0 -0.992088 -0.125543 0 -0.130848 0.991402 0 -0.080466 0.996751 0.00359288 -0.180894 0.983503 0 -0.250651 0.968071 0.00352356 -0.239315 0.970941 0.00154165 -0.429866 0.902893 0 -0.391964 0.919973 0.00384538 -0.355819 0.934555 0 -0.308028 0.951377 0 -0.475047 0.879961 0 -0.528963 0.848643 0.00173013 -0.534464 0.845187 0.00269132 -0.687081 0.726581 0 -0.663118 0.748506 0.00370508 -0.626388 0.779512 0 -0.586102 0.810237 0 -0.80718 0.590305 0 -0.7746 0.632442 0.00344862 -0.758758 0.651372 0.000328496 -0.722999 0.690849 0 -0.836043 0.548665 0 -0.874339 0.485298 0.0041078 -0.866025 0.5 0.00114123 -0.949764 0.312968 0 -0.935009 0.354602 0.00381331 -0.9215 0.388378 0 -0.900649 0.434548 0 -0.964396 0.264462 0 -0.979528 0.201298 0.00220264 -0.979788 0.200025 0.00240286 -0.990709 0.135999 0 -0.996339 0.0854941 0 -0.996326 0.0856457 1.46058e-05 -0.999987 0.0050441 -1.88809e-05 -0.999987 0.00519647 0 -0.998973 -0.0453004 0 -0.998966 -0.0454536 -2.10945e-06 -0.994869 -0.101168 2.10707e-05 -0.974263 -0.225415 0 -0.954129 -0.29936 0.00472399 -0.960518 -0.278217 0.000708647 -0.882418 -0.470466 0 -0.903444 -0.42869 0.00374918 -0.917414 -0.397935 0 -0.936393 -0.350954 0 -0.857457 -0.514556 0 -0.82076 -0.571266 0.00270702 -0.822982 -0.568064 0.00208238 -0.694596 -0.7194 0 -0.721197 -0.692719 0.00383333 -0.750231 -0.661175 0 -0.782757 -0.622328 0 -0.553002 -0.83318 0 -0.600739 -0.799439 0.00306395 -0.612106 -0.790775 0.00108146 -0.657267 -0.753658 0 -0.510092 -0.86012 0 -0.440388 -0.897791 0.00537194 -0.464723 -0.885456 0.000244231 -0.269471 -0.963009 0 -0.316666 -0.94853 0.00365297 -0.346086 -0.938203 0 -0.393157 -0.919471 0 -0.220349 -0.975421 0 -0.151427 -0.988463 0.00324339 -0.160411 -0.987049 0.00172994 0.0402663 -0.999189 0 0 -0.999993 0.0038494 -0.0402663 -0.999189 0 -0.0908208 -0.995867 0 0.0908208 -0.995867 0 0.151428 -0.988467 0.001506 0.16041 -0.987046 0.00282353 0.510092 -0.86012 0 0.220349 -0.975421 0 0.269471 -0.963009 0 0.316666 -0.94853 0.00365297 0.346086 -0.938203 0 0.464723 -0.885456 0 0.393111 -0.919367 0.0151242 0.440388 -0.897791 0.00537194 0.553002 -0.83318 0 0.612102 -0.79077 0.00381172 0.600742 -0.799442 0.0013454 0.750231 -0.661175 0 0.721197 -0.692719 0.00383333 0.694596 -0.7194 0 0.657267 -0.753658 0 0.782757 -0.622328 0 0.820762 -0.571267 0.00196241 0.822981 -0.568063 0.00255107 0.917414 -0.397935 0 0.903444 -0.42869 0.00374918 0.882418 -0.470466 0 0.857457 -0.514556 0 0.974263 -0.225415 0 0.960513 -0.278216 0.00336447 0.954139 -0.299363 0.000504692 0.936393 -0.350954 0 0.984429 -0.175781 0 0.99486 -0.101167 0.00441192 0.992709 -0.120537 0.000928975 0.996326 0.0856457 0 0.999182 0.0402654 0.00378527 0.999987 0.00519647 0 0.998966 -0.0454536 0 0.990709 0.135999 0 0.979527 0.201298 0.00245085 0.979788 0.200025 0.00224663 0.9215 0.388378 0 0.935009 0.354602 0.00381331 0.949764 0.312968 0 0.964396 0.264462 0 0.836043 0.548665 0 0.866021 0.499997 0.00317214 0.874346 0.485302 0.000881302 0.900649 0.434548 0 0.80718 0.590305 0 0.758749 0.651364 0.00504399 0.774605 0.632445 0.000480457 0.626388 0.779512 0 0.663118 0.748506 0.00370508 0.687081 0.726581 0 0.722999 0.690849 0 0.586102 0.810237 0 0.528962 0.848641 0.00297126 0.534465 0.845188 0.0019101 0.355819 0.934555 0 0.391964 0.919973 0.00384538 0.429866 0.902893 0 0.475047 0.879961 0 0.308028 0.951377 0 0.250652 0.968076 0.00128971 0.239315 0.970938 0.00294774 0.180894 0.983503 0 0.130848 0.991402 0 0.0804661 0.996751 0.00359288 0.0506492 0.998717 0 -0.0506492 0.998717 0 0.171231 -0.981372 0.0871174 0.289455 -0.953216 0.0871517 0.448992 -0.889282 0.0870886 0.688012 -0.720459 0.0870553 0.770617 -0.631316 0.0871228 0.841753 -0.532781 0.0871553 0.920807 -0.380169 0.0870963 0.991545 -0.0962172 0.0870625 0.985391 0.14632 0.0871545 0.945581 0.313511 0.0871034 0.813694 0.574735 0.0870731 0.650637 0.754371 0.0871557 0.511287 0.854984 0.08711 0.240805 0.966659 0.0870819 -0.171231 0.981372 0.0871174 -0.289455 0.953216 0.0871517 -0.448992 0.889282 0.0870886 -0.688012 0.720459 0.0870553 -0.770617 0.631316 0.0871228 -0.841753 0.532781 0.0871553 -0.920807 0.380169 0.0870963 -0.991545 0.0962172 0.0870625 -0.985391 -0.14632 0.0871545 -0.945581 -0.313511 0.0871034 -0.813694 -0.574735 0.0870731 -0.650637 -0.754371 0.0871557 -0.511287 -0.854984 0.08711 -0.240805 -0.966659 0.0870819 0.011409 -0.0864428 0.996192 0.0268469 -0.0829196 0.996195 0.0510894 -0.0706269 0.996194 0.0703748 -0.0514663 0.996192 0.0784967 -0.0378734 0.996195 0.0863545 -0.0118543 0.996194 0.0858227 0.0153246 0.996193 0.0682259 0.0542427 0.996194 0.0482079 0.0726324 0.996193 0.00791581 0.0867983 0.996194 -0.0192078 0.0850277 0.996193 -0.0444745 0.0749931 0.996192 -0.057285 0.065686 0.996195 -0.0747412 0.0448519 0.996194 -0.0849391 0.0196523 0.996192 -0.0870649 0.00396151 0.996195 -0.0840592 -0.0230512 0.996194 -0.0728841 -0.0478312 0.996193 -0.0414049 -0.0766971 0.996194 -0.015769 -0.0857344 0.996193 -0.0120124 -0.0910151 0.995777 -0.0385836 -0.0810411 0.995964 -0.0603296 -0.0637979 0.996138 -0.0745898 -0.0545489 0.995721 -0.0857939 -0.028271 0.995912 -0.0883525 -0.000459127 0.996089 -0.0802249 0.0427723 0.995859 -0.0617561 0.0639614 0.99604 -0.0246581 0.0881209 0.995805 0.00360273 0.0893999 0.995989 0.0302945 0.082125 0.996162 0.0469821 0.0792214 0.995749 0.0675534 0.0595345 0.995938 0.0808048 0.0350496 0.996114 0.0903267 0.0208988 0.995693 0.0902894 -0.00776141 0.995885 0.0816731 -0.0344222 0.996065 0.0571324 -0.0710987 0.995832 0.0317355 -0.083353 0.996015 -0.146281 -0.954869 0.258508 -0.146281 -0.954869 0.258508 -0.137272 -0.896062 0.422173 -0.137272 -0.896061 0.422173 -0.124095 -0.810047 0.573083 -0.124095 -0.810048 0.573082 -0.107145 -0.699401 0.706653 -0.107144 -0.6994 0.706653 -0.0869302 -0.567451 0.818805 -0.086931 -0.567452 0.818805 -0.0640638 -0.418184 0.9061 -0.0640631 -0.418183 0.906101 -0.0392397 -0.256144 0.965842 -0.0392398 -0.256144 0.965842 -0.0132143 -0.0862587 0.996185 -0.0310376 -0.0815199 0.996188 -0.038431 -0.0783469 0.996185 -0.11412 -0.23265 0.965842 -0.11412 -0.23265 0.965842 -0.186314 -0.379827 0.906101 -0.186314 -0.379827 0.9061 -0.252818 -0.515404 0.818805 -0.252818 -0.515404 0.818805 -0.311606 -0.635251 0.706652 -0.311605 -0.635251 0.706653 -0.360902 -0.735748 0.573083 -0.360902 -0.735748 0.573083 -0.399224 -0.813874 0.422172 -0.399224 -0.813874 0.422173 -0.425425 -0.867287 0.258508 -0.425424 -0.867287 0.258509 -0.196619 -0.168792 0.965842 -0.196619 -0.168792 0.965842 -0.321002 -0.275571 0.906101 -0.321002 -0.275571 0.906101 -0.435582 -0.373934 0.818805 -0.435581 -0.373934 0.818805 -0.536867 -0.460886 0.706652 -0.536868 -0.460886 0.706652 -0.6218 -0.533797 0.573084 -0.621799 -0.533797 0.573084 -0.687826 -0.59048 0.422171 -0.687826 -0.59048 0.422173 -0.732967 -0.629232 0.258509 -0.732968 -0.629232 0.258507 -0.0784967 -0.0378734 0.996195 -0.0812599 -0.0348714 0.996083 -0.238131 -0.10219 0.965842 -0.238132 -0.10219 0.965842 -0.388777 -0.166837 0.9061 -0.388776 -0.166837 0.906101 -0.527546 -0.226388 0.818806 -0.527547 -0.226388 0.818805 -0.65022 -0.279031 0.706651 -0.650218 -0.279031 0.706653 -0.753082 -0.323174 0.573085 -0.753084 -0.323173 0.573082 -0.83305 -0.357489 0.422171 -0.833049 -0.35749 0.422174 -0.887721 -0.380952 0.258509 -0.887722 -0.380951 0.258508 -0.0868866 -0.00746891 0.99619 -0.0872649 0 0.996185 -0.259132 0 0.965842 -0.259132 0 0.965842 -0.423063 0 0.9061 -0.423063 0 0.906101 -0.574071 0 0.818806 -0.574071 0 0.818806 -0.707561 0 0.706652 -0.707561 0 0.706652 -0.819497 0 0.573084 -0.819497 0 0.573084 -0.906516 0 0.422172 -0.906516 0 0.422172 -0.966009 0 0.258509 -0.966009 0 0.258509 -0.0832628 0.0261239 0.996185 -0.0832629 0.0261239 0.996185 -0.247249 0.0775748 0.965842 -0.247248 0.0775746 0.965842 -0.40366 0.126649 0.906101 -0.40366 0.126649 0.906101 -0.547744 0.171856 0.818805 -0.547744 0.171856 0.818805 -0.675112 0.211818 0.706652 -0.675112 0.211817 0.706653 -0.781914 0.245327 0.573084 -0.781915 0.245328 0.573082 -0.864942 0.271378 0.422172 -0.864942 0.271377 0.422174 -0.921707 0.289187 0.258508 -0.921707 0.289187 0.258508 -0.0482079 0.0726324 0.996193 -0.0475333 0.0762602 0.995954 -0.137072 0.219911 0.965842 -0.137072 0.219911 0.965842 -0.223785 0.359029 0.906101 -0.223785 0.35903 0.906101 -0.303663 0.487183 0.818805 -0.303663 0.487182 0.818805 -0.374274 0.600467 0.706653 -0.374274 0.600467 0.706653 -0.433485 0.695461 0.573084 -0.433485 0.695462 0.573083 -0.479514 0.769309 0.422173 -0.479514 0.769309 0.422173 -0.510984 0.819798 0.258507 -0.510984 0.819798 0.258508 0.0132143 0.0862587 0.996185 0.0132143 0.0862586 0.996185 0.0392398 0.256144 0.965842 0.0392397 0.256144 0.965842 0.0640631 0.418183 0.906101 0.0640638 0.418184 0.9061 0.086931 0.567452 0.818805 0.0869303 0.567451 0.818805 0.107144 0.6994 0.706653 0.107145 0.699401 0.706653 0.124095 0.810048 0.573082 0.124095 0.810047 0.573083 0.137272 0.896061 0.422173 0.137272 0.896062 0.422173 0.146281 0.954869 0.258508 0.146281 0.954869 0.258508 0.11412 0.23265 0.965842 0.11412 0.23265 0.965842 0.186314 0.379827 0.906101 0.186314 0.379827 0.9061 0.252818 0.515404 0.818805 0.252818 0.515404 0.818805 0.311606 0.635251 0.706652 0.311605 0.635251 0.706653 0.360902 0.735748 0.573083 0.360902 0.735748 0.573083 0.399224 0.813874 0.422172 0.399224 0.813874 0.422173 0.425425 0.867287 0.258508 0.425424 0.867287 0.258509 0.0605919 0.0627556 0.996188 0.066213 0.0568419 0.996185 0.196619 0.168792 0.965842 0.196619 0.168792 0.965842 0.321002 0.275571 0.906101 0.321002 0.275571 0.906101 0.435582 0.373934 0.818805 0.435581 0.373934 0.818805 0.536867 0.460886 0.706652 0.536868 0.460886 0.706652 0.6218 0.533797 0.573084 0.621799 0.533797 0.573084 0.687826 0.59048 0.422171 0.687826 0.59048 0.422173 0.732967 0.629232 0.258509 0.732968 0.629232 0.258507 0.0769497 0.0410261 0.996191 0.0801929 0.0344135 0.996185 0.238131 0.10219 0.965842 0.238132 0.10219 0.965842 0.388777 0.166837 0.9061 0.388776 0.166837 0.906101 0.527546 0.226388 0.818806 0.527547 0.226388 0.818805 0.65022 0.279031 0.706651 0.650218 0.279031 0.706653 0.753082 0.323174 0.573085 0.753084 0.323173 0.573082 0.83305 0.357489 0.422171 0.833049 0.35749 0.422174 0.887721 0.380952 0.258509 0.887722 0.380951 0.258508 0.0870649 0.00396151 0.996195 0.0882189 0 0.996101 0.259132 0 0.965842 0.259132 0 0.965842 0.423063 0 0.9061 0.423063 0 0.906101 0.574071 0 0.818806 0.574071 0 0.818806 0.707561 0 0.706652 0.707561 0 0.706652 0.819497 0 0.573084 0.819497 0 0.573084 0.906516 0 0.422172 0.906516 0 0.422172 0.966009 0 0.258509 0.966009 0 0.258509 0.0840592 -0.0230512 0.996194 0.0852922 -0.0267606 0.995997 0.247249 -0.0775748 0.965842 0.247248 -0.0775746 0.965842 0.40366 -0.126649 0.906101 0.40366 -0.126649 0.906101 0.547744 -0.171856 0.818805 0.547744 -0.171856 0.818805 0.675112 -0.211818 0.706652 0.675112 -0.211817 0.706653 0.781914 -0.245327 0.573084 0.781915 -0.245328 0.573082 0.864942 -0.271378 0.422172 0.864942 -0.271377 0.422174 0.921707 -0.289187 0.258508 0.921707 -0.289187 0.258508 0.04616 -0.0740569 0.996185 0.04616 -0.0740569 0.996185 0.137072 -0.219911 0.965842 0.137072 -0.219911 0.965842 0.223785 -0.359029 0.906101 0.223785 -0.35903 0.906101 0.303663 -0.487183 0.818805 0.303663 -0.487182 0.818805 0.374274 -0.600467 0.706653 0.374274 -0.600467 0.706653 0.433485 -0.695461 0.573084 0.433485 -0.695462 0.573083 0.479514 -0.769309 0.422173 0.479514 -0.769309 0.422173 0.510984 -0.819798 0.258507 0.510984 -0.819798 0.258508 -0.0044199 -0.087153 0.996185 -0.00441988 -0.087153 0.996185 -0.0131248 -0.258799 0.965842 -0.0131249 -0.2588 0.965842 -0.0214279 -0.422519 0.906101 -0.0214276 -0.422519 0.906101 -0.0290761 -0.573335 0.818805 -0.0290765 -0.573336 0.818805 -0.0358376 -0.706653 0.706653 -0.0358371 -0.706652 0.706653 -0.0415066 -0.818446 0.573083 -0.0415068 -0.818446 0.573082 -0.0459141 -0.905352 0.422173 -0.0459138 -0.905352 0.422173 -0.0489271 -0.964769 0.258509 -0.0489274 -0.964769 0.258508 -0.0504567 -0.994926 0.0870452 -0.0504571 -0.994926 0.087044 -0.150853 -0.984716 0.0870452 -0.170039 -0.974541 0.146138 -0.121304 -0.988783 0.0871364 -0.289455 -0.953216 0.0871517 -0.249167 -0.962339 0.108717 -0.242132 -0.935171 0.258508 -0.242132 -0.935171 0.258508 -0.22722 -0.877577 0.422173 -0.22722 -0.877577 0.422173 -0.205409 -0.793336 0.573084 -0.205409 -0.793337 0.573083 -0.177352 -0.684973 0.706652 -0.177352 -0.684973 0.706653 -0.143893 -0.555746 0.818805 -0.143892 -0.555745 0.818805 -0.106041 -0.409557 0.906101 -0.106042 -0.409557 0.9061 -0.0649523 -0.25086 0.965842 -0.0649522 -0.25086 0.965842 -0.0218732 -0.0844792 0.996185 -0.0218732 -0.0844792 0.996185 -0.0268469 -0.0829196 0.996195 -0.0308412 -0.0832739 0.996049 -0.0899979 -0.243002 0.965842 -0.0899979 -0.243002 0.965842 -0.146931 -0.396727 0.906101 -0.146932 -0.396727 0.906101 -0.199378 -0.538337 0.818805 -0.199378 -0.538337 0.818805 -0.245739 -0.663517 0.706652 -0.245739 -0.663517 0.706652 -0.284615 -0.768485 0.573083 -0.284616 -0.768485 0.573083 -0.314837 -0.850087 0.422173 -0.314838 -0.850087 0.422172 -0.3355 -0.905877 0.258508 -0.3355 -0.905877 0.258508 -0.345987 -0.934193 0.0870444 -0.345987 -0.934193 0.0870467 -0.438722 -0.894397 0.0870438 -0.447445 -0.886219 0.120035 -0.403373 -0.910876 0.0871519 -0.553935 -0.827987 0.0871405 -0.525097 -0.84244 0.120696 -0.510984 -0.819798 0.258507 -0.510984 -0.819798 0.258508 -0.479514 -0.769309 0.422173 -0.479514 -0.769309 0.422172 -0.433485 -0.695461 0.573084 -0.433485 -0.695461 0.573083 -0.374274 -0.600467 0.706653 -0.374274 -0.600467 0.706653 -0.303663 -0.487183 0.818805 -0.303663 -0.487182 0.818805 -0.223785 -0.359029 0.906101 -0.223785 -0.35903 0.9061 -0.137072 -0.219911 0.965842 -0.137071 -0.219911 0.965842 -0.04616 -0.0740569 0.996185 -0.04616 -0.0740569 0.996185 -0.0510894 -0.0706268 0.996194 -0.0548997 -0.0709246 0.99597 -0.158616 -0.204916 0.965842 -0.158617 -0.204916 0.965842 -0.258959 -0.334547 0.906101 -0.258959 -0.334547 0.906101 -0.351393 -0.453962 0.818805 -0.351393 -0.453962 0.818805 -0.433102 -0.559522 0.706653 -0.433102 -0.559522 0.706653 -0.501619 -0.648038 0.573083 -0.501619 -0.648038 0.573084 -0.554883 -0.71685 0.422173 -0.554884 -0.71685 0.422172 -0.5913 -0.763897 0.258507 -0.5913 -0.763897 0.258508 -0.609783 -0.787774 0.0870442 -0.609782 -0.787775 0.0870451 -0.688012 -0.720459 0.0870552 -0.685957 -0.721626 0.093379 -0.665548 -0.700156 0.258509 -0.665549 -0.700156 0.258508 -0.62456 -0.657036 0.422171 -0.624559 -0.657036 0.422172 -0.564606 -0.593965 0.573084 -0.564606 -0.593965 0.573084 -0.487486 -0.512835 0.706652 -0.487486 -0.512835 0.706652 -0.395516 -0.416083 0.818805 -0.395516 -0.416083 0.818805 -0.291476 -0.306633 0.906101 -0.291476 -0.306632 0.906101 -0.178534 -0.187817 0.965842 -0.178534 -0.187817 0.965842 -0.0601226 -0.0632489 0.996185 -0.0546206 -0.0679729 0.996191 -0.755878 -0.6489 0.0870448 -0.764496 -0.626302 0.152616 -0.737652 -0.669535 0.0871335 -0.841753 -0.532781 0.0871553 -0.816294 -0.568158 0.104214 -0.792865 -0.55185 0.258508 -0.792865 -0.55185 0.258507 -0.744035 -0.517863 0.422173 -0.744035 -0.517863 0.422173 -0.672614 -0.468153 0.573082 -0.672612 -0.468153 0.573085 -0.58074 -0.404207 0.706653 -0.580741 -0.404207 0.706652 -0.471177 -0.327949 0.818805 -0.471177 -0.327949 0.818805 -0.347234 -0.241682 0.906101 -0.347234 -0.241682 0.906101 -0.212686 -0.148034 0.965842 -0.212687 -0.148034 0.965842 -0.0716238 -0.0498516 0.996185 -0.066213 -0.0568419 0.996185 -0.066213 -0.0568419 0.996185 -0.0630123 -0.0602103 0.996195 -0.0762998 -0.0423499 0.996185 -0.0762999 -0.0423499 0.996185 -0.226571 -0.125757 0.965842 -0.226571 -0.125757 0.965842 -0.369903 -0.205313 0.906101 -0.369904 -0.205313 0.9061 -0.501937 -0.278598 0.818805 -0.501936 -0.278598 0.818806 -0.618653 -0.343381 0.706653 -0.618655 -0.343381 0.706651 -0.716525 -0.397703 0.573082 -0.716523 -0.397703 0.573085 -0.792608 -0.439934 0.422173 -0.792609 -0.439934 0.422172 -0.844627 -0.468806 0.258508 -0.844626 -0.468806 0.258509 -0.871028 -0.48346 0.0870464 -0.871028 -0.48346 0.0870436 -0.91547 -0.392859 0.087044 -0.916884 -0.378549 0.126586 -0.900366 -0.426318 0.0871463 -0.960244 -0.265214 0.0871443 -0.947405 -0.29725 0.118603 -0.921707 -0.289187 0.258508 -0.921707 -0.289187 0.258508 -0.864942 -0.271377 0.422172 -0.864941 -0.271378 0.422174 -0.781914 -0.245327 0.573084 -0.781915 -0.245327 0.573082 -0.675112 -0.211817 0.706652 -0.675111 -0.211818 0.706653 -0.547744 -0.171856 0.818805 -0.547744 -0.171856 0.818805 -0.40366 -0.126649 0.906101 -0.40366 -0.126649 0.906101 -0.247249 -0.0775747 0.965842 -0.247248 -0.0775747 0.965842 -0.0832629 -0.0261239 0.996185 -0.08039 -0.0338814 0.996188 -0.0854785 -0.0175663 0.996185 -0.0854787 -0.0175663 0.996185 -0.253828 -0.0521629 0.965842 -0.253828 -0.052163 0.965842 -0.414402 -0.0851619 0.906101 -0.414402 -0.0851618 0.906101 -0.56232 -0.11556 0.818805 -0.562321 -0.11556 0.818805 -0.693078 -0.142431 0.706652 -0.693077 -0.142431 0.706653 -0.802721 -0.164964 0.573084 -0.802722 -0.164963 0.573083 -0.887959 -0.18248 0.422172 -0.887959 -0.18248 0.422172 -0.946235 -0.194456 0.258508 -0.946235 -0.194456 0.258509 -0.975812 -0.200534 0.0870445 -0.975812 -0.200534 0.0870443 -0.991545 -0.0962172 0.0870625 -0.989972 -0.100671 0.0991025 -0.961053 -0.09773 0.258509 -0.961053 -0.0977299 0.258509 -0.901865 -0.091711 0.422172 -0.901864 -0.0917113 0.422172 -0.815292 -0.0829077 0.573084 -0.815293 -0.0829074 0.573083 -0.703931 -0.0715829 0.706652 -0.70393 -0.0715832 0.706653 -0.571126 -0.0580782 0.818806 -0.571127 -0.0580777 0.818805 -0.420892 -0.0428004 0.906101 -0.420892 -0.0428005 0.906101 -0.257803 -0.026216 0.965842 -0.257803 -0.026216 0.965842 -0.089046 -0.00905511 0.995986 -0.0863545 -0.0118543 0.996194 -0.996205 0 0.0870432 -0.98695 0.0250108 0.159074 -0.995878 -0.025237 0.0871265 -0.985391 0.14632 0.0871545 -0.989972 0.100671 0.0991025 -0.961053 0.09773 0.258509 -0.961053 0.0977299 0.258509 -0.901864 0.091711 0.422172 -0.901865 0.0917113 0.422172 -0.815293 0.0829078 0.573083 -0.815292 0.0829073 0.573084 -0.70393 0.0715829 0.706653 -0.703931 0.0715833 0.706652 -0.571127 0.0580783 0.818805 -0.571126 0.0580776 0.818806 -0.420892 0.0428004 0.906101 -0.420892 0.0428005 0.906101 -0.257803 0.0262159 0.965842 -0.257803 0.026216 0.965842 -0.0868172 0.00882847 0.996185 -0.0868172 0.00882846 0.996185 -0.0858227 0.0153246 0.996193 -0.0880637 0.0180975 0.99595 -0.253828 0.0521628 0.965842 -0.253828 0.0521631 0.965842 -0.414402 0.085162 0.906101 -0.414402 0.0851617 0.906101 -0.562321 0.11556 0.818805 -0.56232 0.115559 0.818805 -0.693077 0.142431 0.706653 -0.693078 0.142431 0.706652 -0.802722 0.164964 0.573083 -0.802721 0.164963 0.573084 -0.887959 0.18248 0.422172 -0.887959 0.18248 0.422172 -0.946235 0.194456 0.258509 -0.946235 0.194456 0.258508 -0.975812 0.200534 0.0870444 -0.975812 0.200534 0.0870445 -0.950518 0.298227 0.087044 -0.940741 0.311906 0.133123 -0.960244 0.265214 0.0871443 -0.900366 0.426318 0.0871463 -0.912764 0.391698 0.115909 -0.887721 0.380951 0.258509 -0.887722 0.380952 0.258508 -0.83305 0.35749 0.422171 -0.833049 0.357489 0.422174 -0.753083 0.323173 0.573085 -0.753084 0.323174 0.573082 -0.650219 0.279032 0.706651 -0.650219 0.279031 0.706653 -0.527547 0.226388 0.818806 -0.527547 0.226388 0.818805 -0.388777 0.166837 0.9061 -0.388777 0.166837 0.906101 -0.238131 0.10219 0.965842 -0.238132 0.10219 0.965842 -0.0808675 0.034703 0.996121 -0.0816108 0.0305872 0.996195 -0.080043 0.0347192 0.996187 -0.0762999 0.0423499 0.996185 -0.226571 0.125757 0.965842 -0.226571 0.125757 0.965842 -0.369903 0.205313 0.9061 -0.369903 0.205313 0.906101 -0.501937 0.278597 0.818806 -0.501937 0.278598 0.818805 -0.618654 0.343381 0.706651 -0.618653 0.34338 0.706653 -0.716524 0.397703 0.573085 -0.716525 0.397704 0.573082 -0.792609 0.439934 0.422171 -0.792609 0.439934 0.422173 -0.844627 0.468806 0.258509 -0.844627 0.468807 0.258508 -0.871028 0.48346 0.0870435 -0.871028 0.483459 0.0870464 -0.813694 0.574735 0.087073 -0.816294 0.568158 0.104214 -0.792865 0.551851 0.258507 -0.792865 0.55185 0.258508 -0.744035 0.517863 0.422173 -0.744035 0.517863 0.422173 -0.672613 0.468152 0.573085 -0.672614 0.468153 0.573082 -0.580741 0.404208 0.706652 -0.58074 0.404207 0.706653 -0.471177 0.327949 0.818805 -0.471177 0.327949 0.818805 -0.347234 0.241682 0.906101 -0.347234 0.241682 0.906101 -0.212686 0.148034 0.965842 -0.212686 0.148034 0.965842 -0.0716238 0.0498516 0.996185 -0.0716239 0.0498517 0.996185 -0.737652 0.669535 0.0871335 -0.752989 0.646419 0.123085 -0.732967 0.629231 0.258509 -0.732967 0.629232 0.258507 -0.687826 0.59048 0.422171 -0.687826 0.590479 0.422173 -0.6218 0.533798 0.573084 -0.6218 0.533797 0.573085 -0.536868 0.460886 0.706652 -0.536868 0.460886 0.706652 -0.435581 0.373935 0.818805 -0.435581 0.373934 0.818805 -0.321002 0.275571 0.906101 -0.321002 0.275571 0.906101 -0.196619 0.168792 0.965842 -0.196619 0.168792 0.965842 -0.0677303 0.0581445 0.996008 -0.0682259 0.0542427 0.996194 -0.650637 0.754371 0.0871557 -0.685957 0.721626 0.0933789 -0.665548 0.700156 0.258508 -0.665548 0.700156 0.258509 -0.62456 0.657036 0.422172 -0.62456 0.657036 0.422171 -0.564606 0.593966 0.573083 -0.564606 0.593965 0.573084 -0.487486 0.512835 0.706652 -0.487486 0.512835 0.706652 -0.395516 0.416083 0.818805 -0.395516 0.416083 0.818805 -0.291476 0.306632 0.906101 -0.291476 0.306633 0.906101 -0.178534 0.187817 0.965842 -0.178534 0.187817 0.965842 -0.0601226 0.063249 0.996185 -0.0654316 0.0576645 0.99619 -0.0534153 0.0690069 0.996185 -0.0534154 0.0690071 0.996185 -0.158616 0.204916 0.965842 -0.158616 0.204915 0.965842 -0.258959 0.334547 0.906101 -0.258959 0.334547 0.906101 -0.351393 0.453962 0.818805 -0.351393 0.453962 0.818805 -0.433102 0.559522 0.706653 -0.433102 0.559522 0.706653 -0.501619 0.648038 0.573084 -0.501619 0.648038 0.573084 -0.554883 0.716851 0.422172 -0.554883 0.71685 0.422173 -0.5913 0.763896 0.258508 -0.5913 0.763897 0.258507 -0.609783 0.787774 0.0870449 -0.609782 0.787775 0.0870441 -0.526957 0.845423 0.0870439 -0.508209 0.849838 0.13964 -0.553935 0.827987 0.0871405 -0.403373 0.910876 0.0871519 -0.437592 0.892093 0.112615 -0.425424 0.867288 0.258508 -0.425424 0.867287 0.258508 -0.399224 0.813874 0.422172 -0.399224 0.813874 0.422173 -0.360902 0.735748 0.573083 -0.360902 0.735748 0.573083 -0.311606 0.635252 0.706652 -0.311606 0.635251 0.706653 -0.252818 0.515404 0.818805 -0.252818 0.515404 0.818805 -0.186314 0.379827 0.906101 -0.186314 0.379828 0.9061 -0.11412 0.23265 0.965842 -0.11412 0.23265 0.965842 -0.038431 0.0783469 0.996185 -0.038431 0.0783468 0.996185 -0.0342652 0.0801355 0.996195 -0.0303968 0.0820738 0.996163 -0.0899979 0.243002 0.965842 -0.0899979 0.243002 0.965842 -0.146931 0.396727 0.906101 -0.146931 0.396727 0.906101 -0.199378 0.538337 0.818805 -0.199378 0.538337 0.818805 -0.245739 0.663517 0.706652 -0.245739 0.663517 0.706652 -0.284615 0.768485 0.573083 -0.284615 0.768485 0.573083 -0.314837 0.850087 0.422172 -0.314838 0.850087 0.422173 -0.3355 0.905877 0.258508 -0.3355 0.905877 0.258508 -0.345987 0.934193 0.0870466 -0.345987 0.934193 0.0870444 -0.240805 0.966659 0.0870819 -0.249167 0.962339 0.108717 -0.242132 0.935171 0.258508 -0.242132 0.935171 0.258508 -0.22722 0.877577 0.422173 -0.22722 0.877577 0.422173 -0.205409 0.793337 0.573083 -0.205409 0.793336 0.573083 -0.177352 0.684973 0.706653 -0.177352 0.684974 0.706652 -0.143892 0.555745 0.818805 -0.143892 0.555746 0.818805 -0.106042 0.409558 0.9061 -0.106042 0.409557 0.906101 -0.0649523 0.25086 0.965842 -0.0649523 0.25086 0.965842 -0.0218732 0.0844792 0.996185 -0.0301993 0.081867 0.996186 -0.121304 0.988783 0.0871364 -0.150293 0.981062 0.122189 -0.146281 0.954869 0.258508 -0.146281 0.954869 0.258508 -0.137272 0.896061 0.422173 -0.137272 0.896062 0.422173 -0.124095 0.810048 0.573082 -0.124095 0.810047 0.573083 -0.107145 0.6994 0.706653 -0.107144 0.699401 0.706653 -0.0869304 0.567452 0.818805 -0.0869308 0.567451 0.818805 -0.0640637 0.418183 0.906101 -0.0640633 0.418184 0.9061 -0.0392397 0.256144 0.965842 -0.0392398 0.256144 0.965842 -0.0132143 0.0862587 0.996185 -0.0132143 0.0862586 0.996185 -0.00791581 0.0867983 0.996194 -0.0045062 0.0888552 0.996034 -0.0131248 0.2588 0.965842 -0.0131249 0.258799 0.965842 -0.0214279 0.422519 0.906101 -0.0214276 0.422519 0.906101 -0.0290761 0.573336 0.818805 -0.0290764 0.573335 0.818805 -0.0358376 0.706652 0.706653 -0.0358371 0.706653 0.706653 -0.0415066 0.818446 0.573082 -0.0415067 0.818446 0.573082 -0.0459141 0.905352 0.422173 -0.0459138 0.905352 0.422173 -0.0489271 0.964769 0.258508 -0.0489273 0.964769 0.258509 -0.0504567 0.994926 0.087044 -0.0504571 0.994926 0.0870451 -0.00351219 0.0871533 0.996189 0.00441988 0.087153 0.996185 0.0131248 0.258799 0.965842 0.0131249 0.2588 0.965842 0.0214279 0.422519 0.906101 0.0214276 0.422519 0.906101 0.0290761 0.573335 0.818805 0.0290765 0.573336 0.818805 0.0358376 0.706653 0.706653 0.0358371 0.706652 0.706653 0.0415066 0.818446 0.573083 0.0415068 0.818446 0.573082 0.0459141 0.905352 0.422173 0.0459138 0.905352 0.422173 0.0489271 0.964769 0.258509 0.0489274 0.964769 0.258508 0.0504567 0.994926 0.0870452 0.0504571 0.994926 0.087044 0.150853 0.984716 0.0870452 0.170039 0.974541 0.146138 0.121304 0.988783 0.0871364 0.289455 0.953216 0.0871517 0.249167 0.962339 0.108717 0.242132 0.935171 0.258508 0.242132 0.935171 0.258508 0.22722 0.877577 0.422173 0.22722 0.877577 0.422173 0.205409 0.793336 0.573084 0.205409 0.793337 0.573083 0.177352 0.684973 0.706652 0.177352 0.684973 0.706653 0.143893 0.555746 0.818805 0.143892 0.555745 0.818805 0.106041 0.409557 0.906101 0.106042 0.409557 0.9061 0.0649523 0.25086 0.965842 0.0649522 0.25086 0.965842 0.0224989 0.0868958 0.995963 0.0192078 0.0850277 0.996193 0.0234967 0.0839704 0.996191 0.0303075 0.081833 0.996185 0.0899979 0.243002 0.965842 0.0899979 0.243002 0.965842 0.146931 0.396727 0.906101 0.146932 0.396727 0.906101 0.199378 0.538337 0.818805 0.199378 0.538337 0.818805 0.245739 0.663517 0.706652 0.245739 0.663517 0.706652 0.284615 0.768485 0.573083 0.284616 0.768485 0.573083 0.314837 0.850087 0.422173 0.314838 0.850087 0.422172 0.3355 0.905877 0.258508 0.3355 0.905877 0.258508 0.345987 0.934193 0.0870444 0.345987 0.934193 0.0870467 0.438722 0.894397 0.0870438 0.447445 0.886219 0.120035 0.403373 0.910876 0.0871519 0.553935 0.827987 0.0871405 0.525097 0.84244 0.120696 0.510984 0.819798 0.258507 0.510984 0.819798 0.258508 0.479514 0.769309 0.422173 0.479514 0.769309 0.422172 0.433485 0.695461 0.573084 0.433485 0.695461 0.573083 0.374274 0.600467 0.706653 0.374274 0.600467 0.706653 0.303663 0.487183 0.818805 0.303663 0.487182 0.818805 0.223785 0.359029 0.906101 0.223785 0.35903 0.9061 0.137072 0.219911 0.965842 0.137071 0.219911 0.965842 0.04616 0.0740569 0.996185 0.038431 0.0783468 0.996185 0.038431 0.0783469 0.996185 0.0342652 0.0801355 0.996195 0.0534154 0.069007 0.996185 0.0534153 0.0690069 0.996185 0.158616 0.204916 0.965842 0.158617 0.204916 0.965842 0.258959 0.334547 0.906101 0.258959 0.334547 0.906101 0.351393 0.453962 0.818805 0.351393 0.453962 0.818805 0.433102 0.559522 0.706653 0.433102 0.559522 0.706653 0.501619 0.648038 0.573083 0.501619 0.648038 0.573084 0.554883 0.71685 0.422173 0.554884 0.71685 0.422172 0.5913 0.763897 0.258507 0.5913 0.763897 0.258508 0.609783 0.787774 0.0870442 0.609782 0.787775 0.0870451 0.688012 0.720459 0.0870552 0.685957 0.721626 0.093379 0.665548 0.700156 0.258509 0.665549 0.700156 0.258508 0.62456 0.657036 0.422171 0.624559 0.657036 0.422172 0.564606 0.593965 0.573084 0.564606 0.593965 0.573084 0.487486 0.512835 0.706652 0.487486 0.512835 0.706652 0.395516 0.416083 0.818805 0.395516 0.416083 0.818805 0.291476 0.306633 0.906101 0.291476 0.306632 0.906101 0.178534 0.187817 0.965842 0.178534 0.187817 0.965842 0.0610565 0.0642314 0.996065 0.057285 0.065686 0.996195 0.755878 0.6489 0.0870448 0.764496 0.626302 0.152616 0.737652 0.669535 0.0871335 0.841753 0.532781 0.0871553 0.816294 0.568158 0.104214 0.792865 0.55185 0.258508 0.792865 0.55185 0.258507 0.744035 0.517863 0.422173 0.744035 0.517863 0.422173 0.672614 0.468153 0.573082 0.672612 0.468153 0.573085 0.58074 0.404207 0.706653 0.580741 0.404207 0.706652 0.471177 0.327949 0.818805 0.471177 0.327949 0.818805 0.347234 0.241682 0.906101 0.347234 0.241682 0.906101 0.212686 0.148034 0.965842 0.212687 0.148034 0.965842 0.0716239 0.0498517 0.996185 0.0716238 0.0498517 0.996185 0.0747412 0.0448519 0.996194 0.0783455 0.0434853 0.995977 0.226571 0.125757 0.965842 0.226571 0.125757 0.965842 0.369903 0.205313 0.906101 0.369904 0.205313 0.9061 0.501937 0.278598 0.818805 0.501936 0.278598 0.818806 0.618653 0.343381 0.706653 0.618655 0.343381 0.706651 0.716525 0.397703 0.573082 0.716523 0.397703 0.573085 0.792608 0.439934 0.422173 0.792609 0.439934 0.422172 0.844627 0.468806 0.258508 0.844626 0.468806 0.258509 0.871028 0.48346 0.0870464 0.871028 0.48346 0.0870436 0.91547 0.392859 0.087044 0.916884 0.378549 0.126586 0.900366 0.426318 0.0871463 0.960244 0.265214 0.0871443 0.947405 0.29725 0.118603 0.921707 0.289187 0.258508 0.921707 0.289187 0.258508 0.864942 0.271377 0.422172 0.864941 0.271378 0.422174 0.781914 0.245327 0.573084 0.781915 0.245327 0.573082 0.675112 0.211817 0.706652 0.675111 0.211818 0.706653 0.547744 0.171856 0.818805 0.547744 0.171856 0.818805 0.40366 0.126649 0.906101 0.40366 0.126649 0.906101 0.247249 0.0775747 0.965842 0.247248 0.0775747 0.965842 0.0816108 0.0305872 0.996195 0.0832629 0.0261239 0.996185 0.0832628 0.0261239 0.996185 0.0854785 0.0175662 0.996185 0.253828 0.0521629 0.965842 0.253828 0.052163 0.965842 0.414402 0.0851619 0.906101 0.414402 0.0851618 0.906101 0.56232 0.11556 0.818805 0.562321 0.11556 0.818805 0.693078 0.142431 0.706652 0.693077 0.142431 0.706653 0.802721 0.164964 0.573084 0.802722 0.164963 0.573083 0.887959 0.18248 0.422172 0.887959 0.18248 0.422172 0.946235 0.194456 0.258508 0.946235 0.194456 0.258509 0.975812 0.200534 0.0870445 0.975812 0.200534 0.0870443 0.991545 0.0962172 0.0870625 0.989972 0.100671 0.0991025 0.961053 0.09773 0.258509 0.961053 0.0977299 0.258509 0.901865 0.091711 0.422172 0.901864 0.0917113 0.422172 0.815292 0.0829077 0.573084 0.815293 0.0829074 0.573083 0.703931 0.0715829 0.706652 0.70393 0.0715832 0.706653 0.571126 0.0580782 0.818806 0.571127 0.0580777 0.818805 0.420892 0.0428004 0.906101 0.420892 0.0428005 0.906101 0.257803 0.026216 0.965842 0.257803 0.026216 0.965842 0.0868172 0.00882847 0.996185 0.0868172 0.00882846 0.996185 0.996205 0 0.0870432 0.98695 -0.0250108 0.159074 0.995878 0.025237 0.0871265 0.985391 -0.14632 0.0871545 0.989972 -0.100671 0.0991025 0.961053 -0.09773 0.258509 0.961053 -0.0977299 0.258509 0.901864 -0.091711 0.422172 0.901865 -0.0917113 0.422172 0.815293 -0.0829078 0.573083 0.815292 -0.0829073 0.573084 0.70393 -0.0715829 0.706653 0.703931 -0.0715833 0.706652 0.571127 -0.0580783 0.818805 0.571126 -0.0580776 0.818806 0.420892 -0.0428004 0.906101 0.420892 -0.0428005 0.906101 0.257803 -0.0262159 0.965842 0.257803 -0.026216 0.965842 0.0868172 -0.00882847 0.996185 0.0872421 -0.000453357 0.996187 0.0854786 -0.0175663 0.996185 0.0854785 -0.0175662 0.996185 0.253828 -0.0521628 0.965842 0.253828 -0.0521631 0.965842 0.414402 -0.085162 0.906101 0.414402 -0.0851617 0.906101 0.562321 -0.11556 0.818805 0.56232 -0.115559 0.818805 0.693077 -0.142431 0.706653 0.693078 -0.142431 0.706652 0.802722 -0.164964 0.573083 0.802721 -0.164963 0.573084 0.887959 -0.18248 0.422172 0.887959 -0.18248 0.422172 0.946235 -0.194456 0.258509 0.946235 -0.194456 0.258508 0.975812 -0.200534 0.0870444 0.975812 -0.200534 0.0870445 0.950518 -0.298227 0.087044 0.940741 -0.311906 0.133123 0.960244 -0.265214 0.0871443 0.900366 -0.426318 0.0871463 0.912764 -0.391698 0.115909 0.887721 -0.380951 0.258509 0.887722 -0.380952 0.258508 0.83305 -0.35749 0.422171 0.833049 -0.357489 0.422174 0.753083 -0.323173 0.573085 0.753084 -0.323174 0.573082 0.650219 -0.279032 0.706651 0.650219 -0.279031 0.706653 0.527547 -0.226388 0.818806 0.527547 -0.226388 0.818805 0.388777 -0.166837 0.9061 0.388777 -0.166837 0.906101 0.238131 -0.10219 0.965842 0.238132 -0.10219 0.965842 0.0801928 -0.0344135 0.996185 0.0828299 -0.0272943 0.99619 0.0762999 -0.0423499 0.996185 0.0762998 -0.0423498 0.996185 0.226571 -0.125757 0.965842 0.226571 -0.125757 0.965842 0.369903 -0.205313 0.9061 0.369903 -0.205313 0.906101 0.501937 -0.278597 0.818806 0.501937 -0.278598 0.818805 0.618654 -0.343381 0.706651 0.618653 -0.34338 0.706653 0.716524 -0.397703 0.573085 0.716525 -0.397704 0.573082 0.792609 -0.439934 0.422171 0.792609 -0.439934 0.422173 0.844627 -0.468806 0.258509 0.844627 -0.468807 0.258508 0.871028 -0.48346 0.0870435 0.871028 -0.483459 0.0870464 0.813694 -0.574735 0.087073 0.816294 -0.568158 0.104214 0.792865 -0.551851 0.258507 0.792865 -0.55185 0.258508 0.744035 -0.517863 0.422173 0.744035 -0.517863 0.422173 0.672613 -0.468152 0.573085 0.672614 -0.468153 0.573082 0.580741 -0.404208 0.706652 0.58074 -0.404207 0.706653 0.471177 -0.327949 0.818805 0.471177 -0.327949 0.818805 0.347234 -0.241682 0.906101 0.347234 -0.241682 0.906101 0.212686 -0.148034 0.965842 0.212686 -0.148034 0.965842 0.0737782 -0.0513511 0.995952 0.0728841 -0.0478312 0.996193 0.737652 -0.669535 0.0871335 0.752989 -0.646419 0.123085 0.732967 -0.629231 0.258509 0.732967 -0.629232 0.258507 0.687826 -0.59048 0.422171 0.687826 -0.590479 0.422173 0.6218 -0.533798 0.573084 0.6218 -0.533797 0.573085 0.536868 -0.460886 0.706652 0.536868 -0.460886 0.706652 0.435581 -0.373935 0.818805 0.435581 -0.373934 0.818805 0.321002 -0.275571 0.906101 0.321002 -0.275571 0.906101 0.196619 -0.168792 0.965842 0.196619 -0.168792 0.965842 0.066213 -0.0568419 0.996185 0.066213 -0.0568419 0.996185 0.650637 -0.754371 0.0871557 0.685957 -0.721626 0.0933789 0.665548 -0.700156 0.258508 0.665548 -0.700156 0.258509 0.62456 -0.657036 0.422172 0.62456 -0.657036 0.422171 0.564606 -0.593966 0.573083 0.564606 -0.593965 0.573084 0.487486 -0.512835 0.706652 0.487486 -0.512835 0.706652 0.395516 -0.416083 0.818805 0.395516 -0.416083 0.818805 0.291476 -0.306632 0.906101 0.291476 -0.306633 0.906101 0.178534 -0.187817 0.965842 0.178534 -0.187817 0.965842 0.0604682 -0.0636126 0.996141 0.0630123 -0.0602103 0.996195 0.0599504 -0.0633969 0.996186 0.0534153 -0.0690069 0.996185 0.158616 -0.204916 0.965842 0.158616 -0.204915 0.965842 0.258959 -0.334547 0.906101 0.258959 -0.334547 0.906101 0.351393 -0.453962 0.818805 0.351393 -0.453962 0.818805 0.433102 -0.559522 0.706653 0.433102 -0.559522 0.706653 0.501619 -0.648038 0.573084 0.501619 -0.648038 0.573084 0.554883 -0.716851 0.422172 0.554883 -0.71685 0.422173 0.5913 -0.763896 0.258508 0.5913 -0.763897 0.258507 0.609783 -0.787774 0.0870449 0.609782 -0.787775 0.0870441 0.526957 -0.845423 0.0870439 0.508209 -0.849838 0.13964 0.553935 -0.827987 0.0871405 0.403373 -0.910876 0.0871519 0.437592 -0.892093 0.112615 0.425424 -0.867288 0.258508 0.425424 -0.867287 0.258508 0.399224 -0.813874 0.422172 0.399224 -0.813874 0.422173 0.360902 -0.735748 0.573083 0.360902 -0.735748 0.573083 0.311606 -0.635252 0.706652 0.311606 -0.635251 0.706653 0.252818 -0.515404 0.818805 0.252818 -0.515404 0.818805 0.186314 -0.379827 0.906101 0.186314 -0.379828 0.9061 0.11412 -0.23265 0.965842 0.11412 -0.23265 0.965842 0.0392497 -0.0800158 0.996021 0.0414049 -0.0766971 0.996194 0.0374927 -0.0787499 0.996189 0.0303075 -0.0818329 0.996185 0.0899979 -0.243002 0.965842 0.0899979 -0.243002 0.965842 0.146931 -0.396727 0.906101 0.146931 -0.396727 0.906101 0.199378 -0.538337 0.818805 0.199378 -0.538337 0.818805 0.245739 -0.663517 0.706652 0.245739 -0.663517 0.706652 0.284615 -0.768485 0.573083 0.284615 -0.768485 0.573083 0.314837 -0.850087 0.422172 0.314838 -0.850087 0.422173 0.3355 -0.905877 0.258508 0.3355 -0.905877 0.258508 0.345987 -0.934193 0.0870466 0.345987 -0.934193 0.0870444 0.240805 -0.966659 0.0870819 0.249167 -0.962339 0.108717 0.242132 -0.935171 0.258508 0.242132 -0.935171 0.258508 0.22722 -0.877577 0.422173 0.22722 -0.877577 0.422173 0.205409 -0.793337 0.573083 0.205409 -0.793336 0.573083 0.177352 -0.684973 0.706653 0.177352 -0.684974 0.706652 0.143892 -0.555745 0.818805 0.143892 -0.555746 0.818805 0.106042 -0.409558 0.9061 0.106042 -0.409557 0.906101 0.0649523 -0.25086 0.965842 0.0649523 -0.25086 0.965842 0.0218732 -0.0844792 0.996185 0.0218732 -0.0844793 0.996185 0.121304 -0.988783 0.0871364 0.150293 -0.981062 0.122189 0.146281 -0.954869 0.258508 0.146281 -0.954869 0.258508 0.137272 -0.896061 0.422173 0.137272 -0.896062 0.422173 0.124095 -0.810048 0.573082 0.124095 -0.810047 0.573083 0.107145 -0.6994 0.706653 0.107144 -0.699401 0.706653 0.0869304 -0.567452 0.818805 0.0869308 -0.567451 0.818805 0.0640637 -0.418183 0.906101 0.0640633 -0.418184 0.9061 0.0392397 -0.256144 0.965842 0.0392398 -0.256144 0.965842 0.013601 -0.0887826 0.995958 0.015769 -0.0857344 0.996193 0.0044199 -0.087153 0.996185 0.00441988 -0.087153 0.996185 0.0131248 -0.2588 0.965842 0.0131249 -0.258799 0.965842 0.0214279 -0.422519 0.906101 0.0214276 -0.422519 0.906101 0.0290761 -0.573336 0.818805 0.0290764 -0.573335 0.818805 0.0358376 -0.706652 0.706653 0.0358371 -0.706653 0.706653 0.0415066 -0.818446 0.573082 0.0415067 -0.818446 0.573082 0.0459141 -0.905352 0.422173 0.0459138 -0.905352 0.422173 0.0489271 -0.964769 0.258508 0.0489273 -0.964769 0.258509 0.0504567 -0.994926 0.087044 0.0504571 -0.994926 0.0870451</float_array>
                    <technique_common>
                        <accessor count="4268" source="#shape0-lib-normals-array" stride="3">
                            <param name="X" type="float"/>
                            <param name="Y" type="float"/>
                            <param name="Z" type="float"/>
                        </accessor>
                    </technique_common>
                </source>
                <vertices id="shape0-lib-vertices">
                    <input semantic="POSITION" source="#shape0-lib-positions"/>
                </vertices>
                <triangles count="4268">
                    <input offset="0" semantic="VERTEX" source="#shape0-lib-vertices"/>
                    <input offset="1" semantic="NORMAL" source="#shape0-lib-normals"/>
                    <p>0 0 1 0 2 0 3 1 4 1 5 1 6 2 7 2 8 2 9 3 10 3 11 3 9 4 11 4 12 4 6 5 8 5 13 5 3 6 5 6 14 6 15 7 16 7 17 7 17 8 16 8 18 8 17 9 18 9 19 9 20 10 21 10 22 10 22 11 21 11 23 11 22 12 23 12 24 12 24 13 23 13 25 13 24 14 25 14 26 14 26 15 25 15 27 15 27 16 25 16 28 16 27 17 28 17 29 17 29 18 28 18 30 18 29 19 30 19 31 19 1 20 32 20 2 20 2 21 32 21 33 21 2 22 33 22 31 22 34 23 0 23 35 23 35 24 0 24 36 24 35 25 36 25 37 25 37 26 36 26 38 26 38 27 36 27 39 27 38 28 39 28 40 28 40 29 39 29 41 29 41 30 39 30 42 30 41 31 42 31 43 31 0 32 2 32 36 32 36 33 2 33 44 33 36 34 44 34 39 34 39 35 44 35 45 35 39 36 45 36 42 36 42 37 45 37 46 37 42 38 46 38 47 38 31 39 30 39 2 39 2 40 30 40 28 40 2 41 28 41 44 41 44 42 28 42 25 42 44 43 25 43 45 43 45 44 25 44 23 44 45 45 23 45 46 45 48 46 49 46 47 46 47 47 49 47 50 47 47 48 50 48 42 48 42 49 50 49 51 49 42 50 51 50 43 50 21 51 52 51 23 51 23 52 52 52 53 52 23 53 53 53 46 53 46 54 53 54 54 54 46 55 54 55 47 55 47 56 54 56 55 56 47 57 55 57 48 57 20 58 56 58 21 58 21 59 56 59 19 59 21 60 19 60 52 60 52 61 19 61 18 61 52 62 18 62 53 62 53 63 18 63 57 63 53 64 57 64 54 64 54 65 57 65 58 65 54 66 58 66 55 66 55 67 58 67 59 67 60 68 61 68 59 68 59 69 61 69 62 69 59 70 62 70 55 70 55 71 62 71 63 71 55 72 63 72 48 72 15 73 14 73 16 73 16 74 14 74 5 74 16 75 5 75 18 75 18 76 5 76 64 76 18 77 64 77 57 77 57 78 64 78 65 78 57 79 65 79 58 79 58 80 65 80 66 80 58 81 66 81 59 81 59 82 66 82 67 82 59 83 67 83 60 83 3 84 13 84 4 84 4 85 13 85 8 85 4 86 8 86 5 86 5 87 8 87 68 87 5 88 68 88 64 88 64 89 68 89 69 89 64 90 69 90 65 90 65 91 69 91 70 91 65 92 70 92 66 92 66 93 70 93 71 93 66 94 71 94 67 94 67 95 71 95 72 95 73 96 74 96 72 96 72 97 74 97 75 97 72 98 75 98 67 98 67 99 75 99 76 99 67 100 76 100 60 100 6 101 12 101 7 101 7 102 12 102 11 102 7 103 11 103 8 103 8 104 11 104 77 104 8 105 77 105 68 105 68 106 77 106 78 106 68 107 78 107 69 107 69 108 78 108 79 108 69 109 79 109 70 109 70 110 79 110 80 110 70 111 80 111 71 111 71 112 80 112 81 112 71 113 81 113 72 113 72 114 81 114 82 114 72 115 82 115 73 115 83 116 84 116 85 116 86 117 83 117 87 117 88 118 89 118 90 118 91 119 92 119 93 119 94 120 95 120 96 120 97 121 86 121 98 121 99 122 100 122 101 122 101 123 100 123 102 123 101 124 102 124 103 124 103 125 102 125 104 125 103 126 104 126 97 126 99 127 101 127 105 127 105 128 101 128 106 128 105 129 106 129 107 129 96 130 95 130 108 130 108 131 95 131 109 131 108 132 109 132 110 132 111 133 112 133 113 133 113 134 112 134 114 134 90 135 89 135 115 135 115 136 89 136 116 136 115 137 116 137 117 137 93 138 92 138 88 138 88 139 92 139 118 139 88 140 118 140 89 140 89 141 118 141 119 141 89 142 119 142 116 142 114 143 112 143 91 143 91 144 112 144 120 144 91 145 120 145 92 145 92 146 120 146 121 146 92 147 121 147 118 147 118 148 121 148 122 148 118 149 122 149 119 149 110 150 109 150 111 150 111 151 109 151 123 151 111 152 123 152 112 152 112 153 123 153 124 153 112 154 124 154 120 154 120 155 124 155 125 155 120 156 125 156 121 156 121 157 125 157 126 157 121 158 126 158 122 158 107 159 106 159 94 159 94 160 106 160 127 160 94 161 127 161 95 161 95 162 127 162 128 162 95 163 128 163 109 163 109 164 128 164 129 164 109 165 129 165 123 165 123 166 129 166 130 166 123 167 130 167 124 167 124 168 130 168 131 168 124 169 131 169 125 169 125 170 131 170 132 170 125 171 132 171 126 171 97 172 98 172 103 172 103 173 98 173 133 173 103 174 133 174 101 174 101 175 133 175 134 175 101 176 134 176 106 176 106 177 134 177 135 177 106 178 135 178 127 178 127 179 135 179 136 179 127 180 136 180 128 180 128 181 136 181 137 181 128 182 137 182 129 182 129 183 137 183 138 183 129 184 138 184 130 184 130 185 138 185 139 185 130 186 139 186 131 186 131 187 139 187 140 187 131 188 140 188 132 188 86 189 87 189 98 189 98 190 87 190 141 190 98 191 141 191 133 191 133 192 141 192 142 192 133 193 142 193 134 193 134 194 142 194 143 194 134 195 143 195 135 195 135 196 143 196 144 196 135 197 144 197 136 197 136 198 144 198 145 198 136 199 145 199 137 199 137 200 145 200 146 200 137 201 146 201 138 201 138 202 146 202 147 202 138 203 147 203 139 203 139 204 147 204 148 204 139 205 148 205 140 205 83 206 85 206 87 206 87 207 85 207 149 207 87 208 149 208 141 208 141 209 149 209 150 209 141 210 150 210 142 210 142 211 150 211 151 211 142 212 151 212 143 212 143 213 151 213 152 213 143 214 152 214 144 214 144 215 152 215 153 215 144 216 153 216 145 216 145 217 153 217 154 217 145 218 154 218 146 218 146 219 154 219 155 219 146 220 155 220 147 220 147 221 155 221 156 221 147 222 156 222 148 222 157 223 158 223 159 223 160 224 157 224 161 224 161 225 157 225 159 225 161 226 159 226 162 226 162 227 159 227 163 227 163 228 159 228 164 228 164 229 159 229 165 229 164 230 165 230 166 230 166 231 167 231 164 231 164 232 167 232 168 232 164 233 168 233 169 233 158 234 157 234 170 234 158 235 170 235 171 235 171 236 170 236 172 236 171 237 172 237 173 237 173 238 172 238 174 238 173 239 174 239 175 239 175 240 174 240 176 240 175 241 176 241 177 241 177 242 176 242 178 242 177 243 178 243 179 243 179 244 178 244 180 244 179 245 180 245 181 245 181 246 180 246 182 246 181 247 182 247 183 247 183 248 182 248 184 248 183 249 184 249 185 249 185 250 184 250 186 250 187 251 188 251 189 251 189 252 188 252 190 252 190 253 188 253 191 253 190 254 191 254 192 254 189 255 193 255 187 255 187 256 193 256 194 256 187 257 194 257 195 257 194 258 196 258 195 258 195 259 196 259 197 259 195 260 197 260 198 260 199 261 200 261 201 261 201 262 200 262 198 262 201 263 198 263 202 263 202 264 198 264 197 264 199 265 203 265 200 265 200 266 203 266 204 266 200 267 204 267 205 267 206 268 207 268 208 268 208 269 207 269 205 269 208 270 205 270 209 270 209 271 205 271 204 271 206 272 210 272 207 272 207 273 210 273 211 273 207 274 211 274 212 274 211 275 213 275 212 275 212 276 213 276 214 276 212 277 214 277 215 277 216 278 217 278 218 278 218 279 217 279 215 279 218 280 215 280 219 280 219 281 215 281 214 281 216 282 220 282 217 282 217 283 220 283 221 283 217 284 221 284 222 284 223 285 224 285 225 285 225 286 224 286 222 286 225 287 222 287 226 287 226 288 222 288 221 288 223 289 227 289 224 289 224 290 227 290 228 290 224 291 228 291 229 291 228 292 230 292 229 292 229 293 230 293 231 293 229 294 231 294 232 294 233 295 234 295 235 295 235 296 234 296 232 296 235 297 232 297 236 297 236 298 232 298 231 298 233 299 237 299 234 299 234 300 237 300 238 300 234 301 238 301 239 301 240 302 241 302 242 302 242 303 241 303 239 303 242 304 239 304 243 304 243 305 239 305 238 305 240 306 244 306 241 306 241 307 244 307 245 307 241 308 245 308 246 308 245 309 247 309 246 309 246 310 247 310 248 310 246 311 248 311 249 311 250 312 251 312 252 312 252 313 251 313 249 313 252 314 249 314 253 314 253 315 249 315 248 315 250 316 254 316 251 316 251 317 254 317 255 317 251 318 255 318 256 318 257 319 258 319 259 319 259 320 258 320 256 320 259 321 256 321 260 321 260 322 256 322 255 322 257 323 261 323 258 323 258 324 261 324 262 324 258 325 262 325 263 325 262 326 264 326 263 326 263 327 264 327 265 327 263 328 265 328 266 328 265 329 267 329 266 329 266 330 267 330 268 330 266 331 268 331 269 331 270 332 271 332 272 332 273 333 274 333 275 333 275 334 276 334 273 334 273 335 276 335 277 335 273 336 277 336 278 336 268 337 279 337 269 337 269 338 279 338 280 338 269 339 280 339 281 339 281 340 280 340 274 340 281 341 274 341 272 341 272 342 274 342 273 342 272 343 273 343 270 343 270 344 273 344 282 344 270 345 282 345 271 345 192 346 185 346 190 346 190 347 185 347 186 347 190 348 186 348 283 348 283 349 186 349 284 349 283 350 284 350 285 350 286 351 287 351 284 351 284 352 287 352 288 352 284 353 288 353 285 353 289 354 290 354 286 354 286 355 290 355 291 355 286 356 291 356 287 356 289 357 286 357 292 357 292 358 286 358 293 358 292 359 293 359 294 359 294 360 293 360 295 360 294 361 295 361 296 361 296 362 295 362 297 362 297 363 295 363 298 363 297 364 298 364 299 364 299 365 298 365 300 365 300 366 298 366 301 366 300 367 301 367 302 367 303 368 304 368 301 368 301 369 304 369 305 369 301 370 305 370 302 370 306 371 307 371 308 371 308 372 307 372 309 372 308 373 309 373 303 373 303 374 309 374 310 374 303 375 310 375 304 375 306 376 308 376 311 376 311 377 308 377 312 377 311 378 312 378 313 378 313 379 312 379 314 379 314 380 312 380 315 380 314 381 315 381 316 381 316 382 315 382 317 382 317 383 315 383 318 383 317 384 318 384 319 384 320 385 321 385 318 385 318 386 321 386 322 386 318 387 322 387 319 387 323 388 324 388 325 388 325 389 324 389 326 389 325 390 326 390 320 390 320 391 326 391 327 391 320 392 327 392 321 392 323 393 325 393 328 393 328 394 325 394 329 394 328 395 329 395 330 395 330 396 329 396 331 396 331 397 329 397 332 397 331 398 332 398 333 398 333 399 332 399 334 399 334 400 332 400 335 400 334 401 335 401 336 401 337 402 338 402 335 402 335 403 338 403 339 403 335 404 339 404 336 404 276 405 340 405 277 405 277 406 340 406 341 406 277 407 341 407 337 407 337 408 341 408 342 408 337 409 342 409 338 409 273 410 278 410 343 410 273 411 343 411 344 411 344 412 343 412 345 412 344 413 345 413 346 413 346 414 345 414 347 414 346 415 347 415 348 415 348 416 347 416 349 416 348 417 349 417 350 417 350 418 349 418 351 418 350 419 351 419 352 419 352 420 351 420 353 420 352 421 353 421 354 421 354 422 353 422 355 422 354 423 355 423 356 423 356 424 355 424 357 424 356 425 357 425 358 425 359 426 358 426 357 426 357 427 360 427 359 427 359 428 360 428 361 428 359 429 361 429 362 429 359 430 363 430 364 430 364 431 365 431 359 431 359 432 365 432 366 432 359 433 366 433 367 433 362 434 368 434 359 434 359 435 368 435 369 435 359 436 369 436 363 436 370 437 371 437 372 437 372 438 371 438 373 438 374 439 375 439 373 439 373 440 375 440 376 440 373 441 376 441 372 441 377 442 378 442 374 442 374 443 378 443 379 443 374 444 379 444 375 444 380 445 381 445 377 445 377 446 381 446 382 446 377 447 382 447 378 447 383 448 384 448 380 448 380 449 384 449 385 449 380 450 385 450 381 450 383 451 380 451 386 451 386 452 380 452 387 452 386 453 387 453 388 453 388 454 387 454 389 454 388 455 389 455 390 455 390 456 389 456 391 456 391 457 389 457 392 457 391 458 392 458 393 458 393 459 392 459 394 459 394 460 392 460 395 460 394 461 395 461 396 461 396 462 395 462 397 462 397 463 395 463 398 463 397 464 398 464 399 464 400 465 401 465 398 465 398 466 401 466 399 466 401 467 400 467 402 467 402 468 400 468 403 468 404 469 405 469 403 469 403 470 405 470 406 470 403 471 406 471 402 471 407 472 408 472 404 472 404 473 408 473 409 473 404 474 409 474 405 474 410 475 411 475 407 475 407 476 411 476 412 476 407 477 412 477 408 477 413 478 414 478 410 478 410 479 414 479 415 479 410 480 415 480 411 480 413 481 410 481 416 481 416 482 410 482 417 482 416 483 417 483 418 483 418 484 417 484 419 484 418 485 419 485 420 485 420 486 419 486 421 486 421 487 419 487 422 487 421 488 422 488 423 488 423 489 422 489 424 489 424 490 422 490 425 490 424 491 425 491 426 491 426 492 425 492 427 492 427 493 425 493 428 493 427 494 428 494 429 494 430 495 431 495 432 495 433 496 429 496 432 496 432 497 429 497 428 497 432 498 428 498 430 498 434 499 435 499 436 499 436 500 435 500 371 500 436 501 371 501 437 501 437 502 371 502 370 502 438 503 281 503 439 503 439 504 281 504 272 504 440 505 187 505 441 505 441 506 187 506 442 506 440 507 443 507 187 507 187 508 443 508 444 508 187 509 444 509 188 509 442 510 187 510 445 510 445 511 187 511 446 511 445 512 446 512 447 512 447 513 446 513 198 513 447 514 198 514 448 514 448 515 198 515 200 515 448 516 200 516 205 516 449 517 224 517 450 517 450 518 224 518 229 518 450 519 229 519 451 519 451 520 229 520 452 520 258 521 263 521 453 521 453 522 263 522 266 522 205 523 207 523 448 523 448 524 207 524 212 524 448 525 212 525 215 525 229 526 454 526 452 526 452 527 454 527 234 527 452 528 234 528 455 528 455 529 234 529 239 529 456 530 457 530 239 530 458 531 453 531 459 531 459 532 453 532 266 532 459 533 266 533 460 533 460 534 266 534 461 534 460 535 461 535 462 535 462 536 461 536 281 536 462 537 281 537 463 537 463 538 281 538 438 538 449 539 464 539 224 539 224 540 464 540 465 540 224 541 465 541 466 541 457 542 467 542 239 542 239 543 467 543 468 543 239 544 468 544 455 544 241 545 246 545 453 545 453 546 246 546 249 546 466 547 469 547 224 547 224 548 469 548 470 548 224 549 470 549 471 549 215 550 217 550 448 550 448 551 217 551 222 551 448 552 222 552 472 552 472 553 222 553 224 553 472 554 224 554 473 554 473 555 224 555 471 555 474 556 475 556 239 556 249 557 251 557 453 557 453 558 251 558 256 558 453 559 256 559 258 559 475 560 476 560 239 560 239 561 476 561 477 561 239 562 477 562 456 562 241 563 453 563 239 563 239 564 453 564 478 564 239 565 478 565 474 565 479 566 480 566 481 566 481 567 480 567 482 567 481 568 482 568 483 568 483 569 482 569 484 569 483 570 484 570 485 570 485 571 484 571 486 571 485 572 486 572 487 572 487 573 486 573 488 573 487 574 488 574 489 574 489 575 488 575 490 575 489 576 490 576 491 576 491 577 490 577 492 577 491 578 492 578 493 578 493 579 492 579 494 579 493 580 494 580 495 580 495 581 494 581 496 581 495 582 496 582 497 582 497 583 496 583 498 583 497 584 498 584 499 584 499 585 498 585 500 585 499 586 500 586 501 586 501 587 500 587 502 587 501 588 502 588 503 588 503 589 502 589 504 589 503 590 504 590 505 590 505 591 504 591 506 591 505 592 506 592 507 592 507 593 506 593 508 593 507 594 508 594 509 594 509 595 508 595 510 595 509 596 510 596 511 596 511 597 510 597 512 597 511 598 512 598 513 598 513 599 512 599 514 599 513 600 514 600 515 600 515 601 514 601 516 601 515 602 516 602 517 602 517 603 516 603 518 603 517 604 518 604 519 604 519 605 518 605 520 605 519 606 520 606 521 606 521 607 520 607 522 607 521 608 522 608 523 608 523 609 522 609 524 609 523 610 524 610 525 610 525 611 524 611 526 611 525 612 526 612 527 612 527 613 526 613 528 613 527 614 528 614 529 614 529 615 528 615 530 615 529 616 530 616 531 616 531 617 530 617 532 617 531 618 532 618 533 618 533 619 532 619 534 619 533 620 534 620 535 620 535 621 534 621 536 621 535 622 536 622 537 622 537 623 536 623 538 623 537 624 538 624 539 624 539 625 538 625 540 625 539 626 540 626 541 626 541 627 540 627 542 627 541 628 542 628 543 628 543 629 542 629 544 629 543 630 544 630 545 630 545 631 544 631 546 631 545 632 546 632 547 632 547 633 546 633 548 633 547 634 548 634 549 634 549 635 548 635 550 635 549 636 550 636 551 636 551 637 550 637 552 637 551 638 552 638 553 638 553 639 552 639 554 639 553 640 554 640 555 640 555 641 554 641 556 641 555 642 556 642 557 642 557 643 556 643 558 643 557 644 558 644 559 644 559 645 558 645 560 645 559 646 560 646 561 646 561 647 560 647 562 647 561 648 562 648 563 648 563 649 562 649 564 649 563 650 564 650 565 650 565 651 564 651 566 651 565 652 566 652 567 652 567 653 566 653 568 653 567 654 568 654 569 654 569 655 568 655 570 655 569 656 570 656 479 656 479 657 570 657 480 657 431 658 430 658 571 658 431 659 571 659 572 659 572 660 571 660 573 660 572 661 573 661 574 661 574 662 573 662 575 662 574 663 575 663 576 663 576 664 575 664 577 664 576 665 577 665 578 665 578 666 577 666 579 666 578 667 579 667 580 667 580 668 579 668 581 668 580 669 581 669 582 669 582 670 581 670 583 670 582 671 583 671 584 671 584 672 583 672 585 672 584 673 585 673 586 673 586 674 585 674 587 674 586 675 587 675 588 675 588 676 587 676 589 676 588 677 589 677 590 677 590 678 589 678 591 678 590 679 591 679 592 679 592 680 591 680 593 680 592 681 593 681 594 681 594 682 593 682 595 682 594 683 595 683 596 683 596 684 595 684 597 684 596 685 597 685 598 685 598 686 597 686 599 686 598 687 599 687 600 687 600 688 599 688 601 688 600 689 601 689 602 689 602 690 601 690 603 690 602 691 603 691 604 691 604 692 603 692 605 692 604 693 605 693 606 693 606 694 605 694 607 694 606 695 607 695 608 695 608 696 607 696 609 696 608 697 609 697 610 697 610 698 609 698 611 698 610 699 611 699 612 699 612 700 611 700 613 700 612 701 613 701 614 701 614 702 613 702 615 702 614 703 615 703 616 703 616 704 615 704 617 704 616 705 617 705 618 705 618 706 617 706 435 706 618 707 435 707 434 707 619 708 360 708 357 708 284 709 620 709 286 709 286 710 620 710 621 710 286 711 621 711 293 711 619 712 277 712 622 712 622 713 277 713 337 713 622 714 337 714 623 714 329 715 624 715 332 715 332 716 624 716 625 716 332 717 625 717 335 717 335 718 625 718 626 718 335 719 626 719 337 719 337 720 626 720 627 720 337 721 627 721 623 721 184 722 628 722 186 722 186 723 628 723 629 723 186 724 629 724 284 724 284 725 629 725 630 725 284 726 630 726 620 726 621 727 631 727 293 727 293 728 631 728 632 728 293 729 632 729 295 729 295 730 632 730 633 730 295 731 633 731 298 731 298 732 633 732 634 732 298 733 634 733 301 733 301 734 634 734 635 734 301 735 635 735 303 735 303 736 635 736 636 736 303 737 636 737 308 737 308 738 636 738 637 738 308 739 637 739 638 739 345 740 343 740 619 740 619 741 343 741 278 741 619 742 278 742 277 742 357 743 355 743 619 743 619 744 355 744 353 744 619 745 353 745 351 745 351 746 349 746 619 746 619 747 349 747 347 747 619 748 347 748 345 748 184 749 182 749 628 749 628 750 182 750 180 750 628 751 180 751 178 751 172 752 170 752 628 752 628 753 170 753 157 753 628 754 157 754 160 754 637 755 639 755 638 755 638 756 639 756 640 756 638 757 640 757 315 757 315 758 640 758 641 758 315 759 641 759 318 759 318 760 641 760 642 760 318 761 642 761 320 761 320 762 642 762 643 762 320 763 643 763 325 763 325 764 643 764 644 764 325 765 644 765 329 765 329 766 644 766 645 766 329 767 645 767 624 767 178 768 176 768 628 768 628 769 176 769 174 769 628 770 174 770 172 770 447 771 448 771 646 771 447 772 646 772 647 772 647 773 646 773 648 773 647 774 648 774 649 774 649 775 648 775 650 775 649 776 650 776 651 776 651 777 650 777 652 777 651 778 652 778 653 778 653 779 652 779 654 779 653 780 654 780 655 780 655 781 654 781 656 781 655 782 656 782 657 782 657 783 656 783 658 783 657 784 658 784 659 784 659 785 658 785 660 785 659 786 660 786 661 786 661 787 660 787 429 787 661 788 429 788 433 788 406 789 405 789 662 789 409 790 408 790 663 790 415 791 414 791 664 791 416 792 418 792 665 792 420 793 421 793 666 793 426 794 427 794 667 794 473 795 471 795 668 795 668 796 471 796 669 796 668 797 669 797 670 797 670 798 669 798 671 798 670 799 671 799 672 799 672 800 671 800 673 800 672 801 673 801 674 801 674 802 673 802 675 802 674 803 675 803 676 803 676 804 675 804 677 804 676 805 677 805 678 805 678 806 677 806 679 806 678 807 679 807 680 807 680 808 679 808 681 808 680 809 681 809 682 809 682 810 681 810 666 810 465 811 464 811 683 811 683 812 464 812 684 812 683 813 684 813 685 813 685 814 684 814 686 814 685 815 686 815 687 815 687 816 686 816 688 816 687 817 688 817 689 817 689 818 688 818 690 818 689 819 690 819 691 819 691 820 690 820 692 820 691 821 692 821 693 821 693 822 692 822 694 822 693 823 694 823 695 823 695 824 694 824 696 824 695 825 696 825 697 825 697 826 696 826 663 826 448 827 472 827 646 827 646 828 472 828 698 828 646 829 698 829 648 829 648 830 698 830 699 830 648 831 699 831 650 831 650 832 699 832 700 832 650 833 700 833 652 833 652 834 700 834 701 834 652 835 701 835 654 835 654 836 701 836 702 836 654 837 702 837 656 837 656 838 702 838 703 838 656 839 703 839 658 839 658 840 703 840 704 840 658 841 704 841 660 841 660 842 704 842 667 842 660 843 667 843 429 843 429 844 667 844 427 844 424 845 426 845 682 845 682 846 426 846 667 846 682 847 667 847 680 847 680 848 667 848 704 848 680 849 704 849 678 849 678 850 704 850 703 850 678 851 703 851 676 851 676 852 703 852 702 852 676 853 702 853 674 853 674 854 702 854 701 854 674 855 701 855 672 855 672 856 701 856 700 856 672 857 700 857 670 857 670 858 700 858 699 858 670 859 699 859 668 859 668 860 699 860 698 860 668 861 698 861 473 861 473 862 698 862 472 862 666 863 421 863 682 863 682 864 421 864 423 864 682 865 423 865 424 865 418 866 420 866 665 866 665 867 420 867 666 867 665 868 666 868 705 868 705 869 666 869 681 869 705 870 681 870 706 870 706 871 681 871 679 871 706 872 679 872 707 872 707 873 679 873 677 873 707 874 677 874 708 874 708 875 677 875 675 875 708 876 675 876 709 876 709 877 675 877 673 877 709 878 673 878 710 878 710 879 673 879 671 879 710 880 671 880 711 880 711 881 671 881 669 881 711 882 669 882 470 882 470 883 669 883 471 883 413 884 416 884 712 884 712 885 416 885 665 885 712 886 665 886 713 886 713 887 665 887 705 887 713 888 705 888 714 888 714 889 705 889 706 889 714 890 706 890 715 890 715 891 706 891 707 891 715 892 707 892 716 892 716 893 707 893 708 893 716 894 708 894 717 894 717 895 708 895 709 895 717 896 709 896 718 896 718 897 709 897 710 897 718 898 710 898 719 898 719 899 710 899 711 899 719 900 711 900 469 900 469 901 711 901 470 901 469 902 466 902 719 902 719 903 466 903 720 903 719 904 720 904 718 904 718 905 720 905 721 905 718 906 721 906 717 906 717 907 721 907 722 907 717 908 722 908 716 908 716 909 722 909 723 909 716 910 723 910 715 910 715 911 723 911 724 911 715 912 724 912 714 912 714 913 724 913 725 913 714 914 725 914 713 914 713 915 725 915 726 915 713 916 726 916 712 916 712 917 726 917 664 917 712 918 664 918 413 918 413 919 664 919 414 919 411 920 415 920 697 920 697 921 415 921 664 921 697 922 664 922 695 922 695 923 664 923 726 923 695 924 726 924 693 924 693 925 726 925 725 925 693 926 725 926 691 926 691 927 725 927 724 927 691 928 724 928 689 928 689 929 724 929 723 929 689 930 723 930 687 930 687 931 723 931 722 931 687 932 722 932 685 932 685 933 722 933 721 933 685 934 721 934 683 934 683 935 721 935 720 935 683 936 720 936 465 936 465 937 720 937 466 937 663 938 408 938 697 938 697 939 408 939 412 939 697 940 412 940 411 940 405 941 409 941 662 941 662 942 409 942 663 942 662 943 663 943 727 943 727 944 663 944 696 944 727 945 696 945 728 945 728 946 696 946 694 946 728 947 694 947 729 947 729 948 694 948 692 948 729 949 692 949 730 949 730 950 692 950 690 950 730 951 690 951 731 951 731 952 690 952 688 952 731 953 688 953 732 953 732 954 688 954 686 954 732 955 686 955 733 955 733 956 686 956 684 956 733 957 684 957 449 957 449 958 684 958 464 958 402 959 406 959 734 959 734 960 406 960 662 960 734 961 662 961 735 961 735 962 662 962 727 962 735 963 727 963 736 963 736 964 727 964 728 964 736 965 728 965 737 965 737 966 728 966 729 966 737 967 729 967 738 967 738 968 729 968 730 968 738 969 730 969 739 969 739 970 730 970 731 970 739 971 731 971 740 971 740 972 731 972 732 972 740 973 732 973 741 973 741 974 732 974 733 974 741 975 733 975 450 975 450 976 733 976 449 976 450 977 451 977 741 977 741 978 451 978 742 978 741 979 742 979 740 979 740 980 742 980 743 980 740 981 743 981 739 981 739 982 743 982 744 982 739 983 744 983 738 983 738 984 744 984 745 984 738 985 745 985 737 985 737 986 745 986 746 986 737 987 746 987 736 987 736 988 746 988 747 988 736 989 747 989 735 989 735 990 747 990 748 990 735 991 748 991 734 991 734 992 748 992 749 992 734 993 749 993 402 993 402 994 749 994 401 994 451 995 452 995 750 995 451 996 750 996 742 996 742 997 750 997 751 997 742 998 751 998 743 998 743 999 751 999 752 999 743 1000 752 1000 744 1000 744 1001 752 1001 753 1001 744 1002 753 1002 745 1002 745 1003 753 1003 754 1003 745 1004 754 1004 746 1004 746 1005 754 1005 755 1005 746 1006 755 1006 747 1006 747 1007 755 1007 756 1007 747 1008 756 1008 748 1008 748 1009 756 1009 757 1009 748 1010 757 1010 749 1010 749 1011 757 1011 399 1011 749 1012 399 1012 401 1012 376 1013 375 1013 758 1013 379 1014 378 1014 759 1014 385 1015 384 1015 760 1015 386 1016 388 1016 761 1016 390 1017 391 1017 762 1017 396 1018 397 1018 763 1018 468 1019 467 1019 764 1019 764 1020 467 1020 765 1020 764 1021 765 1021 766 1021 766 1022 765 1022 767 1022 766 1023 767 1023 768 1023 768 1024 767 1024 769 1024 768 1025 769 1025 770 1025 770 1026 769 1026 771 1026 770 1027 771 1027 772 1027 772 1028 771 1028 773 1028 772 1029 773 1029 774 1029 774 1030 773 1030 775 1030 774 1031 775 1031 776 1031 776 1032 775 1032 777 1032 776 1033 777 1033 778 1033 778 1034 777 1034 762 1034 476 1035 475 1035 779 1035 779 1036 475 1036 780 1036 779 1037 780 1037 781 1037 781 1038 780 1038 782 1038 781 1039 782 1039 783 1039 783 1040 782 1040 784 1040 783 1041 784 1041 785 1041 785 1042 784 1042 786 1042 785 1043 786 1043 787 1043 787 1044 786 1044 788 1044 787 1045 788 1045 789 1045 789 1046 788 1046 790 1046 789 1047 790 1047 791 1047 791 1048 790 1048 792 1048 791 1049 792 1049 793 1049 793 1050 792 1050 759 1050 452 1051 455 1051 750 1051 750 1052 455 1052 794 1052 750 1053 794 1053 751 1053 751 1054 794 1054 795 1054 751 1055 795 1055 752 1055 752 1056 795 1056 796 1056 752 1057 796 1057 753 1057 753 1058 796 1058 797 1058 753 1059 797 1059 754 1059 754 1060 797 1060 798 1060 754 1061 798 1061 755 1061 755 1062 798 1062 799 1062 755 1063 799 1063 756 1063 756 1064 799 1064 800 1064 756 1065 800 1065 757 1065 757 1066 800 1066 763 1066 757 1067 763 1067 399 1067 399 1068 763 1068 397 1068 394 1069 396 1069 778 1069 778 1070 396 1070 763 1070 778 1071 763 1071 776 1071 776 1072 763 1072 800 1072 776 1073 800 1073 774 1073 774 1074 800 1074 799 1074 774 1075 799 1075 772 1075 772 1076 799 1076 798 1076 772 1077 798 1077 770 1077 770 1078 798 1078 797 1078 770 1079 797 1079 768 1079 768 1080 797 1080 796 1080 768 1081 796 1081 766 1081 766 1082 796 1082 795 1082 766 1083 795 1083 764 1083 764 1084 795 1084 794 1084 764 1085 794 1085 468 1085 468 1086 794 1086 455 1086 762 1087 391 1087 778 1087 778 1088 391 1088 393 1088 778 1089 393 1089 394 1089 388 1090 390 1090 761 1090 761 1091 390 1091 762 1091 761 1092 762 1092 801 1092 801 1093 762 1093 777 1093 801 1094 777 1094 802 1094 802 1095 777 1095 775 1095 802 1096 775 1096 803 1096 803 1097 775 1097 773 1097 803 1098 773 1098 804 1098 804 1099 773 1099 771 1099 804 1100 771 1100 805 1100 805 1101 771 1101 769 1101 805 1102 769 1102 806 1102 806 1103 769 1103 767 1103 806 1104 767 1104 807 1104 807 1105 767 1105 765 1105 807 1106 765 1106 457 1106 457 1107 765 1107 467 1107 383 1108 386 1108 808 1108 808 1109 386 1109 761 1109 808 1110 761 1110 809 1110 809 1111 761 1111 801 1111 809 1112 801 1112 810 1112 810 1113 801 1113 802 1113 810 1114 802 1114 811 1114 811 1115 802 1115 803 1115 811 1116 803 1116 812 1116 812 1117 803 1117 804 1117 812 1118 804 1118 813 1118 813 1119 804 1119 805 1119 813 1120 805 1120 814 1120 814 1121 805 1121 806 1121 814 1122 806 1122 815 1122 815 1123 806 1123 807 1123 815 1124 807 1124 456 1124 456 1125 807 1125 457 1125 456 1126 477 1126 815 1126 815 1127 477 1127 816 1127 815 1128 816 1128 814 1128 814 1129 816 1129 817 1129 814 1130 817 1130 813 1130 813 1131 817 1131 818 1131 813 1132 818 1132 812 1132 812 1133 818 1133 819 1133 812 1134 819 1134 811 1134 811 1135 819 1135 820 1135 811 1136 820 1136 810 1136 810 1137 820 1137 821 1137 810 1138 821 1138 809 1138 809 1139 821 1139 822 1139 809 1140 822 1140 808 1140 808 1141 822 1141 760 1141 808 1142 760 1142 383 1142 383 1143 760 1143 384 1143 381 1144 385 1144 793 1144 793 1145 385 1145 760 1145 793 1146 760 1146 791 1146 791 1147 760 1147 822 1147 791 1148 822 1148 789 1148 789 1149 822 1149 821 1149 789 1150 821 1150 787 1150 787 1151 821 1151 820 1151 787 1152 820 1152 785 1152 785 1153 820 1153 819 1153 785 1154 819 1154 783 1154 783 1155 819 1155 818 1155 783 1156 818 1156 781 1156 781 1157 818 1157 817 1157 781 1158 817 1158 779 1158 779 1159 817 1159 816 1159 779 1160 816 1160 476 1160 476 1161 816 1161 477 1161 759 1162 378 1162 793 1162 793 1163 378 1163 382 1163 793 1164 382 1164 381 1164 375 1165 379 1165 758 1165 758 1166 379 1166 759 1166 758 1167 759 1167 823 1167 823 1168 759 1168 792 1168 823 1169 792 1169 824 1169 824 1170 792 1170 790 1170 824 1171 790 1171 825 1171 825 1172 790 1172 788 1172 825 1173 788 1173 826 1173 826 1174 788 1174 786 1174 826 1175 786 1175 827 1175 827 1176 786 1176 784 1176 827 1177 784 1177 828 1177 828 1178 784 1178 782 1178 828 1179 782 1179 829 1179 829 1180 782 1180 780 1180 829 1181 780 1181 474 1181 474 1182 780 1182 475 1182 372 1183 376 1183 830 1183 830 1184 376 1184 758 1184 830 1185 758 1185 831 1185 831 1186 758 1186 823 1186 831 1187 823 1187 832 1187 832 1188 823 1188 824 1188 832 1189 824 1189 833 1189 833 1190 824 1190 825 1190 833 1191 825 1191 834 1191 834 1192 825 1192 826 1192 834 1193 826 1193 835 1193 835 1194 826 1194 827 1194 835 1195 827 1195 836 1195 836 1196 827 1196 828 1196 836 1197 828 1197 837 1197 837 1198 828 1198 829 1198 837 1199 829 1199 478 1199 478 1200 829 1200 474 1200 478 1201 453 1201 837 1201 837 1202 453 1202 838 1202 837 1203 838 1203 836 1203 836 1204 838 1204 839 1204 836 1205 839 1205 835 1205 835 1206 839 1206 840 1206 835 1207 840 1207 834 1207 834 1208 840 1208 841 1208 834 1209 841 1209 833 1209 833 1210 841 1210 842 1210 833 1211 842 1211 832 1211 832 1212 842 1212 843 1212 832 1213 843 1213 831 1213 831 1214 843 1214 844 1214 831 1215 844 1215 830 1215 830 1216 844 1216 845 1216 830 1217 845 1217 372 1217 372 1218 845 1218 370 1218 453 1219 458 1219 846 1219 453 1220 846 1220 838 1220 838 1221 846 1221 847 1221 838 1222 847 1222 839 1222 839 1223 847 1223 848 1223 839 1224 848 1224 840 1224 840 1225 848 1225 849 1225 840 1226 849 1226 841 1226 841 1227 849 1227 850 1227 841 1228 850 1228 842 1228 842 1229 850 1229 851 1229 842 1230 851 1230 843 1230 843 1231 851 1231 852 1231 843 1232 852 1232 844 1232 844 1233 852 1233 853 1233 844 1234 853 1234 845 1234 845 1235 853 1235 437 1235 845 1236 437 1236 370 1236 854 1237 547 1237 855 1237 855 1238 547 1238 549 1238 855 1239 549 1239 856 1239 856 1240 549 1240 551 1240 856 1241 551 1241 857 1241 857 1242 551 1242 553 1242 854 1243 858 1243 547 1243 547 1244 858 1244 545 1244 859 1245 527 1245 860 1245 860 1246 527 1246 529 1246 860 1247 529 1247 861 1247 861 1248 529 1248 531 1248 861 1249 531 1249 862 1249 862 1250 531 1250 533 1250 862 1251 533 1251 863 1251 863 1252 533 1252 535 1252 863 1253 535 1253 864 1253 864 1254 535 1254 537 1254 864 1255 537 1255 865 1255 865 1256 537 1256 539 1256 865 1257 539 1257 866 1257 866 1258 539 1258 541 1258 866 1259 541 1259 867 1259 867 1260 541 1260 543 1260 867 1261 543 1261 858 1261 858 1262 543 1262 545 1262 859 1263 868 1263 527 1263 527 1264 868 1264 525 1264 869 1265 507 1265 870 1265 870 1266 507 1266 509 1266 870 1267 509 1267 871 1267 871 1268 509 1268 511 1268 871 1269 511 1269 872 1269 872 1270 511 1270 513 1270 872 1271 513 1271 873 1271 873 1272 513 1272 515 1272 873 1273 515 1273 874 1273 874 1274 515 1274 517 1274 874 1275 517 1275 875 1275 875 1276 517 1276 519 1276 875 1277 519 1277 876 1277 876 1278 519 1278 521 1278 876 1279 521 1279 877 1279 877 1280 521 1280 523 1280 877 1281 523 1281 868 1281 868 1282 523 1282 525 1282 869 1283 878 1283 507 1283 507 1284 878 1284 505 1284 879 1285 499 1285 880 1285 880 1286 499 1286 501 1286 880 1287 501 1287 881 1287 881 1288 501 1288 503 1288 881 1289 503 1289 878 1289 878 1290 503 1290 505 1290 857 1291 553 1291 882 1291 882 1292 553 1292 555 1292 882 1293 555 1293 883 1293 883 1294 555 1294 557 1294 883 1295 557 1295 884 1295 884 1296 557 1296 559 1296 884 1297 559 1297 885 1297 885 1298 559 1298 561 1298 885 1299 561 1299 886 1299 886 1300 561 1300 563 1300 886 1301 563 1301 887 1301 887 1302 563 1302 565 1302 887 1303 565 1303 888 1303 888 1304 565 1304 567 1304 888 1305 567 1305 889 1305 889 1306 567 1306 569 1306 889 1307 569 1307 890 1307 890 1308 569 1308 479 1308 890 1309 479 1309 891 1309 891 1310 479 1310 481 1310 891 1311 481 1311 892 1311 892 1312 481 1312 483 1312 892 1313 483 1313 893 1313 893 1314 483 1314 485 1314 893 1315 485 1315 894 1315 894 1316 485 1316 487 1316 894 1317 487 1317 895 1317 895 1318 487 1318 489 1318 895 1319 489 1319 896 1319 896 1320 489 1320 491 1320 896 1321 491 1321 897 1321 897 1322 491 1322 493 1322 897 1323 493 1323 898 1323 898 1324 493 1324 495 1324 898 1325 495 1325 899 1325 899 1326 495 1326 497 1326 899 1327 497 1327 879 1327 879 1328 497 1328 499 1328 887 1329 888 1329 900 1329 900 1330 888 1330 889 1330 900 1331 889 1331 901 1331 901 1332 889 1332 890 1332 901 1333 890 1333 902 1333 902 1334 890 1334 891 1334 902 1335 891 1335 903 1335 903 1336 891 1336 892 1336 903 1337 892 1337 904 1337 904 1338 892 1338 893 1338 904 1339 893 1339 905 1339 905 1340 893 1340 894 1340 905 1341 894 1341 906 1341 906 1342 894 1342 895 1342 906 1343 895 1343 907 1343 907 1344 895 1344 896 1344 907 1345 896 1345 908 1345 908 1346 896 1346 897 1346 908 1347 897 1347 909 1347 909 1348 897 1348 898 1348 909 1349 898 1349 910 1349 910 1350 898 1350 899 1350 910 1351 899 1351 911 1351 911 1352 899 1352 879 1352 911 1353 879 1353 912 1353 912 1354 879 1354 880 1354 912 1355 880 1355 913 1355 913 1356 880 1356 881 1356 913 1357 881 1357 914 1357 914 1358 881 1358 878 1358 914 1359 878 1359 915 1359 915 1360 878 1360 869 1360 915 1361 869 1361 916 1361 916 1362 869 1362 870 1362 916 1363 870 1363 917 1363 917 1364 870 1364 871 1364 917 1365 871 1365 918 1365 918 1366 871 1366 872 1366 918 1367 872 1367 919 1367 919 1368 872 1368 873 1368 919 1369 873 1369 920 1369 920 1370 873 1370 874 1370 920 1371 874 1371 921 1371 921 1372 874 1372 875 1372 921 1373 875 1373 922 1373 922 1374 875 1374 876 1374 922 1375 876 1375 923 1375 923 1376 876 1376 877 1376 923 1377 877 1377 924 1377 924 1378 877 1378 868 1378 924 1379 868 1379 925 1379 925 1380 868 1380 859 1380 925 1381 859 1381 926 1381 926 1382 859 1382 860 1382 926 1383 860 1383 927 1383 927 1384 860 1384 861 1384 927 1385 861 1385 928 1385 928 1386 861 1386 862 1386 928 1387 862 1387 929 1387 929 1388 862 1388 863 1388 929 1389 863 1389 930 1389 930 1390 863 1390 864 1390 930 1391 864 1391 931 1391 931 1392 864 1392 865 1392 931 1393 865 1393 932 1393 932 1394 865 1394 866 1394 932 1395 866 1395 933 1395 933 1396 866 1396 867 1396 933 1397 867 1397 934 1397 934 1398 867 1398 858 1398 934 1399 858 1399 935 1399 935 1400 858 1400 854 1400 935 1401 854 1401 936 1401 936 1402 854 1402 855 1402 936 1403 855 1403 937 1403 937 1404 855 1404 856 1404 937 1405 856 1405 938 1405 938 1406 856 1406 857 1406 938 1407 857 1407 939 1407 939 1408 857 1408 882 1408 939 1409 882 1409 940 1409 940 1410 882 1410 883 1410 940 1411 883 1411 941 1411 941 1412 883 1412 884 1412 941 1413 884 1413 942 1413 942 1414 884 1414 885 1414 942 1415 885 1415 943 1415 943 1416 885 1416 886 1416 943 1417 886 1417 944 1417 944 1418 886 1418 887 1418 944 1419 887 1419 900 1419 945 1420 946 1420 947 1420 947 1421 948 1421 949 1421 949 1422 950 1422 947 1422 947 1423 950 1423 951 1423 947 1424 951 1424 952 1424 952 1425 953 1425 947 1425 947 1426 953 1426 954 1426 947 1427 954 1427 955 1427 956 1428 957 1428 947 1428 947 1429 957 1429 958 1429 947 1430 958 1430 945 1430 955 1431 959 1431 947 1431 947 1432 959 1432 960 1432 947 1433 960 1433 956 1433 948 1434 961 1434 949 1434 949 1435 961 1435 962 1435 949 1436 962 1436 950 1436 950 1437 962 1437 963 1437 950 1438 963 1438 951 1438 951 1439 963 1439 964 1439 951 1440 964 1440 952 1440 952 1441 964 1441 965 1441 952 1442 965 1442 953 1442 953 1443 965 1443 966 1443 953 1444 966 1444 954 1444 954 1445 966 1445 967 1445 954 1446 967 1446 955 1446 955 1447 967 1447 968 1447 955 1448 968 1448 959 1448 959 1449 968 1449 969 1449 959 1450 969 1450 960 1450 960 1451 969 1451 970 1451 960 1452 970 1452 956 1452 956 1453 970 1453 971 1453 956 1454 971 1454 957 1454 957 1455 971 1455 972 1455 957 1456 972 1456 958 1456 958 1457 972 1457 973 1457 958 1458 973 1458 945 1458 945 1459 973 1459 974 1459 945 1460 974 1460 946 1460 946 1461 974 1461 975 1461 976 1462 977 1462 84 1462 972 1463 971 1463 978 1463 978 1464 971 1464 970 1464 979 1465 976 1465 980 1465 981 1466 982 1466 983 1466 972 1467 978 1467 973 1467 973 1468 978 1468 984 1468 973 1469 984 1469 974 1469 970 1470 969 1470 978 1470 978 1471 969 1471 985 1471 978 1472 985 1472 986 1472 986 1473 985 1473 967 1473 986 1474 967 1474 966 1474 987 1475 988 1475 83 1475 83 1476 988 1476 989 1476 83 1477 989 1477 84 1477 84 1478 989 1478 990 1478 84 1479 990 1479 976 1479 976 1480 990 1480 991 1480 976 1481 991 1481 980 1481 992 1482 993 1482 0 1482 0 1483 34 1483 992 1483 992 1484 34 1484 994 1484 992 1485 994 1485 995 1485 966 1486 965 1486 986 1486 986 1487 965 1487 964 1487 986 1488 964 1488 996 1488 996 1489 964 1489 963 1489 996 1490 963 1490 962 1490 982 1491 997 1491 983 1491 983 1492 997 1492 0 1492 983 1493 0 1493 998 1493 998 1494 0 1494 993 1494 999 1495 1000 1495 1001 1495 1002 1496 1003 1496 980 1496 980 1497 1003 1497 1004 1497 980 1498 1004 1498 979 1498 987 1499 1005 1499 1006 1499 1007 1500 1008 1500 983 1500 983 1501 1008 1501 1009 1501 983 1502 1009 1502 981 1502 1010 1503 32 1503 997 1503 997 1504 32 1504 1 1504 997 1505 1 1505 0 1505 962 1506 961 1506 996 1506 996 1507 961 1507 1011 1507 996 1508 1011 1508 1012 1508 1012 1509 1011 1509 1013 1509 1012 1510 1013 1510 1014 1510 1014 1511 1013 1511 1015 1511 1014 1512 1015 1512 1016 1512 1016 1513 1015 1513 1017 1513 1016 1514 1017 1514 1018 1514 1018 1515 1017 1515 1019 1515 1018 1516 1019 1516 1020 1516 1020 1517 1019 1517 1021 1517 1020 1518 1021 1518 1022 1518 1022 1519 1021 1519 1023 1519 1022 1520 1023 1520 1024 1520 1006 1521 1025 1521 987 1521 987 1522 1025 1522 1026 1522 987 1523 1026 1523 1027 1523 995 1524 1028 1524 992 1524 992 1525 1028 1525 1029 1525 992 1526 1029 1526 1001 1526 1001 1527 1029 1527 1030 1527 1001 1528 1030 1528 999 1528 1024 1529 1023 1529 1031 1529 1031 1530 1023 1530 1032 1530 1031 1531 1032 1531 97 1531 97 1532 1032 1532 1033 1532 97 1533 1033 1533 86 1533 86 1534 1033 1534 1034 1534 86 1535 1034 1535 83 1535 83 1536 1034 1536 1035 1536 83 1537 1035 1537 987 1537 987 1538 1035 1538 1036 1538 987 1539 1036 1539 1005 1539 1027 1540 1037 1540 987 1540 987 1541 1037 1541 1038 1541 987 1542 1038 1542 983 1542 983 1543 1038 1543 1039 1543 983 1544 1039 1544 1007 1544 975 1545 974 1545 1040 1545 1040 1546 974 1546 984 1546 1040 1547 984 1547 1041 1547 1041 1548 984 1548 1042 1548 1041 1549 1042 1549 1043 1549 1043 1550 1042 1550 1044 1550 1043 1551 1044 1551 1045 1551 1045 1552 1044 1552 1046 1552 1045 1553 1046 1553 1047 1553 1047 1554 1046 1554 1048 1554 1047 1555 1048 1555 1049 1555 1049 1556 1048 1556 1050 1556 1049 1557 1050 1557 1051 1557 1051 1558 1050 1558 1052 1558 1051 1559 1052 1559 1053 1559 1053 1560 1052 1560 1054 1560 1053 1561 1054 1561 1055 1561 1055 1562 1054 1562 1056 1562 1055 1563 1056 1563 1057 1563 1057 1564 1056 1564 32 1564 1057 1565 32 1565 1058 1565 1058 1566 32 1566 1010 1566 156 1567 1059 1567 1060 1567 156 1568 1060 1568 148 1568 148 1569 1060 1569 1061 1569 148 1570 1061 1570 140 1570 140 1571 1061 1571 1062 1571 140 1572 1062 1572 132 1572 132 1573 1062 1573 1063 1573 132 1574 1063 1574 126 1574 126 1575 1063 1575 1064 1575 126 1576 1064 1576 122 1576 122 1577 1064 1577 1065 1577 122 1578 1065 1578 119 1578 119 1579 1065 1579 1066 1579 119 1580 1066 1580 116 1580 116 1581 1066 1581 1067 1581 116 1582 1067 1582 117 1582 117 1583 1067 1583 1068 1583 1024 1584 91 1584 93 1584 93 1585 88 1585 1024 1585 1024 1586 88 1586 90 1586 1024 1587 90 1587 115 1587 100 1588 99 1588 1031 1588 97 1589 104 1589 1031 1589 1031 1590 104 1590 102 1590 1031 1591 102 1591 100 1591 99 1592 105 1592 1031 1592 1031 1593 105 1593 107 1593 1031 1594 107 1594 94 1594 94 1595 96 1595 1031 1595 1031 1596 96 1596 108 1596 1031 1597 108 1597 110 1597 110 1598 111 1598 1031 1598 1031 1599 111 1599 113 1599 1031 1600 113 1600 1024 1600 1024 1601 113 1601 114 1601 1024 1602 114 1602 91 1602 19 1603 56 1603 1056 1603 1056 1604 56 1604 20 1604 32 1605 1056 1605 33 1605 33 1606 1056 1606 31 1606 26 1607 27 1607 1056 1607 1056 1608 27 1608 29 1608 1056 1609 29 1609 31 1609 20 1610 22 1610 1056 1610 1056 1611 22 1611 24 1611 1056 1612 24 1612 26 1612 1069 1613 10 1613 1054 1613 1054 1614 10 1614 9 1614 1054 1615 9 1615 12 1615 12 1616 6 1616 1054 1616 1054 1617 6 1617 13 1617 1054 1618 13 1618 3 1618 3 1619 14 1619 1054 1619 1054 1620 14 1620 15 1620 1054 1621 15 1621 1056 1621 1056 1622 15 1622 17 1622 1056 1623 17 1623 19 1623 115 1624 117 1624 1024 1624 1024 1625 117 1625 1068 1625 1024 1626 1068 1626 1022 1626 1022 1627 1068 1627 1070 1627 1022 1628 1070 1628 1020 1628 1020 1629 1070 1629 1071 1629 1020 1630 1071 1630 1018 1630 1018 1631 1071 1631 1072 1631 1018 1632 1072 1632 1016 1632 1016 1633 1072 1633 1073 1633 1016 1634 1073 1634 1014 1634 1014 1635 1073 1635 1074 1635 1014 1636 1074 1636 1012 1636 1012 1637 1074 1637 1075 1637 1012 1638 1075 1638 996 1638 996 1639 1075 1639 1076 1639 996 1640 1076 1640 986 1640 986 1641 1076 1641 1077 1641 986 1642 1077 1642 978 1642 978 1643 1077 1643 1078 1643 978 1644 1078 1644 984 1644 984 1645 1078 1645 1079 1645 984 1646 1079 1646 1042 1646 1042 1647 1079 1647 1080 1647 1042 1648 1080 1648 1044 1648 1044 1649 1080 1649 1081 1649 1044 1650 1081 1650 1046 1650 1046 1651 1081 1651 1082 1651 1046 1652 1082 1652 1048 1652 1048 1653 1082 1653 1083 1653 1048 1654 1083 1654 1050 1654 1050 1655 1083 1655 1084 1655 1050 1656 1084 1656 1052 1656 1052 1657 1084 1657 1085 1657 1052 1658 1085 1658 1054 1658 1054 1659 1085 1659 1086 1659 1054 1660 1086 1660 1069 1660 10 1661 1069 1661 1087 1661 10 1662 1087 1662 11 1662 11 1663 1087 1663 1088 1663 11 1664 1088 1664 77 1664 77 1665 1088 1665 1089 1665 77 1666 1089 1666 78 1666 78 1667 1089 1667 1090 1667 78 1668 1090 1668 79 1668 79 1669 1090 1669 1091 1669 79 1670 1091 1670 80 1670 80 1671 1091 1671 1092 1671 80 1672 1092 1672 81 1672 81 1673 1092 1673 1093 1673 81 1674 1093 1674 82 1674 82 1675 1093 1675 1094 1675 82 1676 1094 1676 73 1676 1095 1677 1096 1677 1097 1677 1097 1678 1098 1678 1095 1678 1095 1679 1098 1679 1099 1679 1095 1680 1099 1680 1100 1680 1099 1681 1101 1681 1100 1681 1100 1682 1101 1682 1102 1682 1100 1683 1102 1683 1103 1683 1102 1684 1104 1684 1103 1684 1103 1685 1104 1685 1105 1685 1103 1686 1105 1686 1106 1686 1105 1687 1107 1687 1106 1687 1106 1688 1107 1688 1108 1688 1106 1689 1108 1689 1109 1689 1109 1690 1108 1690 1110 1690 1109 1691 1110 1691 1111 1691 1110 1692 1112 1692 1111 1692 1111 1693 1112 1693 1113 1693 1111 1694 1113 1694 1114 1694 1113 1695 1115 1695 1114 1695 1114 1696 1115 1696 1116 1696 1114 1697 1116 1697 1117 1697 1117 1698 1116 1698 1118 1698 1119 1699 1120 1699 1121 1699 1121 1700 1120 1700 1122 1700 1121 1701 1122 1701 1123 1701 1123 1702 1122 1702 1117 1702 1123 1703 1117 1703 1124 1703 1124 1704 1117 1704 1118 1704 1120 1705 1125 1705 1122 1705 1122 1706 1125 1706 1126 1706 1122 1707 1126 1707 1117 1707 1117 1708 1126 1708 1127 1708 1117 1709 1127 1709 1114 1709 1114 1710 1127 1710 1128 1710 1114 1711 1128 1711 1111 1711 1111 1712 1128 1712 1129 1712 1111 1713 1129 1713 1109 1713 1109 1714 1129 1714 1130 1714 1109 1715 1130 1715 1106 1715 1106 1716 1130 1716 1131 1716 1106 1717 1131 1717 1103 1717 1103 1718 1131 1718 1132 1718 1103 1719 1132 1719 1100 1719 1100 1720 1132 1720 1133 1720 1100 1721 1133 1721 1095 1721 1095 1722 1133 1722 1134 1722 1095 1723 1134 1723 1096 1723 1096 1724 1134 1724 1135 1724 1125 1725 1136 1725 1126 1725 1126 1726 1136 1726 1137 1726 1126 1727 1137 1727 1127 1727 1127 1728 1137 1728 1138 1728 1127 1729 1138 1729 1128 1729 1128 1730 1138 1730 1139 1730 1128 1731 1139 1731 1129 1731 1129 1732 1139 1732 1140 1732 1129 1733 1140 1733 1130 1733 1130 1734 1140 1734 1141 1734 1130 1735 1141 1735 1131 1735 1131 1736 1141 1736 1142 1736 1131 1737 1142 1737 1132 1737 1132 1738 1142 1738 1143 1738 1132 1739 1143 1739 1133 1739 1133 1740 1143 1740 1144 1740 1133 1741 1144 1741 1134 1741 1134 1742 1144 1742 1145 1742 1134 1743 1145 1743 1135 1743 1135 1744 1145 1744 1146 1744 1136 1745 1147 1745 1137 1745 1137 1746 1147 1746 1148 1746 1137 1747 1148 1747 1138 1747 1138 1748 1148 1748 1149 1748 1138 1749 1149 1749 1139 1749 1139 1750 1149 1750 1150 1750 1139 1751 1150 1751 1140 1751 1140 1752 1150 1752 1151 1752 1140 1753 1151 1753 1141 1753 1141 1754 1151 1754 1152 1754 1141 1755 1152 1755 1142 1755 1142 1756 1152 1756 1153 1756 1142 1757 1153 1757 1143 1757 1143 1758 1153 1758 1154 1758 1143 1759 1154 1759 1144 1759 1144 1760 1154 1760 1155 1760 1144 1761 1155 1761 1145 1761 1145 1762 1155 1762 1156 1762 1145 1763 1156 1763 1146 1763 1146 1764 1156 1764 1157 1764 1147 1765 1158 1765 1148 1765 1148 1766 1158 1766 1159 1766 1148 1767 1159 1767 1149 1767 1149 1768 1159 1768 1160 1768 1149 1769 1160 1769 1150 1769 1150 1770 1160 1770 1161 1770 1150 1771 1161 1771 1151 1771 1151 1772 1161 1772 1162 1772 1151 1773 1162 1773 1152 1773 1152 1774 1162 1774 1163 1774 1152 1775 1163 1775 1153 1775 1153 1776 1163 1776 1164 1776 1153 1777 1164 1777 1154 1777 1154 1778 1164 1778 1165 1778 1154 1779 1165 1779 1155 1779 1155 1780 1165 1780 1166 1780 1155 1781 1166 1781 1156 1781 1156 1782 1166 1782 1167 1782 1156 1783 1167 1783 1157 1783 1157 1784 1167 1784 1168 1784 1158 1785 1169 1785 1159 1785 1159 1786 1169 1786 1170 1786 1159 1787 1170 1787 1160 1787 1160 1788 1170 1788 1171 1788 1160 1789 1171 1789 1161 1789 1161 1790 1171 1790 1172 1790 1161 1791 1172 1791 1162 1791 1162 1792 1172 1792 1173 1792 1162 1793 1173 1793 1163 1793 1163 1794 1173 1794 1174 1794 1163 1795 1174 1795 1164 1795 1164 1796 1174 1796 1175 1796 1164 1797 1175 1797 1165 1797 1165 1798 1175 1798 1176 1798 1165 1799 1176 1799 1166 1799 1166 1800 1176 1800 1177 1800 1166 1801 1177 1801 1167 1801 1167 1802 1177 1802 1178 1802 1167 1803 1178 1803 1168 1803 1168 1804 1178 1804 1179 1804 1169 1805 1180 1805 1170 1805 1170 1806 1180 1806 1181 1806 1170 1807 1181 1807 1171 1807 1171 1808 1181 1808 1182 1808 1171 1809 1182 1809 1172 1809 1172 1810 1182 1810 1183 1810 1172 1811 1183 1811 1173 1811 1173 1812 1183 1812 1184 1812 1173 1813 1184 1813 1174 1813 1174 1814 1184 1814 1185 1814 1174 1815 1185 1815 1175 1815 1175 1816 1185 1816 1186 1816 1175 1817 1186 1817 1176 1817 1176 1818 1186 1818 1187 1818 1176 1819 1187 1819 1177 1819 1177 1820 1187 1820 1188 1820 1177 1821 1188 1821 1178 1821 1178 1822 1188 1822 1189 1822 1178 1823 1189 1823 1179 1823 1179 1824 1189 1824 1190 1824 1180 1825 1191 1825 1181 1825 1181 1826 1191 1826 1192 1826 1181 1827 1192 1827 1182 1827 1182 1828 1192 1828 1193 1828 1182 1829 1193 1829 1183 1829 1183 1830 1193 1830 1194 1830 1183 1831 1194 1831 1184 1831 1184 1832 1194 1832 1195 1832 1184 1833 1195 1833 1185 1833 1185 1834 1195 1834 1196 1834 1185 1835 1196 1835 1186 1835 1186 1836 1196 1836 1197 1836 1186 1837 1197 1837 1187 1837 1187 1838 1197 1838 1198 1838 1187 1839 1198 1839 1188 1839 1188 1840 1198 1840 1199 1840 1188 1841 1199 1841 1189 1841 1189 1842 1199 1842 1200 1842 1189 1843 1200 1843 1190 1843 1190 1844 1200 1844 1201 1844 1191 1845 976 1845 1192 1845 1192 1846 976 1846 979 1846 1192 1847 979 1847 1193 1847 1193 1848 979 1848 1004 1848 1193 1849 1004 1849 1194 1849 1194 1850 1004 1850 1003 1850 1194 1851 1003 1851 1195 1851 1195 1852 1003 1852 1002 1852 1195 1853 1002 1853 1196 1853 1196 1854 1002 1854 980 1854 1196 1855 980 1855 1197 1855 1197 1856 980 1856 991 1856 1197 1857 991 1857 1198 1857 1198 1858 991 1858 990 1858 1198 1859 990 1859 1199 1859 1199 1860 990 1860 989 1860 1199 1861 989 1861 1200 1861 1200 1862 989 1862 988 1862 1200 1863 988 1863 1201 1863 1201 1864 988 1864 987 1864 1202 1865 1097 1865 1203 1865 1203 1866 1097 1866 1096 1866 1203 1867 1096 1867 1204 1867 1204 1868 1096 1868 1135 1868 1204 1869 1135 1869 1205 1869 1205 1870 1135 1870 1146 1870 1205 1871 1146 1871 1206 1871 1206 1872 1146 1872 1157 1872 1206 1873 1157 1873 1207 1873 1207 1874 1157 1874 1168 1874 1207 1875 1168 1875 1208 1875 1208 1876 1168 1876 1179 1876 1208 1877 1179 1877 1209 1877 1209 1878 1179 1878 1190 1878 1209 1879 1190 1879 1210 1879 1210 1880 1190 1880 1201 1880 1210 1881 1201 1881 983 1881 983 1882 1201 1882 987 1882 1211 1883 1212 1883 1213 1883 1213 1884 1214 1884 1211 1884 1211 1885 1214 1885 1215 1885 1211 1886 1215 1886 1216 1886 1215 1887 1217 1887 1216 1887 1216 1888 1217 1888 1218 1888 1216 1889 1218 1889 1219 1889 1218 1890 1220 1890 1219 1890 1219 1891 1220 1891 1221 1891 1219 1892 1221 1892 1222 1892 1221 1893 1223 1893 1222 1893 1222 1894 1223 1894 1224 1894 1222 1895 1224 1895 1225 1895 1225 1896 1224 1896 1226 1896 1225 1897 1226 1897 1227 1897 1226 1898 1228 1898 1227 1898 1227 1899 1228 1899 1229 1899 1227 1900 1229 1900 1230 1900 1229 1901 1231 1901 1230 1901 1230 1902 1231 1902 1232 1902 1230 1903 1232 1903 1233 1903 1233 1904 1232 1904 1234 1904 1202 1905 1203 1905 1235 1905 1235 1906 1203 1906 1236 1906 1235 1907 1236 1907 1237 1907 1237 1908 1236 1908 1233 1908 1237 1909 1233 1909 1238 1909 1238 1910 1233 1910 1234 1910 1203 1911 1204 1911 1236 1911 1236 1912 1204 1912 1239 1912 1236 1913 1239 1913 1233 1913 1233 1914 1239 1914 1240 1914 1233 1915 1240 1915 1230 1915 1230 1916 1240 1916 1241 1916 1230 1917 1241 1917 1227 1917 1227 1918 1241 1918 1242 1918 1227 1919 1242 1919 1225 1919 1225 1920 1242 1920 1243 1920 1225 1921 1243 1921 1222 1921 1222 1922 1243 1922 1244 1922 1222 1923 1244 1923 1219 1923 1219 1924 1244 1924 1245 1924 1219 1925 1245 1925 1216 1925 1216 1926 1245 1926 1246 1926 1216 1927 1246 1927 1211 1927 1211 1928 1246 1928 1247 1928 1211 1929 1247 1929 1212 1929 1212 1930 1247 1930 1248 1930 1204 1931 1205 1931 1239 1931 1239 1932 1205 1932 1249 1932 1239 1933 1249 1933 1240 1933 1240 1934 1249 1934 1250 1934 1240 1935 1250 1935 1241 1935 1241 1936 1250 1936 1251 1936 1241 1937 1251 1937 1242 1937 1242 1938 1251 1938 1252 1938 1242 1939 1252 1939 1243 1939 1243 1940 1252 1940 1253 1940 1243 1941 1253 1941 1244 1941 1244 1942 1253 1942 1254 1942 1244 1943 1254 1943 1245 1943 1245 1944 1254 1944 1255 1944 1245 1945 1255 1945 1246 1945 1246 1946 1255 1946 1256 1946 1246 1947 1256 1947 1247 1947 1247 1948 1256 1948 1257 1948 1247 1949 1257 1949 1248 1949 1248 1950 1257 1950 1258 1950 1205 1951 1206 1951 1249 1951 1249 1952 1206 1952 1259 1952 1249 1953 1259 1953 1250 1953 1250 1954 1259 1954 1260 1954 1250 1955 1260 1955 1251 1955 1251 1956 1260 1956 1261 1956 1251 1957 1261 1957 1252 1957 1252 1958 1261 1958 1262 1958 1252 1959 1262 1959 1253 1959 1253 1960 1262 1960 1263 1960 1253 1961 1263 1961 1254 1961 1254 1962 1263 1962 1264 1962 1254 1963 1264 1963 1255 1963 1255 1964 1264 1964 1265 1964 1255 1965 1265 1965 1256 1965 1256 1966 1265 1966 1266 1966 1256 1967 1266 1967 1257 1967 1257 1968 1266 1968 1267 1968 1257 1969 1267 1969 1258 1969 1258 1970 1267 1970 1268 1970 1206 1971 1207 1971 1259 1971 1259 1972 1207 1972 1269 1972 1259 1973 1269 1973 1260 1973 1260 1974 1269 1974 1270 1974 1260 1975 1270 1975 1261 1975 1261 1976 1270 1976 1271 1976 1261 1977 1271 1977 1262 1977 1262 1978 1271 1978 1272 1978 1262 1979 1272 1979 1263 1979 1263 1980 1272 1980 1273 1980 1263 1981 1273 1981 1264 1981 1264 1982 1273 1982 1274 1982 1264 1983 1274 1983 1265 1983 1265 1984 1274 1984 1275 1984 1265 1985 1275 1985 1266 1985 1266 1986 1275 1986 1276 1986 1266 1987 1276 1987 1267 1987 1267 1988 1276 1988 1277 1988 1267 1989 1277 1989 1268 1989 1268 1990 1277 1990 1278 1990 1207 1991 1208 1991 1269 1991 1269 1992 1208 1992 1279 1992 1269 1993 1279 1993 1270 1993 1270 1994 1279 1994 1280 1994 1270 1995 1280 1995 1271 1995 1271 1996 1280 1996 1281 1996 1271 1997 1281 1997 1272 1997 1272 1998 1281 1998 1282 1998 1272 1999 1282 1999 1273 1999 1273 2000 1282 2000 1283 2000 1273 2001 1283 2001 1274 2001 1274 2002 1283 2002 1284 2002 1274 2003 1284 2003 1275 2003 1275 2004 1284 2004 1285 2004 1275 2005 1285 2005 1276 2005 1276 2006 1285 2006 1286 2006 1276 2007 1286 2007 1277 2007 1277 2008 1286 2008 1287 2008 1277 2009 1287 2009 1278 2009 1278 2010 1287 2010 1288 2010 1208 2011 1209 2011 1279 2011 1279 2012 1209 2012 1289 2012 1279 2013 1289 2013 1280 2013 1280 2014 1289 2014 1290 2014 1280 2015 1290 2015 1281 2015 1281 2016 1290 2016 1291 2016 1281 2017 1291 2017 1282 2017 1282 2018 1291 2018 1292 2018 1282 2019 1292 2019 1283 2019 1283 2020 1292 2020 1293 2020 1283 2021 1293 2021 1284 2021 1284 2022 1293 2022 1294 2022 1284 2023 1294 2023 1285 2023 1285 2024 1294 2024 1295 2024 1285 2025 1295 2025 1286 2025 1286 2026 1295 2026 1296 2026 1286 2027 1296 2027 1287 2027 1287 2028 1296 2028 1297 2028 1287 2029 1297 2029 1288 2029 1288 2030 1297 2030 1298 2030 1209 2031 1210 2031 1289 2031 1289 2032 1210 2032 1299 2032 1289 2033 1299 2033 1290 2033 1290 2034 1299 2034 1300 2034 1290 2035 1300 2035 1291 2035 1291 2036 1300 2036 1301 2036 1291 2037 1301 2037 1292 2037 1292 2038 1301 2038 1302 2038 1292 2039 1302 2039 1293 2039 1293 2040 1302 2040 1303 2040 1293 2041 1303 2041 1294 2041 1294 2042 1303 2042 1304 2042 1294 2043 1304 2043 1295 2043 1295 2044 1304 2044 1305 2044 1295 2045 1305 2045 1296 2045 1296 2046 1305 2046 1306 2046 1296 2047 1306 2047 1297 2047 1297 2048 1306 2048 1307 2048 1297 2049 1307 2049 1298 2049 1298 2050 1307 2050 1308 2050 1210 2051 983 2051 1299 2051 1299 2052 983 2052 998 2052 1299 2053 998 2053 1300 2053 1300 2054 998 2054 993 2054 1300 2055 993 2055 1301 2055 1301 2056 993 2056 992 2056 1301 2057 992 2057 1302 2057 1302 2058 992 2058 1001 2058 1302 2059 1001 2059 1303 2059 1303 2060 1001 2060 1000 2060 1303 2061 1000 2061 1304 2061 1304 2062 1000 2062 999 2062 1304 2063 999 2063 1305 2063 1305 2064 999 2064 1030 2064 1305 2065 1030 2065 1306 2065 1306 2066 1030 2066 1029 2066 1306 2067 1029 2067 1307 2067 1307 2068 1029 2068 1028 2068 1307 2069 1028 2069 1308 2069 1308 2070 1028 2070 995 2070 73 2071 1094 2071 1309 2071 1309 2072 1094 2072 1310 2072 1311 2073 1213 2073 1312 2073 1312 2074 1213 2074 1212 2074 1312 2075 1212 2075 1313 2075 1313 2076 1212 2076 1248 2076 1313 2077 1248 2077 1314 2077 1314 2078 1248 2078 1258 2078 1314 2079 1258 2079 1315 2079 1315 2080 1258 2080 1268 2080 1315 2081 1268 2081 1316 2081 1316 2082 1268 2082 1278 2082 1316 2083 1278 2083 1317 2083 1317 2084 1278 2084 1288 2084 1317 2085 1288 2085 1318 2085 1318 2086 1288 2086 1298 2086 1318 2087 1298 2087 1319 2087 1319 2088 1298 2088 1308 2088 1319 2089 1308 2089 994 2089 994 2090 1308 2090 995 2090 1119 2091 1320 2091 1120 2091 1120 2092 1320 2092 1321 2092 1120 2093 1321 2093 1125 2093 1125 2094 1321 2094 1322 2094 1125 2095 1322 2095 1136 2095 1136 2096 1322 2096 1323 2096 1136 2097 1323 2097 1147 2097 1147 2098 1323 2098 1324 2098 1147 2099 1324 2099 1158 2099 1158 2100 1324 2100 1325 2100 1158 2101 1325 2101 1169 2101 1169 2102 1325 2102 1326 2102 1169 2103 1326 2103 1180 2103 1180 2104 1326 2104 1327 2104 1180 2105 1327 2105 1191 2105 1191 2106 1327 2106 1328 2106 1191 2107 1328 2107 976 2107 976 2108 1328 2108 977 2108 1329 2109 1059 2109 1330 2109 1330 2110 1059 2110 156 2110 1331 2111 1332 2111 1333 2111 1331 2112 1333 2112 1334 2112 1335 2113 1336 2113 1333 2113 1333 2114 1336 2114 1337 2114 1338 2115 1339 2115 1340 2115 1340 2116 1339 2116 1341 2116 1337 2117 1342 2117 1333 2117 1333 2118 1342 2118 1343 2118 1333 2119 1343 2119 1334 2119 1344 2120 1345 2120 1346 2120 1341 2121 1347 2121 1340 2121 1340 2122 1347 2122 1348 2122 1340 2123 1348 2123 1349 2123 1349 2124 1350 2124 1340 2124 1340 2125 1350 2125 1351 2125 1340 2126 1351 2126 1352 2126 1352 2127 1351 2127 1353 2127 1352 2128 1353 2128 1354 2128 1354 2129 1353 2129 1355 2129 1335 2130 1333 2130 1346 2130 1346 2131 1333 2131 1356 2131 1346 2132 1356 2132 1344 2132 1345 2133 1357 2133 1070 2133 1087 2134 1069 2134 1355 2134 1355 2135 1069 2135 1086 2135 1355 2136 1086 2136 1358 2136 1358 2137 1086 2137 1085 2137 1358 2138 1085 2138 1359 2138 1359 2139 1085 2139 1084 2139 1359 2140 1084 2140 1360 2140 1360 2141 1084 2141 1083 2141 1360 2142 1083 2142 1361 2142 1361 2143 1083 2143 1082 2143 1361 2144 1082 2144 1362 2144 1362 2145 1082 2145 1081 2145 1362 2146 1081 2146 1363 2146 1363 2147 1081 2147 1080 2147 1363 2148 1080 2148 1364 2148 1364 2149 1080 2149 1079 2149 1364 2150 1079 2150 1365 2150 1365 2151 1079 2151 1078 2151 1365 2152 1078 2152 1366 2152 1366 2153 1078 2153 1077 2153 1070 2154 1357 2154 1071 2154 1071 2155 1357 2155 1367 2155 1071 2156 1367 2156 1072 2156 1072 2157 1367 2157 1368 2157 1072 2158 1368 2158 1073 2158 1073 2159 1368 2159 1369 2159 1073 2160 1369 2160 1074 2160 1074 2161 1369 2161 1370 2161 1074 2162 1370 2162 1075 2162 1075 2163 1370 2163 1371 2163 1075 2164 1371 2164 1076 2164 1076 2165 1371 2165 1372 2165 1076 2166 1372 2166 1077 2166 1077 2167 1372 2167 1373 2167 1077 2168 1373 2168 1366 2168 1060 2169 1059 2169 1345 2169 1345 2170 1059 2170 1329 2170 1345 2171 1329 2171 1346 2171 1070 2172 1068 2172 1345 2172 1345 2173 1068 2173 1067 2173 1345 2174 1067 2174 1066 2174 1353 2175 1310 2175 1355 2175 1355 2176 1310 2176 1094 2176 1355 2177 1094 2177 1093 2177 1093 2178 1092 2178 1355 2178 1355 2179 1092 2179 1091 2179 1355 2180 1091 2180 1090 2180 1090 2181 1089 2181 1355 2181 1355 2182 1089 2182 1088 2182 1355 2183 1088 2183 1087 2183 1063 2184 1062 2184 1345 2184 1345 2185 1062 2185 1061 2185 1345 2186 1061 2186 1060 2186 1066 2187 1065 2187 1345 2187 1345 2188 1065 2188 1064 2188 1345 2189 1064 2189 1063 2189 1333 2190 935 2190 1356 2190 1356 2191 935 2191 936 2191 1356 2192 936 2192 1344 2192 1344 2193 936 2193 937 2193 1344 2194 937 2194 1345 2194 1345 2195 937 2195 938 2195 1345 2196 938 2196 1357 2196 1357 2197 938 2197 939 2197 1357 2198 939 2198 1367 2198 1367 2199 939 2199 940 2199 1367 2200 940 2200 1368 2200 1368 2201 940 2201 941 2201 1368 2202 941 2202 1369 2202 1369 2203 941 2203 942 2203 1369 2204 942 2204 1370 2204 1370 2205 942 2205 943 2205 1370 2206 943 2206 1371 2206 1371 2207 943 2207 944 2207 1371 2208 944 2208 1372 2208 1372 2209 944 2209 900 2209 1372 2210 900 2210 1373 2210 1373 2211 900 2211 901 2211 1373 2212 901 2212 1374 2212 1374 2213 901 2213 1375 2213 1374 2214 1375 2214 1365 2214 1365 2215 1375 2215 903 2215 1365 2216 903 2216 1364 2216 1364 2217 903 2217 904 2217 1364 2218 904 2218 1363 2218 1363 2219 904 2219 905 2219 1363 2220 905 2220 1362 2220 1362 2221 905 2221 906 2221 1362 2222 906 2222 1361 2222 1361 2223 906 2223 907 2223 1361 2224 907 2224 1360 2224 1360 2225 907 2225 908 2225 1360 2226 908 2226 1359 2226 1359 2227 908 2227 909 2227 1359 2228 909 2228 1358 2228 1358 2229 909 2229 910 2229 1358 2230 910 2230 1355 2230 1355 2231 910 2231 911 2231 1355 2232 911 2232 1354 2232 1354 2233 911 2233 912 2233 1354 2234 912 2234 1352 2234 1352 2235 912 2235 913 2235 1352 2236 913 2236 1340 2236 1340 2237 913 2237 914 2237 935 2238 1333 2238 1332 2238 1320 2239 1119 2239 1332 2239 1332 2240 1119 2240 934 2240 1332 2241 934 2241 935 2241 1340 2242 914 2242 1338 2242 1338 2243 914 2243 915 2243 1338 2244 915 2244 1311 2244 1311 2245 915 2245 1213 2245 1214 2246 1213 2246 915 2246 1214 2247 915 2247 1215 2247 1215 2248 915 2248 916 2248 1215 2249 916 2249 1217 2249 1217 2250 916 2250 917 2250 1217 2251 917 2251 1218 2251 1218 2252 917 2252 1220 2252 1220 2253 917 2253 918 2253 1220 2254 918 2254 1221 2254 1221 2255 918 2255 1223 2255 1223 2256 918 2256 919 2256 1223 2257 919 2257 1224 2257 1224 2258 919 2258 1226 2258 1226 2259 919 2259 920 2259 1226 2260 920 2260 1228 2260 1228 2261 920 2261 1229 2261 1229 2262 920 2262 921 2262 1229 2263 921 2263 1231 2263 1231 2264 921 2264 1232 2264 1232 2265 921 2265 922 2265 1232 2266 922 2266 1234 2266 1234 2267 922 2267 1238 2267 1238 2268 922 2268 923 2268 1238 2269 923 2269 1237 2269 1237 2270 923 2270 1235 2270 1235 2271 923 2271 924 2271 1235 2272 924 2272 1202 2272 925 2273 1097 2273 924 2273 924 2274 1097 2274 1202 2274 1098 2275 1097 2275 925 2275 1098 2276 925 2276 1099 2276 1099 2277 925 2277 926 2277 1099 2278 926 2278 1101 2278 1101 2279 926 2279 927 2279 1101 2280 927 2280 1102 2280 1102 2281 927 2281 1104 2281 1104 2282 927 2282 928 2282 1104 2283 928 2283 1105 2283 1105 2284 928 2284 1107 2284 1107 2285 928 2285 929 2285 1107 2286 929 2286 1108 2286 1108 2287 929 2287 1110 2287 1110 2288 929 2288 930 2288 1110 2289 930 2289 1112 2289 1112 2290 930 2290 1113 2290 1113 2291 930 2291 931 2291 1113 2292 931 2292 1115 2292 1115 2293 931 2293 1116 2293 1116 2294 931 2294 932 2294 1116 2295 932 2295 1118 2295 1118 2296 932 2296 1124 2296 1124 2297 932 2297 933 2297 1124 2298 933 2298 1123 2298 1123 2299 933 2299 1121 2299 1121 2300 933 2300 934 2300 1121 2301 934 2301 1119 2301 185 2302 192 2302 183 2302 183 2303 192 2303 191 2303 183 2304 191 2304 181 2304 181 2305 191 2305 188 2305 181 2306 188 2306 179 2306 179 2307 188 2307 444 2307 179 2308 444 2308 177 2308 177 2309 444 2309 443 2309 177 2310 443 2310 175 2310 175 2311 443 2311 440 2311 175 2312 440 2312 173 2312 173 2313 440 2313 441 2313 173 2314 441 2314 171 2314 171 2315 441 2315 442 2315 171 2316 442 2316 158 2316 158 2317 442 2317 445 2317 447 2318 159 2318 445 2318 445 2319 159 2319 158 2319 159 2320 447 2320 647 2320 159 2321 647 2321 165 2321 165 2322 647 2322 649 2322 165 2323 649 2323 166 2323 166 2324 649 2324 651 2324 166 2325 651 2325 167 2325 167 2326 651 2326 653 2326 167 2327 653 2327 168 2327 168 2328 653 2328 655 2328 168 2329 655 2329 169 2329 169 2330 655 2330 657 2330 169 2331 657 2331 164 2331 164 2332 657 2332 659 2332 164 2333 659 2333 163 2333 163 2334 659 2334 661 2334 163 2335 661 2335 162 2335 162 2336 661 2336 433 2336 162 2337 433 2337 161 2337 432 2338 160 2338 433 2338 433 2339 160 2339 161 2339 431 2340 628 2340 432 2340 432 2341 628 2341 160 2341 628 2342 431 2342 572 2342 628 2343 572 2343 629 2343 629 2344 572 2344 574 2344 629 2345 574 2345 630 2345 630 2346 574 2346 576 2346 630 2347 576 2347 620 2347 620 2348 576 2348 578 2348 620 2349 578 2349 621 2349 621 2350 578 2350 580 2350 621 2351 580 2351 631 2351 631 2352 580 2352 582 2352 631 2353 582 2353 632 2353 632 2354 582 2354 584 2354 632 2355 584 2355 633 2355 633 2356 584 2356 586 2356 633 2357 586 2357 634 2357 634 2358 586 2358 588 2358 634 2359 588 2359 635 2359 635 2360 588 2360 590 2360 635 2361 590 2361 636 2361 636 2362 590 2362 592 2362 636 2363 592 2363 637 2363 637 2364 592 2364 594 2364 637 2365 594 2365 639 2365 639 2366 594 2366 596 2366 639 2367 596 2367 640 2367 640 2368 596 2368 598 2368 640 2369 598 2369 641 2369 641 2370 598 2370 600 2370 641 2371 600 2371 642 2371 642 2372 600 2372 602 2372 642 2373 602 2373 643 2373 643 2374 602 2374 604 2374 643 2375 604 2375 644 2375 644 2376 604 2376 606 2376 644 2377 606 2377 645 2377 645 2378 606 2378 608 2378 645 2379 608 2379 624 2379 624 2380 608 2380 610 2380 624 2381 610 2381 625 2381 625 2382 610 2382 612 2382 625 2383 612 2383 626 2383 626 2384 612 2384 614 2384 626 2385 614 2385 627 2385 627 2386 614 2386 616 2386 627 2387 616 2387 623 2387 623 2388 616 2388 618 2388 623 2389 618 2389 622 2389 622 2390 618 2390 434 2390 622 2391 434 2391 619 2391 436 2392 360 2392 434 2392 434 2393 360 2393 619 2393 437 2394 361 2394 436 2394 436 2395 361 2395 360 2395 361 2396 437 2396 853 2396 361 2397 853 2397 362 2397 362 2398 853 2398 852 2398 362 2399 852 2399 368 2399 368 2400 852 2400 851 2400 368 2401 851 2401 369 2401 369 2402 851 2402 850 2402 369 2403 850 2403 363 2403 363 2404 850 2404 849 2404 363 2405 849 2405 364 2405 364 2406 849 2406 848 2406 364 2407 848 2407 365 2407 365 2408 848 2408 847 2408 365 2409 847 2409 366 2409 366 2410 847 2410 846 2410 366 2411 846 2411 367 2411 367 2412 846 2412 458 2412 367 2413 458 2413 359 2413 459 2414 358 2414 458 2414 458 2415 358 2415 359 2415 282 2416 344 2416 346 2416 344 2417 282 2417 273 2417 348 2418 272 2418 346 2418 346 2419 272 2419 271 2419 346 2420 271 2420 282 2420 358 2421 459 2421 356 2421 356 2422 459 2422 460 2422 356 2423 460 2423 354 2423 354 2424 460 2424 462 2424 354 2425 462 2425 352 2425 352 2426 462 2426 463 2426 352 2427 463 2427 350 2427 350 2428 463 2428 438 2428 350 2429 438 2429 348 2429 348 2430 438 2430 439 2430 348 2431 439 2431 272 2431 508 2432 428 2432 425 2432 508 2433 425 2433 510 2433 510 2434 425 2434 422 2434 510 2435 422 2435 512 2435 512 2436 422 2436 419 2436 512 2437 419 2437 514 2437 514 2438 419 2438 417 2438 514 2439 417 2439 516 2439 516 2440 417 2440 410 2440 516 2441 410 2441 518 2441 518 2442 410 2442 407 2442 518 2443 407 2443 520 2443 520 2444 407 2444 404 2444 520 2445 404 2445 522 2445 522 2446 404 2446 403 2446 522 2447 403 2447 524 2447 524 2448 403 2448 400 2448 524 2449 400 2449 526 2449 398 2450 528 2450 400 2450 400 2451 528 2451 526 2451 1376 2452 430 2452 1377 2452 1377 2453 430 2453 428 2453 528 2454 398 2454 395 2454 528 2455 395 2455 530 2455 530 2456 395 2456 392 2456 530 2457 392 2457 532 2457 532 2458 392 2458 389 2458 532 2459 389 2459 534 2459 534 2460 389 2460 387 2460 534 2461 387 2461 536 2461 536 2462 387 2462 380 2462 536 2463 380 2463 538 2463 538 2464 380 2464 377 2464 538 2465 377 2465 540 2465 540 2466 377 2466 374 2466 540 2467 374 2467 542 2467 542 2468 374 2468 373 2468 542 2469 373 2469 544 2469 544 2470 373 2470 371 2470 544 2471 371 2471 546 2471 500 2472 575 2472 573 2472 500 2473 573 2473 502 2473 502 2474 573 2474 571 2474 502 2475 571 2475 504 2475 504 2476 571 2476 430 2476 504 2477 430 2477 506 2477 435 2478 1378 2478 371 2478 371 2479 1378 2479 1379 2479 554 2480 613 2480 611 2480 554 2481 611 2481 556 2481 556 2482 611 2482 609 2482 556 2483 609 2483 558 2483 558 2484 609 2484 607 2484 558 2485 607 2485 560 2485 560 2486 607 2486 605 2486 560 2487 605 2487 562 2487 562 2488 605 2488 603 2488 562 2489 603 2489 564 2489 564 2490 603 2490 601 2490 564 2491 601 2491 566 2491 566 2492 601 2492 599 2492 566 2493 599 2493 568 2493 568 2494 599 2494 597 2494 568 2495 597 2495 570 2495 570 2496 597 2496 595 2496 570 2497 595 2497 480 2497 480 2498 595 2498 593 2498 480 2499 593 2499 482 2499 482 2500 593 2500 591 2500 482 2501 591 2501 484 2501 484 2502 591 2502 589 2502 484 2503 589 2503 486 2503 486 2504 589 2504 587 2504 486 2505 587 2505 488 2505 488 2506 587 2506 585 2506 488 2507 585 2507 490 2507 490 2508 585 2508 583 2508 490 2509 583 2509 492 2509 492 2510 583 2510 581 2510 492 2511 581 2511 494 2511 494 2512 581 2512 579 2512 494 2513 579 2513 496 2513 496 2514 579 2514 577 2514 496 2515 577 2515 498 2515 498 2516 577 2516 575 2516 498 2517 575 2517 500 2517 548 2518 435 2518 617 2518 548 2519 617 2519 550 2519 550 2520 617 2520 615 2520 550 2521 615 2521 552 2521 552 2522 615 2522 613 2522 552 2523 613 2523 554 2523 1338 2524 1311 2524 1339 2524 1339 2525 1311 2525 1380 2525 1339 2526 1380 2526 1341 2526 1341 2527 1380 2527 1381 2527 1341 2528 1381 2528 1347 2528 1347 2529 1381 2529 1382 2529 1347 2530 1382 2530 1348 2530 1348 2531 1382 2531 1383 2531 1348 2532 1383 2532 1349 2532 1349 2533 1383 2533 1384 2533 1349 2534 1384 2534 1350 2534 1350 2535 1384 2535 1385 2535 1350 2536 1385 2536 1351 2536 1351 2537 1385 2537 1386 2537 1351 2538 1386 2538 1353 2538 1353 2539 1386 2539 1387 2539 1353 2540 1387 2540 1310 2540 1310 2541 1387 2541 1309 2541 1388 2542 1389 2542 1390 2542 1391 2543 1392 2543 1393 2543 1394 2544 1395 2544 1396 2544 1397 2545 1398 2545 1399 2545 1400 2546 1401 2546 1402 2546 1403 2547 1404 2547 1405 2547 1406 2548 1407 2548 1408 2548 1409 2549 1410 2549 1411 2549 1412 2550 1413 2550 1414 2550 1410 2551 1409 2551 1309 2551 1309 2552 1415 2552 1414 2552 1413 2553 1416 2553 1414 2553 1414 2554 1416 2554 1309 2554 1417 2555 1415 2555 1309 2555 1407 2556 1412 2556 1408 2556 1408 2557 1412 2557 1414 2557 1408 2558 1414 2558 1418 2558 1418 2559 1414 2559 1415 2559 1418 2560 1415 2560 1419 2560 1419 2561 1415 2561 1417 2561 1419 2562 1417 2562 1420 2562 1421 2563 1411 2563 1422 2563 1422 2564 1411 2564 1410 2564 1422 2565 1410 2565 1423 2565 1423 2566 1410 2566 1309 2566 1404 2567 1406 2567 1405 2567 1405 2568 1406 2568 1408 2568 1405 2569 1408 2569 1424 2569 1424 2570 1408 2570 1418 2570 1424 2571 1418 2571 1425 2571 1425 2572 1418 2572 1419 2572 1425 2573 1419 2573 1426 2573 1426 2574 1419 2574 1420 2574 1426 2575 1420 2575 1427 2575 1428 2576 1421 2576 1429 2576 1429 2577 1421 2577 1422 2577 1429 2578 1422 2578 1430 2578 1430 2579 1422 2579 1423 2579 1430 2580 1423 2580 1431 2580 1431 2581 1423 2581 1309 2581 1401 2582 1403 2582 1402 2582 1402 2583 1403 2583 1405 2583 1402 2584 1405 2584 1432 2584 1432 2585 1405 2585 1424 2585 1432 2586 1424 2586 1433 2586 1433 2587 1424 2587 1425 2587 1433 2588 1425 2588 1434 2588 1434 2589 1425 2589 1426 2589 1434 2590 1426 2590 1435 2590 1435 2591 1426 2591 1427 2591 1435 2592 1427 2592 1436 2592 1437 2593 1428 2593 1438 2593 1438 2594 1428 2594 1429 2594 1438 2595 1429 2595 1439 2595 1439 2596 1429 2596 1430 2596 1439 2597 1430 2597 1440 2597 1440 2598 1430 2598 1431 2598 1440 2599 1431 2599 1441 2599 1441 2600 1431 2600 1309 2600 1398 2601 1400 2601 1399 2601 1399 2602 1400 2602 1402 2602 1399 2603 1402 2603 1442 2603 1442 2604 1402 2604 1432 2604 1442 2605 1432 2605 1443 2605 1443 2606 1432 2606 1433 2606 1443 2607 1433 2607 1444 2607 1444 2608 1433 2608 1434 2608 1444 2609 1434 2609 1445 2609 1445 2610 1434 2610 1435 2610 1445 2611 1435 2611 1446 2611 1446 2612 1435 2612 1436 2612 1446 2613 1436 2613 1447 2613 1382 2614 1437 2614 1383 2614 1383 2615 1437 2615 1438 2615 1383 2616 1438 2616 1384 2616 1384 2617 1438 2617 1439 2617 1384 2618 1439 2618 1385 2618 1385 2619 1439 2619 1440 2619 1385 2620 1440 2620 1386 2620 1386 2621 1440 2621 1441 2621 1386 2622 1441 2622 1387 2622 1387 2623 1441 2623 1309 2623 1395 2624 1397 2624 1396 2624 1396 2625 1397 2625 1399 2625 1396 2626 1399 2626 1448 2626 1448 2627 1399 2627 1442 2627 1448 2628 1442 2628 1449 2628 1449 2629 1442 2629 1443 2629 1449 2630 1443 2630 1450 2630 1450 2631 1443 2631 1444 2631 1450 2632 1444 2632 1451 2632 1451 2633 1444 2633 1445 2633 1451 2634 1445 2634 1452 2634 1452 2635 1445 2635 1446 2635 1452 2636 1446 2636 1453 2636 1453 2637 1446 2637 1447 2637 1453 2638 1447 2638 1454 2638 1382 2639 1454 2639 1437 2639 1437 2640 1454 2640 1447 2640 1437 2641 1447 2641 1428 2641 1428 2642 1447 2642 1436 2642 1428 2643 1436 2643 1421 2643 1421 2644 1436 2644 1427 2644 1421 2645 1427 2645 1411 2645 1411 2646 1427 2646 1420 2646 1411 2647 1420 2647 1409 2647 1409 2648 1420 2648 1417 2648 1409 2649 1417 2649 1309 2649 1382 2650 1381 2650 1454 2650 1454 2651 1381 2651 1455 2651 1454 2652 1455 2652 1453 2652 1453 2653 1455 2653 1456 2653 1453 2654 1456 2654 1452 2654 1452 2655 1456 2655 1457 2655 1452 2656 1457 2656 1451 2656 1451 2657 1457 2657 1458 2657 1451 2658 1458 2658 1450 2658 1450 2659 1458 2659 1459 2659 1450 2660 1459 2660 1449 2660 1449 2661 1459 2661 1460 2661 1449 2662 1460 2662 1448 2662 1448 2663 1460 2663 1461 2663 1448 2664 1461 2664 1396 2664 1396 2665 1461 2665 1393 2665 1396 2666 1393 2666 1394 2666 1394 2667 1393 2667 1392 2667 1381 2668 1380 2668 1455 2668 1455 2669 1380 2669 1462 2669 1455 2670 1462 2670 1456 2670 1456 2671 1462 2671 1463 2671 1456 2672 1463 2672 1457 2672 1457 2673 1463 2673 1464 2673 1457 2674 1464 2674 1458 2674 1458 2675 1464 2675 1465 2675 1458 2676 1465 2676 1459 2676 1459 2677 1465 2677 1466 2677 1459 2678 1466 2678 1460 2678 1460 2679 1466 2679 1467 2679 1460 2680 1467 2680 1461 2680 1461 2681 1467 2681 1468 2681 1461 2682 1468 2682 1393 2682 1393 2683 1468 2683 1390 2683 1393 2684 1390 2684 1391 2684 1391 2685 1390 2685 1389 2685 1380 2686 1311 2686 1462 2686 1462 2687 1311 2687 1312 2687 1462 2688 1312 2688 1463 2688 1463 2689 1312 2689 1313 2689 1463 2690 1313 2690 1464 2690 1464 2691 1313 2691 1314 2691 1464 2692 1314 2692 1465 2692 1465 2693 1314 2693 1315 2693 1465 2694 1315 2694 1466 2694 1466 2695 1315 2695 1316 2695 1466 2696 1316 2696 1467 2696 1467 2697 1316 2697 1317 2697 1467 2698 1317 2698 1468 2698 1468 2699 1317 2699 1318 2699 1468 2700 1318 2700 1390 2700 1390 2701 1318 2701 1319 2701 1390 2702 1319 2702 1388 2702 1388 2703 1319 2703 994 2703 994 2704 34 2704 1388 2704 1388 2705 34 2705 35 2705 1388 2706 35 2706 1389 2706 1389 2707 35 2707 37 2707 1389 2708 37 2708 1391 2708 1391 2709 37 2709 38 2709 1391 2710 38 2710 1392 2710 1392 2711 38 2711 40 2711 1392 2712 40 2712 1394 2712 1394 2713 40 2713 41 2713 1394 2714 41 2714 1395 2714 1395 2715 41 2715 43 2715 1395 2716 43 2716 1397 2716 1397 2717 43 2717 51 2717 1397 2718 51 2718 1398 2718 1398 2719 51 2719 50 2719 1398 2720 50 2720 1400 2720 1400 2721 50 2721 49 2721 1400 2722 49 2722 1401 2722 1401 2723 49 2723 48 2723 1401 2724 48 2724 1403 2724 1403 2725 48 2725 63 2725 1403 2726 63 2726 1404 2726 1404 2727 63 2727 62 2727 1404 2728 62 2728 1406 2728 1406 2729 62 2729 61 2729 1406 2730 61 2730 1407 2730 1407 2731 61 2731 60 2731 1407 2732 60 2732 1412 2732 1412 2733 60 2733 76 2733 1412 2734 76 2734 1413 2734 1413 2735 76 2735 75 2735 1413 2736 75 2736 1416 2736 1416 2737 75 2737 74 2737 1416 2738 74 2738 1309 2738 1309 2739 74 2739 73 2739 84 2740 977 2740 85 2740 85 2741 977 2741 1469 2741 85 2742 1469 2742 149 2742 149 2743 1469 2743 1470 2743 149 2744 1470 2744 150 2744 150 2745 1470 2745 1471 2745 150 2746 1471 2746 151 2746 151 2747 1471 2747 1472 2747 151 2748 1472 2748 152 2748 152 2749 1472 2749 1473 2749 152 2750 1473 2750 153 2750 153 2751 1473 2751 1474 2751 153 2752 1474 2752 154 2752 154 2753 1474 2753 1475 2753 154 2754 1475 2754 155 2754 155 2755 1475 2755 1476 2755 155 2756 1476 2756 156 2756 156 2757 1476 2757 1330 2757 1477 2758 1478 2758 1479 2758 1478 2759 1477 2759 1330 2759 1330 2760 1480 2760 1481 2760 1482 2761 1480 2761 1330 2761 1483 2762 1481 2762 1484 2762 1484 2763 1481 2763 1480 2763 1484 2764 1480 2764 1485 2764 1485 2765 1480 2765 1482 2765 1485 2766 1482 2766 1486 2766 1487 2767 1479 2767 1488 2767 1488 2768 1479 2768 1478 2768 1488 2769 1478 2769 1489 2769 1489 2770 1478 2770 1330 2770 1490 2771 1483 2771 1491 2771 1491 2772 1483 2772 1484 2772 1491 2773 1484 2773 1492 2773 1492 2774 1484 2774 1485 2774 1492 2775 1485 2775 1493 2775 1493 2776 1485 2776 1486 2776 1493 2777 1486 2777 1494 2777 1495 2778 1487 2778 1496 2778 1496 2779 1487 2779 1488 2779 1496 2780 1488 2780 1497 2780 1497 2781 1488 2781 1489 2781 1497 2782 1489 2782 1498 2782 1498 2783 1489 2783 1330 2783 1499 2784 1490 2784 1500 2784 1500 2785 1490 2785 1491 2785 1500 2786 1491 2786 1501 2786 1501 2787 1491 2787 1492 2787 1501 2788 1492 2788 1502 2788 1502 2789 1492 2789 1493 2789 1502 2790 1493 2790 1503 2790 1503 2791 1493 2791 1494 2791 1503 2792 1494 2792 1504 2792 1505 2793 1495 2793 1506 2793 1506 2794 1495 2794 1496 2794 1506 2795 1496 2795 1507 2795 1507 2796 1496 2796 1497 2796 1507 2797 1497 2797 1508 2797 1508 2798 1497 2798 1498 2798 1508 2799 1498 2799 1509 2799 1509 2800 1498 2800 1330 2800 1510 2801 1499 2801 1511 2801 1511 2802 1499 2802 1500 2802 1511 2803 1500 2803 1512 2803 1512 2804 1500 2804 1501 2804 1512 2805 1501 2805 1513 2805 1513 2806 1501 2806 1502 2806 1513 2807 1502 2807 1514 2807 1514 2808 1502 2808 1503 2808 1514 2809 1503 2809 1515 2809 1515 2810 1503 2810 1504 2810 1515 2811 1504 2811 1516 2811 1517 2812 1505 2812 1518 2812 1518 2813 1505 2813 1506 2813 1518 2814 1506 2814 1519 2814 1519 2815 1506 2815 1507 2815 1519 2816 1507 2816 1520 2816 1520 2817 1507 2817 1508 2817 1520 2818 1508 2818 1521 2818 1521 2819 1508 2819 1509 2819 1521 2820 1509 2820 1522 2820 1522 2821 1509 2821 1330 2821 1523 2822 1510 2822 1524 2822 1524 2823 1510 2823 1511 2823 1524 2824 1511 2824 1525 2824 1525 2825 1511 2825 1512 2825 1525 2826 1512 2826 1526 2826 1526 2827 1512 2827 1513 2827 1526 2828 1513 2828 1527 2828 1527 2829 1513 2829 1514 2829 1527 2830 1514 2830 1528 2830 1528 2831 1514 2831 1515 2831 1528 2832 1515 2832 1529 2832 1529 2833 1515 2833 1516 2833 1529 2834 1516 2834 1530 2834 1470 2835 1517 2835 1471 2835 1471 2836 1517 2836 1518 2836 1471 2837 1518 2837 1472 2837 1472 2838 1518 2838 1519 2838 1472 2839 1519 2839 1473 2839 1473 2840 1519 2840 1520 2840 1473 2841 1520 2841 1474 2841 1474 2842 1520 2842 1521 2842 1474 2843 1521 2843 1475 2843 1475 2844 1521 2844 1522 2844 1475 2845 1522 2845 1476 2845 1476 2846 1522 2846 1330 2846 1531 2847 1523 2847 1532 2847 1532 2848 1523 2848 1524 2848 1532 2849 1524 2849 1533 2849 1533 2850 1524 2850 1525 2850 1533 2851 1525 2851 1534 2851 1534 2852 1525 2852 1526 2852 1534 2853 1526 2853 1535 2853 1535 2854 1526 2854 1527 2854 1535 2855 1527 2855 1536 2855 1536 2856 1527 2856 1528 2856 1536 2857 1528 2857 1537 2857 1537 2858 1528 2858 1529 2858 1537 2859 1529 2859 1538 2859 1538 2860 1529 2860 1530 2860 1538 2861 1530 2861 1539 2861 1470 2862 1539 2862 1517 2862 1517 2863 1539 2863 1530 2863 1517 2864 1530 2864 1505 2864 1505 2865 1530 2865 1516 2865 1505 2866 1516 2866 1495 2866 1495 2867 1516 2867 1504 2867 1495 2868 1504 2868 1487 2868 1487 2869 1504 2869 1494 2869 1487 2870 1494 2870 1479 2870 1479 2871 1494 2871 1486 2871 1479 2872 1486 2872 1477 2872 1477 2873 1486 2873 1482 2873 1477 2874 1482 2874 1330 2874 1470 2875 1469 2875 1539 2875 1539 2876 1469 2876 1540 2876 1539 2877 1540 2877 1538 2877 1538 2878 1540 2878 1541 2878 1538 2879 1541 2879 1537 2879 1537 2880 1541 2880 1542 2880 1537 2881 1542 2881 1536 2881 1536 2882 1542 2882 1543 2882 1536 2883 1543 2883 1535 2883 1535 2884 1543 2884 1544 2884 1535 2885 1544 2885 1534 2885 1534 2886 1544 2886 1545 2886 1534 2887 1545 2887 1533 2887 1533 2888 1545 2888 1546 2888 1533 2889 1546 2889 1532 2889 1532 2890 1546 2890 1547 2890 1532 2891 1547 2891 1531 2891 1531 2892 1547 2892 1548 2892 1469 2893 977 2893 1540 2893 1540 2894 977 2894 1328 2894 1540 2895 1328 2895 1541 2895 1541 2896 1328 2896 1327 2896 1541 2897 1327 2897 1542 2897 1542 2898 1327 2898 1326 2898 1542 2899 1326 2899 1543 2899 1543 2900 1326 2900 1325 2900 1543 2901 1325 2901 1544 2901 1544 2902 1325 2902 1324 2902 1544 2903 1324 2903 1545 2903 1545 2904 1324 2904 1323 2904 1545 2905 1323 2905 1546 2905 1546 2906 1323 2906 1322 2906 1546 2907 1322 2907 1547 2907 1547 2908 1322 2908 1321 2908 1547 2909 1321 2909 1548 2909 1548 2910 1321 2910 1320 2910 1329 2911 1330 2911 1346 2911 1346 2912 1330 2912 1481 2912 1346 2913 1481 2913 1335 2913 1335 2914 1481 2914 1483 2914 1335 2915 1483 2915 1336 2915 1336 2916 1483 2916 1490 2916 1336 2917 1490 2917 1337 2917 1337 2918 1490 2918 1499 2918 1337 2919 1499 2919 1342 2919 1342 2920 1499 2920 1510 2920 1342 2921 1510 2921 1343 2921 1343 2922 1510 2922 1523 2922 1343 2923 1523 2923 1334 2923 1334 2924 1523 2924 1531 2924 1334 2925 1531 2925 1331 2925 1331 2926 1531 2926 1548 2926 1331 2927 1548 2927 1332 2927 1332 2928 1548 2928 1320 2928 946 2929 975 2929 1040 2929 1549 2930 1550 2930 948 2930 948 2931 1550 2931 1011 2931 948 2932 1011 2932 961 2932 1551 2933 1055 2933 1552 2933 1552 2934 1055 2934 1553 2934 1551 2935 1554 2935 1055 2935 1055 2936 1554 2936 1555 2936 1055 2937 1555 2937 1053 2937 1556 2938 1051 2938 1557 2938 1557 2939 1051 2939 1053 2939 1557 2940 1053 2940 1558 2940 1558 2941 1053 2941 1555 2941 1556 2942 1559 2942 1051 2942 1051 2943 1559 2943 1560 2943 1051 2944 1560 2944 1049 2944 1561 2945 1047 2945 1562 2945 1562 2946 1047 2946 1049 2946 1562 2947 1049 2947 1563 2947 1563 2948 1049 2948 1560 2948 1564 2949 1045 2949 1565 2949 1565 2950 1045 2950 1047 2950 1565 2951 1047 2951 1566 2951 1566 2952 1047 2952 1561 2952 1564 2953 1567 2953 1045 2953 1045 2954 1567 2954 1568 2954 1045 2955 1568 2955 1043 2955 1569 2956 1041 2956 1570 2956 1570 2957 1041 2957 1043 2957 1570 2958 1043 2958 1571 2958 1571 2959 1043 2959 1568 2959 1569 2960 1572 2960 1041 2960 1041 2961 1572 2961 1573 2961 1041 2962 1573 2962 1040 2962 1040 2963 1573 2963 1574 2963 1040 2964 1574 2964 946 2964 946 2965 1574 2965 1575 2965 946 2966 1575 2966 947 2966 947 2967 1575 2967 1576 2967 947 2968 1576 2968 948 2968 948 2969 1576 2969 1577 2969 948 2970 1577 2970 1549 2970 1550 2971 1578 2971 1011 2971 1011 2972 1578 2972 1579 2972 1011 2973 1579 2973 1013 2973 1580 2974 1015 2974 1581 2974 1581 2975 1015 2975 1013 2975 1581 2976 1013 2976 1582 2976 1582 2977 1013 2977 1579 2977 1580 2978 1583 2978 1015 2978 1015 2979 1583 2979 1584 2979 1015 2980 1584 2980 1017 2980 1585 2981 1019 2981 1586 2981 1586 2982 1019 2982 1017 2982 1586 2983 1017 2983 1587 2983 1587 2984 1017 2984 1584 2984 1588 2985 1021 2985 1589 2985 1589 2986 1021 2986 1019 2986 1589 2987 1019 2987 1590 2987 1590 2988 1019 2988 1585 2988 1588 2989 1591 2989 1021 2989 1021 2990 1591 2990 1592 2990 1021 2991 1592 2991 1023 2991 1593 2992 1032 2992 1594 2992 1594 2993 1032 2993 1023 2993 1594 2994 1023 2994 1595 2994 1595 2995 1023 2995 1592 2995 1593 2996 1596 2996 1032 2996 1032 2997 1596 2997 1597 2997 1032 2998 1597 2998 1033 2998 1598 2999 1034 2999 1599 2999 1599 3000 1034 3000 1033 3000 1599 3001 1033 3001 1600 3001 1600 3002 1033 3002 1597 3002 1598 3003 1601 3003 1034 3003 1034 3004 1601 3004 1602 3004 1034 3005 1602 3005 1035 3005 1603 3006 1604 3006 1005 3006 1602 3007 1605 3007 1035 3007 1035 3008 1605 3008 1606 3008 1035 3009 1606 3009 1036 3009 1036 3010 1606 3010 1607 3010 1036 3011 1607 3011 1005 3011 1005 3012 1607 3012 1608 3012 1005 3013 1608 3013 1603 3013 1604 3014 1609 3014 1005 3014 1005 3015 1609 3015 1610 3015 1005 3016 1610 3016 1006 3016 1611 3017 1025 3017 1612 3017 1612 3018 1025 3018 1006 3018 1612 3019 1006 3019 1613 3019 1613 3020 1006 3020 1610 3020 1611 3021 1614 3021 1025 3021 1025 3022 1614 3022 1615 3022 1025 3023 1615 3023 1026 3023 1616 3024 1027 3024 1617 3024 1617 3025 1027 3025 1026 3025 1617 3026 1026 3026 1618 3026 1618 3027 1026 3027 1615 3027 1619 3028 1037 3028 1620 3028 1620 3029 1037 3029 1027 3029 1620 3030 1027 3030 1621 3030 1621 3031 1027 3031 1616 3031 1619 3032 1622 3032 1037 3032 1037 3033 1622 3033 1623 3033 1037 3034 1623 3034 1038 3034 1624 3035 1039 3035 1625 3035 1625 3036 1039 3036 1038 3036 1625 3037 1038 3037 1626 3037 1626 3038 1038 3038 1623 3038 1624 3039 1627 3039 1039 3039 1039 3040 1627 3040 1628 3040 1039 3041 1628 3041 1007 3041 1629 3042 1008 3042 1630 3042 1630 3043 1008 3043 1007 3043 1630 3044 1007 3044 1631 3044 1631 3045 1007 3045 1628 3045 1632 3046 1009 3046 1633 3046 1633 3047 1009 3047 1008 3047 1633 3048 1008 3048 1634 3048 1634 3049 1008 3049 1629 3049 1632 3050 1635 3050 1009 3050 1009 3051 1635 3051 1636 3051 1009 3052 1636 3052 981 3052 1637 3053 982 3053 1638 3053 1638 3054 982 3054 981 3054 1638 3055 981 3055 1639 3055 1639 3056 981 3056 1636 3056 1637 3057 1640 3057 982 3057 982 3058 1640 3058 1641 3058 982 3059 1641 3059 997 3059 1642 3060 1010 3060 1643 3060 1643 3061 1010 3061 997 3061 1643 3062 997 3062 1644 3062 1644 3063 997 3063 1641 3063 1642 3064 1645 3064 1010 3064 1010 3065 1645 3065 1646 3065 1010 3066 1646 3066 1058 3066 1646 3067 1647 3067 1058 3067 1058 3068 1647 3068 1648 3068 1058 3069 1648 3069 1553 3069 1553 3070 1648 3070 1649 3070 1553 3071 1649 3071 1552 3071 193 3072 189 3072 1650 3072 190 3073 283 3073 1651 3073 288 3074 287 3074 1652 3074 292 3075 294 3075 1653 3075 296 3076 297 3076 1654 3076 299 3077 300 3077 1655 3077 305 3078 304 3078 1656 3078 306 3079 311 3079 1657 3079 316 3080 317 3080 1658 3080 322 3081 321 3081 1659 3081 323 3082 328 3082 1660 3082 333 3083 334 3083 1661 3083 339 3084 338 3084 1662 3084 276 3085 275 3085 1663 3085 267 3086 265 3086 1664 3086 264 3087 262 3087 1665 3087 257 3088 259 3088 1666 3088 250 3089 252 3089 1667 3089 253 3090 248 3090 1668 3090 247 3091 245 3091 1669 3091 240 3092 242 3092 1670 3092 233 3093 235 3093 1671 3093 230 3094 228 3094 1672 3094 223 3095 225 3095 1673 3095 216 3096 218 3096 1674 3096 213 3097 211 3097 1675 3097 206 3098 208 3098 1676 3098 199 3099 201 3099 1677 3099 1551 3100 1552 3100 1678 3100 1558 3101 1555 3101 1679 3101 1563 3102 1560 3102 1680 3102 1564 3103 1565 3103 1681 3103 1571 3104 1568 3104 1682 3104 1574 3105 1573 3105 1683 3105 1550 3106 1549 3106 1684 3106 1587 3107 1584 3107 1685 3107 1588 3108 1589 3108 1686 3108 1600 3109 1597 3109 1687 3109 1605 3110 1602 3110 1688 3110 1604 3111 1603 3111 1689 3111 1613 3112 1610 3112 1690 3112 1618 3113 1615 3113 1691 3113 1619 3114 1620 3114 1692 3114 1626 3115 1623 3115 1693 3115 1631 3116 1628 3116 1694 3116 1632 3117 1633 3117 1695 3117 1644 3118 1641 3118 1696 3118 1647 3119 1646 3119 1697 3119 1647 3120 1697 3120 1648 3120 1644 3121 1696 3121 1643 3121 1638 3122 1639 3122 1698 3122 1632 3123 1695 3123 1635 3123 1631 3124 1694 3124 1630 3124 1626 3125 1693 3125 1625 3125 1618 3126 1691 3126 1617 3126 1613 3127 1690 3127 1612 3127 1605 3128 1688 3128 1606 3128 1600 3129 1687 3129 1699 3129 1594 3130 1595 3130 1700 3130 1588 3131 1686 3131 1591 3131 1587 3132 1685 3132 1586 3132 1581 3133 1582 3133 1701 3133 1550 3134 1684 3134 1578 3134 1574 3135 1683 3135 1575 3135 1571 3136 1682 3136 1570 3136 1563 3137 1680 3137 1562 3137 1558 3138 1679 3138 1557 3138 1677 3139 1702 3139 1703 3139 1703 3140 1702 3140 1704 3140 1703 3141 1704 3141 1705 3141 1705 3142 1704 3142 1706 3142 1705 3143 1706 3143 1707 3143 1707 3144 1706 3144 1708 3144 1707 3145 1708 3145 1709 3145 1709 3146 1708 3146 1710 3146 1709 3147 1710 3147 1711 3147 1711 3148 1710 3148 1712 3148 1711 3149 1712 3149 1713 3149 1713 3150 1712 3150 1714 3150 1713 3151 1714 3151 1697 3151 1697 3152 1714 3152 1715 3152 1697 3153 1715 3153 1648 3153 1642 3154 1643 3154 1716 3154 1716 3155 1643 3155 1696 3155 1716 3156 1696 3156 1717 3156 1717 3157 1696 3157 1718 3157 1717 3158 1718 3158 1719 3158 1719 3159 1718 3159 1720 3159 1719 3160 1720 3160 1721 3160 1721 3161 1720 3161 1722 3161 1721 3162 1722 3162 1723 3162 1723 3163 1722 3163 1724 3163 1723 3164 1724 3164 1725 3164 1725 3165 1724 3165 1726 3165 1725 3166 1726 3166 1727 3166 1727 3167 1726 3167 1728 3167 1727 3168 1728 3168 1729 3168 1729 3169 1728 3169 1676 3169 1698 3170 1730 3170 1731 3170 1731 3171 1730 3171 1732 3171 1731 3172 1732 3172 1733 3172 1733 3173 1732 3173 1734 3173 1733 3174 1734 3174 1735 3174 1735 3175 1734 3175 1736 3175 1735 3176 1736 3176 1737 3176 1737 3177 1736 3177 1738 3177 1737 3178 1738 3178 1739 3178 1739 3179 1738 3179 1740 3179 1739 3180 1740 3180 1741 3180 1741 3181 1740 3181 1742 3181 1741 3182 1742 3182 1743 3182 1743 3183 1742 3183 1674 3183 1634 3184 1629 3184 1744 3184 1744 3185 1629 3185 1745 3185 1744 3186 1745 3186 1746 3186 1746 3187 1745 3187 1747 3187 1746 3188 1747 3188 1748 3188 1748 3189 1747 3189 1749 3189 1748 3190 1749 3190 1750 3190 1750 3191 1749 3191 1751 3191 1750 3192 1751 3192 1752 3192 1752 3193 1751 3193 1753 3193 1752 3194 1753 3194 1754 3194 1754 3195 1753 3195 1755 3195 1754 3196 1755 3196 1756 3196 1756 3197 1755 3197 1757 3197 1756 3198 1757 3198 1758 3198 1758 3199 1757 3199 1673 3199 1624 3200 1625 3200 1759 3200 1759 3201 1625 3201 1693 3201 1759 3202 1693 3202 1760 3202 1760 3203 1693 3203 1761 3203 1760 3204 1761 3204 1762 3204 1762 3205 1761 3205 1763 3205 1762 3206 1763 3206 1764 3206 1764 3207 1763 3207 1765 3207 1764 3208 1765 3208 1766 3208 1766 3209 1765 3209 1767 3209 1766 3210 1767 3210 1768 3210 1768 3211 1767 3211 1769 3211 1768 3212 1769 3212 1770 3212 1770 3213 1769 3213 1771 3213 1770 3214 1771 3214 1772 3214 1772 3215 1771 3215 1671 3215 1620 3216 1621 3216 1692 3216 1692 3217 1621 3217 1773 3217 1692 3218 1773 3218 1774 3218 1774 3219 1773 3219 1775 3219 1774 3220 1775 3220 1776 3220 1776 3221 1775 3221 1777 3221 1776 3222 1777 3222 1778 3222 1778 3223 1777 3223 1779 3223 1778 3224 1779 3224 1780 3224 1780 3225 1779 3225 1781 3225 1780 3226 1781 3226 1782 3226 1782 3227 1781 3227 1783 3227 1782 3228 1783 3228 1784 3228 1784 3229 1783 3229 1785 3229 1784 3230 1785 3230 1786 3230 1786 3231 1785 3231 1670 3231 1609 3232 1604 3232 1787 3232 1787 3233 1604 3233 1689 3233 1787 3234 1689 3234 1788 3234 1788 3235 1689 3235 1789 3235 1788 3236 1789 3236 1790 3236 1790 3237 1789 3237 1791 3237 1790 3238 1791 3238 1792 3238 1792 3239 1791 3239 1793 3239 1792 3240 1793 3240 1794 3240 1794 3241 1793 3241 1795 3241 1794 3242 1795 3242 1796 3242 1796 3243 1795 3243 1797 3243 1796 3244 1797 3244 1798 3244 1798 3245 1797 3245 1799 3245 1798 3246 1799 3246 1800 3246 1800 3247 1799 3247 1666 3247 1597 3248 1596 3248 1687 3248 1687 3249 1596 3249 1801 3249 1687 3250 1801 3250 1802 3250 1802 3251 1801 3251 1803 3251 1802 3252 1803 3252 1804 3252 1804 3253 1803 3253 1805 3253 1804 3254 1805 3254 1806 3254 1806 3255 1805 3255 1807 3255 1806 3256 1807 3256 1808 3256 1808 3257 1807 3257 1809 3257 1808 3258 1809 3258 1810 3258 1810 3259 1809 3259 1811 3259 1810 3260 1811 3260 1812 3260 1812 3261 1811 3261 1813 3261 1812 3262 1813 3262 1814 3262 1814 3263 1813 3263 1663 3263 1700 3264 1815 3264 1816 3264 1816 3265 1815 3265 1817 3265 1816 3266 1817 3266 1818 3266 1818 3267 1817 3267 1819 3267 1818 3268 1819 3268 1820 3268 1820 3269 1819 3269 1821 3269 1820 3270 1821 3270 1822 3270 1822 3271 1821 3271 1823 3271 1822 3272 1823 3272 1824 3272 1824 3273 1823 3273 1825 3273 1824 3274 1825 3274 1826 3274 1826 3275 1825 3275 1827 3275 1826 3276 1827 3276 1828 3276 1828 3277 1827 3277 1662 3277 1585 3278 1586 3278 1829 3278 1829 3279 1586 3279 1685 3279 1829 3280 1685 3280 1830 3280 1830 3281 1685 3281 1831 3281 1830 3282 1831 3282 1832 3282 1832 3283 1831 3283 1833 3283 1832 3284 1833 3284 1834 3284 1834 3285 1833 3285 1835 3285 1834 3286 1835 3286 1836 3286 1836 3287 1835 3287 1837 3287 1836 3288 1837 3288 1838 3288 1838 3289 1837 3289 1839 3289 1838 3290 1839 3290 1840 3290 1840 3291 1839 3291 1841 3291 1840 3292 1841 3292 1842 3292 1842 3293 1841 3293 1660 3293 1580 3294 1581 3294 1843 3294 1843 3295 1581 3295 1701 3295 1843 3296 1701 3296 1844 3296 1844 3297 1701 3297 1845 3297 1844 3298 1845 3298 1846 3298 1846 3299 1845 3299 1847 3299 1846 3300 1847 3300 1848 3300 1848 3301 1847 3301 1849 3301 1848 3302 1849 3302 1850 3302 1850 3303 1849 3303 1851 3303 1850 3304 1851 3304 1852 3304 1852 3305 1851 3305 1853 3305 1852 3306 1853 3306 1854 3306 1854 3307 1853 3307 1855 3307 1854 3308 1855 3308 1856 3308 1856 3309 1855 3309 1659 3309 1577 3310 1576 3310 1857 3310 1857 3311 1576 3311 1858 3311 1857 3312 1858 3312 1859 3312 1859 3313 1858 3313 1860 3313 1859 3314 1860 3314 1861 3314 1861 3315 1860 3315 1862 3315 1861 3316 1862 3316 1863 3316 1863 3317 1862 3317 1864 3317 1863 3318 1864 3318 1865 3318 1865 3319 1864 3319 1866 3319 1865 3320 1866 3320 1867 3320 1867 3321 1866 3321 1868 3321 1867 3322 1868 3322 1869 3322 1869 3323 1868 3323 1870 3323 1869 3324 1870 3324 1871 3324 1871 3325 1870 3325 1657 3325 1572 3326 1569 3326 1872 3326 1872 3327 1569 3327 1873 3327 1872 3328 1873 3328 1874 3328 1874 3329 1873 3329 1875 3329 1874 3330 1875 3330 1876 3330 1876 3331 1875 3331 1877 3331 1876 3332 1877 3332 1878 3332 1878 3333 1877 3333 1879 3333 1878 3334 1879 3334 1880 3334 1880 3335 1879 3335 1881 3335 1880 3336 1881 3336 1882 3336 1882 3337 1881 3337 1883 3337 1882 3338 1883 3338 1884 3338 1884 3339 1883 3339 1885 3339 1884 3340 1885 3340 1886 3340 1886 3341 1885 3341 1656 3341 1560 3342 1559 3342 1680 3342 1680 3343 1559 3343 1887 3343 1680 3344 1887 3344 1888 3344 1888 3345 1887 3345 1889 3345 1888 3346 1889 3346 1890 3346 1890 3347 1889 3347 1891 3347 1890 3348 1891 3348 1892 3348 1892 3349 1891 3349 1893 3349 1892 3350 1893 3350 1894 3350 1894 3351 1893 3351 1895 3351 1894 3352 1895 3352 1896 3352 1896 3353 1895 3353 1897 3353 1896 3354 1897 3354 1898 3354 1898 3355 1897 3355 1899 3355 1898 3356 1899 3356 1900 3356 1900 3357 1899 3357 1652 3357 1901 3358 1648 3358 1902 3358 1902 3359 1648 3359 1715 3359 1902 3360 1715 3360 1903 3360 1903 3361 1715 3361 1714 3361 1903 3362 1714 3362 1904 3362 1904 3363 1714 3363 1712 3363 1904 3364 1712 3364 1905 3364 1905 3365 1712 3365 1710 3365 1905 3366 1710 3366 1906 3366 1906 3367 1710 3367 1708 3367 1906 3368 1708 3368 1907 3368 1907 3369 1708 3369 1706 3369 1907 3370 1706 3370 1908 3370 1908 3371 1706 3371 1704 3371 1908 3372 1704 3372 1909 3372 1909 3373 1704 3373 1702 3373 1909 3374 1702 3374 1910 3374 1910 3375 1702 3375 197 3375 1677 3376 201 3376 1702 3376 1702 3377 201 3377 202 3377 1702 3378 202 3378 197 3378 203 3379 199 3379 1911 3379 1911 3380 199 3380 1677 3380 1911 3381 1677 3381 1912 3381 1912 3382 1677 3382 1703 3382 1912 3383 1703 3383 1913 3383 1913 3384 1703 3384 1705 3384 1913 3385 1705 3385 1914 3385 1914 3386 1705 3386 1707 3386 1914 3387 1707 3387 1915 3387 1915 3388 1707 3388 1709 3388 1915 3389 1709 3389 1916 3389 1916 3390 1709 3390 1711 3390 1916 3391 1711 3391 1917 3391 1917 3392 1711 3392 1713 3392 1917 3393 1713 3393 1918 3393 1918 3394 1713 3394 1697 3394 1918 3395 1697 3395 1645 3395 1645 3396 1697 3396 1646 3396 1645 3397 1642 3397 1918 3397 1918 3398 1642 3398 1716 3398 1918 3399 1716 3399 1917 3399 1917 3400 1716 3400 1717 3400 1917 3401 1717 3401 1916 3401 1916 3402 1717 3402 1719 3402 1916 3403 1719 3403 1915 3403 1915 3404 1719 3404 1721 3404 1915 3405 1721 3405 1914 3405 1914 3406 1721 3406 1723 3406 1914 3407 1723 3407 1913 3407 1913 3408 1723 3408 1725 3408 1913 3409 1725 3409 1912 3409 1912 3410 1725 3410 1727 3410 1912 3411 1727 3411 1911 3411 1911 3412 1727 3412 1729 3412 1911 3413 1729 3413 203 3413 203 3414 1729 3414 204 3414 1676 3415 208 3415 1729 3415 1729 3416 208 3416 209 3416 1729 3417 209 3417 204 3417 210 3418 206 3418 1919 3418 1919 3419 206 3419 1676 3419 1919 3420 1676 3420 1920 3420 1920 3421 1676 3421 1728 3421 1920 3422 1728 3422 1921 3422 1921 3423 1728 3423 1726 3423 1921 3424 1726 3424 1922 3424 1922 3425 1726 3425 1724 3425 1922 3426 1724 3426 1923 3426 1923 3427 1724 3427 1722 3427 1923 3428 1722 3428 1924 3428 1924 3429 1722 3429 1720 3429 1924 3430 1720 3430 1925 3430 1925 3431 1720 3431 1718 3431 1925 3432 1718 3432 1926 3432 1926 3433 1718 3433 1696 3433 1926 3434 1696 3434 1640 3434 1640 3435 1696 3435 1641 3435 1640 3436 1637 3436 1926 3436 1926 3437 1637 3437 1927 3437 1926 3438 1927 3438 1925 3438 1925 3439 1927 3439 1928 3439 1925 3440 1928 3440 1924 3440 1924 3441 1928 3441 1929 3441 1924 3442 1929 3442 1923 3442 1923 3443 1929 3443 1930 3443 1923 3444 1930 3444 1922 3444 1922 3445 1930 3445 1931 3445 1922 3446 1931 3446 1921 3446 1921 3447 1931 3447 1932 3447 1921 3448 1932 3448 1920 3448 1920 3449 1932 3449 1933 3449 1920 3450 1933 3450 1919 3450 1919 3451 1933 3451 1675 3451 1919 3452 1675 3452 210 3452 210 3453 1675 3453 211 3453 214 3454 213 3454 1743 3454 1743 3455 213 3455 1675 3455 1743 3456 1675 3456 1741 3456 1741 3457 1675 3457 1933 3457 1741 3458 1933 3458 1739 3458 1739 3459 1933 3459 1932 3459 1739 3460 1932 3460 1737 3460 1737 3461 1932 3461 1931 3461 1737 3462 1931 3462 1735 3462 1735 3463 1931 3463 1930 3463 1735 3464 1930 3464 1733 3464 1733 3465 1930 3465 1929 3465 1733 3466 1929 3466 1731 3466 1731 3467 1929 3467 1928 3467 1731 3468 1928 3468 1698 3468 1698 3469 1928 3469 1927 3469 1698 3470 1927 3470 1638 3470 1638 3471 1927 3471 1637 3471 1674 3472 218 3472 1743 3472 1743 3473 218 3473 219 3473 1743 3474 219 3474 214 3474 220 3475 216 3475 1934 3475 1934 3476 216 3476 1674 3476 1934 3477 1674 3477 1935 3477 1935 3478 1674 3478 1742 3478 1935 3479 1742 3479 1936 3479 1936 3480 1742 3480 1740 3480 1936 3481 1740 3481 1937 3481 1937 3482 1740 3482 1738 3482 1937 3483 1738 3483 1938 3483 1938 3484 1738 3484 1736 3484 1938 3485 1736 3485 1939 3485 1939 3486 1736 3486 1734 3486 1939 3487 1734 3487 1940 3487 1940 3488 1734 3488 1732 3488 1940 3489 1732 3489 1695 3489 1695 3490 1732 3490 1730 3490 1695 3491 1730 3491 1635 3491 1635 3492 1730 3492 1698 3492 1635 3493 1698 3493 1636 3493 1636 3494 1698 3494 1639 3494 1633 3495 1634 3495 1695 3495 1695 3496 1634 3496 1744 3496 1695 3497 1744 3497 1940 3497 1940 3498 1744 3498 1746 3498 1940 3499 1746 3499 1939 3499 1939 3500 1746 3500 1748 3500 1939 3501 1748 3501 1938 3501 1938 3502 1748 3502 1750 3502 1938 3503 1750 3503 1937 3503 1937 3504 1750 3504 1752 3504 1937 3505 1752 3505 1936 3505 1936 3506 1752 3506 1754 3506 1936 3507 1754 3507 1935 3507 1935 3508 1754 3508 1756 3508 1935 3509 1756 3509 1934 3509 1934 3510 1756 3510 1758 3510 1934 3511 1758 3511 220 3511 220 3512 1758 3512 221 3512 1673 3513 225 3513 1758 3513 1758 3514 225 3514 226 3514 1758 3515 226 3515 221 3515 227 3516 223 3516 1941 3516 1941 3517 223 3517 1673 3517 1941 3518 1673 3518 1942 3518 1942 3519 1673 3519 1757 3519 1942 3520 1757 3520 1943 3520 1943 3521 1757 3521 1755 3521 1943 3522 1755 3522 1944 3522 1944 3523 1755 3523 1753 3523 1944 3524 1753 3524 1945 3524 1945 3525 1753 3525 1751 3525 1945 3526 1751 3526 1946 3526 1946 3527 1751 3527 1749 3527 1946 3528 1749 3528 1947 3528 1947 3529 1749 3529 1747 3529 1947 3530 1747 3530 1694 3530 1694 3531 1747 3531 1745 3531 1694 3532 1745 3532 1630 3532 1630 3533 1745 3533 1629 3533 1628 3534 1627 3534 1694 3534 1694 3535 1627 3535 1948 3535 1694 3536 1948 3536 1947 3536 1947 3537 1948 3537 1949 3537 1947 3538 1949 3538 1946 3538 1946 3539 1949 3539 1950 3539 1946 3540 1950 3540 1945 3540 1945 3541 1950 3541 1951 3541 1945 3542 1951 3542 1944 3542 1944 3543 1951 3543 1952 3543 1944 3544 1952 3544 1943 3544 1943 3545 1952 3545 1953 3545 1943 3546 1953 3546 1942 3546 1942 3547 1953 3547 1954 3547 1942 3548 1954 3548 1941 3548 1941 3549 1954 3549 1672 3549 1941 3550 1672 3550 227 3550 227 3551 1672 3551 228 3551 231 3552 230 3552 1772 3552 1772 3553 230 3553 1672 3553 1772 3554 1672 3554 1770 3554 1770 3555 1672 3555 1954 3555 1770 3556 1954 3556 1768 3556 1768 3557 1954 3557 1953 3557 1768 3558 1953 3558 1766 3558 1766 3559 1953 3559 1952 3559 1766 3560 1952 3560 1764 3560 1764 3561 1952 3561 1951 3561 1764 3562 1951 3562 1762 3562 1762 3563 1951 3563 1950 3563 1762 3564 1950 3564 1760 3564 1760 3565 1950 3565 1949 3565 1760 3566 1949 3566 1759 3566 1759 3567 1949 3567 1948 3567 1759 3568 1948 3568 1624 3568 1624 3569 1948 3569 1627 3569 1671 3570 235 3570 1772 3570 1772 3571 235 3571 236 3571 1772 3572 236 3572 231 3572 237 3573 233 3573 1955 3573 1955 3574 233 3574 1671 3574 1955 3575 1671 3575 1956 3575 1956 3576 1671 3576 1771 3576 1956 3577 1771 3577 1957 3577 1957 3578 1771 3578 1769 3578 1957 3579 1769 3579 1958 3579 1958 3580 1769 3580 1767 3580 1958 3581 1767 3581 1959 3581 1959 3582 1767 3582 1765 3582 1959 3583 1765 3583 1960 3583 1960 3584 1765 3584 1763 3584 1960 3585 1763 3585 1961 3585 1961 3586 1763 3586 1761 3586 1961 3587 1761 3587 1962 3587 1962 3588 1761 3588 1693 3588 1962 3589 1693 3589 1622 3589 1622 3590 1693 3590 1623 3590 1622 3591 1619 3591 1962 3591 1962 3592 1619 3592 1692 3592 1962 3593 1692 3593 1961 3593 1961 3594 1692 3594 1774 3594 1961 3595 1774 3595 1960 3595 1960 3596 1774 3596 1776 3596 1960 3597 1776 3597 1959 3597 1959 3598 1776 3598 1778 3598 1959 3599 1778 3599 1958 3599 1958 3600 1778 3600 1780 3600 1958 3601 1780 3601 1957 3601 1957 3602 1780 3602 1782 3602 1957 3603 1782 3603 1956 3603 1956 3604 1782 3604 1784 3604 1956 3605 1784 3605 1955 3605 1955 3606 1784 3606 1786 3606 1955 3607 1786 3607 237 3607 237 3608 1786 3608 238 3608 1670 3609 242 3609 1786 3609 1786 3610 242 3610 243 3610 1786 3611 243 3611 238 3611 244 3612 240 3612 1963 3612 1963 3613 240 3613 1670 3613 1963 3614 1670 3614 1964 3614 1964 3615 1670 3615 1785 3615 1964 3616 1785 3616 1965 3616 1965 3617 1785 3617 1783 3617 1965 3618 1783 3618 1966 3618 1966 3619 1783 3619 1781 3619 1966 3620 1781 3620 1967 3620 1967 3621 1781 3621 1779 3621 1967 3622 1779 3622 1968 3622 1968 3623 1779 3623 1777 3623 1968 3624 1777 3624 1969 3624 1969 3625 1777 3625 1775 3625 1969 3626 1775 3626 1970 3626 1970 3627 1775 3627 1773 3627 1970 3628 1773 3628 1616 3628 1616 3629 1773 3629 1621 3629 1616 3630 1617 3630 1970 3630 1970 3631 1617 3631 1691 3631 1970 3632 1691 3632 1969 3632 1969 3633 1691 3633 1971 3633 1969 3634 1971 3634 1968 3634 1968 3635 1971 3635 1972 3635 1968 3636 1972 3636 1967 3636 1967 3637 1972 3637 1973 3637 1967 3638 1973 3638 1966 3638 1966 3639 1973 3639 1974 3639 1966 3640 1974 3640 1965 3640 1965 3641 1974 3641 1975 3641 1965 3642 1975 3642 1964 3642 1964 3643 1975 3643 1976 3643 1964 3644 1976 3644 1963 3644 1963 3645 1976 3645 1669 3645 1963 3646 1669 3646 244 3646 244 3647 1669 3647 245 3647 248 3648 247 3648 1668 3648 1668 3649 247 3649 1669 3649 1668 3650 1669 3650 1977 3650 1977 3651 1669 3651 1976 3651 1977 3652 1976 3652 1978 3652 1978 3653 1976 3653 1975 3653 1978 3654 1975 3654 1979 3654 1979 3655 1975 3655 1974 3655 1979 3656 1974 3656 1980 3656 1980 3657 1974 3657 1973 3657 1980 3658 1973 3658 1981 3658 1981 3659 1973 3659 1972 3659 1981 3660 1972 3660 1982 3660 1982 3661 1972 3661 1971 3661 1982 3662 1971 3662 1983 3662 1983 3663 1971 3663 1691 3663 1983 3664 1691 3664 1614 3664 1614 3665 1691 3665 1615 3665 252 3666 253 3666 1667 3666 1667 3667 253 3667 1668 3667 1667 3668 1668 3668 1984 3668 1984 3669 1668 3669 1977 3669 1984 3670 1977 3670 1985 3670 1985 3671 1977 3671 1978 3671 1985 3672 1978 3672 1986 3672 1986 3673 1978 3673 1979 3673 1986 3674 1979 3674 1987 3674 1987 3675 1979 3675 1980 3675 1987 3676 1980 3676 1988 3676 1988 3677 1980 3677 1981 3677 1988 3678 1981 3678 1989 3678 1989 3679 1981 3679 1982 3679 1989 3680 1982 3680 1990 3680 1990 3681 1982 3681 1983 3681 1990 3682 1983 3682 1611 3682 1611 3683 1983 3683 1614 3683 254 3684 250 3684 1991 3684 1991 3685 250 3685 1667 3685 1991 3686 1667 3686 1992 3686 1992 3687 1667 3687 1984 3687 1992 3688 1984 3688 1993 3688 1993 3689 1984 3689 1985 3689 1993 3690 1985 3690 1994 3690 1994 3691 1985 3691 1986 3691 1994 3692 1986 3692 1995 3692 1995 3693 1986 3693 1987 3693 1995 3694 1987 3694 1996 3694 1996 3695 1987 3695 1988 3695 1996 3696 1988 3696 1997 3696 1997 3697 1988 3697 1989 3697 1997 3698 1989 3698 1690 3698 1690 3699 1989 3699 1990 3699 1690 3700 1990 3700 1612 3700 1612 3701 1990 3701 1611 3701 1610 3702 1609 3702 1690 3702 1690 3703 1609 3703 1787 3703 1690 3704 1787 3704 1997 3704 1997 3705 1787 3705 1788 3705 1997 3706 1788 3706 1996 3706 1996 3707 1788 3707 1790 3707 1996 3708 1790 3708 1995 3708 1995 3709 1790 3709 1792 3709 1995 3710 1792 3710 1994 3710 1994 3711 1792 3711 1794 3711 1994 3712 1794 3712 1993 3712 1993 3713 1794 3713 1796 3713 1993 3714 1796 3714 1992 3714 1992 3715 1796 3715 1798 3715 1992 3716 1798 3716 1991 3716 1991 3717 1798 3717 1800 3717 1991 3718 1800 3718 254 3718 254 3719 1800 3719 255 3719 1666 3720 259 3720 1800 3720 1800 3721 259 3721 260 3721 1800 3722 260 3722 255 3722 261 3723 257 3723 1998 3723 1998 3724 257 3724 1666 3724 1998 3725 1666 3725 1999 3725 1999 3726 1666 3726 1799 3726 1999 3727 1799 3727 2000 3727 2000 3728 1799 3728 1797 3728 2000 3729 1797 3729 2001 3729 2001 3730 1797 3730 1795 3730 2001 3731 1795 3731 2002 3731 2002 3732 1795 3732 1793 3732 2002 3733 1793 3733 2003 3733 2003 3734 1793 3734 1791 3734 2003 3735 1791 3735 2004 3735 2004 3736 1791 3736 1789 3736 2004 3737 1789 3737 2005 3737 2005 3738 1789 3738 1689 3738 2005 3739 1689 3739 1608 3739 1608 3740 1689 3740 1603 3740 1608 3741 1607 3741 2005 3741 2005 3742 1607 3742 2006 3742 2005 3743 2006 3743 2004 3743 2004 3744 2006 3744 2007 3744 2004 3745 2007 3745 2003 3745 2003 3746 2007 3746 2008 3746 2003 3747 2008 3747 2002 3747 2002 3748 2008 3748 2009 3748 2002 3749 2009 3749 2001 3749 2001 3750 2009 3750 2010 3750 2001 3751 2010 3751 2000 3751 2000 3752 2010 3752 2011 3752 2000 3753 2011 3753 1999 3753 1999 3754 2011 3754 2012 3754 1999 3755 2012 3755 1998 3755 1998 3756 2012 3756 1665 3756 1998 3757 1665 3757 261 3757 261 3758 1665 3758 262 3758 265 3759 264 3759 1664 3759 1664 3760 264 3760 1665 3760 1664 3761 1665 3761 2013 3761 2013 3762 1665 3762 2012 3762 2013 3763 2012 3763 2014 3763 2014 3764 2012 3764 2011 3764 2014 3765 2011 3765 2015 3765 2015 3766 2011 3766 2010 3766 2015 3767 2010 3767 2016 3767 2016 3768 2010 3768 2009 3768 2016 3769 2009 3769 2017 3769 2017 3770 2009 3770 2008 3770 2017 3771 2008 3771 2018 3771 2018 3772 2008 3772 2007 3772 2018 3773 2007 3773 1688 3773 1688 3774 2007 3774 2006 3774 1688 3775 2006 3775 1606 3775 1606 3776 2006 3776 1607 3776 268 3777 267 3777 2019 3777 2019 3778 267 3778 1664 3778 2019 3779 1664 3779 2020 3779 2020 3780 1664 3780 2013 3780 2020 3781 2013 3781 2021 3781 2021 3782 2013 3782 2014 3782 2021 3783 2014 3783 2022 3783 2022 3784 2014 3784 2015 3784 2022 3785 2015 3785 2023 3785 2023 3786 2015 3786 2016 3786 2023 3787 2016 3787 2024 3787 2024 3788 2016 3788 2017 3788 2024 3789 2017 3789 2025 3789 2025 3790 2017 3790 2018 3790 2025 3791 2018 3791 2026 3791 2026 3792 2018 3792 1688 3792 2026 3793 1688 3793 1601 3793 1601 3794 1688 3794 1602 3794 1601 3795 1598 3795 2026 3795 2026 3796 1598 3796 2027 3796 2026 3797 2027 3797 2025 3797 2025 3798 2027 3798 2028 3798 2025 3799 2028 3799 2024 3799 2024 3800 2028 3800 2029 3800 2024 3801 2029 3801 2023 3801 2023 3802 2029 3802 2030 3802 2023 3803 2030 3803 2022 3803 2022 3804 2030 3804 2031 3804 2022 3805 2031 3805 2021 3805 2021 3806 2031 3806 2032 3806 2021 3807 2032 3807 2020 3807 2020 3808 2032 3808 2033 3808 2020 3809 2033 3809 2019 3809 2019 3810 2033 3810 2034 3810 2019 3811 2034 3811 268 3811 268 3812 2034 3812 2035 3812 1598 3813 1699 3813 2027 3813 2027 3814 1699 3814 1687 3814 2027 3815 1687 3815 2028 3815 2028 3816 1687 3816 1802 3816 2028 3817 1802 3817 2029 3817 2029 3818 1802 3818 1804 3818 2029 3819 1804 3819 2030 3819 2030 3820 1804 3820 1806 3820 2030 3821 1806 3821 2031 3821 2031 3822 1806 3822 1808 3822 2031 3823 1808 3823 2032 3823 2032 3824 1808 3824 1810 3824 2032 3825 1810 3825 2033 3825 2033 3826 1810 3826 1812 3826 2033 3827 1812 3827 2034 3827 2034 3828 1812 3828 1814 3828 2034 3829 1814 3829 2035 3829 2035 3830 1814 3830 280 3830 1663 3831 275 3831 1814 3831 1814 3832 275 3832 274 3832 1814 3833 274 3833 280 3833 340 3834 276 3834 2036 3834 2036 3835 276 3835 1663 3835 2036 3836 1663 3836 2037 3836 2037 3837 1663 3837 1813 3837 2037 3838 1813 3838 2038 3838 2038 3839 1813 3839 1811 3839 2038 3840 1811 3840 2039 3840 2039 3841 1811 3841 1809 3841 2039 3842 1809 3842 2040 3842 2040 3843 1809 3843 1807 3843 2040 3844 1807 3844 2041 3844 2041 3845 1807 3845 1805 3845 2041 3846 1805 3846 2042 3846 2042 3847 1805 3847 1803 3847 2042 3848 1803 3848 2043 3848 2043 3849 1803 3849 1801 3849 2043 3850 1801 3850 1593 3850 1593 3851 1801 3851 1596 3851 1593 3852 1594 3852 2043 3852 2043 3853 1594 3853 1700 3853 2043 3854 1700 3854 2042 3854 2042 3855 1700 3855 1816 3855 2042 3856 1816 3856 2041 3856 2041 3857 1816 3857 1818 3857 2041 3858 1818 3858 2040 3858 2040 3859 1818 3859 1820 3859 2040 3860 1820 3860 2039 3860 2039 3861 1820 3861 1822 3861 2039 3862 1822 3862 2038 3862 2038 3863 1822 3863 1824 3863 2038 3864 1824 3864 2037 3864 2037 3865 1824 3865 1826 3865 2037 3866 1826 3866 2036 3866 2036 3867 1826 3867 1828 3867 2036 3868 1828 3868 340 3868 340 3869 1828 3869 341 3869 1662 3870 338 3870 1828 3870 1828 3871 338 3871 342 3871 1828 3872 342 3872 341 3872 336 3873 339 3873 2044 3873 2044 3874 339 3874 1662 3874 2044 3875 1662 3875 2045 3875 2045 3876 1662 3876 1827 3876 2045 3877 1827 3877 2046 3877 2046 3878 1827 3878 1825 3878 2046 3879 1825 3879 2047 3879 2047 3880 1825 3880 1823 3880 2047 3881 1823 3881 2048 3881 2048 3882 1823 3882 1821 3882 2048 3883 1821 3883 2049 3883 2049 3884 1821 3884 1819 3884 2049 3885 1819 3885 2050 3885 2050 3886 1819 3886 1817 3886 2050 3887 1817 3887 1686 3887 1686 3888 1817 3888 1815 3888 1686 3889 1815 3889 1591 3889 1591 3890 1815 3890 1700 3890 1591 3891 1700 3891 1592 3891 1592 3892 1700 3892 1595 3892 1589 3893 1590 3893 1686 3893 1686 3894 1590 3894 2051 3894 1686 3895 2051 3895 2050 3895 2050 3896 2051 3896 2052 3896 2050 3897 2052 3897 2049 3897 2049 3898 2052 3898 2053 3898 2049 3899 2053 3899 2048 3899 2048 3900 2053 3900 2054 3900 2048 3901 2054 3901 2047 3901 2047 3902 2054 3902 2055 3902 2047 3903 2055 3903 2046 3903 2046 3904 2055 3904 2056 3904 2046 3905 2056 3905 2045 3905 2045 3906 2056 3906 2057 3906 2045 3907 2057 3907 2044 3907 2044 3908 2057 3908 1661 3908 2044 3909 1661 3909 336 3909 336 3910 1661 3910 334 3910 331 3911 333 3911 1842 3911 1842 3912 333 3912 1661 3912 1842 3913 1661 3913 1840 3913 1840 3914 1661 3914 2057 3914 1840 3915 2057 3915 1838 3915 1838 3916 2057 3916 2056 3916 1838 3917 2056 3917 1836 3917 1836 3918 2056 3918 2055 3918 1836 3919 2055 3919 1834 3919 1834 3920 2055 3920 2054 3920 1834 3921 2054 3921 1832 3921 1832 3922 2054 3922 2053 3922 1832 3923 2053 3923 1830 3923 1830 3924 2053 3924 2052 3924 1830 3925 2052 3925 1829 3925 1829 3926 2052 3926 2051 3926 1829 3927 2051 3927 1585 3927 1585 3928 2051 3928 1590 3928 1660 3929 328 3929 1842 3929 1842 3930 328 3930 330 3930 1842 3931 330 3931 331 3931 324 3932 323 3932 2058 3932 2058 3933 323 3933 1660 3933 2058 3934 1660 3934 2059 3934 2059 3935 1660 3935 1841 3935 2059 3936 1841 3936 2060 3936 2060 3937 1841 3937 1839 3937 2060 3938 1839 3938 2061 3938 2061 3939 1839 3939 1837 3939 2061 3940 1837 3940 2062 3940 2062 3941 1837 3941 1835 3941 2062 3942 1835 3942 2063 3942 2063 3943 1835 3943 1833 3943 2063 3944 1833 3944 2064 3944 2064 3945 1833 3945 1831 3945 2064 3946 1831 3946 2065 3946 2065 3947 1831 3947 1685 3947 2065 3948 1685 3948 1583 3948 1583 3949 1685 3949 1584 3949 1583 3950 1580 3950 2065 3950 2065 3951 1580 3951 1843 3951 2065 3952 1843 3952 2064 3952 2064 3953 1843 3953 1844 3953 2064 3954 1844 3954 2063 3954 2063 3955 1844 3955 1846 3955 2063 3956 1846 3956 2062 3956 2062 3957 1846 3957 1848 3957 2062 3958 1848 3958 2061 3958 2061 3959 1848 3959 1850 3959 2061 3960 1850 3960 2060 3960 2060 3961 1850 3961 1852 3961 2060 3962 1852 3962 2059 3962 2059 3963 1852 3963 1854 3963 2059 3964 1854 3964 2058 3964 2058 3965 1854 3965 1856 3965 2058 3966 1856 3966 324 3966 324 3967 1856 3967 326 3967 1659 3968 321 3968 1856 3968 1856 3969 321 3969 327 3969 1856 3970 327 3970 326 3970 319 3971 322 3971 2066 3971 2066 3972 322 3972 1659 3972 2066 3973 1659 3973 2067 3973 2067 3974 1659 3974 1855 3974 2067 3975 1855 3975 2068 3975 2068 3976 1855 3976 1853 3976 2068 3977 1853 3977 2069 3977 2069 3978 1853 3978 1851 3978 2069 3979 1851 3979 2070 3979 2070 3980 1851 3980 1849 3980 2070 3981 1849 3981 2071 3981 2071 3982 1849 3982 1847 3982 2071 3983 1847 3983 2072 3983 2072 3984 1847 3984 1845 3984 2072 3985 1845 3985 2073 3985 2073 3986 1845 3986 1701 3986 1582 3987 1579 3987 1701 3987 1701 3988 1579 3988 1578 3988 1701 3989 1578 3989 2073 3989 2073 3990 1578 3990 1684 3990 2073 3991 1684 3991 2072 3991 2072 3992 1684 3992 2074 3992 2072 3993 2074 3993 2071 3993 2071 3994 2074 3994 2075 3994 2071 3995 2075 3995 2070 3995 2070 3996 2075 3996 2076 3996 2070 3997 2076 3997 2069 3997 2069 3998 2076 3998 2077 3998 2069 3999 2077 3999 2068 3999 2068 4000 2077 4000 2078 4000 2068 4001 2078 4001 2067 4001 2067 4002 2078 4002 2079 4002 2067 4003 2079 4003 2066 4003 2066 4004 2079 4004 1658 4004 2066 4005 1658 4005 319 4005 319 4006 1658 4006 317 4006 314 4007 316 4007 1871 4007 1871 4008 316 4008 1658 4008 1871 4009 1658 4009 1869 4009 1869 4010 1658 4010 2079 4010 1869 4011 2079 4011 1867 4011 1867 4012 2079 4012 2078 4012 1867 4013 2078 4013 1865 4013 1865 4014 2078 4014 2077 4014 1865 4015 2077 4015 1863 4015 1863 4016 2077 4016 2076 4016 1863 4017 2076 4017 1861 4017 1861 4018 2076 4018 2075 4018 1861 4019 2075 4019 1859 4019 1859 4020 2075 4020 2074 4020 1859 4021 2074 4021 1857 4021 1857 4022 2074 4022 1684 4022 1857 4023 1684 4023 1577 4023 1577 4024 1684 4024 1549 4024 1657 4025 311 4025 1871 4025 1871 4026 311 4026 313 4026 1871 4027 313 4027 314 4027 307 4028 306 4028 2080 4028 2080 4029 306 4029 1657 4029 2080 4030 1657 4030 2081 4030 2081 4031 1657 4031 1870 4031 2081 4032 1870 4032 2082 4032 2082 4033 1870 4033 1868 4033 2082 4034 1868 4034 2083 4034 2083 4035 1868 4035 1866 4035 2083 4036 1866 4036 2084 4036 2084 4037 1866 4037 1864 4037 2084 4038 1864 4038 2085 4038 2085 4039 1864 4039 1862 4039 2085 4040 1862 4040 2086 4040 2086 4041 1862 4041 1860 4041 2086 4042 1860 4042 1683 4042 1683 4043 1860 4043 1858 4043 1683 4044 1858 4044 1575 4044 1575 4045 1858 4045 1576 4045 1573 4046 1572 4046 1683 4046 1683 4047 1572 4047 1872 4047 1683 4048 1872 4048 2086 4048 2086 4049 1872 4049 1874 4049 2086 4050 1874 4050 2085 4050 2085 4051 1874 4051 1876 4051 2085 4052 1876 4052 2084 4052 2084 4053 1876 4053 1878 4053 2084 4054 1878 4054 2083 4054 2083 4055 1878 4055 1880 4055 2083 4056 1880 4056 2082 4056 2082 4057 1880 4057 1882 4057 2082 4058 1882 4058 2081 4058 2081 4059 1882 4059 1884 4059 2081 4060 1884 4060 2080 4060 2080 4061 1884 4061 1886 4061 2080 4062 1886 4062 307 4062 307 4063 1886 4063 309 4063 1656 4064 304 4064 1886 4064 1886 4065 304 4065 310 4065 1886 4066 310 4066 309 4066 302 4067 305 4067 2087 4067 2087 4068 305 4068 1656 4068 2087 4069 1656 4069 2088 4069 2088 4070 1656 4070 1885 4070 2088 4071 1885 4071 2089 4071 2089 4072 1885 4072 1883 4072 2089 4073 1883 4073 2090 4073 2090 4074 1883 4074 1881 4074 2090 4075 1881 4075 2091 4075 2091 4076 1881 4076 1879 4076 2091 4077 1879 4077 2092 4077 2092 4078 1879 4078 1877 4078 2092 4079 1877 4079 2093 4079 2093 4080 1877 4080 1875 4080 2093 4081 1875 4081 1682 4081 1682 4082 1875 4082 1873 4082 1682 4083 1873 4083 1570 4083 1570 4084 1873 4084 1569 4084 1568 4085 1567 4085 1682 4085 1682 4086 1567 4086 2094 4086 1682 4087 2094 4087 2093 4087 2093 4088 2094 4088 2095 4088 2093 4089 2095 4089 2092 4089 2092 4090 2095 4090 2096 4090 2092 4091 2096 4091 2091 4091 2091 4092 2096 4092 2097 4092 2091 4093 2097 4093 2090 4093 2090 4094 2097 4094 2098 4094 2090 4095 2098 4095 2089 4095 2089 4096 2098 4096 2099 4096 2089 4097 2099 4097 2088 4097 2088 4098 2099 4098 2100 4098 2088 4099 2100 4099 2087 4099 2087 4100 2100 4100 1655 4100 2087 4101 1655 4101 302 4101 302 4102 1655 4102 300 4102 297 4103 299 4103 1654 4103 1654 4104 299 4104 1655 4104 1654 4105 1655 4105 2101 4105 2101 4106 1655 4106 2100 4106 2101 4107 2100 4107 2102 4107 2102 4108 2100 4108 2099 4108 2102 4109 2099 4109 2103 4109 2103 4110 2099 4110 2098 4110 2103 4111 2098 4111 2104 4111 2104 4112 2098 4112 2097 4112 2104 4113 2097 4113 2105 4113 2105 4114 2097 4114 2096 4114 2105 4115 2096 4115 2106 4115 2106 4116 2096 4116 2095 4116 2106 4117 2095 4117 1681 4117 1681 4118 2095 4118 2094 4118 1681 4119 2094 4119 1564 4119 1564 4120 2094 4120 1567 4120 294 4121 296 4121 1653 4121 1653 4122 296 4122 1654 4122 1653 4123 1654 4123 2107 4123 2107 4124 1654 4124 2101 4124 2107 4125 2101 4125 2108 4125 2108 4126 2101 4126 2102 4126 2108 4127 2102 4127 2109 4127 2109 4128 2102 4128 2103 4128 2109 4129 2103 4129 2110 4129 2110 4130 2103 4130 2104 4130 2110 4131 2104 4131 2111 4131 2111 4132 2104 4132 2105 4132 2111 4133 2105 4133 2112 4133 2112 4134 2105 4134 2106 4134 2112 4135 2106 4135 2113 4135 2113 4136 2106 4136 1681 4136 2113 4137 1681 4137 1566 4137 1566 4138 1681 4138 1565 4138 289 4139 292 4139 2114 4139 2114 4140 292 4140 1653 4140 2114 4141 1653 4141 2115 4141 2115 4142 1653 4142 2107 4142 2115 4143 2107 4143 2116 4143 2116 4144 2107 4144 2108 4144 2116 4145 2108 4145 2117 4145 2117 4146 2108 4146 2109 4146 2117 4147 2109 4147 2118 4147 2118 4148 2109 4148 2110 4148 2118 4149 2110 4149 2119 4149 2119 4150 2110 4150 2111 4150 2119 4151 2111 4151 2120 4151 2120 4152 2111 4152 2112 4152 2120 4153 2112 4153 2121 4153 2121 4154 2112 4154 2113 4154 2121 4155 2113 4155 1561 4155 1561 4156 2113 4156 1566 4156 1561 4157 1562 4157 2121 4157 2121 4158 1562 4158 1680 4158 2121 4159 1680 4159 2120 4159 2120 4160 1680 4160 1888 4160 2120 4161 1888 4161 2119 4161 2119 4162 1888 4162 1890 4162 2119 4163 1890 4163 2118 4163 2118 4164 1890 4164 1892 4164 2118 4165 1892 4165 2117 4165 2117 4166 1892 4166 1894 4166 2117 4167 1894 4167 2116 4167 2116 4168 1894 4168 1896 4168 2116 4169 1896 4169 2115 4169 2115 4170 1896 4170 1898 4170 2115 4171 1898 4171 2114 4171 2114 4172 1898 4172 1900 4172 2114 4173 1900 4173 289 4173 289 4174 1900 4174 290 4174 1652 4175 287 4175 1900 4175 1900 4176 287 4176 291 4176 1900 4177 291 4177 290 4177 285 4178 288 4178 2122 4178 2122 4179 288 4179 1652 4179 2122 4180 1652 4180 2123 4180 2123 4181 1652 4181 1899 4181 2123 4182 1899 4182 2124 4182 2124 4183 1899 4183 1897 4183 2124 4184 1897 4184 2125 4184 2125 4185 1897 4185 1895 4185 2125 4186 1895 4186 2126 4186 2126 4187 1895 4187 1893 4187 2126 4188 1893 4188 2127 4188 2127 4189 1893 4189 1891 4189 2127 4190 1891 4190 2128 4190 2128 4191 1891 4191 1889 4191 2128 4192 1889 4192 2129 4192 2129 4193 1889 4193 1887 4193 2129 4194 1887 4194 1556 4194 1556 4195 1887 4195 1559 4195 1556 4196 1557 4196 2129 4196 2129 4197 1557 4197 1679 4197 2129 4198 1679 4198 2128 4198 2128 4199 1679 4199 2130 4199 2128 4200 2130 4200 2127 4200 2127 4201 2130 4201 2131 4201 2127 4202 2131 4202 2126 4202 2126 4203 2131 4203 2132 4203 2126 4204 2132 4204 2125 4204 2125 4205 2132 4205 2133 4205 2125 4206 2133 4206 2124 4206 2124 4207 2133 4207 2134 4207 2124 4208 2134 4208 2123 4208 2123 4209 2134 4209 2135 4209 2123 4210 2135 4210 2122 4210 2122 4211 2135 4211 1651 4211 2122 4212 1651 4212 285 4212 285 4213 1651 4213 283 4213 189 4214 190 4214 1650 4214 1650 4215 190 4215 1651 4215 1650 4216 1651 4216 2136 4216 2136 4217 1651 4217 2135 4217 2136 4218 2135 4218 2137 4218 2137 4219 2135 4219 2134 4219 2137 4220 2134 4220 2138 4220 2138 4221 2134 4221 2133 4221 2138 4222 2133 4222 2139 4222 2139 4223 2133 4223 2132 4223 2139 4224 2132 4224 2140 4224 2140 4225 2132 4225 2131 4225 2140 4226 2131 4226 2141 4226 2141 4227 2131 4227 2130 4227 2141 4228 2130 4228 2142 4228 2142 4229 2130 4229 1679 4229 2142 4230 1679 4230 1554 4230 1554 4231 1679 4231 1555 4231 194 4232 193 4232 2143 4232 2143 4233 193 4233 1650 4233 2143 4234 1650 4234 2144 4234 2144 4235 1650 4235 2136 4235 2144 4236 2136 4236 2145 4236 2145 4237 2136 4237 2137 4237 2145 4238 2137 4238 2146 4238 2146 4239 2137 4239 2138 4239 2146 4240 2138 4240 2147 4240 2147 4241 2138 4241 2139 4241 2147 4242 2139 4242 2148 4242 2148 4243 2139 4243 2140 4243 2148 4244 2140 4244 2149 4244 2149 4245 2140 4245 2141 4245 2149 4246 2141 4246 1678 4246 1678 4247 2141 4247 2142 4247 1678 4248 2142 4248 1551 4248 1551 4249 2142 4249 1554 4249 1552 4250 1901 4250 1678 4250 1678 4251 1901 4251 1902 4251 1678 4252 1902 4252 2149 4252 2149 4253 1902 4253 1903 4253 2149 4254 1903 4254 2148 4254 2148 4255 1903 4255 1904 4255 2148 4256 1904 4256 2147 4256 2147 4257 1904 4257 1905 4257 2147 4258 1905 4258 2146 4258 2146 4259 1905 4259 1906 4259 2146 4260 1906 4260 2145 4260 2145 4261 1906 4261 1907 4261 2145 4262 1907 4262 2144 4262 2144 4263 1907 4263 1908 4263 2144 4264 1908 4264 2143 4264 2143 4265 1908 4265 1909 4265 2143 4266 1909 4266 194 4266 194 4267 1909 4267 1910 4267</p>
                </triangles>
            </mesh>
        </geometry>
    </library_geometries>
    <library_visual_scenes>
        <visual_scene id="VisualSceneNode" name="VisualScene">
            <node id="node" name="node">
                <instance_geometry url="#shape0-lib"/>
            </node>
        </visual_scene>
    </library_visual_scenes>
    <scene>
        <instance_visual_scene url="#VisualSceneNode"/>
    </scene>
</COLLADA>
