####
#
# OBJ File Generated by Meshlab
#
####
# Object link3.obj
#
# Vertices: 1602
# Faces: 3194
#
####
vn -5.502295 -0.608316 2.856693
v -0.015588 -0.031500 0.009000
vn -2.794893 3.046748 1.425033
v -0.015588 -0.029000 0.009000
vn -5.759431 -0.545961 2.255737
v -0.016944 -0.031500 0.006074
vn -3.010848 2.981009 0.833163
v -0.017323 -0.029000 0.004892
vn -5.962867 -0.708390 1.608642
v -0.017323 -0.031500 0.004892
vn -5.989398 -0.655145 -1.559269
v -0.017560 -0.031500 -0.003955
vn -6.121372 -0.571527 -0.942928
v -0.017663 -0.031500 -0.003469
vn -3.051065 2.966624 -0.673875
v -0.017560 -0.029000 -0.003955
vn -6.181942 -0.556338 -0.325829
v -0.017998 -0.031500 -0.000262
vn -3.118622 2.932690 0.113530
v -0.017994 -0.029000 0.000483
vn -6.154345 -0.670257 0.420198
v -0.017994 -0.031500 0.000483
vn -6.105084 -0.406688 0.864741
v -0.017756 -0.031500 0.002954
vn -5.763759 -0.568887 -2.211720
v -0.016760 -0.031500 -0.006565
vn -2.775081 2.982707 -1.435279
v -0.016049 -0.029000 -0.008150
vn -5.508857 -0.863285 -2.689316
v -0.016049 -0.031500 -0.008150
vn -3.411483 -0.695537 -5.152197
v -0.010225 -0.031500 -0.014814
vn -3.972411 -0.516761 -4.741120
v -0.011027 -0.031500 -0.014227
vn -1.775055 2.966801 -2.568437
v -0.010225 -0.029000 -0.014814
vn -4.410191 -0.569971 -4.351128
v -0.013388 -0.031500 -0.012031
vn -2.355814 2.910338 -2.043722
v -0.013553 -0.029000 -0.011845
vn -4.845864 -0.593568 -3.854702
v -0.013553 -0.031500 -0.011845
vn -5.153626 -0.452048 -3.406053
v -0.015320 -0.031500 -0.009450
vn -0.421986 -0.631283 -6.180160
v -0.001930 -0.031500 -0.017896
vn -1.011825 -0.592044 -6.113664
v -0.002176 -0.031500 -0.017868
vn -0.341830 2.959693 -3.105764
v -0.001930 -0.029000 -0.017896
vn -1.632213 -0.550531 -5.968855
v -0.005329 -0.031500 -0.017193
vn -1.121172 2.938955 -2.913035
v -0.006270 -0.029000 -0.016873
vn -2.358920 -0.710006 -5.685660
v -0.006270 -0.031500 -0.016873
vn -2.736358 -0.379608 -5.519386
v -0.008311 -0.031500 -0.015966
vn 0.223954 -0.537679 -6.180980
v 0.001047 -0.031500 -0.017970
vn 0.458940 2.983273 -3.090335
v 0.002529 -0.029000 -0.017821
vn 0.891539 -0.715004 -6.109655
v 0.002529 -0.031500 -0.017821
vn 3.811866 -0.677279 -4.869139
v 0.010717 -0.031500 -0.014462
vn 3.271158 -0.546471 -5.254806
v 0.010109 -0.031500 -0.014893
vn 1.845693 2.972398 -2.521177
v 0.010717 -0.029000 -0.014462
vn 2.745831 -0.562970 -5.550968
v 0.007289 -0.031500 -0.016458
vn 1.164328 2.923328 -2.894430
v 0.006832 -0.029000 -0.016653
vn 2.109101 -0.611129 -5.815364
v 0.006832 -0.031500 -0.016653
vn 1.607506 -0.420561 -5.961555
v 0.004236 -0.031500 -0.017494
vn 4.320243 -0.558846 -4.412527
v 0.012604 -0.031500 -0.012851
vn 2.424746 2.991921 -1.973337
v 0.013943 -0.029000 -0.011384
vn 4.675781 -0.814492 -3.987750
v 0.013943 -0.031500 -0.011384
vn 5.151260 -0.545973 -3.424012
v 0.014695 -0.031500 -0.010396
vn 2.770405 3.046749 -1.472077
v 0.016314 -0.029000 -0.007607
vn 5.495618 -0.607413 -2.870049
v 0.016314 -0.031500 -0.007607
vn 2.251307 1.436206 4.795774
v 0.045401 0.013150 0.081500
vn 2.141002 1.572556 4.717817
v 0.045181 0.013500 0.081500
vn -0.202689 0.609777 6.203794
v 0.043590 0.013500 0.081500
vn 2.260591 1.247342 4.930294
v 0.046917 0.010548 0.081500
vn 0.000000 0.000000 3.030789
v 0.050000 -0.000000 0.081500
vn 2.794747 0.179438 4.563757
v 0.049897 0.001842 0.081500
vn 2.795120 -0.178102 4.563218
v 0.049899 -0.001829 0.081500
vn 2.270983 0.521563 5.246708
v 0.049601 0.003649 0.081500
vn 2.294098 -0.574309 5.206129
v 0.049606 -0.003626 0.081500
vn 2.328343 0.754231 5.109811
v 0.049014 0.005788 0.081500
vn 2.351831 -0.729921 5.090408
v 0.049028 -0.005747 0.081500
vn 2.259065 1.024347 5.067937
v 0.048222 0.007864 0.081500
vn 2.279018 -1.058321 5.025148
v 0.048245 -0.007810 0.081500
vn 2.271295 -1.229528 4.928724
v 0.046964 -0.010460 0.081500
vn 2.267215 -1.424158 4.784586
v 0.045486 -0.013014 0.081500
vn -0.202688 -0.609776 6.203795
v 0.043590 -0.013500 0.081500
vn 2.124901 -1.572017 4.741251
v 0.045181 -0.013500 0.081500
vn -0.675365 -0.608880 6.163472
v 0.039674 -0.013500 0.081243
vn -0.675364 0.608880 6.163471
v 0.039674 0.013500 0.081243
vn -1.151388 -0.700440 6.078146
v 0.038380 -0.013500 0.081044
vn -1.188196 0.772857 6.051089
v 0.038380 0.013500 0.081044
vn -1.629346 -0.629063 5.976849
v 0.035825 -0.013500 0.080478
vn -1.577375 0.629064 5.990774
v 0.035825 0.013500 0.080478
vn -1.996538 -0.772845 5.834499
v 0.033329 -0.013500 0.079691
vn -2.041940 0.700433 5.839527
v 0.033329 0.013500 0.079691
vn -2.496846 -0.608876 5.675408
v 0.032109 -0.013500 0.079216
vn -2.496847 0.608877 5.675408
v 0.032109 0.013500 0.079216
vn -3.092385 -0.606668 5.356165
v 0.028590 -0.013500 0.077481
vn -3.092383 0.606668 5.356166
v 0.028590 0.013500 0.077481
vn -3.666625 -0.608875 5.000037
v 0.025327 -0.013500 0.075301
vn -3.666625 0.608874 5.000036
v 0.025327 0.013500 0.075301
vn -4.036208 -0.700431 4.688137
v 0.024306 -0.013500 0.074481
vn -4.054554 0.772842 4.646304
v 0.024306 0.013500 0.074481
vn -4.399474 -0.629062 4.361434
v 0.022377 -0.013500 0.072713
vn -4.361431 0.629062 4.399478
v 0.022377 0.013500 0.072713
vn -4.646302 -0.772845 4.054555
v 0.020609 -0.013500 0.070784
vn -4.688136 0.700432 4.036209
v 0.020609 0.013500 0.070784
vn -5.000040 -0.608873 3.666623
v 0.019789 -0.013500 0.069763
vn -5.000041 0.608874 3.666622
v 0.019789 0.013500 0.069763
vn -5.271299 -0.609781 3.277428
v 0.017609 -0.013500 0.066500
vn -5.271300 0.609782 3.277429
v 0.017609 0.013500 0.066500
vn 1.665791 0.662188 -6.001975
v 0.044066 0.013500 0.048239
vn 2.907814 1.788523 -4.624326
v 0.045162 0.013500 0.048475
vn 2.936489 1.830795 -4.686450
v 0.045402 0.013140 0.048493
vn 2.697187 1.429817 -4.849059
v 0.045662 0.012727 0.048500
vn 2.697158 -1.429853 -4.849071
v 0.045662 -0.012727 0.048500
vn 1.661153 -0.650282 -6.005543
v 0.044066 -0.013500 0.048239
vn 2.918998 -1.760138 -4.769660
v 0.045402 -0.013140 0.048493
vn 2.912346 -1.749862 -4.684546
v 0.045162 -0.013500 0.048475
vn 5.459364 -0.615292 -3.011503
v 0.041131 -0.013500 0.045613
vn 5.463765 0.609754 -3.004615
v 0.041131 0.013500 0.045613
vn 4.901538 -0.616909 -3.848076
v 0.041858 -0.013500 0.046745
vn 4.901538 0.616907 -3.848072
v 0.041858 0.013500 0.046745
vn 4.220344 -0.575594 -4.598694
v 0.042231 -0.013500 0.047137
vn 4.184078 0.486128 -4.645718
v 0.042231 0.013500 0.047137
vn 3.400924 -0.595113 -5.224015
v 0.042861 -0.013500 0.047642
vn 3.461538 0.572423 -5.185969
v 0.042861 0.013500 0.047642
vn 2.569446 -0.558744 -5.689843
v 0.043816 -0.013500 0.048147
vn 2.543314 0.590869 -5.697242
v 0.043816 0.013500 0.048147
vn 2.262046 -1.229783 -4.940746
v 0.047026 -0.010343 0.048500
vn 2.274460 1.218160 -4.932621
v 0.047029 0.010338 0.048500
vn 2.279695 1.061119 -5.022824
v 0.048222 0.007864 0.048500
vn 2.257850 -1.017546 -5.073080
v 0.048222 -0.007864 0.048500
vn 2.328351 -0.754217 -5.109805
v 0.049014 -0.005788 0.048500
vn 2.351504 0.734824 -5.088938
v 0.049014 0.005787 0.048500
vn 2.270978 -0.521557 -5.246716
v 0.049601 -0.003649 0.048500
vn 2.294431 0.577977 -5.204699
v 0.049601 0.003649 0.048500
vn 2.794693 -0.179452 -4.563864
v 0.049897 -0.001842 0.048500
vn 2.795040 0.179363 -4.563193
v 0.049898 0.001841 0.048500
vn 0.000000 0.000000 -3.030437
v 0.050000 0.000000 0.048500
vn -5.355294 0.643841 3.155824
v -0.002598 0.031500 0.031500
vn -5.502295 0.608315 2.856695
v -0.015588 0.031500 0.009000
vn -2.794892 -3.046748 1.425032
v -0.015588 0.029000 0.009000
vn -3.057642 2.378446 -0.403997
v -0.002697 -0.027828 0.031328
vn -5.224071 -0.355752 3.434033
v -0.000380 -0.029700 0.035342
vn -3.094285 1.329699 -1.208271
v -0.002197 -0.026531 0.032196
vn -5.191597 -0.182906 3.501040
v 0.000117 -0.028199 0.036203
vn -2.916221 0.328330 -1.537736
v -0.002021 -0.025000 0.032500
vn -5.196743 -0.046645 3.503536
v 0.000289 -0.026500 0.036500
vn -2.868433 3.129674 1.450162
v -0.004330 -0.029000 0.028500
vn -5.381722 -0.617750 3.122162
v -0.002598 -0.031500 0.031500
vn -3.027266 2.979892 0.716790
v -0.003446 -0.028696 0.030031
vn -5.337727 -0.607481 3.198516
v -0.002147 -0.031439 0.032281
vn -5.275941 -0.508057 3.325131
v -0.001161 -0.030836 0.033990
vn -5.193099 0.089938 3.506373
v 0.000275 0.026983 0.036477
vn -5.194867 0.249012 3.488971
v -0.000005 0.028697 0.035992
vn -3.094285 -1.329698 -1.208270
v -0.002197 0.026531 0.032196
vn -5.234288 0.429102 3.403848
v -0.000634 0.030165 0.034901
vn -3.057642 -2.378444 -0.403996
v -0.002697 0.027828 0.031328
vn -5.297015 0.580944 3.269823
v -0.001542 0.031153 0.033329
vn -3.027265 -2.979892 0.716791
v -0.003446 0.028696 0.030031
vn -2.868433 -3.129674 1.450162
v -0.004330 0.029000 0.028500
vn -5.226856 -0.032986 3.464725
v 0.000289 -0.019500 0.036500
vn -5.244613 -0.133088 3.436072
v 0.000473 -0.017569 0.036819
vn -2.916219 -0.328329 -1.537735
v -0.002021 0.025000 0.032500
vn -5.377413 -0.593052 3.138983
v 0.003753 -0.013500 0.042500
vn -5.368951 0.574478 3.159712
v 0.003753 0.013500 0.042500
vn -5.337029 -0.515475 3.231034
v 0.002935 -0.013670 0.041083
vn -5.330781 0.459395 3.256599
v 0.002561 0.013866 0.040437
vn -5.292392 -0.398954 3.329831
v 0.001854 -0.014482 0.039211
vn -5.286129 0.341916 3.350606
v 0.001517 0.014916 0.038628
vn -5.260324 -0.268875 3.399768
v 0.001009 -0.015838 0.037747
vn -5.258764 0.210665 3.409361
v 0.000752 0.016502 0.037303
vn -5.240277 0.092430 3.444546
v 0.000347 0.018400 0.036602
vn -5.221437 0.020431 3.472177
v 0.000289 0.019500 0.036500
vn -5.208425 0.012173 3.489285
v 0.000289 0.026500 0.036500
vn 3.008900 -3.095781 -1.793202
v 0.033151 0.029000 0.028500
vn 2.770403 -3.046749 -1.472076
v 0.016314 0.029000 -0.007607
vn 5.496057 0.608312 -2.868683
v 0.016314 0.031500 -0.007607
vn 3.227213 1.056002 -4.229764
v 0.034874 -0.026531 0.032196
vn 5.881915 -0.309784 -2.072123
v 0.035365 -0.028647 0.033248
vn 3.201611 2.012049 -3.676974
v 0.034469 -0.027828 0.031328
vn 5.812819 -0.482883 -2.240899
v 0.034856 -0.030143 0.032157
vn 3.179094 2.733518 -2.783376
v 0.033864 -0.028696 0.030031
vn 5.731527 -0.554411 -2.440059
v 0.034119 -0.031148 0.030576
vn 3.008899 3.095780 -1.793201
v 0.033151 -0.029000 0.028500
vn 5.674973 -0.517853 -2.594276
v 0.033259 -0.031500 0.028732
vn 3.043058 0.288750 -4.441434
v 0.035016 -0.025000 0.032500
vn 5.903950 -0.013746 -2.052874
v 0.035590 -0.026500 0.033732
vn 5.908322 -0.111773 -2.022737
v 0.035583 -0.026891 0.033717
vn 5.664367 0.505620 -2.622921
v 0.033259 0.031500 0.028732
vn 5.693442 0.541208 -2.541375
v 0.033537 0.031464 0.029329
vn 3.179094 -2.733519 -2.783377
v 0.033864 0.028696 0.030031
vn 5.755008 0.553392 -2.376630
v 0.034357 0.030911 0.031087
vn 3.201611 -2.012050 -3.676971
v 0.034469 0.027828 0.031328
vn 3.043057 -0.288750 -4.441434
v 0.035016 0.025000 0.032500
vn 5.881570 -0.129170 -2.129013
v 0.035629 -0.018509 0.033815
vn 5.897541 -0.027098 -2.078777
v 0.035590 -0.019500 0.033732
vn 5.845211 -0.286881 -2.218814
v 0.035948 -0.016564 0.034500
vn 5.892059 0.053462 -2.098431
v 0.035590 0.019500 0.033732
vn 5.909803 0.070123 -2.022559
v 0.035590 0.026500 0.033732
vn 3.227213 -1.056000 -4.229764
v 0.034874 0.026531 0.032196
vn 5.893952 0.260407 -2.040484
v 0.035443 0.028251 0.033415
vn 5.833212 0.453883 -2.186682
v 0.035017 0.029784 0.032502
vn 5.670401 0.477184 -2.620532
v 0.038388 0.013500 0.039732
vn 5.677414 -0.479834 -2.604073
v 0.038388 -0.013500 0.039732
vn 5.702535 0.461550 -2.553073
v 0.037823 0.013624 0.038520
vn 5.722873 -0.464234 -2.503083
v 0.037417 -0.013873 0.037649
vn 5.758200 0.436444 -2.423606
v 0.036922 0.014389 0.036589
vn 5.788103 -0.413223 -2.350372
v 0.036567 -0.014944 0.035827
vn 5.818484 0.351642 -2.282857
v 0.036207 0.015742 0.035055
vn 5.864413 0.199247 -2.176527
v 0.035749 0.017510 0.034072
vn -0.417078 6.152302 0.741679
v -0.000000 0.034500 0.030000
vn 0.523479 6.222152 0.020285
v 0.030540 0.034500 0.030000
vn -0.560146 6.219153 0.289801
v -0.012990 0.034500 0.007500
vn 0.557259 6.219330 -0.293529
v 0.013595 0.034500 -0.006339
vn 0.528277 6.215485 -0.373733
v 0.012245 0.034500 -0.008663
vn 0.453121 6.215485 -0.461994
v 0.010503 0.034500 -0.010709
vn -0.396421 6.215487 -0.511472
v -0.009189 0.034500 -0.011856
vn 0.152284 6.215485 -0.628935
v 0.003530 0.034500 -0.014579
vn 0.037627 6.215484 -0.646018
v 0.000872 0.034500 -0.014975
vn -0.078240 6.215484 -0.642367
v -0.001814 0.034500 -0.014890
vn -0.191597 6.215483 -0.618098
v -0.004441 0.034500 -0.014327
vn -0.298803 6.215485 -0.573997
v -0.006926 0.034500 -0.013305
vn 0.363420 6.215484 -0.535427
v 0.008424 0.034500 -0.012411
vn 0.262058 6.215485 -0.591677
v 0.006074 0.034500 -0.013715
vn -0.481319 6.215484 -0.432538
v -0.011157 0.034500 -0.010026
vn -0.550770 6.215484 -0.339720
v -0.012767 0.034500 -0.007875
vn -0.647043 6.215485 -0.009411
v -0.014998 0.034500 -0.000218
vn -0.638343 6.215484 0.106185
v -0.014797 0.034500 0.002461
vn -0.609156 6.215484 0.218375
v -0.014120 0.034500 0.005062
vn -0.602545 6.215484 -0.236000
v -0.013967 0.034500 -0.005470
vn -0.634981 6.215485 -0.124705
v -0.014719 0.034500 -0.002891
vn -5.759432 0.545960 2.255736
v -0.016944 0.031500 0.006074
vn -3.007240 -2.991920 0.854377
v -0.017323 0.029000 0.004892
vn -6.174956 0.677290 0.329656
v -0.017994 0.031500 0.000483
vn -3.123873 -2.972390 0.065815
v -0.017994 0.029000 0.000483
vn -6.092520 0.558856 1.008019
v -0.017756 0.031500 0.002954
vn -5.948492 0.814485 1.542898
v -0.017323 0.031500 0.004892
vn -6.180747 0.546479 -0.334485
v -0.017998 0.031500 -0.000262
vn -6.122031 0.562972 -0.934653
v -0.017663 0.031500 -0.003469
vn -3.038810 -2.923331 -0.706416
v -0.017560 0.029000 -0.003955
vn -5.973400 0.611129 -1.607879
v -0.017560 0.031500 -0.003955
vn -2.794690 -2.983268 -1.396604
v -0.016049 0.029000 -0.008150
vn -5.805449 0.420565 -2.102608
v -0.016760 0.031500 -0.006565
vn -4.820454 0.631294 -3.890456
v -0.013553 0.031500 -0.011845
vn -2.348029 -2.959694 -2.061403
v -0.013553 0.029000 -0.011845
vn -5.191614 0.537668 -3.361828
v -0.015320 0.031500 -0.009450
vn -5.516096 0.715006 -2.774055
v -0.016049 0.031500 -0.008150
vn -4.427670 0.592060 -4.335477
v -0.013388 0.031500 -0.012031
vn -3.953197 0.550537 -4.760624
v -0.011027 0.031500 -0.014227
vn -1.782828 -2.985642 -2.567496
v -0.010225 0.029000 -0.014814
vn -2.263681 0.695533 -5.749705
v -0.006270 0.031500 -0.016873
vn -1.067380 -2.976743 -2.936446
v -0.006270 0.029000 -0.016873
vn -2.880824 0.551331 -5.464336
v -0.008311 0.031500 -0.015966
vn -3.361628 0.766603 -5.161037
v -0.010225 0.031500 -0.014814
vn -1.605218 0.516756 -5.973407
v -0.005329 0.031500 -0.017193
vn -1.034669 0.569955 -6.108324
v -0.002176 0.031500 -0.017868
vn -0.322879 -2.910336 -3.102000
v -0.001930 0.029000 -0.017896
vn -0.378120 0.593555 -6.180467
v -0.001930 0.031500 -0.017896
vn 0.416010 -2.982711 -3.096456
v 0.002529 0.029000 -0.017821
vn 0.165936 0.452054 -6.175227
v 0.001047 0.031500 -0.017970
vn 2.158097 0.655145 -5.800588
v 0.006832 0.031500 -0.016653
vn 1.198012 -2.966624 -2.885805
v 0.006832 0.029000 -0.016653
vn 1.494215 0.568882 -5.989987
v 0.004236 0.031500 -0.017494
vn 0.956800 0.863280 -6.055122
v 0.002529 0.031500 -0.017821
vn 2.738674 0.571527 -5.555176
v 0.007289 0.031500 -0.016458
vn 3.278937 0.556332 -5.250819
v 0.010109 0.031500 -0.014893
vn 1.881769 -2.932697 -2.489506
v 0.010717 0.029000 -0.014462
vn 3.874212 0.670241 -4.800324
v 0.010717 0.031500 -0.014462
vn 2.409437 -2.981010 -1.988461
v 0.013943 0.029000 -0.011384
vn 4.210082 0.406670 -4.505002
v 0.012604 0.031500 -0.012851
vn 5.151259 0.545971 -3.424014
v 0.014695 0.031500 -0.010396
vn 4.737883 0.708392 -3.961814
v 0.013943 0.031500 -0.011384
vn -0.481319 -6.215484 -0.432537
v -0.011157 -0.034500 -0.010026
vn -0.396420 -6.215485 -0.511473
v -0.009189 -0.034500 -0.011856
vn 0.558677 -6.219153 -0.292622
v 0.013595 -0.034500 -0.006339
vn 0.540258 -6.157691 0.396375
v 0.030540 -0.034500 0.030000
vn -0.472137 -6.211946 0.430223
v -0.000000 -0.034500 0.030000
vn -0.560147 -6.219154 0.289801
v -0.012990 -0.034500 0.007500
vn -0.609156 -6.215484 0.218376
v -0.014120 -0.034500 0.005062
vn -0.298804 -6.215484 -0.573996
v -0.006926 -0.034500 -0.013305
vn -0.191596 -6.215484 -0.618099
v -0.004441 -0.034500 -0.014327
vn -0.078240 -6.215484 -0.642367
v -0.001814 -0.034500 -0.014890
vn -0.638342 -6.215485 0.106185
v -0.014797 -0.034500 0.002461
vn -0.647042 -6.215485 -0.009412
v -0.014998 -0.034500 -0.000218
vn -0.634981 -6.215485 -0.124706
v -0.014719 -0.034500 -0.002891
vn 0.363421 -6.215484 -0.535427
v 0.008424 -0.034500 -0.012411
vn 0.453121 -6.215484 -0.461994
v 0.010503 -0.034500 -0.010709
vn 0.262057 -6.215484 -0.591678
v 0.006074 -0.034500 -0.013715
vn 0.152285 -6.215484 -0.628935
v 0.003530 -0.034500 -0.014579
vn 0.037626 -6.215485 -0.646017
v 0.000872 -0.034500 -0.014975
vn 0.528277 -6.215485 -0.373732
v 0.012245 -0.034500 -0.008663
vn -0.602546 -6.215485 -0.236000
v -0.013967 -0.034500 -0.005470
vn -0.550770 -6.215484 -0.339720
v -0.012767 -0.034500 -0.007875
vn -0.531153 -6.220196 0.330799
v 0.020207 -0.016500 0.065000
vn -0.468061 -6.209861 0.722856
v 0.006351 -0.016500 0.041000
vn 0.559256 -6.243257 0.063304
v 0.035669 -0.016500 0.041000
vn 0.514297 -6.228555 -0.272902
v 0.038412 -0.016500 0.046881
vn 0.426872 -6.232133 -0.364109
v 0.039575 -0.016500 0.048692
vn -0.506073 -6.217572 0.388324
v 0.022169 -0.016500 0.067937
vn 0.314341 -6.232133 -0.464742
v 0.041180 -0.016500 0.050127
vn -0.451057 -6.217572 0.451057
v 0.024498 -0.016500 0.070592
vn 2.259545 -4.924232 1.257926
v 0.046844 -0.016500 0.075682
vn 2.250784 -4.793374 1.439840
v 0.045327 -0.016500 0.078268
vn -0.244109 -6.217576 0.589332
v 0.033257 -0.016500 0.076445
vn 2.175405 -4.784553 -1.522468
v 0.045171 -0.016500 0.051485
vn 0.153981 -6.234810 -0.521927
v 0.043109 -0.016500 0.051082
vn -0.318945 -6.217573 0.552428
v 0.030090 -0.016500 0.074883
vn -0.388323 -6.217572 0.506072
v 0.027153 -0.016500 0.072921
vn 2.138517 -4.720319 1.573741
v 0.045181 -0.016500 0.078500
vn -0.020905 -6.220196 0.625396
v 0.043590 -0.016500 0.078500
vn -0.083262 -6.217572 0.632435
v 0.040066 -0.016500 0.078269
vn -0.165098 -6.217572 0.616156
v 0.036602 -0.016500 0.077580
vn 2.234429 -4.865198 -1.380315
v 0.045400 -0.016500 0.051849
vn 2.270955 -4.923586 -1.237563
v 0.046916 -0.016500 0.054451
vn 2.279081 -5.021513 -1.064609
v 0.048222 -0.016500 0.057136
vn 2.271400 -5.242015 0.538216
v 0.049570 -0.016500 0.068789
vn 2.322741 -5.109615 0.771878
v 0.048967 -0.016500 0.070929
vn 2.258355 -5.061635 1.037752
v 0.048163 -0.016500 0.073001
vn 2.351525 -5.088921 -0.734801
v 0.049015 -0.016500 0.059213
vn 2.294411 -5.204713 -0.578011
v 0.049601 -0.016500 0.061351
vn 2.794565 -4.564111 -0.179484
v 0.049897 -0.016500 0.063157
vn -3.141830 -3.141128 0.000457
v 0.050000 -0.016500 0.065000
vn 2.794363 -4.563374 0.187020
v 0.049890 -0.016500 0.066911
vn -0.392986 -0.511353 6.193987
v 0.002887 -0.026500 0.038000
vn 0.626748 -0.124856 6.209562
v 0.032871 -0.026500 0.038000
vn -0.434725 -0.470522 6.238940
v 0.002887 -0.019500 0.038000
vn 0.623647 -0.280875 6.225708
v 0.032871 -0.019500 0.038000
vn 2.234495 4.865952 -1.379263
v 0.045418 0.016500 0.051878
vn 2.234217 4.767248 -1.481278
v 0.045171 0.016500 0.051485
vn 0.158121 6.234078 -0.525213
v 0.043109 0.016500 0.051082
vn -0.531153 6.220195 0.330800
v 0.020207 0.016500 0.065000
vn -0.506073 6.217572 0.388324
v 0.022169 0.016500 0.067937
vn 0.314341 6.232134 -0.464741
v 0.041180 0.016500 0.050127
vn -0.451057 6.217573 0.451057
v 0.024498 0.016500 0.070592
vn 0.493941 6.250799 0.037849
v 0.035669 0.016500 0.041000
vn -0.355207 6.195822 0.895287
v 0.006351 0.016500 0.041000
vn 0.515889 6.227477 -0.282587
v 0.038412 0.016500 0.046881
vn 0.426871 6.232133 -0.364109
v 0.039575 0.016500 0.048692
vn -0.165099 6.217573 0.616156
v 0.036602 0.016500 0.077580
vn -0.083262 6.217572 0.632435
v 0.040066 0.016500 0.078269
vn 2.267316 4.779359 1.430032
v 0.045401 0.016500 0.078150
vn -0.020905 6.220196 0.625396
v 0.043590 0.016500 0.078500
vn 2.125736 4.739495 1.572674
v 0.045181 0.016500 0.078500
vn 2.260627 4.930738 -1.246655
v 0.046918 0.016500 0.054454
vn -0.244109 6.217571 0.589332
v 0.033257 0.016500 0.076445
vn -0.318945 6.217573 0.552428
v 0.030090 0.016500 0.074883
vn -0.388322 6.217573 0.506071
v 0.027153 0.016500 0.072921
vn 2.270827 4.923455 1.237989
v 0.046911 0.016500 0.075558
vn 2.279048 5.021460 1.064770
v 0.048222 0.016500 0.072864
vn 2.271281 5.246275 -0.521904
v 0.049601 0.016500 0.061351
vn 2.327794 5.110116 -0.755111
v 0.049009 0.016500 0.059197
vn 2.258907 5.068064 -1.024482
v 0.048222 0.016500 0.057136
vn 2.351484 5.088953 0.734849
v 0.049014 0.016500 0.070788
vn 2.294577 5.204596 0.577703
v 0.049601 0.016500 0.068649
vn 2.798578 4.556334 0.178465
v 0.049899 0.016500 0.066830
vn -3.141814 3.141156 -0.000007
v 0.050000 0.016500 0.065000
vn 2.797932 4.557589 -0.178630
v 0.049899 0.016500 0.063168
vn -0.415806 0.275127 6.255560
v 0.002887 0.019500 0.038000
vn 0.594626 0.571957 6.207444
v 0.032871 0.019500 0.038000
vn -0.406767 0.147359 6.246899
v 0.002887 0.026500 0.038000
vn 0.638358 0.572575 6.128526
v 0.032871 0.026500 0.038000
vn 0.687894 -0.837788 6.086572
v 0.032864 -0.027125 0.037976
vn -0.377469 -2.067249 5.772710
v 0.002715 -0.029218 0.037524
vn -0.425244 -3.818712 4.820092
v 0.002218 -0.031620 0.036147
vn 0.600290 -2.770907 5.516818
v 0.032646 -0.029935 0.037225
vn 1.084505 -1.633896 5.769599
v 0.032757 -0.028975 0.037608
vn 0.500142 -5.758233 2.067951
v 0.031400 -0.033936 0.032950
vn 0.695991 -5.187995 3.260885
v 0.031909 -0.032975 0.034698
vn -0.536501 -4.750016 3.943808
v 0.001695 -0.032976 0.034697
vn 0.594564 -4.486469 4.244453
v 0.032137 -0.032329 0.035480
vn 0.809611 -3.718953 4.832232
v 0.032425 -0.031207 0.036469
vn -0.525820 -5.394545 3.037003
v 0.001438 -0.033437 0.033984
vn -0.615439 -5.738571 2.200613
v 0.000890 -0.034110 0.032468
vn -0.475770 -6.096086 1.121141
v 0.000451 -0.034402 0.031249
vn 0.589844 6.124177 0.770888
v 0.030818 0.034443 0.030955
vn -0.568648 5.727089 2.108843
v 0.001056 0.033945 0.032927
vn 0.815108 5.887647 1.529219
v 0.031260 0.034109 0.032469
vn 0.536154 5.523481 2.793497
v 0.031638 0.033557 0.033767
vn -0.660581 4.973799 3.606374
v 0.001695 0.032976 0.034697
vn 0.767252 4.980299 3.548013
v 0.031909 0.032975 0.034698
vn -0.446296 4.435529 4.345954
v 0.001964 0.032364 0.035442
vn 0.558808 4.266184 4.477938
v 0.032298 0.031755 0.036032
vn -0.827932 3.371751 5.067660
v 0.002334 0.031209 0.036467
vn 0.772973 3.458994 5.046304
v 0.032426 0.031205 0.036470
vn -0.498068 2.794691 5.531402
v 0.002593 0.030015 0.037187
vn 0.633964 2.014484 5.733670
v 0.032724 0.029302 0.037493
vn -0.454907 0.833217 6.148548
v 0.002873 0.027272 0.037963
vn -0.752117 1.600348 5.906691
v 0.002745 0.028976 0.037607
vn 0.533434 -5.991713 1.678268
v 0.034698 -0.016687 0.039958
vn -0.448307 -5.948633 1.930835
v 0.005533 -0.016585 0.040291
vn -0.116579 -5.644034 2.741954
v 0.005036 -0.016725 0.039861
vn 0.513406 -5.222240 3.425508
v 0.033849 -0.017222 0.039048
vn 0.531769 -4.413711 4.415847
v 0.033697 -0.017372 0.038885
vn -0.381802 -5.104027 3.602562
v 0.004452 -0.016991 0.039356
vn 0.011298 -4.372802 4.492520
v 0.003914 -0.017368 0.038890
vn 0.534393 -3.514783 5.157328
v 0.033229 -0.018032 0.038384
vn 0.575461 -2.409303 5.754038
v 0.033088 -0.018343 0.038232
vn -0.467225 -1.784303 5.965372
v 0.003071 -0.018534 0.038160
vn -0.368998 -3.531867 5.138279
v 0.003607 -0.017669 0.038624
vn 0.588983 -1.232047 6.108493
v 0.032910 -0.019004 0.038041
vn -0.399607 4.519223 4.272573
v 0.004115 0.017208 0.039064
vn 0.485536 4.761840 4.049265
v 0.033699 0.017371 0.038887
vn 0.565237 3.978688 4.803504
v 0.033488 0.017621 0.038661
vn -0.426369 3.214374 5.353584
v 0.003350 0.018001 0.038401
vn 0.562908 2.905475 5.522459
v 0.033087 0.018345 0.038231
vn -0.333975 2.165717 5.879046
v 0.003157 0.018338 0.038234
vn 0.589705 1.791969 5.967614
v 0.033030 0.018505 0.038170
vn -0.439571 1.068801 6.160584
v 0.002946 0.018950 0.038051
vn 0.489589 5.493989 2.976441
v 0.034204 0.016945 0.039428
vn -0.418647 5.677053 2.545937
v 0.005160 0.016683 0.039968
vn 0.417527 5.911523 2.052809
v 0.034605 0.016725 0.039859
vn 0.416997 6.208158 0.782211
v 0.035104 0.016562 0.040394
vn 2.453282 -4.337243 -3.029678
v 0.044381 -0.016031 0.049759
vn 2.247583 -4.612866 -2.363490
v 0.044627 -0.016342 0.050462
vn 0.717633 -5.752401 -2.185082
v 0.043475 -0.016272 0.049994
vn 2.191725 -4.689791 -1.999993
v 0.044729 -0.016404 0.050686
vn 1.486160 -4.472429 -4.039466
v 0.043786 -0.015621 0.049071
vn 2.575992 -3.981670 -3.532113
v 0.044294 -0.015623 0.049219
vn 2.299968 -4.135020 -3.370737
v 0.044358 -0.015975 0.049668
vn 2.812110 -2.161243 -4.620070
v 0.044616 -0.014417 0.048536
vn 2.956539 -2.700688 -4.417478
v 0.044513 -0.014643 0.048598
vn 1.889755 -2.370798 -5.424269
v 0.043994 -0.014648 0.048455
vn 2.640200 -3.117115 -4.260797
v 0.044395 -0.014964 0.048730
vn 2.718992 -3.536674 -3.954850
v 0.044293 -0.015533 0.049130
vn 2.830358 -1.823790 -4.673639
v 0.045055 -0.013659 0.048467
vn 5.018630 -2.379294 -2.754654
v 0.040924 -0.014648 0.045710
vn 4.384014 -2.374768 -3.696244
v 0.041684 -0.014648 0.046893
vn 3.828250 -4.402216 -2.081762
v 0.040334 -0.015621 0.045984
vn 3.299430 -4.442377 -2.814316
v 0.041189 -0.015621 0.047315
vn 2.043985 -5.729469 -1.101238
v 0.039452 -0.016272 0.046396
vn 1.735078 -5.758500 -1.479969
v 0.040449 -0.016272 0.047947
vn 3.186445 -2.380818 -4.765781
v 0.042733 -0.014648 0.047831
vn 2.429643 -4.442376 -3.592137
v 0.042369 -0.015621 0.048369
vn 1.277681 -5.758501 -1.889003
v 0.041823 -0.016272 0.049176
vn 1.903265 -5.906775 -0.510450
v 0.036509 -0.016353 0.040608
vn 3.301804 -5.184896 -1.151310
v 0.037267 -0.015927 0.040255
vn 4.147873 -4.435020 -1.568283
v 0.037592 -0.015621 0.040103
vn 4.836464 -3.429171 -1.988971
v 0.037869 -0.015263 0.039974
vn 5.424711 -1.870783 -2.388794
v 0.038255 -0.014427 0.039794
vn 2.281235 -3.290298 4.731110
v 0.034340 -0.018143 0.038064
vn 2.362402 -1.391556 5.565707
v 0.034075 -0.019054 0.037793
vn 6.163830 -0.107596 -0.247351
v 0.035870 -0.019500 0.034895
vn 2.405729 -0.279931 5.692014
v 0.034044 -0.019500 0.037762
vn 4.437242 -1.313410 4.135486
v 0.035056 -0.019017 0.037116
vn 4.450141 -0.262437 4.286705
v 0.035029 -0.019500 0.037084
vn 5.773251 -1.004575 2.038325
v 0.035698 -0.018900 0.036118
vn 5.773781 -0.201388 2.192112
v 0.035672 -0.019500 0.036075
vn 4.281024 -2.990843 3.350301
v 0.035285 -0.018017 0.037399
vn 5.605472 -2.263229 1.420003
v 0.035921 -0.017674 0.036490
vn 2.118098 -4.867416 3.217203
v 0.034871 -0.017304 0.038641
vn 3.974588 -4.382075 1.895969
v 0.035755 -0.017066 0.038025
vn 5.277063 -3.267214 0.328168
v 0.036381 -0.016541 0.037283
vn 1.917981 -5.785500 1.236155
v 0.035624 -0.016663 0.039518
vn 3.595682 -5.077816 0.135654
v 0.036442 -0.016313 0.039007
vn 4.915585 -3.683443 -1.009793
v 0.037055 -0.015678 0.038485
vn 6.156096 -0.529499 -0.375221
v 0.035900 -0.018721 0.034956
vn 6.043671 -1.184229 -0.716761
v 0.036154 -0.017163 0.035473
vn 5.830680 -1.700112 -1.275528
v 0.036665 -0.015801 0.036516
vn 5.594638 -1.908331 -1.919466
v 0.037394 -0.014831 0.038014
vn 2.398112 -0.130822 5.649921
v 0.034044 -0.026500 0.037762
vn 4.411650 -0.122558 4.269261
v 0.035029 -0.026500 0.037084
vn 5.731277 -0.094890 2.212823
v 0.035672 -0.026500 0.036075
vn 6.146835 -0.052033 -0.199038
v 0.035870 -0.026500 0.034895
vn 4.289202 -0.908068 4.147889
v 0.035020 -0.027132 0.037057
vn 5.616179 -0.714806 2.183482
v 0.035662 -0.027077 0.036051
vn 6.097247 -0.405036 -0.155310
v 0.035861 -0.026992 0.034875
vn 2.317563 -0.981120 5.469516
v 0.034035 -0.027149 0.037735
vn 2.373871 -2.698772 4.758382
v 0.033771 -0.030040 0.036922
vn 2.208784 -4.501095 3.304516
v 0.033172 -0.032419 0.035082
vn 1.866900 -5.552115 1.339032
v 0.032332 -0.033920 0.032509
vn 4.088192 -2.533978 3.487713
v 0.034725 -0.029934 0.036254
vn 3.820188 -4.095020 2.113017
v 0.034064 -0.032197 0.034457
vn 3.499052 -4.903554 0.340762
v 0.033154 -0.033577 0.031990
vn 1.900814 -5.827791 -0.364963
v 0.031380 -0.034353 0.029608
vn 3.297329 -5.133624 -1.047592
v 0.032138 -0.033927 0.029255
vn 4.132731 -4.420105 -1.485853
v 0.032462 -0.033621 0.029103
vn 5.406635 -1.983029 1.703661
v 0.035363 -0.029632 0.035321
vn 5.118608 -3.153091 0.616278
v 0.034692 -0.031692 0.033690
vn 4.776630 -3.698751 -0.729489
v 0.033768 -0.032947 0.031453
vn 4.782748 -3.475140 -1.904268
v 0.032740 -0.033263 0.028974
vn 5.971655 -1.122037 -0.384914
v 0.035587 -0.029180 0.034265
vn 5.767140 -1.762301 -1.002027
v 0.034969 -0.030975 0.032886
vn 5.523771 -2.038955 -1.744969
v 0.034103 -0.032104 0.030962
vn 5.389625 -1.952203 -2.329298
v 0.033126 -0.032427 0.028794
vn 2.110583 -5.667912 -1.105850
v 0.014635 -0.034272 -0.006824
vn 3.860800 -4.319525 -2.020787
v 0.015517 -0.033621 -0.007236
vn 5.021424 -2.330226 -2.624585
v 0.016107 -0.032648 -0.007511
vn -5.552033 -2.333370 0.887226
v -0.017531 -0.032648 0.002916
vn -5.231296 -2.315545 -2.066259
v -0.016548 -0.032648 -0.006481
vn 0.291432 -2.349406 -5.612834
v 0.001033 -0.032648 -0.017742
vn 1.346344 -2.351382 -5.456795
v 0.004182 -0.032648 -0.017273
vn 1.962871 -5.640922 -1.388649
v 0.013183 -0.034272 -0.009326
vn 1.683611 -5.640927 -1.716580
v 0.011307 -0.034272 -0.011529
vn 3.549461 -4.280750 -2.511096
v 0.013977 -0.033621 -0.009888
vn 3.044474 -4.280756 -3.104092
v 0.011989 -0.033621 -0.012223
vn 4.606028 -2.340808 -3.220679
v 0.014508 -0.032648 -0.010264
vn 3.954654 -2.321750 -3.998636
v 0.012444 -0.032648 -0.012688
vn 1.350324 -5.640923 -1.989431
v 0.009069 -0.034272 -0.013361
vn 2.441789 -4.280756 -3.597486
v 0.009615 -0.033621 -0.014166
vn 3.123791 -2.345920 -4.671878
v 0.009981 -0.032648 -0.014704
vn 0.973702 -5.640925 -2.198433
v 0.006539 -0.034272 -0.014765
vn 1.760746 -4.280756 -3.975427
v 0.006934 -0.033621 -0.015655
vn 2.303997 -2.339618 -5.126778
v 0.007197 -0.032648 -0.016249
vn -0.711896 -5.640925 -2.296606
v -0.004781 -0.034272 -0.015424
vn -1.110232 -5.640929 -2.132735
v -0.007456 -0.034272 -0.014323
vn -1.287325 -4.280746 -4.152959
v -0.005069 -0.033621 -0.016354
vn -2.007633 -4.280757 -3.856633
v -0.007906 -0.033621 -0.015187
vn -1.635898 -2.341447 -5.376725
v -0.005262 -0.032648 -0.016975
vn -2.569800 -2.327727 -5.001658
v -0.008206 -0.032648 -0.015764
vn -1.472944 -5.640924 -1.900429
v -0.009892 -0.034272 -0.012763
vn -2.663530 -4.280746 -3.436551
v -0.010489 -0.033621 -0.013533
vn -3.477247 -2.347516 -4.415133
v -0.010887 -0.032648 -0.014047
vn -1.788382 -5.640929 -1.607130
v -0.012011 -0.034272 -0.010794
vn -3.233941 -4.280746 -2.906181
v -0.012735 -0.033621 -0.011444
vn -4.170367 -2.326144 -3.771000
v -0.013218 -0.032648 -0.011879
vn -2.046435 -5.640925 -1.262261
v -0.013744 -0.034272 -0.008477
vn -2.238812 -5.640925 -0.876879
v -0.015036 -0.034272 -0.005889
vn -3.700568 -4.280758 -2.282545
v -0.014572 -0.033621 -0.008988
vn -4.048445 -4.280757 -1.585661
v -0.015942 -0.033621 -0.006244
vn -4.771723 -2.344858 -2.969467
v -0.015126 -0.032648 -0.009330
vn -2.404159 -5.640924 -0.034969
v -0.016146 -0.034272 -0.000235
vn -2.371825 -5.640922 0.394545
v -0.015929 -0.034272 0.002650
vn -4.347444 -4.280752 -0.063235
v -0.017120 -0.033621 -0.000249
vn -4.288969 -4.280752 0.713452
v -0.016889 -0.033621 0.002809
vn -5.619202 -2.339403 -0.107272
v -0.017770 -0.032648 -0.000258
vn 1.023194 -4.280754 -4.225794
v 0.004029 -0.033621 -0.016640
vn 0.565832 -5.640922 -2.336886
v 0.003800 -0.034272 -0.015695
vn 0.252810 -4.280760 -4.340541
v 0.000996 -0.033621 -0.017092
vn 0.139804 -5.640925 -2.400344
v 0.000939 -0.034272 -0.016121
vn -0.696998 -2.326135 -5.579114
v -0.002149 -0.032648 -0.017641
vn -0.525688 -4.280757 -4.316001
v -0.002070 -0.033621 -0.016996
vn -0.290708 -5.640927 -2.386771
v -0.001952 -0.034272 -0.016030
vn -5.521132 -2.339616 -1.053275
v -0.017439 -0.032648 -0.003425
vn -4.266405 -4.280751 -0.837892
v -0.016800 -0.033621 -0.003299
vn -2.359344 -5.640923 -0.463359
v -0.015845 -0.034272 -0.003112
vn -5.275386 -2.346132 1.938927
v -0.016729 -0.032648 0.005997
vn -4.092850 -4.280755 1.467238
v -0.016117 -0.033621 0.005778
vn -2.263366 -5.640929 0.811390
v -0.015201 -0.034272 0.005449
vn -2.116359 -5.667145 1.097037
v -0.013985 -0.034272 0.008074
vn -3.867314 -4.319129 2.007042
v -0.014828 -0.033621 0.008561
vn -5.027815 -2.330468 2.610707
v -0.015391 -0.032648 0.008886
vn -1.952569 -5.679397 1.300649
v -0.000994 -0.034272 0.030574
vn -3.696898 -4.359885 2.267129
v -0.001837 -0.033621 0.031061
vn -4.889135 -2.375152 2.890843
v -0.002400 -0.032648 0.031386
vn -1.907620 -5.397007 2.127995
v -0.000499 -0.034113 0.031752
vn -3.487540 -4.117412 2.869480
v -0.001319 -0.033457 0.032121
vn -4.735946 -2.261248 3.194684
v -0.001894 -0.032522 0.032306
vn -1.836722 -4.564769 3.593192
v 0.000569 -0.033081 0.034281
vn -1.599403 -3.266427 4.884533
v 0.001402 -0.031306 0.036241
vn -3.295493 -3.405734 3.856770
v -0.000206 -0.032482 0.034384
vn -3.128630 -2.396717 4.700096
v 0.000656 -0.030854 0.036129
vn -1.527243 -1.704565 5.652941
v 0.001929 -0.029036 0.037474
vn -3.036743 -1.247459 5.198473
v 0.001200 -0.028793 0.037223
vn -1.324834 -0.455185 6.057333
v 0.002110 -0.026500 0.037898
vn -2.236364 -0.397718 5.812465
v 0.001861 -0.026500 0.037819
vn -3.090570 -0.316604 5.404287
v 0.001387 -0.026500 0.037598
vn -3.892268 -0.239060 4.891022
v 0.000958 -0.026500 0.037298
vn -4.562234 -1.864190 3.691857
v -0.000804 -0.031706 0.034284
vn -4.422987 -1.300621 4.113640
v 0.000045 -0.030303 0.035820
vn -4.348660 -0.675792 4.355347
v 0.000581 -0.028507 0.036788
vn -4.584397 -0.142524 4.245312
v 0.000765 -0.026500 0.037121
vn -1.370625 -0.429230 6.101259
v 0.002110 -0.019500 0.037898
vn -2.282043 -0.360893 5.833960
v 0.001861 -0.019500 0.037819
vn -3.160617 -0.292448 5.405734
v 0.001387 -0.019500 0.037598
vn -3.939807 -0.204696 4.879868
v 0.000958 -0.019500 0.037298
vn -4.641301 -0.120716 4.206157
v 0.000765 -0.019500 0.037121
vn -3.273457 -2.209017 4.832088
v 0.002052 -0.016934 0.038567
vn -4.544341 -1.116724 4.119522
v 0.001439 -0.016410 0.038241
vn -4.501819 -0.535351 4.293914
v 0.000938 -0.017860 0.037409
vn -1.867971 -5.298634 2.644408
v 0.004603 -0.016272 0.040752
vn -1.922522 -5.718006 1.345017
v 0.005357 -0.016272 0.041574
vn -3.569771 -3.971904 3.165890
v 0.003795 -0.015619 0.041060
vn -3.694418 -4.366231 2.341480
v 0.004514 -0.015621 0.042061
vn -4.783550 -2.078367 3.351627
v 0.003214 -0.014712 0.041175
vn -4.893106 -2.341282 2.949202
v 0.003951 -0.014648 0.042386
vn -4.646656 -1.639888 3.797007
v 0.002224 -0.015311 0.039541
vn -3.402935 -3.200067 4.119335
v 0.002824 -0.016054 0.039681
vn -1.875967 -4.366817 4.030047
v 0.003594 -0.016634 0.039617
vn -3.208796 -1.065259 5.255308
v 0.001558 -0.018131 0.037848
vn -1.654631 -1.554417 5.815003
v 0.002286 -0.018361 0.038104
vn -1.779956 -3.119134 5.104609
v 0.002795 -0.017366 0.038698
vn -2.017914 -5.674632 1.255577
v 0.019213 -0.016272 0.065574
vn -3.700194 -4.330308 2.301012
v 0.018370 -0.015621 0.066061
vn -4.818316 -2.338671 2.995577
v 0.017807 -0.014648 0.066386
vn -1.485217 -2.339149 5.446359
v 0.035884 -0.014648 0.080257
vn -4.493168 -2.350499 3.413715
v 0.019971 -0.014648 0.069624
vn -3.453007 -4.303111 2.649585
v 0.020486 -0.015621 0.069228
vn -3.077625 -4.303106 3.077624
v 0.022998 -0.015621 0.072092
vn -1.898049 -5.655896 1.456426
v 0.021259 -0.016272 0.068635
vn -1.691705 -5.655901 1.691704
v 0.023686 -0.016272 0.071404
vn -1.456421 -5.655900 1.898044
v 0.026454 -0.016272 0.073831
vn -1.196217 -5.655898 2.071908
v 0.029516 -0.016272 0.075877
vn -0.915544 -5.655895 2.210324
v 0.032818 -0.016272 0.077505
vn -0.619207 -5.655897 2.310916
v 0.036305 -0.016272 0.078689
vn -2.649586 -4.303103 3.453008
v 0.025862 -0.015621 0.074603
vn -2.176211 -4.303100 3.769310
v 0.029029 -0.015621 0.076720
vn -1.665599 -4.303103 4.021116
v 0.032446 -0.015621 0.078405
vn -1.126490 -4.303105 4.204115
v 0.036053 -0.015621 0.079629
vn -4.009413 -2.339145 3.974081
v 0.022538 -0.014648 0.072552
vn -3.406076 -2.353808 4.498843
v 0.025466 -0.014648 0.075119
vn -2.823892 -2.319066 4.891122
v 0.028704 -0.014648 0.077283
vn -2.184340 -2.350495 5.202951
v 0.032197 -0.014648 0.079005
vn -0.700326 -2.353814 5.599151
v 0.039704 -0.014648 0.081017
vn -0.568104 -4.303101 4.315185
v 0.039789 -0.015621 0.080372
vn -0.312275 -5.655901 2.371964
v 0.039916 -0.016272 0.079407
vn -0.143595 -5.705635 2.325766
v 0.043590 -0.016272 0.079648
vn -0.207007 -4.296586 4.402318
v 0.043590 -0.015621 0.080621
vn -0.231358 -2.316409 5.684229
v 0.043590 -0.014648 0.081272
vn 1.800676 -3.257386 4.157022
v 0.044459 -0.015161 0.080998
vn 2.012322 -2.328922 4.589230
v 0.044606 -0.014648 0.081272
vn 1.950401 -3.691009 3.831390
v 0.044408 -0.015621 0.080621
vn 1.988768 -4.223580 3.175946
v 0.044459 -0.015999 0.080160
vn 2.083407 -4.487169 2.325151
v 0.044606 -0.016272 0.079648
vn 4.365835 2.389710 -3.709009
v 0.041684 0.014648 0.046893
vn 2.673783 2.084725 -4.626619
v 0.044698 0.014256 0.048505
vn 1.963778 2.316613 -5.411670
v 0.043994 0.014648 0.048455
vn 2.835683 2.451230 -4.502465
v 0.044513 0.014642 0.048598
vn 2.457662 2.288951 -4.604095
v 0.044634 0.014381 0.048528
vn 0.706837 5.765918 -2.163297
v 0.043475 0.016272 0.049994
vn 2.415456 4.208810 -3.223323
v 0.044348 0.015944 0.049621
vn 1.470523 4.396997 -4.131735
v 0.043786 0.015621 0.049071
vn 2.726391 3.527044 -3.799549
v 0.044293 0.015549 0.049145
vn 2.492995 3.190223 -4.198777
v 0.044387 0.014989 0.048743
vn 2.201631 4.723330 -1.691274
v 0.045012 0.016489 0.051222
vn 2.279073 4.663766 -2.189763
v 0.044608 0.016327 0.050416
vn 2.451367 4.498822 -2.706348
v 0.044564 0.016290 0.050308
vn 3.224892 2.395539 -4.734681
v 0.042733 0.014648 0.047831
vn 2.429644 4.442376 -3.592137
v 0.042369 0.015621 0.048369
vn 1.277680 5.758501 -1.889003
v 0.041823 0.016272 0.049176
vn 3.299428 4.442377 -2.814318
v 0.041189 0.015621 0.047315
vn 1.735079 5.758500 -1.479970
v 0.040449 0.016272 0.047947
vn 5.020875 2.384789 -2.747198
v 0.040924 0.014648 0.045710
vn 3.828251 4.402215 -2.081761
v 0.040334 0.015621 0.045984
vn 2.035752 5.730584 -1.105901
v 0.039452 0.016272 0.046396
vn 1.884422 5.915119 -0.540700
v 0.036509 0.016353 0.040608
vn 3.292151 5.146213 -1.320910
v 0.037267 0.015927 0.040255
vn 4.037516 4.464354 -1.750507
v 0.037592 0.015621 0.040103
vn 4.783510 3.458680 -2.056355
v 0.037869 0.015263 0.039974
vn 5.403272 1.883749 -2.425675
v 0.038255 0.014427 0.039794
vn 2.101970 4.091412 4.167982
v 0.034560 0.017730 0.038297
vn 1.917865 5.384022 2.441755
v 0.035183 0.016986 0.038997
vn 1.837424 5.928858 0.512705
v 0.035992 0.016484 0.039964
vn 4.828942 3.686323 -1.392915
v 0.037391 0.015438 0.039096
vn 5.528820 1.897453 -2.129754
v 0.037751 0.014583 0.038752
vn 3.591852 5.078791 -0.443191
v 0.036783 0.016095 0.039515
vn 3.840410 4.768495 1.108908
v 0.036037 0.016696 0.038420
vn 5.129139 3.520222 -0.253838
v 0.036658 0.016112 0.037772
vn 5.731202 1.815516 -1.577311
v 0.036966 0.015309 0.037134
vn 4.157690 3.755015 2.687568
v 0.035478 0.017554 0.037650
vn 5.468527 2.814590 0.917937
v 0.036109 0.017117 0.036811
vn 5.952403 1.462319 -0.979955
v 0.036365 0.016483 0.035903
vn 2.298545 2.186998 5.327168
v 0.034174 0.018595 0.037892
vn 4.401559 2.100212 3.837428
v 0.035141 0.018517 0.037219
vn 5.731384 1.590136 1.792639
v 0.035781 0.018283 0.036254
vn 6.122932 0.829513 -0.528766
v 0.035994 0.017929 0.035148
vn 2.406497 0.606150 5.689326
v 0.034044 0.019500 0.037762
vn 4.462019 0.562176 4.275090
v 0.035029 0.019500 0.037084
vn 5.790866 0.426037 2.166936
v 0.035672 0.019500 0.036075
vn 6.171151 0.222207 -0.285178
v 0.035870 0.019500 0.034895
vn 2.353802 0.595731 5.542799
v 0.034044 0.026500 0.037762
vn 4.321746 0.558776 4.210765
v 0.035029 0.026500 0.037084
vn 5.647047 0.440586 2.223214
v 0.035672 0.026500 0.036075
vn 6.113118 0.251347 -0.143006
v 0.035870 0.026500 0.034895
vn 2.318706 2.183081 4.990749
v 0.033865 0.029396 0.037211
vn 2.276268 4.095397 3.718504
v 0.033359 0.031860 0.035658
vn 2.103732 5.298760 1.923744
v 0.032600 0.033580 0.033330
vn 1.814877 5.875229 -0.624769
v 0.031380 0.034353 0.029608
vn 1.894388 5.778706 0.170218
v 0.031686 0.034336 0.030537
vn 3.193077 5.179437 -1.312387
v 0.032138 0.033927 0.029255
vn 3.421914 5.024718 -0.590311
v 0.032462 0.033929 0.030126
vn 4.065499 4.434079 -1.710874
v 0.032462 0.033621 0.029103
vn 4.723886 3.666608 -1.414331
v 0.033068 0.033266 0.029764
vn 5.425804 2.014204 -2.132040
v 0.033439 0.032414 0.029489
vn 5.365317 1.929489 -2.430181
v 0.033126 0.032427 0.028794
vn 4.742185 3.456903 -2.094506
v 0.032740 0.033263 0.028974
vn 5.581462 2.010017 -1.514270
v 0.034379 0.031848 0.031576
vn 4.846643 3.607151 -0.321548
v 0.034062 0.032668 0.032162
vn 3.556742 4.732046 0.878778
v 0.033443 0.033270 0.032772
vn 5.816815 1.640661 -0.811714
v 0.035162 0.030554 0.033317
vn 5.180414 2.910151 0.941238
v 0.034901 0.031214 0.034197
vn 3.868420 3.750951 2.516603
v 0.034270 0.031671 0.035016
vn 6.000904 0.937457 -0.276531
v 0.035684 0.028692 0.034482
vn 5.442809 1.648459 1.882777
v 0.035469 0.029065 0.035579
vn 4.115998 2.098958 3.701696
v 0.034829 0.029312 0.036538
vn 5.022183 2.329328 -2.623381
v 0.016107 0.032648 -0.007511
vn 2.110804 5.667732 -1.107512
v 0.014635 0.034272 -0.006824
vn 3.860798 4.319525 -2.020789
v 0.015517 0.033621 -0.007236
vn 1.962872 5.640923 -1.388647
v 0.013183 0.034272 -0.009326
vn 3.549464 4.280750 -2.511093
v 0.013977 0.033621 -0.009888
vn 4.614113 2.346144 -3.209220
v 0.014508 0.032648 -0.010264
vn 3.135169 2.339400 -4.664508
v 0.009981 0.032648 -0.014704
vn 3.911287 2.333364 -4.039065
v 0.012444 0.032648 -0.012688
vn 2.303996 2.339619 -5.126778
v 0.007197 0.032648 -0.016249
vn 1.307965 2.315542 -5.470385
v 0.004182 0.032648 -0.017273
vn 0.304511 2.344867 -5.611983
v 0.001033 0.032648 -0.017742
vn -0.696998 2.326138 -5.579113
v -0.002149 0.032648 -0.017641
vn -1.622204 2.347510 -5.380811
v -0.005262 0.032648 -0.016975
vn -2.623143 2.327726 -4.973889
v -0.008206 0.032648 -0.015764
vn -3.466045 2.341455 -4.424006
v -0.010887 0.032648 -0.014047
vn -4.170365 2.326143 -3.771002
v -0.013218 0.032648 -0.011879
vn -4.764921 2.349396 -2.980669
v -0.015126 0.032648 -0.009330
vn -5.242177 2.351387 -2.027025
v -0.016548 0.032648 -0.006481
vn -5.521131 2.339616 -1.053275
v -0.017439 0.032648 -0.003425
vn -5.618712 2.345924 -0.120820
v -0.017770 0.032648 -0.000258
vn -5.543791 2.321759 0.945939
v -0.017531 0.032648 0.002916
vn -5.280134 2.340798 1.925730
v -0.016729 0.032648 0.005997
vn -5.027815 2.330469 2.610708
v -0.015391 0.032648 0.008886
vn 3.044473 4.280757 -3.104094
v 0.011989 0.033621 -0.012223
vn 2.441789 4.280756 -3.597486
v 0.009615 0.033621 -0.014166
vn 1.760745 4.280756 -3.975427
v 0.006934 0.033621 -0.015655
vn 1.023196 4.280755 -4.225793
v 0.004029 0.033621 -0.016640
vn 0.252808 4.280760 -4.340543
v 0.000996 0.033621 -0.017092
vn -0.525690 4.280755 -4.316002
v -0.002070 0.033621 -0.016996
vn -1.287320 4.280745 -4.152961
v -0.005069 0.033621 -0.016354
vn -2.007638 4.280757 -3.856630
v -0.007906 0.033621 -0.015187
vn -2.663528 4.280745 -3.436554
v -0.010489 0.033621 -0.013533
vn -3.233939 4.280747 -2.906181
v -0.012735 0.033621 -0.011444
vn -3.700568 4.280759 -2.282542
v -0.014572 0.033621 -0.008988
vn -4.048445 4.280757 -1.585661
v -0.015942 0.033621 -0.006244
vn -4.266405 4.280750 -0.837894
v -0.016800 0.033621 -0.003299
vn -4.347443 4.280751 -0.063234
v -0.017120 0.033621 -0.000249
vn -4.288970 4.280751 0.713451
v -0.016889 0.033621 0.002809
vn -4.092850 4.280754 1.467241
v -0.016117 0.033621 0.005778
vn -3.867314 4.319128 2.007040
v -0.014828 0.033621 0.008561
vn 1.683609 5.640927 -1.716581
v 0.011307 0.034272 -0.011529
vn 1.350325 5.640923 -1.989431
v 0.009069 0.034272 -0.013361
vn 0.973702 5.640924 -2.198434
v 0.006539 0.034272 -0.014765
vn 0.565832 5.640923 -2.336886
v 0.003800 0.034272 -0.015695
vn 0.139804 5.640926 -2.400343
v 0.000939 0.034272 -0.016121
vn -0.290709 5.640927 -2.386771
v -0.001952 0.034272 -0.016030
vn -0.711895 5.640925 -2.296605
v -0.004781 0.034272 -0.015424
vn -1.110233 5.640929 -2.132735
v -0.007456 0.034272 -0.014323
vn -1.472943 5.640924 -1.900430
v -0.009892 0.034272 -0.012763
vn -1.788383 5.640930 -1.607128
v -0.012011 0.034272 -0.010794
vn -2.046435 5.640925 -1.262262
v -0.013744 0.034272 -0.008477
vn -2.238813 5.640925 -0.876879
v -0.015036 0.034272 -0.005889
vn -2.359344 5.640922 -0.463360
v -0.015845 0.034272 -0.003112
vn -2.404158 5.640924 -0.034968
v -0.016146 0.034272 -0.000235
vn -2.371824 5.640923 0.394543
v -0.015929 0.034272 0.002650
vn -2.263366 5.640929 0.811392
v -0.015201 0.034272 0.005449
vn -2.116361 5.667145 1.097037
v -0.013985 0.034272 0.008074
vn -1.709353 5.602417 1.598692
v -0.000994 0.034272 0.030574
vn -3.490711 4.342119 2.479657
v -0.001837 0.033621 0.031061
vn -4.769635 2.408269 3.006675
v -0.002400 0.032648 0.031386
vn -1.890693 4.956828 2.849221
v 0.000158 0.033603 0.033311
vn -1.345748 0.129489 6.102731
v 0.002110 0.026500 0.037898
vn -3.913736 0.106813 4.891354
v 0.000958 0.026500 0.037298
vn -3.120291 0.087559 5.419059
v 0.001387 0.026500 0.037598
vn -3.058949 0.664724 5.340236
v 0.001372 0.027150 0.037569
vn -2.267835 0.143031 5.836142
v 0.001861 0.026500 0.037819
vn -4.381307 0.369952 4.387489
v 0.000751 0.027069 0.037095
vn -4.607090 0.038751 4.233596
v 0.000765 0.026500 0.037121
vn -1.549729 0.850578 5.902522
v 0.002096 0.027219 0.037865
vn -1.687248 2.276101 5.404274
v 0.001800 0.029784 0.037173
vn -1.811131 3.743649 4.452152
v 0.001132 0.032022 0.035606
vn -3.037862 1.633605 5.057235
v 0.001067 0.029471 0.036956
vn -3.149956 2.799025 4.400661
v 0.000377 0.031508 0.035564
vn -3.341743 3.742021 3.386754
v -0.000633 0.032968 0.033518
vn -4.344523 0.892245 4.300885
v 0.000450 0.029099 0.036552
vn -4.442542 1.541217 3.975004
v -0.000231 0.030869 0.035322
vn -4.605639 2.087246 3.459669
v -0.001223 0.032118 0.033525
vn -1.373565 0.249480 6.110749
v 0.002110 0.019500 0.037898
vn -2.280594 0.175204 5.843718
v 0.001861 0.019500 0.037819
vn -3.173571 0.130418 5.399111
v 0.001387 0.019500 0.037598
vn -3.908242 0.062890 4.905118
v 0.000958 0.019500 0.037298
vn -4.629620 0.070323 4.217166
v 0.000765 0.019500 0.037121
vn -3.230108 0.756763 5.299516
v 0.001441 0.018718 0.037678
vn -4.488183 0.373760 4.325488
v 0.000821 0.018565 0.037213
vn -1.608817 1.061821 5.941493
v 0.002166 0.018850 0.037964
vn -4.539493 0.893288 4.191176
v 0.001200 0.016963 0.037843
vn -4.629074 1.439804 3.917866
v 0.001912 0.015656 0.039025
vn -4.776360 1.916751 3.490803
v 0.002874 0.014845 0.040615
vn -4.862749 2.309080 3.048207
v 0.003951 0.014648 0.042386
vn -3.270261 1.792512 5.012466
v 0.001816 0.017387 0.038224
vn -3.384474 2.855367 4.397321
v 0.002518 0.016326 0.039241
vn -3.574784 3.741496 3.468513
v 0.003463 0.015706 0.040590
vn -3.624413 4.343658 2.540073
v 0.004514 0.015621 0.042061
vn -1.687639 2.623310 5.403208
v 0.002552 0.017743 0.038415
vn -1.795146 3.992711 4.439331
v 0.003277 0.016860 0.039254
vn -1.913266 5.104957 3.008363
v 0.004256 0.016344 0.040366
vn -1.816485 5.707705 1.634775
v 0.005357 0.016272 0.041574
vn -2.017913 5.674631 1.255577
v 0.019213 0.016272 0.065574
vn -3.700193 4.330309 2.301011
v 0.018370 0.015621 0.066061
vn -4.818316 2.338670 2.995577
v 0.017807 0.014648 0.066386
vn -3.974078 2.339146 4.009414
v 0.022538 0.014648 0.072552
vn -0.709783 2.350495 5.598063
v 0.039704 0.014648 0.081017
vn -0.568106 4.303102 4.315184
v 0.039789 0.015621 0.080372
vn -1.126490 4.303105 4.204117
v 0.036053 0.015621 0.079629
vn -0.312274 5.655901 2.371964
v 0.039916 0.016272 0.079407
vn -0.619207 5.655899 2.310915
v 0.036305 0.016272 0.078689
vn -0.915545 5.655895 2.210324
v 0.032818 0.016272 0.077505
vn -1.196217 5.655898 2.071908
v 0.029516 0.016272 0.075877
vn -1.456422 5.655899 1.898044
v 0.026454 0.016272 0.073831
vn -1.691704 5.655901 1.691705
v 0.023686 0.016272 0.071404
vn -1.665599 4.303104 4.021116
v 0.032446 0.015621 0.078405
vn -2.176212 4.303101 3.769310
v 0.029029 0.015621 0.076720
vn -2.649586 4.303103 3.453008
v 0.025862 0.015621 0.074603
vn -3.077625 4.303104 3.077625
v 0.022998 0.015621 0.072092
vn -1.436946 2.339148 5.459292
v 0.035884 0.014648 0.080257
vn -2.193073 2.353812 5.199169
v 0.032197 0.014648 0.079005
vn -2.823890 2.319065 4.891122
v 0.028704 0.014648 0.077283
vn -3.413719 2.350491 4.493172
v 0.025466 0.014648 0.075119
vn -0.124673 5.688295 2.353088
v 0.043590 0.016272 0.079648
vn -0.207008 4.377679 4.321225
v 0.043590 0.015621 0.080621
vn -0.250283 2.289082 5.701571
v 0.043590 0.014648 0.081272
vn -4.498837 2.353817 3.406073
v 0.019971 0.014648 0.069624
vn -3.453007 4.303109 2.649585
v 0.020486 0.015621 0.069228
vn -1.898049 5.655896 1.456424
v 0.021259 0.016272 0.068635
vn 1.800670 4.157029 3.257367
v 0.044459 0.015998 0.080161
vn 2.012323 4.589242 2.328922
v 0.044606 0.016272 0.079648
vn 1.950402 3.831410 3.690992
v 0.044408 0.015621 0.080621
vn 1.988764 3.175954 4.223563
v 0.044459 0.015160 0.080999
vn 2.083418 2.325141 4.487154
v 0.044606 0.014648 0.081272
vn 0.108721 0.006050 0.055369
v 0.050000 -0.000000 0.081500
vn -0.981961 0.518814 2.217801
v 0.050000 0.003563 0.081111
vn -0.995857 1.004916 2.055388
v 0.050000 0.007099 0.079895
vn 4.493284 3.107173 3.096184
v 0.045181 0.015075 0.080075
vn -1.016869 1.448906 1.793043
v 0.050000 0.010270 0.077914
vn -1.028067 1.805893 1.448438
v 0.050000 0.012914 0.075270
vn -1.013921 2.062794 1.025344
v 0.050000 0.014895 0.072099
vn -1.008458 2.231113 0.563679
v 0.050000 0.016111 0.068563
vn -1.020393 1.440444 -1.803202
v 0.050000 0.010270 0.052086
vn -1.013925 1.025345 -2.062797
v 0.050000 0.007099 0.050105
vn -3.141816 -0.000004 -0.110716
v 0.050000 0.000000 0.048500
vn -1.008280 0.563947 -2.230888
v 0.050000 0.003563 0.048889
vn -0.982303 2.218106 -0.518871
v 0.050000 0.016111 0.061437
vn -0.995744 2.055283 -1.004872
v 0.050000 0.014895 0.057901
vn -1.019193 1.795286 -1.450001
v 0.050000 0.012914 0.054730
vn 4.491477 3.135143 -3.071962
v 0.044903 0.015510 0.049970
vn 4.490300 -3.097919 3.110020
v 0.045181 -0.015075 0.080075
vn -1.027567 -1.441228 1.811216
v 0.050000 -0.010218 0.077955
vn -1.013298 -1.019504 2.065165
v 0.050000 -0.007059 0.079914
vn -1.016594 -1.785317 1.458127
v 0.050000 -0.012859 0.075340
vn -3.250536 -0.005972 0.054999
v 0.050000 -0.000000 0.081500
vn -1.007714 -0.560450 2.231297
v 0.050000 -0.003542 0.081115
vn -0.983125 -2.214965 0.534882
v 0.050000 -0.016081 0.068693
vn -0.995952 -2.048999 1.018060
v 0.050000 -0.014847 0.072199
vn -0.981955 -0.518812 -2.217796
v 0.050000 -0.003563 0.048889
vn -1.018930 -1.450626 -1.794483
v 0.050000 -0.010270 0.052086
vn -0.994915 -1.003687 -2.055015
v 0.050000 -0.007099 0.050105
vn 4.492836 -3.086900 -3.117608
v 0.045167 -0.015075 0.049905
vn -1.020515 -1.803596 -1.440041
v 0.050000 -0.012914 0.054730
vn -1.013926 -2.062798 -1.025346
v 0.050000 -0.014895 0.057901
vn -1.008256 -2.230858 -0.563984
v 0.050000 -0.016111 0.061437
vn 0.408158 -6.221865 0.463825
v 0.106100 -0.037928 0.067339
vn -0.408156 -6.221865 0.463825
v 0.056000 -0.037928 0.067339
vn 0.495622 -6.231502 -0.000000
v 0.106100 -0.038000 0.065000
vn -0.631956 -6.203071 -0.058279
v 0.056000 -0.038000 0.065000
vn 0.408158 -6.221865 -0.463826
v 0.106100 -0.037928 0.062661
vn -0.437080 -6.218695 -0.425883
v 0.056000 -0.037928 0.062661
vn 0.428575 -6.174466 -0.918790
v 0.106100 -0.037423 0.058401
vn -0.428573 -6.174470 -0.918791
v 0.056000 -0.037423 0.058401
vn 0.408543 -6.103149 -1.319943
v 0.106100 -0.037353 0.058018
vn -0.408541 -6.103147 -1.319943
v 0.056000 -0.037353 0.058018
vn 0.408243 -5.984337 -1.769529
v 0.106100 -0.036212 0.053480
vn -0.408242 -5.984335 -1.769528
v 0.056000 -0.036212 0.053480
vn 0.483151 -5.832293 -2.200626
v 0.106100 -0.035708 0.052003
vn -0.547089 -5.807354 -2.231441
v 0.056000 -0.035708 0.052003
vn 0.422631 -5.650833 -2.638087
v 0.106100 -0.034522 0.049118
vn -0.427453 -5.668359 -2.597842
v 0.056000 -0.034522 0.049118
vn 0.506559 -5.460378 -2.997513
v 0.106100 -0.032909 0.046000
vn -0.468360 -5.453611 -3.024480
v 0.056000 -0.032909 0.046000
vn 0.408342 -5.229675 -3.407382
v 0.106100 -0.032308 0.044996
vn -0.408341 -5.229674 -3.407383
v 0.056000 -0.032308 0.044996
vn 0.408449 -4.962525 -3.787979
v 0.106100 -0.029605 0.041177
vn -0.408448 -4.962525 -3.787978
v 0.056000 -0.029605 0.041177
vn 0.449440 -4.688857 -4.116097
v 0.106100 -0.029110 0.040574
vn -0.449437 -4.688858 -4.116098
v 0.056000 -0.029110 0.040574
vn 0.432273 -4.351791 -4.464119
v 0.106100 -0.026453 0.037719
vn -0.408180 -4.377566 -4.445628
v 0.056000 -0.026453 0.037719
vn 0.589151 -4.058309 -4.704031
v 0.106100 -0.024426 0.035890
vn -0.492455 -4.034157 -4.750164
v 0.056000 -0.024426 0.035890
vn 0.408131 -3.670023 -5.045565
v 0.106100 -0.022900 0.034675
vn -0.408129 -3.670024 -5.045566
v 0.056000 -0.022900 0.034675
vn 0.407204 -3.114319 -5.394161
v 0.106100 -0.019000 0.032091
vn -0.407202 -3.114320 -5.394160
v 0.056000 -0.019000 0.032091
vn 0.408125 -2.534579 -5.701117
v 0.106100 -0.014812 0.030006
vn -0.408123 -2.534578 -5.701117
v 0.056000 -0.014812 0.030006
vn 0.492454 -2.096684 -5.868765
v 0.106100 -0.012997 0.029292
vn -0.589144 -2.044657 -5.866616
v 0.056000 -0.012997 0.029292
vn 0.408179 -1.661243 -6.013898
v 0.106100 -0.010399 0.028451
vn -0.432268 -1.690145 -6.000822
v 0.056000 -0.010399 0.028451
vn 0.449436 -1.220224 -6.118718
v 0.106100 -0.006599 0.027577
vn -0.449434 -1.220224 -6.118718
v 0.056000 -0.006599 0.027577
vn 0.408448 -0.799229 -6.191660
v 0.106100 -0.005829 0.027450
vn -0.408446 -0.799229 -6.191662
v 0.056000 -0.005829 0.027450
vn 0.408344 -0.336040 -6.232722
v 0.106100 -0.001170 0.027018
vn -0.408342 -0.336039 -6.232722
v 0.056000 -0.001170 0.027018
vn 0.468364 0.107530 -6.235206
v 0.106100 0.000000 0.027000
vn -0.506557 0.134266 -6.227583
v 0.056000 0.000000 0.027000
vn 0.427458 0.584380 -6.207863
v 0.106100 0.003506 0.027162
vn -0.422633 0.540766 -6.212808
v 0.056000 0.003506 0.027162
vn 0.547085 0.971198 -6.145036
v 0.106100 0.006599 0.027577
vn -0.483146 1.010352 -6.151227
v 0.056000 0.006599 0.027577
vn 0.408235 1.459717 -6.067351
v 0.106100 0.008129 0.027880
vn -0.408233 1.459718 -6.067353
v 0.056000 0.008129 0.027880
vn 0.408537 1.908446 -5.945462
v 0.106100 0.012629 0.029160
vn -0.408536 1.908444 -5.945458
v 0.056000 0.012629 0.029160
vn 0.428573 2.291512 -5.806644
v 0.106100 0.012997 0.029292
vn -0.428571 2.291515 -5.806650
v 0.056000 0.012997 0.029292
vn 0.437084 2.740524 -5.598489
v 0.106100 0.016938 0.030984
vn -0.408158 2.709251 -5.620206
v 0.056000 0.016938 0.030984
vn 0.631957 3.051069 -5.401155
v 0.106100 0.019000 0.032091
vn -0.495620 3.115754 -5.396638
v 0.056000 0.019000 0.032091
vn 0.408164 3.512615 -5.156381
v 0.106100 0.020990 0.033323
vn -0.408162 3.512616 -5.156382
v 0.056000 0.020990 0.033323
vn 0.428576 3.882939 -4.887842
v 0.106100 0.024426 0.035890
vn -0.428574 3.882936 -4.887838
v 0.056000 0.024426 0.035890
vn 0.408542 4.194684 -4.625497
v 0.106100 0.024723 0.036143
vn -0.408540 4.194688 -4.625501
v 0.056000 0.024723 0.036143
vn 0.408241 4.524624 -4.297825
v 0.106100 0.028082 0.039400
vn -0.408240 4.524623 -4.297824
v 0.056000 0.028082 0.039400
vn 0.483150 4.821945 -3.950600
v 0.106100 0.029110 0.040574
vn -0.547087 4.836163 -3.913596
v 0.056000 0.029110 0.040574
vn 0.422632 5.110067 -3.574721
v 0.106100 0.031015 0.043045
vn -0.427453 5.083977 -3.610022
v 0.056000 0.031015 0.043045
vn 0.506564 5.326108 -3.230073
v 0.106100 0.032909 0.046000
vn -0.468364 5.346080 -3.210730
v 0.056000 0.032909 0.046000
vn 0.408349 5.565714 -2.825342
v 0.106100 0.033478 0.047022
vn -0.408347 5.565714 -2.825343
v 0.056000 0.033478 0.047022
vn 0.408445 5.761750 -2.403684
v 0.106100 0.035434 0.051273
vn -0.408442 5.761745 -2.403682
v 0.056000 0.035434 0.051273
vn 0.449435 5.909070 -2.002619
v 0.106100 0.035708 0.052003
vn -0.449433 5.909075 -2.002621
v 0.056000 0.035708 0.052003
vn 0.432273 6.041936 -1.536702
v 0.106100 0.036852 0.055731
vn -0.408181 6.038810 -1.568269
v 0.056000 0.036852 0.055731
vn 0.589147 6.102966 -1.162580
v 0.106100 0.037423 0.058401
vn -0.492453 6.130842 -1.118599
v 0.056000 0.037423 0.058401
vn 0.408126 6.204599 -0.655550
v 0.106100 0.037712 0.060330
vn -0.408124 6.204602 -0.655550
v 0.056000 0.037712 0.060330
vn 0.407201 6.228640 -0.000000
v 0.106100 0.038000 0.065000
vn -0.407199 6.228640 -0.000000
v 0.056000 0.038000 0.065000
vn 0.408126 6.204601 0.655549
v 0.106100 0.037712 0.069670
vn -0.408124 6.204600 0.655549
v 0.056000 0.037712 0.069670
vn 0.492456 6.130842 1.118599
v 0.106100 0.037423 0.071599
vn -0.589146 6.102966 1.162580
v 0.056000 0.037423 0.071599
vn 0.408183 6.038810 1.568269
v 0.106100 0.036852 0.074269
vn -0.432271 6.041937 1.536702
v 0.056000 0.036852 0.074269
vn 0.449437 5.909075 2.002621
v 0.106100 0.035708 0.077997
vn -0.449435 5.909070 2.002619
v 0.056000 0.035708 0.077997
vn 0.408447 5.761744 2.403682
v 0.106100 0.035434 0.078727
vn -0.408446 5.761750 2.403684
v 0.056000 0.035434 0.078727
vn 0.408352 5.565711 2.825347
v 0.106100 0.033478 0.082978
vn -0.408351 5.565711 2.825346
v 0.056000 0.033478 0.082978
vn 0.468366 5.346078 3.210732
v 0.106100 0.032909 0.084000
vn -0.506563 5.326107 3.230077
v 0.056000 0.032909 0.084000
vn 0.427451 5.083977 3.610022
v 0.106100 0.031015 0.086955
vn -0.422626 5.110069 3.574721
v 0.056000 0.031015 0.086955
vn 0.547091 4.836164 3.913592
v 0.106100 0.029110 0.089426
vn -0.483148 4.821948 3.950598
v 0.056000 0.029110 0.089426
vn 0.408247 4.524624 4.297821
v 0.106100 0.028082 0.090600
vn -0.408244 4.524626 4.297822
v 0.056000 0.028082 0.090600
vn 0.408543 4.194705 4.625488
v 0.106100 0.024723 0.093857
vn -0.408540 4.194701 4.625484
v 0.056000 0.024723 0.093857
vn 0.428580 3.882950 4.887823
v 0.106100 0.024426 0.094110
vn -0.428578 3.882954 4.887828
v 0.056000 0.024426 0.094110
vn 0.437093 3.478173 5.172606
v 0.106100 0.020990 0.096677
vn -0.408168 3.512615 5.156381
v 0.056000 0.020990 0.096677
vn 0.631955 3.152003 5.342880
v 0.106100 0.019000 0.097909
vn -0.631967 3.051060 5.401157
v 0.056000 0.019000 0.097909
vn 0.408154 2.709248 5.620209
v 0.106100 0.016938 0.099016
vn -0.437078 2.740524 5.598492
v 0.056000 0.016938 0.099016
vn 0.428573 2.291516 5.806648
v 0.106100 0.012997 0.100708
vn -0.428571 2.291514 5.806644
v 0.056000 0.012997 0.100708
vn 0.408537 1.908444 5.945457
v 0.106100 0.012629 0.100840
vn -0.408536 1.908445 5.945463
v 0.056000 0.012629 0.100840
vn 0.408241 1.459709 6.067353
v 0.106100 0.008129 0.102120
vn -0.408240 1.459710 6.067351
v 0.056000 0.008129 0.102120
vn 0.483148 1.010348 6.151227
v 0.106100 0.006599 0.102423
vn -0.547084 0.971192 6.145038
v 0.056000 0.006599 0.102423
vn 0.422629 0.540768 6.212809
v 0.106100 0.003506 0.102838
vn -0.427450 0.584385 6.207864
v 0.056000 0.003506 0.102838
vn 0.506561 0.134270 6.227582
v 0.106100 -0.000000 0.103000
vn -0.468361 0.107532 6.235206
v 0.056000 -0.000000 0.103000
vn 0.408344 -0.336039 6.232722
v 0.106100 -0.001170 0.102982
vn -0.408343 -0.336041 6.232722
v 0.056000 -0.001170 0.102982
vn 0.408454 -0.799245 6.191658
v 0.106100 -0.005829 0.102550
vn -0.408453 -0.799243 6.191656
v 0.056000 -0.005829 0.102550
vn 0.449437 -1.220235 6.118716
v 0.106100 -0.006599 0.102423
vn -0.449435 -1.220235 6.118718
v 0.056000 -0.006599 0.102423
vn 0.432264 -1.690143 6.000824
v 0.106100 -0.010399 0.101549
vn -0.408170 -1.661240 6.013901
v 0.056000 -0.010399 0.101549
vn 0.589149 -2.044655 5.866614
v 0.106100 -0.012997 0.100708
vn -0.492449 -2.096685 5.868764
v 0.056000 -0.012997 0.100708
vn 0.408118 -2.534580 5.701117
v 0.106100 -0.014812 0.099994
vn -0.408117 -2.534583 5.701118
v 0.056000 -0.014812 0.099994
vn 0.407203 -3.114318 5.394162
v 0.106100 -0.019000 0.097909
vn -0.407202 -3.114316 5.394162
v 0.056000 -0.019000 0.097909
vn 0.408131 -3.670023 5.045566
v 0.106100 -0.022900 0.095325
vn -0.408129 -3.670023 5.045566
v 0.056000 -0.022900 0.095325
vn 0.492460 -4.034158 4.750163
v 0.106100 -0.024426 0.094110
vn -0.589148 -4.058310 4.704032
v 0.056000 -0.024426 0.094110
vn 0.408187 -4.377567 4.445626
v 0.106100 -0.026453 0.092281
vn -0.432275 -4.351792 4.464117
v 0.056000 -0.026453 0.092281
vn 0.449440 -4.688858 4.116097
v 0.106100 -0.029110 0.089426
vn -0.449438 -4.688858 4.116097
v 0.056000 -0.029110 0.089426
vn 0.408450 -4.962525 3.787978
v 0.106100 -0.029605 0.088823
vn -0.408447 -4.962526 3.787979
v 0.056000 -0.029605 0.088823
vn 0.408343 -5.229674 3.407382
v 0.106100 -0.032308 0.085004
vn -0.408340 -5.229675 3.407382
v 0.056000 -0.032308 0.085004
vn 0.468362 -5.453611 3.024481
v 0.106100 -0.032909 0.084000
vn -0.506556 -5.460378 2.997515
v 0.056000 -0.032909 0.084000
vn 0.427455 -5.668358 2.597843
v 0.106100 -0.034522 0.080882
vn -0.422629 -5.650832 2.638088
v 0.056000 -0.034522 0.080882
vn 0.547093 -5.807354 2.231439
v 0.106100 -0.035708 0.077997
vn -0.483150 -5.832294 2.200624
v 0.056000 -0.035708 0.077997
vn 0.408244 -5.984336 1.769525
v 0.106100 -0.036212 0.076520
vn -0.408242 -5.984338 1.769527
v 0.056000 -0.036212 0.076520
vn 0.408543 -6.103146 1.319949
v 0.106100 -0.037353 0.071982
vn -0.408541 -6.103148 1.319949
v 0.056000 -0.037353 0.071982
vn 0.428576 -6.174469 0.918796
v 0.106100 -0.037423 0.071599
vn -0.428574 -6.174466 0.918795
v 0.056000 -0.037423 0.071599
vn 6.254104 0.413121 -0.103904
v 0.112100 0.031034 0.057195
vn 6.254104 0.422758 -0.052349
v 0.112100 0.031757 0.061068
vn 6.283205 0.000000 0.000000
v 0.112100 0.000000 0.065000
vn 6.254104 0.425987 -0.000000
v 0.112100 0.032000 0.065000
vn 6.254104 0.422758 0.052349
v 0.112100 0.031757 0.068932
vn 6.254104 0.347690 -0.246124
v 0.112100 0.026118 0.046511
vn 6.254104 0.375300 -0.201532
v 0.112100 0.028192 0.049861
vn 6.254104 0.397222 -0.153884
v 0.112100 0.029839 0.053440
vn 6.254104 0.235300 -0.355104
v 0.112100 0.017676 0.038325
vn 6.254104 0.277155 -0.323497
v 0.112100 0.020820 0.040699
vn 6.254104 0.314808 -0.286986
v 0.112100 0.023648 0.043442
vn 6.254104 0.091133 -0.416125
v 0.112100 0.006846 0.033741
vn 6.254104 0.141579 -0.401771
v 0.112100 0.010635 0.034819
vn 6.254104 0.189879 -0.381327
v 0.112100 0.014264 0.036355
vn 6.254104 -0.065343 -0.420946
v 0.112100 -0.004909 0.033379
vn 6.254104 -0.013118 -0.425786
v 0.112100 -0.000985 0.033015
vn 6.254104 0.039305 -0.424170
v 0.112100 0.002953 0.033137
vn 6.254104 -0.212994 -0.368916
v 0.112100 -0.016000 0.037287
vn 6.254104 -0.166043 -0.392293
v 0.112100 -0.012473 0.035531
vn 6.254104 -0.116577 -0.409726
v 0.112100 -0.008757 0.034222
vn 6.254104 -0.331879 -0.267062
v 0.112100 -0.024931 0.044938
vn 6.254104 -0.296544 -0.305821
v 0.112100 -0.022276 0.042027
vn 6.254104 -0.256715 -0.339945
v 0.112100 -0.019284 0.039463
vn 6.254104 -0.405941 -0.129139
v 0.112100 -0.030494 0.055299
vn 6.254104 -0.386995 -0.178046
v 0.112100 -0.029071 0.051625
vn 6.254104 -0.362181 -0.224253
v 0.112100 -0.027207 0.048154
vn 6.254104 -0.425179 0.026224
v 0.112100 -0.031939 0.066970
vn 6.254104 -0.425179 -0.026224
v 0.112100 -0.031939 0.063030
vn 6.254104 -0.418734 -0.078275
v 0.112100 -0.031455 0.059120
vn 6.254104 -0.386995 0.178046
v 0.112100 -0.029071 0.078375
vn 6.254104 -0.405941 0.129139
v 0.112100 -0.030494 0.074701
vn 6.254104 -0.418735 0.078275
v 0.112100 -0.031455 0.070880
vn 6.254103 -0.296544 0.305822
v 0.112100 -0.022276 0.087973
vn 6.254104 -0.331879 0.267062
v 0.112100 -0.024931 0.085062
vn 6.254104 -0.362181 0.224253
v 0.112100 -0.027207 0.081846
vn 6.254104 -0.166043 0.392292
v 0.112100 -0.012473 0.094469
vn 6.254104 -0.212993 0.368915
v 0.112100 -0.016000 0.092713
vn 6.254104 -0.256714 0.339945
v 0.112100 -0.019284 0.090537
vn 6.254104 -0.013118 0.425787
v 0.112100 -0.000985 0.096985
vn 6.254104 -0.065343 0.420946
v 0.112100 -0.004909 0.096621
vn 6.254104 -0.116577 0.409725
v 0.112100 -0.008757 0.095778
vn 6.254104 0.141579 0.401772
v 0.112100 0.010635 0.095181
vn 6.254104 0.091133 0.416125
v 0.112100 0.006846 0.096259
vn 6.254104 0.039305 0.424171
v 0.112100 0.002953 0.096863
vn 6.254104 0.277156 0.323497
v 0.112100 0.020820 0.089301
vn 6.254104 0.235300 0.355103
v 0.112100 0.017676 0.091675
vn 6.254104 0.189879 0.381327
v 0.112100 0.014264 0.093645
vn 6.254104 0.375300 0.201532
v 0.112100 0.028192 0.080139
vn 6.254104 0.347689 0.246124
v 0.112100 0.026118 0.083489
vn 6.254104 0.314808 0.286985
v 0.112100 0.023648 0.086558
vn 6.254104 0.413121 0.103904
v 0.112100 0.031034 0.072805
vn 6.254104 0.397221 0.153884
v 0.112100 0.029839 0.076560
vn -6.254104 -0.425179 -0.026224
v 0.050000 -0.031939 0.063030
vn -6.254105 -0.425179 0.026224
v 0.050000 -0.031939 0.066970
vn -6.254104 -0.405941 -0.129139
v 0.050000 -0.030494 0.055299
vn -6.254104 -0.418734 -0.078275
v 0.050000 -0.031455 0.059120
vn -6.254104 -0.362181 -0.224253
v 0.050000 -0.027207 0.048154
vn -6.254104 -0.386995 -0.178046
v 0.050000 -0.029071 0.051625
vn -6.254104 -0.296544 -0.305821
v 0.050000 -0.022276 0.042027
vn -6.254104 -0.331878 -0.267062
v 0.050000 -0.024931 0.044938
vn -6.254104 -0.212994 -0.368916
v 0.050000 -0.016000 0.037287
vn -6.254104 -0.256715 -0.339945
v 0.050000 -0.019284 0.039463
vn -6.254104 0.235300 -0.355104
v 0.050000 0.017676 0.038325
vn -6.254104 -0.065343 -0.420946
v 0.050000 -0.004909 0.033379
vn -6.254104 -0.116577 -0.409726
v 0.050000 -0.008757 0.034222
vn -6.254104 -0.166044 -0.392293
v 0.050000 -0.012473 0.035531
vn -6.254103 0.039305 -0.424170
v 0.050000 0.002953 0.033137
vn -6.254105 -0.013118 -0.425786
v 0.050000 -0.000985 0.033015
vn -6.254104 0.189878 -0.381327
v 0.050000 0.014264 0.036355
vn -6.254104 0.141579 -0.401772
v 0.050000 0.010635 0.034819
vn -6.254104 0.091133 -0.416125
v 0.050000 0.006846 0.033741
vn -6.254104 0.314808 -0.286986
v 0.050000 0.023648 0.043442
vn -6.254104 0.277155 -0.323497
v 0.050000 0.020820 0.040699
vn -6.254104 0.397222 -0.153884
v 0.050000 0.029839 0.053440
vn -6.254104 0.375300 -0.201532
v 0.050000 0.028192 0.049861
vn -6.254104 0.347690 -0.246124
v 0.050000 0.026118 0.046511
vn -6.254104 0.314808 0.286985
v 0.050000 0.023648 0.086558
vn -6.254104 0.347689 0.246124
v 0.050000 0.026118 0.083489
vn -6.254104 0.422758 -0.052349
v 0.050000 0.031757 0.061068
vn -6.254104 0.413121 -0.103904
v 0.050000 0.031034 0.057195
vn -6.254104 0.375300 0.201532
v 0.050000 0.028192 0.080139
vn -6.254104 0.397221 0.153884
v 0.050000 0.029839 0.076560
vn -6.254104 0.235300 0.355103
v 0.050000 0.017676 0.091675
vn -6.254104 0.277155 0.323498
v 0.050000 0.020820 0.089301
vn -6.254104 0.413121 0.103904
v 0.050000 0.031034 0.072805
vn -6.254103 0.422758 0.052349
v 0.050000 0.031757 0.068932
vn -6.254104 0.425987 0.000000
v 0.050000 0.032000 0.065000
vn -6.254104 -0.212993 0.368915
v 0.050000 -0.016000 0.092713
vn -6.254104 -0.166043 0.392292
v 0.050000 -0.012473 0.094469
vn -6.254105 0.141579 0.401772
v 0.050000 0.010635 0.095181
vn -6.254104 0.189879 0.381327
v 0.050000 0.014264 0.093645
vn -6.254104 -0.296544 0.305822
v 0.050000 -0.022276 0.087973
vn -6.254104 -0.256714 0.339945
v 0.050000 -0.019284 0.090537
vn -6.254104 -0.362181 0.224253
v 0.050000 -0.027207 0.081846
vn -6.254104 -0.331879 0.267062
v 0.050000 -0.024931 0.085062
vn -6.254104 -0.418735 0.078275
v 0.050000 -0.031455 0.070880
vn -6.254104 -0.405941 0.129139
v 0.050000 -0.030494 0.074701
vn -6.254104 -0.386995 0.178046
v 0.050000 -0.029071 0.078375
vn -6.254103 0.039305 0.424171
v 0.050000 0.002953 0.096863
vn -6.254104 0.091133 0.416125
v 0.050000 0.006846 0.096259
vn -6.254104 -0.116577 0.409725
v 0.050000 -0.008757 0.095778
vn -6.254105 -0.065343 0.420946
v 0.050000 -0.004909 0.096621
vn -6.254104 -0.013118 0.425787
v 0.050000 -0.000985 0.096985
vn -1.621786 5.564392 -2.181103
v 0.054447 0.035243 0.051347
vn -1.626532 5.792727 -1.472129
v 0.054447 0.036654 0.055781
vn -1.625483 5.279219 -2.801233
v 0.054447 0.033298 0.047119
vn -1.608075 4.869121 -3.468515
v 0.054447 0.030849 0.043163
vn -1.621949 4.401354 -4.043017
v 0.054447 0.027931 0.039537
vn -1.612181 3.899473 -4.530288
v 0.054447 0.024590 0.036298
vn -1.625523 3.321317 -4.969016
v 0.054447 0.020877 0.033494
vn -1.625527 2.642636 -5.360849
v 0.054447 0.016847 0.031167
vn -1.612181 1.973605 -5.642186
v 0.054447 0.012562 0.029353
vn -1.625626 1.309978 -5.831151
v 0.054447 0.008086 0.028079
vn -1.612588 0.528946 -5.954405
v 0.054447 0.003487 0.027366
vn -1.621339 -0.204351 -5.972918
v 0.054447 -0.001164 0.027222
vn -1.621788 -0.893307 -5.909457
v 0.054447 -0.005798 0.027652
vn -1.603386 -1.647851 -5.746949
v 0.054447 -0.010343 0.028647
vn -1.620603 -2.350852 -5.494908
v 0.054447 -0.014732 0.030194
vn -1.593675 -2.989552 -5.178053
v 0.054447 -0.018898 0.032268
vn -1.623720 -3.576109 -4.788857
v 0.054447 -0.022777 0.034838
vn -1.626535 -4.171265 -4.280583
v 0.054447 -0.026311 0.037866
vn -1.621786 -4.671089 -3.728356
v 0.054447 -0.029446 0.041305
vn -1.625483 -5.065546 -3.171321
v 0.054447 -0.032134 0.045103
vn -1.608078 -5.438382 -2.482523
v 0.054447 -0.034336 0.049203
vn -1.621949 -5.702033 -1.790177
v 0.054447 -0.036017 0.053542
vn -1.612179 -5.873081 -1.111900
v 0.054447 -0.037152 0.058055
vn -1.598573 -5.967875 -0.361799
v 0.054447 -0.037724 0.062673
vn -1.622966 -5.964364 0.383645
v 0.054447 -0.037724 0.067327
vn -1.612180 -5.873081 1.111900
v 0.054447 -0.037152 0.071945
vn -1.625628 -5.704916 1.781101
v 0.054447 -0.036017 0.076458
vn -1.612592 -5.421136 2.519123
v 0.054447 -0.034336 0.080797
vn -1.621345 -5.070518 3.163432
v 0.054447 -0.032134 0.084897
vn -1.621787 -4.671089 3.728355
v 0.054447 -0.029446 0.088695
vn -1.603388 -4.153081 4.300556
v 0.054447 -0.026311 0.092134
vn -1.620607 -3.583306 4.783352
v 0.054447 -0.022777 0.095162
vn -1.593673 -2.989550 5.178054
v 0.054447 -0.018898 0.097732
vn -1.623719 -2.359215 5.491425
v 0.054447 -0.014732 0.099806
vn -1.626534 -1.621458 5.752710
v 0.054447 -0.010343 0.101353
vn -1.621787 -0.893310 5.909459
v 0.054447 -0.005798 0.102348
vn -1.625478 -0.213672 5.972554
v 0.054447 -0.001164 0.102778
vn -1.608072 0.569264 5.951041
v 0.054447 0.003487 0.102634
vn -1.621949 1.300678 5.833193
v 0.054447 0.008086 0.101921
vn -1.612185 1.973603 5.642184
v 0.054447 0.012562 0.100647
vn -1.598575 2.670611 5.349226
v 0.054447 0.016847 0.098833
vn -1.622968 3.314429 4.973471
v 0.054447 0.020877 0.096506
vn -1.612179 3.899475 4.530288
v 0.054447 0.024590 0.093702
vn -1.625634 4.394938 4.050048
v 0.054447 0.027931 0.090463
vn -1.612582 4.892195 3.435282
v 0.054447 0.030849 0.086837
vn -1.621342 5.274875 2.809486
v 0.054447 0.033298 0.082881
vn -1.621788 5.564393 2.181102
v 0.054447 0.035243 0.078653
vn -1.603386 5.800931 1.446393
v 0.054447 0.036654 0.074219
vn -1.620599 5.934159 0.711559
v 0.054447 0.037509 0.069645
vn -1.593672 5.979101 -0.000001
v 0.054447 0.037796 0.065000
vn -1.623717 5.935325 -0.702573
v 0.054447 0.037509 0.060355
vn -3.082902 5.330513 0.660060
v 0.053000 0.036914 0.069571
vn -3.082903 5.208996 1.310116
v 0.053000 0.036073 0.074073
vn -3.082904 5.008518 1.940310
v 0.053000 0.034684 0.078437
vn -3.082898 4.732114 2.541092
v 0.053000 0.032770 0.082597
vn -3.082902 4.383976 3.103353
v 0.053000 0.030359 0.086491
vn -3.082902 3.969384 3.618573
v 0.053000 0.027488 0.090059
vn -3.082902 3.494616 4.078932
v 0.053000 0.024200 0.093247
vn -3.082894 2.966876 4.477470
v 0.053000 0.020546 0.096007
vn -3.082907 2.394160 4.808124
v 0.053000 0.016580 0.098297
vn -3.082911 1.785152 5.065892
v 0.053000 0.012362 0.100082
vn -3.082903 1.149083 5.246872
v 0.053000 0.007957 0.101335
vn -3.082906 0.495596 5.348308
v 0.053000 0.003432 0.102037
vn -3.082903 -0.165408 5.368675
v 0.053000 -0.001145 0.102179
vn -3.082900 -0.823903 5.307659
v 0.053000 -0.005706 0.101756
vn -3.082903 -1.469906 5.166183
v 0.053000 -0.010179 0.100776
vn -3.082906 -2.093628 4.946392
v 0.053000 -0.014499 0.099254
vn -3.082906 -2.685610 4.651614
v 0.053000 -0.018598 0.097213
vn -3.082906 -3.236884 4.286329
v 0.053000 -0.022416 0.094683
vn -3.082899 -3.739093 3.856067
v 0.053000 -0.025894 0.091704
vn -3.082896 -4.184620 3.367349
v 0.053000 -0.028979 0.088319
vn -3.082900 -4.566711 2.827587
v 0.053000 -0.031625 0.084581
vn -3.082904 -4.879573 2.244960
v 0.053000 -0.033791 0.080547
vn -3.082901 -5.118465 1.628302
v 0.053000 -0.035446 0.076276
vn -3.082904 -5.279768 0.986959
v 0.053000 -0.036563 0.071835
vn -3.082904 -5.361036 0.330656
v 0.053000 -0.037126 0.067290
vn -3.082905 -5.361036 -0.330656
v 0.053000 -0.037126 0.062710
vn -3.082905 -5.279767 -0.986959
v 0.053000 -0.036563 0.058165
vn -3.082902 -5.118465 -1.628302
v 0.053000 -0.035446 0.053724
vn -3.082901 -4.879572 -2.244960
v 0.053000 -0.033791 0.049453
vn -3.082903 -4.566709 -2.827586
v 0.053000 -0.031625 0.045419
vn -3.082900 -4.184618 -3.367349
v 0.053000 -0.028979 0.041681
vn -3.082903 -3.739093 -3.856066
v 0.053000 -0.025894 0.038296
vn -3.082901 -3.236885 -4.286330
v 0.053000 -0.022416 0.035317
vn -3.082902 -2.685612 -4.651618
v 0.053000 -0.018598 0.032787
vn -3.082905 -2.093629 -4.946389
v 0.053000 -0.014499 0.030746
vn -3.082903 -1.469906 -5.166183
v 0.053000 -0.010179 0.029224
vn -3.082904 -0.823902 -5.307659
v 0.053000 -0.005706 0.028244
vn -3.082900 -0.165407 -5.368679
v 0.053000 -0.001145 0.027821
vn -3.082901 0.495595 -5.348312
v 0.053000 0.003432 0.027963
vn -3.082905 1.149082 -5.246870
v 0.053000 0.007957 0.028665
vn -3.082905 1.785154 -5.065893
v 0.053000 0.012362 0.029918
vn -3.082909 2.394159 -4.808121
v 0.053000 0.016580 0.031703
vn -3.082901 2.966877 -4.477466
v 0.053000 0.020546 0.033993
vn -3.082904 3.494615 -4.078934
v 0.053000 0.024200 0.036753
vn -3.082904 3.969382 -3.618571
v 0.053000 0.027488 0.039941
vn -3.082901 4.383976 -3.103353
v 0.053000 0.030359 0.043509
vn -3.082900 4.732114 -2.541091
v 0.053000 0.032770 0.047403
vn -3.082903 5.008518 -1.940311
v 0.053000 0.034684 0.051563
vn -3.082903 5.208997 -1.310115
v 0.053000 0.036073 0.055927
vn -3.082902 5.330513 -0.660060
v 0.053000 0.036914 0.060429
vn -3.082902 5.371225 0.000000
v 0.053000 0.037196 0.065000
vn -4.368948 4.367154 0.540771
v 0.051757 0.035968 0.069454
vn -4.368949 4.267598 1.073343
v 0.051757 0.035148 0.073840
vn -4.368946 4.103352 1.589647
v 0.051757 0.033795 0.078092
vn -4.368950 3.876900 2.081850
v 0.051757 0.031930 0.082146
vn -4.368949 3.591681 2.542498
v 0.051757 0.029581 0.085940
vn -4.368945 3.252014 2.964606
v 0.051757 0.026784 0.089417
vn -4.368953 2.863050 3.341763
v 0.051757 0.023580 0.092523
vn -4.368948 2.430686 3.668273
v 0.051757 0.020019 0.095212
vn -4.368942 1.961475 3.939178
v 0.051757 0.016155 0.097443
vn -4.368944 1.462531 4.150363
v 0.051757 0.012045 0.099182
vn -4.368943 0.941415 4.298632
v 0.051757 0.007753 0.100404
vn -4.368949 0.406029 4.381738
v 0.051757 0.003344 0.101088
vn -4.368950 -0.135513 4.398419
v 0.051757 -0.001116 0.101225
vn -4.368949 -0.675001 4.348431
v 0.051757 -0.005559 0.100814
vn -4.368944 -1.204256 4.232523
v 0.051757 -0.009918 0.099859
vn -4.368941 -1.715259 4.052455
v 0.051757 -0.014127 0.098376
vn -4.368949 -2.200255 3.810952
v 0.051757 -0.018121 0.096387
vn -4.368950 -2.651896 3.511680
v 0.051757 -0.021841 0.093922
vn -4.368949 -3.063341 3.159176
v 0.051757 -0.025230 0.091019
vn -4.368948 -3.428348 2.758783
v 0.051757 -0.028236 0.087721
vn -4.368942 -3.741390 2.316570
v 0.051757 -0.030814 0.084079
vn -4.368943 -3.997710 1.839239
v 0.051757 -0.032925 0.080148
vn -4.368947 -4.193431 1.334026
v 0.051757 -0.034537 0.075987
vn -4.368950 -4.325581 0.808591
v 0.051757 -0.035626 0.071660
vn -4.368948 -4.392161 0.270899
v 0.051757 -0.036174 0.067231
vn -4.368947 -4.392161 -0.270900
v 0.051757 -0.036174 0.062769
vn -4.368950 -4.325580 -0.808590
v 0.051757 -0.035626 0.058340
vn -4.368948 -4.193430 -1.334026
v 0.051757 -0.034537 0.054013
vn -4.368946 -3.997710 -1.839237
v 0.051757 -0.032925 0.049852
vn -4.368945 -3.741388 -2.316571
v 0.051757 -0.030814 0.045921
vn -4.368948 -3.428349 -2.758782
v 0.051757 -0.028236 0.042279
vn -4.368948 -3.063343 -3.159178
v 0.051757 -0.025230 0.038981
vn -4.368950 -2.651898 -3.511680
v 0.051757 -0.021841 0.036078
vn -4.368947 -2.200254 -3.810954
v 0.051757 -0.018121 0.033613
vn -4.368948 -1.715257 -4.052450
v 0.051757 -0.014127 0.031624
vn -4.368947 -1.204257 -4.232521
v 0.051757 -0.009918 0.030141
vn -4.368946 -0.675002 -4.348432
v 0.051757 -0.005559 0.029186
vn -4.368948 -0.135514 -4.398420
v 0.051757 -0.001116 0.028775
vn -4.368948 0.406029 -4.381737
v 0.051757 0.003344 0.028912
vn -4.368949 0.941414 -4.298628
v 0.051757 0.007753 0.029596
vn -4.368947 1.462530 -4.150358
v 0.051757 0.012045 0.030818
vn -4.368947 1.961476 -3.939175
v 0.051757 0.016155 0.032557
vn -4.368946 2.430687 -3.668275
v 0.051757 0.020019 0.034788
vn -4.368950 2.863050 -3.341767
v 0.051757 0.023580 0.037477
vn -4.368948 3.252015 -2.964603
v 0.051757 0.026784 0.040583
vn -4.368948 3.591681 -2.542498
v 0.051757 0.029581 0.044060
vn -4.368949 3.876900 -2.081851
v 0.051757 0.031930 0.047854
vn -4.368947 4.103352 -1.589647
v 0.051757 0.033795 0.051908
vn -4.368947 4.267599 -1.073344
v 0.051757 0.035148 0.056160
vn -4.368949 4.367154 -0.540771
v 0.051757 0.035968 0.060546
vn -4.368946 4.400508 0.000000
v 0.051757 0.036243 0.065000
vn -5.364634 3.105222 0.384510
v 0.050804 0.034735 0.069301
vn -5.364635 3.034433 0.763190
v 0.050804 0.033943 0.073537
vn -5.364635 2.917647 1.130303
v 0.050804 0.032637 0.077643
vn -5.364636 2.756632 1.480279
v 0.050804 0.030835 0.081558
vn -5.364635 2.553830 1.807819
v 0.050804 0.028567 0.085222
vn -5.364635 2.312313 2.107953
v 0.050804 0.025865 0.088579
vn -5.364636 2.035744 2.376130
v 0.050804 0.022772 0.091579
vn -5.364636 1.728316 2.608288
v 0.050804 0.019333 0.094176
vn -5.364635 1.394687 2.800910
v 0.050804 0.015601 0.096331
vn -5.364633 1.039917 2.951073
v 0.050804 0.011632 0.098010
vn -5.364635 0.669384 3.056497
v 0.050804 0.007488 0.099190
vn -5.364632 0.288702 3.115591
v 0.050804 0.003229 0.099851
vn -5.364635 -0.096355 3.127453
v 0.050804 -0.001078 0.099983
vn -5.364632 -0.479955 3.091911
v 0.050804 -0.005369 0.099586
vn -5.364638 -0.856273 3.009490
v 0.050804 -0.009578 0.098664
vn -5.364636 -1.219615 2.881455
v 0.050804 -0.013643 0.097232
vn -5.364632 -1.564472 2.709742
v 0.050804 -0.017500 0.095311
vn -5.364635 -1.885607 2.496947
v 0.050804 -0.021092 0.092931
vn -5.364636 -2.178158 2.246300
v 0.050804 -0.024365 0.090127
vn -5.364639 -2.437690 1.961604
v 0.050804 -0.027268 0.086942
vn -5.364637 -2.660275 1.647172
v 0.050804 -0.029758 0.083425
vn -5.364639 -2.842528 1.307770
v 0.050804 -0.031796 0.079629
vn -5.364634 -2.981697 0.948546
v 0.050804 -0.033353 0.075610
vn -5.364634 -3.075662 0.574941
v 0.050804 -0.034404 0.071431
vn -5.364636 -3.123004 0.192620
v 0.050804 -0.034934 0.067155
vn -5.364635 -3.123003 -0.192620
v 0.050804 -0.034934 0.062845
vn -5.364635 -3.075661 -0.574940
v 0.050804 -0.034404 0.058569
vn -5.364635 -2.981697 -0.948546
v 0.050804 -0.033353 0.054390
vn -5.364636 -2.842530 -1.307771
v 0.050804 -0.031796 0.050371
vn -5.364636 -2.660275 -1.647173
v 0.050804 -0.029758 0.046575
vn -5.364637 -2.437693 -1.961604
v 0.050804 -0.027268 0.043058
vn -5.364635 -2.178159 -2.246302
v 0.050804 -0.024365 0.039873
vn -5.364636 -1.885606 -2.496944
v 0.050804 -0.021092 0.037069
vn -5.364633 -1.564469 -2.709742
v 0.050804 -0.017500 0.034689
vn -5.364637 -1.219616 -2.881455
v 0.050804 -0.013643 0.032768
vn -5.364637 -0.856275 -3.009488
v 0.050804 -0.009578 0.031336
vn -5.364636 -0.479952 -3.091907
v 0.050804 -0.005369 0.030414
vn -5.364637 -0.096356 -3.127450
v 0.050804 -0.001078 0.030017
vn -5.364635 0.288703 -3.115589
v 0.050804 0.003229 0.030149
vn -5.364636 0.669384 -3.056496
v 0.050804 0.007488 0.030810
vn -5.364637 1.039917 -2.951071
v 0.050804 0.011632 0.031990
vn -5.364634 1.394688 -2.800911
v 0.050804 0.015601 0.033669
vn -5.364635 1.728316 -2.608290
v 0.050804 0.019333 0.035824
vn -5.364636 2.035744 -2.376130
v 0.050804 0.022772 0.038421
vn -5.364635 2.312313 -2.107952
v 0.050804 0.025865 0.041421
vn -5.364636 2.553829 -1.807818
v 0.050804 0.028567 0.044778
vn -5.364635 2.756632 -1.480280
v 0.050804 0.030835 0.048442
vn -5.364637 2.917646 -1.130303
v 0.050804 0.032637 0.052357
vn -5.364636 3.034433 -0.763191
v 0.050804 0.033943 0.056463
vn -5.364634 3.105223 -0.384509
v 0.050804 0.034735 0.060699
vn -5.364636 3.128937 -0.000001
v 0.050804 0.035000 0.065000
vn -6.000283 1.627118 0.201481
v 0.050204 0.033299 0.069123
vn -6.000283 1.590025 0.399907
v 0.050204 0.032540 0.073184
vn -6.000283 1.528830 0.592272
v 0.050204 0.031287 0.077121
vn -6.000282 1.444460 0.775659
v 0.050204 0.029561 0.080874
vn -6.000283 1.338191 0.947285
v 0.050204 0.027386 0.084386
vn -6.000282 1.211638 1.104555
v 0.050204 0.024796 0.087604
vn -6.000283 1.066718 1.245080
v 0.050204 0.021830 0.090480
vn -6.000283 0.905628 1.366728
v 0.050204 0.018533 0.092970
vn -6.000283 0.730807 1.467659
v 0.050204 0.014956 0.095035
vn -6.000283 0.544910 1.546343
v 0.050204 0.011151 0.096646
vn -6.000283 0.350752 1.601587
v 0.050204 0.007178 0.097776
vn -6.000285 0.151278 1.632547
v 0.050204 0.003096 0.098410
vn -6.000284 -0.050489 1.638765
v 0.050204 -0.001033 0.098537
vn -6.000282 -0.251493 1.620142
v 0.050204 -0.005147 0.098156
vn -6.000283 -0.448683 1.576956
v 0.050204 -0.009182 0.097272
vn -6.000282 -0.639071 1.509867
v 0.050204 -0.013078 0.095899
vn -6.000282 -0.819774 1.419888
v 0.050204 -0.016776 0.094058
vn -6.000282 -0.988048 1.308386
v 0.050204 -0.020220 0.091776
vn -6.000282 -1.141344 1.177050
v 0.050204 -0.023357 0.089088
vn -6.000283 -1.277338 1.027871
v 0.050204 -0.026140 0.086035
vn -6.000282 -1.393969 0.863110
v 0.050204 -0.028527 0.082663
vn -6.000283 -1.489470 0.685265
v 0.050204 -0.030482 0.079024
vn -6.000284 -1.562390 0.497033
v 0.050204 -0.031974 0.075172
vn -6.000284 -1.611629 0.301265
v 0.050204 -0.032982 0.071165
vn -6.000283 -1.636436 0.100932
v 0.050204 -0.033489 0.067066
vn -6.000283 -1.636436 -0.100932
v 0.050204 -0.033489 0.062934
vn -6.000283 -1.611630 -0.301266
v 0.050204 -0.032982 0.058835
vn -6.000284 -1.562390 -0.497032
v 0.050204 -0.031974 0.054828
vn -6.000283 -1.489469 -0.685265
v 0.050204 -0.030482 0.050976
vn -6.000283 -1.393970 -0.863110
v 0.050204 -0.028527 0.047337
vn -6.000283 -1.277338 -1.027870
v 0.050204 -0.026140 0.043965
vn -6.000282 -1.141344 -1.177050
v 0.050204 -0.023357 0.040912
vn -6.000282 -0.988047 -1.308385
v 0.050204 -0.020220 0.038224
vn -6.000283 -0.819773 -1.419887
v 0.050204 -0.016776 0.035942
vn -6.000282 -0.639071 -1.509868
v 0.050204 -0.013078 0.034101
vn -6.000284 -0.448683 -1.576956
v 0.050204 -0.009182 0.032728
vn -6.000283 -0.251493 -1.620141
v 0.050204 -0.005147 0.031844
vn -6.000283 -0.050489 -1.638766
v 0.050204 -0.001033 0.031463
vn -6.000284 0.151278 -1.632547
v 0.050204 0.003096 0.031590
vn -6.000284 0.350752 -1.601585
v 0.050204 0.007178 0.032224
vn -6.000282 0.544911 -1.546345
v 0.050204 0.011151 0.033354
vn -6.000282 0.730808 -1.467661
v 0.050204 0.014956 0.034965
vn -6.000284 0.905627 -1.366728
v 0.050204 0.018533 0.037030
vn -6.000283 1.066718 -1.245079
v 0.050204 0.021830 0.039520
vn -6.000282 1.211639 -1.104555
v 0.050204 0.024796 0.042396
vn -6.000283 1.338191 -0.947286
v 0.050204 0.027386 0.045614
vn -6.000283 1.444459 -0.775658
v 0.050204 0.029561 0.049126
vn -6.000283 1.528831 -0.592272
v 0.050204 0.031287 0.052879
vn -6.000284 1.590025 -0.399908
v 0.050204 0.032540 0.056816
vn -6.000282 1.627118 -0.201481
v 0.050204 0.033299 0.060877
vn -6.000282 1.639545 0.000000
v 0.050204 0.033553 0.065000
vn 1.626532 5.792728 1.472129
v 0.107653 0.036654 0.074219
vn 1.621789 5.564393 2.181103
v 0.107653 0.035243 0.078653
vn 1.608070 4.869122 3.468517
v 0.107653 0.030849 0.086837
vn 1.598575 3.297269 4.987432
v 0.107653 0.020877 0.096506
vn 1.612186 1.973603 5.642186
v 0.107653 0.012562 0.100647
vn 1.612581 0.528947 5.954407
v 0.107653 0.003487 0.102634
vn 1.603383 -1.647851 5.746948
v 0.107653 -0.010343 0.101353
vn 1.626535 -4.171267 4.280583
v 0.107653 -0.026311 0.092134
vn 1.621785 -4.671090 3.728356
v 0.107653 -0.029446 0.088695
vn 1.608082 -5.438381 2.482522
v 0.107653 -0.034336 0.080797
vn 1.625522 -5.963953 0.391836
v 0.107653 -0.037724 0.067327
vn 1.625522 -5.963952 -0.391836
v 0.107653 -0.037724 0.062673
vn 1.612179 -5.873082 -1.111900
v 0.107653 -0.037152 0.058055
vn 1.612587 -5.421140 -2.519122
v 0.107653 -0.034336 0.049203
vn 1.603387 -4.153078 -4.300557
v 0.107653 -0.026311 0.037866
vn 1.626533 -1.621462 -5.752713
v 0.107653 -0.010343 0.028647
vn 1.621788 -0.893306 -5.909458
v 0.107653 -0.005798 0.027652
vn 1.608078 0.569261 -5.951042
v 0.107653 0.003487 0.027366
vn 1.598577 2.670611 -5.349229
v 0.107653 0.016847 0.031167
vn 1.612180 3.899474 -4.530288
v 0.107653 0.024590 0.036298
vn 1.612585 4.892196 -3.435282
v 0.107653 0.030849 0.043163
vn 1.603385 5.800931 -1.446394
v 0.107653 0.036654 0.055781
vn 6.000286 1.627111 -0.201480
v 0.111896 0.033299 0.060877
vn 6.000286 1.590018 -0.399906
v 0.111896 0.032540 0.056816
vn 5.364630 3.105226 -0.384510
v 0.111296 0.034735 0.060699
vn 5.364631 3.034436 -0.763191
v 0.111296 0.033943 0.056463
vn 4.368945 4.367160 -0.540771
v 0.110343 0.035968 0.060546
vn 4.368945 4.267604 -1.073345
v 0.110343 0.035148 0.056160
vn 3.082904 5.330511 -0.660059
v 0.109100 0.036914 0.060429
vn 3.082903 5.208996 -1.310115
v 0.109100 0.036073 0.055927
vn 1.620599 5.934159 -0.711559
v 0.107653 0.037509 0.060355
vn 6.000286 1.444453 -0.775655
v 0.111896 0.029561 0.049126
vn 6.000286 1.338186 -0.947282
v 0.111896 0.027386 0.045614
vn 5.364630 2.756635 -1.480282
v 0.111296 0.030835 0.048442
vn 5.364631 2.553832 -1.807820
v 0.111296 0.028567 0.044778
vn 4.368946 3.876906 -2.081854
v 0.110343 0.031930 0.047854
vn 4.368945 3.591686 -2.542502
v 0.110343 0.029581 0.044060
vn 3.082902 4.732112 -2.541091
v 0.109100 0.032770 0.047403
vn 3.082901 4.383976 -3.103353
v 0.109100 0.030359 0.043509
vn 1.621342 5.274874 -2.809486
v 0.107653 0.033298 0.047119
vn 6.000287 0.905623 -1.366721
v 0.111896 0.018533 0.037030
vn 6.000286 0.730805 -1.467655
v 0.111896 0.014956 0.034965
vn 5.364630 1.728318 -2.608292
v 0.111296 0.019333 0.035824
vn 5.364629 1.394689 -2.800916
v 0.111296 0.015601 0.033669
vn 4.368943 2.430691 -3.668282
v 0.110343 0.020019 0.034788
vn 4.368944 1.961479 -3.939180
v 0.110343 0.016155 0.032557
vn 3.082901 2.966874 -4.477466
v 0.109100 0.020546 0.033993
vn 3.082909 2.394160 -4.808118
v 0.109100 0.016580 0.031703
vn 1.622967 3.314429 -4.973470
v 0.107653 0.020877 0.033494
vn 6.000286 0.350751 -1.601579
v 0.111896 0.007178 0.032224
vn 6.000288 0.151278 -1.632541
v 0.111896 0.003096 0.031590
vn 5.364632 0.669384 -3.056499
v 0.111296 0.007488 0.030810
vn 5.364630 0.288702 -3.115592
v 0.111296 0.003229 0.030149
vn 4.368946 0.941416 -4.298635
v 0.110343 0.007753 0.029596
vn 4.368945 0.406029 -4.381744
v 0.110343 0.003344 0.028912
vn 3.082907 1.149083 -5.246868
v 0.109100 0.007957 0.028665
vn 3.082902 0.495594 -5.348310
v 0.109100 0.003432 0.027963
vn 1.621944 1.300680 -5.833192
v 0.107653 0.008086 0.028079
vn 6.000286 -0.988043 -1.308380
v 0.111896 -0.020220 0.038224
vn 6.000285 -1.141339 -1.177045
v 0.111896 -0.023357 0.040912
vn 5.364631 -1.885607 -2.496948
v 0.111296 -0.021092 0.037069
vn 5.364629 -2.178162 -2.246304
v 0.111296 -0.024365 0.039873
vn 4.368947 -2.651900 -3.511686
v 0.110343 -0.021841 0.036078
vn 4.368944 -3.063348 -3.159182
v 0.110343 -0.025230 0.038981
vn 3.082902 -3.236884 -4.286328
v 0.109100 -0.022416 0.035317
vn 3.082904 -3.739090 -3.856065
v 0.109100 -0.025894 0.038296
vn 1.620602 -3.583308 -4.783353
v 0.107653 -0.022777 0.034838
vn 6.000285 -1.393964 -0.863106
v 0.111896 -0.028527 0.047337
vn 6.000286 -1.489464 -0.685262
v 0.111896 -0.030482 0.050976
vn 5.364632 -2.660277 -1.647175
v 0.111296 -0.029758 0.046575
vn 5.364632 -2.842533 -1.307773
v 0.111296 -0.031796 0.050371
vn 4.368942 -3.741394 -2.316573
v 0.110343 -0.030814 0.045921
vn 4.368942 -3.997716 -1.839241
v 0.110343 -0.032925 0.049852
vn 3.082903 -4.566708 -2.827585
v 0.109100 -0.031625 0.045419
vn 3.082903 -4.879570 -2.244959
v 0.109100 -0.033791 0.049453
vn 1.621344 -5.070518 -3.163433
v 0.107653 -0.032134 0.045103
vn 6.000287 -1.562384 0.497030
v 0.111896 -0.031974 0.075172
vn 6.000286 -1.489464 0.685262
v 0.111896 -0.030482 0.079024
vn 5.364629 -2.981700 0.948548
v 0.111296 -0.033353 0.075610
vn 5.364633 -2.842531 1.307771
v 0.111296 -0.031796 0.079629
vn 4.368945 -4.193436 1.334028
v 0.110343 -0.034537 0.075987
vn 4.368941 -3.997715 1.839241
v 0.110343 -0.032925 0.080148
vn 3.082900 -5.118464 1.628303
v 0.109100 -0.035446 0.076276
vn 3.082903 -4.879572 2.244959
v 0.109100 -0.033791 0.080547
vn 1.621947 -5.702034 1.790177
v 0.107653 -0.036017 0.076458
vn 6.000285 -0.639069 1.509861
v 0.111896 -0.013078 0.095899
vn 6.000286 -0.448681 1.576951
v 0.111896 -0.009182 0.097272
vn 5.364631 -1.219617 2.881459
v 0.111296 -0.013643 0.097232
vn 5.364634 -0.856275 3.009492
v 0.111296 -0.009578 0.098664
vn 4.368939 -1.715260 4.052460
v 0.110343 -0.014127 0.098376
vn 4.368938 -1.204258 4.232530
v 0.110343 -0.009918 0.099859
vn 3.082905 -2.093628 4.946392
v 0.109100 -0.014499 0.099254
vn 3.082907 -1.469906 5.166181
v 0.109100 -0.010179 0.100776
vn 1.620603 -2.350851 5.494908
v 0.107653 -0.014732 0.099806
vn 6.000287 -0.050489 1.638759
v 0.111896 -0.001033 0.098537
vn 6.000288 0.151276 1.632540
v 0.111896 0.003096 0.098410
vn 5.364631 -0.096356 3.127456
v 0.111296 -0.001078 0.099983
vn 5.364627 0.288703 3.115595
v 0.111296 0.003229 0.099851
vn 4.368947 -0.135514 4.398427
v 0.110343 -0.001116 0.101225
vn 4.368947 0.406029 4.381743
v 0.110343 0.003344 0.101088
vn 3.082904 -0.165407 5.368672
v 0.109100 -0.001145 0.102179
vn 3.082905 0.495595 5.348307
v 0.109100 0.003432 0.102037
vn 1.621339 -0.204352 5.972919
v 0.107653 -0.001164 0.102778
vn 6.000286 0.730804 1.467653
v 0.111896 0.014956 0.095035
vn 6.000286 0.905624 1.366723
v 0.111896 0.018533 0.092970
vn 5.364629 1.394689 2.800913
v 0.111296 0.015601 0.096331
vn 5.364631 1.728318 2.608291
v 0.111296 0.019333 0.094176
vn 4.368939 1.961479 3.939183
v 0.110343 0.016155 0.097443
vn 4.368944 2.430690 3.668278
v 0.110343 0.020019 0.095212
vn 3.082910 2.394158 4.808122
v 0.109100 0.016580 0.098297
vn 3.082897 2.966876 4.477466
v 0.109100 0.020546 0.096007
vn 1.622968 2.649934 5.357113
v 0.107653 0.016847 0.098833
vn 6.000285 1.211633 1.104551
v 0.111896 0.024796 0.087604
vn 6.000286 1.338186 0.947282
v 0.111896 0.027386 0.084386
vn 5.364630 2.312315 2.107955
v 0.111296 0.025865 0.088579
vn 5.364629 2.553833 1.807821
v 0.111296 0.028567 0.085222
vn 4.368942 3.252021 2.964609
v 0.110343 0.026784 0.089417
vn 4.368946 3.591686 2.542502
v 0.110343 0.029581 0.085940
vn 3.082902 3.969383 3.618571
v 0.109100 0.027488 0.090059
vn 3.082904 4.383973 3.103352
v 0.109100 0.030359 0.086491
vn 1.621951 4.401354 4.043017
v 0.107653 0.027931 0.090463
vn 6.000286 1.639539 -0.000000
v 0.111896 0.033553 0.065000
vn 5.364631 3.128940 0.000000
v 0.111296 0.035000 0.065000
vn 4.368943 4.400515 -0.000001
v 0.110343 0.036243 0.065000
vn 3.082902 5.371223 -0.000001
v 0.109100 0.037196 0.065000
vn 1.593672 5.979102 0.000000
v 0.107653 0.037796 0.065000
vn 1.621785 5.564394 -2.181103
v 0.107653 0.035243 0.051347
vn 3.082904 5.008516 -1.940310
v 0.109100 0.034684 0.051563
vn 4.368944 4.103357 -1.589650
v 0.110343 0.033795 0.051908
vn 5.364631 2.917649 -1.130303
v 0.111296 0.032637 0.052357
vn 6.000286 1.528824 -0.592270
v 0.111896 0.031287 0.052879
vn 1.625630 4.394938 -4.050050
v 0.107653 0.027931 0.039537
vn 3.082904 3.969381 -3.618569
v 0.109100 0.027488 0.039941
vn 4.368945 3.252019 -2.964608
v 0.110343 0.026784 0.040583
vn 5.364630 2.312315 -2.107955
v 0.111296 0.025865 0.041421
vn 6.000286 1.211634 -1.104551
v 0.111896 0.024796 0.042396
vn 6.000286 1.066714 -1.245074
v 0.111896 0.021830 0.039520
vn 5.364631 2.035746 -2.376132
v 0.111296 0.022772 0.038421
vn 4.368947 2.863055 -3.341771
v 0.110343 0.023580 0.037477
vn 3.082905 3.494615 -4.078932
v 0.109100 0.024200 0.036753
vn 1.612180 1.973606 -5.642188
v 0.107653 0.012562 0.029353
vn 3.082906 1.785152 -5.065891
v 0.109100 0.012362 0.029918
vn 4.368944 1.462533 -4.150364
v 0.110343 0.012045 0.030818
vn 5.364631 1.039919 -2.951073
v 0.111296 0.011632 0.031990
vn 6.000285 0.544908 -1.546340
v 0.111896 0.011151 0.033354
vn 1.625478 -0.213671 -5.972555
v 0.107653 -0.001164 0.027222
vn 3.082899 -0.165408 -5.368678
v 0.109100 -0.001145 0.027821
vn 4.368945 -0.135513 -4.398426
v 0.110343 -0.001116 0.028775
vn 5.364632 -0.096355 -3.127454
v 0.111296 -0.001078 0.030017
vn 6.000287 -0.050490 -1.638759
v 0.111896 -0.001033 0.031463
vn 6.000286 -0.251492 -1.620134
v 0.111896 -0.005147 0.031844
vn 5.364631 -0.479954 -3.091910
v 0.111296 -0.005369 0.030414
vn 4.368943 -0.675003 -4.348438
v 0.110343 -0.005559 0.029186
vn 3.082903 -0.823901 -5.307658
v 0.109100 -0.005706 0.028244
vn 3.082903 -1.469905 -5.166180
v 0.109100 -0.010179 0.029224
vn 4.368943 -1.204258 -4.232527
v 0.110343 -0.009918 0.030141
vn 5.364632 -0.856275 -3.009492
v 0.111296 -0.009578 0.031336
vn 6.000286 -0.448680 -1.576949
v 0.111896 -0.009182 0.032728
vn 1.623719 -2.359217 -5.491427
v 0.107653 -0.014732 0.030194
vn 3.082906 -2.093627 -4.946388
v 0.109100 -0.014499 0.030746
vn 4.368945 -1.715259 -4.052457
v 0.110343 -0.014127 0.031624
vn 5.364632 -1.219617 -2.881458
v 0.111296 -0.013643 0.032768
vn 6.000285 -0.639069 -1.509861
v 0.111896 -0.013078 0.034101
vn 6.000285 -0.819769 -1.419882
v 0.111896 -0.016776 0.035942
vn 5.364628 -1.564472 -2.709743
v 0.111296 -0.017500 0.034689
vn 4.368943 -2.200259 -3.810959
v 0.110343 -0.018121 0.033613
vn 3.082903 -2.685611 -4.651616
v 0.109100 -0.018598 0.032787
vn 1.593673 -2.989552 -5.178055
v 0.107653 -0.018898 0.032268
vn 1.621787 -4.671089 -3.728355
v 0.107653 -0.029446 0.041305
vn 3.082900 -4.184616 -3.367347
v 0.109100 -0.028979 0.041681
vn 4.368947 -3.428353 -2.758787
v 0.110343 -0.028236 0.042279
vn 5.364632 -2.437696 -1.961606
v 0.111296 -0.027268 0.043058
vn 6.000285 -1.277333 -1.027866
v 0.111896 -0.026140 0.043965
vn 1.625629 -5.704916 -1.781103
v 0.107653 -0.036017 0.053542
vn 3.082903 -5.118464 -1.628301
v 0.109100 -0.035446 0.053724
vn 4.368945 -4.193437 -1.334028
v 0.110343 -0.034537 0.054013
vn 5.364629 -2.981700 -0.948546
v 0.111296 -0.033353 0.054390
vn 6.000286 -1.562384 -0.497030
v 0.111896 -0.031974 0.054828
vn 6.000286 -1.611623 -0.301264
v 0.111896 -0.032982 0.058835
vn 5.364630 -3.075665 -0.574941
v 0.111296 -0.034404 0.058569
vn 4.368948 -4.325585 -0.808592
v 0.110343 -0.035626 0.058340
vn 3.082905 -5.279766 -0.986959
v 0.109100 -0.036563 0.058165
vn 3.082905 -5.361034 -0.330656
v 0.109100 -0.037126 0.062710
vn 4.368945 -4.392169 -0.270899
v 0.110343 -0.036174 0.062769
vn 5.364630 -3.123007 -0.192620
v 0.111296 -0.034934 0.062845
vn 6.000285 -1.636430 -0.100932
v 0.111896 -0.033489 0.062934
vn 3.082906 -5.361034 0.330656
v 0.109100 -0.037126 0.067290
vn 4.368944 -4.392169 0.270900
v 0.110343 -0.036174 0.067231
vn 5.364630 -3.123007 0.192620
v 0.111296 -0.034934 0.067155
vn 6.000285 -1.636430 0.100931
v 0.111896 -0.033489 0.067066
vn 1.612178 -5.873082 1.111901
v 0.107653 -0.037152 0.071945
vn 3.082906 -5.279766 0.986958
v 0.109100 -0.036563 0.071835
vn 4.368947 -4.325586 0.808591
v 0.110343 -0.035626 0.071660
vn 5.364630 -3.075665 0.574941
v 0.111296 -0.034404 0.071431
vn 6.000287 -1.611623 0.301264
v 0.111896 -0.032982 0.071165
vn 1.625482 -5.065546 3.171322
v 0.107653 -0.032134 0.084897
vn 3.082902 -4.566709 2.827585
v 0.109100 -0.031625 0.084581
vn 4.368939 -3.741395 2.316575
v 0.110343 -0.030814 0.084079
vn 5.364632 -2.660277 1.647175
v 0.111296 -0.029758 0.083425
vn 6.000286 -1.393964 0.863106
v 0.111896 -0.028527 0.082663
vn 6.000286 -1.277333 1.027867
v 0.111896 -0.026140 0.086035
vn 5.364634 -2.437694 1.961605
v 0.111296 -0.027268 0.086942
vn 4.368944 -3.428354 2.758786
v 0.110343 -0.028236 0.087721
vn 3.082898 -4.184618 3.367348
v 0.109100 -0.028979 0.088319
vn 3.082899 -3.739091 3.856066
v 0.109100 -0.025894 0.091704
vn 4.368945 -3.063345 3.159182
v 0.110343 -0.025230 0.091019
vn 5.364632 -2.178160 2.246302
v 0.111296 -0.024365 0.090127
vn 6.000285 -1.141340 1.177045
v 0.111896 -0.023357 0.089088
vn 1.623724 -3.576109 4.788854
v 0.107653 -0.022777 0.095162
vn 3.082907 -3.236883 4.286326
v 0.109100 -0.022416 0.094683
vn 4.368947 -2.651901 3.511686
v 0.110343 -0.021841 0.093922
vn 5.364631 -1.885609 2.496949
v 0.111296 -0.021092 0.092931
vn 6.000285 -0.988044 1.308381
v 0.111896 -0.020220 0.091776
vn 6.000285 -0.819770 1.419883
v 0.111896 -0.016776 0.094058
vn 5.364628 -1.564473 2.709746
v 0.111296 -0.017500 0.095311
vn 4.368948 -2.200259 3.810956
v 0.110343 -0.018121 0.096387
vn 3.082905 -2.685610 4.651614
v 0.109100 -0.018598 0.097213
vn 1.593675 -2.989550 5.178055
v 0.107653 -0.018898 0.097732
vn 1.621787 -0.893309 5.909460
v 0.107653 -0.005798 0.102348
vn 3.082903 -0.823902 5.307656
v 0.109100 -0.005706 0.101756
vn 4.368944 -0.675003 4.348439
v 0.110343 -0.005559 0.100814
vn 5.364628 -0.479953 3.091914
v 0.111296 -0.005369 0.099586
vn 6.000285 -0.251491 1.620136
v 0.111896 -0.005147 0.098156
vn 1.625631 1.309977 5.831152
v 0.107653 0.008086 0.101921
vn 3.082901 1.149085 5.246871
v 0.109100 0.007957 0.101335
vn 4.368942 0.941417 4.298637
v 0.110343 0.007753 0.100404
vn 5.364630 0.669384 3.056501
v 0.111296 0.007488 0.099190
vn 6.000286 0.350752 1.601580
v 0.111896 0.007178 0.097776
vn 6.000286 0.544908 1.546337
v 0.111896 0.011151 0.096646
vn 5.364629 1.039919 2.951076
v 0.111296 0.011632 0.098010
vn 4.368940 1.462533 4.150369
v 0.110343 0.012045 0.099182
vn 3.082911 1.785150 5.065891
v 0.109100 0.012362 0.100082
vn 1.612178 3.899477 4.530288
v 0.107653 0.024590 0.093702
vn 3.082902 3.494614 4.078932
v 0.109100 0.024200 0.093247
vn 4.368950 2.863052 3.341770
v 0.110343 0.023580 0.092523
vn 5.364632 2.035745 2.376133
v 0.111296 0.022772 0.091579
vn 6.000285 1.066715 1.245075
v 0.111896 0.021830 0.090480
vn 1.625482 5.279221 2.801233
v 0.107653 0.033298 0.082881
vn 3.082898 4.732114 2.541090
v 0.109100 0.032770 0.082597
vn 4.368948 3.876904 2.081854
v 0.110343 0.031930 0.082146
vn 5.364631 2.756635 1.480281
v 0.111296 0.030835 0.081558
vn 6.000285 1.444454 0.775655
v 0.111896 0.029561 0.080874
vn 6.000286 1.528824 0.592270
v 0.111896 0.031287 0.077121
vn 5.364631 2.917650 1.130304
v 0.111296 0.032637 0.077643
vn 4.368943 4.103359 1.589648
v 0.110343 0.033795 0.078092
vn 3.082904 5.008517 1.940310
v 0.109100 0.034684 0.078437
vn 3.082904 5.208994 1.310115
v 0.109100 0.036073 0.074073
vn 4.368946 4.267605 1.073346
v 0.110343 0.035148 0.073840
vn 5.364631 3.034436 0.763192
v 0.111296 0.033943 0.073537
vn 6.000286 1.590019 0.399906
v 0.111896 0.032540 0.073184
vn 1.623716 5.935327 0.702573
v 0.107653 0.037509 0.069645
vn 3.082902 5.330511 0.660060
v 0.109100 0.036914 0.069571
vn 4.368946 4.367160 0.540772
v 0.110343 0.035968 0.069454
vn 5.364630 3.105226 0.384510
v 0.111296 0.034735 0.069301
vn 6.000286 1.627111 0.201480
v 0.111896 0.033299 0.069123
# 1602 vertices, 0 vertices normals

f 1//1 2//2 3//3
f 3//3 2//2 4//4
f 3//3 4//4 5//5
f 6//6 7//7 8//8
f 8//8 7//7 9//9
f 8//8 9//9 10//10
f 10//10 9//9 11//11
f 10//10 11//11 4//4
f 4//4 11//11 12//12
f 4//4 12//12 5//5
f 6//6 8//8 13//13
f 13//13 8//8 14//14
f 13//13 14//14 15//15
f 16//16 17//17 18//18
f 18//18 17//17 19//19
f 18//18 19//19 20//20
f 20//20 19//19 21//21
f 20//20 21//21 14//14
f 14//14 21//21 22//22
f 14//14 22//22 15//15
f 23//23 24//24 25//25
f 25//25 24//24 26//26
f 25//25 26//26 27//27
f 27//27 26//26 28//28
f 27//27 28//28 18//18
f 18//18 28//28 29//29
f 18//18 29//29 16//16
f 23//23 25//25 30//30
f 30//30 25//25 31//31
f 30//30 31//31 32//32
f 33//33 34//34 35//35
f 35//35 34//34 36//36
f 35//35 36//36 37//37
f 37//37 36//36 38//38
f 37//37 38//38 31//31
f 31//31 38//38 39//39
f 31//31 39//39 32//32
f 33//33 35//35 40//40
f 40//40 35//35 41//41
f 40//40 41//41 42//42
f 42//42 41//41 43//43
f 43//43 41//41 44//44
f 43//43 44//44 45//45
f 46//46 47//47 48//48
f 46//46 48//48 49//49
f 50//50 51//51 52//52
f 52//52 51//51 53//53
f 52//52 53//53 54//54
f 54//54 53//53 55//55
f 54//54 55//55 56//56
f 56//56 55//55 57//57
f 56//56 57//57 58//58
f 58//58 57//57 49//49
f 58//58 49//49 59//59
f 59//59 49//49 48//48
f 59//59 48//48 60//60
f 60//60 48//48 61//61
f 60//60 61//61 62//62
f 61//61 48//48 63//63
f 63//63 48//48 64//64
f 63//63 64//64 65//65
f 65//65 64//64 66//66
f 65//65 66//66 67//67
f 67//67 66//66 68//68
f 67//67 68//68 69//69
f 69//69 68//68 70//70
f 69//69 70//70 71//71
f 71//71 70//70 72//72
f 71//71 72//72 73//73
f 73//73 72//72 74//74
f 73//73 74//74 75//75
f 75//75 74//74 76//76
f 75//75 76//76 77//77
f 77//77 76//76 78//78
f 77//77 78//78 79//79
f 79//79 78//78 80//80
f 79//79 80//80 81//81
f 81//81 80//80 82//82
f 81//81 82//82 83//83
f 83//83 82//82 84//84
f 83//83 84//84 85//85
f 85//85 84//84 86//86
f 87//87 88//88 89//89
f 90//90 91//91 92//92
f 92//92 91//91 93//93
f 92//92 93//93 94//94
f 95//95 96//96 97//97
f 97//97 96//96 98//98
f 97//97 98//98 99//99
f 99//99 98//98 100//100
f 99//99 100//100 101//101
f 101//101 100//100 102//102
f 101//101 102//102 103//103
f 103//103 102//102 104//104
f 103//103 104//104 92//92
f 92//92 104//104 87//87
f 92//92 87//87 90//90
f 90//90 87//87 89//89
f 105//105 91//91 90//90
f 90//90 106//106 105//105
f 105//105 106//106 107//107
f 105//105 107//107 108//108
f 108//108 107//107 109//109
f 109//109 107//107 110//110
f 109//109 110//110 111//111
f 111//111 110//110 112//112
f 111//111 112//112 113//113
f 113//113 112//112 114//114
f 113//113 114//114 115//115
f 116//116 117//117 118//118
f 119//119 120//120 121//121
f 121//121 120//120 122//122
f 121//121 122//122 123//123
f 123//123 122//122 124//124
f 2//2 1//1 125//125
f 125//125 1//1 126//126
f 125//125 126//126 127//127
f 127//127 126//126 128//128
f 127//127 128//128 119//119
f 119//119 128//128 129//129
f 119//119 129//129 120//120
f 130//130 131//131 132//132
f 132//132 131//131 133//133
f 132//132 133//133 134//134
f 134//134 133//133 135//135
f 134//134 135//135 136//136
f 136//136 135//135 116//116
f 136//136 116//116 137//137
f 137//137 116//116 118//118
f 124//124 138//138 123//123
f 123//123 138//138 139//139
f 123//123 139//139 140//140
f 85//85 86//86 141//141
f 141//141 86//86 142//142
f 141//141 142//142 143//143
f 143//143 142//142 144//144
f 143//143 144//144 145//145
f 145//145 144//144 146//146
f 145//145 146//146 147//147
f 147//147 146//146 148//148
f 147//147 148//148 139//139
f 139//139 148//148 149//149
f 139//139 149//149 140//140
f 140//140 149//149 150//150
f 140//140 150//150 132//132
f 132//132 150//150 151//151
f 132//132 151//151 130//130
f 152//152 153//153 154//154
f 155//155 156//156 157//157
f 157//157 156//156 158//158
f 157//157 158//158 159//159
f 159//159 158//158 160//160
f 159//159 160//160 161//161
f 161//161 160//160 162//162
f 161//161 162//162 44//44
f 44//44 162//162 45//45
f 163//163 164//164 155//155
f 155//155 164//164 165//165
f 155//155 165//165 156//156
f 154//154 166//166 152//152
f 152//152 166//166 167//167
f 152//152 167//167 168//168
f 168//168 167//167 169//169
f 168//168 169//169 170//170
f 171//171 172//172 163//163
f 163//163 172//172 173//173
f 163//163 173//173 164//164
f 174//174 172//172 175//175
f 175//175 172//172 171//171
f 175//175 171//171 176//176
f 176//176 171//171 177//177
f 176//176 177//177 178//178
f 178//178 177//177 170//170
f 178//178 170//170 179//179
f 179//179 170//170 169//169
f 96//96 95//95 180//180
f 180//180 95//95 181//181
f 180//180 181//181 182//182
f 182//182 181//181 183//183
f 182//182 183//183 184//184
f 184//184 183//183 185//185
f 184//184 185//185 186//186
f 186//186 185//185 174//174
f 186//186 174//174 187//187
f 187//187 174//174 175//175
f 188//188 189//189 190//190
f 190//190 189//189 191//191
f 192//192 193//193 194//194
f 194//194 195//195 196//196
f 196//196 197//197 194//194
f 194//194 197//197 198//198
f 194//194 198//198 199//199
f 193//193 200//200 194//194
f 194//194 200//200 201//201
f 194//194 201//201 195//195
f 192//192 194//194 191//191
f 191//191 194//194 202//202
f 191//191 202//202 203//203
f 204//204 205//205 191//191
f 191//191 205//205 206//206
f 191//191 206//206 190//190
f 203//203 207//207 191//191
f 191//191 207//207 208//208
f 191//191 208//208 204//204
f 117//117 209//209 118//118
f 118//118 209//209 210//210
f 211//211 212//212 213//213
f 213//213 212//212 210//210
f 213//213 210//210 214//214
f 214//214 210//210 209//209
f 211//211 215//215 212//212
f 212//212 215//215 216//216
f 212//212 216//216 217//217
f 217//217 216//216 218//218
f 217//217 218//218 219//219
f 219//219 218//218 220//220
f 221//221 222//222 223//223
f 223//223 222//222 219//219
f 223//223 219//219 224//224
f 224//224 219//219 220//220
f 221//221 225//225 222//222
f 222//222 225//225 226//226
f 222//222 226//226 227//227
f 228//228 229//229 230//230
f 230//230 229//229 227//227
f 230//230 227//227 231//231
f 231//231 227//227 226//226
f 228//228 232//232 229//229
f 229//229 232//232 233//233
f 229//229 233//233 234//234
f 234//234 233//233 235//235
f 234//234 235//235 236//236
f 236//236 235//235 237//237
f 238//238 239//239 240//240
f 240//240 239//239 236//236
f 240//240 236//236 241//241
f 241//241 236//236 237//237
f 238//238 242//242 239//239
f 239//239 242//242 243//243
f 239//239 243//243 244//244
f 244//244 243//243 245//245
f 244//244 245//245 246//246
f 246//246 245//245 247//247
f 154//154 153//153 248//248
f 248//248 153//153 246//246
f 248//248 246//246 249//249
f 249//249 246//246 247//247
f 250//250 251//251 252//252
f 253//253 254//254 252//252
f 252//252 254//254 255//255
f 252//252 255//255 256//256
f 251//251 257//257 252//252
f 252//252 257//257 258//258
f 252//252 258//258 259//259
f 256//256 260//260 252//252
f 252//252 260//260 261//261
f 252//252 261//261 262//262
f 263//263 264//264 265//265
f 265//265 264//264 266//266
f 259//259 267//267 252//252
f 252//252 267//267 266//266
f 252//252 266//266 268//268
f 268//268 266//266 264//264
f 262//262 269//269 252//252
f 252//252 269//269 270//270
f 252//252 270//270 250//250
f 271//271 272//272 273//273
f 273//273 274//274 271//271
f 271//271 274//274 275//275
f 271//271 275//275 276//276
f 276//276 275//275 277//277
f 276//276 277//277 278//278
f 279//279 280//280 281//281
f 282//282 281//281 283//283
f 283//283 281//281 284//284
f 283//283 284//284 277//277
f 277//277 284//284 285//285
f 277//277 285//285 278//278
f 280//280 286//286 287//287
f 287//287 288//288 280//280
f 280//280 288//288 289//289
f 280//280 289//289 281//281
f 282//282 290//290 281//281
f 281//281 290//290 291//291
f 281//281 291//291 292//292
f 293//293 294//294 281//281
f 281//281 294//294 295//295
f 281//281 295//295 279//279
f 292//292 296//296 281//281
f 281//281 296//296 297//297
f 281//281 297//297 298//298
f 298//298 299//299 281//281
f 281//281 299//299 300//300
f 281//281 300//300 293//293
f 301//301 302//302 303//303
f 303//303 302//302 304//304
f 305//305 306//306 307//307
f 308//308 309//309 310//310
f 310//310 309//309 311//311
f 312//312 313//313 314//314
f 314//314 313//313 308//308
f 314//314 308//308 315//315
f 315//315 308//308 310//310
f 316//316 317//317 318//318
f 318//318 317//317 319//319
f 318//318 319//319 320//320
f 321//321 305//305 322//322
f 322//322 305//305 307//307
f 322//322 307//307 323//323
f 323//323 307//307 310//310
f 323//323 310//310 324//324
f 324//324 310//310 311//311
f 316//316 318//318 322//322
f 322//322 318//318 325//325
f 322//322 325//325 326//326
f 327//327 328//328 322//322
f 322//322 328//328 329//329
f 322//322 329//329 321//321
f 326//326 330//330 322//322
f 322//322 330//330 331//331
f 322//322 331//331 332//332
f 332//332 333//333 322//322
f 322//322 333//333 334//334
f 322//322 334//334 327//327
f 335//335 336//336 337//337
f 337//337 336//336 338//338
f 302//302 301//301 339//339
f 339//339 301//301 340//340
f 341//341 342//342 340//340
f 340//340 342//342 343//343
f 340//340 343//343 339//339
f 344//344 345//345 346//346
f 346//346 345//345 347//347
f 346//346 347//347 341//341
f 341//341 347//347 348//348
f 341//341 348//348 342//342
f 346//346 349//349 344//344
f 344//344 349//349 350//350
f 344//344 350//350 253//253
f 253//253 350//350 351//351
f 253//253 351//351 254//254
f 189//189 188//188 352//352
f 352//352 188//188 353//353
f 352//352 353//353 354//354
f 354//354 353//353 355//355
f 355//355 353//353 356//356
f 355//355 356//356 357//357
f 357//357 356//356 358//358
f 357//357 358//358 359//359
f 359//359 358//358 360//360
f 359//359 360//360 361//361
f 361//361 360//360 362//362
f 361//361 362//362 363//363
f 337//337 338//338 364//364
f 364//364 338//338 363//363
f 364//364 363//363 365//365
f 365//365 363//363 362//362
f 171//171 163//163 140//140
f 140//140 163//163 123//123
f 152//152 137//137 153//153
f 153//153 137//137 118//118
f 210//210 244//244 118//118
f 118//118 244//244 246//246
f 118//118 246//246 153//153
f 210//210 212//212 244//244
f 244//244 212//212 217//217
f 244//244 217//217 219//219
f 219//219 222//222 244//244
f 244//244 222//222 227//227
f 244//244 227//227 229//229
f 229//229 234//234 244//244
f 244//244 234//234 236//236
f 244//244 236//236 239//239
f 125//125 161//161 2//2
f 2//2 161//161 44//44
f 31//31 25//25 8//8
f 44//44 41//41 2//2
f 2//2 41//41 35//35
f 2//2 35//35 4//4
f 4//4 35//35 10//10
f 10//10 35//35 8//8
f 8//8 35//35 37//37
f 8//8 37//37 31//31
f 25//25 27//27 8//8
f 8//8 27//27 18//18
f 8//8 18//18 14//14
f 14//14 18//18 20//20
f 366//366 273//273 272//272
f 272//272 367//367 366//366
f 366//366 367//367 368//368
f 366//366 368//368 369//369
f 369//369 368//368 370//370
f 368//368 371//371 370//370
f 370//370 371//371 372//372
f 370//370 372//372 373//373
f 373//373 372//372 374//374
f 375//375 303//303 304//304
f 372//372 376//376 374//374
f 374//374 376//376 375//375
f 374//374 375//375 377//377
f 377//377 375//375 304//304
f 378//378 379//379 380//380
f 378//378 380//380 381//381
f 381//381 380//380 382//382
f 381//381 382//382 383//383
f 383//383 382//382 384//384
f 383//383 384//384 385//385
f 385//385 384//384 336//336
f 385//385 336//336 335//335
f 379//379 378//378 386//386
f 386//386 378//378 387//387
f 386//386 387//387 388//388
f 388//388 387//387 389//389
f 389//389 387//387 313//313
f 389//389 313//313 312//312
f 390//390 391//391 392//392
f 392//392 391//391 283//283
f 283//283 391//391 393//393
f 283//283 393//393 282//282
f 394//394 395//395 392//392
f 392//392 395//395 396//396
f 392//392 396//396 390//390
f 397//397 398//398 399//399
f 399//399 398//398 400//400
f 399//399 400//400 394//394
f 394//394 400//400 401//401
f 394//394 401//401 395//395
f 92//92 94//94 402//402
f 402//402 397//397 92//92
f 92//92 397//397 399//399
f 92//92 399//399 103//103
f 103//103 399//399 101//101
f 95//95 97//97 403//403
f 403//403 97//97 404//404
f 403//403 404//404 405//405
f 405//405 404//404 406//406
f 405//405 406//406 407//407
f 407//407 406//406 408//408
f 407//407 408//408 274//274
f 274//274 408//408 275//275
f 97//97 99//99 404//404
f 404//404 99//99 409//409
f 404//404 409//409 406//406
f 406//406 409//409 410//410
f 406//406 410//410 408//408
f 408//408 410//410 411//411
f 408//408 411//411 275//275
f 275//275 411//411 277//277
f 99//99 101//101 409//409
f 409//409 101//101 399//399
f 409//409 399//399 410//410
f 410//410 399//399 394//394
f 410//410 394//394 411//411
f 411//411 394//394 392//392
f 411//411 392//392 277//277
f 277//277 392//392 283//283
f 181//181 95//95 403//403
f 274//274 273//273 412//412
f 274//274 412//412 407//407
f 407//407 412//412 413//413
f 407//407 413//413 405//405
f 413//413 414//414 405//405
f 405//405 414//414 415//415
f 405//405 415//415 403//403
f 403//403 415//415 416//416
f 403//403 416//416 181//181
f 370//370 373//373 417//417
f 374//374 377//377 418//418
f 419//419 173//173 172//172
f 377//377 304//304 418//418
f 418//418 304//304 420//420
f 418//418 420//420 421//421
f 421//421 420//420 422//422
f 421//421 422//422 423//423
f 423//423 422//422 424//424
f 373//373 374//374 417//417
f 417//417 374//374 418//418
f 417//417 418//418 425//425
f 425//425 418//418 421//421
f 425//425 421//421 426//426
f 426//426 421//421 423//423
f 369//369 370//370 427//427
f 427//427 370//370 417//417
f 427//427 417//417 428//428
f 428//428 417//417 425//425
f 428//428 425//425 429//429
f 429//429 425//425 426//426
f 366//366 369//369 430//430
f 430//430 369//369 427//427
f 430//430 427//427 431//431
f 431//431 427//427 428//428
f 431//431 428//428 432//432
f 432//432 428//428 429//429
f 419//419 172//172 433//433
f 433//433 172//172 174//174
f 433//433 174//174 434//434
f 434//434 174//174 185//185
f 434//434 185//185 435//435
f 435//435 185//185 183//183
f 435//435 183//183 436//436
f 436//436 183//183 181//181
f 436//436 181//181 416//416
f 416//416 432//432 436//436
f 436//436 432//432 429//429
f 436//436 429//429 435//435
f 435//435 429//429 426//426
f 435//435 426//426 434//434
f 434//434 426//426 423//423
f 434//434 423//423 433//433
f 433//433 423//423 424//424
f 433//433 424//424 419//419
f 273//273 366//366 412//412
f 412//412 366//366 430//430
f 412//412 430//430 413//413
f 413//413 430//430 431//431
f 413//413 431//431 414//414
f 414//414 431//431 432//432
f 414//414 432//432 415//415
f 415//415 432//432 416//416
f 304//304 302//302 437//437
f 304//304 437//437 420//420
f 420//420 437//437 438//438
f 420//420 438//438 422//422
f 422//422 438//438 439//439
f 422//422 439//439 424//424
f 424//424 439//439 440//440
f 424//424 440//440 419//419
f 419//419 440//440 164//164
f 419//419 164//164 173//173
f 437//437 302//302 339//339
f 439//439 438//438 441//441
f 440//440 439//439 442//442
f 164//164 440//440 443//443
f 438//438 437//437 444//444
f 444//444 437//437 339//339
f 444//444 339//339 445//445
f 445//445 339//339 343//343
f 343//343 342//342 445//445
f 445//445 342//342 348//348
f 445//445 348//348 446//446
f 344//344 447//447 345//345
f 345//345 447//447 446//446
f 345//345 446//446 347//347
f 347//347 446//446 348//348
f 438//438 444//444 441//441
f 441//441 444//444 445//445
f 441//441 445//445 448//448
f 448//448 445//445 446//446
f 448//448 446//446 449//449
f 449//449 446//446 447//447
f 449//449 447//447 450//450
f 344//344 253//253 447//447
f 447//447 253//253 451//451
f 447//447 451//451 450//450
f 450//450 451//451 452//452
f 450//450 452//452 453//453
f 439//439 441//441 442//442
f 442//442 441//441 448//448
f 442//442 448//448 454//454
f 454//454 448//448 449//449
f 454//454 449//449 455//455
f 455//455 449//449 450//450
f 455//455 450//450 456//456
f 456//456 450//450 453//453
f 456//456 453//453 457//457
f 440//440 442//442 443//443
f 443//443 442//442 454//454
f 443//443 454//454 458//458
f 458//458 454//454 455//455
f 458//458 455//455 459//459
f 459//459 455//455 456//456
f 459//459 456//456 460//460
f 460//460 456//456 457//457
f 460//460 457//457 461//461
f 164//164 443//443 165//165
f 165//165 443//443 458//458
f 165//165 458//458 156//156
f 156//156 458//458 459//459
f 156//156 459//459 158//158
f 158//158 459//459 460//460
f 158//158 460//460 160//160
f 160//160 460//460 461//461
f 160//160 461//461 162//162
f 451//451 253//253 462//462
f 462//462 253//253 252//252
f 451//451 462//462 452//452
f 452//452 462//462 463//463
f 452//452 463//463 453//453
f 453//453 463//463 457//457
f 457//457 463//463 464//464
f 457//457 464//464 461//461
f 461//461 464//464 45//45
f 461//461 45//45 162//162
f 5//5 12//12 465//465
f 6//6 13//13 466//466
f 23//23 30//30 467//467
f 32//32 39//39 468//468
f 268//268 264//264 469//469
f 469//469 264//264 470//470
f 469//469 470//470 471//471
f 471//471 470//470 472//472
f 471//471 472//472 473//473
f 473//473 472//472 474//474
f 264//264 263//263 470//470
f 470//470 263//263 475//475
f 470//470 475//475 472//472
f 472//472 475//475 476//476
f 472//472 476//476 474//474
f 474//474 476//476 477//477
f 263//263 265//265 475//475
f 475//475 265//265 478//478
f 475//475 478//478 476//476
f 476//476 478//478 479//479
f 476//476 479//479 477//477
f 477//477 479//479 480//480
f 258//258 257//257 481//481
f 481//481 257//257 482//482
f 481//481 482//482 483//483
f 483//483 482//482 484//484
f 483//483 484//484 485//485
f 485//485 484//484 486//486
f 257//257 251//251 482//482
f 482//482 251//251 487//487
f 482//482 487//487 484//484
f 484//484 487//487 488//488
f 484//484 488//488 486//486
f 486//486 488//488 489//489
f 251//251 250//250 487//487
f 487//487 250//250 490//490
f 487//487 490//490 488//488
f 488//488 490//490 491//491
f 488//488 491//491 489//489
f 489//489 491//491 492//492
f 270//270 269//269 493//493
f 493//493 269//269 494//494
f 493//493 494//494 495//495
f 495//495 494//494 496//496
f 495//495 496//496 497//497
f 497//497 496//496 466//466
f 261//261 260//260 498//498
f 498//498 260//260 499//499
f 498//498 499//499 500//500
f 500//500 499//499 501//501
f 500//500 501//501 502//502
f 502//502 501//501 465//465
f 252//252 268//268 462//462
f 462//462 268//268 469//469
f 462//462 469//469 463//463
f 463//463 469//469 471//471
f 463//463 471//471 464//464
f 464//464 471//471 473//473
f 464//464 473//473 45//45
f 45//45 473//473 43//43
f 38//38 36//36 480//480
f 480//480 36//36 34//34
f 480//480 34//34 477//477
f 477//477 34//34 33//33
f 477//477 33//33 474//474
f 474//474 33//33 40//40
f 474//474 40//40 473//473
f 473//473 40//40 42//42
f 473//473 42//42 43//43
f 39//39 38//38 468//468
f 468//468 38//38 480//480
f 468//468 480//480 503//503
f 503//503 480//480 479//479
f 503//503 479//479 504//504
f 504//504 479//479 478//478
f 504//504 478//478 266//266
f 266//266 478//478 265//265
f 30//30 32//32 467//467
f 467//467 32//32 468//468
f 467//467 468//468 505//505
f 505//505 468//468 503//503
f 505//505 503//503 506//506
f 506//506 503//503 504//504
f 506//506 504//504 267//267
f 267//267 504//504 266//266
f 24//24 23//23 507//507
f 507//507 23//23 467//467
f 507//507 467//467 508//508
f 508//508 467//467 505//505
f 508//508 505//505 509//509
f 509//509 505//505 506//506
f 509//509 506//506 259//259
f 259//259 506//506 267//267
f 259//259 258//258 509//509
f 509//509 258//258 481//481
f 509//509 481//481 508//508
f 508//508 481//481 483//483
f 508//508 483//483 507//507
f 507//507 483//483 485//485
f 507//507 485//485 24//24
f 24//24 485//485 26//26
f 21//21 19//19 492//492
f 492//492 19//19 17//17
f 492//492 17//17 489//489
f 489//489 17//17 16//16
f 489//489 16//16 486//486
f 486//486 16//16 29//29
f 486//486 29//29 485//485
f 485//485 29//29 28//28
f 485//485 28//28 26//26
f 22//22 21//21 497//497
f 497//497 21//21 492//492
f 497//497 492//492 495//495
f 495//495 492//492 491//491
f 495//495 491//491 493//493
f 493//493 491//491 490//490
f 493//493 490//490 270//270
f 270//270 490//490 250//250
f 466//466 13//13 497//497
f 497//497 13//13 15//15
f 497//497 15//15 22//22
f 7//7 6//6 510//510
f 510//510 6//6 466//466
f 510//510 466//466 511//511
f 511//511 466//466 496//496
f 511//511 496//496 512//512
f 512//512 496//496 494//494
f 512//512 494//494 262//262
f 262//262 494//494 269//269
f 262//262 261//261 512//512
f 512//512 261//261 498//498
f 512//512 498//498 511//511
f 511//511 498//498 500//500
f 511//511 500//500 510//510
f 510//510 500//500 502//502
f 510//510 502//502 7//7
f 7//7 502//502 9//9
f 465//465 12//12 502//502
f 502//502 12//12 11//11
f 502//502 11//11 9//9
f 3//3 5//5 513//513
f 513//513 5//5 465//465
f 513//513 465//465 514//514
f 514//514 465//465 501//501
f 514//514 501//501 515//515
f 515//515 501//501 499//499
f 515//515 499//499 256//256
f 256//256 499//499 260//260
f 256//256 255//255 515//515
f 515//515 255//255 516//516
f 515//515 516//516 514//514
f 514//514 516//516 517//517
f 514//514 517//517 513//513
f 513//513 517//517 518//518
f 513//513 518//518 3//3
f 3//3 518//518 1//1
f 255//255 254//254 519//519
f 255//255 519//519 516//516
f 516//516 519//519 520//520
f 516//516 520//520 517//517
f 517//517 520//520 521//521
f 517//517 521//521 518//518
f 518//518 521//521 126//126
f 518//518 126//126 1//1
f 519//519 254//254 351//351
f 520//520 519//519 522//522
f 521//521 520//520 523//523
f 126//126 521//521 524//524
f 519//519 351//351 522//522
f 522//522 351//351 350//350
f 522//522 350//350 525//525
f 350//350 349//349 525//525
f 525//525 349//349 346//346
f 525//525 346//346 526//526
f 520//520 522//522 523//523
f 523//523 522//522 525//525
f 523//523 525//525 527//527
f 527//527 525//525 526//526
f 527//527 526//526 528//528
f 528//528 526//526 529//529
f 528//528 529//529 530//530
f 346//346 341//341 526//526
f 526//526 341//341 340//340
f 526//526 340//340 529//529
f 529//529 340//340 301//301
f 301//301 531//531 529//529
f 529//529 531//531 532//532
f 529//529 532//532 530//530
f 530//530 532//532 533//533
f 530//530 533//533 534//534
f 521//521 523//523 524//524
f 524//524 523//523 527//527
f 524//524 527//527 535//535
f 535//535 527//527 528//528
f 535//535 528//528 536//536
f 536//536 528//528 530//530
f 536//536 530//530 537//537
f 537//537 530//530 534//534
f 537//537 534//534 538//538
f 126//126 524//524 128//128
f 128//128 524//524 535//535
f 128//128 535//535 129//129
f 129//129 535//535 536//536
f 129//129 536//536 120//120
f 120//120 536//536 537//537
f 120//120 537//537 122//122
f 122//122 537//537 538//538
f 122//122 538//538 124//124
f 301//301 303//303 531//531
f 531//531 303//303 539//539
f 531//531 539//539 532//532
f 532//532 539//539 540//540
f 532//532 540//540 533//533
f 533//533 540//540 541//541
f 533//533 541//541 534//534
f 534//534 541//541 542//542
f 534//534 542//542 538//538
f 538//538 542//542 543//543
f 538//538 543//543 124//124
f 124//124 543//543 138//138
f 544//544 545//545 546//546
f 367//367 272//272 547//547
f 547//547 272//272 548//548
f 547//547 548//548 549//549
f 549//549 548//548 550//550
f 549//549 550//550 551//551
f 551//551 550//550 552//552
f 551//551 552//552 143//143
f 143//143 552//552 141//141
f 143//143 145//145 551//551
f 551//551 145//145 553//553
f 551//551 553//553 549//549
f 549//549 553//553 554//554
f 549//549 554//554 547//547
f 547//547 554//554 555//555
f 376//376 372//372 555//555
f 555//555 372//372 371//371
f 555//555 371//371 547//547
f 547//547 371//371 368//368
f 547//547 368//368 367//367
f 545//545 147//147 139//139
f 556//556 557//557 558//558
f 545//545 139//139 546//546
f 546//546 139//139 138//138
f 546//546 138//138 543//543
f 543//543 542//542 546//546
f 546//546 542//542 556//556
f 546//546 556//556 544//544
f 544//544 556//556 558//558
f 539//539 557//557 540//540
f 540//540 557//557 556//556
f 540//540 556//556 541//541
f 541//541 556//556 542//542
f 145//145 147//147 553//553
f 553//553 147//147 545//545
f 553//553 545//545 554//554
f 554//554 545//545 544//544
f 554//554 544//544 555//555
f 555//555 544//544 558//558
f 555//555 558//558 376//376
f 376//376 558//558 557//557
f 376//376 557//557 375//375
f 375//375 557//557 539//539
f 375//375 539//539 303//303
f 272//272 271//271 559//559
f 272//272 559//559 548//548
f 548//548 559//559 560//560
f 548//548 560//560 550//550
f 550//550 560//560 561//561
f 550//550 561//561 552//552
f 552//552 561//561 85//85
f 552//552 85//85 141//141
f 65//65 67//67 562//562
f 81//81 83//83 563//563
f 563//563 564//564 565//565
f 564//564 566//566 567//567
f 566//566 276//276 278//278
f 566//566 278//278 567//567
f 567//567 278//278 285//285
f 567//567 285//285 568//568
f 568//568 285//285 284//284
f 568//568 284//284 569//569
f 569//569 284//284 281//281
f 569//569 281//281 570//570
f 570//570 281//281 289//289
f 570//570 289//289 571//571
f 564//564 567//567 565//565
f 565//565 567//567 568//568
f 565//565 568//568 572//572
f 572//572 568//568 569//569
f 572//572 569//569 573//573
f 573//573 569//569 570//570
f 573//573 570//570 574//574
f 574//574 570//570 571//571
f 574//574 571//571 575//575
f 563//563 565//565 576//576
f 576//576 565//565 572//572
f 576//576 572//572 577//577
f 577//577 572//572 573//573
f 577//577 573//573 578//578
f 578//578 573//573 574//574
f 578//578 574//574 579//579
f 579//579 574//574 575//575
f 579//579 575//575 562//562
f 271//271 276//276 559//559
f 559//559 276//276 566//566
f 559//559 566//566 560//560
f 560//560 566//566 564//564
f 560//560 564//564 561//561
f 561//561 564//564 563//563
f 561//561 563//563 85//85
f 85//85 563//563 83//83
f 81//81 563//563 79//79
f 79//79 563//563 576//576
f 79//79 576//576 77//77
f 77//77 576//576 577//577
f 77//77 577//577 75//75
f 75//75 577//577 578//578
f 75//75 578//578 73//73
f 73//73 578//578 579//579
f 73//73 579//579 71//71
f 562//562 67//67 579//579
f 579//579 67//67 69//69
f 579//579 69//69 71//71
f 63//63 65//65 580//580
f 580//580 65//65 562//562
f 580//580 562//562 581//581
f 581//581 562//562 575//575
f 581//581 575//575 582//582
f 582//582 575//575 571//571
f 582//582 571//571 288//288
f 288//288 571//571 289//289
f 288//288 287//287 582//582
f 582//582 287//287 583//583
f 582//582 583//583 581//581
f 581//581 583//583 584//584
f 581//581 584//584 580//580
f 580//580 584//584 585//585
f 580//580 585//585 63//63
f 63//63 585//585 61//61
f 586//586 587//587 585//585
f 585//585 587//587 62//62
f 585//585 62//62 61//61
f 586//586 585//585 588//588
f 588//588 585//585 584//584
f 588//588 584//584 589//589
f 589//589 584//584 583//583
f 589//589 583//583 590//590
f 590//590 583//583 287//287
f 590//590 287//287 286//286
f 100//100 98//98 591//591
f 592//592 88//88 87//87
f 593//593 594//594 87//87
f 87//87 594//594 595//595
f 87//87 595//595 592//592
f 596//596 597//597 598//598
f 598//598 597//597 599//599
f 598//598 599//599 593//593
f 593//593 599//599 600//600
f 593//593 600//600 594//594
f 306//306 601//601 307//307
f 307//307 601//601 602//602
f 307//307 602//602 596//596
f 596//596 602//602 603//603
f 596//596 603//603 597//597
f 100//100 591//591 102//102
f 87//87 104//104 593//593
f 593//593 104//104 604//604
f 593//593 604//604 598//598
f 598//598 604//604 605//605
f 598//598 605//605 596//596
f 596//596 605//605 606//606
f 596//596 606//606 307//307
f 307//307 606//606 310//310
f 104//104 102//102 604//604
f 604//604 102//102 591//591
f 604//604 591//591 605//605
f 605//605 591//591 607//607
f 605//605 607//607 606//606
f 606//606 607//607 608//608
f 606//606 608//608 310//310
f 310//310 608//608 315//315
f 98//98 96//96 591//591
f 591//591 96//96 609//609
f 591//591 609//609 607//607
f 607//607 609//609 610//610
f 607//607 610//610 608//608
f 608//608 610//610 611//611
f 608//608 611//611 315//315
f 315//315 611//611 314//314
f 612//612 312//312 611//611
f 611//611 312//312 314//314
f 612//612 611//611 613//613
f 613//613 611//611 610//610
f 613//613 610//610 614//614
f 614//614 610//610 615//615
f 615//615 610//610 609//609
f 615//615 609//609 616//616
f 616//616 609//609 96//96
f 616//616 96//96 180//180
f 382//382 380//380 617//617
f 379//379 386//386 618//618
f 388//388 389//389 619//619
f 620//620 615//615 621//621
f 621//621 615//615 616//616
f 621//621 616//616 182//182
f 182//182 616//616 180//180
f 389//389 312//312 619//619
f 619//619 312//312 612//612
f 619//619 612//612 622//622
f 622//622 612//612 613//613
f 622//622 613//613 620//620
f 620//620 613//613 614//614
f 620//620 614//614 615//615
f 386//386 388//388 618//618
f 618//618 388//388 619//619
f 618//618 619//619 623//623
f 623//623 619//619 622//622
f 623//623 622//622 624//624
f 624//624 622//622 620//620
f 624//624 620//620 625//625
f 625//625 620//620 621//621
f 625//625 621//621 184//184
f 184//184 621//621 182//182
f 380//380 379//379 617//617
f 617//617 379//379 618//618
f 617//617 618//618 626//626
f 626//626 618//618 623//623
f 626//626 623//623 627//627
f 627//627 623//623 624//624
f 627//627 624//624 628//628
f 628//628 624//624 625//625
f 628//628 625//625 186//186
f 186//186 625//625 184//184
f 384//384 382//382 629//629
f 629//629 382//382 617//617
f 629//629 617//617 630//630
f 630//630 617//617 626//626
f 630//630 626//626 631//631
f 631//631 626//626 627//627
f 631//631 627//627 632//632
f 632//632 627//627 628//628
f 632//632 628//628 187//187
f 187//187 628//628 186//186
f 336//336 384//384 633//633
f 633//633 384//384 629//629
f 633//633 629//629 634//634
f 634//634 629//629 630//630
f 634//634 630//630 635//635
f 635//635 630//630 631//631
f 635//635 631//631 636//636
f 636//636 631//631 632//632
f 636//636 632//632 175//175
f 175//175 632//632 187//187
f 338//338 336//336 633//633
f 338//338 633//633 637//637
f 637//637 633//633 634//634
f 637//637 634//634 638//638
f 638//638 634//634 635//635
f 638//638 635//635 639//639
f 639//639 635//635 636//636
f 639//639 636//636 640//640
f 640//640 636//636 175//175
f 640//640 175//175 176//176
f 361//361 363//363 641//641
f 357//357 359//359 642//642
f 354//354 355//355 643//643
f 644//644 645//645 646//646
f 646//646 645//645 647//647
f 646//646 647//647 648//648
f 648//648 647//647 649//649
f 167//167 166//166 650//650
f 650//650 166//166 651//651
f 650//650 651//651 649//649
f 649//649 651//651 652//652
f 649//649 652//652 648//648
f 354//354 643//643 352//352
f 169//169 167//167 653//653
f 653//653 167//167 650//650
f 653//653 650//650 654//654
f 654//654 650//650 649//649
f 654//654 649//649 655//655
f 655//655 649//649 647//647
f 655//655 647//647 643//643
f 643//643 647//647 645//645
f 643//643 645//645 352//352
f 352//352 645//645 644//644
f 352//352 644//644 189//189
f 179//179 169//169 656//656
f 656//656 169//169 653//653
f 656//656 653//653 657//657
f 657//657 653//653 654//654
f 657//657 654//654 658//658
f 658//658 654//654 655//655
f 658//658 655//655 642//642
f 642//642 655//655 643//643
f 642//642 643//643 357//357
f 357//357 643//643 355//355
f 178//178 179//179 659//659
f 659//659 179//179 656//656
f 659//659 656//656 660//660
f 660//660 656//656 657//657
f 660//660 657//657 661//661
f 661//661 657//657 658//658
f 661//661 658//658 641//641
f 641//641 658//658 642//642
f 641//641 642//642 361//361
f 361//361 642//642 359//359
f 176//176 178//178 640//640
f 640//640 178//178 659//659
f 640//640 659//659 639//639
f 639//639 659//659 660//660
f 639//639 660//660 638//638
f 638//638 660//660 661//661
f 638//638 661//661 637//637
f 637//637 661//661 641//641
f 637//637 641//641 338//338
f 338//338 641//641 363//363
f 166//166 154//154 662//662
f 191//191 189//189 644//644
f 191//191 644//644 663//663
f 663//663 644//644 646//646
f 663//663 646//646 664//664
f 646//646 648//648 664//664
f 664//664 648//648 652//652
f 664//664 652//652 662//662
f 662//662 652//652 651//651
f 662//662 651//651 166//166
f 191//191 663//663 665//665
f 663//663 664//664 666//666
f 664//664 662//662 667//667
f 245//245 668//668 247//247
f 247//247 668//668 669//669
f 247//247 669//669 249//249
f 249//249 669//669 667//667
f 249//249 667//667 248//248
f 248//248 667//667 662//662
f 248//248 662//662 154//154
f 245//245 243//243 668//668
f 668//668 243//243 242//242
f 668//668 242//242 670//670
f 670//670 242//242 238//238
f 670//670 238//238 671//671
f 671//671 238//238 240//240
f 671//671 240//240 672//672
f 672//672 240//240 241//241
f 241//241 237//237 672//672
f 672//672 237//237 235//235
f 672//672 235//235 673//673
f 235//235 233//233 673//673
f 673//673 233//233 232//232
f 673//673 232//232 674//674
f 674//674 232//232 228//228
f 674//674 228//228 675//675
f 675//675 228//228 230//230
f 675//675 230//230 676//676
f 676//676 230//230 231//231
f 231//231 226//226 676//676
f 676//676 226//226 225//225
f 676//676 225//225 677//677
f 677//677 225//225 221//221
f 677//677 221//221 678//678
f 221//221 223//223 678//678
f 678//678 223//223 224//224
f 678//678 224//224 679//679
f 224//224 220//220 679//679
f 679//679 220//220 218//218
f 679//679 218//218 680//680
f 218//218 216//216 680//680
f 680//680 216//216 215//215
f 680//680 215//215 681//681
f 681//681 215//215 211//211
f 681//681 211//211 682//682
f 682//682 211//211 213//213
f 682//682 213//213 683//683
f 683//683 213//213 214//214
f 214//214 209//209 683//683
f 683//683 209//209 117//117
f 683//683 117//117 684//684
f 664//664 667//667 666//666
f 666//666 667//667 669//669
f 666//666 669//669 685//685
f 685//685 669//669 668//668
f 685//685 668//668 686//686
f 686//686 668//668 670//670
f 686//686 670//670 687//687
f 687//687 670//670 671//671
f 687//687 671//671 688//688
f 688//688 671//671 672//672
f 688//688 672//672 689//689
f 689//689 672//672 673//673
f 689//689 673//673 690//690
f 690//690 673//673 674//674
f 690//690 674//674 691//691
f 691//691 674//674 675//675
f 691//691 675//675 692//692
f 692//692 675//675 676//676
f 692//692 676//676 693//693
f 693//693 676//676 677//677
f 693//693 677//677 694//694
f 694//694 677//677 678//678
f 694//694 678//678 695//695
f 695//695 678//678 679//679
f 695//695 679//679 696//696
f 696//696 679//679 680//680
f 696//696 680//680 697//697
f 697//697 680//680 681//681
f 697//697 681//681 698//698
f 698//698 681//681 682//682
f 698//698 682//682 699//699
f 699//699 682//682 683//683
f 699//699 683//683 700//700
f 700//700 683//683 684//684
f 700//700 684//684 701//701
f 663//663 666//666 665//665
f 665//665 666//666 685//685
f 665//665 685//685 702//702
f 702//702 685//685 686//686
f 702//702 686//686 703//703
f 703//703 686//686 687//687
f 703//703 687//687 704//704
f 704//704 687//687 688//688
f 704//704 688//688 705//705
f 705//705 688//688 689//689
f 705//705 689//689 706//706
f 706//706 689//689 690//690
f 706//706 690//690 707//707
f 707//707 690//690 691//691
f 707//707 691//691 708//708
f 708//708 691//691 692//692
f 708//708 692//692 709//709
f 709//709 692//692 693//693
f 709//709 693//693 710//710
f 710//710 693//693 694//694
f 710//710 694//694 711//711
f 711//711 694//694 695//695
f 711//711 695//695 712//712
f 712//712 695//695 696//696
f 712//712 696//696 713//713
f 713//713 696//696 697//697
f 713//713 697//697 714//714
f 714//714 697//697 698//698
f 714//714 698//698 715//715
f 715//715 698//698 699//699
f 715//715 699//699 716//716
f 716//716 699//699 700//700
f 716//716 700//700 717//717
f 717//717 700//700 701//701
f 717//717 701//701 718//718
f 191//191 665//665 192//192
f 192//192 665//665 702//702
f 192//192 702//702 193//193
f 193//193 702//702 703//703
f 193//193 703//703 200//200
f 200//200 703//703 704//704
f 200//200 704//704 201//201
f 201//201 704//704 705//705
f 201//201 705//705 195//195
f 195//195 705//705 706//706
f 195//195 706//706 196//196
f 196//196 706//706 707//707
f 196//196 707//707 197//197
f 197//197 707//707 708//708
f 197//197 708//708 198//198
f 198//198 708//708 709//709
f 198//198 709//709 199//199
f 199//199 709//709 710//710
f 199//199 710//710 194//194
f 194//194 710//710 711//711
f 194//194 711//711 202//202
f 202//202 711//711 712//712
f 202//202 712//712 203//203
f 203//203 712//712 713//713
f 203//203 713//713 207//207
f 207//207 713//713 714//714
f 207//207 714//714 208//208
f 208//208 714//714 715//715
f 208//208 715//715 204//204
f 204//204 715//715 716//716
f 204//204 716//716 205//205
f 205//205 716//716 717//717
f 205//205 717//717 206//206
f 206//206 717//717 718//718
f 206//206 718//718 190//190
f 188//188 190//190 718//718
f 188//188 718//718 719//719
f 719//719 718//718 701//701
f 719//719 701//701 720//720
f 720//720 701//701 684//684
f 720//720 684//684 721//721
f 721//721 684//684 117//117
f 721//721 117//117 116//116
f 188//188 719//719 722//722
f 723//723 337//337 364//364
f 724//724 725//725 726//726
f 726//726 725//725 727//727
f 728//728 729//729 724//724
f 729//729 728//728 151//151
f 727//727 723//723 730//730
f 730//730 723//723 364//364
f 730//730 364//364 731//731
f 364//364 365//365 731//731
f 731//731 365//365 362//362
f 731//731 362//362 732//732
f 732//732 362//362 360//360
f 360//360 358//358 732//732
f 732//732 358//358 356//356
f 732//732 356//356 722//722
f 722//722 356//356 353//353
f 722//722 353//353 188//188
f 727//727 730//730 726//726
f 726//726 730//730 731//731
f 726//726 731//731 733//733
f 733//733 731//731 732//732
f 733//733 732//732 734//734
f 734//734 732//732 722//722
f 734//734 722//722 735//735
f 735//735 722//722 719//719
f 735//735 719//719 720//720
f 724//724 726//726 728//728
f 728//728 726//726 733//733
f 728//728 733//733 736//736
f 736//736 733//733 734//734
f 736//736 734//734 737//737
f 737//737 734//734 735//735
f 737//737 735//735 738//738
f 738//738 735//735 720//720
f 738//738 720//720 721//721
f 151//151 728//728 130//130
f 130//130 728//728 736//736
f 130//130 736//736 131//131
f 131//131 736//736 737//737
f 131//131 737//737 133//133
f 133//133 737//737 738//738
f 133//133 738//738 135//135
f 135//135 738//738 721//721
f 135//135 721//721 116//116
f 335//335 337//337 739//739
f 739//739 337//337 723//723
f 739//739 723//723 740//740
f 740//740 723//723 727//727
f 740//740 727//727 741//741
f 741//741 727//727 725//725
f 741//741 725//725 742//742
f 742//742 725//725 724//724
f 742//742 724//724 743//743
f 743//743 724//724 729//729
f 743//743 729//729 150//150
f 150//150 729//729 151//151
f 740//740 741//741 744//744
f 742//742 743//743 745//745
f 743//743 150//150 149//149
f 742//742 745//745 741//741
f 385//385 335//335 746//746
f 746//746 335//335 739//739
f 746//746 739//739 740//740
f 743//743 149//149 745//745
f 745//745 149//149 148//148
f 745//745 148//148 747//747
f 747//747 148//148 146//146
f 747//747 146//146 748//748
f 748//748 146//146 144//144
f 748//748 144//144 749//749
f 749//749 144//144 142//142
f 749//749 142//142 750//750
f 741//741 745//745 744//744
f 744//744 745//745 747//747
f 744//744 747//747 751//751
f 751//751 747//747 748//748
f 751//751 748//748 752//752
f 752//752 748//748 749//749
f 752//752 749//749 753//753
f 753//753 749//749 750//750
f 753//753 750//750 754//754
f 740//740 744//744 746//746
f 746//746 744//744 751//751
f 746//746 751//751 755//755
f 755//755 751//751 752//752
f 755//755 752//752 756//756
f 756//756 752//752 753//753
f 756//756 753//753 757//757
f 757//757 753//753 754//754
f 757//757 754//754 758//758
f 385//385 746//746 383//383
f 383//383 746//746 755//755
f 383//383 755//755 381//381
f 381//381 755//755 756//756
f 381//381 756//756 378//378
f 378//378 756//756 757//757
f 378//378 757//757 387//387
f 387//387 757//757 758//758
f 387//387 758//758 313//313
f 308//308 313//313 758//758
f 308//308 758//758 759//759
f 759//759 758//758 754//754
f 759//759 754//754 760//760
f 760//760 754//754 750//750
f 760//760 750//750 761//761
f 761//761 750//750 142//142
f 761//761 142//142 86//86
f 82//82 80//80 762//762
f 66//66 64//64 763//763
f 763//763 764//764 765//765
f 764//764 766//766 767//767
f 766//766 317//317 316//316
f 766//766 316//316 767//767
f 767//767 316//316 322//322
f 767//767 322//322 768//768
f 768//768 322//322 323//323
f 768//768 323//323 769//769
f 769//769 323//323 324//324
f 769//769 324//324 770//770
f 770//770 324//324 311//311
f 770//770 311//311 771//771
f 764//764 767//767 765//765
f 765//765 767//767 768//768
f 765//765 768//768 772//772
f 772//772 768//768 769//769
f 772//772 769//769 773//773
f 773//773 769//769 770//770
f 773//773 770//770 774//774
f 774//774 770//770 771//771
f 774//774 771//771 775//775
f 763//763 765//765 776//776
f 776//776 765//765 772//772
f 776//776 772//772 777//777
f 777//777 772//772 773//773
f 777//777 773//773 778//778
f 778//778 773//773 774//774
f 778//778 774//774 779//779
f 779//779 774//774 775//775
f 779//779 775//775 762//762
f 319//319 317//317 780//780
f 780//780 317//317 766//766
f 780//780 766//766 781//781
f 781//781 766//766 764//764
f 781//781 764//764 782//782
f 782//782 764//764 763//763
f 782//782 763//763 48//48
f 48//48 763//763 64//64
f 66//66 763//763 68//68
f 68//68 763//763 776//776
f 68//68 776//776 70//70
f 70//70 776//776 777//777
f 70//70 777//777 72//72
f 72//72 777//777 778//778
f 72//72 778//778 74//74
f 74//74 778//778 779//779
f 74//74 779//779 76//76
f 762//762 80//80 779//779
f 779//779 80//80 78//78
f 779//779 78//78 76//76
f 84//84 82//82 783//783
f 783//783 82//82 762//762
f 783//783 762//762 784//784
f 784//784 762//762 775//775
f 784//784 775//775 785//785
f 785//785 775//775 771//771
f 785//785 771//771 309//309
f 309//309 771//771 311//311
f 309//309 308//308 785//785
f 785//785 308//308 759//759
f 785//785 759//759 784//784
f 784//784 759//759 760//760
f 784//784 760//760 783//783
f 783//783 760//760 761//761
f 783//783 761//761 84//84
f 84//84 761//761 86//86
f 786//786 787//787 780//780
f 780//780 787//787 320//320
f 780//780 320//320 319//319
f 786//786 780//780 788//788
f 788//788 780//780 781//781
f 788//788 781//781 789//789
f 789//789 781//781 782//782
f 789//789 782//782 790//790
f 790//790 782//782 48//48
f 790//790 48//48 47//47
f 137//137 152//152 168//168
f 137//137 168//168 136//136
f 136//136 168//168 170//170
f 136//136 170//170 134//134
f 134//134 170//170 177//177
f 134//134 177//177 132//132
f 132//132 177//177 171//171
f 132//132 171//171 140//140
f 123//123 163//163 155//155
f 123//123 155//155 121//121
f 121//121 155//155 157//157
f 121//121 157//157 119//119
f 119//119 157//157 159//159
f 119//119 159//159 127//127
f 127//127 159//159 161//161
f 127//127 161//161 125//125
f 791//791 792//792 51//51
f 51//51 792//792 53//53
f 53//53 792//792 55//55
f 55//55 792//792 793//793
f 55//55 793//793 57//57
f 786//786 788//788 794//794
f 794//794 788//788 789//789
f 57//57 793//793 49//49
f 49//49 793//793 795//795
f 49//49 795//795 46//46
f 46//46 795//795 794//794
f 46//46 794//794 47//47
f 47//47 794//794 789//789
f 47//47 789//789 790//790
f 796//796 797//797 326//326
f 326//326 325//325 796//796
f 796//796 325//325 318//318
f 796//796 318//318 795//795
f 795//795 318//318 320//320
f 795//795 320//320 794//794
f 794//794 320//320 787//787
f 794//794 787//787 786//786
f 333//333 332//332 798//798
f 798//798 332//332 331//331
f 798//798 331//331 797//797
f 797//797 331//331 330//330
f 797//797 330//330 326//326
f 799//799 800//800 107//107
f 107//107 106//106 799//799
f 799//799 106//106 90//90
f 799//799 90//90 89//89
f 801//801 114//114 802//802
f 802//802 114//114 112//112
f 802//802 112//112 800//800
f 800//800 112//112 110//110
f 800//800 110//110 107//107
f 333//333 803//803 334//334
f 334//334 803//803 327//327
f 327//327 803//803 328//328
f 328//328 803//803 804//804
f 328//328 804//804 329//329
f 329//329 804//804 321//321
f 321//321 804//804 805//805
f 321//321 805//805 305//305
f 595//595 806//806 592//592
f 592//592 806//806 88//88
f 806//806 597//597 603//603
f 603//603 602//602 806//806
f 806//806 602//602 601//601
f 806//806 601//601 306//306
f 599//599 597//597 600//600
f 600//600 597//597 806//806
f 600//600 806//806 594//594
f 594//594 806//806 595//595
f 305//305 805//805 306//306
f 306//306 805//805 799//799
f 306//306 799//799 806//806
f 806//806 799//799 89//89
f 806//806 89//89 88//88
f 586//586 588//588 807//807
f 807//807 588//588 589//589
f 808//808 809//809 58//58
f 58//58 59//59 808//808
f 808//808 59//59 60//60
f 808//808 60//60 810//810
f 810//810 60//60 62//62
f 810//810 62//62 807//807
f 807//807 62//62 587//587
f 807//807 587//587 586//586
f 811//811 52//52 812//812
f 812//812 52//52 54//54
f 812//812 54//54 809//809
f 809//809 54//54 56//56
f 809//809 56//56 58//58
f 299//299 813//813 300//300
f 300//300 813//813 293//293
f 293//293 813//813 294//294
f 294//294 813//813 814//814
f 294//294 814//814 295//295
f 295//295 814//814 279//279
f 279//279 814//814 810//810
f 279//279 810//810 280//280
f 280//280 810//810 807//807
f 280//280 807//807 286//286
f 286//286 807//807 589//589
f 286//286 589//589 590//590
f 113//113 801//801 815//815
f 93//93 91//91 816//816
f 816//816 91//91 105//105
f 816//816 105//105 817//817
f 396//396 395//395 818//818
f 819//819 290//290 282//282
f 395//395 401//401 818//818
f 818//818 401//401 400//400
f 818//818 400//400 398//398
f 398//398 397//397 818//818
f 818//818 397//397 402//402
f 818//818 402//402 94//94
f 393//393 391//391 818//818
f 818//818 391//391 390//390
f 818//818 390//390 396//396
f 93//93 816//816 94//94
f 94//94 816//816 819//819
f 94//94 819//819 818//818
f 818//818 819//819 282//282
f 818//818 282//282 393//393
f 820//820 292//292 819//819
f 819//819 292//292 291//291
f 819//819 291//291 290//290
f 299//299 298//298 821//821
f 821//821 298//298 297//297
f 821//821 297//297 820//820
f 820//820 297//297 296//296
f 820//820 296//296 292//292
f 105//105 108//108 817//817
f 817//817 108//108 109//109
f 817//817 109//109 815//815
f 815//815 109//109 111//111
f 815//815 111//111 113//113
f 822//822 823//823 824//824
f 824//824 823//823 825//825
f 824//824 825//825 826//826
f 826//826 825//825 827//827
f 826//826 827//827 828//828
f 828//828 827//827 829//829
f 828//828 829//829 830//830
f 830//830 829//829 831//831
f 830//830 831//831 832//832
f 832//832 831//831 833//833
f 832//832 833//833 834//834
f 834//834 833//833 835//835
f 834//834 835//835 836//836
f 836//836 835//835 837//837
f 836//836 837//837 838//838
f 838//838 837//837 839//839
f 838//838 839//839 840//840
f 840//840 839//839 841//841
f 840//840 841//841 842//842
f 842//842 841//841 843//843
f 842//842 843//843 844//844
f 844//844 843//843 845//845
f 844//844 845//845 846//846
f 846//846 845//845 847//847
f 846//846 847//847 848//848
f 848//848 847//847 849//849
f 848//848 849//849 850//850
f 850//850 849//849 851//851
f 850//850 851//851 852//852
f 852//852 851//851 853//853
f 852//852 853//853 854//854
f 854//854 853//853 855//855
f 854//854 855//855 856//856
f 856//856 855//855 857//857
f 856//856 857//857 858//858
f 858//858 857//857 859//859
f 858//858 859//859 860//860
f 860//860 859//859 861//861
f 860//860 861//861 862//862
f 862//862 861//861 863//863
f 862//862 863//863 864//864
f 864//864 863//863 865//865
f 864//864 865//865 866//866
f 866//866 865//865 867//867
f 866//866 867//867 868//868
f 868//868 867//867 869//869
f 868//868 869//869 870//870
f 870//870 869//869 871//871
f 870//870 871//871 872//872
f 872//872 871//871 873//873
f 872//872 873//873 874//874
f 874//874 873//873 875//875
f 874//874 875//875 876//876
f 876//876 875//875 877//877
f 876//876 877//877 878//878
f 878//878 877//877 879//879
f 878//878 879//879 880//880
f 880//880 879//879 881//881
f 880//880 881//881 882//882
f 882//882 881//881 883//883
f 882//882 883//883 884//884
f 884//884 883//883 885//885
f 884//884 885//885 886//886
f 886//886 885//885 887//887
f 886//886 887//887 888//888
f 888//888 887//887 889//889
f 888//888 889//889 890//890
f 890//890 889//889 891//891
f 890//890 891//891 892//892
f 892//892 891//891 893//893
f 892//892 893//893 894//894
f 894//894 893//893 895//895
f 894//894 895//895 896//896
f 896//896 895//895 897//897
f 896//896 897//897 898//898
f 898//898 897//897 899//899
f 898//898 899//899 900//900
f 900//900 899//899 901//901
f 900//900 901//901 902//902
f 902//902 901//901 903//903
f 902//902 903//903 904//904
f 904//904 903//903 905//905
f 904//904 905//905 906//906
f 906//906 905//905 907//907
f 906//906 907//907 908//908
f 908//908 907//907 909//909
f 908//908 909//909 910//910
f 910//910 909//909 911//911
f 910//910 911//911 912//912
f 912//912 911//911 913//913
f 912//912 913//913 914//914
f 914//914 913//913 915//915
f 914//914 915//915 916//916
f 916//916 915//915 917//917
f 916//916 917//917 918//918
f 918//918 917//917 919//919
f 918//918 919//919 920//920
f 920//920 919//919 921//921
f 920//920 921//921 922//922
f 922//922 921//921 923//923
f 922//922 923//923 924//924
f 924//924 923//923 925//925
f 924//924 925//925 926//926
f 926//926 925//925 927//927
f 926//926 927//927 928//928
f 928//928 927//927 929//929
f 928//928 929//929 930//930
f 930//930 929//929 931//931
f 930//930 931//931 932//932
f 932//932 931//931 933//933
f 932//932 933//933 934//934
f 934//934 933//933 935//935
f 934//934 935//935 936//936
f 936//936 935//935 937//937
f 936//936 937//937 938//938
f 938//938 937//937 939//939
f 938//938 939//939 940//940
f 940//940 939//939 941//941
f 940//940 941//941 942//942
f 942//942 941//941 943//943
f 942//942 943//943 944//944
f 944//944 943//943 945//945
f 944//944 945//945 946//946
f 946//946 945//945 947//947
f 946//946 947//947 948//948
f 948//948 947//947 949//949
f 948//948 949//949 950//950
f 950//950 949//949 951//951
f 950//950 951//951 952//952
f 952//952 951//951 953//953
f 952//952 953//953 954//954
f 954//954 953//953 955//955
f 954//954 955//955 956//956
f 956//956 955//955 957//957
f 956//956 957//957 958//958
f 958//958 957//957 959//959
f 958//958 959//959 960//960
f 960//960 959//959 961//961
f 960//960 961//961 962//962
f 962//962 961//961 963//963
f 962//962 963//963 964//964
f 964//964 963//963 965//965
f 964//964 965//965 966//966
f 966//966 965//965 967//967
f 966//966 967//967 968//968
f 968//968 967//967 969//969
f 968//968 969//969 970//970
f 970//970 969//969 971//971
f 970//970 971//971 972//972
f 972//972 971//971 973//973
f 972//972 973//973 974//974
f 974//974 973//973 975//975
f 974//974 975//975 976//976
f 976//976 975//975 977//977
f 976//976 977//977 978//978
f 978//978 977//977 979//979
f 978//978 979//979 980//980
f 980//980 979//979 981//981
f 980//980 981//981 982//982
f 982//982 981//981 983//983
f 982//982 983//983 984//984
f 984//984 983//983 985//985
f 984//984 985//985 986//986
f 986//986 985//985 987//987
f 986//986 987//987 988//988
f 988//988 987//987 989//989
f 988//988 989//989 822//822
f 822//822 989//989 823//823
f 990//990 991//991 992//992
f 992//992 991//991 993//993
f 992//992 993//993 994//994
f 995//995 996//996 992//992
f 992//992 996//996 997//997
f 992//992 997//997 990//990
f 998//998 999//999 992//992
f 992//992 999//999 1000//1000
f 992//992 1000//1000 995//995
f 1001//1001 1002//1002 992//992
f 992//992 1002//1002 1003//1003
f 992//992 1003//1003 998//998
f 1004//1004 1005//1005 992//992
f 992//992 1005//1005 1006//1006
f 992//992 1006//1006 1001//1001
f 1007//1007 1008//1008 992//992
f 992//992 1008//1008 1009//1009
f 992//992 1009//1009 1004//1004
f 1010//1010 1011//1011 992//992
f 992//992 1011//1011 1012//1012
f 992//992 1012//1012 1007//1007
f 1013//1013 1014//1014 992//992
f 992//992 1014//1014 1015//1015
f 992//992 1015//1015 1010//1010
f 1016//1016 1017//1017 992//992
f 992//992 1017//1017 1018//1018
f 992//992 1018//1018 1013//1013
f 1019//1019 1020//1020 992//992
f 992//992 1020//1020 1021//1021
f 992//992 1021//1021 1016//1016
f 1022//1022 1023//1023 992//992
f 992//992 1023//1023 1024//1024
f 992//992 1024//1024 1019//1019
f 1025//1025 1026//1026 992//992
f 992//992 1026//1026 1027//1027
f 992//992 1027//1027 1022//1022
f 1028//1028 1029//1029 992//992
f 992//992 1029//1029 1030//1030
f 992//992 1030//1030 1025//1025
f 1031//1031 1032//1032 992//992
f 992//992 1032//1032 1033//1033
f 992//992 1033//1033 1028//1028
f 1034//1034 1035//1035 992//992
f 992//992 1035//1035 1036//1036
f 992//992 1036//1036 1031//1031
f 1037//1037 1038//1038 992//992
f 992//992 1038//1038 1039//1039
f 992//992 1039//1039 1034//1034
f 994//994 1040//1040 992//992
f 992//992 1040//1040 1041//1041
f 992//992 1041//1041 1037//1037
f 821//821 1042//1042 299//299
f 299//299 1042//1042 1043//1043
f 299//299 1043//1043 813//813
f 820//820 1044//1044 821//821
f 821//821 1044//1044 1045//1045
f 821//821 1045//1045 1042//1042
f 819//819 1046//1046 820//820
f 820//820 1046//1046 1047//1047
f 820//820 1047//1047 1044//1044
f 816//816 1048//1048 819//819
f 819//819 1048//1048 1049//1049
f 819//819 1049//1049 1046//1046
f 817//817 1050//1050 816//816
f 816//816 1050//1050 1051//1051
f 816//816 1051//1051 1048//1048
f 800//800 799//799 1052//1052
f 801//801 1053//1053 815//815
f 815//815 1053//1053 1054//1054
f 815//815 1054//1054 817//817
f 817//817 1054//1054 1055//1055
f 817//817 1055//1055 1050//1050
f 802//802 1056//1056 801//801
f 801//801 1056//1056 1057//1057
f 801//801 1057//1057 1053//1053
f 1052//1052 1058//1058 800//800
f 800//800 1058//1058 1059//1059
f 800//800 1059//1059 802//802
f 802//802 1059//1059 1060//1060
f 802//802 1060//1060 1056//1056
f 805//805 1061//1061 799//799
f 799//799 1061//1061 1062//1062
f 799//799 1062//1062 1052//1052
f 803//803 1063//1063 804//804
f 804//804 1063//1063 1064//1064
f 804//804 1064//1064 805//805
f 805//805 1064//1064 1065//1065
f 805//805 1065//1065 1061//1061
f 795//795 1066//1066 796//796
f 796//796 1066//1066 1067//1067
f 796//796 1067//1067 797//797
f 333//333 1068//1068 803//803
f 803//803 1068//1068 1069//1069
f 803//803 1069//1069 1063//1063
f 1067//1067 1070//1070 797//797
f 797//797 1070//1070 1071//1071
f 797//797 1071//1071 798//798
f 793//793 1072//1072 795//795
f 795//795 1072//1072 1073//1073
f 795//795 1073//1073 1066//1066
f 1071//1071 1074//1074 798//798
f 798//798 1074//1074 1075//1075
f 798//798 1075//1075 333//333
f 333//333 1075//1075 1076//1076
f 333//333 1076//1076 1068//1068
f 808//808 1077//1077 809//809
f 809//809 1077//1077 1078//1078
f 809//809 1078//1078 812//812
f 792//792 1079//1079 793//793
f 793//793 1079//1079 1080//1080
f 793//793 1080//1080 1072//1072
f 810//810 1081//1081 808//808
f 808//808 1081//1081 1082//1082
f 808//808 1082//1082 1077//1077
f 814//814 1083//1083 810//810
f 810//810 1083//1083 1084//1084
f 810//810 1084//1084 1081//1081
f 1043//1043 1085//1085 813//813
f 813//813 1085//1085 1086//1086
f 813//813 1086//1086 814//814
f 814//814 1086//1086 1087//1087
f 814//814 1087//1087 1083//1083
f 811//811 1088//1088 792//792
f 792//792 1088//1088 1089//1089
f 792//792 1089//1089 1079//1079
f 1078//1078 1090//1090 812//812
f 812//812 1090//1090 1091//1091
f 812//812 1091//1091 811//811
f 811//811 1091//1091 1092//1092
f 811//811 1092//1092 1088//1088
f 901//901 1093//1093 1094//1094
f 901//901 899//899 1093//1093
f 1093//1093 899//899 897//897
f 1093//1093 897//897 1095//1095
f 1095//1095 897//897 895//895
f 1095//1095 895//895 1096//1096
f 1096//1096 895//895 893//893
f 1096//1096 893//893 1097//1097
f 1097//1097 893//893 891//891
f 891//891 889//889 1097//1097
f 1097//1097 889//889 887//887
f 1097//1097 887//887 1098//1098
f 1098//1098 887//887 885//885
f 1098//1098 885//885 1099//1099
f 885//885 883//883 1099//1099
f 1099//1099 883//883 881//881
f 1099//1099 881//881 1100//1100
f 881//881 879//879 1100//1100
f 1100//1100 879//879 877//877
f 1100//1100 877//877 1101//1101
f 877//877 875//875 1101//1101
f 1101//1101 875//875 873//873
f 1101//1101 873//873 1102//1102
f 1102//1102 873//873 871//871
f 1102//1102 871//871 1103//1103
f 1103//1103 871//871 869//869
f 1103//1103 869//869 1104//1104
f 1104//1104 869//869 867//867
f 867//867 865//865 1104//1104
f 1104//1104 865//865 863//863
f 1104//1104 863//863 1105//1105
f 1105//1105 863//863 861//861
f 1105//1105 861//861 1106//1106
f 1106//1106 861//861 859//859
f 1106//1106 859//859 1107//1107
f 1107//1107 859//859 857//857
f 857//857 855//855 1107//1107
f 1107//1107 855//855 853//853
f 1107//1107 853//853 1108//1108
f 1108//1108 853//853 851//851
f 1108//1108 851//851 1109//1109
f 1109//1109 851//851 849//849
f 1109//1109 849//849 1110//1110
f 849//849 847//847 1110//1110
f 1110//1110 847//847 845//845
f 1110//1110 845//845 1111//1111
f 845//845 843//843 1111//1111
f 1111//1111 843//843 841//841
f 1111//1111 841//841 1112//1112
f 1112//1112 841//841 839//839
f 1112//1112 839//839 1113//1113
f 1113//1113 839//839 837//837
f 1113//1113 837//837 1114//1114
f 1114//1114 837//837 835//835
f 835//835 833//833 1114//1114
f 1114//1114 833//833 831//831
f 1114//1114 831//831 1115//1115
f 1115//1115 831//831 829//829
f 1115//1115 829//829 1116//1116
f 1116//1116 829//829 827//827
f 1116//1116 827//827 1117//1117
f 1117//1117 827//827 825//825
f 825//825 823//823 1117//1117
f 1117//1117 823//823 989//989
f 1117//1117 989//989 1118//1118
f 989//989 987//987 1118//1118
f 1118//1118 987//987 985//985
f 1118//1118 985//985 1119//1119
f 1119//1119 985//985 983//983
f 1119//1119 983//983 1120//1120
f 1120//1120 983//983 981//981
f 1120//1120 981//981 1121//1121
f 1121//1121 981//981 979//979
f 979//979 977//977 1121//1121
f 1121//1121 977//977 975//975
f 1121//1121 975//975 1122//1122
f 1122//1122 975//975 973//973
f 1122//1122 973//973 1123//1123
f 1123//1123 973//973 971//971
f 1123//1123 971//971 1124//1124
f 1124//1124 971//971 969//969
f 969//969 967//967 1124//1124
f 1124//1124 967//967 965//965
f 1124//1124 965//965 1125//1125
f 1125//1125 965//965 963//963
f 1125//1125 963//963 1126//1126
f 1126//1126 963//963 961//961
f 1126//1126 961//961 1127//1127
f 961//961 959//959 1127//1127
f 1127//1127 959//959 957//957
f 1127//1127 957//957 1128//1128
f 957//957 955//955 1128//1128
f 1128//1128 955//955 953//953
f 1128//1128 953//953 1129//1129
f 1129//1129 953//953 951//951
f 1129//1129 951//951 1130//1130
f 1130//1130 951//951 949//949
f 1130//1130 949//949 1131//1131
f 1131//1131 949//949 947//947
f 947//947 945//945 1131//1131
f 1131//1131 945//945 943//943
f 1131//1131 943//943 1132//1132
f 1132//1132 943//943 941//941
f 1132//1132 941//941 1133//1133
f 1133//1133 941//941 939//939
f 1133//1133 939//939 1134//1134
f 1134//1134 939//939 937//937
f 937//937 935//935 1134//1134
f 1134//1134 935//935 933//933
f 1134//1134 933//933 1135//1135
f 933//933 931//931 1135//1135
f 1135//1135 931//931 929//929
f 1135//1135 929//929 1136//1136
f 1136//1136 929//929 927//927
f 1136//1136 927//927 1137//1137
f 1137//1137 927//927 925//925
f 1137//1137 925//925 1138//1138
f 1138//1138 925//925 923//923
f 923//923 921//921 1138//1138
f 1138//1138 921//921 919//919
f 1138//1138 919//919 1139//1139
f 1139//1139 919//919 917//917
f 1139//1139 917//917 1140//1140
f 1140//1140 917//917 915//915
f 1140//1140 915//915 1141//1141
f 1141//1141 915//915 913//913
f 913//913 911//911 1141//1141
f 1141//1141 911//911 909//909
f 1141//1141 909//909 1142//1142
f 1142//1142 909//909 907//907
f 1142//1142 907//907 1143//1143
f 1143//1143 907//907 905//905
f 1143//1143 905//905 1094//1094
f 1094//1094 905//905 903//903
f 1094//1094 903//903 901//901
f 1142//1142 1144//1144 1141//1141
f 1141//1141 1144//1144 1145//1145
f 1141//1141 1145//1145 1140//1140
f 1140//1140 1145//1145 1146//1146
f 1140//1140 1146//1146 1139//1139
f 1139//1139 1146//1146 1147//1147
f 1139//1139 1147//1147 1138//1138
f 1138//1138 1147//1147 1148//1148
f 1138//1138 1148//1148 1137//1137
f 1137//1137 1148//1148 1149//1149
f 1137//1137 1149//1149 1136//1136
f 1136//1136 1149//1149 1150//1150
f 1136//1136 1150//1150 1135//1135
f 1135//1135 1150//1150 1151//1151
f 1135//1135 1151//1151 1134//1134
f 1134//1134 1151//1151 1152//1152
f 1134//1134 1152//1152 1133//1133
f 1133//1133 1152//1152 1153//1153
f 1133//1133 1153//1153 1132//1132
f 1132//1132 1153//1153 1154//1154
f 1132//1132 1154//1154 1131//1131
f 1131//1131 1154//1154 1155//1155
f 1131//1131 1155//1155 1130//1130
f 1130//1130 1155//1155 1156//1156
f 1130//1130 1156//1156 1129//1129
f 1129//1129 1156//1156 1157//1157
f 1129//1129 1157//1157 1128//1128
f 1128//1128 1157//1157 1158//1158
f 1128//1128 1158//1158 1127//1127
f 1127//1127 1158//1158 1159//1159
f 1127//1127 1159//1159 1126//1126
f 1126//1126 1159//1159 1160//1160
f 1126//1126 1160//1160 1125//1125
f 1125//1125 1160//1160 1161//1161
f 1125//1125 1161//1161 1124//1124
f 1124//1124 1161//1161 1162//1162
f 1124//1124 1162//1162 1123//1123
f 1123//1123 1162//1162 1163//1163
f 1123//1123 1163//1163 1122//1122
f 1122//1122 1163//1163 1164//1164
f 1122//1122 1164//1164 1121//1121
f 1121//1121 1164//1164 1165//1165
f 1121//1121 1165//1165 1120//1120
f 1120//1120 1165//1165 1166//1166
f 1120//1120 1166//1166 1119//1119
f 1119//1119 1166//1166 1167//1167
f 1119//1119 1167//1167 1118//1118
f 1118//1118 1167//1167 1168//1168
f 1118//1118 1168//1168 1117//1117
f 1117//1117 1168//1168 1169//1169
f 1117//1117 1169//1169 1116//1116
f 1116//1116 1169//1169 1170//1170
f 1116//1116 1170//1170 1115//1115
f 1115//1115 1170//1170 1171//1171
f 1115//1115 1171//1171 1114//1114
f 1114//1114 1171//1171 1172//1172
f 1114//1114 1172//1172 1113//1113
f 1113//1113 1172//1172 1173//1173
f 1113//1113 1173//1173 1112//1112
f 1112//1112 1173//1173 1174//1174
f 1112//1112 1174//1174 1111//1111
f 1111//1111 1174//1174 1175//1175
f 1111//1111 1175//1175 1110//1110
f 1110//1110 1175//1175 1176//1176
f 1110//1110 1176//1176 1109//1109
f 1109//1109 1176//1176 1177//1177
f 1109//1109 1177//1177 1108//1108
f 1108//1108 1177//1177 1178//1178
f 1108//1108 1178//1178 1107//1107
f 1107//1107 1178//1178 1179//1179
f 1107//1107 1179//1179 1106//1106
f 1106//1106 1179//1179 1180//1180
f 1106//1106 1180//1180 1105//1105
f 1105//1105 1180//1180 1181//1181
f 1105//1105 1181//1181 1104//1104
f 1104//1104 1181//1181 1182//1182
f 1104//1104 1182//1182 1103//1103
f 1103//1103 1182//1182 1183//1183
f 1103//1103 1183//1183 1102//1102
f 1102//1102 1183//1183 1184//1184
f 1102//1102 1184//1184 1101//1101
f 1101//1101 1184//1184 1185//1185
f 1101//1101 1185//1185 1100//1100
f 1100//1100 1185//1185 1186//1186
f 1100//1100 1186//1186 1099//1099
f 1099//1099 1186//1186 1187//1187
f 1099//1099 1187//1187 1098//1098
f 1098//1098 1187//1187 1188//1188
f 1098//1098 1188//1188 1097//1097
f 1097//1097 1188//1188 1189//1189
f 1097//1097 1189//1189 1096//1096
f 1096//1096 1189//1189 1190//1190
f 1096//1096 1190//1190 1095//1095
f 1095//1095 1190//1190 1191//1191
f 1095//1095 1191//1191 1093//1093
f 1093//1093 1191//1191 1192//1192
f 1093//1093 1192//1192 1094//1094
f 1094//1094 1192//1192 1193//1193
f 1094//1094 1193//1193 1143//1143
f 1143//1143 1193//1193 1194//1194
f 1143//1143 1194//1194 1142//1142
f 1142//1142 1194//1194 1144//1144
f 1194//1194 1195//1195 1144//1144
f 1144//1144 1195//1195 1196//1196
f 1144//1144 1196//1196 1145//1145
f 1145//1145 1196//1196 1197//1197
f 1145//1145 1197//1197 1146//1146
f 1146//1146 1197//1197 1198//1198
f 1146//1146 1198//1198 1147//1147
f 1147//1147 1198//1198 1199//1199
f 1147//1147 1199//1199 1148//1148
f 1148//1148 1199//1199 1200//1200
f 1148//1148 1200//1200 1149//1149
f 1149//1149 1200//1200 1201//1201
f 1149//1149 1201//1201 1150//1150
f 1150//1150 1201//1201 1202//1202
f 1150//1150 1202//1202 1151//1151
f 1151//1151 1202//1202 1203//1203
f 1151//1151 1203//1203 1152//1152
f 1152//1152 1203//1203 1204//1204
f 1152//1152 1204//1204 1153//1153
f 1153//1153 1204//1204 1205//1205
f 1153//1153 1205//1205 1154//1154
f 1154//1154 1205//1205 1206//1206
f 1154//1154 1206//1206 1155//1155
f 1155//1155 1206//1206 1207//1207
f 1155//1155 1207//1207 1156//1156
f 1156//1156 1207//1207 1208//1208
f 1156//1156 1208//1208 1157//1157
f 1157//1157 1208//1208 1209//1209
f 1157//1157 1209//1209 1158//1158
f 1158//1158 1209//1209 1210//1210
f 1158//1158 1210//1210 1159//1159
f 1159//1159 1210//1210 1211//1211
f 1159//1159 1211//1211 1160//1160
f 1160//1160 1211//1211 1212//1212
f 1160//1160 1212//1212 1161//1161
f 1161//1161 1212//1212 1213//1213
f 1161//1161 1213//1213 1162//1162
f 1162//1162 1213//1213 1214//1214
f 1162//1162 1214//1214 1163//1163
f 1163//1163 1214//1214 1215//1215
f 1163//1163 1215//1215 1164//1164
f 1164//1164 1215//1215 1216//1216
f 1164//1164 1216//1216 1165//1165
f 1165//1165 1216//1216 1217//1217
f 1165//1165 1217//1217 1166//1166
f 1166//1166 1217//1217 1218//1218
f 1166//1166 1218//1218 1167//1167
f 1167//1167 1218//1218 1219//1219
f 1167//1167 1219//1219 1168//1168
f 1168//1168 1219//1219 1220//1220
f 1168//1168 1220//1220 1169//1169
f 1169//1169 1220//1220 1221//1221
f 1169//1169 1221//1221 1170//1170
f 1170//1170 1221//1221 1222//1222
f 1170//1170 1222//1222 1171//1171
f 1171//1171 1222//1222 1223//1223
f 1171//1171 1223//1223 1172//1172
f 1172//1172 1223//1223 1224//1224
f 1172//1172 1224//1224 1173//1173
f 1173//1173 1224//1224 1225//1225
f 1173//1173 1225//1225 1174//1174
f 1174//1174 1225//1225 1226//1226
f 1174//1174 1226//1226 1175//1175
f 1175//1175 1226//1226 1227//1227
f 1175//1175 1227//1227 1176//1176
f 1176//1176 1227//1227 1228//1228
f 1176//1176 1228//1228 1177//1177
f 1177//1177 1228//1228 1229//1229
f 1177//1177 1229//1229 1178//1178
f 1178//1178 1229//1229 1230//1230
f 1178//1178 1230//1230 1179//1179
f 1179//1179 1230//1230 1231//1231
f 1179//1179 1231//1231 1180//1180
f 1180//1180 1231//1231 1232//1232
f 1180//1180 1232//1232 1181//1181
f 1181//1181 1232//1232 1233//1233
f 1181//1181 1233//1233 1182//1182
f 1182//1182 1233//1233 1234//1234
f 1182//1182 1234//1234 1183//1183
f 1183//1183 1234//1234 1235//1235
f 1183//1183 1235//1235 1184//1184
f 1184//1184 1235//1235 1236//1236
f 1184//1184 1236//1236 1185//1185
f 1185//1185 1236//1236 1237//1237
f 1185//1185 1237//1237 1186//1186
f 1186//1186 1237//1237 1238//1238
f 1186//1186 1238//1238 1187//1187
f 1187//1187 1238//1238 1239//1239
f 1187//1187 1239//1239 1188//1188
f 1188//1188 1239//1239 1240//1240
f 1188//1188 1240//1240 1189//1189
f 1189//1189 1240//1240 1241//1241
f 1189//1189 1241//1241 1190//1190
f 1190//1190 1241//1241 1242//1242
f 1190//1190 1242//1242 1191//1191
f 1191//1191 1242//1242 1243//1243
f 1191//1191 1243//1243 1192//1192
f 1192//1192 1243//1243 1244//1244
f 1192//1192 1244//1244 1193//1193
f 1193//1193 1244//1244 1245//1245
f 1193//1193 1245//1245 1194//1194
f 1194//1194 1245//1245 1195//1195
f 1245//1245 1246//1246 1195//1195
f 1195//1195 1246//1246 1247//1247
f 1195//1195 1247//1247 1196//1196
f 1196//1196 1247//1247 1248//1248
f 1196//1196 1248//1248 1197//1197
f 1197//1197 1248//1248 1249//1249
f 1197//1197 1249//1249 1198//1198
f 1198//1198 1249//1249 1250//1250
f 1198//1198 1250//1250 1199//1199
f 1199//1199 1250//1250 1251//1251
f 1199//1199 1251//1251 1200//1200
f 1200//1200 1251//1251 1252//1252
f 1200//1200 1252//1252 1201//1201
f 1201//1201 1252//1252 1253//1253
f 1201//1201 1253//1253 1202//1202
f 1202//1202 1253//1253 1254//1254
f 1202//1202 1254//1254 1203//1203
f 1203//1203 1254//1254 1255//1255
f 1203//1203 1255//1255 1204//1204
f 1204//1204 1255//1255 1256//1256
f 1204//1204 1256//1256 1205//1205
f 1205//1205 1256//1256 1257//1257
f 1205//1205 1257//1257 1206//1206
f 1206//1206 1257//1257 1258//1258
f 1206//1206 1258//1258 1207//1207
f 1207//1207 1258//1258 1259//1259
f 1207//1207 1259//1259 1208//1208
f 1208//1208 1259//1259 1260//1260
f 1208//1208 1260//1260 1209//1209
f 1209//1209 1260//1260 1261//1261
f 1209//1209 1261//1261 1210//1210
f 1210//1210 1261//1261 1262//1262
f 1210//1210 1262//1262 1211//1211
f 1211//1211 1262//1262 1263//1263
f 1211//1211 1263//1263 1212//1212
f 1212//1212 1263//1263 1264//1264
f 1212//1212 1264//1264 1213//1213
f 1213//1213 1264//1264 1265//1265
f 1213//1213 1265//1265 1214//1214
f 1214//1214 1265//1265 1266//1266
f 1214//1214 1266//1266 1215//1215
f 1215//1215 1266//1266 1267//1267
f 1215//1215 1267//1267 1216//1216
f 1216//1216 1267//1267 1268//1268
f 1216//1216 1268//1268 1217//1217
f 1217//1217 1268//1268 1269//1269
f 1217//1217 1269//1269 1218//1218
f 1218//1218 1269//1269 1270//1270
f 1218//1218 1270//1270 1219//1219
f 1219//1219 1270//1270 1271//1271
f 1219//1219 1271//1271 1220//1220
f 1220//1220 1271//1271 1272//1272
f 1220//1220 1272//1272 1221//1221
f 1221//1221 1272//1272 1273//1273
f 1221//1221 1273//1273 1222//1222
f 1222//1222 1273//1273 1274//1274
f 1222//1222 1274//1274 1223//1223
f 1223//1223 1274//1274 1275//1275
f 1223//1223 1275//1275 1224//1224
f 1224//1224 1275//1275 1276//1276
f 1224//1224 1276//1276 1225//1225
f 1225//1225 1276//1276 1277//1277
f 1225//1225 1277//1277 1226//1226
f 1226//1226 1277//1277 1278//1278
f 1226//1226 1278//1278 1227//1227
f 1227//1227 1278//1278 1279//1279
f 1227//1227 1279//1279 1228//1228
f 1228//1228 1279//1279 1280//1280
f 1228//1228 1280//1280 1229//1229
f 1229//1229 1280//1280 1281//1281
f 1229//1229 1281//1281 1230//1230
f 1230//1230 1281//1281 1282//1282
f 1230//1230 1282//1282 1231//1231
f 1231//1231 1282//1282 1283//1283
f 1231//1231 1283//1283 1232//1232
f 1232//1232 1283//1283 1284//1284
f 1232//1232 1284//1284 1233//1233
f 1233//1233 1284//1284 1285//1285
f 1233//1233 1285//1285 1234//1234
f 1234//1234 1285//1285 1286//1286
f 1234//1234 1286//1286 1235//1235
f 1235//1235 1286//1286 1287//1287
f 1235//1235 1287//1287 1236//1236
f 1236//1236 1287//1287 1288//1288
f 1236//1236 1288//1288 1237//1237
f 1237//1237 1288//1288 1289//1289
f 1237//1237 1289//1289 1238//1238
f 1238//1238 1289//1289 1290//1290
f 1238//1238 1290//1290 1239//1239
f 1239//1239 1290//1290 1291//1291
f 1239//1239 1291//1291 1240//1240
f 1240//1240 1291//1291 1292//1292
f 1240//1240 1292//1292 1241//1241
f 1241//1241 1292//1292 1293//1293
f 1241//1241 1293//1293 1242//1242
f 1242//1242 1293//1293 1294//1294
f 1242//1242 1294//1294 1243//1243
f 1243//1243 1294//1294 1295//1295
f 1243//1243 1295//1295 1244//1244
f 1244//1244 1295//1295 1296//1296
f 1244//1244 1296//1296 1245//1245
f 1245//1245 1296//1296 1246//1246
f 1296//1296 1297//1297 1246//1246
f 1246//1246 1297//1297 1298//1298
f 1246//1246 1298//1298 1247//1247
f 1247//1247 1298//1298 1299//1299
f 1247//1247 1299//1299 1248//1248
f 1248//1248 1299//1299 1300//1300
f 1248//1248 1300//1300 1249//1249
f 1249//1249 1300//1300 1301//1301
f 1249//1249 1301//1301 1250//1250
f 1250//1250 1301//1301 1302//1302
f 1250//1250 1302//1302 1251//1251
f 1251//1251 1302//1302 1303//1303
f 1251//1251 1303//1303 1252//1252
f 1252//1252 1303//1303 1304//1304
f 1252//1252 1304//1304 1253//1253
f 1253//1253 1304//1304 1305//1305
f 1253//1253 1305//1305 1254//1254
f 1254//1254 1305//1305 1306//1306
f 1254//1254 1306//1306 1255//1255
f 1255//1255 1306//1306 1307//1307
f 1255//1255 1307//1307 1256//1256
f 1256//1256 1307//1307 1308//1308
f 1256//1256 1308//1308 1257//1257
f 1257//1257 1308//1308 1309//1309
f 1257//1257 1309//1309 1258//1258
f 1258//1258 1309//1309 1310//1310
f 1258//1258 1310//1310 1259//1259
f 1259//1259 1310//1310 1311//1311
f 1259//1259 1311//1311 1260//1260
f 1260//1260 1311//1311 1312//1312
f 1260//1260 1312//1312 1261//1261
f 1261//1261 1312//1312 1313//1313
f 1261//1261 1313//1313 1262//1262
f 1262//1262 1313//1313 1314//1314
f 1262//1262 1314//1314 1263//1263
f 1263//1263 1314//1314 1315//1315
f 1263//1263 1315//1315 1264//1264
f 1264//1264 1315//1315 1316//1316
f 1264//1264 1316//1316 1265//1265
f 1265//1265 1316//1316 1317//1317
f 1265//1265 1317//1317 1266//1266
f 1266//1266 1317//1317 1318//1318
f 1266//1266 1318//1318 1267//1267
f 1267//1267 1318//1318 1319//1319
f 1267//1267 1319//1319 1268//1268
f 1268//1268 1319//1319 1320//1320
f 1268//1268 1320//1320 1269//1269
f 1269//1269 1320//1320 1321//1321
f 1269//1269 1321//1321 1270//1270
f 1270//1270 1321//1321 1322//1322
f 1270//1270 1322//1322 1271//1271
f 1271//1271 1322//1322 1323//1323
f 1271//1271 1323//1323 1272//1272
f 1272//1272 1323//1323 1324//1324
f 1272//1272 1324//1324 1273//1273
f 1273//1273 1324//1324 1325//1325
f 1273//1273 1325//1325 1274//1274
f 1274//1274 1325//1325 1326//1326
f 1274//1274 1326//1326 1275//1275
f 1275//1275 1326//1326 1327//1327
f 1275//1275 1327//1327 1276//1276
f 1276//1276 1327//1327 1328//1328
f 1276//1276 1328//1328 1277//1277
f 1277//1277 1328//1328 1329//1329
f 1277//1277 1329//1329 1278//1278
f 1278//1278 1329//1329 1330//1330
f 1278//1278 1330//1330 1279//1279
f 1279//1279 1330//1330 1331//1331
f 1279//1279 1331//1331 1280//1280
f 1280//1280 1331//1331 1332//1332
f 1280//1280 1332//1332 1281//1281
f 1281//1281 1332//1332 1333//1333
f 1281//1281 1333//1333 1282//1282
f 1282//1282 1333//1333 1334//1334
f 1282//1282 1334//1334 1283//1283
f 1283//1283 1334//1334 1335//1335
f 1283//1283 1335//1335 1284//1284
f 1284//1284 1335//1335 1336//1336
f 1284//1284 1336//1336 1285//1285
f 1285//1285 1336//1336 1337//1337
f 1285//1285 1337//1337 1286//1286
f 1286//1286 1337//1337 1338//1338
f 1286//1286 1338//1338 1287//1287
f 1287//1287 1338//1338 1339//1339
f 1287//1287 1339//1339 1288//1288
f 1288//1288 1339//1339 1340//1340
f 1288//1288 1340//1340 1289//1289
f 1289//1289 1340//1340 1341//1341
f 1289//1289 1341//1341 1290//1290
f 1290//1290 1341//1341 1342//1342
f 1290//1290 1342//1342 1291//1291
f 1291//1291 1342//1342 1343//1343
f 1291//1291 1343//1343 1292//1292
f 1292//1292 1343//1343 1344//1344
f 1292//1292 1344//1344 1293//1293
f 1293//1293 1344//1344 1345//1345
f 1293//1293 1345//1345 1294//1294
f 1294//1294 1345//1345 1346//1346
f 1294//1294 1346//1346 1295//1295
f 1295//1295 1346//1346 1347//1347
f 1295//1295 1347//1347 1296//1296
f 1296//1296 1347//1347 1297//1297
f 1347//1347 1075//1075 1297//1297
f 1297//1297 1075//1075 1074//1074
f 1297//1297 1074//1074 1298//1298
f 1298//1298 1074//1074 1071//1071
f 1298//1298 1071//1071 1299//1299
f 1299//1299 1071//1071 1070//1070
f 1299//1299 1070//1070 1300//1300
f 1300//1300 1070//1070 1067//1067
f 1300//1300 1067//1067 1301//1301
f 1301//1301 1067//1067 1066//1066
f 1301//1301 1066//1066 1302//1302
f 1302//1302 1066//1066 1073//1073
f 1302//1302 1073//1073 1303//1303
f 1303//1303 1073//1073 1072//1072
f 1303//1303 1072//1072 1304//1304
f 1304//1304 1072//1072 1080//1080
f 1304//1304 1080//1080 1305//1305
f 1305//1305 1080//1080 1079//1079
f 1305//1305 1079//1079 1306//1306
f 1306//1306 1079//1079 1089//1089
f 1306//1306 1089//1089 1307//1307
f 1307//1307 1089//1089 1088//1088
f 1307//1307 1088//1088 1308//1308
f 1308//1308 1088//1088 1092//1092
f 1308//1308 1092//1092 1309//1309
f 1309//1309 1092//1092 1091//1091
f 1309//1309 1091//1091 1310//1310
f 1310//1310 1091//1091 1090//1090
f 1310//1310 1090//1090 1311//1311
f 1311//1311 1090//1090 1078//1078
f 1311//1311 1078//1078 1312//1312
f 1312//1312 1078//1078 1077//1077
f 1312//1312 1077//1077 1313//1313
f 1313//1313 1077//1077 1082//1082
f 1313//1313 1082//1082 1314//1314
f 1314//1314 1082//1082 1081//1081
f 1314//1314 1081//1081 1315//1315
f 1315//1315 1081//1081 1084//1084
f 1315//1315 1084//1084 1316//1316
f 1316//1316 1084//1084 1083//1083
f 1316//1316 1083//1083 1317//1317
f 1317//1317 1083//1083 1087//1087
f 1317//1317 1087//1087 1318//1318
f 1318//1318 1087//1087 1086//1086
f 1318//1318 1086//1086 1319//1319
f 1319//1319 1086//1086 1085//1085
f 1319//1319 1085//1085 1320//1320
f 1320//1320 1085//1085 1043//1043
f 1320//1320 1043//1043 1321//1321
f 1321//1321 1043//1043 1042//1042
f 1321//1321 1042//1042 1322//1322
f 1322//1322 1042//1042 1045//1045
f 1322//1322 1045//1045 1323//1323
f 1323//1323 1045//1045 1044//1044
f 1323//1323 1044//1044 1324//1324
f 1324//1324 1044//1044 1047//1047
f 1324//1324 1047//1047 1325//1325
f 1325//1325 1047//1047 1046//1046
f 1325//1325 1046//1046 1326//1326
f 1326//1326 1046//1046 1049//1049
f 1326//1326 1049//1049 1327//1327
f 1327//1327 1049//1049 1048//1048
f 1327//1327 1048//1048 1328//1328
f 1328//1328 1048//1048 1051//1051
f 1328//1328 1051//1051 1329//1329
f 1329//1329 1051//1051 1050//1050
f 1329//1329 1050//1050 1330//1330
f 1330//1330 1050//1050 1055//1055
f 1330//1330 1055//1055 1331//1331
f 1331//1331 1055//1055 1054//1054
f 1331//1331 1054//1054 1332//1332
f 1332//1332 1054//1054 1053//1053
f 1332//1332 1053//1053 1333//1333
f 1333//1333 1053//1053 1057//1057
f 1333//1333 1057//1057 1334//1334
f 1334//1334 1057//1057 1056//1056
f 1334//1334 1056//1056 1335//1335
f 1335//1335 1056//1056 1060//1060
f 1335//1335 1060//1060 1336//1336
f 1336//1336 1060//1060 1059//1059
f 1336//1336 1059//1059 1337//1337
f 1337//1337 1059//1059 1058//1058
f 1337//1337 1058//1058 1338//1338
f 1338//1338 1058//1058 1052//1052
f 1338//1338 1052//1052 1339//1339
f 1339//1339 1052//1052 1062//1062
f 1339//1339 1062//1062 1340//1340
f 1340//1340 1062//1062 1061//1061
f 1340//1340 1061//1061 1341//1341
f 1341//1341 1061//1061 1065//1065
f 1341//1341 1065//1065 1342//1342
f 1342//1342 1065//1065 1064//1064
f 1342//1342 1064//1064 1343//1343
f 1343//1343 1064//1064 1063//1063
f 1343//1343 1063//1063 1344//1344
f 1344//1344 1063//1063 1069//1069
f 1344//1344 1069//1069 1345//1345
f 1345//1345 1069//1069 1068//1068
f 1345//1345 1068//1068 1346//1346
f 1346//1346 1068//1068 1076//1076
f 1346//1346 1076//1076 1347//1347
f 1347//1347 1076//1076 1075//1075
f 912//912 914//914 1348//1348
f 916//916 918//918 1349//1349
f 922//922 924//924 1350//1350
f 932//932 934//934 1351//1351
f 940//940 942//942 1352//1352
f 946//946 948//948 1353//1353
f 956//956 958//958 1354//1354
f 968//968 970//970 1355//1355
f 972//972 974//974 1356//1356
f 978//978 980//980 1357//1357
f 988//988 822//822 1358//1358
f 824//824 826//826 1359//1359
f 828//828 830//830 1360//1360
f 834//834 836//836 1361//1361
f 844//844 846//846 1362//1362
f 856//856 858//858 1363//1363
f 860//860 862//862 1364//1364
f 866//866 868//868 1365//1365
f 876//876 878//878 1366//1366
f 884//884 886//886 1367//1367
f 890//890 892//892 1368//1368
f 900//900 902//902 1369//1369
f 991//991 990//990 1370//1370
f 1370//1370 990//990 1371//1371
f 1370//1370 1371//1371 1372//1372
f 1372//1372 1371//1371 1373//1373
f 1372//1372 1373//1373 1374//1374
f 1374//1374 1373//1373 1375//1375
f 1374//1374 1375//1375 1376//1376
f 1376//1376 1375//1375 1377//1377
f 1376//1376 1377//1377 1378//1378
f 1378//1378 1377//1377 1369//1369
f 996//996 995//995 1379//1379
f 1379//1379 995//995 1380//1380
f 1379//1379 1380//1380 1381//1381
f 1381//1381 1380//1380 1382//1382
f 1381//1381 1382//1382 1383//1383
f 1383//1383 1382//1382 1384//1384
f 1383//1383 1384//1384 1385//1385
f 1385//1385 1384//1384 1386//1386
f 1385//1385 1386//1386 1387//1387
f 1387//1387 1386//1386 1368//1368
f 998//998 1003//1003 1388//1388
f 1388//1388 1003//1003 1389//1389
f 1388//1388 1389//1389 1390//1390
f 1390//1390 1389//1389 1391//1391
f 1390//1390 1391//1391 1392//1392
f 1392//1392 1391//1391 1393//1393
f 1392//1392 1393//1393 1394//1394
f 1394//1394 1393//1393 1395//1395
f 1394//1394 1395//1395 1396//1396
f 1396//1396 1395//1395 1366//1366
f 1001//1001 1006//1006 1397//1397
f 1397//1397 1006//1006 1398//1398
f 1397//1397 1398//1398 1399//1399
f 1399//1399 1398//1398 1400//1400
f 1399//1399 1400//1400 1401//1401
f 1401//1401 1400//1400 1402//1402
f 1401//1401 1402//1402 1403//1403
f 1403//1403 1402//1402 1404//1404
f 1403//1403 1404//1404 1405//1405
f 1405//1405 1404//1404 1365//1365
f 1012//1012 1011//1011 1406//1406
f 1406//1406 1011//1011 1407//1407
f 1406//1406 1407//1407 1408//1408
f 1408//1408 1407//1407 1409//1409
f 1408//1408 1409//1409 1410//1410
f 1410//1410 1409//1409 1411//1411
f 1410//1410 1411//1411 1412//1412
f 1412//1412 1411//1411 1413//1413
f 1412//1412 1413//1413 1414//1414
f 1414//1414 1413//1413 1362//1362
f 1015//1015 1014//1014 1415//1415
f 1415//1415 1014//1014 1416//1416
f 1415//1415 1416//1416 1417//1417
f 1417//1417 1416//1416 1418//1418
f 1417//1417 1418//1418 1419//1419
f 1419//1419 1418//1418 1420//1420
f 1419//1419 1420//1420 1421//1421
f 1421//1421 1420//1420 1422//1422
f 1421//1421 1422//1422 1423//1423
f 1423//1423 1422//1422 1361//1361
f 1020//1020 1019//1019 1424//1424
f 1424//1424 1019//1019 1425//1425
f 1424//1424 1425//1425 1426//1426
f 1426//1426 1425//1425 1427//1427
f 1426//1426 1427//1427 1428//1428
f 1428//1428 1427//1427 1429//1429
f 1428//1428 1429//1429 1430//1430
f 1430//1430 1429//1429 1431//1431
f 1430//1430 1431//1431 1432//1432
f 1432//1432 1431//1431 1357//1357
f 1025//1025 1030//1030 1433//1433
f 1433//1433 1030//1030 1434//1434
f 1433//1433 1434//1434 1435//1435
f 1435//1435 1434//1434 1436//1436
f 1435//1435 1436//1436 1437//1437
f 1437//1437 1436//1436 1438//1438
f 1437//1437 1438//1438 1439//1439
f 1439//1439 1438//1438 1440//1440
f 1439//1439 1440//1440 1441//1441
f 1441//1441 1440//1440 1354//1354
f 1028//1028 1033//1033 1442//1442
f 1442//1442 1033//1033 1443//1443
f 1442//1442 1443//1443 1444//1444
f 1444//1444 1443//1443 1445//1445
f 1444//1444 1445//1445 1446//1446
f 1446//1446 1445//1445 1447//1447
f 1446//1446 1447//1447 1448//1448
f 1448//1448 1447//1447 1449//1449
f 1448//1448 1449//1449 1450//1450
f 1450//1450 1449//1449 1353//1353
f 1036//1036 1035//1035 1451//1451
f 1451//1451 1035//1035 1452//1452
f 1451//1451 1452//1452 1453//1453
f 1453//1453 1452//1452 1454//1454
f 1453//1453 1454//1454 1455//1455
f 1455//1455 1454//1454 1456//1456
f 1455//1455 1456//1456 1457//1457
f 1457//1457 1456//1456 1458//1458
f 1457//1457 1458//1458 1459//1459
f 1459//1459 1458//1458 1351//1351
f 1039//1039 1038//1038 1460//1460
f 1460//1460 1038//1038 1461//1461
f 1460//1460 1461//1461 1462//1462
f 1462//1462 1461//1461 1463//1463
f 1462//1462 1463//1463 1464//1464
f 1464//1464 1463//1463 1465//1465
f 1464//1464 1465//1465 1466//1466
f 1466//1466 1465//1465 1467//1467
f 1466//1466 1467//1467 1468//1468
f 1468//1468 1467//1467 1350//1350
f 993//993 991//991 1469//1469
f 1469//1469 991//991 1370//1370
f 1469//1469 1370//1370 1470//1470
f 1470//1470 1370//1370 1372//1372
f 1470//1470 1372//1372 1471//1471
f 1471//1471 1372//1372 1374//1374
f 1471//1471 1374//1374 1472//1472
f 1472//1472 1374//1374 1376//1376
f 1472//1472 1376//1376 1473//1473
f 1473//1473 1376//1376 1378//1378
f 1473//1473 1378//1378 908//908
f 908//908 1378//1378 906//906
f 1369//1369 902//902 1378//1378
f 1378//1378 902//902 904//904
f 1378//1378 904//904 906//906
f 898//898 900//900 1474//1474
f 1474//1474 900//900 1369//1369
f 1474//1474 1369//1369 1475//1475
f 1475//1475 1369//1369 1377//1377
f 1475//1475 1377//1377 1476//1476
f 1476//1476 1377//1377 1375//1375
f 1476//1476 1375//1375 1477//1477
f 1477//1477 1375//1375 1373//1373
f 1477//1477 1373//1373 1478//1478
f 1478//1478 1373//1373 1371//1371
f 1478//1478 1371//1371 997//997
f 997//997 1371//1371 990//990
f 997//997 996//996 1478//1478
f 1478//1478 996//996 1379//1379
f 1478//1478 1379//1379 1477//1477
f 1477//1477 1379//1379 1381//1381
f 1477//1477 1381//1381 1476//1476
f 1476//1476 1381//1381 1383//1383
f 1476//1476 1383//1383 1475//1475
f 1475//1475 1383//1383 1385//1385
f 1475//1475 1385//1385 1474//1474
f 1474//1474 1385//1385 1387//1387
f 1474//1474 1387//1387 898//898
f 898//898 1387//1387 896//896
f 1368//1368 892//892 1387//1387
f 1387//1387 892//892 894//894
f 1387//1387 894//894 896//896
f 888//888 890//890 1479//1479
f 1479//1479 890//890 1368//1368
f 1479//1479 1368//1368 1480//1480
f 1480//1480 1368//1368 1386//1386
f 1480//1480 1386//1386 1481//1481
f 1481//1481 1386//1386 1384//1384
f 1481//1481 1384//1384 1482//1482
f 1482//1482 1384//1384 1382//1382
f 1482//1482 1382//1382 1483//1483
f 1483//1483 1382//1382 1380//1380
f 1483//1483 1380//1380 1000//1000
f 1000//1000 1380//1380 995//995
f 1000//1000 999//999 1483//1483
f 1483//1483 999//999 1484//1484
f 1483//1483 1484//1484 1482//1482
f 1482//1482 1484//1484 1485//1485
f 1482//1482 1485//1485 1481//1481
f 1481//1481 1485//1485 1486//1486
f 1481//1481 1486//1486 1480//1480
f 1480//1480 1486//1486 1487//1487
f 1480//1480 1487//1487 1479//1479
f 1479//1479 1487//1487 1367//1367
f 1479//1479 1367//1367 888//888
f 888//888 1367//1367 886//886
f 882//882 884//884 1396//1396
f 1396//1396 884//884 1367//1367
f 1396//1396 1367//1367 1394//1394
f 1394//1394 1367//1367 1487//1487
f 1394//1394 1487//1487 1392//1392
f 1392//1392 1487//1487 1486//1486
f 1392//1392 1486//1486 1390//1390
f 1390//1390 1486//1486 1485//1485
f 1390//1390 1485//1485 1388//1388
f 1388//1388 1485//1485 1484//1484
f 1388//1388 1484//1484 998//998
f 998//998 1484//1484 999//999
f 1366//1366 878//878 1396//1396
f 1396//1396 878//878 880//880
f 1396//1396 880//880 882//882
f 874//874 876//876 1488//1488
f 1488//1488 876//876 1366//1366
f 1488//1488 1366//1366 1489//1489
f 1489//1489 1366//1366 1395//1395
f 1489//1489 1395//1395 1490//1490
f 1490//1490 1395//1395 1393//1393
f 1490//1490 1393//1393 1491//1491
f 1491//1491 1393//1393 1391//1391
f 1491//1491 1391//1391 1492//1492
f 1492//1492 1391//1391 1389//1389
f 1492//1492 1389//1389 1002//1002
f 1002//1002 1389//1389 1003//1003
f 1002//1002 1001//1001 1492//1492
f 1492//1492 1001//1001 1397//1397
f 1492//1492 1397//1397 1491//1491
f 1491//1491 1397//1397 1399//1399
f 1491//1491 1399//1399 1490//1490
f 1490//1490 1399//1399 1401//1401
f 1490//1490 1401//1401 1489//1489
f 1489//1489 1401//1401 1403//1403
f 1489//1489 1403//1403 1488//1488
f 1488//1488 1403//1403 1405//1405
f 1488//1488 1405//1405 874//874
f 874//874 1405//1405 872//872
f 1365//1365 868//868 1405//1405
f 1405//1405 868//868 870//870
f 1405//1405 870//870 872//872
f 864//864 866//866 1493//1493
f 1493//1493 866//866 1365//1365
f 1493//1493 1365//1365 1494//1494
f 1494//1494 1365//1365 1404//1404
f 1494//1494 1404//1404 1495//1495
f 1495//1495 1404//1404 1402//1402
f 1495//1495 1402//1402 1496//1496
f 1496//1496 1402//1402 1400//1400
f 1496//1496 1400//1400 1497//1497
f 1497//1497 1400//1400 1398//1398
f 1497//1497 1398//1398 1005//1005
f 1005//1005 1398//1398 1006//1006
f 1005//1005 1004//1004 1497//1497
f 1497//1497 1004//1004 1498//1498
f 1497//1497 1498//1498 1496//1496
f 1496//1496 1498//1498 1499//1499
f 1496//1496 1499//1499 1495//1495
f 1495//1495 1499//1499 1500//1500
f 1495//1495 1500//1500 1494//1494
f 1494//1494 1500//1500 1501//1501
f 1494//1494 1501//1501 1493//1493
f 1493//1493 1501//1501 1364//1364
f 1493//1493 1364//1364 864//864
f 864//864 1364//1364 862//862
f 858//858 860//860 1363//1363
f 1363//1363 860//860 1364//1364
f 1363//1363 1364//1364 1502//1502
f 1502//1502 1364//1364 1501//1501
f 1502//1502 1501//1501 1503//1503
f 1503//1503 1501//1501 1500//1500
f 1503//1503 1500//1500 1504//1504
f 1504//1504 1500//1500 1499//1499
f 1504//1504 1499//1499 1505//1505
f 1505//1505 1499//1499 1498//1498
f 1505//1505 1498//1498 1009//1009
f 1009//1009 1498//1498 1004//1004
f 854//854 856//856 1506//1506
f 1506//1506 856//856 1363//1363
f 1506//1506 1363//1363 1507//1507
f 1507//1507 1363//1363 1502//1502
f 1507//1507 1502//1502 1508//1508
f 1508//1508 1502//1502 1503//1503
f 1508//1508 1503//1503 1509//1509
f 1509//1509 1503//1503 1504//1504
f 1509//1509 1504//1504 1510//1510
f 1510//1510 1504//1504 1505//1505
f 1510//1510 1505//1505 1008//1008
f 1008//1008 1505//1505 1009//1009
f 1008//1008 1007//1007 1510//1510
f 1510//1510 1007//1007 1511//1511
f 1510//1510 1511//1511 1509//1509
f 1509//1509 1511//1511 1512//1512
f 1509//1509 1512//1512 1508//1508
f 1508//1508 1512//1512 1513//1513
f 1508//1508 1513//1513 1507//1507
f 1507//1507 1513//1513 1514//1514
f 1507//1507 1514//1514 1506//1506
f 1506//1506 1514//1514 1515//1515
f 1506//1506 1515//1515 854//854
f 854//854 1515//1515 852//852
f 1007//1007 1012//1012 1511//1511
f 1511//1511 1012//1012 1406//1406
f 1511//1511 1406//1406 1512//1512
f 1512//1512 1406//1406 1408//1408
f 1512//1512 1408//1408 1513//1513
f 1513//1513 1408//1408 1410//1410
f 1513//1513 1410//1410 1514//1514
f 1514//1514 1410//1410 1412//1412
f 1514//1514 1412//1412 1515//1515
f 1515//1515 1412//1412 1414//1414
f 1515//1515 1414//1414 852//852
f 852//852 1414//1414 850//850
f 1362//1362 846//846 1414//1414
f 1414//1414 846//846 848//848
f 1414//1414 848//848 850//850
f 842//842 844//844 1516//1516
f 1516//1516 844//844 1362//1362
f 1516//1516 1362//1362 1517//1517
f 1517//1517 1362//1362 1413//1413
f 1517//1517 1413//1413 1518//1518
f 1518//1518 1413//1413 1411//1411
f 1518//1518 1411//1411 1519//1519
f 1519//1519 1411//1411 1409//1409
f 1519//1519 1409//1409 1520//1520
f 1520//1520 1409//1409 1407//1407
f 1520//1520 1407//1407 1010//1010
f 1010//1010 1407//1407 1011//1011
f 1010//1010 1015//1015 1520//1520
f 1520//1520 1015//1015 1415//1415
f 1520//1520 1415//1415 1519//1519
f 1519//1519 1415//1415 1417//1417
f 1519//1519 1417//1417 1518//1518
f 1518//1518 1417//1417 1419//1419
f 1518//1518 1419//1419 1517//1517
f 1517//1517 1419//1419 1421//1421
f 1517//1517 1421//1421 1516//1516
f 1516//1516 1421//1421 1423//1423
f 1516//1516 1423//1423 842//842
f 842//842 1423//1423 840//840
f 1361//1361 836//836 1423//1423
f 1423//1423 836//836 838//838
f 1423//1423 838//838 840//840
f 832//832 834//834 1521//1521
f 1521//1521 834//834 1361//1361
f 1521//1521 1361//1361 1522//1522
f 1522//1522 1361//1361 1422//1422
f 1522//1522 1422//1422 1523//1523
f 1523//1523 1422//1422 1420//1420
f 1523//1523 1420//1420 1524//1524
f 1524//1524 1420//1420 1418//1418
f 1524//1524 1418//1418 1525//1525
f 1525//1525 1418//1418 1416//1416
f 1525//1525 1416//1416 1013//1013
f 1013//1013 1416//1416 1014//1014
f 1013//1013 1018//1018 1525//1525
f 1525//1525 1018//1018 1526//1526
f 1525//1525 1526//1526 1524//1524
f 1524//1524 1526//1526 1527//1527
f 1524//1524 1527//1527 1523//1523
f 1523//1523 1527//1527 1528//1528
f 1523//1523 1528//1528 1522//1522
f 1522//1522 1528//1528 1529//1529
f 1522//1522 1529//1529 1521//1521
f 1521//1521 1529//1529 1360//1360
f 1521//1521 1360//1360 832//832
f 832//832 1360//1360 830//830
f 826//826 828//828 1359//1359
f 1359//1359 828//828 1360//1360
f 1359//1359 1360//1360 1530//1530
f 1530//1530 1360//1360 1529//1529
f 1530//1530 1529//1529 1531//1531
f 1531//1531 1529//1529 1528//1528
f 1531//1531 1528//1528 1532//1532
f 1532//1532 1528//1528 1527//1527
f 1532//1532 1527//1527 1533//1533
f 1533//1533 1527//1527 1526//1526
f 1533//1533 1526//1526 1017//1017
f 1017//1017 1526//1526 1018//1018
f 822//822 824//824 1358//1358
f 1358//1358 824//824 1359//1359
f 1358//1358 1359//1359 1534//1534
f 1534//1534 1359//1359 1530//1530
f 1534//1534 1530//1530 1535//1535
f 1535//1535 1530//1530 1531//1531
f 1535//1535 1531//1531 1536//1536
f 1536//1536 1531//1531 1532//1532
f 1536//1536 1532//1532 1537//1537
f 1537//1537 1532//1532 1533//1533
f 1537//1537 1533//1533 1016//1016
f 1016//1016 1533//1533 1017//1017
f 986//986 988//988 1538//1538
f 1538//1538 988//988 1358//1358
f 1538//1538 1358//1358 1539//1539
f 1539//1539 1358//1358 1534//1534
f 1539//1539 1534//1534 1540//1540
f 1540//1540 1534//1534 1535//1535
f 1540//1540 1535//1535 1541//1541
f 1541//1541 1535//1535 1536//1536
f 1541//1541 1536//1536 1542//1542
f 1542//1542 1536//1536 1537//1537
f 1542//1542 1537//1537 1021//1021
f 1021//1021 1537//1537 1016//1016
f 1021//1021 1020//1020 1542//1542
f 1542//1542 1020//1020 1424//1424
f 1542//1542 1424//1424 1541//1541
f 1541//1541 1424//1424 1426//1426
f 1541//1541 1426//1426 1540//1540
f 1540//1540 1426//1426 1428//1428
f 1540//1540 1428//1428 1539//1539
f 1539//1539 1428//1428 1430//1430
f 1539//1539 1430//1430 1538//1538
f 1538//1538 1430//1430 1432//1432
f 1538//1538 1432//1432 986//986
f 986//986 1432//1432 984//984
f 1357//1357 980//980 1432//1432
f 1432//1432 980//980 982//982
f 1432//1432 982//982 984//984
f 976//976 978//978 1543//1543
f 1543//1543 978//978 1357//1357
f 1543//1543 1357//1357 1544//1544
f 1544//1544 1357//1357 1431//1431
f 1544//1544 1431//1431 1545//1545
f 1545//1545 1431//1431 1429//1429
f 1545//1545 1429//1429 1546//1546
f 1546//1546 1429//1429 1427//1427
f 1546//1546 1427//1427 1547//1547
f 1547//1547 1427//1427 1425//1425
f 1547//1547 1425//1425 1024//1024
f 1024//1024 1425//1425 1019//1019
f 1024//1024 1023//1023 1547//1547
f 1547//1547 1023//1023 1548//1548
f 1547//1547 1548//1548 1546//1546
f 1546//1546 1548//1548 1549//1549
f 1546//1546 1549//1549 1545//1545
f 1545//1545 1549//1549 1550//1550
f 1545//1545 1550//1550 1544//1544
f 1544//1544 1550//1550 1551//1551
f 1544//1544 1551//1551 1543//1543
f 1543//1543 1551//1551 1356//1356
f 1543//1543 1356//1356 976//976
f 976//976 1356//1356 974//974
f 970//970 972//972 1355//1355
f 1355//1355 972//972 1356//1356
f 1355//1355 1356//1356 1552//1552
f 1552//1552 1356//1356 1551//1551
f 1552//1552 1551//1551 1553//1553
f 1553//1553 1551//1551 1550//1550
f 1553//1553 1550//1550 1554//1554
f 1554//1554 1550//1550 1549//1549
f 1554//1554 1549//1549 1555//1555
f 1555//1555 1549//1549 1548//1548
f 1555//1555 1548//1548 1022//1022
f 1022//1022 1548//1548 1023//1023
f 966//966 968//968 1556//1556
f 1556//1556 968//968 1355//1355
f 1556//1556 1355//1355 1557//1557
f 1557//1557 1355//1355 1552//1552
f 1557//1557 1552//1552 1558//1558
f 1558//1558 1552//1552 1553//1553
f 1558//1558 1553//1553 1559//1559
f 1559//1559 1553//1553 1554//1554
f 1559//1559 1554//1554 1560//1560
f 1560//1560 1554//1554 1555//1555
f 1560//1560 1555//1555 1027//1027
f 1027//1027 1555//1555 1022//1022
f 1027//1027 1026//1026 1560//1560
f 1560//1560 1026//1026 1561//1561
f 1560//1560 1561//1561 1559//1559
f 1559//1559 1561//1561 1562//1562
f 1559//1559 1562//1562 1558//1558
f 1558//1558 1562//1562 1563//1563
f 1558//1558 1563//1563 1557//1557
f 1557//1557 1563//1563 1564//1564
f 1557//1557 1564//1564 1556//1556
f 1556//1556 1564//1564 1565//1565
f 1556//1556 1565//1565 966//966
f 966//966 1565//1565 964//964
f 1026//1026 1025//1025 1561//1561
f 1561//1561 1025//1025 1433//1433
f 1561//1561 1433//1433 1562//1562
f 1562//1562 1433//1433 1435//1435
f 1562//1562 1435//1435 1563//1563
f 1563//1563 1435//1435 1437//1437
f 1563//1563 1437//1437 1564//1564
f 1564//1564 1437//1437 1439//1439
f 1564//1564 1439//1439 1565//1565
f 1565//1565 1439//1439 1441//1441
f 1565//1565 1441//1441 964//964
f 964//964 1441//1441 962//962
f 1354//1354 958//958 1441//1441
f 1441//1441 958//958 960//960
f 1441//1441 960//960 962//962
f 954//954 956//956 1566//1566
f 1566//1566 956//956 1354//1354
f 1566//1566 1354//1354 1567//1567
f 1567//1567 1354//1354 1440//1440
f 1567//1567 1440//1440 1568//1568
f 1568//1568 1440//1440 1438//1438
f 1568//1568 1438//1438 1569//1569
f 1569//1569 1438//1438 1436//1436
f 1569//1569 1436//1436 1570//1570
f 1570//1570 1436//1436 1434//1434
f 1570//1570 1434//1434 1029//1029
f 1029//1029 1434//1434 1030//1030
f 1029//1029 1028//1028 1570//1570
f 1570//1570 1028//1028 1442//1442
f 1570//1570 1442//1442 1569//1569
f 1569//1569 1442//1442 1444//1444
f 1569//1569 1444//1444 1568//1568
f 1568//1568 1444//1444 1446//1446
f 1568//1568 1446//1446 1567//1567
f 1567//1567 1446//1446 1448//1448
f 1567//1567 1448//1448 1566//1566
f 1566//1566 1448//1448 1450//1450
f 1566//1566 1450//1450 954//954
f 954//954 1450//1450 952//952
f 1353//1353 948//948 1450//1450
f 1450//1450 948//948 950//950
f 1450//1450 950//950 952//952
f 944//944 946//946 1571//1571
f 1571//1571 946//946 1353//1353
f 1571//1571 1353//1353 1572//1572
f 1572//1572 1353//1353 1449//1449
f 1572//1572 1449//1449 1573//1573
f 1573//1573 1449//1449 1447//1447
f 1573//1573 1447//1447 1574//1574
f 1574//1574 1447//1447 1445//1445
f 1574//1574 1445//1445 1575//1575
f 1575//1575 1445//1445 1443//1443
f 1575//1575 1443//1443 1032//1032
f 1032//1032 1443//1443 1033//1033
f 1032//1032 1031//1031 1575//1575
f 1575//1575 1031//1031 1576//1576
f 1575//1575 1576//1576 1574//1574
f 1574//1574 1576//1576 1577//1577
f 1574//1574 1577//1577 1573//1573
f 1573//1573 1577//1577 1578//1578
f 1573//1573 1578//1578 1572//1572
f 1572//1572 1578//1578 1579//1579
f 1572//1572 1579//1579 1571//1571
f 1571//1571 1579//1579 1352//1352
f 1571//1571 1352//1352 944//944
f 944//944 1352//1352 942//942
f 938//938 940//940 1459//1459
f 1459//1459 940//940 1352//1352
f 1459//1459 1352//1352 1457//1457
f 1457//1457 1352//1352 1579//1579
f 1457//1457 1579//1579 1455//1455
f 1455//1455 1579//1579 1578//1578
f 1455//1455 1578//1578 1453//1453
f 1453//1453 1578//1578 1577//1577
f 1453//1453 1577//1577 1451//1451
f 1451//1451 1577//1577 1576//1576
f 1451//1451 1576//1576 1036//1036
f 1036//1036 1576//1576 1031//1031
f 1351//1351 934//934 1459//1459
f 1459//1459 934//934 936//936
f 1459//1459 936//936 938//938
f 930//930 932//932 1580//1580
f 1580//1580 932//932 1351//1351
f 1580//1580 1351//1351 1581//1581
f 1581//1581 1351//1351 1458//1458
f 1581//1581 1458//1458 1582//1582
f 1582//1582 1458//1458 1456//1456
f 1582//1582 1456//1456 1583//1583
f 1583//1583 1456//1456 1454//1454
f 1583//1583 1454//1454 1584//1584
f 1584//1584 1454//1454 1452//1452
f 1584//1584 1452//1452 1034//1034
f 1034//1034 1452//1452 1035//1035
f 1034//1034 1039//1039 1584//1584
f 1584//1584 1039//1039 1460//1460
f 1584//1584 1460//1460 1583//1583
f 1583//1583 1460//1460 1462//1462
f 1583//1583 1462//1462 1582//1582
f 1582//1582 1462//1462 1464//1464
f 1582//1582 1464//1464 1581//1581
f 1581//1581 1464//1464 1466//1466
f 1581//1581 1466//1466 1580//1580
f 1580//1580 1466//1466 1468//1468
f 1580//1580 1468//1468 930//930
f 930//930 1468//1468 928//928
f 1350//1350 924//924 1468//1468
f 1468//1468 924//924 926//926
f 1468//1468 926//926 928//928
f 920//920 922//922 1585//1585
f 1585//1585 922//922 1350//1350
f 1585//1585 1350//1350 1586//1586
f 1586//1586 1350//1350 1467//1467
f 1586//1586 1467//1467 1587//1587
f 1587//1587 1467//1467 1465//1465
f 1587//1587 1465//1465 1588//1588
f 1588//1588 1465//1465 1463//1463
f 1588//1588 1463//1463 1589//1589
f 1589//1589 1463//1463 1461//1461
f 1589//1589 1461//1461 1037//1037
f 1037//1037 1461//1461 1038//1038
f 1037//1037 1041//1041 1589//1589
f 1589//1589 1041//1041 1590//1590
f 1589//1589 1590//1590 1588//1588
f 1588//1588 1590//1590 1591//1591
f 1588//1588 1591//1591 1587//1587
f 1587//1587 1591//1591 1592//1592
f 1587//1587 1592//1592 1586//1586
f 1586//1586 1592//1592 1593//1593
f 1586//1586 1593//1593 1585//1585
f 1585//1585 1593//1593 1349//1349
f 1585//1585 1349//1349 920//920
f 920//920 1349//1349 918//918
f 914//914 916//916 1348//1348
f 1348//1348 916//916 1349//1349
f 1348//1348 1349//1349 1594//1594
f 1594//1594 1349//1349 1593//1593
f 1594//1594 1593//1593 1595//1595
f 1595//1595 1593//1593 1592//1592
f 1595//1595 1592//1592 1596//1596
f 1596//1596 1592//1592 1591//1591
f 1596//1596 1591//1591 1597//1597
f 1597//1597 1591//1591 1590//1590
f 1597//1597 1590//1590 1040//1040
f 1040//1040 1590//1590 1041//1041
f 910//910 912//912 1598//1598
f 1598//1598 912//912 1348//1348
f 1598//1598 1348//1348 1599//1599
f 1599//1599 1348//1348 1594//1594
f 1599//1599 1594//1594 1600//1600
f 1600//1600 1594//1594 1595//1595
f 1600//1600 1595//1595 1601//1601
f 1601//1601 1595//1595 1596//1596
f 1601//1601 1596//1596 1602//1602
f 1602//1602 1596//1596 1597//1597
f 1602//1602 1597//1597 994//994
f 994//994 1597//1597 1040//1040
f 994//994 993//993 1602//1602
f 1602//1602 993//993 1469//1469
f 1602//1602 1469//1469 1601//1601
f 1601//1601 1469//1469 1470//1470
f 1601//1601 1470//1470 1600//1600
f 1600//1600 1470//1470 1471//1471
f 1600//1600 1471//1471 1599//1599
f 1599//1599 1471//1471 1472//1472
f 1599//1599 1472//1472 1598//1598
f 1598//1598 1472//1472 1473//1473
f 1598//1598 1473//1473 910//910
f 910//910 1473//1473 908//908
# 3194 faces, 0 coords texture

# End of File
