<?xml version="1.0" encoding="UTF-8"?>
<COLLADA xmlns="http://www.collada.org/2005/11/COLLADASchema" version="1.4.1">
    <asset>
        <contributor>
            <author>VCGLab</author>
            <authoring_tool>VCGLib | MeshLab</authoring_tool>
        </contributor>
        <created>周一 7月 4 08:44:32 2022 GMT</created>
        <modified>周一 7月 4 08:44:32 2022 GMT</modified>
        <up_axis>Y_UP</up_axis>
    </asset>
    <library_geometries>
        <geometry id="shape0-lib" name="shape0">
            <mesh>
                <source id="shape0-lib-positions" name="position">
                    <float_array id="shape0-lib-positions-array" count="4806">-0.0155885 -0.0315 0.009 -0.0155885 -0.029 0.009 -0.0169441 -0.0315 0.00607429 -0.0173226 -0.029 0.00489174 -0.0173226 -0.0315 0.00489174 -0.0175602 -0.0315 -0.00395488 -0.0176626 -0.0315 -0.00346882 -0.0175602 -0.029 -0.00395488 -0.0179981 -0.0315 -0.000261789 -0.0179935 -0.029 0.000483262 -0.0179935 -0.0315 0.000483262 -0.017756 -0.0315 0.00295364 -0.0167603 -0.0315 -0.00656453 -0.0160491 -0.029 -0.00815029 -0.0160491 -0.0315 -0.00815029 -0.0102252 -0.0315 -0.0148137 -0.0110268 -0.0315 -0.0142271 -0.0102252 -0.029 -0.0148137 -0.0133883 -0.0315 -0.0120314 -0.013553 -0.029 -0.0118455 -0.013553 -0.0315 -0.0118455 -0.0153201 -0.0315 -0.00944958 -0.00192957 -0.0315 -0.0178963 -0.00217632 -0.0315 -0.017868 -0.00192957 -0.029 -0.0178963 -0.00532941 -0.0315 -0.0171929 -0.00626977 -0.029 -0.0168728 -0.00626977 -0.0315 -0.0168728 -0.00831147 -0.0315 -0.0159662 0.00104661 -0.0315 -0.0179695 0.00252904 -0.029 -0.0178214 0.00252904 -0.0315 -0.0178214 0.0107165 -0.0315 -0.0144622 0.0101088 -0.0315 -0.0148933 0.0107165 -0.029 -0.0144622 0.00728936 -0.0315 -0.016458 0.00683245 -0.029 -0.0166529 0.00683245 -0.0315 -0.0166529 0.00423595 -0.0315 -0.0174945 0.0126039 -0.0315 -0.0128507 0.0139429 -0.029 -0.011384 0.0139429 -0.0315 -0.011384 0.0146945 -0.0315 -0.0103957 0.0163135 -0.029 -0.00760713 0.0163135 -0.0315 -0.00760713 0.045401 0.0131498 0.0815 0.045181 0.0135 0.0815 0.0435899 0.0135 0.0815 0.0469166 0.010548 0.0815 0.05 -6.93889e-18 0.0815 0.0498975 0.00184201 0.0815 0.0498989 -0.00182948 0.0815 0.0496013 0.00364933 0.0815 0.0496063 -0.00362604 0.0815 0.0490142 0.00578811 0.0815 0.0490277 -0.00574727 0.0815 0.0482218 0.00786404 0.0815 0.0482452 -0.00780958 0.0815 0.046964 -0.0104598 0.0815 0.0454857 -0.0130136 0.0815 0.0435899 -0.0135 0.0815 0.045181 -0.0135 0.0815 0.0396742 -0.0135 0.0812433 0.0396742 0.0135 0.0812433 0.0383805 -0.0135 0.0810442 0.0383805 0.0135 0.0810442 0.0358254 -0.0135 0.0804778 0.0358254 0.0135 0.0804778 0.0333293 -0.0135 0.0796908 0.0333293 0.0135 0.0796908 0.0321094 -0.0135 0.0792164 0.0321094 0.0135 0.0792164 0.0285899 -0.0135 0.0774808 0.0285899 0.0135 0.0774808 0.0253271 -0.0135 0.0753006 0.0253271 0.0135 0.0753006 0.0243063 -0.0135 0.0744813 0.0243063 0.0135 0.0744813 0.0223767 -0.0135 0.0727132 0.0223767 0.0135 0.0727132 0.0206086 -0.0135 0.0707836 0.0206086 0.0135 0.0707836 0.0197893 -0.0135 0.0697628 0.0197893 0.0135 0.0697628 0.0176092 -0.0135 0.0665 0.0176092 0.0135 0.0665 0.0440664 0.0135 0.0482386 0.0451615 0.0135 0.0484749 0.0454021 0.0131396 0.0484932 0.0456621 0.0127267 0.0485 0.0456621 -0.0127267 0.0485 0.0440664 -0.0135 0.0482386 0.0454021 -0.0131396 0.0484932 0.0451615 -0.0135 0.0484749 0.0411305 -0.0135 0.0456131 0.0411305 0.0135 0.0456131 0.041858 -0.0135 0.0467448 0.041858 0.0135 0.0467448 0.0422309 -0.0135 0.0471369 0.0422309 0.0135 0.0471369 0.0428608 -0.0135 0.0476416 0.0428608 0.0135 0.0476416 0.043816 -0.0135 0.0481467 0.043816 0.0135 0.0481467 0.047026 -0.0103434 0.0485 0.047029 0.0103378 0.0485 0.0482218 0.00786404 0.0485 0.0482218 -0.00786404 0.0485 0.0490143 -0.00578788 0.0485 0.0490144 0.00578748 0.0485 0.0496013 -0.00364933 0.0485 0.0496013 0.00364933 0.0485 0.0498975 -0.00184218 0.0485 0.0498976 0.00184107 0.0485 0.05 6.93889e-18 0.0485 -0.00259808 0.0315 0.0315 -0.0155885 0.0315 0.009 -0.0155885 0.029 0.009 -0.00269713 -0.0278284 0.0313284 -0.000380092 -0.0297003 0.0353417 -0.00219652 -0.0265307 0.0321955 0.000117011 -0.0281985 0.0362027 -0.00202072 -0.025 0.0325 0.000288676 -0.0265 0.0365 -0.00433013 -0.029 0.0285 -0.00259808 -0.0315 0.0315 -0.00344636 -0.0286955 0.0300307 -0.0021474 -0.0314387 0.0322806 -0.00116052 -0.0308359 0.0339899 0.000275194 0.0269827 0.0364766 -4.8399e-06 0.0286967 0.0359916 -0.00219652 0.0265307 0.0321955 -0.000634276 0.0301648 0.0349014 -0.00269713 0.0278284 0.0313284 -0.00154187 0.0311533 0.0333294 -0.00344636 0.0286955 0.0300307 -0.00433013 0.029 0.0285 0.000288676 -0.0195 0.0365 0.000473055 -0.0175686 0.0368194 -0.00202072 0.025 0.0325 0.00375278 -0.0135 0.0425 0.00375278 0.0135 0.0425 0.00293459 -0.0136698 0.0410829 0.00256143 0.013866 0.0404365 0.00185393 -0.0144817 0.0392111 0.00151736 0.0149165 0.0386281 0.00100876 -0.0158379 0.0377472 0.000752169 0.0165018 0.0373028 0.000347431 0.0183996 0.0366018 0.000288676 0.0195 0.0365 0.000288676 0.0265 0.0365 0.0331506 0.029 0.0285 0.0163135 0.029 -0.00760713 0.0163135 0.0315 -0.00760713 0.0348738 -0.0265307 0.0321955 0.0353645 -0.0286467 0.0332479 0.0344695 -0.0278284 0.0313284 0.0348558 -0.0301429 0.0321569 0.0338644 -0.0286955 0.0300307 0.0341186 -0.0311476 0.0305759 0.0331506 -0.029 0.0285 0.0332588 -0.0315 0.0287321 0.0350158 -0.025 0.0325 0.0355904 -0.0265 0.0337321 0.0355832 -0.0268907 0.0337169 0.0332588 0.0315 0.0287321 0.0335371 0.0314643 0.0293289 0.0338644 0.0286955 0.0300307 0.0343568 0.0309109 0.0310867 0.0344695 0.0278284 0.0313284 0.0350158 0.025 0.0325 0.0356288 -0.0185086 0.0338146 0.0355904 -0.0195 0.0337321 0.0359483 -0.0165635 0.0344998 0.0355904 0.0195 0.0337321 0.0355904 0.0265 0.0337321 0.0348738 0.0265307 0.0321955 0.0354426 0.0282514 0.0334154 0.0350168 0.0297845 0.0325021 0.0383882 0.0135 0.0397321 0.0383882 -0.0135 0.0397321 0.0378231 0.0136237 0.0385203 0.0374168 -0.0138733 0.0376489 0.0369225 0.0143892 0.0365889 0.0365674 -0.0149444 0.0358275 0.0362071 0.015742 0.0350548 0.0357487 0.0175101 0.0340717 -7.45058e-10 0.0345 0.03 0.0305399 0.0345 0.03 -0.0129904 0.0345 0.0075 0.0135946 0.0345 -0.00633927 0.0122454 0.0345 -0.00866312 0.0105033 0.0345 -0.0107089 -0.00918901 0.0345 -0.0118559 0.00352996 0.0345 -0.0145787 0.000872172 0.0345 -0.0149746 -0.0018136 0.0345 -0.01489 -0.00444118 0.0345 -0.0143275 -0.00692623 0.0345 -0.0133052 0.00842403 0.0345 -0.0124111 0.00607446 0.0345 -0.013715 -0.0111569 0.0345 -0.0100261 -0.0127668 0.0345 -0.00787465 -0.0149984 0.0345 -0.000218158 -0.0147967 0.0345 0.00246137 -0.0141201 0.0345 0.0050619 -0.0139669 0.0345 -0.00547044 -0.0147188 0.0345 -0.00289068 -0.0169441 0.0315 0.00607429 -0.0173226 0.029 0.00489174 -0.0179935 0.0315 0.000483262 -0.0179935 0.029 0.000483262 -0.017756 0.0315 0.00295364 -0.0173226 0.0315 0.00489174 -0.0179981 0.0315 -0.000261789 -0.0176626 0.0315 -0.00346882 -0.0175602 0.029 -0.00395488 -0.0175602 0.0315 -0.00395488 -0.0160491 0.029 -0.00815029 -0.0167603 0.0315 -0.00656453 -0.013553 0.0315 -0.0118455 -0.013553 0.029 -0.0118455 -0.0153201 0.0315 -0.00944958 -0.0160491 0.0315 -0.00815029 -0.0133883 0.0315 -0.0120314 -0.0110268 0.0315 -0.0142271 -0.0102252 0.029 -0.0148137 -0.00626977 0.0315 -0.0168728 -0.00626977 0.029 -0.0168728 -0.00831147 0.0315 -0.0159662 -0.0102252 0.0315 -0.0148137 -0.00532941 0.0315 -0.0171929 -0.00217632 0.0315 -0.017868 -0.00192957 0.029 -0.0178963 -0.00192957 0.0315 -0.0178963 0.00252904 0.029 -0.0178214 0.00104661 0.0315 -0.0179695 0.00683245 0.0315 -0.0166529 0.00683245 0.029 -0.0166529 0.00423595 0.0315 -0.0174945 0.00252904 0.0315 -0.0178214 0.00728936 0.0315 -0.016458 0.0101088 0.0315 -0.0148933 0.0107165 0.029 -0.0144622 0.0107165 0.0315 -0.0144622 0.0139429 0.029 -0.011384 0.0126039 0.0315 -0.0128507 0.0146945 0.0315 -0.0103957 0.0139429 0.0315 -0.011384 -0.0111569 -0.0345 -0.0100261 -0.00918901 -0.0345 -0.0118559 0.0135946 -0.0345 -0.00633927 0.0305399 -0.0345 0.03 -7.45058e-10 -0.0345 0.03 -0.0129904 -0.0345 0.0075 -0.0141201 -0.0345 0.0050619 -0.00692623 -0.0345 -0.0133052 -0.00444118 -0.0345 -0.0143275 -0.0018136 -0.0345 -0.01489 -0.0147967 -0.0345 0.00246137 -0.0149984 -0.0345 -0.000218158 -0.0147188 -0.0345 -0.00289068 0.00842403 -0.0345 -0.0124111 0.0105033 -0.0345 -0.0107089 0.00607446 -0.0345 -0.013715 0.00352996 -0.0345 -0.0145787 0.000872172 -0.0345 -0.0149746 0.0122454 -0.0345 -0.00866312 -0.0139669 -0.0345 -0.00547044 -0.0127668 -0.0345 -0.00787465 0.0202073 -0.0165 0.065 0.00635085 -0.0165 0.041 0.0356693 -0.0165 0.041 0.0384116 -0.0165 0.0468809 0.0395755 -0.0165 0.0486917 0.0221694 -0.0165 0.0679366 0.04118 -0.0165 0.0501266 0.0244981 -0.0165 0.0705919 0.0468439 -0.0165 0.0756823 0.0453273 -0.0165 0.0782677 0.0332575 -0.0165 0.0764447 0.0451715 -0.0165 0.0514849 0.043109 -0.0165 0.0510817 0.0300899 -0.0165 0.0748827 0.0271534 -0.0165 0.0729205 0.045181 -0.0165 0.0785 0.0435899 -0.0165 0.0785 0.0400657 -0.0165 0.078269 0.0366018 -0.0165 0.07758 0.0454003 -0.0165 0.0518491 0.0469163 -0.0165 0.0544515 0.0482218 -0.0165 0.057136 0.0495705 -0.0165 0.0687894 0.048967 -0.0165 0.0709292 0.0481625 -0.0165 0.0730008 0.0490145 -0.0165 0.0592128 0.0496013 -0.0165 0.0613507 0.0498974 -0.0165 0.0631574 0.05 -0.0165 0.065 0.0498897 -0.0165 0.0669113 0.00288675 -0.0265 0.038 0.0328714 -0.0265 0.038 0.00288675 -0.0195 0.038 0.0328714 -0.0195 0.038 0.0454183 0.0165 0.051878 0.0451715 0.0165 0.0514849 0.043109 0.0165 0.0510817 0.0202073 0.0165 0.065 0.0221694 0.0165 0.0679366 0.04118 0.0165 0.0501266 0.0244981 0.0165 0.0705919 0.0356693 0.0165 0.041 0.00635085 0.0165 0.041 0.0384116 0.0165 0.0468809 0.0395755 0.0165 0.0486917 0.0366018 0.0165 0.07758 0.0400657 0.0165 0.078269 0.0454011 0.0165 0.0781497 0.0435899 0.0165 0.0785 0.045181 0.0165 0.0785 0.0469178 0.0165 0.0544543 0.0332575 0.0165 0.0764447 0.0300899 0.0165 0.0748827 0.0271534 0.0165 0.0729205 0.0469114 0.0165 0.0755577 0.0482218 0.0165 0.072864 0.0496013 0.0165 0.0613507 0.0490091 0.0165 0.0591965 0.0482218 0.0165 0.057136 0.0490143 0.0165 0.0707878 0.0496013 0.0165 0.0686493 0.0498988 0.0165 0.0668298 0.05 0.0165 0.065 0.0498986 0.0165 0.0631681 0.00288675 0.0195 0.038 0.0328714 0.0195 0.038 0.00288675 0.0265 0.038 0.0328714 0.0265 0.038 0.0328643 -0.0271251 0.0379755 0.00271508 -0.0292176 0.0375243 0.00221798 -0.0316204 0.0361467 0.0326456 -0.0299347 0.0372252 0.0327571 -0.0289746 0.0376077 0.0313996 -0.0339362 0.03295 0.0319092 -0.0329749 0.0346984 0.001695 -0.0329757 0.0346973 0.0321369 -0.0323287 0.0354796 0.0324252 -0.0312067 0.0364689 0.00143756 -0.0334375 0.0339839 0.000890463 -0.0341099 0.0324677 0.000450677 -0.0344019 0.031249 0.0308182 0.0344428 0.0309548 0.0010562 0.0339453 0.032927 0.0312595 0.0341094 0.0324692 0.0316378 0.0335575 0.0337672 0.00169481 0.0329761 0.0346968 0.0319092 0.032975 0.0346984 0.0019638 0.0323636 0.0354422 0.0322978 0.0317552 0.0360319 0.00233373 0.0312088 0.0364674 0.0324256 0.031205 0.0364701 0.00259324 0.0300147 0.0371866 0.0327237 0.0293022 0.0374932 0.00287327 0.0272723 0.0379626 0.00274501 0.028976 0.0376072 0.0346979 -0.0166866 0.0399584 0.00553267 -0.0165849 0.0402914 0.00503562 -0.0167246 0.039861 0.0338485 -0.0172222 0.0390477 0.0336971 -0.017372 0.0388854 0.004452 -0.0169909 0.0393555 0.00391426 -0.0173676 0.0388899 0.0332294 -0.0180318 0.0383838 0.0330879 -0.0183429 0.0382321 0.00307113 -0.0185343 0.0381597 0.00360683 -0.0176689 0.0386236 0.0329099 -0.0190043 0.0380412 0.00411544 0.0172082 0.0390641 0.0336985 0.0173706 0.0388868 0.0334882 0.017621 0.0386613 0.00335024 0.0180009 0.0384014 0.0330871 0.018345 0.0382313 0.00315707 0.0183382 0.0382341 0.0330298 0.018505 0.0381698 0.00294551 0.0189498 0.0380509 0.0342036 0.0169446 0.0394284 0.0051595 0.016683 0.0399683 0.0346053 0.0167254 0.0398591 0.0351042 0.0165618 0.0403941 0.0443807 -0.0160309 0.0497594 0.0446275 -0.0163417 0.0504619 0.0434754 -0.0162716 0.0499937 0.0447289 -0.0164037 0.0506856 0.043786 -0.0156213 0.0490713 0.0442937 -0.0156234 0.0492194 0.044358 -0.0159746 0.0496677 0.0446158 -0.0144173 0.0485362 0.0445128 -0.0146433 0.0485985 0.0439935 -0.0146481 0.048455 0.044395 -0.0149643 0.0487304 0.0442934 -0.0155332 0.0491301 0.0450545 -0.0136592 0.0484672 0.0409236 -0.0146481 0.0457096 0.0416842 -0.0146481 0.046893 0.0403342 -0.0156213 0.0459844 0.0411894 -0.0156213 0.047315 0.0394521 -0.0162716 0.0463958 0.040449 -0.0162716 0.0479466 0.0427328 -0.0146481 0.0478308 0.0423685 -0.0156213 0.0483694 0.0418232 -0.0162716 0.0491756 0.0365095 -0.0163532 0.0406082 0.0372674 -0.0159271 0.0402548 0.0375919 -0.0156213 0.0401035 0.0378689 -0.0152634 0.0399743 0.0382551 -0.0144271 0.0397942 0.0343404 -0.0181428 0.0380636 0.0340751 -0.0190537 0.0377927 0.0358696 -0.0195 0.0348953 0.0340436 -0.0195 0.0377615 0.0350562 -0.0190169 0.0371159 0.0350295 -0.0195 0.037084 0.0356982 -0.0188999 0.0361179 0.0356722 -0.0195 0.0360751 0.0352849 -0.0180171 0.0373993 0.0359212 -0.0176735 0.0364903 0.0348708 -0.0173037 0.0386408 0.0357549 -0.0170661 0.0380249 0.0363811 -0.0165415 0.0372833 0.0356239 -0.0166628 0.0395177 0.0364416 -0.0163128 0.0390069 0.0370555 -0.0156776 0.0384854 0.0358997 -0.018721 0.0349563 0.036154 -0.0171635 0.035473 0.0366647 -0.0158008 0.0365162 0.0373937 -0.0148314 0.0380144 0.0340436 -0.0265 0.0377615 0.0350295 -0.0265 0.037084 0.0356722 -0.0265 0.0360751 0.0358696 -0.0265 0.0348953 0.0350197 -0.0271319 0.0370574 0.0356623 -0.0270765 0.0360509 0.0358606 -0.0269916 0.0348752 0.0340349 -0.027149 0.0377348 0.0337707 -0.0300402 0.0369224 0.0331717 -0.0324193 0.0350823 0.0323317 -0.0339205 0.0325091 0.0347248 -0.0299338 0.0362537 0.0340643 -0.032197 0.0344571 0.0331537 -0.0335771 0.0319896 0.0313801 -0.0343532 0.0296082 0.032138 -0.033927 0.0292548 0.0324625 -0.0336213 0.0291035 0.0353626 -0.0296316 0.0353207 0.034692 -0.0316924 0.03369 0.0337684 -0.0329466 0.0314528 0.0327396 -0.0332634 0.0289743 0.0355872 -0.0291797 0.0342652 0.0349685 -0.0309749 0.0328865 0.0341032 -0.0321036 0.0309623 0.0331257 -0.0324271 0.0287942 0.0146351 -0.0342716 -0.00682446 0.0155172 -0.0336213 -0.00723579 0.0161066 -0.032648 -0.00751062 -0.0175307 -0.032648 0.00291617 -0.0165476 -0.032648 -0.00648125 0.00103333 -0.032648 -0.0177416 0.00418221 -0.032648 -0.0172725 0.0131827 -0.0342716 -0.00932616 0.0113071 -0.0342716 -0.0115286 0.0139772 -0.0336213 -0.00988827 0.0119886 -0.0336213 -0.0122234 0.0145081 -0.032648 -0.0102638 0.012444 -0.032648 -0.0126877 0.00906878 -0.0342716 -0.013361 0.00961537 -0.0336213 -0.0141663 0.00998059 -0.032648 -0.0147044 0.00653938 -0.0342716 -0.0147647 0.00693352 -0.0336213 -0.0156546 0.00719688 -0.032648 -0.0162492 -0.00478109 -0.0342716 -0.015424 -0.00745634 -0.0342716 -0.0143235 -0.00506926 -0.0336213 -0.0163537 -0.00790574 -0.0336213 -0.0151868 -0.0052618 -0.032648 -0.0169748 -0.00820603 -0.032648 -0.0157636 -0.0098923 -0.0342716 -0.0127633 -0.0104885 -0.0336213 -0.0135326 -0.0108869 -0.032648 -0.0140466 -0.0120108 -0.0342716 -0.0107935 -0.0127347 -0.0336213 -0.0114441 -0.0132184 -0.032648 -0.0118787 -0.0137439 -0.0342716 -0.00847735 -0.0150359 -0.0342716 -0.00588913 -0.0145722 -0.0336213 -0.00898829 -0.0159421 -0.0336213 -0.00624408 -0.0151257 -0.032648 -0.0093297 -0.0161463 -0.0342716 -0.000234855 -0.0159292 -0.0342716 0.00264975 -0.0171195 -0.0336213 -0.000249011 -0.0168892 -0.0336213 0.00280946 -0.0177698 -0.032648 -0.000258466 0.00402917 -0.0336213 -0.0166405 0.00380013 -0.0342716 -0.0156945 0.000995516 -0.0336213 -0.0170924 0.000938925 -0.0342716 -0.0161207 -0.00214871 -0.032648 -0.0176413 -0.00207008 -0.0336213 -0.0169957 -0.00195241 -0.0342716 -0.0160296 -0.0174385 -0.032648 -0.00342481 -0.0168004 -0.0336213 -0.00329949 -0.0158454 -0.0342716 -0.00311193 -0.0167291 -0.032648 0.00599722 -0.016117 -0.0336213 0.00577777 -0.0152008 -0.0342716 0.00544933 -0.0139846 -0.0342716 0.00807403 -0.0148275 -0.0336213 0.00856066 -0.0153907 -0.032648 0.00888582 -0.00099424 -0.0342716 0.030574 -0.00183712 -0.0336213 0.0310607 -0.00240031 -0.032648 0.0313858 -0.000499387 -0.0341134 0.0317519 -0.00131868 -0.0334567 0.0321211 -0.00189443 -0.0325223 0.0323058 0.000568825 -0.0330807 0.0342805 0.0014022 -0.0313063 0.0362406 -0.000206274 -0.032482 0.0343842 0.000656481 -0.0308543 0.0361286 0.001929 -0.0290356 0.0374742 0.00119999 -0.0287928 0.0372228 0.00211029 -0.0265 0.0378978 0.00186069 -0.0265 0.0378191 0.00138675 -0.0265 0.0375981 0.00095839 -0.0265 0.0372981 -0.000804205 -0.0317058 0.0342837 4.48741e-05 -0.0303032 0.0358201 0.000581014 -0.0285069 0.0367885 0.000765431 -0.0265 0.0371213 0.00211029 -0.0195 0.0378978 0.00186069 -0.0195 0.0378191 0.00138675 -0.0195 0.0375981 0.00095839 -0.0195 0.0372981 0.000765431 -0.0195 0.0371213 0.002052 -0.0169337 0.0385671 0.00143931 -0.0164098 0.0382409 0.000938415 -0.0178604 0.0374089 0.00460338 -0.0162717 0.0407518 0.00535661 -0.0162716 0.041574 0.00379527 -0.0156192 0.0410598 0.00451374 -0.0156213 0.0420607 0.00321373 -0.0147124 0.0411751 0.00395054 -0.0146481 0.0423858 0.00222375 -0.0153106 0.0395408 0.00282444 -0.0160536 0.0396809 0.00359376 -0.0166337 0.039617 0.00155764 -0.0181312 0.0378478 0.00228607 -0.0183613 0.0381042 0.00279532 -0.0173655 0.0386983 0.019213 -0.0162716 0.065574 0.0183701 -0.0156213 0.0660607 0.017807 -0.0146481 0.0663858 0.0358845 -0.0146481 0.0802572 0.0199705 -0.0146481 0.0696238 0.0204864 -0.0156213 0.0692279 0.0229981 -0.0156213 0.0720919 0.0212586 -0.0162716 0.0686354 0.0236863 -0.0162716 0.0714037 0.0264545 -0.0162716 0.0738313 0.0295159 -0.0162716 0.0758769 0.0328182 -0.0162716 0.0775054 0.0363047 -0.0162716 0.0786889 0.025862 -0.0156213 0.0746035 0.0290293 -0.0156213 0.0767198 0.0324457 -0.0156213 0.0784046 0.0360528 -0.0156213 0.079629 0.0225382 -0.0146481 0.0725517 0.0254661 -0.0146481 0.0751194 0.0287041 -0.0146481 0.077283 0.0321968 -0.0146481 0.0790054 0.039704 -0.0146481 0.0810169 0.0397888 -0.0156213 0.0803722 0.0399159 -0.0162716 0.0794072 0.0435899 -0.0162716 0.079648 0.0435899 -0.0156213 0.0806213 0.0435899 -0.0146481 0.0812716 0.0444592 -0.015161 0.0809982 0.0446064 -0.0146481 0.0812716 0.0444081 -0.0156213 0.0806213 0.0444593 -0.0159988 0.0801602 0.0446064 -0.0162716 0.079648 0.0416842 0.0146481 0.046893 0.0446982 0.0142557 0.0485048 0.0439935 0.0146481 0.048455 0.0445133 0.0146421 0.0485981 0.0446337 0.0143811 0.0485282 0.0434754 0.0162716 0.0499937 0.0443475 0.0159442 0.049621 0.043786 0.0156213 0.0490713 0.044293 0.015549 0.0491451 0.0443873 0.0149894 0.0487431 0.0450118 0.0164895 0.0512217 0.0446079 0.0163269 0.0504159 0.0445638 0.0162896 0.0503084 0.0427328 0.0146481 0.0478308 0.0423685 0.0156213 0.0483694 0.0418232 0.0162716 0.0491756 0.0411894 0.0156213 0.047315 0.040449 0.0162716 0.0479466 0.0409236 0.0146481 0.0457096 0.0403342 0.0156213 0.0459844 0.0394521 0.0162716 0.0463958 0.0365095 0.0163532 0.0406082 0.0372674 0.0159271 0.0402548 0.0375919 0.0156213 0.0401035 0.0378689 0.0152634 0.0399743 0.0382551 0.0144271 0.0397942 0.0345598 0.0177301 0.0382973 0.0351826 0.0169856 0.038997 0.0359917 0.016484 0.0399642 0.0373912 0.0154375 0.0390957 0.037751 0.0145827 0.0387517 0.0367827 0.0160951 0.0395151 0.036037 0.0166959 0.0384205 0.0366579 0.0161124 0.0377721 0.0369661 0.0153094 0.0371345 0.0354775 0.0175535 0.0376497 0.0361095 0.0171168 0.0368114 0.0363649 0.0164826 0.035903 0.0341739 0.0185949 0.0378919 0.0351407 0.0185167 0.0372186 0.0357806 0.0182826 0.0362542 0.0359943 0.0179287 0.0351482 0.0340436 0.0195 0.0377615 0.0350295 0.0195 0.037084 0.0356722 0.0195 0.0360751 0.0358696 0.0195 0.0348953 0.0340436 0.0265 0.0377615 0.0350295 0.0265 0.037084 0.0356722 0.0265 0.0360751 0.0358696 0.0265 0.0348953 0.0338646 0.0293956 0.0372109 0.0333592 0.0318604 0.0356578 0.0326002 0.0335796 0.0333303 0.0313801 0.0343532 0.0296082 0.0316855 0.0343355 0.0305375 0.032138 0.033927 0.0292548 0.0324625 0.033929 0.0301263 0.0324625 0.0336213 0.0291035 0.0330681 0.0332656 0.0297642 0.0334392 0.0324144 0.0294888 0.0331257 0.0324271 0.0287942 0.0327396 0.0332634 0.0289743 0.0343795 0.0318477 0.0315761 0.0340617 0.0326681 0.0321622 0.033443 0.0332703 0.0327722 0.035162 0.0305538 0.0333173 0.0349007 0.0312138 0.0341968 0.0342699 0.031671 0.0350157 0.0356843 0.0286923 0.0344817 0.0354687 0.0290652 0.0355792 0.0348292 0.0293123 0.0365383 0.0161066 0.032648 -0.00751062 0.0146351 0.0342716 -0.00682446 0.0155172 0.0336213 -0.00723579 0.0131827 0.0342716 -0.00932616 0.0139772 0.0336213 -0.00988827 0.0145081 0.032648 -0.0102638 0.00998059 0.032648 -0.0147044 0.012444 0.032648 -0.0126877 0.00719688 0.032648 -0.0162492 0.00418221 0.032648 -0.0172725 0.00103333 0.032648 -0.0177416 -0.00214871 0.032648 -0.0176413 -0.0052618 0.032648 -0.0169748 -0.00820603 0.032648 -0.0157636 -0.0108869 0.032648 -0.0140466 -0.0132184 0.032648 -0.0118787 -0.0151257 0.032648 -0.0093297 -0.0165476 0.032648 -0.00648125 -0.0174385 0.032648 -0.00342481 -0.0177698 0.032648 -0.000258466 -0.0175307 0.032648 0.00291617 -0.0167291 0.032648 0.00599722 -0.0153907 0.032648 0.00888582 0.0119886 0.0336213 -0.0122234 0.00961537 0.0336213 -0.0141663 0.00693352 0.0336213 -0.0156546 0.00402917 0.0336213 -0.0166405 0.000995516 0.0336213 -0.0170924 -0.00207008 0.0336213 -0.0169957 -0.00506926 0.0336213 -0.0163537 -0.00790574 0.0336213 -0.0151868 -0.0104885 0.0336213 -0.0135326 -0.0127347 0.0336213 -0.0114441 -0.0145722 0.0336213 -0.00898829 -0.0159421 0.0336213 -0.00624408 -0.0168004 0.0336213 -0.00329949 -0.0171195 0.0336213 -0.000249011 -0.0168892 0.0336213 0.00280946 -0.016117 0.0336213 0.00577777 -0.0148275 0.0336213 0.00856066 0.0113071 0.0342716 -0.0115286 0.00906878 0.0342716 -0.013361 0.00653938 0.0342716 -0.0147647 0.00380013 0.0342716 -0.0156945 0.000938925 0.0342716 -0.0161207 -0.00195241 0.0342716 -0.0160296 -0.00478109 0.0342716 -0.015424 -0.00745634 0.0342716 -0.0143235 -0.0098923 0.0342716 -0.0127633 -0.0120108 0.0342716 -0.0107935 -0.0137439 0.0342716 -0.00847735 -0.0150359 0.0342716 -0.00588913 -0.0158454 0.0342716 -0.00311193 -0.0161463 0.0342716 -0.000234855 -0.0159292 0.0342716 0.00264975 -0.0152008 0.0342716 0.00544933 -0.0139846 0.0342716 0.00807403 -0.00099424 0.0342716 0.030574 -0.00183712 0.0336213 0.0310607 -0.00240031 0.032648 0.0313858 0.00015822 0.0336026 0.0333108 0.00211029 0.0265 0.0378978 0.00095839 0.0265 0.0372981 0.00138675 0.0265 0.0375981 0.0013721 0.02715 0.0375687 0.00186069 0.0265 0.0378191 0.000750962 0.0270693 0.0370952 0.000765431 0.0265 0.0371213 0.00209607 0.0272192 0.0378646 0.00180012 0.029784 0.0371728 0.00113169 0.032022 0.0356056 0.00106715 0.0294709 0.0369557 0.000376853 0.0315079 0.0355642 -0.000632898 0.0329685 0.0335182 0.000449895 0.029099 0.0365518 -0.000230604 0.030869 0.035322 -0.00122301 0.0321183 0.0335247 0.00211029 0.0195 0.0378978 0.00186069 0.0195 0.0378191 0.00138675 0.0195 0.0375981 0.00095839 0.0195 0.0372981 0.000765431 0.0195 0.0371213 0.00144125 0.0187182 0.0376778 0.000820588 0.0185646 0.037213 0.00216633 0.0188496 0.0379637 0.00119972 0.0169626 0.0378431 0.0019123 0.0156564 0.0390252 0.00287379 0.0148452 0.0406148 0.00395054 0.0146481 0.0423858 0.00181563 0.0173873 0.0382237 0.00251803 0.0163255 0.0392407 0.00346251 0.015706 0.0405902 0.00451374 0.0156213 0.0420607 0.00255168 0.0177427 0.0384148 0.00327661 0.0168599 0.0392541 0.00425641 0.0163443 0.0403656 0.00535661 0.0162716 0.041574 0.019213 0.0162716 0.065574 0.0183701 0.0156213 0.0660607 0.017807 0.0146481 0.0663858 0.0225382 0.0146481 0.0725517 0.039704 0.0146481 0.0810169 0.0397888 0.0156213 0.0803722 0.0360528 0.0156213 0.079629 0.0399159 0.0162716 0.0794072 0.0363047 0.0162716 0.0786889 0.0328182 0.0162716 0.0775054 0.0295159 0.0162716 0.0758769 0.0264545 0.0162716 0.0738313 0.0236863 0.0162716 0.0714037 0.0324457 0.0156213 0.0784046 0.0290293 0.0156213 0.0767198 0.025862 0.0156213 0.0746035 0.0229981 0.0156213 0.0720919 0.0358845 0.0146481 0.0802572 0.0321968 0.0146481 0.0790054 0.0287041 0.0146481 0.077283 0.0254661 0.0146481 0.0751194 0.0435899 0.0162716 0.079648 0.0435899 0.0156213 0.0806213 0.0435899 0.0146481 0.0812716 0.0199705 0.0146481 0.0696238 0.0204864 0.0156213 0.0692279 0.0212586 0.0162716 0.0686354 0.0444592 0.0159982 0.080161 0.0446064 0.0162716 0.079648 0.0444081 0.0156213 0.0806213 0.0444593 0.0151602 0.0809988 0.0446064 0.0146481 0.0812716 0.05 -4.67407e-18 0.0815 0.05 0.00356322 0.0811107 0.05 0.00709898 0.0798948 0.045181 0.0150748 0.0800748 0.05 0.0102702 0.0779141 0.05 0.0129141 0.0752702 0.05 0.0148948 0.072099 0.05 0.0161107 0.0685632 0.05 0.0102702 0.0520859 0.05 0.00709898 0.0501052 0.05 3.031e-18 0.0485 0.05 0.00356322 0.0488893 0.05 0.0161107 0.0614368 0.05 0.0148948 0.057901 0.05 0.0129141 0.0547298 0.0449026 0.01551 0.0499704 0.045181 -0.0150748 0.0800748 0.05 -0.010218 0.0779554 0.05 -0.00705884 0.0799138 0.05 -0.0128586 0.0753396 0.05 -1.01033e-18 0.0815 0.05 -0.00354153 0.0811154 0.05 -0.0160814 0.0686933 0.05 -0.0148467 0.0721991 0.05 -0.00356322 0.0488893 0.05 -0.0102702 0.0520859 0.05 -0.00709898 0.0501052 0.0451665 -0.0150753 0.0499052 0.05 -0.0129141 0.0547298 0.05 -0.0148948 0.057901 0.05 -0.0161107 0.0614368 0.1061 -0.0379279 0.0673393 0.056 -0.0379279 0.0673393 0.1061 -0.038 0.065 0.056 -0.038 0.065 0.1061 -0.0379279 0.0626607 0.056 -0.0379279 0.0626607 0.1061 -0.0374227 0.0584014 0.056 -0.0374227 0.0584014 0.1061 -0.037353 0.0580175 0.056 -0.037353 0.0580175 0.1061 -0.0362118 0.0534802 0.056 -0.0362118 0.0534802 0.1061 -0.0357083 0.0520032 0.056 -0.0357083 0.0520032 0.1061 -0.0345217 0.0491175 0.056 -0.0345217 0.0491175 0.1061 -0.032909 0.046 0.056 -0.032909 0.046 0.1061 -0.0323083 0.0449956 0.056 -0.0323083 0.0449956 0.1061 -0.0296051 0.0411769 0.056 -0.0296051 0.0411769 0.1061 -0.0291097 0.0405741 0.056 -0.0291097 0.0405741 0.1061 -0.0264531 0.0377193 0.056 -0.0264531 0.0377193 0.1061 -0.0244259 0.0358903 0.056 -0.0244259 0.0358903 0.1061 -0.0229001 0.0346753 0.056 -0.0229001 0.0346753 0.1061 -0.019 0.032091 0.056 -0.019 0.032091 0.1061 -0.0148119 0.0300056 0.056 -0.0148119 0.0300056 0.1061 -0.0129968 0.0292917 0.056 -0.0129968 0.0292917 0.1061 -0.0103992 0.0284506 0.056 -0.0103992 0.0284506 0.1061 -0.00659863 0.0275773 0.056 -0.00659863 0.0275773 0.1061 -0.00582888 0.0274497 0.056 -0.00582888 0.0274497 0.1061 -0.00117021 0.027018 0.056 -0.00117021 0.027018 0.1061 7.03653e-18 0.027 0.056 6.81969e-18 0.027 0.1061 0.0035062 0.0271621 0.056 0.0035062 0.0271621 0.1061 0.00659863 0.0275773 0.056 0.00659863 0.0275773 0.1061 0.00812946 0.0278798 0.056 0.00812946 0.0278798 0.1061 0.0126295 0.0291601 0.056 0.0126295 0.0291601 0.1061 0.0129968 0.0292917 0.056 0.0129968 0.0292917 0.1061 0.0169381 0.0309838 0.056 0.0169381 0.0309838 0.1061 0.019 0.032091 0.056 0.019 0.032091 0.1061 0.0209899 0.0333231 0.056 0.0209899 0.0333231 0.1061 0.0244259 0.0358903 0.056 0.0244259 0.0358903 0.1061 0.0247235 0.0361426 0.056 0.0247235 0.0361426 0.1061 0.0280823 0.0393996 0.056 0.0280823 0.0393996 0.1061 0.0291097 0.0405741 0.056 0.0291097 0.0405741 0.1061 0.0310155 0.0430446 0.056 0.0310155 0.0430446 0.1061 0.032909 0.046 0.056 0.032909 0.046 0.1061 0.0334785 0.0470224 0.056 0.0334785 0.0470224 0.1061 0.0354339 0.0512728 0.056 0.0354339 0.0512728 0.1061 0.0357083 0.0520032 0.056 0.0357083 0.0520032 0.1061 0.0368523 0.0557313 0.056 0.0368523 0.0557313 0.1061 0.0374227 0.0584014 0.056 0.0374227 0.0584014 0.1061 0.037712 0.0603302 0.056 0.037712 0.0603302 0.1061 0.038 0.065 0.056 0.038 0.065 0.1061 0.037712 0.0696698 0.056 0.037712 0.0696698 0.1061 0.0374227 0.0715986 0.056 0.0374227 0.0715986 0.1061 0.0368523 0.0742687 0.056 0.0368523 0.0742687 0.1061 0.0357083 0.0779968 0.056 0.0357083 0.0779968 0.1061 0.0354339 0.0787272 0.056 0.0354339 0.0787272 0.1061 0.0334785 0.0829776 0.056 0.0334785 0.0829776 0.1061 0.032909 0.084 0.056 0.032909 0.084 0.1061 0.0310155 0.0869554 0.056 0.0310155 0.0869554 0.1061 0.0291097 0.0894259 0.056 0.0291097 0.0894259 0.1061 0.0280823 0.0906004 0.056 0.0280823 0.0906004 0.1061 0.0247235 0.0938574 0.056 0.0247235 0.0938574 0.1061 0.0244259 0.0941097 0.056 0.0244259 0.0941097 0.1061 0.0209899 0.0966769 0.056 0.0209899 0.0966769 0.1061 0.019 0.097909 0.056 0.019 0.097909 0.1061 0.0169381 0.0990162 0.056 0.0169381 0.0990162 0.1061 0.0129968 0.100708 0.056 0.0129968 0.100708 0.1061 0.0126295 0.10084 0.056 0.0126295 0.10084 0.1061 0.00812946 0.10212 0.056 0.00812946 0.10212 0.1061 0.00659863 0.102423 0.056 0.00659863 0.102423 0.1061 0.0035062 0.102838 0.056 0.0035062 0.102838 0.1061 -2.51038e-18 0.103 0.056 -2.0767e-18 0.103 0.1061 -0.00117021 0.102982 0.056 -0.00117021 0.102982 0.1061 -0.00582888 0.10255 0.056 -0.00582888 0.10255 0.1061 -0.00659863 0.102423 0.056 -0.00659863 0.102423 0.1061 -0.0103992 0.101549 0.056 -0.0103992 0.101549 0.1061 -0.0129968 0.100708 0.056 -0.0129968 0.100708 0.1061 -0.0148119 0.0999944 0.056 -0.0148119 0.0999944 0.1061 -0.019 0.097909 0.056 -0.019 0.097909 0.1061 -0.0229001 0.0953247 0.056 -0.0229001 0.0953247 0.1061 -0.0244259 0.0941097 0.056 -0.0244259 0.0941097 0.1061 -0.0264531 0.0922807 0.056 -0.0264531 0.0922807 0.1061 -0.0291097 0.0894259 0.056 -0.0291097 0.0894259 0.1061 -0.0296051 0.0888231 0.056 -0.0296051 0.0888231 0.1061 -0.0323083 0.0850044 0.056 -0.0323083 0.0850044 0.1061 -0.032909 0.084 0.056 -0.032909 0.084 0.1061 -0.0345217 0.0808825 0.056 -0.0345217 0.0808825 0.1061 -0.0357083 0.0779968 0.056 -0.0357083 0.0779968 0.1061 -0.0362118 0.0765198 0.056 -0.0362118 0.0765198 0.1061 -0.037353 0.0719825 0.056 -0.037353 0.0719825 0.1061 -0.0374227 0.0715986 0.056 -0.0374227 0.0715986 0.1121 0.0310335 0.0571948 0.1121 0.0317575 0.0610676 0.1121 0 0.065 0.1121 0.032 0.065 0.1121 0.0317575 0.0689324 0.1121 0.0261183 0.0465112 0.1121 0.0281924 0.049861 0.1121 0.0298391 0.0534403 0.1121 0.0176757 0.0383247 0.1121 0.0208198 0.040699 0.1121 0.0236483 0.0434417 0.1121 0.00684586 0.0337409 0.1121 0.0106354 0.0348191 0.1121 0.0142636 0.0363548 0.1121 -0.00490853 0.0333787 0.1121 -0.000985442 0.0330152 0.1121 0.00295259 0.0331365 0.1121 -0.016 0.0372872 0.1121 -0.0124731 0.035531 0.1121 -0.00875722 0.0342216 0.1121 -0.0249306 0.0449384 0.1121 -0.0222763 0.0420268 0.1121 -0.0192843 0.0394634 0.1121 -0.0304941 0.0552991 0.1121 -0.0290709 0.0516253 0.1121 -0.0272069 0.0481542 0.1121 -0.0319393 0.0669699 0.1121 -0.0319393 0.06303 0.1121 -0.0314551 0.05912 0.1121 -0.0290709 0.0783747 0.1121 -0.0304941 0.0747009 0.1121 -0.0314551 0.07088 0.1121 -0.0222763 0.0879732 0.1121 -0.0249306 0.0850616 0.1121 -0.0272069 0.0818458 0.1121 -0.0124731 0.094469 0.1121 -0.016 0.0927128 0.1121 -0.0192843 0.0905365 0.1121 -0.000985442 0.0969848 0.1121 -0.00490853 0.0966213 0.1121 -0.00875722 0.0957784 0.1121 0.0106354 0.0951809 0.1121 0.00684586 0.0962591 0.1121 0.00295259 0.0968635 0.1121 0.0208198 0.089301 0.1121 0.0176757 0.0916753 0.1121 0.0142636 0.0936452 0.1121 0.0281924 0.080139 0.1121 0.0261183 0.0834888 0.1121 0.0236483 0.0865583 0.1121 0.0310335 0.0728052 0.1121 0.0298391 0.0765597 0.05 -0.0319393 0.06303 0.05 -0.0319393 0.0669699 0.05 -0.0304941 0.0552991 0.05 -0.0314551 0.05912 0.05 -0.0272069 0.0481542 0.05 -0.0290709 0.0516253 0.05 -0.0222763 0.0420268 0.05 -0.0249306 0.0449384 0.05 -0.016 0.0372872 0.05 -0.0192843 0.0394634 0.05 0.0176757 0.0383247 0.05 -0.00490853 0.0333787 0.05 -0.00875722 0.0342216 0.05 -0.0124731 0.035531 0.05 0.00295259 0.0331365 0.05 -0.000985442 0.0330152 0.05 0.0142636 0.0363548 0.05 0.0106354 0.0348191 0.05 0.00684586 0.0337409 0.05 0.0236483 0.0434417 0.05 0.0208198 0.040699 0.05 0.0298391 0.0534403 0.05 0.0281924 0.049861 0.05 0.0261183 0.0465112 0.05 0.0236483 0.0865583 0.05 0.0261183 0.0834888 0.05 0.0317575 0.0610676 0.05 0.0310335 0.0571948 0.05 0.0281924 0.080139 0.05 0.0298391 0.0765597 0.05 0.0176757 0.0916753 0.05 0.0208198 0.089301 0.05 0.0310335 0.0728052 0.05 0.0317575 0.0689324 0.05 0.032 0.065 0.05 -0.016 0.0927128 0.05 -0.0124731 0.094469 0.05 0.0106354 0.0951809 0.05 0.0142636 0.0936452 0.05 -0.0222763 0.0879732 0.05 -0.0192843 0.0905365 0.05 -0.0272069 0.0818458 0.05 -0.0249306 0.0850616 0.05 -0.0314551 0.07088 0.05 -0.0304941 0.0747009 0.05 -0.0290709 0.0783747 0.05 0.00295259 0.0968635 0.05 0.00684586 0.0962591 0.05 -0.00875722 0.0957784 0.05 -0.00490853 0.0966213 0.05 -0.000985442 0.0969848 0.0544471 0.0352433 0.0513467 0.0544471 0.036654 0.0557811 0.0544471 0.0332983 0.0471192 0.0544471 0.0308486 0.0431627 0.0544471 0.0279313 0.0395373 0.0544471 0.0245905 0.0362979 0.0544471 0.0208769 0.0334935 0.0544471 0.0168469 0.0311668 0.0544471 0.0125615 0.029353 0.0544471 0.00808572 0.0280795 0.0544471 0.00348733 0.0273657 0.0544471 -0.00116392 0.0272224 0.0544471 -0.00579752 0.0276517 0.0544471 -0.0103432 0.0286473 0.0544471 -0.0147322 0.0301939 0.0544471 -0.0188978 0.0322681 0.0544471 -0.0227769 0.0348385 0.0544471 -0.0263108 0.0378661 0.0544471 -0.0294458 0.0413051 0.0544471 -0.0321344 0.0451032 0.0544471 -0.0343359 0.049203 0.0544471 -0.036017 0.0535422 0.0544471 -0.037152 0.0580551 0.0544471 -0.0377239 0.0626733 0.0544471 -0.0377239 0.0673267 0.0544471 -0.037152 0.0719449 0.0544471 -0.036017 0.0764578 0.0544471 -0.0343359 0.080797 0.0544471 -0.0321344 0.0848968 0.0544471 -0.0294458 0.0886949 0.0544471 -0.0263108 0.0921339 0.0544471 -0.0227769 0.0951615 0.0544471 -0.0188978 0.0977319 0.0544471 -0.0147322 0.0998061 0.0544471 -0.0103432 0.101353 0.0544471 -0.00579752 0.102348 0.0544471 -0.00116392 0.102778 0.0544471 0.00348733 0.102634 0.0544471 0.00808572 0.101921 0.0544471 0.0125615 0.100647 0.0544471 0.0168469 0.0988332 0.0544471 0.0208769 0.0965065 0.0544471 0.0245905 0.0937021 0.0544471 0.0279313 0.0904627 0.0544471 0.0308486 0.0868373 0.0544471 0.0332983 0.0828808 0.0544471 0.0352433 0.0786533 0.0544471 0.036654 0.0742189 0.0544471 0.0375091 0.0696446 0.0544471 0.0377956 0.065 0.0544471 0.0375091 0.0603554 0.053 0.0369142 0.069571 0.053 0.0360727 0.0740727 0.053 0.0346844 0.0784368 0.053 0.0327703 0.0825973 0.053 0.0303594 0.086491 0.053 0.0274883 0.0900589 0.053 0.0242005 0.0932469 0.053 0.0205459 0.0960068 0.053 0.0165798 0.0982966 0.053 0.0123623 0.100082 0.053 0.00795749 0.101335 0.053 0.00343203 0.102037 0.053 -0.00114546 0.102179 0.053 -0.00570558 0.101756 0.053 -0.0101792 0.100776 0.053 -0.0144985 0.0992541 0.053 -0.0185981 0.0972128 0.053 -0.0224157 0.0946832 0.053 -0.0258935 0.0917036 0.053 -0.0289788 0.0883192 0.053 -0.0316248 0.0845812 0.053 -0.0337914 0.0805465 0.053 -0.0354458 0.0762761 0.053 -0.0365628 0.0718348 0.053 -0.0371256 0.0672898 0.053 -0.0371256 0.0627102 0.053 -0.0365628 0.0581652 0.053 -0.0354458 0.0537239 0.053 -0.0337914 0.0494535 0.053 -0.0316248 0.0454188 0.053 -0.0289788 0.0416808 0.053 -0.0258935 0.0382964 0.053 -0.0224157 0.0353168 0.053 -0.0185981 0.0327872 0.053 -0.0144985 0.0307459 0.053 -0.0101792 0.0292238 0.053 -0.00570558 0.028244 0.053 -0.00114546 0.0278215 0.053 0.00343203 0.0279625 0.053 0.00795749 0.028665 0.053 0.0123623 0.0299183 0.053 0.0165798 0.0317034 0.053 0.0205459 0.0339932 0.053 0.0242005 0.0367531 0.053 0.0274883 0.0399411 0.053 0.0303594 0.043509 0.053 0.0327703 0.0474027 0.053 0.0346844 0.0515632 0.053 0.0360727 0.0559273 0.053 0.0369142 0.060429 0.053 0.0371962 0.065 0.0517574 0.0359679 0.0694538 0.0517574 0.035148 0.0738401 0.0517574 0.0337953 0.0780924 0.0517574 0.0319302 0.0821462 0.0517574 0.0295811 0.08594 0.0517574 0.0267836 0.0894165 0.0517574 0.0235801 0.0925228 0.0517574 0.0200192 0.095212 0.0517574 0.0161547 0.0974431 0.0517574 0.0120454 0.0991824 0.0517574 0.0077535 0.100404 0.0517574 0.00334405 0.101088 0.0517574 -0.00111609 0.101225 0.0517574 -0.00555932 0.100814 0.0517574 -0.00991827 0.0998591 0.0517574 -0.0141269 0.0983761 0.0517574 -0.0181213 0.096387 0.0517574 -0.0218411 0.0939222 0.0517574 -0.0252297 0.091019 0.0517574 -0.0282359 0.0877214 0.0517574 -0.0308141 0.0840793 0.0517574 -0.0329252 0.080148 0.0517574 -0.0345371 0.0759871 0.0517574 -0.0356255 0.0716596 0.0517574 -0.0361739 0.0672311 0.0517574 -0.0361739 0.0627689 0.0517574 -0.0356255 0.0583404 0.0517574 -0.0345371 0.0540129 0.0517574 -0.0329252 0.049852 0.0517574 -0.0308141 0.0459207 0.0517574 -0.0282359 0.0422786 0.0517574 -0.0252297 0.038981 0.0517574 -0.0218411 0.0360777 0.0517574 -0.0181213 0.033613 0.0517574 -0.0141269 0.031624 0.0517574 -0.00991827 0.0301409 0.0517574 -0.00555932 0.0291863 0.0517574 -0.00111609 0.0287745 0.0517574 0.00334405 0.028912 0.0517574 0.0077535 0.0295964 0.0517574 0.0120454 0.0308176 0.0517574 0.0161547 0.0325569 0.0517574 0.0200192 0.034788 0.0517574 0.0235801 0.0374772 0.0517574 0.0267836 0.0405835 0.0517574 0.0295811 0.04406 0.0517574 0.0319302 0.0478538 0.0517574 0.0337953 0.0519076 0.0517574 0.035148 0.0561599 0.0517574 0.0359679 0.0605462 0.0517574 0.0362426 0.065 0.0508038 0.0347347 0.0693011 0.0508038 0.0339429 0.073537 0.0508038 0.0326365 0.0776435 0.0508038 0.0308354 0.0815583 0.0508038 0.0285669 0.0852221 0.0508038 0.0258653 0.0885793 0.0508038 0.0227716 0.0915792 0.0508038 0.0193328 0.0941761 0.0508038 0.0156008 0.0963307 0.0508038 0.0116324 0.0980104 0.0508038 0.00748766 0.0991897 0.0508038 0.00322939 0.0998507 0.0508038 -0.00107783 0.0999834 0.0508038 -0.00536871 0.0995858 0.0508038 -0.0095782 0.0986639 0.0508038 -0.0136425 0.0972317 0.0508038 -0.0175 0.0953109 0.0508038 -0.0210922 0.0929306 0.0508038 -0.0243647 0.0901269 0.0508038 -0.0272678 0.0869423 0.0508038 -0.0297576 0.0834251 0.0508038 -0.0317963 0.0796286 0.0508038 -0.033353 0.0756103 0.0508038 -0.0344041 0.0714312 0.0508038 -0.0349336 0.0671546 0.0508038 -0.0349336 0.0628454 0.0508038 -0.0344041 0.0585688 0.0508038 -0.033353 0.0543897 0.0508038 -0.0317963 0.0503714 0.0508038 -0.0297576 0.0465749 0.0508038 -0.0272678 0.0430577 0.0508038 -0.0243647 0.0398731 0.0508038 -0.0210922 0.0370694 0.0508038 -0.0175 0.0346891 0.0508038 -0.0136425 0.0327683 0.0508038 -0.0095782 0.0313361 0.0508038 -0.00536871 0.0304142 0.0508038 -0.00107783 0.0300166 0.0508038 0.00322939 0.0301493 0.0508038 0.00748766 0.0308103 0.0508038 0.0116324 0.0319896 0.0508038 0.0156008 0.0336693 0.0508038 0.0193328 0.0358239 0.0508038 0.0227716 0.0384208 0.0508038 0.0258653 0.0414207 0.0508038 0.0285669 0.0447779 0.0508038 0.0308354 0.0484417 0.0508038 0.0326365 0.0523565 0.0508038 0.0339429 0.056463 0.0508038 0.0347347 0.0606989 0.0508038 0.035 0.065 0.0502044 0.0332986 0.0691233 0.0502044 0.0325395 0.073184 0.0502044 0.0312872 0.0771207 0.0502044 0.0295605 0.0808737 0.0502044 0.0273858 0.084386 0.0502044 0.0247959 0.0876045 0.0502044 0.0218301 0.0904802 0.0502044 0.0185335 0.0929698 0.0502044 0.0149558 0.0950353 0.0502044 0.0111515 0.0966456 0.0502044 0.00717808 0.0977761 0.0502044 0.00309587 0.0984098 0.0502044 -0.00103326 0.098537 0.0502044 -0.00514674 0.0981558 0.0502044 -0.00918219 0.0972721 0.0502044 -0.0130785 0.0958991 0.0502044 -0.0167765 0.0940577 0.0502044 -0.0202201 0.0917758 0.0502044 -0.0233573 0.089088 0.0502044 -0.0261404 0.0860351 0.0502044 -0.0285273 0.0826633 0.0502044 -0.0304817 0.0790238 0.0502044 -0.031974 0.0751717 0.0502044 -0.0329816 0.0711653 0.0502044 -0.0334893 0.0670655 0.0502044 -0.0334893 0.0629345 0.0502044 -0.0329816 0.0588347 0.0502044 -0.031974 0.0548283 0.0502044 -0.0304817 0.0509762 0.0502044 -0.0285273 0.0473367 0.0502044 -0.0261404 0.0439649 0.0502044 -0.0233573 0.040912 0.0502044 -0.0202201 0.0382242 0.0502044 -0.0167765 0.0359423 0.0502044 -0.0130785 0.0341009 0.0502044 -0.00918219 0.0327279 0.0502044 -0.00514674 0.0318442 0.0502044 -0.00103326 0.031463 0.0502044 0.00309587 0.0315902 0.0502044 0.00717808 0.0322239 0.0502044 0.0111515 0.0333544 0.0502044 0.0149558 0.0349647 0.0502044 0.0185335 0.0370302 0.0502044 0.0218301 0.0395198 0.0502044 0.0247959 0.0423955 0.0502044 0.0273858 0.045614 0.0502044 0.0295605 0.0491263 0.0502044 0.0312872 0.0528793 0.0502044 0.0325395 0.056816 0.0502044 0.0332986 0.0608767 0.0502044 0.0335529 0.065 0.107653 0.036654 0.0742189 0.107653 0.0352433 0.0786533 0.107653 0.0308486 0.0868373 0.107653 0.0208769 0.0965065 0.107653 0.0125615 0.100647 0.107653 0.00348733 0.102634 0.107653 -0.0103432 0.101353 0.107653 -0.0263108 0.0921339 0.107653 -0.0294458 0.0886949 0.107653 -0.0343359 0.080797 0.107653 -0.0377239 0.0673267 0.107653 -0.0377239 0.0626733 0.107653 -0.037152 0.0580551 0.107653 -0.0343359 0.049203 0.107653 -0.0263108 0.0378661 0.107653 -0.0103432 0.0286473 0.107653 -0.00579752 0.0276517 0.107653 0.00348733 0.0273657 0.107653 0.0168469 0.0311668 0.107653 0.0245905 0.0362979 0.107653 0.0308486 0.0431627 0.107653 0.036654 0.0557811 0.111896 0.0332986 0.0608767 0.111896 0.0325395 0.056816 0.111296 0.0347347 0.0606989 0.111296 0.0339429 0.056463 0.110343 0.0359679 0.0605462 0.110343 0.035148 0.0561599 0.1091 0.0369142 0.060429 0.1091 0.0360727 0.0559273 0.107653 0.0375091 0.0603554 0.111896 0.0295605 0.0491263 0.111896 0.0273858 0.045614 0.111296 0.0308354 0.0484417 0.111296 0.0285669 0.0447779 0.110343 0.0319302 0.0478538 0.110343 0.0295811 0.04406 0.1091 0.0327703 0.0474027 0.1091 0.0303594 0.043509 0.107653 0.0332983 0.0471192 0.111896 0.0185335 0.0370302 0.111896 0.0149558 0.0349647 0.111296 0.0193328 0.0358239 0.111296 0.0156008 0.0336693 0.110343 0.0200192 0.034788 0.110343 0.0161547 0.0325569 0.1091 0.0205459 0.0339932 0.1091 0.0165798 0.0317034 0.107653 0.0208769 0.0334935 0.111896 0.00717808 0.0322239 0.111896 0.00309587 0.0315902 0.111296 0.00748766 0.0308103 0.111296 0.00322939 0.0301493 0.110343 0.0077535 0.0295964 0.110343 0.00334405 0.028912 0.1091 0.00795749 0.028665 0.1091 0.00343203 0.0279625 0.107653 0.00808572 0.0280795 0.111896 -0.0202201 0.0382242 0.111896 -0.0233573 0.040912 0.111296 -0.0210922 0.0370694 0.111296 -0.0243647 0.0398731 0.110343 -0.0218411 0.0360777 0.110343 -0.0252297 0.038981 0.1091 -0.0224157 0.0353168 0.1091 -0.0258935 0.0382964 0.107653 -0.0227769 0.0348385 0.111896 -0.0285273 0.0473367 0.111896 -0.0304817 0.0509762 0.111296 -0.0297576 0.0465749 0.111296 -0.0317963 0.0503714 0.110343 -0.0308141 0.0459207 0.110343 -0.0329252 0.049852 0.1091 -0.0316248 0.0454188 0.1091 -0.0337914 0.0494535 0.107653 -0.0321344 0.0451032 0.111896 -0.031974 0.0751717 0.111896 -0.0304817 0.0790238 0.111296 -0.033353 0.0756103 0.111296 -0.0317963 0.0796286 0.110343 -0.0345371 0.0759871 0.110343 -0.0329252 0.080148 0.1091 -0.0354458 0.0762761 0.1091 -0.0337914 0.0805465 0.107653 -0.036017 0.0764578 0.111896 -0.0130785 0.0958991 0.111896 -0.00918219 0.0972721 0.111296 -0.0136425 0.0972317 0.111296 -0.0095782 0.0986639 0.110343 -0.0141269 0.0983761 0.110343 -0.00991827 0.0998591 0.1091 -0.0144985 0.0992541 0.1091 -0.0101792 0.100776 0.107653 -0.0147322 0.0998061 0.111896 -0.00103326 0.098537 0.111896 0.00309587 0.0984098 0.111296 -0.00107783 0.0999834 0.111296 0.00322939 0.0998507 0.110343 -0.00111609 0.101225 0.110343 0.00334405 0.101088 0.1091 -0.00114546 0.102179 0.1091 0.00343203 0.102037 0.107653 -0.00116392 0.102778 0.111896 0.0149558 0.0950353 0.111896 0.0185335 0.0929698 0.111296 0.0156008 0.0963307 0.111296 0.0193328 0.0941761 0.110343 0.0161547 0.0974431 0.110343 0.0200192 0.095212 0.1091 0.0165798 0.0982966 0.1091 0.0205459 0.0960068 0.107653 0.0168469 0.0988332 0.111896 0.0247959 0.0876045 0.111896 0.0273858 0.084386 0.111296 0.0258653 0.0885793 0.111296 0.0285669 0.0852221 0.110343 0.0267836 0.0894165 0.110343 0.0295811 0.08594 0.1091 0.0274883 0.0900589 0.1091 0.0303594 0.086491 0.107653 0.0279313 0.0904627 0.111896 0.0335529 0.065 0.111296 0.035 0.065 0.110343 0.0362426 0.065 0.1091 0.0371962 0.065 0.107653 0.0377956 0.065 0.107653 0.0352433 0.0513467 0.1091 0.0346844 0.0515632 0.110343 0.0337953 0.0519076 0.111296 0.0326365 0.0523565 0.111896 0.0312872 0.0528793 0.107653 0.0279313 0.0395373 0.1091 0.0274883 0.0399411 0.110343 0.0267836 0.0405835 0.111296 0.0258653 0.0414207 0.111896 0.0247959 0.0423955 0.111896 0.0218301 0.0395198 0.111296 0.0227716 0.0384208 0.110343 0.0235801 0.0374772 0.1091 0.0242005 0.0367531 0.107653 0.0125615 0.029353 0.1091 0.0123623 0.0299183 0.110343 0.0120454 0.0308176 0.111296 0.0116324 0.0319896 0.111896 0.0111515 0.0333544 0.107653 -0.00116392 0.0272224 0.1091 -0.00114546 0.0278215 0.110343 -0.00111609 0.0287745 0.111296 -0.00107783 0.0300166 0.111896 -0.00103326 0.031463 0.111896 -0.00514674 0.0318442 0.111296 -0.00536871 0.0304142 0.110343 -0.00555932 0.0291863 0.1091 -0.00570558 0.028244 0.1091 -0.0101792 0.0292238 0.110343 -0.00991827 0.0301409 0.111296 -0.0095782 0.0313361 0.111896 -0.00918219 0.0327279 0.107653 -0.0147322 0.0301939 0.1091 -0.0144985 0.0307459 0.110343 -0.0141269 0.031624 0.111296 -0.0136425 0.0327683 0.111896 -0.0130785 0.0341009 0.111896 -0.0167765 0.0359423 0.111296 -0.0175 0.0346891 0.110343 -0.0181213 0.033613 0.1091 -0.0185981 0.0327872 0.107653 -0.0188978 0.0322681 0.107653 -0.0294458 0.0413051 0.1091 -0.0289788 0.0416808 0.110343 -0.0282359 0.0422786 0.111296 -0.0272678 0.0430577 0.111896 -0.0261404 0.0439649 0.107653 -0.036017 0.0535422 0.1091 -0.0354458 0.0537239 0.110343 -0.0345371 0.0540129 0.111296 -0.033353 0.0543897 0.111896 -0.031974 0.0548283 0.111896 -0.0329816 0.0588347 0.111296 -0.0344041 0.0585688 0.110343 -0.0356255 0.0583404 0.1091 -0.0365628 0.0581652 0.1091 -0.0371256 0.0627102 0.110343 -0.0361739 0.0627689 0.111296 -0.0349336 0.0628454 0.111896 -0.0334893 0.0629345 0.1091 -0.0371256 0.0672898 0.110343 -0.0361739 0.0672311 0.111296 -0.0349336 0.0671546 0.111896 -0.0334893 0.0670655 0.107653 -0.037152 0.0719449 0.1091 -0.0365628 0.0718348 0.110343 -0.0356255 0.0716596 0.111296 -0.0344041 0.0714312 0.111896 -0.0329816 0.0711653 0.107653 -0.0321344 0.0848968 0.1091 -0.0316248 0.0845812 0.110343 -0.0308141 0.0840793 0.111296 -0.0297576 0.0834251 0.111896 -0.0285273 0.0826633 0.111896 -0.0261404 0.0860351 0.111296 -0.0272678 0.0869423 0.110343 -0.0282359 0.0877214 0.1091 -0.0289788 0.0883192 0.1091 -0.0258935 0.0917036 0.110343 -0.0252297 0.091019 0.111296 -0.0243647 0.0901269 0.111896 -0.0233573 0.089088 0.107653 -0.0227769 0.0951615 0.1091 -0.0224157 0.0946832 0.110343 -0.0218411 0.0939222 0.111296 -0.0210922 0.0929306 0.111896 -0.0202201 0.0917758 0.111896 -0.0167765 0.0940577 0.111296 -0.0175 0.0953109 0.110343 -0.0181213 0.096387 0.1091 -0.0185981 0.0972128 0.107653 -0.0188978 0.0977319 0.107653 -0.00579752 0.102348 0.1091 -0.00570558 0.101756 0.110343 -0.00555932 0.100814 0.111296 -0.00536871 0.0995858 0.111896 -0.00514674 0.0981558 0.107653 0.00808572 0.101921 0.1091 0.00795749 0.101335 0.110343 0.0077535 0.100404 0.111296 0.00748766 0.0991897 0.111896 0.00717808 0.0977761 0.111896 0.0111515 0.0966456 0.111296 0.0116324 0.0980104 0.110343 0.0120454 0.0991824 0.1091 0.0123623 0.100082 0.107653 0.0245905 0.0937021 0.1091 0.0242005 0.0932469 0.110343 0.0235801 0.0925228 0.111296 0.0227716 0.0915792 0.111896 0.0218301 0.0904802 0.107653 0.0332983 0.0828808 0.1091 0.0327703 0.0825973 0.110343 0.0319302 0.0821462 0.111296 0.0308354 0.0815583 0.111896 0.0295605 0.0808737 0.111896 0.0312872 0.0771207 0.111296 0.0326365 0.0776435 0.110343 0.0337953 0.0780924 0.1091 0.0346844 0.0784368 0.1091 0.0360727 0.0740727 0.110343 0.035148 0.0738401 0.111296 0.0339429 0.073537 0.111896 0.0325395 0.073184 0.107653 0.0375091 0.0696446 0.1091 0.0369142 0.069571 0.110343 0.0359679 0.0694538 0.111296 0.0347347 0.0693011 0.111896 0.0332986 0.0691233</float_array>
                    <technique_common>
                        <accessor count="1602" source="#shape0-lib-positions-array" stride="3">
                            <param name="X" type="float"/>
                            <param name="Y" type="float"/>
                            <param name="Z" type="float"/>
                        </accessor>
                    </technique_common>
                </source>
                <source id="shape0-lib-normals" name="normal">
                    <float_array id="shape0-lib-normals-array" count="9582">-0.90733 0 0.420419 -0.92038 0.044441 0.388492 -0.952419 0 0.304792 -0.978502 0 -0.206239 -0.994363 0.0205227 -0.104024 -0.994795 0.0307721 -0.097137 -0.999981 0 0.00614995 -0.988615 0 0.150465 -0.990626 0.0979256 0.0952388 -0.975891 0 0.21826 -0.956098 0 -0.293049 -0.939531 0.0526345 -0.338394 -0.912435 0 -0.409221 -0.590559 0 -0.806995 -0.680199 0.0464466 -0.731554 -0.665587 0.0116253 -0.74623 -0.748392 0 -0.663257 -0.828662 0 -0.55975 -0.802605 0.0736128 -0.591952 -0.872111 0 -0.489308 -0.114053 0 -0.993475 -0.209325 0.00958099 -0.977799 -0.229359 0.0382907 -0.972589 -0.322319 0 -0.946631 -0.461748 0 -0.887011 -0.403353 0.110013 -0.908407 -0.515901 0 -0.856648 -0.024611 0 -0.999697 0.0167613 0.0492219 -0.998647 0.0994101 0 -0.995047 0.578612 0 -0.815603 0.484972 0.0328162 -0.873914 0.491138 0.0218847 -0.870807 0.392305 0 -0.919835 0.262059 0 -0.965052 0.307206 0.0857928 -0.947768 0.188135 0 -0.982143 0.649333 0 -0.760504 0.689267 0.0546829 -0.722441 0.738536 0 -0.674214 0.795955 0 -0.605355 0.846142 0.0444419 -0.531101 0.864811 0 -0.502098 0 0 1 0 0 1 0 0 1 0 0 1 0 0 1 0 0 1 0 0 1 0 0 1 0 0 1 0 0 1 0 0 1 0 0 1 0 0 1 0 0 1 0 0 1 -0.065404 0 0.997859 -0.065404 0 0.997859 -0.152121 0 0.988362 -0.152121 0 0.988362 -0.216441 0 0.976296 -0.216441 0 0.976296 -0.300706 0 0.953717 -0.300706 0 0.953717 -0.362439 0 0.932008 -0.362439 0 0.932008 -0.442288 0 0.896873 -0.442288 0 0.896873 -0.555571 0 0.831469 -0.555571 0 0.831469 -0.625923 0 0.779885 -0.625923 0 0.779885 -0.67559 0 0.737278 -0.67559 0 0.737278 -0.737277 0 0.67559 -0.737277 0 0.67559 -0.779885 0 0.625922 -0.779885 0 0.625922 -0.831469 0 0.555571 -0.831469 0 0.555571 0.21008 0.0906406 -0.973474 0.161695 0 -0.986841 0.217333 -0.120984 -0.968571 0.21008 -0.0906406 -0.973474 0.841213 0 -0.540704 0.841213 0 -0.540704 0.724593 0 -0.689177 0.724593 0 -0.689177 0.625288 0 -0.780394 0.625288 0 -0.780394 0.467471 0 -0.884009 0.467471 0 -0.884009 0.344279 0 -0.938867 0.344279 0 -0.938867 0.161695 0 -0.986841 0.217333 0.120984 -0.968571 0 0 -1 0 0 -1 0 0 -1 0 0 -1 0 0 -1 0 0 -1 0 0 -1 0 0 -1 0 0 -1 0 0 -1 0 0 -1 -0.866025 0 0.5 -0.866026 4.32392e-07 0.5 -0.866025 1.74359e-06 0.500001 -0.866025 -3.48362e-07 0.5 -0.866025 -4.35161e-07 0.5 -0.866025 0 0.5 -0.866025 1.0642e-06 0.5 -0.866025 1.12158e-06 0.5 -0.866025 1.03672e-06 0.5 -0.866026 1.78665e-08 0.499999 -0.866026 2.77339e-07 0.5 -0.866026 2.7781e-07 0.5 -0.866025 1.30282e-08 0.5 -0.866026 4.46717e-07 0.5 -0.866025 0 0.5 -0.866025 5.46613e-08 0.5 -0.866026 7.3235e-07 0.499999 -0.866025 -1.64096e-06 0.500001 -0.866025 -1.10081e-06 0.5 -0.866025 -1.22792e-06 0.5 -0.866025 0 0.5 -0.866025 -1.18758e-06 0.500001 -0.866026 0 0.5 -0.866025 0 0.5 -0.866025 0 0.5 -0.866025 0 0.5 -0.866026 1.04402e-08 0.5 -0.866025 2.36377e-08 0.5 -0.866025 -1.40515e-09 0.500001 -0.866025 -1.90953e-08 0.5 -0.866026 1.37208e-08 0.499999 -0.866025 4.67871e-08 0.500001 -0.866024 1.11649e-08 0.500003 -0.866026 -1.28042e-08 0.5 -0.866024 2.05017e-06 0.500003 -0.866025 4.98003e-07 0.500001 -0.866025 0 0.5 -0.866025 -1.13773e-06 0.5 0.906308 0 -0.422618 0.906308 2.41463e-08 -0.422619 0.906307 -1.12213e-06 -0.422619 0.906308 -4.98304e-07 -0.422618 0.906308 -6.05458e-07 -0.422618 0.906308 -5.98042e-07 -0.422618 0.906308 -5.13403e-07 -0.422618 0.906308 -5.75285e-07 -0.422618 0.906308 0 -0.422618 0.906308 4.56286e-07 -0.422618 0.906308 -2.23282e-06 -0.422618 0.906308 6.16708e-07 -0.422618 0.906308 5.80683e-07 -0.422618 0.906308 4.93635e-07 -0.422618 0.906308 6.01645e-07 -0.422618 0.906308 2.76086e-07 -0.422619 0.906308 -1.22321e-07 -0.422618 0.906308 0 -0.422619 0.906307 3.35415e-07 -0.42262 0.906308 0 -0.422619 0.906309 0 -0.422617 0.906308 -6.24831e-09 -0.422619 0.906308 0 -0.422619 0.906308 -4.61784e-07 -0.422618 0.906308 8.59747e-07 -0.422618 0.906308 5.69632e-07 -0.422618 0.906308 -3.01713e-07 -0.422618 0.906308 -1.38535e-07 -0.422618 0.906308 0 -0.422618 0.906308 0 -0.422618 0.906308 0 -0.422618 0.906308 -2.08035e-08 -0.422619 0.906308 -4.02377e-08 -0.422618 0.906308 -4.30836e-08 -0.422618 0.906308 -4.02908e-08 -0.422618 0.906308 -5.61274e-08 -0.422619 0.906307 -1.25887e-08 -0.422621 0.906311 1.18351e-07 -0.422612 0 1 0 0 1 0 0 1 0 0 1 0 0 1 0 0 1 0 0 1 0 0 1 0 0 1 0 0 1 0 0 1 0 0 1 0 0 1 0 0 1 0 0 1 0 0 1 0 0 1 0 0 1 0 0 1 0 -0.90733 0 0.420419 -0.92038 -0.044441 0.388492 -0.99541 0 0.0956988 -0.987136 -0.0546813 0.15024 -0.975891 0 0.21826 -0.952419 0 0.304792 -0.999981 0 0.00614995 -0.994037 -0.032813 -0.10399 -0.995028 -0.0218845 -0.0971597 -0.978502 0 -0.206239 -0.940836 0 -0.338864 -0.952572 -0.0857924 -0.291968 -0.804788 0 -0.593562 -0.827657 -0.0492194 -0.559072 -0.872111 0 -0.489308 -0.912435 0 -0.409221 -0.748392 0 -0.663257 -0.680903 -0.00958125 -0.732311 -0.665144 -0.0382918 -0.745733 -0.405816 0 -0.913955 -0.46104 -0.0553643 -0.88565 -0.515901 0 -0.856648 -0.590559 0 -0.806995 -0.322319 0 -0.946631 -0.209109 -0.0464452 -0.976789 -0.229511 -0.011625 -0.973237 -0.114053 0 -0.993475 0.0167817 0 -0.999859 -0.0245442 -0.0736165 -0.996985 0.308343 0 -0.951275 0.261696 -0.0526347 -0.963714 0.188135 0 -0.982143 0.0994101 0 -0.995047 0.392305 0 -0.919835 0.485132 -0.0205225 -0.8742 0.491023 -0.0307748 -0.870603 0.578612 0 -0.815603 0.6903 0 -0.723524 0.646212 -0.0979287 -0.756848 0.864811 0 -0.502098 0.846142 -0.0444419 -0.531101 0.795955 0 -0.605355 0.738536 0 -0.674214 0 -1 0 0 -1 0 0 -1 0 0 -1 0 0 -1 0 0 -1 0 0 -1 0 0 -1 0 0 -1 0 0 -1 0 0 -1 0 0 -1 0 0 -1 0 0 -1 0 0 -1 0 0 -1 0 0 -1 0 0 -1 0 0 -1 0 0 -1 0 0 -1 0 0 -1 0 0 -1 0 0 -1 0 0 -1 0 0 -1 0 0 -1 0 0 -1 0 0 -1 0 0 -1 0 0 -1 0 0 -1 0 0 -1 0 0 -1 0 0 -1 0 0 -1 0 0 -1 0 0 -1 0 0 -1 0 0 -1 0 0 -1 0 0 -1 0 0 -1 0 0 -1 0 0 -1 0 0 -1 0 0 -1 0 0 0 1 0 0 1 0 1 0 0 1 0 0 1 0 0 1 0 0 1 0 0 1 0 0 1 0 0 1 0 0 1 0 0 1 0 0 1 0 0 1 0 0 1 0 0 1 0 0 1 0 0 1 0 0 1 0 0 1 0 0 1 0 0 1 0 0 1 0 0 1 0 0 1 0 0 1 0 0 1 0 0 1 0 0 1 0 0 1 0 0 0 1 0 0 1 0 -0.0390987 0.999235 -0.00278844 -0.172262 0.985047 -0.00323173 -0.496879 0.867814 0.000415715 -0.370143 0.928975 -0.00114491 -0.195026 0.980797 5.68379e-06 -0.876288 0.481787 -2.88289e-06 -0.770525 0.63741 -0.00204584 -0.730028 0.683414 0.00105931 -0.66151 0.749936 -0.00217696 -0.510745 0.859729 0.00472005 -0.840278 0.542136 -0.00121205 -0.913973 0.405774 0.00263592 -0.982362 0.186968 0.00640867 -0.972977 0.230814 0 -0.99693 0.0783002 0 0.998211 0.0597847 -0.00398919 0.982241 0.187583 -0.00203783 0.976484 0.215578 0.00092746 0.920361 0.391069 -0.00209347 0.87677 0.480905 4.49628e-06 0.847778 0.530352 -3.93561e-06 0.772639 0.634846 0.00169096 0.738099 0.674691 -0.001228 0.663653 0.748039 6.6701e-06 0.623117 0.782128 -1.33437e-05 0.515925 0.856634 0.00224314 0.473813 0.880623 0 0.0483223 0.998832 0.00336071 0.178151 0.983998 0.00149965 0.204338 0.978899 -0.000557932 0.375272 0.926915 0 0 -1 0 0 -1 0 -1 0 0 -1 0 0 -1 0 0 -1 0 0 -1 0 0 -1 0 0 -1 0 0 -1 0 0 -1 0 0 -1 0 0 -1 0 0 -1 0 0 -1 0 0 -1 0 0 1 0 0 1 0 0 1 0 0 1 0 0 1 0 0 1 0 0 1 0 0 1 0 0 1 0 0 1 0 0 1 0 0 1 0 0 1 0 0 1 0 0 -0.984325 0.176367 -0.0020778 -0.992613 0.121306 0.000205423 -0.951193 0.308598 -0.000561745 -0.861769 0.5073 0.0063164 -0.737715 0.675083 -0.0039569 -0.882872 0.469597 -2.14723e-05 -0.777467 0.628924 2.96027e-05 -0.605181 0.796088 0.00552123 -0.440311 0.897828 0 -0.163138 0.986603 -0.00508211 -0.659141 0.752003 0.000889088 -0.472922 0.881104 -0.000551743 -0.277165 0.960822 0.00264642 -0.0831146 0.996536 0.000777113 0.669481 0.742829 0.00148471 0.642233 0.766508 -0.000984196 0.510324 0.859982 -1.5666e-05 0.444348 0.895854 7.30511e-06 0.358469 0.933542 0.000458319 0.287107 0.957899 -0.00141262 0.168008 0.985785 0 0.0920961 0.99575 -0.000605288 0.78573 0.618569 0.0015169 0.865453 0.500987 0.000396272 0.891377 0.453263 -0.000292363 0.956217 0.292657 0.0015263 0.984933 0.172932 0 0.994834 0.101515 0.123651 -0.890673 -0.437507 0.0211119 -0.979863 -0.198552 -0.00720993 -0.964493 -0.264011 0.0261709 -0.990656 -0.133849 0.152514 -0.831187 -0.534666 0.0351469 -0.78427 -0.619423 0.0846054 -0.839856 -0.536176 0.251369 -0.362112 -0.897602 0.242502 -0.443494 -0.862848 0.132065 -0.550259 -0.824484 0.193091 -0.586977 -0.78624 0.200379 -0.688737 -0.696771 0.210009 -0.0942514 -0.973146 0.190639 -0.197773 -0.961532 0.197197 -0.193685 -0.961041 0.337668 -0.195024 -0.92084 0.461229 -0.162863 -0.872206 0.825333 -0.193384 -0.530497 0.825332 -0.193381 -0.5305 0.701404 -0.552062 -0.450843 0.701404 -0.552064 -0.45084 0.470304 -0.829114 -0.302297 0.470304 -0.829115 -0.302296 0.16556 -0.980441 -0.106417 0.165561 -0.980441 -0.106417 0.71071 -0.194813 -0.675973 0.658326 -0.157085 -0.73616 0.555813 -0.552064 -0.621528 0.555813 -0.552063 -0.621529 0.372682 -0.829115 -0.416746 0.372682 -0.829115 -0.416745 0.131195 -0.980441 -0.146706 0.131195 -0.980441 -0.146707 0.613349 -0.19448 -0.765494 0.435349 -0.193386 -0.879246 0.369979 -0.552063 -0.747223 0.36998 -0.552065 -0.747221 0.248078 -0.829115 -0.501024 0.248078 -0.829115 -0.501025 0.0873307 -0.980441 -0.176375 0.0873308 -0.980441 -0.176375 0.888893 -0.195091 -0.414498 0.141778 -0.987688 -0.066112 0.179209 -0.980769 -0.0773009 0.409648 -0.890998 -0.19573 0.507103 -0.831439 -0.227058 0.5886 -0.760406 -0.274469 0.689161 -0.649449 -0.321361 0.757145 -0.555549 -0.343654 0.805716 -0.453985 -0.380419 0.89812 -0.156431 -0.410986 0.145677 -0.662095 0.735125 0.184874 -0.318137 0.929844 0.972207 -0.0182968 -0.233406 0.203721 -0.0968585 0.974226 0.198694 -0.0821949 0.976609 0.567581 -0.0971018 0.817572 0.564327 -0.0855605 0.821105 0.842532 -0.0818744 0.532387 0.841035 -0.0747161 0.535797 0.193391 -0.499671 0.844351 0.177178 -0.327697 0.928021 0.565175 -0.382148 0.731123 0.542284 -0.341575 0.767629 0.828753 -0.319721 0.45929 0.818321 -0.298022 0.491461 0.167254 -0.797279 0.579976 0.192728 -0.635861 0.747353 0.532663 -0.681684 0.501576 0.499332 -0.634727 0.589736 0.783954 -0.561559 0.264703 0.769412 -0.545434 0.332426 0.193431 -0.913854 0.357009 0.133974 -0.851358 0.507188 0.488796 -0.848982 0.20077 0.449557 -0.832359 0.324156 0.726595 -0.68681 0.0187558 0.708363 -0.698101 0.104294 0.971998 -0.0192156 -0.234202 0.967227 -0.0732402 -0.243123 0.96535 -0.0746634 -0.250049 0.950243 -0.131956 -0.282179 0.94683 -0.129338 -0.294591 0.927478 -0.164592 -0.335699 0.924112 -0.155408 -0.349093 0.904344 -0.170947 -0.391074 0.902504 -0.156411 -0.401275 0.823474 -0.489164 -0.28742 0.878117 -0.446583 -0.171682 0.876237 -0.465312 -0.125275 0.929411 -0.368835 -0.0124607 0.928943 -0.369202 0.0274632 0.970442 -0.211662 0.11594 0.96944 -0.203655 0.136789 0.985208 -0.0543518 0.162516 0.985004 -0.050962 0.164834 0.177161 -0.984119 0.0111064 0.113263 -0.976159 0.185161 0.447137 -0.887532 -0.111155 0.402245 -0.915379 0.0167515 0.628153 -0.756543 -0.181841 0.628207 -0.756474 -0.181942 0.731365 -0.645529 -0.219995 0.829223 -0.453323 -0.326935 0.199368 0 0.979925 0.199368 0 0.979925 0.566404 0 0.824127 0.566404 0 0.824127 0.843392 0 0.537299 0.843392 0 0.537299 0.986285 0 0.165049 0.986285 0 0.165049 0.97237 0 -0.233445 0.97237 0 -0.233445 0.199204 -0.0405837 0.979117 0.842858 -0.0355817 0.536958 0.986005 -0.0238537 0.165002 0.972337 -0.0082612 -0.233437 0.565917 -0.0414884 0.823418 0.200417 -0.0429917 0.978767 0.187774 -0.281558 0.940992 0.394555 -0.201211 0.896571 0.206406 -0.382721 0.900512 0.174795 -0.525359 0.832733 0.304904 -0.629529 0.714652 0.214447 -0.880941 0.421848 0.253554 -0.869272 0.424355 0.16204 -0.783019 0.60052 0.211668 -0.67641 0.705455 0.566707 -0.04334 0.822779 0.548525 -0.272257 0.790567 0.571658 -0.281273 0.770774 0.501236 -0.604836 0.618818 0.55035 -0.611702 0.568274 0.443965 -0.829455 0.338967 0.5108 -0.816764 0.268292 0.0926758 -0.98263 0.160778 0.206668 -0.975322 0.0776839 0.390437 -0.920583 0.00923309 0.467483 -0.881912 -0.0607519 0.642852 -0.752633 -0.142423 0.843212 -0.0369567 0.536309 0.825204 -0.234294 0.51395 0.835919 -0.239227 0.493974 0.776085 -0.51518 0.363706 0.798772 -0.511082 0.317426 0.710155 -0.692791 0.12538 0.742373 -0.666607 0.0672101 0.645041 -0.750652 -0.142978 0.731016 -0.645603 -0.220937 0.986057 -0.0247761 0.164551 0.975465 -0.158176 0.153131 0.977127 -0.160857 0.139098 0.936974 -0.34559 0.05145 0.940336 -0.339645 0.0202526 0.881891 -0.459232 -0.106652 0.888276 -0.436312 -0.143521 0.825225 -0.4906 -0.279849 0.836203 -0.45278 -0.309443 0.972301 -0.00860414 -0.233576 0.969932 -0.0550921 -0.237059 0.968777 -0.0561553 -0.241489 0.954772 -0.120185 -0.271968 0.95214 -0.118198 -0.281883 0.931967 -0.15932 -0.325659 0.92921 -0.151236 -0.33719 0.907647 -0.169759 -0.383874 0.906268 -0.156378 -0.392714 0.141292 -0.987688 -0.0671501 0.176811 -0.980786 -0.0824482 0.411748 -0.891006 -0.191239 0.502935 -0.831468 -0.236045 0.588601 -0.760405 -0.274469 0.68916 -0.649451 -0.32136 0.752983 -0.555571 -0.352644 0.807819 -0.453989 -0.37593 0.888505 -0.19509 -0.41533 0.89515 -0.156435 -0.417415 -0.957194 -0.194806 0.214078 -0.937829 -0.194549 -0.287449 -0.0241413 -0.194446 -0.980616 0.184529 -0.19487 -0.963315 0.149107 -0.980635 -0.126975 0.149108 -0.980634 -0.126976 0.424163 -0.830432 -0.361205 0.424162 -0.830433 -0.361202 0.633825 -0.554023 -0.539745 0.633825 -0.554025 -0.539744 0.124061 -0.980634 -0.151542 0.12406 -0.980635 -0.151542 0.35291 -0.830433 -0.431086 0.35291 -0.830432 -0.431087 0.527352 -0.554025 -0.644171 0.527352 -0.554025 -0.644171 0.0950313 -0.980635 -0.171245 0.0950314 -0.980635 -0.171246 0.270333 -0.830432 -0.487137 0.270333 -0.830433 -0.487137 0.403957 -0.554025 -0.727925 0.403957 -0.554025 -0.727926 -0.0745085 -0.980635 -0.18112 -0.0745088 -0.980635 -0.18112 -0.211953 -0.830433 -0.515225 -0.211951 -0.830434 -0.515224 -0.31672 -0.554021 -0.769902 -0.316718 -0.554024 -0.769901 -0.105628 -0.980635 -0.16492 -0.105628 -0.980635 -0.16492 -0.300476 -0.830434 -0.469141 -0.300478 -0.830433 -0.469142 -0.449003 -0.554024 -0.701038 -0.449005 -0.554021 -0.701039 -0.133358 -0.980635 -0.143427 -0.133359 -0.980635 -0.143427 -0.379362 -0.830433 -0.408003 -0.37936 -0.830434 -0.408002 -0.566879 -0.554021 -0.609679 -0.56688 -0.55402 -0.609679 -0.175228 -0.980634 -0.0874714 -0.175228 -0.980635 -0.0874714 -0.498464 -0.830433 -0.248826 -0.498464 -0.830433 -0.248826 -0.744853 -0.554025 -0.371821 -0.744853 -0.554025 -0.37182 -0.195293 -0.980635 0.0147029 -0.195294 -0.980635 0.0147033 -0.555547 -0.830432 0.0418262 -0.555548 -0.830432 0.0418264 -0.830151 -0.554024 0.0625009 -0.830152 -0.554024 0.0625011 0.16937 -0.980635 -0.0983339 0.16937 -0.980635 -0.0983337 0.481802 -0.830433 -0.279727 0.481803 -0.830432 -0.279729 0.719955 -0.554025 -0.417997 0.719955 -0.554023 -0.417998 0.848323 -0.194335 -0.492527 0.848323 -0.194339 -0.492525 0.384768 -0.195075 -0.902164 0.475983 -0.194338 -0.857714 0.475982 -0.194336 -0.857715 0.567498 -0.195051 -0.799938 0.615564 -0.23599 -0.751924 0.636915 -0.194643 -0.745959 0.746836 -0.194335 -0.63598 0.708501 -0.282284 -0.646794 0.780678 -0.194982 -0.593737 0.302451 -0.194548 -0.933099 0.313198 -0.224998 -0.92265 0.267599 -0.554025 -0.788319 0.267599 -0.554025 -0.788319 0.179081 -0.830432 -0.527554 0.179081 -0.830433 -0.527553 0.0629527 -0.980635 -0.185452 0.0629526 -0.980634 -0.185453 0.0975032 -0.194928 -0.975959 0.142563 -0.25232 -0.957084 0.122652 -0.554026 -0.823415 0.122652 -0.554024 -0.823416 0.08208 -0.830433 -0.551039 0.0820797 -0.830432 -0.55104 0.0288538 -0.980635 -0.193709 0.0288541 -0.980635 -0.193708 -0.111861 -0.195084 -0.974387 -0.030797 -0.211132 -0.976972 -0.0262298 -0.554024 -0.832087 -0.0262291 -0.554026 -0.832086 -0.0175528 -0.830433 -0.556841 -0.0175532 -0.830433 -0.556842 -0.00617057 -0.980635 -0.19575 -0.0061704 -0.980635 -0.195749 -0.0409974 -0.980635 -0.191508 -0.0409973 -0.980635 -0.191507 -0.116624 -0.830433 -0.544775 -0.116624 -0.830433 -0.544775 -0.174271 -0.554024 -0.814056 -0.174273 -0.554021 -0.814058 -0.205345 -0.194334 -0.959202 -0.205344 -0.194336 -0.959201 -0.734012 -0.19509 -0.650513 -0.667952 -0.194339 -0.718382 -0.667952 -0.194338 -0.718382 -0.579219 -0.195022 -0.7915 -0.523017 -0.244186 -0.816594 -0.506025 -0.194728 -0.84025 -0.373188 -0.194336 -0.907174 -0.391285 -0.265202 -0.881229 -0.31613 -0.195019 -0.928455 -0.789428 -0.194441 -0.582234 -0.782622 -0.211136 -0.585597 -0.666559 -0.554026 -0.498753 -0.666563 -0.554021 -0.498753 -0.44607 -0.830433 -0.33377 -0.446068 -0.830434 -0.33377 -0.156809 -0.980634 -0.117332 -0.156809 -0.980634 -0.117332 -0.877661 -0.194335 -0.438116 -0.870668 -0.299093 -0.390489 -0.855383 -0.194923 -0.479922 -0.959703 -0.195075 -0.202277 -0.935434 -0.224997 -0.272653 -0.799243 -0.554024 -0.232957 -0.799242 -0.554025 -0.232957 -0.534863 -0.830432 -0.155898 -0.534862 -0.830433 -0.155898 -0.188022 -0.980635 -0.0548034 -0.188023 -0.980635 -0.0548033 -0.194783 -0.980635 -0.020377 -0.194783 -0.980635 -0.020377 -0.554096 -0.830432 -0.0579661 -0.554096 -0.830432 -0.0579663 -0.827983 -0.554023 -0.0866188 -0.827983 -0.554024 -0.0866188 -0.97561 -0.194339 -0.102063 -0.975611 -0.194337 -0.102062 -0.978166 -0.194338 0.073645 -0.964351 -0.247853 0.0927128 -0.980775 -0.195051 0.0060318 -0.93414 -0.194977 0.298943 -0.937148 -0.249615 0.243816 -0.80568 -0.554023 0.209613 -0.80568 -0.554024 0.209612 -0.539168 -0.830434 0.140274 -0.539171 -0.830432 0.140277 -0.189538 -0.980634 0.0493122 -0.189537 -0.980635 0.0493118 -0.177698 -0.980634 0.0823383 -0.177697 -0.980635 0.0823373 -0.505489 -0.830434 0.234222 -0.50549 -0.830433 0.234223 -0.755353 -0.554023 0.35 -0.755354 -0.554022 0.350001 -0.890032 -0.194334 0.412405 -0.890032 -0.194337 0.412404 -0.168953 -0.980785 0.0975448 -0.168952 -0.980786 0.0975445 -0.481139 -0.831469 0.277786 -0.481139 -0.831469 0.277786 -0.720074 -0.55557 0.415735 -0.720075 -0.555569 0.415735 -0.849385 -0.195092 0.490392 -0.849385 -0.195091 0.490393 -0.149512 -0.980053 0.130925 -0.464119 -0.831002 0.306642 -0.709779 -0.555457 0.433222 -0.847923 -0.195091 0.492916 -0.182887 -0.961311 0.205995 -0.141062 -0.950013 0.278526 -0.229324 -0.86336 0.449466 -0.200083 -0.86686 0.456641 -0.136527 -0.808453 0.572507 -0.196282 -0.683964 0.702614 -0.479913 -0.800552 0.358887 -0.402253 -0.775488 0.486632 -0.470988 -0.702189 0.533948 -0.372165 -0.603856 0.704877 -0.435741 -0.540409 0.719783 -0.358505 -0.38004 0.852669 -0.40618 -0.342593 0.847141 -0.182234 -0.684505 0.705864 -0.0852412 -0.482244 0.87188 -0.158704 -0.442625 0.882551 -0.100786 -0.165375 0.981067 -0.12896 -0.154419 0.979553 -0.297882 -0.136533 0.944788 -0.3629 -0.135181 0.921971 -0.419903 -0.113168 0.900486 -0.571402 -0.0870086 0.816045 -0.710719 -0.529471 0.463184 -0.660464 -0.514964 0.546442 -0.686621 -0.455619 0.566536 -0.623861 -0.39317 0.675437 -0.651715 -0.345206 0.675352 -0.603043 -0.244132 0.759433 -0.625915 -0.217029 0.749085 -0.599425 -0.0892848 0.795435 -0.674368 -0.060085 0.735947 -0.844618 -0.18549 0.502209 -0.827847 -0.180906 0.530983 -0.829665 -0.159099 0.53511 -0.808285 -0.137727 0.572457 -0.812621 -0.120302 0.57024 -0.795959 -0.0855148 0.599281 -0.80066 -0.0757091 0.594316 -0.790875 -0.0287072 0.611304 -0.793079 -0.0263749 0.608548 -0.130525 0 0.991445 -0.130525 0 0.991445 -0.300697 0 0.95372 -0.300697 0 0.95372 -0.422618 0 0.906308 -0.422618 0 0.906308 -0.573578 0 0.819151 -0.573578 0 0.819151 -0.675589 0 0.737279 -0.675589 0 0.737279 -0.793355 0 0.60876 -0.793355 0 0.60876 -0.603125 -0.229812 0.763824 -0.165731 -0.938224 0.303759 -0.147188 -0.979869 0.134881 -0.464681 -0.776417 0.425733 -0.453626 -0.830273 0.323837 -0.698504 -0.511652 0.500304 -0.697149 -0.555022 0.4538 -0.83636 -0.178019 0.51847 -0.839094 -0.195048 0.507816 -0.81936 -0.170925 0.547205 -0.821235 -0.147113 0.5513 -0.653039 -0.492081 0.57567 -0.670273 -0.427485 0.606622 -0.40633 -0.749729 0.522305 -0.445871 -0.658171 0.606638 0.0531525 -0.691036 0.720863 -0.090492 -0.720617 0.687403 -0.215432 -0.858423 0.46551 0.00989908 -0.889394 0.457033 -0.101517 -0.905818 0.411325 -0.794081 -0.0774136 0.602862 -0.401215 -0.309232 0.862208 -0.799015 -0.0668269 0.597586 -0.79082 -0.025619 0.611513 -0.793143 -0.0230821 0.608597 -0.674453 -0.0579608 0.736039 -0.594845 -0.0614144 0.801491 -0.622842 -0.197576 0.756989 -0.363341 -0.364912 0.857218 -0.298321 -0.125464 0.946184 -0.358027 -0.098726 0.928477 -0.419966 -0.111855 0.90062 -0.571849 -0.0775813 0.816682 -0.803456 -0.127114 0.581636 -0.807976 -0.108322 0.579173 -0.621228 -0.372182 0.689606 -0.642823 -0.31788 0.696944 -0.377989 -0.580759 0.721002 -0.421463 -0.49446 0.760183 -0.189559 -0.681056 0.70727 -0.0963272 -0.473185 0.875681 -0.150714 -0.393009 0.907099 -0.104983 -0.161665 0.981246 -0.129282 -0.137693 0.982001 -0.168953 -0.980785 0.0975453 -0.168954 -0.980785 0.0975456 -0.481138 -0.831469 0.277785 -0.481137 -0.83147 0.277785 -0.720074 -0.55557 0.415735 -0.720074 -0.55557 0.415735 -0.849385 -0.195091 0.490393 -0.849385 -0.195088 0.490393 -0.212289 -0.194913 0.957571 -0.764907 -0.195044 0.613901 -0.625545 -0.554749 0.548587 -0.418319 -0.830918 0.366857 -0.14698 -0.980705 0.128898 -0.14698 -0.980705 0.128898 -0.128898 -0.980705 0.14698 -0.128898 -0.980705 0.14698 -0.10861 -0.980705 0.162547 -0.10861 -0.980705 0.162547 -0.0864644 -0.980705 0.175333 -0.0864643 -0.980705 0.175332 -0.0628393 -0.980705 0.185118 -0.0628393 -0.980705 0.185119 -0.418318 -0.83092 0.366854 -0.366855 -0.83092 0.418317 -0.366855 -0.830919 0.418318 -0.309116 -0.83092 0.462623 -0.309116 -0.830919 0.462624 -0.246086 -0.830919 0.499014 -0.246086 -0.830918 0.499015 -0.178847 -0.830918 0.526867 -0.178847 -0.830919 0.526865 -0.625545 -0.554746 0.548589 -0.548589 -0.554746 0.625546 -0.548589 -0.554746 0.625546 -0.462246 -0.554746 0.691799 -0.462246 -0.554745 0.6918 -0.367993 -0.554745 0.746217 -0.367993 -0.554747 0.746215 -0.267444 -0.554747 0.787864 -0.267444 -0.554747 0.787864 -0.162547 -0.980705 0.10861 -0.162547 -0.980705 0.108611 -0.462624 -0.830919 0.309116 -0.462625 -0.830919 0.309116 -0.691798 -0.554747 0.462245 -0.691798 -0.554749 0.462244 -0.81556 -0.194689 0.544939 -0.81556 -0.194687 0.54494 -0.7113 -0.263112 0.651786 -0.737453 -0.194689 0.64673 -0.662632 -0.194912 0.723137 -0.639927 -0.240906 0.729697 -0.613902 -0.195044 0.764907 -0.54494 -0.194687 0.81556 -0.54494 -0.19469 0.815559 -0.433825 -0.19469 0.879711 -0.433825 -0.194687 0.879712 -0.315289 -0.194689 0.928811 -0.290111 -0.263112 0.920113 -0.355478 -0.195045 0.914108 -0.149199 -0.195046 0.96938 -0.189344 -0.24091 0.951899 -0.162319 -0.554745 0.816033 -0.16232 -0.554747 0.816032 -0.108547 -0.83092 0.545701 -0.108547 -0.830919 0.545702 -0.038139 -0.980705 0.191738 -0.038139 -0.980705 0.191738 -0.012786 -0.980705 0.195076 -0.0127859 -0.980705 0.195076 -0.0363897 -0.83092 0.5552 -0.0363892 -0.830919 0.555202 -0.0544158 -0.554745 0.830239 -0.0544176 -0.55475 0.830235 -0.0641529 -0.194689 0.978765 -0.0641525 -0.194688 0.978765 0 -0.470395 0.882456 0 -0.19509 0.980785 0 -0.19509 0.980785 -0.122579 -0.620564 0.774516 0 -0.555574 0.831467 0 -0.773838 0.633383 -0.0661493 -0.829649 0.554353 0 -0.882538 0.470241 0 -0.980785 0.195092 0 -0.980785 0.195092 0.71071 0.194813 -0.675973 0.208033 0.165676 -0.963988 0.262453 0.194818 -0.945074 0.0529661 0.280936 -0.958264 0.117922 0.240797 -0.963385 0.0715436 0.826383 -0.558545 0.199033 0.742557 -0.639527 0.196789 0.554145 -0.808825 0.0763787 0.590198 -0.803637 0.242162 0.447342 -0.860954 0.0088507 0.998936 -0.0452663 0.0206865 0.977983 -0.207656 0.0256274 0.980054 -0.197072 0.088326 0.929302 -0.358603 0.123315 0.870617 -0.476257 0.619914 0.130824 -0.773687 0.337668 0.195024 -0.92084 0.437304 0.169512 -0.883194 0.369979 0.552065 -0.747222 0.369981 0.552063 -0.747222 0.248079 0.829115 -0.501025 0.248078 0.829115 -0.501025 0.0873306 0.980441 -0.176375 0.0873309 0.980441 -0.176375 0.45859 0.193994 -0.867215 0.654018 0.193385 -0.731343 0.555814 0.552063 -0.621529 0.555812 0.552064 -0.621529 0.372681 0.829115 -0.416746 0.372682 0.829115 -0.416746 0.131195 0.980441 -0.146707 0.131195 0.980441 -0.146707 0.825334 0.193381 -0.530498 0.825332 0.193384 -0.5305 0.701403 0.552065 -0.450842 0.701405 0.552062 -0.450841 0.470304 0.829115 -0.302296 0.470304 0.829114 -0.302296 0.165561 0.980441 -0.106417 0.16556 0.980441 -0.106417 0.144767 0.987664 -0.0596918 0.176812 0.980785 -0.082449 0.409648 0.890998 -0.19573 0.507103 0.831439 -0.227058 0.5886 0.760406 -0.274469 0.689161 0.649449 -0.321361 0.757145 0.555549 -0.343654 0.805716 0.453985 -0.380419 0.891279 0.195088 -0.409344 0.89515 0.156435 -0.417415 0.207787 0.582105 0.786116 0.183214 0.848484 0.496496 0.15853 0.975812 0.150529 0.807692 0.478617 -0.344324 0.827062 0.453456 -0.332185 0.897271 0.166098 -0.409043 0.901169 0.156419 -0.404261 0.094054 0.995471 0.0138637 0.192133 0.980354 0.0446248 0.381824 0.916295 -0.120887 0.45347 0.886103 -0.0958515 0.628971 0.737975 -0.244519 0.596428 0.760272 -0.257411 0.715621 0.648025 -0.260672 0.119608 0.925473 0.359436 0.132578 0.920835 0.366722 0.39934 0.906631 0.136193 0.496785 0.857724 0.132339 0.661819 0.748597 -0.039979 0.718887 0.693694 -0.0446111 0.842473 0.49403 -0.21488 0.865371 0.451677 -0.217076 0.914357 0.173568 -0.365822 0.917443 0.157116 -0.365532 0.15251 0.728948 0.667365 0.142657 0.738613 0.658862 0.45288 0.781768 0.428646 0.534499 0.730578 0.424932 0.725485 0.657131 0.204574 0.771531 0.606114 0.193302 0.897173 0.438392 -0.053783 0.913709 0.401345 -0.0637126 0.937973 0.155228 -0.310018 0.939079 0.14127 -0.313325 0.184884 0.409294 0.893475 0.160275 0.476714 0.864324 0.509631 0.541046 0.668989 0.562847 0.493564 0.663022 0.787496 0.459302 0.410964 0.816308 0.419904 0.396639 0.947671 0.307828 0.0846267 0.956561 0.282581 0.0716861 0.959033 0.109401 -0.261319 0.95867 0.100576 -0.266149 0.195536 0.195139 0.961086 0.219974 0.170027 0.960574 0.555381 0.196327 0.808089 0.572166 0.174462 0.801367 0.8316 0.166637 0.529786 0.840212 0.151407 0.520692 0.980148 0.11139 0.164022 0.982233 0.10315 0.156776 0.97161 0.0395411 -0.233262 0.971069 0.037015 -0.235911 0.199368 0 0.979925 0.199368 0 0.979925 0.566404 0 0.824127 0.566404 0 0.824127 0.843392 0 0.537299 0.843392 0 0.537299 0.986285 0 0.165049 0.986285 0 0.165049 0.97237 0 -0.233445 0.97237 0 -0.233445 0.171931 0.487254 0.856168 0.152031 0.750944 0.642627 0.138985 0.925273 0.352921 0.440104 0.888808 -0.127781 0.395297 0.906359 -0.149177 0.609147 0.759439 -0.228457 0.659263 0.720038 -0.216606 0.898091 0.161411 -0.409119 0.901349 0.156418 -0.403861 0.808724 0.467908 -0.356411 0.82238 0.453688 -0.343306 0.701688 0.649151 -0.293662 0.295805 0.947378 0.122367 0.912436 0.171908 -0.37136 0.915734 0.156645 -0.369992 0.834393 0.495528 -0.241331 0.858016 0.452632 -0.242762 0.652179 0.753563 -0.0824881 0.71072 0.697733 -0.0896977 0.391325 0.91649 0.0831293 0.49258 0.867167 0.0733987 0.21034 0.958858 0.190652 0.113922 0.993316 -0.0185859 0.175655 0.984421 0.00776564 0.936869 0.155207 -0.313347 0.938079 0.142284 -0.315853 0.892325 0.445996 -0.0695971 0.908428 0.410021 -0.0815006 0.720514 0.669316 0.181316 0.76557 0.62269 0.161737 0.449683 0.797295 0.402625 0.531453 0.754904 0.384289 0.290053 0.812554 0.505593 0.197344 0.855936 0.477942 0.95862 0.109832 -0.262649 0.958317 0.101937 -0.266902 0.945892 0.31475 0.0788707 0.953981 0.293065 0.0635022 0.786304 0.467653 0.403766 0.813446 0.439117 0.38142 0.509534 0.548691 0.662807 0.561683 0.520443 0.643157 0.292068 0.552024 0.781003 0.198744 0.638501 0.743517 0.971601 0.0397568 -0.23326 0.971114 0.0376367 -0.235629 0.979882 0.113762 0.163977 0.981806 0.108057 0.156142 0.831358 0.168329 0.529632 0.83982 0.160421 0.518621 0.555381 0.196335 0.808087 0.572667 0.187176 0.798134 0.195547 0.194852 0.961142 0.221738 0.184855 0.957424 0.888893 0.19509 -0.414498 0.141776 0.987689 -0.0661114 0.176422 0.980785 -0.0832811 0.411748 0.891006 -0.191239 0.502935 0.831468 -0.236045 0.588601 0.760405 -0.274469 0.689159 0.649452 -0.32136 0.752983 0.555571 -0.352644 0.807818 0.453989 -0.37593 0.894665 0.156436 -0.418453 0.16937 0.980635 -0.0983338 0.481802 0.830433 -0.279728 0.719955 0.554025 -0.417998 0.629074 0.247845 -0.736776 0.621379 0.194335 -0.759027 0.724388 0.194803 -0.661297 0.73725 0.249615 -0.627817 0.780678 0.194982 -0.593737 0.848322 0.194339 -0.492526 0.848323 0.194335 -0.492525 0.567498 0.195051 -0.799938 0.475983 0.194336 -0.857714 0.475982 0.194339 -0.857714 0.384768 0.195075 -0.902164 0.313198 0.224998 -0.92265 0.302451 0.194548 -0.933099 0.144521 0.194334 -0.970231 0.179524 0.299089 -0.937186 0.0975032 0.194928 -0.975959 -0.0241413 0.194446 -0.980616 -0.030797 0.211132 -0.976972 -0.111861 0.195084 -0.974387 -0.205344 0.194334 -0.959202 -0.205345 0.194336 -0.959201 -0.31613 0.195019 -0.928455 -0.368925 0.244185 -0.89681 -0.398048 0.194728 -0.896459 -0.529061 0.194335 -0.826031 -0.497428 0.265203 -0.825974 -0.579219 0.195022 -0.7915 -0.667952 0.194338 -0.718382 -0.667952 0.194339 -0.718382 -0.734012 0.19509 -0.650513 -0.782622 0.211136 -0.585597 -0.789428 0.194441 -0.582234 -0.855383 0.194923 -0.479922 -0.865768 0.252323 -0.432179 -0.894943 0.194871 -0.401376 -0.937829 0.194549 -0.287449 -0.935434 0.224997 -0.272653 -0.959703 0.195075 -0.202277 -0.97561 0.194339 -0.102062 -0.975611 0.194337 -0.102063 -0.980775 0.195051 0.0060318 -0.969011 0.235996 0.0729557 -0.976372 0.194646 0.0938684 -0.949332 0.194337 0.246986 -0.936203 0.282283 0.209383 -0.93414 0.194977 0.298943 -0.890032 0.194334 0.412404 -0.890031 0.194337 0.412405 0.719956 0.554023 -0.417998 0.633825 0.554023 -0.539744 0.633824 0.554025 -0.539744 0.527352 0.554025 -0.644171 0.527352 0.554025 -0.644171 0.403956 0.554025 -0.727925 0.403957 0.554025 -0.727926 0.267599 0.554025 -0.788319 0.267599 0.554025 -0.788319 0.122652 0.554025 -0.823416 0.122652 0.554026 -0.823415 -0.0262298 0.554026 -0.832086 -0.0262291 0.554024 -0.832087 -0.174272 0.554024 -0.814055 -0.174271 0.554021 -0.814058 -0.316719 0.554021 -0.769903 -0.316719 0.554024 -0.7699 -0.449004 0.554024 -0.701037 -0.449004 0.554021 -0.701039 -0.566879 0.554022 -0.609679 -0.56688 0.55402 -0.609679 -0.666562 0.554021 -0.498755 -0.66656 0.554026 -0.498751 -0.744853 0.554025 -0.37182 -0.744853 0.554025 -0.371821 -0.799242 0.554025 -0.232957 -0.799243 0.554024 -0.232957 -0.827983 0.554023 -0.0866189 -0.827983 0.554024 -0.0866188 -0.830151 0.554024 0.0625011 -0.830152 0.554023 0.0625009 -0.80568 0.554024 0.209613 -0.80568 0.554023 0.209612 -0.755353 0.554023 0.35 -0.755354 0.554022 0.35 0.481804 0.830432 -0.279728 0.424163 0.830432 -0.361204 0.424161 0.830433 -0.361203 0.352909 0.830433 -0.431086 0.352911 0.830432 -0.431087 0.270333 0.830432 -0.487137 0.270333 0.830433 -0.487137 0.17908 0.830433 -0.527553 0.179081 0.830432 -0.527553 0.0820802 0.830432 -0.55104 0.0820795 0.830433 -0.551039 -0.0175528 0.830433 -0.556842 -0.0175532 0.830433 -0.556841 -0.116624 0.830433 -0.544775 -0.116624 0.830433 -0.544775 -0.211952 0.830433 -0.515225 -0.211952 0.830434 -0.515224 -0.300477 0.830434 -0.469141 -0.300477 0.830433 -0.469143 -0.379361 0.830433 -0.408003 -0.37936 0.830434 -0.408001 -0.446069 0.830434 -0.333769 -0.44607 0.830433 -0.333771 -0.498464 0.830433 -0.248826 -0.498464 0.830433 -0.248827 -0.534862 0.830433 -0.155898 -0.534863 0.830432 -0.155899 -0.554096 0.830432 -0.0579664 -0.554096 0.830432 -0.057966 -0.555547 0.830432 0.0418264 -0.555548 0.830432 0.0418262 -0.539171 0.830432 0.140275 -0.539168 0.830434 0.140276 -0.505489 0.830434 0.234223 -0.505491 0.830433 0.234223 0.16937 0.980635 -0.0983338 0.149107 0.980635 -0.126975 0.149108 0.980634 -0.126976 0.124061 0.980634 -0.151542 0.12406 0.980635 -0.151542 0.0950313 0.980635 -0.171245 0.0950314 0.980635 -0.171246 0.0629532 0.980635 -0.185453 0.0629521 0.980635 -0.185452 0.0288536 0.980635 -0.193708 0.0288542 0.980635 -0.193709 -0.00617056 0.980635 -0.195749 -0.00617042 0.980635 -0.19575 -0.0409973 0.980635 -0.191508 -0.0409974 0.980635 -0.191507 -0.0745087 0.980635 -0.18112 -0.0745087 0.980635 -0.18112 -0.105628 0.980635 -0.16492 -0.105628 0.980635 -0.164919 -0.133358 0.980635 -0.143427 -0.133359 0.980634 -0.143428 -0.156809 0.980635 -0.117332 -0.156809 0.980634 -0.117332 -0.175228 0.980634 -0.0874715 -0.175228 0.980634 -0.0874714 -0.188023 0.980635 -0.0548037 -0.188022 0.980635 -0.054803 -0.194783 0.980635 -0.020377 -0.194783 0.980635 -0.020377 -0.195293 0.980635 0.0147033 -0.195294 0.980635 0.014703 -0.189537 0.980635 0.049312 -0.189538 0.980634 0.0493119 -0.177698 0.980634 0.0823378 -0.177697 0.980635 0.0823378 -0.168952 0.980786 0.0975446 -0.168953 0.980785 0.0975448 -0.481139 0.831469 0.277786 -0.481139 0.831469 0.277786 -0.720075 0.555568 0.415735 -0.720073 0.555571 0.415734 -0.849385 0.195091 0.490393 -0.849385 0.195091 0.490393 -0.0685279 0.962074 0.264041 -0.130389 0.0456387 0.990412 -0.57341 0.0241467 0.818913 -0.422408 0.0314852 0.905859 -0.675495 0.0166423 0.737177 -0.793331 0.00775672 0.608741 -0.300479 0.0380781 0.953028 -0.127993 0.0432363 0.990832 -0.137761 0.243079 0.960174 -0.283492 0.175353 0.942806 -0.120088 0.357501 0.92616 -0.168896 0.531034 0.830347 -0.306083 0.441471 0.843455 -0.113081 0.639112 0.760755 -0.170046 0.730408 0.661504 -0.25659 0.741691 0.619723 -0.109285 0.854696 0.507496 -0.243066 0.933233 0.264565 -0.382977 0.0670815 0.921319 -0.387016 0.198226 0.900514 -0.354206 0.195013 0.914608 -0.420954 0.432596 0.797282 -0.348503 0.44531 0.82477 -0.461453 0.627007 0.627633 -0.36178 0.665045 0.653322 -0.507028 0.763423 0.400135 -0.395557 0.8209 0.411895 -0.61 0.0593966 0.790173 -0.611671 0.125905 0.781029 -0.594717 0.12444 0.794246 -0.63712 0.27576 0.719746 -0.600207 0.287761 0.746288 -0.672294 0.404085 0.620271 -0.62321 0.437508 0.648226 -0.716923 0.50131 0.484468 -0.664723 0.552614 0.502753 -0.793128 0.00730882 0.609012 -0.79486 0.0441339 0.605186 -0.790733 0.0436009 0.610607 -0.80554 0.0964991 0.584631 -0.796753 0.100864 0.595828 -0.821765 0.141367 0.552013 -0.810834 0.153638 0.564751 -0.843341 0.175909 0.507772 -0.832948 0.194991 0.517857 -0.130525 0 0.991445 -0.130525 0 0.991445 -0.300697 0 0.95372 -0.300697 0 0.95372 -0.422618 0 0.906308 -0.422618 0 0.906308 -0.573578 0 0.819151 -0.573578 0 0.819151 -0.675589 0 0.737279 -0.675589 0 0.737279 -0.793355 0 0.60876 -0.793355 0 0.60876 -0.421784 0.0627853 0.90452 -0.675233 0.0324432 0.736891 -0.793278 0.0139394 0.6087 -0.573549 0.00998378 0.81911 -0.120893 0.0786124 0.989548 -0.130009 0.0888232 0.987526 -0.299949 0.0705162 0.951345 -0.792417 0.0130747 0.609839 -0.79651 0.0526246 0.602331 -0.790694 0.0527624 0.609933 -0.806095 0.098727 0.583493 -0.796059 0.105093 0.596024 -0.820097 0.140029 0.554827 -0.808495 0.154508 0.567858 -0.839171 0.173857 0.515331 -0.828294 0.194926 0.525294 -0.605046 0.0388729 0.795241 -0.616545 0.157485 0.771408 -0.5949 0.156117 0.788494 -0.640597 0.292888 0.709825 -0.601968 0.307583 0.736903 -0.672412 0.410271 0.616069 -0.624482 0.44545 0.641558 -0.713194 0.501771 0.48947 -0.662736 0.552411 0.505592 -0.371582 0.0316337 0.927861 -0.394146 0.251729 0.883901 -0.35281 0.245211 0.902993 -0.425465 0.463189 0.777454 -0.350727 0.477734 0.805457 -0.460915 0.63892 0.615905 -0.36552 0.678704 0.63699 -0.501662 0.765607 0.402717 -0.396571 0.821136 0.410448 -0.13843 0.239953 0.960864 -0.0711217 0.355138 0.932105 -0.110764 0.389985 0.914135 -0.179686 0.596276 0.782412 -0.0686608 0.600032 0.797024 -0.208032 0.804405 0.556467 -0.0655788 0.828084 0.556755 -0.23266 0.934888 0.268055 -0.073611 0.963881 0.255959 -0.168954 0.980785 0.0975455 -0.168953 0.980785 0.0975453 -0.481137 0.83147 0.277785 -0.481138 0.83147 0.277785 -0.720074 0.555571 0.415735 -0.720074 0.55557 0.415735 -0.849385 0.195089 0.490393 -0.849385 0.195091 0.490393 -0.723137 0.194912 0.662633 -0.149199 0.195046 0.96938 -0.16232 0.554745 0.816033 -0.108546 0.83092 0.545701 -0.038139 0.980705 0.191738 -0.0381389 0.980705 0.191738 -0.0628396 0.980705 0.185119 -0.062839 0.980705 0.185118 -0.0864643 0.980705 0.175332 -0.0864644 0.980705 0.175333 -0.10861 0.980705 0.162547 -0.10861 0.980705 0.162547 -0.128898 0.980705 0.14698 -0.128898 0.980705 0.14698 -0.108547 0.830919 0.545702 -0.178846 0.830919 0.526865 -0.178847 0.830918 0.526867 -0.246087 0.830918 0.499015 -0.246086 0.830919 0.499014 -0.309116 0.830919 0.462624 -0.309115 0.83092 0.462624 -0.366855 0.830919 0.418318 -0.366854 0.83092 0.418317 -0.162319 0.554747 0.816032 -0.267444 0.554747 0.787864 -0.267444 0.554747 0.787864 -0.367992 0.554747 0.746216 -0.367993 0.554745 0.746216 -0.462246 0.554745 0.691799 -0.462245 0.554746 0.691799 -0.548589 0.554746 0.625546 -0.548589 0.554746 0.625546 -0.012786 0.980705 0.195076 -0.0127859 0.980705 0.195076 -0.0363898 0.830919 0.555202 -0.0363891 0.83092 0.5552 -0.0544155 0.55475 0.830236 -0.0544178 0.554745 0.830239 -0.0641529 0.194688 0.978765 -0.0641525 0.194689 0.978765 -0.208814 0.263117 0.941895 -0.191357 0.19469 0.962018 -0.294939 0.194913 0.935425 -0.311972 0.240906 0.919041 -0.355478 0.195045 0.914108 -0.433825 0.194688 0.879711 -0.433825 0.19469 0.879711 -0.544939 0.19469 0.815559 -0.544941 0.194687 0.815559 -0.646729 0.194689 0.737453 -0.651786 0.263111 0.7113 -0.613902 0.195044 0.764907 -0.764907 0.195044 0.613901 -0.729697 0.240907 0.639927 -0.625544 0.554749 0.548588 -0.625546 0.554746 0.548588 -0.41832 0.830918 0.366856 -0.418317 0.83092 0.366855 -0.14698 0.980705 0.128898 -0.14698 0.980705 0.128898 -0.162547 0.980705 0.10861 -0.162547 0.980705 0.10861 -0.462625 0.830919 0.309116 -0.462624 0.830919 0.309116 -0.691797 0.554749 0.462245 -0.691799 0.554747 0.462245 -0.81556 0.194687 0.54494 -0.815559 0.194689 0.54494 0 0.882459 0.470389 0 0.980785 0.195092 0 0.980785 0.195092 -0.122581 0.774517 0.620562 0 0.83147 0.55557 0 0.633389 0.773834 -0.066152 0.554357 0.829646 0 0.470241 0.882538 0 0.19509 0.980785 0 0.19509 0.980785 0 -0.980785 -0.19509 0 -0.980785 -0.19509 0 -0.83147 -0.55557 0 -0.83147 -0.55557 0 -0.55557 -0.83147 0 -0.55557 -0.83147 0 -0.195091 -0.980785 0 -0.195091 -0.980785 0 0.195091 -0.980785 0 0.195091 -0.980785 0 0.55557 -0.83147 0 0.55557 -0.83147 0 0.83147 -0.55557 0 0.83147 -0.55557 0 0.980785 -0.19509 0 0.980785 -0.19509 0.890003 0.0495254 0.453257 0.706604 0.115823 0.698066 0.706472 0.193904 0.680661 0.742194 0.217938 0.63376 0.706597 0.269728 0.654192 0.707072 0.506694 0.493265 0.707072 0.493257 0.506702 0.706426 0.343533 0.618827 0.718863 0.368257 0.589596 0.706557 0.411574 0.575659 0.706621 0.471428 0.527676 0.729971 0.458617 0.506767 0.717021 0.467725 0.516831 0.744835 0.467513 0.476081 0.704819 0.601669 0.375798 0.72303 0.594561 0.351746 0.706562 0.575571 0.41169 0.705009 0.501479 0.501479 0.724494 0.517614 0.455175 0.720868 0.51388 0.465055 0.722795 0.51239 0.463706 0.713103 0.512834 0.478001 0.891221 0.450886 0.0492663 0.706597 0.698115 0.11557 0.704817 0.670833 0.230687 0.749964 0.628639 0.205834 0.706597 0.654195 0.269724 0.704818 0.375798 -0.60167 0.724723 0.349444 -0.593857 0.707799 0.404998 -0.578789 0.707092 0.436135 -0.556603 0.890096 0.0495057 -0.453076 0.706604 0.115803 -0.69807 0.704818 0.230686 -0.670832 0.749971 0.20583 -0.628631 0.706596 0.269718 -0.654198 0.891015 0.451287 -0.0493102 0.706598 0.698106 -0.115613 0.706463 0.680589 -0.194187 0.742 0.633963 -0.218008 0.706605 0.654073 -0.269997 0.706427 0.618844 -0.343502 0.71887 0.58959 -0.368253 0.706636 0.575769 -0.411285 0.72722 0.468118 -0.502013 0.728842 0.466674 -0.501003 0.707615 0.516493 -0.482199 0.715307 0.515383 -0.471929 0.72104 0.513679 -0.465011 0.727083 0.508391 -0.461399 0.748585 0.465419 -0.472235 0.706056 0.495039 -0.506381 0.722934 0.472638 -0.503965 0.725931 0.469344 -0.502732 0.707098 0.550246 -0.44412 0.707221 0.49992 -0.499919 0.721209 0.514211 -0.46416 0.706409 0.475555 -0.524246 0.733333 0.464125 -0.496801 0.707072 -0.493265 0.506694 0.707072 -0.506705 0.493254 0.704846 -0.373756 0.602908 0.723206 -0.349622 0.595599 0.706639 -0.409051 0.577355 0.704846 -0.499225 0.503951 0.724256 -0.453604 0.519323 0.719884 -0.465741 0.514639 0.722798 -0.463704 0.512388 0.713102 -0.478004 0.512832 0.890114 -0.0491968 0.453075 0.706612 -0.115089 0.698179 0.704847 -0.229322 0.671269 0.750055 -0.204578 0.62894 0.706601 -0.268123 0.654847 0.889927 -0.4532 0.0513724 0.706567 -0.697381 0.120095 0.706477 -0.679115 0.19923 0.740335 -0.634065 0.223307 0.706605 -0.652236 0.274404 0.706437 -0.61666 0.347386 0.718471 -0.587696 0.372039 0.706641 -0.573444 0.414513 0.706589 -0.526682 0.472586 0.729064 -0.507484 0.459266 0.717019 -0.516833 0.467727 0.74483 -0.476087 0.467514 0.889986 -0.0495291 -0.453291 0.707092 -0.436135 -0.556603 0.707799 -0.405066 -0.578742 0.719402 -0.367961 -0.589122 0.706673 -0.504235 -0.496348 0.707109 -0.549989 -0.44442 0.707294 -0.495926 -0.503779 0.708788 -0.485919 -0.511374 0.714937 -0.473712 -0.514259 0.717988 -0.46908 -0.514254 0.721648 -0.464328 -0.513443 0.724399 -0.46216 -0.511521 0.719949 -0.512279 -0.468235 0.712928 -0.513422 -0.477632 0.709377 -0.508988 -0.487561 0.707103 -0.44389 -0.550424 0.707016 -0.500064 -0.500064 0.720963 -0.464581 -0.514176 0.707661 -0.52359 -0.474416 0.724649 -0.510616 -0.462769 0.704819 -0.60167 -0.375798 0.723101 -0.594532 -0.35165 0.706555 -0.57565 -0.411592 0.889945 -0.45337 -0.0495378 0.706604 -0.698063 -0.115834 0.704818 -0.670832 -0.230687 0.749978 -0.628624 -0.205826 0.706596 -0.6542 -0.269712 0.706519 -0.340746 -0.62026 0.706596 -0.269724 -0.654195 0.742196 -0.217937 -0.633757 0.706472 -0.193899 -0.680662 0.706604 -0.115826 -0.698065 0 -0.999526 0.0307949 0 -0.999526 0.0307949 0 -0.999526 -0.030795 0 -0.999526 -0.030795 0 -0.993038 -0.117792 0 -0.993038 -0.117792 0 -0.983904 -0.178697 0 -0.983904 -0.178697 0 -0.969797 -0.243914 0 -0.969797 -0.243914 0 -0.946517 -0.322655 0 -0.946517 -0.322655 0 -0.924859 -0.380311 0 -0.924859 -0.380311 0 -0.888193 -0.459471 0 -0.888193 -0.459471 0 -0.858223 -0.513278 0 -0.858223 -0.513278 0 -0.816197 -0.577774 0 -0.816197 -0.577774 0 -0.772603 -0.634889 0 -0.772603 -0.634889 0 -0.732054 -0.681247 0 -0.732054 -0.681247 0 -0.669893 -0.742458 0 -0.669893 -0.742458 0 -0.622916 -0.782289 0 -0.622916 -0.782289 0 -0.552365 -0.833603 0 -0.552365 -0.833603 0 -0.445739 -0.895163 0 -0.445739 -0.895163 0 -0.366024 -0.930605 0 -0.366024 -0.930605 0 -0.30804 -0.951373 0 -0.30804 -0.951373 0 -0.223951 -0.974601 0 -0.223951 -0.974601 0 -0.163531 -0.986538 0 -0.163531 -0.986538 0 -0.0922678 -0.995734 0 -0.0922678 -0.995734 0 -0.0153996 -0.999881 6.66519e-20 -0.0153996 -0.999881 -1.99886e-19 0.0461827 -0.998933 0 0.0461827 -0.998933 0 0.133071 -0.991107 0 0.133071 -0.991107 0 0.193832 -0.981035 0 0.193832 -0.981035 0 0.273663 -0.961826 0 0.273663 -0.961826 0 0.337188 -0.941437 0 0.337188 -0.941437 0 0.394508 -0.918893 0 0.394508 -0.918893 0 0.473095 -0.881011 0 0.473095 -0.881011 0 0.526431 -0.850218 0 0.526431 -0.850218 0 0.59853 -0.8011 0 0.59853 -0.8011 0 0.646712 -0.762734 0 0.646712 -0.762734 0 0.696134 -0.717912 0 0.696134 -0.717912 0 0.752686 -0.65838 0 0.752686 -0.65838 0 0.791788 -0.610796 0 0.791788 -0.610796 0 0.84201 -0.539462 0 0.84201 -0.539462 0 0.873622 -0.486605 0 0.873622 -0.486605 0 0.908465 -0.41796 0 0.908465 -0.41796 0 0.936132 -0.35165 0 0.936132 -0.35165 0 0.956004 -0.293354 0 0.956004 -0.293354 0 0.977934 -0.208915 0 0.977934 -0.208915 0 0.98894 -0.148316 0 0.98894 -0.148316 0 0.998103 -0.061561 0 0.998103 -0.061561 0 0.998103 0.0615609 0 0.998103 0.0615609 0 0.98894 0.148316 0 0.98894 0.148316 0 0.977934 0.208915 0 0.977934 0.208915 0 0.956004 0.293354 0 0.956004 0.293354 0 0.936132 0.35165 0 0.936132 0.35165 0 0.908465 0.41796 0 0.908465 0.41796 0 0.873621 0.486606 0 0.873621 0.486606 0 0.84201 0.539462 0 0.84201 0.539462 0 0.791788 0.610796 0 0.791788 0.610796 0 0.752687 0.658379 0 0.752687 0.658379 0 0.696133 0.717912 0 0.696133 0.717912 0 0.646717 0.76273 0 0.646717 0.76273 0 0.59853 0.8011 0 0.59853 0.8011 0 0.526431 0.850218 0 0.526431 0.850218 0 0.473093 0.881012 0 0.473093 0.881012 0 0.394508 0.918892 0 0.394508 0.918892 0 0.337188 0.941437 0 0.337188 0.941437 0 0.273663 0.961826 0 0.273663 0.961826 0 0.19383 0.981035 0 0.19383 0.981035 0 0.133071 0.991107 0 0.133071 0.991107 0 0.0461837 0.998933 3.99781e-19 0.0461837 0.998933 -1.33304e-19 -0.0153996 0.999881 0 -0.0153996 0.999881 0 -0.0922678 0.995734 0 -0.0922678 0.995734 0 -0.163535 0.986538 0 -0.163535 0.986538 0 -0.223951 0.974601 0 -0.223951 0.974601 0 -0.308039 0.951374 0 -0.308039 0.951374 0 -0.366026 0.930605 0 -0.366026 0.930605 0 -0.445738 0.895164 0 -0.445738 0.895164 0 -0.552365 0.833603 0 -0.552365 0.833603 0 -0.622916 0.782289 0 -0.622916 0.782289 0 -0.669893 0.742458 0 -0.669893 0.742458 0 -0.732054 0.681247 0 -0.732054 0.681247 0 -0.772603 0.634889 0 -0.772603 0.634889 0 -0.816197 0.577774 0 -0.816197 0.577774 0 -0.858223 0.513278 0 -0.858223 0.513278 0 -0.888193 0.459471 0 -0.888193 0.459471 0 -0.924859 0.380311 0 -0.924859 0.380311 0 -0.946517 0.322654 0 -0.946517 0.322654 0 -0.969797 0.243914 0 -0.969797 0.243914 0 -0.983904 0.178699 0 -0.983904 0.178699 0 -0.993038 0.117792 0 -0.993038 0.117792 1 0 0 1 0 0 1 0 0 1 0 0 1 0 0 1 0 0 1 0 0 1 0 0 1 0 0 1 0 0 1 0 0 1 0 0 1 0 0 1 0 0 1 0 0 1 0 0 1 0 0 1 0 0 1 0 0 1 0 0 1 0 0 1 0 0 1 0 0 1 0 0 1 0 0 1 0 0 1 0 0 1 0 0 1 0 0 1 0 0 1 0 0 1 0 0 1 0 0 1 0 0 1 0 0 1 0 0 1 0 0 1 0 0 1 0 0 1 0 0 1 0 0 1 0 0 1 0 0 1 0 0 1 0 0 1 0 0 1 0 0 1 0 0 1 0 0 1 0 0 1 0 0 -1 0 0 -1 0 0 -1 0 0 -1 0 0 -1 0 0 -1 0 0 -1 0 0 -1 0 0 -1 0 0 -1 0 0 -1 0 0 -1 0 0 -1 0 0 -1 0 0 -1 0 0 -1 0 0 -1 0 0 -1 0 0 -1 0 0 -1 0 0 -1 0 0 -1 0 0 -1 0 0 -1 0 0 -1 0 0 -1 0 0 -1 0 0 -1 0 0 -1 0 0 -1 0 0 -1 0 0 -1 0 0 -1 0 0 -1 0 0 -1 0 0 -1 0 0 -1 0 0 -1 0 0 -1 0 0 -1 0 0 -1 0 0 -1 0 0 -1 0 0 -1 0 0 -1 0 0 -1 0 0 -1 0 0 -1 0 0 -1 0 0 -1 0 0 -1 0 0 -1 0 0 -1 0 0 -1 0 0 -1 0 0 -1 0 0 -1 0 0 -1 0 0 -1 0 0 -1 0 0 -1 0 0 -1 0 0 -1 0 0 -1 0 0 -1 0 0 -1 0 0 -1 0 0 -1 0 0 -1 0 0 -1 0 0 -1 0 0 -1 0 0 -1 0 0 -1 0 0 -1 0 0 -1 0 0 -1 0 0 -1 0 0 -1 0 0 -0.155276 0.941384 -0.299476 -0.130518 0.928124 -0.348642 -0.130282 0.900723 -0.414398 -0.130284 0.900722 -0.414398 -0.130512 0.86615 -0.482443 -0.16396 0.838711 -0.519308 -0.13039 0.834821 -0.534857 -0.130283 0.77244 -0.62158 -0.189566 0.777432 -0.599721 -0.130499 0.746249 -0.65275 -0.130283 0.690201 -0.711793 -0.130283 0.690201 -0.711793 -0.130524 0.641179 -0.756209 -0.144062 0.596348 -0.789693 -0.130323 0.593426 -0.794268 -0.130466 0.521932 -0.842951 -0.175067 0.492279 -0.852651 -0.130465 0.469051 -0.873481 -0.130322 0.391143 -0.911056 -0.144062 0.38572 -0.911299 -0.130523 0.334303 -0.933384 -0.130281 0.271331 -0.953628 -0.130281 0.271331 -0.953628 -0.130497 0.192175 -0.972646 -0.170138 0.151155 -0.973758 -0.13042 0.131934 -0.982641 -0.130285 0.0305328 -0.991006 -0.174917 0.0454707 -0.983533 -0.13051 -0.0152679 -0.991329 -0.130282 -0.0914814 -0.987248 -0.130283 -0.0914817 -0.987247 -0.13052 -0.162132 -0.978099 -0.155276 -0.211338 -0.965 -0.130356 -0.22204 -0.966284 -0.130282 -0.329522 -0.935116 -0.204083 -0.301557 -0.93135 -0.130482 -0.362895 -0.922649 -0.130281 -0.44194 -0.887534 -0.130283 -0.44194 -0.887533 -0.130283 -0.547657 -0.826498 -0.130283 -0.547657 -0.826498 -0.130484 -0.617591 -0.7756 -0.173837 -0.640712 -0.747843 -0.130443 -0.664169 -0.736114 -0.130357 -0.725807 -0.675434 -0.155278 -0.730046 -0.665524 -0.13052 -0.765994 -0.629458 -0.130284 -0.809241 -0.572849 -0.130281 -0.80924 -0.57285 -0.130509 -0.850882 -0.508888 -0.163959 -0.86909 -0.466691 -0.13039 -0.88061 -0.455548 -0.130283 -0.924525 -0.358163 -0.189567 -0.908089 -0.373415 -0.1305 -0.938422 -0.319896 -0.130284 -0.961531 -0.241835 -0.130283 -0.961531 -0.241835 -0.130525 -0.975487 -0.177168 -0.144061 -0.982068 -0.121606 -0.130321 -0.98457 -0.116788 -0.130282 -0.991477 0 -0.218462 -0.975383 -0.0300511 -0.130465 -0.990983 0.0305317 -0.130321 -0.98457 0.116788 -0.144062 -0.982068 0.121606 -0.130525 -0.975487 0.17717 -0.130283 -0.961531 0.241835 -0.130284 -0.961531 0.241835 -0.1305 -0.938423 0.319895 -0.17014 -0.918877 0.355974 -0.130418 -0.91696 0.377062 -0.130283 -0.873503 0.469062 -0.174917 -0.8745 0.452388 -0.130509 -0.850882 0.508888 -0.130281 -0.809241 0.572849 -0.130283 -0.80924 0.57285 -0.13052 -0.765994 0.629458 -0.155278 -0.730046 0.665524 -0.130359 -0.725807 0.675433 -0.130285 -0.645073 0.752932 -0.204084 -0.655794 0.726831 -0.130484 -0.617591 0.7756 -0.130283 -0.547657 0.826498 -0.130283 -0.547657 0.826498 -0.130283 -0.441939 0.887534 -0.130279 -0.44194 0.887534 -0.13048 -0.362897 0.922649 -0.173836 -0.327295 0.928795 -0.13044 -0.305407 0.943245 -0.130354 -0.22204 0.966285 -0.155276 -0.211337 0.965001 -0.130522 -0.162136 0.978098 -0.130285 -0.0914813 0.987247 -0.130282 -0.0914825 0.987247 -0.13051 -0.0152679 0.991329 -0.163959 0.0303785 0.985999 -0.130389 0.0457895 0.990405 -0.130282 0.152085 0.979743 -0.189565 0.130658 0.973136 -0.1305 0.192173 0.972646 -0.130283 0.271331 0.953628 -0.130281 0.27133 0.953628 -0.130523 0.334303 0.933384 -0.144062 0.38572 0.911299 -0.130319 0.391144 0.911056 -0.130281 0.49574 0.858644 -0.218465 0.461665 0.859731 -0.130468 0.521932 0.84295 -0.130325 0.593426 0.794268 -0.144064 0.596348 0.789693 -0.130524 0.641185 0.756205 -0.130283 0.6902 0.711794 -0.130285 0.690201 0.711793 -0.130501 0.74625 0.652749 -0.170138 0.767722 0.617784 -0.130417 0.785026 0.605579 -0.130282 0.842971 0.521945 -0.174919 0.829028 0.531146 -0.130513 0.866149 0.482444 -0.130285 0.900722 0.414398 -0.130283 0.900722 0.414398 -0.130519 0.928124 0.348642 -0.155277 0.941384 0.299476 -0.130357 0.947847 0.29085 -0.130283 0.974595 0.182183 -0.204084 0.957352 0.204518 -0.130483 0.980485 0.147048 -0.130282 0.989596 0.0610363 -0.130282 0.989596 0.0610362 -0.130282 0.989596 -0.0610363 -0.130282 0.989597 -0.0610363 -0.130483 0.980485 -0.147048 -0.173837 0.968007 -0.180952 -0.130444 0.969578 -0.20713 -0.130357 0.947846 -0.290851 -0.382063 0.922384 0.0568907 -0.382063 0.908401 0.16981 -0.382063 0.908401 0.169809 -0.382063 0.880648 0.280155 -0.382064 0.880648 0.280154 -0.382064 0.839545 0.386252 -0.382062 0.839546 0.386253 -0.382061 0.785717 0.486495 -0.382063 0.785717 0.486495 -0.382063 0.719976 0.579364 -0.382064 0.719976 0.579363 -0.382064 0.643323 0.663448 -0.382062 0.643323 0.663449 -0.382062 0.556917 0.737477 -0.382061 0.556917 0.737477 -0.382061 0.462068 0.800327 -0.382067 0.462068 0.800324 -0.382067 0.360215 0.851041 -0.382067 0.360215 0.851041 -0.382067 0.252902 0.888856 -0.382064 0.252901 0.888858 -0.382064 0.141756 0.913199 -0.382063 0.141755 0.9132 -0.382063 0.0284591 0.923698 -0.382063 0.028459 0.923698 -0.382063 -0.085269 0.920194 -0.382062 -0.0852691 0.920194 -0.382062 -0.197704 0.902741 -0.382067 -0.197702 0.90274 -0.382066 -0.307141 0.871602 -0.382067 -0.307141 0.871602 -0.382067 -0.411922 0.827252 -0.382063 -0.411923 0.827253 -0.382063 -0.510461 0.770362 -0.382064 -0.51046 0.770362 -0.382064 -0.601259 0.701793 -0.382063 -0.60126 0.701794 -0.382063 -0.682945 0.622586 -0.382063 -0.682945 0.622586 -0.382063 -0.754278 0.533941 -0.382065 -0.754276 0.533942 -0.382065 -0.814175 0.437202 -0.382066 -0.814174 0.437203 -0.382065 -0.86173 0.333837 -0.382062 -0.861732 0.333836 -0.382063 -0.896225 0.22541 -0.382064 -0.896224 0.22541 -0.382063 -0.917132 0.113565 -0.382065 -0.917131 0.113565 -0.382064 -0.924136 0 -0.382064 -0.924136 0 -0.382065 -0.917131 -0.113565 -0.382063 -0.917132 -0.113565 -0.382064 -0.896224 -0.22541 -0.382063 -0.896224 -0.22541 -0.382063 -0.861731 -0.333837 -0.382064 -0.861731 -0.333836 -0.382064 -0.814175 -0.437203 -0.382065 -0.814175 -0.437202 -0.382065 -0.754277 -0.533941 -0.382063 -0.754277 -0.533942 -0.382063 -0.682945 -0.622587 -0.382064 -0.682945 -0.622586 -0.382064 -0.60126 -0.701793 -0.382063 -0.60126 -0.701794 -0.382063 -0.51046 -0.770363 -0.382063 -0.51046 -0.770362 -0.382063 -0.411923 -0.827253 -0.382065 -0.411923 -0.827252 -0.382065 -0.307141 -0.871603 -0.382064 -0.307141 -0.871603 -0.382064 -0.197703 -0.90274 -0.382064 -0.197703 -0.90274 -0.382064 -0.0852689 -0.920193 -0.382063 -0.0852683 -0.920194 -0.382063 0.0284591 -0.923698 -0.382063 0.028459 -0.923698 -0.382063 0.141755 -0.9132 -0.382064 0.141754 -0.913199 -0.382064 0.252902 -0.888857 -0.382065 0.252902 -0.888857 -0.382065 0.360215 -0.851041 -0.382066 0.360215 -0.851041 -0.382066 0.462067 -0.800325 -0.382063 0.462069 -0.800325 -0.382063 0.556916 -0.737477 -0.382064 0.556916 -0.737477 -0.382064 0.643322 -0.663448 -0.382064 0.643322 -0.663448 -0.382064 0.719976 -0.579363 -0.382063 0.719977 -0.579363 -0.382063 0.785717 -0.486495 -0.382062 0.785717 -0.486495 -0.382062 0.839546 -0.386252 -0.382064 0.839545 -0.386252 -0.382064 0.880648 -0.280155 -0.382063 0.880648 -0.280154 -0.382063 0.908401 -0.169809 -0.382063 0.908401 -0.169809 -0.382063 0.922383 -0.0568904 -0.382064 0.922383 -0.0568907 -0.382064 0.922383 0.0568903 -0.608035 0.792405 0.0488735 -0.608035 0.780393 0.145881 -0.608034 0.780393 0.145881 -0.608035 0.756551 0.240676 -0.608033 0.756551 0.240677 -0.608033 0.721241 0.331823 -0.608035 0.72124 0.331823 -0.608035 0.674996 0.41794 -0.608035 0.674996 0.41794 -0.608035 0.61852 0.497721 -0.608033 0.618521 0.497723 -0.608033 0.552669 0.569959 -0.608035 0.552668 0.569957 -0.608036 0.478438 0.633553 -0.608034 0.478438 0.633555 -0.608034 0.396955 0.687547 -0.608033 0.396955 0.687548 -0.608033 0.309455 0.731118 -0.608033 0.309455 0.731118 -0.608033 0.217265 0.763604 -0.608033 0.217265 0.763605 -0.608033 0.121779 0.784516 -0.608036 0.12178 0.784514 -0.608036 0.024449 0.793533 -0.608035 0.0244487 0.793533 -0.608035 -0.073253 0.790523 -0.608035 -0.0732532 0.790524 -0.608035 -0.169843 0.77553 -0.608032 -0.169845 0.775532 -0.608032 -0.263861 0.748782 -0.608032 -0.263861 0.748783 -0.608032 -0.353878 0.710681 -0.608035 -0.353876 0.710679 -0.608035 -0.438528 0.661805 -0.608035 -0.438529 0.661806 -0.608035 -0.516532 0.6029 -0.608034 -0.516533 0.6029 -0.608034 -0.586707 0.534855 -0.608033 -0.586708 0.534855 -0.608033 -0.647988 0.458702 -0.608032 -0.647989 0.458702 -0.608032 -0.699447 0.375595 -0.608032 -0.699447 0.375595 -0.608032 -0.740301 0.286794 -0.608034 -0.740299 0.286794 -0.608034 -0.769932 0.193646 -0.608035 -0.769932 0.193646 -0.608035 -0.787893 0.0975623 -0.608034 -0.787894 0.0975619 -0.608034 -0.793911 0 -0.608034 -0.793911 0 -0.608034 -0.787894 -0.0975624 -0.608035 -0.787893 -0.0975618 -0.608035 -0.769932 -0.193646 -0.608034 -0.769932 -0.193646 -0.608034 -0.7403 -0.286793 -0.608033 -0.7403 -0.286794 -0.608033 -0.699446 -0.375594 -0.608033 -0.699446 -0.375595 -0.608033 -0.647988 -0.458702 -0.608034 -0.647988 -0.458701 -0.608034 -0.586707 -0.534854 -0.608034 -0.586707 -0.534855 -0.608034 -0.516533 -0.6029 -0.608034 -0.516533 -0.602899 -0.608035 -0.438528 -0.661806 -0.608034 -0.438528 -0.661806 -0.608034 -0.353877 -0.71068 -0.608034 -0.353877 -0.71068 -0.608034 -0.26386 -0.748781 -0.608033 -0.26386 -0.748781 -0.608033 -0.169844 -0.775531 -0.608033 -0.169844 -0.775531 -0.608033 -0.0732531 -0.790525 -0.608034 -0.0732533 -0.790524 -0.608034 0.0244491 -0.793535 -0.608035 0.0244487 -0.793534 -0.608034 0.121779 -0.784515 -0.608034 0.121779 -0.784515 -0.608034 0.217264 -0.763604 -0.608033 0.217264 -0.763604 -0.608033 0.309456 -0.731117 -0.608034 0.309455 -0.731117 -0.608034 0.396955 -0.687547 -0.608034 0.396955 -0.687547 -0.608034 0.478439 -0.633555 -0.608034 0.478438 -0.633555 -0.608034 0.552668 -0.569958 -0.608034 0.552668 -0.569958 -0.608034 0.618521 -0.497722 -0.608034 0.61852 -0.497722 -0.608034 0.674997 -0.41794 -0.608035 0.674996 -0.41794 -0.608035 0.72124 -0.331823 -0.608033 0.721241 -0.331823 -0.608033 0.756552 -0.240676 -0.608034 0.756551 -0.240677 -0.608034 0.780393 -0.14588 -0.608035 0.780393 -0.145881 -0.608035 0.792405 -0.0488743 -0.608033 0.792406 -0.0488737 -0.608033 0.792406 0.0488742 -0.792795 0.608333 0.0375209 -0.792795 0.599111 0.111993 -0.792795 0.599111 0.111993 -0.792795 0.580807 0.184768 -0.792795 0.580807 0.184768 -0.792795 0.553699 0.254742 -0.792795 0.553699 0.254742 -0.792795 0.518197 0.320854 -0.792795 0.518198 0.320855 -0.792795 0.474841 0.382103 -0.792795 0.474841 0.382103 -0.792795 0.424285 0.437559 -0.792795 0.424285 0.437559 -0.792795 0.367299 0.486382 -0.792795 0.367299 0.486382 -0.792795 0.304744 0.527832 -0.792795 0.304744 0.527833 -0.792795 0.23757 0.561282 -0.792794 0.23757 0.561282 -0.792794 0.166795 0.586223 -0.792795 0.166795 0.586222 -0.792795 0.0934908 0.602275 -0.792794 0.0934903 0.602277 -0.792793 0.018769 0.609201 -0.792795 0.0187697 0.6092 -0.792795 -0.0562364 0.606889 -0.792794 -0.0562368 0.60689 -0.792794 -0.13039 0.595379 -0.792796 -0.130389 0.595377 -0.792796 -0.202566 0.574841 -0.792796 -0.202566 0.574841 -0.792796 -0.271672 0.545591 -0.792794 -0.271673 0.545592 -0.792794 -0.336661 0.508071 -0.792795 -0.33666 0.508071 -0.792795 -0.396544 0.462848 -0.792796 -0.396543 0.462848 -0.792796 -0.450417 0.410609 -0.792796 -0.450416 0.410609 -0.792796 -0.497461 0.352146 -0.792796 -0.497462 0.352146 -0.792795 -0.536966 0.288344 -0.792796 -0.536966 0.288344 -0.792796 -0.56833 0.220173 -0.792794 -0.568332 0.220173 -0.792794 -0.591081 0.148662 -0.792795 -0.59108 0.148663 -0.792795 -0.604869 0.0748989 -0.792795 -0.604869 0.074899 -0.792795 -0.609488 0 -0.792795 -0.609488 0 -0.792795 -0.604869 -0.0748989 -0.792795 -0.604869 -0.074899 -0.792795 -0.59108 -0.148662 -0.792794 -0.591081 -0.148663 -0.792794 -0.568332 -0.220173 -0.792795 -0.568331 -0.220172 -0.792795 -0.536967 -0.288345 -0.792795 -0.536966 -0.288345 -0.792795 -0.497462 -0.352146 -0.792796 -0.497462 -0.352146 -0.792796 -0.450417 -0.410609 -0.792795 -0.450417 -0.41061 -0.792795 -0.396544 -0.462849 -0.792795 -0.396544 -0.462848 -0.792795 -0.33666 -0.50807 -0.792794 -0.33666 -0.508072 -0.792794 -0.271672 -0.545593 -0.792796 -0.271672 -0.545591 -0.792796 -0.202566 -0.574841 -0.792796 -0.202566 -0.574841 -0.792796 -0.13039 -0.595377 -0.792795 -0.13039 -0.595378 -0.792795 -0.0562364 -0.606889 -0.792795 -0.0562366 -0.606888 -0.792795 0.018769 -0.609199 -0.792794 0.0187697 -0.6092 -0.792794 0.093491 -0.602276 -0.792795 0.0934905 -0.602275 -0.792795 0.166795 -0.586222 -0.792796 0.166794 -0.586221 -0.792796 0.23757 -0.561281 -0.792795 0.237571 -0.561282 -0.792795 0.304744 -0.527833 -0.792795 0.304744 -0.527833 -0.792795 0.367299 -0.486382 -0.792795 0.367299 -0.486382 -0.792795 0.424285 -0.437559 -0.792795 0.424286 -0.437559 -0.792795 0.474841 -0.382103 -0.792795 0.47484 -0.382103 -0.792795 0.518197 -0.320854 -0.792795 0.518198 -0.320854 -0.792795 0.553699 -0.254742 -0.792795 0.553698 -0.254742 -0.792795 0.580806 -0.184768 -0.792795 0.580807 -0.184768 -0.792795 0.599111 -0.111993 -0.792795 0.599111 -0.111993 -0.792795 0.608333 -0.0375207 -0.792795 0.608332 -0.037521 -0.792795 0.608332 0.0375205 -0.923622 0.382577 0.0235965 -0.923622 0.376777 0.070432 -0.923622 0.376777 0.070432 -0.923622 0.365266 0.116199 -0.923622 0.365267 0.1162 -0.923622 0.348218 0.160206 -0.923622 0.348219 0.160206 -0.923622 0.325892 0.201784 -0.923622 0.325892 0.201783 -0.923622 0.298625 0.240302 -0.923622 0.298625 0.240303 -0.923622 0.266831 0.275179 -0.923622 0.266831 0.275179 -0.923622 0.230993 0.305883 -0.923622 0.230993 0.305883 -0.923622 0.191652 0.331951 -0.923622 0.191652 0.331951 -0.923622 0.149406 0.352986 -0.923622 0.149406 0.352987 -0.923622 0.104896 0.368671 -0.923622 0.104896 0.368672 -0.923622 0.0587953 0.378768 -0.923623 0.0587957 0.378766 -0.923623 0.0118039 0.383121 -0.923623 0.0118037 0.383121 -0.923623 -0.0353663 0.381668 -0.923622 -0.0353668 0.381669 -0.923622 -0.0820017 0.37443 -0.923622 -0.0820018 0.37443 -0.923622 -0.127393 0.361515 -0.923622 -0.127393 0.361516 -0.923622 -0.170854 0.34312 -0.923622 -0.170854 0.34312 -0.923622 -0.211724 0.319524 -0.923622 -0.211724 0.319524 -0.923622 -0.249385 0.291083 -0.923622 -0.249385 0.291083 -0.923622 -0.283265 0.25823 -0.923622 -0.283265 0.25823 -0.923622 -0.312851 0.221463 -0.923622 -0.312852 0.221463 -0.923622 -0.337696 0.181339 -0.923622 -0.337696 0.181339 -0.923622 -0.357421 0.138466 -0.923622 -0.35742 0.138466 -0.923622 -0.371727 0.093493 -0.923622 -0.371727 0.0934929 -0.923622 -0.380399 0.0471036 -0.923622 -0.380399 0.0471035 -0.923622 -0.383304 0 -0.923622 -0.383304 0 -0.923622 -0.380399 -0.0471037 -0.923622 -0.380399 -0.0471035 -0.923622 -0.371727 -0.0934932 -0.923622 -0.371727 -0.0934928 -0.923622 -0.35742 -0.138465 -0.923622 -0.35742 -0.138465 -0.923622 -0.337695 -0.181339 -0.923622 -0.337696 -0.181339 -0.923622 -0.312852 -0.221463 -0.923622 -0.312852 -0.221463 -0.923622 -0.283265 -0.25823 -0.923622 -0.283265 -0.25823 -0.923622 -0.249385 -0.291083 -0.923622 -0.249385 -0.291083 -0.923622 -0.211724 -0.319523 -0.923622 -0.211724 -0.319523 -0.923622 -0.170853 -0.34312 -0.923622 -0.170853 -0.34312 -0.923622 -0.127393 -0.361516 -0.923622 -0.127393 -0.361514 -0.923622 -0.0820015 -0.374429 -0.923622 -0.0820015 -0.37443 -0.923622 -0.0353667 -0.381669 -0.923622 -0.0353667 -0.381668 -0.923622 0.011804 -0.383122 -0.923623 0.0118037 -0.383121 -0.923623 0.0587955 -0.378767 -0.923622 0.0587958 -0.378767 -0.923622 0.104896 -0.368671 -0.923622 0.104896 -0.368672 -0.923622 0.149407 -0.352987 -0.923622 0.149407 -0.352987 -0.923622 0.191652 -0.331951 -0.923622 0.191652 -0.331951 -0.923622 0.230992 -0.305883 -0.923622 0.230993 -0.305883 -0.923622 0.266831 -0.275179 -0.923622 0.266831 -0.275179 -0.923622 0.298625 -0.240303 -0.923622 0.298625 -0.240302 -0.923622 0.325892 -0.201784 -0.923622 0.325892 -0.201784 -0.923622 0.348218 -0.160206 -0.923622 0.348219 -0.160206 -0.923622 0.365267 -0.1162 -0.923622 0.365266 -0.1162 -0.923622 0.376777 -0.070432 -0.923622 0.376778 -0.0704319 -0.923622 0.382577 -0.0235966 -0.923622 0.382577 -0.0235965 -0.923622 0.382577 0.0235966 -0.991413 0.130521 0.00805028 -0.991413 0.128543 0.0240288 -0.991413 0.128543 0.0240288 -0.991413 0.124616 0.0396431 -0.991413 0.124615 0.039643 -0.991413 0.118799 0.0546563 -0.991413 0.118799 0.0546564 -0.991413 0.111182 0.0688412 -0.991413 0.111182 0.0688411 -0.991413 0.10188 0.0819823 -0.991413 0.10188 0.0819823 -0.991413 0.0910328 0.0938807 -0.991413 0.091033 0.0938811 -0.991413 0.0788062 0.104357 -0.991413 0.0788061 0.104356 -0.991413 0.0653845 0.113249 -0.991413 0.0653845 0.113249 -0.991413 0.0509721 0.120426 -0.991413 0.0509721 0.120426 -0.991413 0.0357867 0.125777 -0.991413 0.0357868 0.125777 -0.991413 0.0200589 0.129222 -0.991413 0.0200588 0.129222 -0.991413 0.00402717 0.130708 -0.991413 0.0040271 0.130708 -0.991413 -0.0120659 0.130212 -0.991413 -0.0120657 0.130211 -0.991413 -0.0279759 0.127742 -0.991413 -0.027976 0.127742 -0.991413 -0.0434619 0.123336 -0.991413 -0.0434615 0.123335 -0.991413 -0.0582886 0.117059 -0.991413 -0.0582888 0.11706 -0.991413 -0.0722323 0.109009 -0.991413 -0.0722324 0.109009 -0.991413 -0.0850807 0.0993068 -0.991413 -0.085081 0.099307 -0.991413 -0.0966398 0.0880988 -0.991413 -0.09664 0.0880989 -0.991413 -0.106734 0.0755552 -0.991413 -0.106733 0.075555 -0.991413 -0.115209 0.061866 -0.991413 -0.115209 0.0618661 -0.991413 -0.121939 0.0472393 -0.991413 -0.121939 0.0472393 -0.991413 -0.12682 0.0318965 -0.991413 -0.12682 0.0318965 -0.991413 -0.129778 0.0160699 -0.991413 -0.129778 0.01607 -0.991413 -0.130769 0 -0.991413 -0.130769 0 -0.991413 -0.129778 -0.0160699 -0.991413 -0.129778 -0.0160701 -0.991413 -0.12682 -0.0318965 -0.991413 -0.12682 -0.0318965 -0.991413 -0.121939 -0.0472394 -0.991413 -0.121939 -0.0472393 -0.991413 -0.115209 -0.0618662 -0.991413 -0.115209 -0.0618661 -0.991413 -0.106733 -0.075555 -0.991413 -0.106734 -0.0755552 -0.991413 -0.0966398 -0.0880988 -0.991413 -0.0966397 -0.0880986 -0.991413 -0.0850808 -0.0993068 -0.991413 -0.0850809 -0.099307 -0.991413 -0.0722325 -0.10901 -0.991413 -0.0722325 -0.10901 -0.991413 -0.0582888 -0.11706 -0.991413 -0.0582888 -0.11706 -0.991413 -0.0434618 -0.123335 -0.991413 -0.0434618 -0.123336 -0.991413 -0.0279759 -0.127742 -0.991413 -0.0279759 -0.127742 -0.991413 -0.0120659 -0.130211 -0.991413 -0.0120658 -0.130212 -0.991413 0.00402716 -0.130707 -0.991413 0.00402709 -0.130707 -0.991413 0.0200589 -0.129222 -0.991413 0.0200589 -0.129222 -0.991413 0.0357867 -0.125777 -0.991413 0.0357866 -0.125777 -0.991413 0.050972 -0.120426 -0.991413 0.0509719 -0.120426 -0.991413 0.0653845 -0.113249 -0.991413 0.0653847 -0.11325 -0.991413 0.0788061 -0.104356 -0.991413 0.0788062 -0.104356 -0.991413 0.091033 -0.0938809 -0.991413 0.0910329 -0.0938809 -0.991413 0.10188 -0.0819824 -0.991413 0.10188 -0.0819824 -0.991413 0.111182 -0.0688412 -0.991413 0.111182 -0.0688412 -0.991413 0.118799 -0.0546564 -0.991413 0.118799 -0.0546564 -0.991413 0.124616 -0.039643 -0.991413 0.124616 -0.039643 -0.991413 0.128543 -0.0240288 -0.991413 0.128543 -0.0240288 -0.991413 0.130521 -0.00805036 -0.991413 0.130521 -0.0080503 -0.991413 0.130521 0.00805035 0.130444 0.969578 0.20713 0.13052 0.928124 0.348642 0.130389 0.834821 0.534857 0.130325 0.593426 0.794268 0.130523 0.334303 0.933384 0.130418 0.131935 0.982642 0.130355 -0.22204 0.966285 0.130446 -0.664169 0.736114 0.130521 -0.765994 0.629458 0.13039 -0.88061 0.455548 0.130321 -0.984569 0.116788 0.130465 -0.990983 -0.0305318 0.130525 -0.975487 -0.177168 0.130419 -0.91696 -0.377062 0.130358 -0.725807 -0.675434 0.130443 -0.305408 -0.943245 0.13052 -0.162132 -0.978099 0.130392 0.0457884 -0.990405 0.130322 0.391143 -0.911056 0.130525 0.641179 -0.756209 0.130419 0.785026 -0.605579 0.130358 0.947846 -0.290851 0.991413 0.128543 -0.0240288 0.991413 0.128543 -0.0240288 0.923623 0.376776 -0.0704317 0.923623 0.376775 -0.0704315 0.792792 0.599114 -0.111994 0.792793 0.599114 -0.111993 0.608036 0.780392 -0.14588 0.608035 0.780392 -0.14588 0.382062 0.908401 -0.16981 0.382063 0.908401 -0.169809 0.991413 0.111182 -0.0688412 0.991413 0.111182 -0.0688412 0.923623 0.32589 -0.201782 0.923623 0.32589 -0.201782 0.792793 0.5182 -0.320856 0.792793 0.5182 -0.320856 0.608036 0.674996 -0.417939 0.608035 0.674996 -0.41794 0.382062 0.785717 -0.486495 0.382062 0.785717 -0.486495 0.991413 0.0653846 -0.11325 0.991413 0.0653846 -0.113249 0.923623 0.191651 -0.331949 0.923623 0.191651 -0.33195 0.792792 0.304746 -0.527836 0.792792 0.304746 -0.527836 0.608035 0.396955 -0.687547 0.608035 0.396955 -0.687546 0.382062 0.462068 -0.800326 0.382065 0.462068 -0.800324 0.991413 0.0200589 -0.129222 0.991413 0.0200589 -0.129222 0.923623 0.0587953 -0.378765 0.923624 0.0587954 -0.378765 0.792793 0.0934913 -0.602278 0.792792 0.0934911 -0.602279 0.608036 0.121779 -0.784514 0.608036 0.121779 -0.784514 0.382063 0.141755 -0.913199 0.382062 0.141754 -0.9132 0.991413 -0.0850809 -0.0993069 0.991413 -0.0850808 -0.0993069 0.923623 -0.249383 -0.291082 0.923623 -0.249383 -0.291082 0.792793 -0.396546 -0.462851 0.792793 -0.396546 -0.462851 0.608036 -0.516532 -0.602899 0.608035 -0.516533 -0.602899 0.382062 -0.601261 -0.701794 0.382063 -0.60126 -0.701794 0.991413 -0.115209 -0.0618661 0.991413 -0.115209 -0.0618661 0.923623 -0.337694 -0.181338 0.923623 -0.337694 -0.181338 0.792793 -0.536969 -0.288346 0.792793 -0.536969 -0.288346 0.608034 -0.699445 -0.375594 0.608035 -0.699445 -0.375594 0.382064 -0.814175 -0.437203 0.382063 -0.814175 -0.437203 0.991413 -0.121939 0.0472393 0.991413 -0.121939 0.0472394 0.923623 -0.357418 0.138465 0.923623 -0.357418 0.138465 0.792792 -0.568334 0.220174 0.792794 -0.568333 0.220173 0.608036 -0.740299 0.286793 0.608033 -0.7403 0.286794 0.382061 -0.861732 0.333837 0.382064 -0.861731 0.333836 0.991413 -0.0434617 0.123335 0.991413 -0.0434617 0.123336 0.923623 -0.127392 0.361514 0.923623 -0.127392 0.361513 0.792793 -0.202567 0.574844 0.792794 -0.202567 0.574843 0.608033 -0.26386 0.748782 0.608033 -0.26386 0.748781 0.382066 -0.307141 0.871602 0.382066 -0.307141 0.871602 0.991413 0.00402717 0.130708 0.991413 0.0040271 0.130708 0.923623 0.0118039 0.383119 0.923624 0.0118036 0.383119 0.792792 0.0187691 0.609203 0.792791 0.0187698 0.609204 0.608036 0.024449 0.793533 0.608037 0.0244487 0.793532 0.382062 0.0284591 0.923699 0.382062 0.028459 0.923698 0.991413 0.0653845 0.113249 0.991413 0.0653845 0.113249 0.923623 0.191651 0.331949 0.923623 0.191651 0.331949 0.792792 0.304746 0.527835 0.792793 0.304745 0.527835 0.608034 0.396955 0.687547 0.608035 0.396955 0.687547 0.382066 0.462067 0.800325 0.382061 0.46207 0.800326 0.991413 0.10188 0.0819823 0.991413 0.10188 0.0819823 0.923623 0.298623 0.240301 0.923623 0.298623 0.240301 0.792793 0.474843 0.382105 0.792792 0.474844 0.382105 0.608034 0.618521 0.497721 0.608036 0.618519 0.497721 0.382063 0.719976 0.579364 0.382062 0.719977 0.579363 0.991413 0.130521 -0.00805037 0.991413 0.130521 -0.00805028 0.923623 0.382575 -0.0235965 0.923623 0.382575 -0.0235964 0.792793 0.608335 -0.0375208 0.792792 0.608336 -0.0375212 0.608034 0.792405 -0.0488743 0.608036 0.792404 -0.0488735 0.382063 0.922383 -0.0568904 0.382062 0.922384 -0.0568907 0.130283 0.989596 -0.0610363 0.130282 0.989596 -0.0610363 0.130284 0.974595 -0.182183 0.204084 0.957352 -0.204518 0.130484 0.980485 -0.147048 0.130519 0.928124 -0.348642 0.155277 0.941384 -0.299476 0.382064 0.880648 -0.280154 0.382063 0.880648 -0.280155 0.608035 0.756551 -0.240676 0.608035 0.75655 -0.240676 0.792793 0.580809 -0.184769 0.792793 0.58081 -0.184769 0.923623 0.365265 -0.116199 0.923623 0.365264 -0.116199 0.991413 0.124616 -0.0396431 0.991413 0.124616 -0.039643 0.991413 0.118799 -0.0546565 0.991413 0.118799 -0.0546564 0.923623 0.348217 -0.160205 0.923623 0.348216 -0.160205 0.792793 0.553701 -0.254743 0.792793 0.553702 -0.254744 0.608035 0.72124 -0.331823 0.608036 0.72124 -0.331823 0.382064 0.839546 -0.386252 0.382062 0.839546 -0.386253 0.130282 0.900722 -0.414398 0.130284 0.900722 -0.414398 0.130284 0.842971 -0.521945 0.17492 0.829028 -0.531145 0.130512 0.86615 -0.482443 0.1305 0.746249 -0.65275 0.17014 0.767722 -0.617783 0.382063 0.719977 -0.579363 0.382062 0.719977 -0.579363 0.608035 0.61852 -0.497721 0.608035 0.61852 -0.497721 0.792793 0.474843 -0.382105 0.792793 0.474843 -0.382105 0.923623 0.298623 -0.240301 0.923623 0.298623 -0.240301 0.991413 0.10188 -0.0819824 0.991413 0.10188 -0.0819824 0.991413 0.0910329 -0.0938809 0.991413 0.091033 -0.0938809 0.923623 0.26683 -0.275177 0.923623 0.26683 -0.275177 0.792793 0.424287 -0.437561 0.792793 0.424287 -0.437561 0.608035 0.552668 -0.569958 0.608036 0.552668 -0.569957 0.382063 0.643323 -0.663448 0.382063 0.643323 -0.663449 0.130284 0.690201 -0.711793 0.130283 0.690201 -0.711793 0.130323 0.593426 -0.794268 0.144063 0.596348 -0.789693 0.382062 0.556916 -0.737477 0.382063 0.556916 -0.737477 0.608035 0.478438 -0.633554 0.608036 0.478438 -0.633554 0.792792 0.367301 -0.486385 0.792793 0.367301 -0.486384 0.923623 0.230991 -0.305881 0.923623 0.230991 -0.305882 0.991413 0.0788061 -0.104356 0.991413 0.0788061 -0.104356 0.130283 0.495739 -0.858644 0.218462 0.461667 -0.859731 0.130467 0.521932 -0.84295 0.130523 0.334303 -0.933384 0.144062 0.38572 -0.911299 0.382064 0.360215 -0.851042 0.382065 0.360215 -0.851041 0.608034 0.309455 -0.731117 0.608035 0.309455 -0.731116 0.792793 0.237571 -0.561283 0.792792 0.237571 -0.561285 0.923623 0.149406 -0.352985 0.923623 0.149406 -0.352985 0.991413 0.050972 -0.120426 0.991413 0.050972 -0.120426 0.991413 0.0357867 -0.125777 0.991413 0.0357867 -0.125777 0.923623 0.104895 -0.36867 0.923623 0.104896 -0.368669 0.792793 0.166795 -0.586224 0.792793 0.166795 -0.586224 0.608034 0.217264 -0.763604 0.608036 0.217264 -0.763603 0.382064 0.252902 -0.888857 0.382063 0.252902 -0.888858 0.130282 0.271331 -0.953628 0.130282 0.271331 -0.953628 0.130285 0.152084 -0.979743 0.189566 0.130658 -0.973136 0.130498 0.192175 -0.972645 0.130511 -0.0152679 -0.991329 0.16396 0.0303785 -0.985999 0.382062 0.028459 -0.923698 0.382062 0.0284591 -0.923698 0.608035 0.0244487 -0.793534 0.608036 0.024449 -0.793533 0.792793 0.0187697 -0.609202 0.792792 0.0187691 -0.609203 0.923623 0.0118036 -0.38312 0.923624 0.0118039 -0.383119 0.991413 0.0040271 -0.130707 0.991413 0.00402716 -0.130707 0.991413 -0.0120659 -0.130212 0.991413 -0.0120658 -0.130211 0.923623 -0.0353665 -0.381666 0.923623 -0.0353665 -0.381667 0.792793 -0.0562366 -0.606891 0.792793 -0.0562369 -0.606891 0.608035 -0.073253 -0.790524 0.608034 -0.0732532 -0.790524 0.382062 -0.085269 -0.920195 0.382063 -0.0852683 -0.920194 0.130283 -0.0914817 -0.987247 0.130284 -0.0914814 -0.987247 0.130357 -0.22204 -0.966284 0.155277 -0.211338 -0.965 0.382064 -0.197703 -0.902741 0.382064 -0.197703 -0.902741 0.608034 -0.169844 -0.77553 0.608034 -0.169844 -0.77553 0.792793 -0.13039 -0.59538 0.792793 -0.130391 -0.595381 0.923623 -0.082001 -0.374427 0.923623 -0.0820011 -0.374428 0.991413 -0.027976 -0.127742 0.991413 -0.0279758 -0.127742 0.130483 -0.362895 -0.922649 0.173837 -0.327295 -0.928794 0.382064 -0.307141 -0.871603 0.382064 -0.307141 -0.871603 0.608035 -0.26386 -0.74878 0.608034 -0.26386 -0.74878 0.792793 -0.202567 -0.574844 0.792793 -0.202567 -0.574844 0.923623 -0.127393 -0.361514 0.923623 -0.127392 -0.361513 0.991413 -0.0434616 -0.123335 0.991413 -0.043462 -0.123336 0.991413 -0.0582887 -0.11706 0.991413 -0.0582889 -0.11706 0.923623 -0.170853 -0.343119 0.923623 -0.170852 -0.343118 0.792793 -0.271673 -0.545594 0.792792 -0.271674 -0.545595 0.608035 -0.353877 -0.710679 0.608035 -0.353876 -0.710679 0.382064 -0.411923 -0.827252 0.382062 -0.411924 -0.827253 0.130282 -0.44194 -0.887533 0.130284 -0.441939 -0.887534 0.991413 -0.0722324 -0.10901 0.991413 -0.0722325 -0.10901 0.923623 -0.211723 -0.319521 0.923623 -0.211723 -0.319521 0.792792 -0.336662 -0.508074 0.792793 -0.336661 -0.508073 0.608035 -0.438528 -0.661806 0.608036 -0.438528 -0.661805 0.382063 -0.51046 -0.770363 0.382062 -0.510461 -0.770363 0.130284 -0.547657 -0.826498 0.130284 -0.547657 -0.826498 0.130284 -0.645073 -0.752932 0.204085 -0.655794 -0.726831 0.130485 -0.61759 -0.7756 0.130521 -0.765994 -0.629458 0.155278 -0.730046 -0.665524 0.382062 -0.682946 -0.622587 0.382063 -0.682945 -0.622587 0.608035 -0.586707 -0.534854 0.608035 -0.586707 -0.534854 0.792793 -0.450419 -0.410611 0.792793 -0.45042 -0.410611 0.923623 -0.283264 -0.258229 0.923623 -0.283264 -0.258229 0.991413 -0.0966398 -0.0880987 0.991413 -0.0966397 -0.0880987 0.991413 -0.106734 -0.0755551 0.991413 -0.106733 -0.0755551 0.923623 -0.31285 -0.221462 0.923623 -0.31285 -0.221462 0.792793 -0.497464 -0.352148 0.792793 -0.497464 -0.352148 0.608035 -0.647987 -0.458701 0.608034 -0.647988 -0.458701 0.382062 -0.754278 -0.533942 0.382064 -0.754277 -0.533942 0.130284 -0.80924 -0.57285 0.130282 -0.809241 -0.572849 0.130284 -0.873503 -0.469061 0.174918 -0.8745 -0.452387 0.13051 -0.850882 -0.508888 0.130501 -0.938422 -0.319896 0.17014 -0.918877 -0.355975 0.382062 -0.861732 -0.333836 0.382063 -0.861731 -0.333837 0.608036 -0.740299 -0.286793 0.608034 -0.7403 -0.286793 0.792792 -0.568335 -0.220174 0.792793 -0.568334 -0.220174 0.923623 -0.357418 -0.138465 0.923623 -0.357418 -0.138465 0.991413 -0.121939 -0.0472393 0.991413 -0.121939 -0.0472393 0.991413 -0.12682 -0.0318965 0.991413 -0.12682 -0.0318965 0.923623 -0.371725 -0.0934926 0.923623 -0.371725 -0.0934925 0.792792 -0.591084 -0.148663 0.792793 -0.591083 -0.148663 0.608036 -0.769931 -0.193646 0.608036 -0.769931 -0.193646 0.382062 -0.896225 -0.22541 0.382063 -0.896225 -0.22541 0.130284 -0.961531 -0.241835 0.130283 -0.961531 -0.241835 0.130321 -0.984569 -0.116788 0.144062 -0.982068 -0.121606 0.382064 -0.917132 -0.113565 0.382063 -0.917132 -0.113565 0.608035 -0.787893 -0.0975618 0.608036 -0.787892 -0.0975622 0.792793 -0.604872 -0.0748993 0.792793 -0.604872 -0.0748992 0.923623 -0.380397 -0.0471033 0.923623 -0.380397 -0.0471034 0.991413 -0.129778 -0.01607 0.991413 -0.129778 -0.01607 0.130465 -0.990983 0.0305317 0.175068 -0.984556 0 0.382063 -0.924136 0 0.382064 -0.924136 0 0.608035 -0.79391 0 0.608035 -0.79391 0 0.792793 -0.609491 0 0.792793 -0.609491 0 0.923623 -0.383302 0 0.923623 -0.383302 0 0.991413 -0.130769 0 0.991413 -0.130769 0 0.130525 -0.975487 0.17717 0.144062 -0.982068 0.121606 0.382063 -0.917132 0.113565 0.382064 -0.917132 0.113565 0.608036 -0.787892 0.0975617 0.608035 -0.787893 0.0975624 0.792793 -0.604872 0.0748994 0.792793 -0.604872 0.0748992 0.923623 -0.380397 0.0471033 0.923623 -0.380397 0.0471034 0.991413 -0.129778 0.0160701 0.991413 -0.129778 0.0160699 0.991413 -0.12682 0.0318966 0.991413 -0.12682 0.0318964 0.923623 -0.371725 0.0934926 0.923623 -0.371725 0.0934923 0.792792 -0.591083 0.148663 0.792792 -0.591084 0.148663 0.608036 -0.769931 0.193645 0.608036 -0.769931 0.193646 0.382063 -0.896225 0.22541 0.382062 -0.896225 0.22541 0.130283 -0.961531 0.241835 0.130284 -0.961531 0.241835 0.130284 -0.924525 0.358162 0.189568 -0.908089 0.373415 0.130501 -0.938423 0.319895 0.13051 -0.850882 0.508888 0.163959 -0.869089 0.466691 0.382064 -0.814175 0.437203 0.382065 -0.814175 0.437202 0.608033 -0.699446 0.375594 0.608033 -0.699446 0.375594 0.792793 -0.536969 0.288346 0.792794 -0.536968 0.288345 0.923623 -0.337694 0.181338 0.923623 -0.337694 0.181338 0.991413 -0.115209 0.0618659 0.991413 -0.115209 0.0618662 0.991413 -0.106733 0.0755549 0.991413 -0.106734 0.0755553 0.923623 -0.31285 0.221462 0.923623 -0.31285 0.221462 0.792793 -0.497464 0.352148 0.792794 -0.497464 0.352148 0.608033 -0.647988 0.458702 0.608034 -0.647988 0.458701 0.382064 -0.754277 0.533941 0.382062 -0.754277 0.533942 0.130282 -0.80924 0.57285 0.130284 -0.80924 0.572849 0.13036 -0.725807 0.675433 0.155278 -0.730046 0.665524 0.382062 -0.682946 0.622587 0.382062 -0.682946 0.622587 0.608035 -0.586707 0.534854 0.608034 -0.586707 0.534854 0.792793 -0.450419 0.410611 0.792794 -0.450419 0.41061 0.923623 -0.283264 0.258229 0.923623 -0.283264 0.258229 0.991413 -0.0966398 0.0880988 0.991413 -0.0966399 0.0880989 0.130485 -0.61759 0.7756 0.173839 -0.640712 0.747842 0.382063 -0.60126 0.701793 0.382062 -0.60126 0.701794 0.608036 -0.516532 0.602899 0.608035 -0.516532 0.6029 0.792793 -0.396546 0.462851 0.792793 -0.396545 0.46285 0.923623 -0.249384 0.291082 0.923623 -0.249384 0.291082 0.991413 -0.0850808 0.0993067 0.991413 -0.0850809 0.0993071 0.991413 -0.0722323 0.109009 0.991413 -0.0722323 0.109009 0.923623 -0.211723 0.319522 0.923623 -0.211723 0.319522 0.792793 -0.336662 0.508073 0.792792 -0.336662 0.508074 0.608036 -0.438528 0.661805 0.608036 -0.438528 0.661805 0.382064 -0.510461 0.770362 0.382062 -0.51046 0.770363 0.130284 -0.547657 0.826498 0.130284 -0.547657 0.826498 0.991413 -0.0582887 0.11706 0.991413 -0.0582887 0.117059 0.923623 -0.170853 0.343118 0.923623 -0.170853 0.343119 0.792792 -0.271674 0.545595 0.792793 -0.271674 0.545593 0.608037 -0.353877 0.710678 0.608033 -0.353876 0.710681 0.382062 -0.411922 0.827253 0.382066 -0.411923 0.827252 0.130284 -0.44194 0.887533 0.13028 -0.441939 0.887534 0.13028 -0.329522 0.935116 0.204085 -0.301556 0.93135 0.130481 -0.362897 0.922649 0.130523 -0.162136 0.978098 0.155277 -0.211337 0.965 0.382062 -0.197703 0.902742 0.382066 -0.197704 0.90274 0.608036 -0.169844 0.775529 0.608033 -0.169843 0.775532 0.792792 -0.13039 0.595382 0.792794 -0.130391 0.595379 0.923623 -0.0820013 0.374428 0.923623 -0.0820013 0.374428 0.991413 -0.027976 0.127742 0.991413 -0.0279759 0.127742 0.991413 -0.0120659 0.130211 0.991413 -0.0120658 0.130212 0.923623 -0.0353662 0.381667 0.923623 -0.0353665 0.381666 0.792792 -0.0562367 0.606893 0.792792 -0.056237 0.606892 0.608036 -0.0732529 0.790523 0.608036 -0.0732531 0.790522 0.382062 -0.085269 0.920195 0.382062 -0.0852691 0.920195 0.130286 -0.0914825 0.987247 0.130283 -0.0914814 0.987248 0.130283 0.0305328 0.991007 0.174919 0.0454717 0.983532 0.130511 -0.0152679 0.991329 0.1305 0.192173 0.972646 0.170138 0.151156 0.973758 0.382063 0.141755 0.913199 0.382062 0.141756 0.9132 0.608034 0.12178 0.784515 0.608037 0.121778 0.784513 0.792793 0.0934904 0.602278 0.792791 0.0934916 0.60228 0.923623 0.0587956 0.378766 0.923624 0.0587948 0.378764 0.991413 0.0200588 0.129222 0.991413 0.0200589 0.129222 0.991413 0.0357867 0.125777 0.991413 0.0357868 0.125777 0.923623 0.104896 0.36867 0.923623 0.104895 0.368669 0.792793 0.166795 0.586224 0.792792 0.166796 0.586225 0.608034 0.217264 0.763604 0.608034 0.217264 0.763604 0.382063 0.252902 0.888858 0.382066 0.252901 0.888857 0.130284 0.27133 0.953628 0.130282 0.271331 0.953628 0.13032 0.391144 0.911056 0.144062 0.38572 0.911299 0.382066 0.360215 0.851041 0.382066 0.360215 0.851041 0.608034 0.309455 0.731117 0.608035 0.309455 0.731117 0.792792 0.237571 0.561285 0.792792 0.237571 0.561285 0.923623 0.149405 0.352985 0.923623 0.149406 0.352985 0.991413 0.0509719 0.120426 0.991413 0.0509722 0.120426 0.130287 0.495739 0.858643 0.218461 0.513716 0.829681 0.130464 0.46905 0.873483 0.130525 0.641185 0.756205 0.144065 0.596348 0.789693 0.382061 0.556917 0.737478 0.382061 0.556917 0.737478 0.608037 0.478437 0.633553 0.608035 0.478438 0.633554 0.792793 0.367301 0.486384 0.792793 0.367301 0.486384 0.923623 0.230991 0.305882 0.923623 0.230991 0.305882 0.991413 0.0788064 0.104356 0.991413 0.0788059 0.104356 0.991413 0.0910332 0.093881 0.991413 0.0910327 0.0938808 0.923623 0.266829 0.275178 0.923623 0.266829 0.275178 0.792793 0.424287 0.437561 0.792793 0.424287 0.437561 0.608037 0.552667 0.569957 0.608034 0.552669 0.569958 0.382061 0.643323 0.663449 0.382063 0.643323 0.663448 0.130283 0.690201 0.711793 0.130286 0.6902 0.711793 0.130282 0.77244 0.621581 0.189567 0.777431 0.599721 0.130502 0.74625 0.652748 0.130514 0.866149 0.482444 0.16396 0.838711 0.519307 0.382061 0.785718 0.486495 0.382062 0.785717 0.486495 0.608036 0.674996 0.41794 0.608036 0.674995 0.41794 0.792793 0.5182 0.320856 0.792792 0.518201 0.320856 0.923623 0.32589 0.201783 0.923623 0.32589 0.201782 0.991413 0.111182 0.0688412 0.991413 0.111182 0.0688411 0.991413 0.118799 0.0546563 0.991413 0.118799 0.0546563 0.923623 0.348217 0.160205 0.923623 0.348217 0.160205 0.792793 0.553701 0.254743 0.792793 0.553702 0.254743 0.608036 0.721239 0.331823 0.608035 0.72124 0.331823 0.382061 0.839547 0.386252 0.382064 0.839545 0.386253 0.130285 0.900722 0.414398 0.130283 0.900722 0.414398 0.130358 0.947846 0.29085 0.155277 0.941384 0.299476 0.382063 0.880648 0.280154 0.382064 0.880648 0.280155 0.608036 0.75655 0.240676 0.608035 0.756551 0.240676 0.792793 0.58081 0.184769 0.792793 0.58081 0.184769 0.923623 0.365265 0.116199 0.923623 0.365265 0.116199 0.991413 0.124616 0.039643 0.991413 0.124615 0.0396431 0.130484 0.980485 0.147048 0.173838 0.968007 0.180952 0.382062 0.908402 0.169809 0.382063 0.908401 0.16981 0.608036 0.780392 0.145881 0.608036 0.780392 0.14588 0.792792 0.599114 0.111994 0.792793 0.599113 0.111994 0.923623 0.376776 0.0704316 0.923623 0.376775 0.0704317 0.991413 0.128543 0.0240288 0.991413 0.128543 0.0240288 0.991413 0.130521 0.00805034 0.991413 0.130521 0.00805029 0.923623 0.382575 0.0235964 0.923623 0.382575 0.0235964 0.792792 0.608336 0.0375208 0.792793 0.608335 0.0375211 0.608036 0.792404 0.0488741 0.608034 0.792405 0.0488735 0.382062 0.922384 0.0568903 0.382063 0.922383 0.0568907 0.130282 0.989596 0.0610362 0.130283 0.989596 0.0610362</float_array>
                    <technique_common>
                        <accessor count="3194" source="#shape0-lib-normals-array" stride="3">
                            <param name="X" type="float"/>
                            <param name="Y" type="float"/>
                            <param name="Z" type="float"/>
                        </accessor>
                    </technique_common>
                </source>
                <vertices id="shape0-lib-vertices">
                    <input semantic="POSITION" source="#shape0-lib-positions"/>
                </vertices>
                <triangles count="3194">
                    <input offset="0" semantic="VERTEX" source="#shape0-lib-vertices"/>
                    <input offset="1" semantic="NORMAL" source="#shape0-lib-normals"/>
                    <p>0 0 1 0 2 0 2 1 1 1 3 1 2 2 3 2 4 2 5 3 6 3 7 3 7 4 6 4 8 4 7 5 8 5 9 5 9 6 8 6 10 6 9 7 10 7 3 7 3 8 10 8 11 8 3 9 11 9 4 9 5 10 7 10 12 10 12 11 7 11 13 11 12 12 13 12 14 12 15 13 16 13 17 13 17 14 16 14 18 14 17 15 18 15 19 15 19 16 18 16 20 16 19 17 20 17 13 17 13 18 20 18 21 18 13 19 21 19 14 19 22 20 23 20 24 20 24 21 23 21 25 21 24 22 25 22 26 22 26 23 25 23 27 23 26 24 27 24 17 24 17 25 27 25 28 25 17 26 28 26 15 26 22 27 24 27 29 27 29 28 24 28 30 28 29 29 30 29 31 29 32 30 33 30 34 30 34 31 33 31 35 31 34 32 35 32 36 32 36 33 35 33 37 33 36 34 37 34 30 34 30 35 37 35 38 35 30 36 38 36 31 36 32 37 34 37 39 37 39 38 34 38 40 38 39 39 40 39 41 39 41 40 40 40 42 40 42 41 40 41 43 41 42 42 43 42 44 42 45 43 46 43 47 43 45 44 47 44 48 44 49 45 50 45 51 45 51 46 50 46 52 46 51 47 52 47 53 47 53 48 52 48 54 48 53 49 54 49 55 49 55 50 54 50 56 50 55 51 56 51 57 51 57 52 56 52 48 52 57 53 48 53 58 53 58 54 48 54 47 54 58 55 47 55 59 55 59 56 47 56 60 56 59 57 60 57 61 57 60 58 47 58 62 58 62 59 47 59 63 59 62 60 63 60 64 60 64 61 63 61 65 61 64 62 65 62 66 62 66 63 65 63 67 63 66 64 67 64 68 64 68 65 67 65 69 65 68 66 69 66 70 66 70 67 69 67 71 67 70 68 71 68 72 68 72 69 71 69 73 69 72 70 73 70 74 70 74 71 73 71 75 71 74 72 75 72 76 72 76 73 75 73 77 73 76 74 77 74 78 74 78 75 77 75 79 75 78 76 79 76 80 76 80 77 79 77 81 77 80 78 81 78 82 78 82 79 81 79 83 79 82 80 83 80 84 80 84 81 83 81 85 81 86 82 87 82 88 82 89 83 90 83 91 83 91 84 90 84 92 84 91 85 92 85 93 85 94 86 95 86 96 86 96 87 95 87 97 87 96 88 97 88 98 88 98 89 97 89 99 89 98 90 99 90 100 90 100 91 99 91 101 91 100 92 101 92 102 92 102 93 101 93 103 93 102 94 103 94 91 94 91 95 103 95 86 95 91 96 86 96 89 96 89 97 86 97 88 97 104 98 90 98 89 98 89 99 105 99 104 99 104 100 105 100 106 100 104 101 106 101 107 101 107 102 106 102 108 102 108 103 106 103 109 103 108 104 109 104 110 104 110 105 109 105 111 105 110 106 111 106 112 106 112 107 111 107 113 107 112 108 113 108 114 108 115 109 116 109 117 109 118 110 119 110 120 110 120 111 119 111 121 111 120 112 121 112 122 112 122 113 121 113 123 113 1 114 0 114 124 114 124 115 0 115 125 115 124 116 125 116 126 116 126 117 125 117 127 117 126 118 127 118 118 118 118 119 127 119 128 119 118 120 128 120 119 120 129 121 130 121 131 121 131 122 130 122 132 122 131 123 132 123 133 123 133 124 132 124 134 124 133 125 134 125 135 125 135 126 134 126 115 126 135 127 115 127 136 127 136 128 115 128 117 128 123 129 137 129 122 129 122 130 137 130 138 130 122 131 138 131 139 131 84 132 85 132 140 132 140 133 85 133 141 133 140 134 141 134 142 134 142 135 141 135 143 135 142 136 143 136 144 136 144 137 143 137 145 137 144 138 145 138 146 138 146 139 145 139 147 139 146 140 147 140 138 140 138 141 147 141 148 141 138 142 148 142 139 142 139 143 148 143 149 143 139 144 149 144 131 144 131 145 149 145 150 145 131 146 150 146 129 146 151 147 152 147 153 147 154 148 155 148 156 148 156 149 155 149 157 149 156 150 157 150 158 150 158 151 157 151 159 151 158 152 159 152 160 152 160 153 159 153 161 153 160 154 161 154 43 154 43 155 161 155 44 155 162 156 163 156 154 156 154 157 163 157 164 157 154 158 164 158 155 158 153 159 165 159 151 159 151 160 165 160 166 160 151 161 166 161 167 161 167 162 166 162 168 162 167 163 168 163 169 163 170 164 171 164 162 164 162 165 171 165 172 165 162 166 172 166 163 166 173 167 171 167 174 167 174 168 171 168 170 168 174 169 170 169 175 169 175 170 170 170 176 170 175 171 176 171 177 171 177 172 176 172 169 172 177 173 169 173 178 173 178 174 169 174 168 174 95 175 94 175 179 175 179 176 94 176 180 176 179 177 180 177 181 177 181 178 180 178 182 178 181 179 182 179 183 179 183 180 182 180 184 180 183 181 184 181 185 181 185 182 184 182 173 182 185 183 173 183 186 183 186 184 173 184 174 184 187 185 188 185 189 185 189 186 188 186 190 186 191 187 192 187 193 187 193 188 194 188 195 188 195 189 196 189 193 189 193 190 196 190 197 190 193 191 197 191 198 191 192 192 199 192 193 192 193 193 199 193 200 193 193 194 200 194 194 194 191 195 193 195 190 195 190 196 193 196 201 196 190 197 201 197 202 197 203 198 204 198 190 198 190 199 204 199 205 199 190 200 205 200 189 200 202 201 206 201 190 201 190 202 206 202 207 202 190 203 207 203 203 203 116 204 208 204 117 204 117 205 208 205 209 205 210 206 211 206 212 206 212 207 211 207 209 207 212 208 209 208 213 208 213 209 209 209 208 209 210 210 214 210 211 210 211 211 214 211 215 211 211 212 215 212 216 212 216 213 215 213 217 213 216 214 217 214 218 214 218 215 217 215 219 215 220 216 221 216 222 216 222 217 221 217 218 217 222 218 218 218 223 218 223 219 218 219 219 219 220 220 224 220 221 220 221 221 224 221 225 221 221 222 225 222 226 222 227 223 228 223 229 223 229 224 228 224 226 224 229 225 226 225 230 225 230 226 226 226 225 226 227 227 231 227 228 227 228 228 231 228 232 228 228 229 232 229 233 229 233 230 232 230 234 230 233 231 234 231 235 231 235 232 234 232 236 232 237 233 238 233 239 233 239 234 238 234 235 234 239 235 235 235 240 235 240 236 235 236 236 236 237 237 241 237 238 237 238 238 241 238 242 238 238 239 242 239 243 239 243 240 242 240 244 240 243 241 244 241 245 241 245 242 244 242 246 242 153 243 152 243 247 243 247 244 152 244 245 244 247 245 245 245 248 245 248 246 245 246 246 246 249 247 250 247 251 247 252 248 253 248 251 248 251 249 253 249 254 249 251 250 254 250 255 250 250 251 256 251 251 251 251 252 256 252 257 252 251 253 257 253 258 253 255 254 259 254 251 254 251 255 259 255 260 255 251 256 260 256 261 256 262 257 263 257 264 257 264 258 263 258 265 258 258 259 266 259 251 259 251 260 266 260 265 260 251 261 265 261 267 261 267 262 265 262 263 262 261 263 268 263 251 263 251 264 268 264 269 264 251 265 269 265 249 265 270 266 271 266 272 266 272 267 273 267 270 267 270 268 273 268 274 268 270 269 274 269 275 269 275 270 274 270 276 270 275 271 276 271 277 271 278 272 279 272 280 272 281 273 280 273 282 273 282 274 280 274 283 274 282 275 283 275 276 275 276 276 283 276 284 276 276 277 284 277 277 277 279 278 285 278 286 278 286 279 287 279 279 279 279 280 287 280 288 280 279 281 288 281 280 281 281 282 289 282 280 282 280 283 289 283 290 283 280 284 290 284 291 284 292 285 293 285 280 285 280 286 293 286 294 286 280 287 294 287 278 287 291 288 295 288 280 288 280 289 295 289 296 289 280 290 296 290 297 290 297 291 298 291 280 291 280 292 298 292 299 292 280 293 299 293 292 293 300 294 301 294 302 294 302 295 301 295 303 295 304 296 305 296 306 296 307 297 308 297 309 297 309 298 308 298 310 298 311 299 312 299 313 299 313 300 312 300 307 300 313 301 307 301 314 301 314 302 307 302 309 302 315 303 316 303 317 303 317 304 316 304 318 304 317 305 318 305 319 305 320 306 304 306 321 306 321 307 304 307 306 307 321 308 306 308 322 308 322 309 306 309 309 309 322 310 309 310 323 310 323 311 309 311 310 311 315 312 317 312 321 312 321 313 317 313 324 313 321 314 324 314 325 314 326 315 327 315 321 315 321 316 327 316 328 316 321 317 328 317 320 317 325 318 329 318 321 318 321 319 329 319 330 319 321 320 330 320 331 320 331 321 332 321 321 321 321 322 332 322 333 322 321 323 333 323 326 323 334 324 335 324 336 324 336 325 335 325 337 325 301 326 300 326 338 326 338 327 300 327 339 327 340 328 341 328 339 328 339 329 341 329 342 329 339 330 342 330 338 330 343 331 344 331 345 331 345 332 344 332 346 332 345 333 346 333 340 333 340 334 346 334 347 334 340 335 347 335 341 335 345 336 348 336 343 336 343 337 348 337 349 337 343 338 349 338 252 338 252 339 349 339 350 339 252 340 350 340 253 340 188 341 187 341 351 341 351 342 187 342 352 342 351 343 352 343 353 343 353 344 352 344 354 344 354 345 352 345 355 345 354 346 355 346 356 346 356 347 355 347 357 347 356 348 357 348 358 348 358 349 357 349 359 349 358 350 359 350 360 350 360 351 359 351 361 351 360 352 361 352 362 352 336 353 337 353 363 353 363 354 337 354 362 354 363 355 362 355 364 355 364 356 362 356 361 356 170 357 162 357 139 357 139 358 162 358 122 358 151 359 136 359 152 359 152 360 136 360 117 360 209 361 243 361 117 361 117 362 243 362 245 362 117 363 245 363 152 363 209 364 211 364 243 364 243 365 211 365 216 365 243 366 216 366 218 366 218 367 221 367 243 367 243 368 221 368 226 368 243 369 226 369 228 369 228 370 233 370 243 370 243 371 233 371 235 371 243 372 235 372 238 372 124 373 160 373 1 373 1 374 160 374 43 374 30 375 24 375 7 375 43 376 40 376 1 376 1 377 40 377 34 377 1 378 34 378 3 378 3 379 34 379 9 379 9 380 34 380 7 380 7 381 34 381 36 381 7 382 36 382 30 382 24 383 26 383 7 383 7 384 26 384 17 384 7 385 17 385 13 385 13 386 17 386 19 386 365 387 272 387 271 387 271 388 366 388 365 388 365 389 366 389 367 389 365 390 367 390 368 390 368 391 367 391 369 391 367 392 370 392 369 392 369 393 370 393 371 393 369 394 371 394 372 394 372 395 371 395 373 395 374 396 302 396 303 396 371 397 375 397 373 397 373 398 375 398 374 398 373 399 374 399 376 399 376 400 374 400 303 400 377 401 378 401 379 401 377 402 379 402 380 402 380 403 379 403 381 403 380 404 381 404 382 404 382 405 381 405 383 405 382 406 383 406 384 406 384 407 383 407 335 407 384 408 335 408 334 408 378 409 377 409 385 409 385 410 377 410 386 410 385 411 386 411 387 411 387 412 386 412 388 412 388 413 386 413 312 413 388 414 312 414 311 414 389 415 390 415 391 415 391 416 390 416 282 416 282 417 390 417 392 417 282 418 392 418 281 418 393 419 394 419 391 419 391 420 394 420 395 420 391 421 395 421 389 421 396 422 397 422 398 422 398 423 397 423 399 423 398 424 399 424 393 424 393 425 399 425 400 425 393 426 400 426 394 426 91 427 93 427 401 427 401 428 396 428 91 428 91 429 396 429 398 429 91 430 398 430 102 430 102 431 398 431 100 431 94 432 96 432 402 432 402 433 96 433 403 433 402 434 403 434 404 434 404 435 403 435 405 435 404 436 405 436 406 436 406 437 405 437 407 437 406 438 407 438 273 438 273 439 407 439 274 439 96 440 98 440 403 440 403 441 98 441 408 441 403 442 408 442 405 442 405 443 408 443 409 443 405 444 409 444 407 444 407 445 409 445 410 445 407 446 410 446 274 446 274 447 410 447 276 447 98 448 100 448 408 448 408 449 100 449 398 449 408 450 398 450 409 450 409 451 398 451 393 451 409 452 393 452 410 452 410 453 393 453 391 453 410 454 391 454 276 454 276 455 391 455 282 455 180 456 94 456 402 456 273 457 272 457 411 457 273 458 411 458 406 458 406 459 411 459 412 459 406 460 412 460 404 460 412 461 413 461 404 461 404 462 413 462 414 462 404 463 414 463 402 463 402 464 414 464 415 464 402 465 415 465 180 465 369 466 372 466 416 466 373 467 376 467 417 467 418 468 172 468 171 468 376 469 303 469 417 469 417 470 303 470 419 470 417 471 419 471 420 471 420 472 419 472 421 472 420 473 421 473 422 473 422 474 421 474 423 474 372 475 373 475 416 475 416 476 373 476 417 476 416 477 417 477 424 477 424 478 417 478 420 478 424 479 420 479 425 479 425 480 420 480 422 480 368 481 369 481 426 481 426 482 369 482 416 482 426 483 416 483 427 483 427 484 416 484 424 484 427 485 424 485 428 485 428 486 424 486 425 486 365 487 368 487 429 487 429 488 368 488 426 488 429 489 426 489 430 489 430 490 426 490 427 490 430 491 427 491 431 491 431 492 427 492 428 492 418 493 171 493 432 493 432 494 171 494 173 494 432 495 173 495 433 495 433 496 173 496 184 496 433 497 184 497 434 497 434 498 184 498 182 498 434 499 182 499 435 499 435 500 182 500 180 500 435 501 180 501 415 501 415 502 431 502 435 502 435 503 431 503 428 503 435 504 428 504 434 504 434 505 428 505 425 505 434 506 425 506 433 506 433 507 425 507 422 507 433 508 422 508 432 508 432 509 422 509 423 509 432 510 423 510 418 510 272 511 365 511 411 511 411 512 365 512 429 512 411 513 429 513 412 513 412 514 429 514 430 514 412 515 430 515 413 515 413 516 430 516 431 516 413 517 431 517 414 517 414 518 431 518 415 518 303 519 301 519 436 519 303 520 436 520 419 520 419 521 436 521 437 521 419 522 437 522 421 522 421 523 437 523 438 523 421 524 438 524 423 524 423 525 438 525 439 525 423 526 439 526 418 526 418 527 439 527 163 527 418 528 163 528 172 528 436 529 301 529 338 529 438 530 437 530 440 530 439 531 438 531 441 531 163 532 439 532 442 532 437 533 436 533 443 533 443 534 436 534 338 534 443 535 338 535 444 535 444 536 338 536 342 536 342 537 341 537 444 537 444 538 341 538 347 538 444 539 347 539 445 539 343 540 446 540 344 540 344 541 446 541 445 541 344 542 445 542 346 542 346 543 445 543 347 543 437 544 443 544 440 544 440 545 443 545 444 545 440 546 444 546 447 546 447 547 444 547 445 547 447 548 445 548 448 548 448 549 445 549 446 549 448 550 446 550 449 550 343 551 252 551 446 551 446 552 252 552 450 552 446 553 450 553 449 553 449 554 450 554 451 554 449 555 451 555 452 555 438 556 440 556 441 556 441 557 440 557 447 557 441 558 447 558 453 558 453 559 447 559 448 559 453 560 448 560 454 560 454 561 448 561 449 561 454 562 449 562 455 562 455 563 449 563 452 563 455 564 452 564 456 564 439 565 441 565 442 565 442 566 441 566 453 566 442 567 453 567 457 567 457 568 453 568 454 568 457 569 454 569 458 569 458 570 454 570 455 570 458 571 455 571 459 571 459 572 455 572 456 572 459 573 456 573 460 573 163 574 442 574 164 574 164 575 442 575 457 575 164 576 457 576 155 576 155 577 457 577 458 577 155 578 458 578 157 578 157 579 458 579 459 579 157 580 459 580 159 580 159 581 459 581 460 581 159 582 460 582 161 582 450 583 252 583 461 583 461 584 252 584 251 584 450 585 461 585 451 585 451 586 461 586 462 586 451 587 462 587 452 587 452 588 462 588 456 588 456 589 462 589 463 589 456 590 463 590 460 590 460 591 463 591 44 591 460 592 44 592 161 592 4 593 11 593 464 593 5 594 12 594 465 594 22 595 29 595 466 595 31 596 38 596 467 596 267 597 263 597 468 597 468 598 263 598 469 598 468 599 469 599 470 599 470 600 469 600 471 600 470 601 471 601 472 601 472 602 471 602 473 602 263 603 262 603 469 603 469 604 262 604 474 604 469 605 474 605 471 605 471 606 474 606 475 606 471 607 475 607 473 607 473 608 475 608 476 608 262 609 264 609 474 609 474 610 264 610 477 610 474 611 477 611 475 611 475 612 477 612 478 612 475 613 478 613 476 613 476 614 478 614 479 614 257 615 256 615 480 615 480 616 256 616 481 616 480 617 481 617 482 617 482 618 481 618 483 618 482 619 483 619 484 619 484 620 483 620 485 620 256 621 250 621 481 621 481 622 250 622 486 622 481 623 486 623 483 623 483 624 486 624 487 624 483 625 487 625 485 625 485 626 487 626 488 626 250 627 249 627 486 627 486 628 249 628 489 628 486 629 489 629 487 629 487 630 489 630 490 630 487 631 490 631 488 631 488 632 490 632 491 632 269 633 268 633 492 633 492 634 268 634 493 634 492 635 493 635 494 635 494 636 493 636 495 636 494 637 495 637 496 637 496 638 495 638 465 638 260 639 259 639 497 639 497 640 259 640 498 640 497 641 498 641 499 641 499 642 498 642 500 642 499 643 500 643 501 643 501 644 500 644 464 644 251 645 267 645 461 645 461 646 267 646 468 646 461 647 468 647 462 647 462 648 468 648 470 648 462 649 470 649 463 649 463 650 470 650 472 650 463 651 472 651 44 651 44 652 472 652 42 652 37 653 35 653 479 653 479 654 35 654 33 654 479 655 33 655 476 655 476 656 33 656 32 656 476 657 32 657 473 657 473 658 32 658 39 658 473 659 39 659 472 659 472 660 39 660 41 660 472 661 41 661 42 661 38 662 37 662 467 662 467 663 37 663 479 663 467 664 479 664 502 664 502 665 479 665 478 665 502 666 478 666 503 666 503 667 478 667 477 667 503 668 477 668 265 668 265 669 477 669 264 669 29 670 31 670 466 670 466 671 31 671 467 671 466 672 467 672 504 672 504 673 467 673 502 673 504 674 502 674 505 674 505 675 502 675 503 675 505 676 503 676 266 676 266 677 503 677 265 677 23 678 22 678 506 678 506 679 22 679 466 679 506 680 466 680 507 680 507 681 466 681 504 681 507 682 504 682 508 682 508 683 504 683 505 683 508 684 505 684 258 684 258 685 505 685 266 685 258 686 257 686 508 686 508 687 257 687 480 687 508 688 480 688 507 688 507 689 480 689 482 689 507 690 482 690 506 690 506 691 482 691 484 691 506 692 484 692 23 692 23 693 484 693 25 693 20 694 18 694 491 694 491 695 18 695 16 695 491 696 16 696 488 696 488 697 16 697 15 697 488 698 15 698 485 698 485 699 15 699 28 699 485 700 28 700 484 700 484 701 28 701 27 701 484 702 27 702 25 702 21 703 20 703 496 703 496 704 20 704 491 704 496 705 491 705 494 705 494 706 491 706 490 706 494 707 490 707 492 707 492 708 490 708 489 708 492 709 489 709 269 709 269 710 489 710 249 710 465 711 12 711 496 711 496 712 12 712 14 712 496 713 14 713 21 713 6 714 5 714 509 714 509 715 5 715 465 715 509 716 465 716 510 716 510 717 465 717 495 717 510 718 495 718 511 718 511 719 495 719 493 719 511 720 493 720 261 720 261 721 493 721 268 721 261 722 260 722 511 722 511 723 260 723 497 723 511 724 497 724 510 724 510 725 497 725 499 725 510 726 499 726 509 726 509 727 499 727 501 727 509 728 501 728 6 728 6 729 501 729 8 729 464 730 11 730 501 730 501 731 11 731 10 731 501 732 10 732 8 732 2 733 4 733 512 733 512 734 4 734 464 734 512 735 464 735 513 735 513 736 464 736 500 736 513 737 500 737 514 737 514 738 500 738 498 738 514 739 498 739 255 739 255 740 498 740 259 740 255 741 254 741 514 741 514 742 254 742 515 742 514 743 515 743 513 743 513 744 515 744 516 744 513 745 516 745 512 745 512 746 516 746 517 746 512 747 517 747 2 747 2 748 517 748 0 748 254 749 253 749 518 749 254 750 518 750 515 750 515 751 518 751 519 751 515 752 519 752 516 752 516 753 519 753 520 753 516 754 520 754 517 754 517 755 520 755 125 755 517 756 125 756 0 756 518 757 253 757 350 757 519 758 518 758 521 758 520 759 519 759 522 759 125 760 520 760 523 760 518 761 350 761 521 761 521 762 350 762 349 762 521 763 349 763 524 763 349 764 348 764 524 764 524 765 348 765 345 765 524 766 345 766 525 766 519 767 521 767 522 767 522 768 521 768 524 768 522 769 524 769 526 769 526 770 524 770 525 770 526 771 525 771 527 771 527 772 525 772 528 772 527 773 528 773 529 773 345 774 340 774 525 774 525 775 340 775 339 775 525 776 339 776 528 776 528 777 339 777 300 777 300 778 530 778 528 778 528 779 530 779 531 779 528 780 531 780 529 780 529 781 531 781 532 781 529 782 532 782 533 782 520 783 522 783 523 783 523 784 522 784 526 784 523 785 526 785 534 785 534 786 526 786 527 786 534 787 527 787 535 787 535 788 527 788 529 788 535 789 529 789 536 789 536 790 529 790 533 790 536 791 533 791 537 791 125 792 523 792 127 792 127 793 523 793 534 793 127 794 534 794 128 794 128 795 534 795 535 795 128 796 535 796 119 796 119 797 535 797 536 797 119 798 536 798 121 798 121 799 536 799 537 799 121 800 537 800 123 800 300 801 302 801 530 801 530 802 302 802 538 802 530 803 538 803 531 803 531 804 538 804 539 804 531 805 539 805 532 805 532 806 539 806 540 806 532 807 540 807 533 807 533 808 540 808 541 808 533 809 541 809 537 809 537 810 541 810 542 810 537 811 542 811 123 811 123 812 542 812 137 812 543 813 544 813 545 813 366 814 271 814 546 814 546 815 271 815 547 815 546 816 547 816 548 816 548 817 547 817 549 817 548 818 549 818 550 818 550 819 549 819 551 819 550 820 551 820 142 820 142 821 551 821 140 821 142 822 144 822 550 822 550 823 144 823 552 823 550 824 552 824 548 824 548 825 552 825 553 825 548 826 553 826 546 826 546 827 553 827 554 827 375 828 371 828 554 828 554 829 371 829 370 829 554 830 370 830 546 830 546 831 370 831 367 831 546 832 367 832 366 832 544 833 146 833 138 833 555 834 556 834 557 834 544 835 138 835 545 835 545 836 138 836 137 836 545 837 137 837 542 837 542 838 541 838 545 838 545 839 541 839 555 839 545 840 555 840 543 840 543 841 555 841 557 841 538 842 556 842 539 842 539 843 556 843 555 843 539 844 555 844 540 844 540 845 555 845 541 845 144 846 146 846 552 846 552 847 146 847 544 847 552 848 544 848 553 848 553 849 544 849 543 849 553 850 543 850 554 850 554 851 543 851 557 851 554 852 557 852 375 852 375 853 557 853 556 853 375 854 556 854 374 854 374 855 556 855 538 855 374 856 538 856 302 856 271 857 270 857 558 857 271 858 558 858 547 858 547 859 558 859 559 859 547 860 559 860 549 860 549 861 559 861 560 861 549 862 560 862 551 862 551 863 560 863 84 863 551 864 84 864 140 864 64 865 66 865 561 865 80 866 82 866 562 866 562 867 563 867 564 867 563 868 565 868 566 868 565 869 275 869 277 869 565 870 277 870 566 870 566 871 277 871 284 871 566 872 284 872 567 872 567 873 284 873 283 873 567 874 283 874 568 874 568 875 283 875 280 875 568 876 280 876 569 876 569 877 280 877 288 877 569 878 288 878 570 878 563 879 566 879 564 879 564 880 566 880 567 880 564 881 567 881 571 881 571 882 567 882 568 882 571 883 568 883 572 883 572 884 568 884 569 884 572 885 569 885 573 885 573 886 569 886 570 886 573 887 570 887 574 887 562 888 564 888 575 888 575 889 564 889 571 889 575 890 571 890 576 890 576 891 571 891 572 891 576 892 572 892 577 892 577 893 572 893 573 893 577 894 573 894 578 894 578 895 573 895 574 895 578 896 574 896 561 896 270 897 275 897 558 897 558 898 275 898 565 898 558 899 565 899 559 899 559 900 565 900 563 900 559 901 563 901 560 901 560 902 563 902 562 902 560 903 562 903 84 903 84 904 562 904 82 904 80 905 562 905 78 905 78 906 562 906 575 906 78 907 575 907 76 907 76 908 575 908 576 908 76 909 576 909 74 909 74 910 576 910 577 910 74 911 577 911 72 911 72 912 577 912 578 912 72 913 578 913 70 913 561 914 66 914 578 914 578 915 66 915 68 915 578 916 68 916 70 916 62 917 64 917 579 917 579 918 64 918 561 918 579 919 561 919 580 919 580 920 561 920 574 920 580 921 574 921 581 921 581 922 574 922 570 922 581 923 570 923 287 923 287 924 570 924 288 924 287 925 286 925 581 925 581 926 286 926 582 926 581 927 582 927 580 927 580 928 582 928 583 928 580 929 583 929 579 929 579 930 583 930 584 930 579 931 584 931 62 931 62 932 584 932 60 932 585 933 586 933 584 933 584 934 586 934 61 934 584 935 61 935 60 935 585 936 584 936 587 936 587 937 584 937 583 937 587 938 583 938 588 938 588 939 583 939 582 939 588 940 582 940 589 940 589 941 582 941 286 941 589 942 286 942 285 942 99 943 97 943 590 943 591 944 87 944 86 944 592 945 593 945 86 945 86 946 593 946 594 946 86 947 594 947 591 947 595 948 596 948 597 948 597 949 596 949 598 949 597 950 598 950 592 950 592 951 598 951 599 951 592 952 599 952 593 952 305 953 600 953 306 953 306 954 600 954 601 954 306 955 601 955 595 955 595 956 601 956 602 956 595 957 602 957 596 957 99 958 590 958 101 958 86 959 103 959 592 959 592 960 103 960 603 960 592 961 603 961 597 961 597 962 603 962 604 962 597 963 604 963 595 963 595 964 604 964 605 964 595 965 605 965 306 965 306 966 605 966 309 966 103 967 101 967 603 967 603 968 101 968 590 968 603 969 590 969 604 969 604 970 590 970 606 970 604 971 606 971 605 971 605 972 606 972 607 972 605 973 607 973 309 973 309 974 607 974 314 974 97 975 95 975 590 975 590 976 95 976 608 976 590 977 608 977 606 977 606 978 608 978 609 978 606 979 609 979 607 979 607 980 609 980 610 980 607 981 610 981 314 981 314 982 610 982 313 982 611 983 311 983 610 983 610 984 311 984 313 984 611 985 610 985 612 985 612 986 610 986 609 986 612 987 609 987 613 987 613 988 609 988 614 988 614 989 609 989 608 989 614 990 608 990 615 990 615 991 608 991 95 991 615 992 95 992 179 992 381 993 379 993 616 993 378 994 385 994 617 994 387 995 388 995 618 995 619 996 614 996 620 996 620 997 614 997 615 997 620 998 615 998 181 998 181 999 615 999 179 999 388 1000 311 1000 618 1000 618 1001 311 1001 611 1001 618 1002 611 1002 621 1002 621 1003 611 1003 612 1003 621 1004 612 1004 619 1004 619 1005 612 1005 613 1005 619 1006 613 1006 614 1006 385 1007 387 1007 617 1007 617 1008 387 1008 618 1008 617 1009 618 1009 622 1009 622 1010 618 1010 621 1010 622 1011 621 1011 623 1011 623 1012 621 1012 619 1012 623 1013 619 1013 624 1013 624 1014 619 1014 620 1014 624 1015 620 1015 183 1015 183 1016 620 1016 181 1016 379 1017 378 1017 616 1017 616 1018 378 1018 617 1018 616 1019 617 1019 625 1019 625 1020 617 1020 622 1020 625 1021 622 1021 626 1021 626 1022 622 1022 623 1022 626 1023 623 1023 627 1023 627 1024 623 1024 624 1024 627 1025 624 1025 185 1025 185 1026 624 1026 183 1026 383 1027 381 1027 628 1027 628 1028 381 1028 616 1028 628 1029 616 1029 629 1029 629 1030 616 1030 625 1030 629 1031 625 1031 630 1031 630 1032 625 1032 626 1032 630 1033 626 1033 631 1033 631 1034 626 1034 627 1034 631 1035 627 1035 186 1035 186 1036 627 1036 185 1036 335 1037 383 1037 632 1037 632 1038 383 1038 628 1038 632 1039 628 1039 633 1039 633 1040 628 1040 629 1040 633 1041 629 1041 634 1041 634 1042 629 1042 630 1042 634 1043 630 1043 635 1043 635 1044 630 1044 631 1044 635 1045 631 1045 174 1045 174 1046 631 1046 186 1046 337 1047 335 1047 632 1047 337 1048 632 1048 636 1048 636 1049 632 1049 633 1049 636 1050 633 1050 637 1050 637 1051 633 1051 634 1051 637 1052 634 1052 638 1052 638 1053 634 1053 635 1053 638 1054 635 1054 639 1054 639 1055 635 1055 174 1055 639 1056 174 1056 175 1056 360 1057 362 1057 640 1057 356 1058 358 1058 641 1058 353 1059 354 1059 642 1059 643 1060 644 1060 645 1060 645 1061 644 1061 646 1061 645 1062 646 1062 647 1062 647 1063 646 1063 648 1063 166 1064 165 1064 649 1064 649 1065 165 1065 650 1065 649 1066 650 1066 648 1066 648 1067 650 1067 651 1067 648 1068 651 1068 647 1068 353 1069 642 1069 351 1069 168 1070 166 1070 652 1070 652 1071 166 1071 649 1071 652 1072 649 1072 653 1072 653 1073 649 1073 648 1073 653 1074 648 1074 654 1074 654 1075 648 1075 646 1075 654 1076 646 1076 642 1076 642 1077 646 1077 644 1077 642 1078 644 1078 351 1078 351 1079 644 1079 643 1079 351 1080 643 1080 188 1080 178 1081 168 1081 655 1081 655 1082 168 1082 652 1082 655 1083 652 1083 656 1083 656 1084 652 1084 653 1084 656 1085 653 1085 657 1085 657 1086 653 1086 654 1086 657 1087 654 1087 641 1087 641 1088 654 1088 642 1088 641 1089 642 1089 356 1089 356 1090 642 1090 354 1090 177 1091 178 1091 658 1091 658 1092 178 1092 655 1092 658 1093 655 1093 659 1093 659 1094 655 1094 656 1094 659 1095 656 1095 660 1095 660 1096 656 1096 657 1096 660 1097 657 1097 640 1097 640 1098 657 1098 641 1098 640 1099 641 1099 360 1099 360 1100 641 1100 358 1100 175 1101 177 1101 639 1101 639 1102 177 1102 658 1102 639 1103 658 1103 638 1103 638 1104 658 1104 659 1104 638 1105 659 1105 637 1105 637 1106 659 1106 660 1106 637 1107 660 1107 636 1107 636 1108 660 1108 640 1108 636 1109 640 1109 337 1109 337 1110 640 1110 362 1110 165 1111 153 1111 661 1111 190 1112 188 1112 643 1112 190 1113 643 1113 662 1113 662 1114 643 1114 645 1114 662 1115 645 1115 663 1115 645 1116 647 1116 663 1116 663 1117 647 1117 651 1117 663 1118 651 1118 661 1118 661 1119 651 1119 650 1119 661 1120 650 1120 165 1120 190 1121 662 1121 664 1121 662 1122 663 1122 665 1122 663 1123 661 1123 666 1123 244 1124 667 1124 246 1124 246 1125 667 1125 668 1125 246 1126 668 1126 248 1126 248 1127 668 1127 666 1127 248 1128 666 1128 247 1128 247 1129 666 1129 661 1129 247 1130 661 1130 153 1130 244 1131 242 1131 667 1131 667 1132 242 1132 241 1132 667 1133 241 1133 669 1133 669 1134 241 1134 237 1134 669 1135 237 1135 670 1135 670 1136 237 1136 239 1136 670 1137 239 1137 671 1137 671 1138 239 1138 240 1138 240 1139 236 1139 671 1139 671 1140 236 1140 234 1140 671 1141 234 1141 672 1141 234 1142 232 1142 672 1142 672 1143 232 1143 231 1143 672 1144 231 1144 673 1144 673 1145 231 1145 227 1145 673 1146 227 1146 674 1146 674 1147 227 1147 229 1147 674 1148 229 1148 675 1148 675 1149 229 1149 230 1149 230 1150 225 1150 675 1150 675 1151 225 1151 224 1151 675 1152 224 1152 676 1152 676 1153 224 1153 220 1153 676 1154 220 1154 677 1154 220 1155 222 1155 677 1155 677 1156 222 1156 223 1156 677 1157 223 1157 678 1157 223 1158 219 1158 678 1158 678 1159 219 1159 217 1159 678 1160 217 1160 679 1160 217 1161 215 1161 679 1161 679 1162 215 1162 214 1162 679 1163 214 1163 680 1163 680 1164 214 1164 210 1164 680 1165 210 1165 681 1165 681 1166 210 1166 212 1166 681 1167 212 1167 682 1167 682 1168 212 1168 213 1168 213 1169 208 1169 682 1169 682 1170 208 1170 116 1170 682 1171 116 1171 683 1171 663 1172 666 1172 665 1172 665 1173 666 1173 668 1173 665 1174 668 1174 684 1174 684 1175 668 1175 667 1175 684 1176 667 1176 685 1176 685 1177 667 1177 669 1177 685 1178 669 1178 686 1178 686 1179 669 1179 670 1179 686 1180 670 1180 687 1180 687 1181 670 1181 671 1181 687 1182 671 1182 688 1182 688 1183 671 1183 672 1183 688 1184 672 1184 689 1184 689 1185 672 1185 673 1185 689 1186 673 1186 690 1186 690 1187 673 1187 674 1187 690 1188 674 1188 691 1188 691 1189 674 1189 675 1189 691 1190 675 1190 692 1190 692 1191 675 1191 676 1191 692 1192 676 1192 693 1192 693 1193 676 1193 677 1193 693 1194 677 1194 694 1194 694 1195 677 1195 678 1195 694 1196 678 1196 695 1196 695 1197 678 1197 679 1197 695 1198 679 1198 696 1198 696 1199 679 1199 680 1199 696 1200 680 1200 697 1200 697 1201 680 1201 681 1201 697 1202 681 1202 698 1202 698 1203 681 1203 682 1203 698 1204 682 1204 699 1204 699 1205 682 1205 683 1205 699 1206 683 1206 700 1206 662 1207 665 1207 664 1207 664 1208 665 1208 684 1208 664 1209 684 1209 701 1209 701 1210 684 1210 685 1210 701 1211 685 1211 702 1211 702 1212 685 1212 686 1212 702 1213 686 1213 703 1213 703 1214 686 1214 687 1214 703 1215 687 1215 704 1215 704 1216 687 1216 688 1216 704 1217 688 1217 705 1217 705 1218 688 1218 689 1218 705 1219 689 1219 706 1219 706 1220 689 1220 690 1220 706 1221 690 1221 707 1221 707 1222 690 1222 691 1222 707 1223 691 1223 708 1223 708 1224 691 1224 692 1224 708 1225 692 1225 709 1225 709 1226 692 1226 693 1226 709 1227 693 1227 710 1227 710 1228 693 1228 694 1228 710 1229 694 1229 711 1229 711 1230 694 1230 695 1230 711 1231 695 1231 712 1231 712 1232 695 1232 696 1232 712 1233 696 1233 713 1233 713 1234 696 1234 697 1234 713 1235 697 1235 714 1235 714 1236 697 1236 698 1236 714 1237 698 1237 715 1237 715 1238 698 1238 699 1238 715 1239 699 1239 716 1239 716 1240 699 1240 700 1240 716 1241 700 1241 717 1241 190 1242 664 1242 191 1242 191 1243 664 1243 701 1243 191 1244 701 1244 192 1244 192 1245 701 1245 702 1245 192 1246 702 1246 199 1246 199 1247 702 1247 703 1247 199 1248 703 1248 200 1248 200 1249 703 1249 704 1249 200 1250 704 1250 194 1250 194 1251 704 1251 705 1251 194 1252 705 1252 195 1252 195 1253 705 1253 706 1253 195 1254 706 1254 196 1254 196 1255 706 1255 707 1255 196 1256 707 1256 197 1256 197 1257 707 1257 708 1257 197 1258 708 1258 198 1258 198 1259 708 1259 709 1259 198 1260 709 1260 193 1260 193 1261 709 1261 710 1261 193 1262 710 1262 201 1262 201 1263 710 1263 711 1263 201 1264 711 1264 202 1264 202 1265 711 1265 712 1265 202 1266 712 1266 206 1266 206 1267 712 1267 713 1267 206 1268 713 1268 207 1268 207 1269 713 1269 714 1269 207 1270 714 1270 203 1270 203 1271 714 1271 715 1271 203 1272 715 1272 204 1272 204 1273 715 1273 716 1273 204 1274 716 1274 205 1274 205 1275 716 1275 717 1275 205 1276 717 1276 189 1276 187 1277 189 1277 717 1277 187 1278 717 1278 718 1278 718 1279 717 1279 700 1279 718 1280 700 1280 719 1280 719 1281 700 1281 683 1281 719 1282 683 1282 720 1282 720 1283 683 1283 116 1283 720 1284 116 1284 115 1284 187 1285 718 1285 721 1285 722 1286 336 1286 363 1286 723 1287 724 1287 725 1287 725 1288 724 1288 726 1288 727 1289 728 1289 723 1289 728 1290 727 1290 150 1290 726 1291 722 1291 729 1291 729 1292 722 1292 363 1292 729 1293 363 1293 730 1293 363 1294 364 1294 730 1294 730 1295 364 1295 361 1295 730 1296 361 1296 731 1296 731 1297 361 1297 359 1297 359 1298 357 1298 731 1298 731 1299 357 1299 355 1299 731 1300 355 1300 721 1300 721 1301 355 1301 352 1301 721 1302 352 1302 187 1302 726 1303 729 1303 725 1303 725 1304 729 1304 730 1304 725 1305 730 1305 732 1305 732 1306 730 1306 731 1306 732 1307 731 1307 733 1307 733 1308 731 1308 721 1308 733 1309 721 1309 734 1309 734 1310 721 1310 718 1310 734 1311 718 1311 719 1311 723 1312 725 1312 727 1312 727 1313 725 1313 732 1313 727 1314 732 1314 735 1314 735 1315 732 1315 733 1315 735 1316 733 1316 736 1316 736 1317 733 1317 734 1317 736 1318 734 1318 737 1318 737 1319 734 1319 719 1319 737 1320 719 1320 720 1320 150 1321 727 1321 129 1321 129 1322 727 1322 735 1322 129 1323 735 1323 130 1323 130 1324 735 1324 736 1324 130 1325 736 1325 132 1325 132 1326 736 1326 737 1326 132 1327 737 1327 134 1327 134 1328 737 1328 720 1328 134 1329 720 1329 115 1329 334 1330 336 1330 738 1330 738 1331 336 1331 722 1331 738 1332 722 1332 739 1332 739 1333 722 1333 726 1333 739 1334 726 1334 740 1334 740 1335 726 1335 724 1335 740 1336 724 1336 741 1336 741 1337 724 1337 723 1337 741 1338 723 1338 742 1338 742 1339 723 1339 728 1339 742 1340 728 1340 149 1340 149 1341 728 1341 150 1341 739 1342 740 1342 743 1342 741 1343 742 1343 744 1343 742 1344 149 1344 148 1344 741 1345 744 1345 740 1345 384 1346 334 1346 745 1346 745 1347 334 1347 738 1347 745 1348 738 1348 739 1348 742 1349 148 1349 744 1349 744 1350 148 1350 147 1350 744 1351 147 1351 746 1351 746 1352 147 1352 145 1352 746 1353 145 1353 747 1353 747 1354 145 1354 143 1354 747 1355 143 1355 748 1355 748 1356 143 1356 141 1356 748 1357 141 1357 749 1357 740 1358 744 1358 743 1358 743 1359 744 1359 746 1359 743 1360 746 1360 750 1360 750 1361 746 1361 747 1361 750 1362 747 1362 751 1362 751 1363 747 1363 748 1363 751 1364 748 1364 752 1364 752 1365 748 1365 749 1365 752 1366 749 1366 753 1366 739 1367 743 1367 745 1367 745 1368 743 1368 750 1368 745 1369 750 1369 754 1369 754 1370 750 1370 751 1370 754 1371 751 1371 755 1371 755 1372 751 1372 752 1372 755 1373 752 1373 756 1373 756 1374 752 1374 753 1374 756 1375 753 1375 757 1375 384 1376 745 1376 382 1376 382 1377 745 1377 754 1377 382 1378 754 1378 380 1378 380 1379 754 1379 755 1379 380 1380 755 1380 377 1380 377 1381 755 1381 756 1381 377 1382 756 1382 386 1382 386 1383 756 1383 757 1383 386 1384 757 1384 312 1384 307 1385 312 1385 757 1385 307 1386 757 1386 758 1386 758 1387 757 1387 753 1387 758 1388 753 1388 759 1388 759 1389 753 1389 749 1389 759 1390 749 1390 760 1390 760 1391 749 1391 141 1391 760 1392 141 1392 85 1392 81 1393 79 1393 761 1393 65 1394 63 1394 762 1394 762 1395 763 1395 764 1395 763 1396 765 1396 766 1396 765 1397 316 1397 315 1397 765 1398 315 1398 766 1398 766 1399 315 1399 321 1399 766 1400 321 1400 767 1400 767 1401 321 1401 322 1401 767 1402 322 1402 768 1402 768 1403 322 1403 323 1403 768 1404 323 1404 769 1404 769 1405 323 1405 310 1405 769 1406 310 1406 770 1406 763 1407 766 1407 764 1407 764 1408 766 1408 767 1408 764 1409 767 1409 771 1409 771 1410 767 1410 768 1410 771 1411 768 1411 772 1411 772 1412 768 1412 769 1412 772 1413 769 1413 773 1413 773 1414 769 1414 770 1414 773 1415 770 1415 774 1415 762 1416 764 1416 775 1416 775 1417 764 1417 771 1417 775 1418 771 1418 776 1418 776 1419 771 1419 772 1419 776 1420 772 1420 777 1420 777 1421 772 1421 773 1421 777 1422 773 1422 778 1422 778 1423 773 1423 774 1423 778 1424 774 1424 761 1424 318 1425 316 1425 779 1425 779 1426 316 1426 765 1426 779 1427 765 1427 780 1427 780 1428 765 1428 763 1428 780 1429 763 1429 781 1429 781 1430 763 1430 762 1430 781 1431 762 1431 47 1431 47 1432 762 1432 63 1432 65 1433 762 1433 67 1433 67 1434 762 1434 775 1434 67 1435 775 1435 69 1435 69 1436 775 1436 776 1436 69 1437 776 1437 71 1437 71 1438 776 1438 777 1438 71 1439 777 1439 73 1439 73 1440 777 1440 778 1440 73 1441 778 1441 75 1441 761 1442 79 1442 778 1442 778 1443 79 1443 77 1443 778 1444 77 1444 75 1444 83 1445 81 1445 782 1445 782 1446 81 1446 761 1446 782 1447 761 1447 783 1447 783 1448 761 1448 774 1448 783 1449 774 1449 784 1449 784 1450 774 1450 770 1450 784 1451 770 1451 308 1451 308 1452 770 1452 310 1452 308 1453 307 1453 784 1453 784 1454 307 1454 758 1454 784 1455 758 1455 783 1455 783 1456 758 1456 759 1456 783 1457 759 1457 782 1457 782 1458 759 1458 760 1458 782 1459 760 1459 83 1459 83 1460 760 1460 85 1460 785 1461 786 1461 779 1461 779 1462 786 1462 319 1462 779 1463 319 1463 318 1463 785 1464 779 1464 787 1464 787 1465 779 1465 780 1465 787 1466 780 1466 788 1466 788 1467 780 1467 781 1467 788 1468 781 1468 789 1468 789 1469 781 1469 47 1469 789 1470 47 1470 46 1470 136 1471 151 1471 167 1471 136 1472 167 1472 135 1472 135 1473 167 1473 169 1473 135 1474 169 1474 133 1474 133 1475 169 1475 176 1475 133 1476 176 1476 131 1476 131 1477 176 1477 170 1477 131 1478 170 1478 139 1478 122 1479 162 1479 154 1479 122 1480 154 1480 120 1480 120 1481 154 1481 156 1481 120 1482 156 1482 118 1482 118 1483 156 1483 158 1483 118 1484 158 1484 126 1484 126 1485 158 1485 160 1485 126 1486 160 1486 124 1486 790 1487 791 1487 50 1487 50 1488 791 1488 52 1488 52 1489 791 1489 54 1489 54 1490 791 1490 792 1490 54 1491 792 1491 56 1491 785 1492 787 1492 793 1492 793 1493 787 1493 788 1493 56 1494 792 1494 48 1494 48 1495 792 1495 794 1495 48 1496 794 1496 45 1496 45 1497 794 1497 793 1497 45 1498 793 1498 46 1498 46 1499 793 1499 788 1499 46 1500 788 1500 789 1500 795 1501 796 1501 325 1501 325 1502 324 1502 795 1502 795 1503 324 1503 317 1503 795 1504 317 1504 794 1504 794 1505 317 1505 319 1505 794 1506 319 1506 793 1506 793 1507 319 1507 786 1507 793 1508 786 1508 785 1508 332 1509 331 1509 797 1509 797 1510 331 1510 330 1510 797 1511 330 1511 796 1511 796 1512 330 1512 329 1512 796 1513 329 1513 325 1513 798 1514 799 1514 106 1514 106 1515 105 1515 798 1515 798 1516 105 1516 89 1516 798 1517 89 1517 88 1517 800 1518 113 1518 801 1518 801 1519 113 1519 111 1519 801 1520 111 1520 799 1520 799 1521 111 1521 109 1521 799 1522 109 1522 106 1522 332 1523 802 1523 333 1523 333 1524 802 1524 326 1524 326 1525 802 1525 327 1525 327 1526 802 1526 803 1526 327 1527 803 1527 328 1527 328 1528 803 1528 320 1528 320 1529 803 1529 804 1529 320 1530 804 1530 304 1530 594 1531 805 1531 591 1531 591 1532 805 1532 87 1532 805 1533 596 1533 602 1533 602 1534 601 1534 805 1534 805 1535 601 1535 600 1535 805 1536 600 1536 305 1536 598 1537 596 1537 599 1537 599 1538 596 1538 805 1538 599 1539 805 1539 593 1539 593 1540 805 1540 594 1540 304 1541 804 1541 305 1541 305 1542 804 1542 798 1542 305 1543 798 1543 805 1543 805 1544 798 1544 88 1544 805 1545 88 1545 87 1545 585 1546 587 1546 806 1546 806 1547 587 1547 588 1547 807 1548 808 1548 57 1548 57 1549 58 1549 807 1549 807 1550 58 1550 59 1550 807 1551 59 1551 809 1551 809 1552 59 1552 61 1552 809 1553 61 1553 806 1553 806 1554 61 1554 586 1554 806 1555 586 1555 585 1555 810 1556 51 1556 811 1556 811 1557 51 1557 53 1557 811 1558 53 1558 808 1558 808 1559 53 1559 55 1559 808 1560 55 1560 57 1560 298 1561 812 1561 299 1561 299 1562 812 1562 292 1562 292 1563 812 1563 293 1563 293 1564 812 1564 813 1564 293 1565 813 1565 294 1565 294 1566 813 1566 278 1566 278 1567 813 1567 809 1567 278 1568 809 1568 279 1568 279 1569 809 1569 806 1569 279 1570 806 1570 285 1570 285 1571 806 1571 588 1571 285 1572 588 1572 589 1572 112 1573 800 1573 814 1573 92 1574 90 1574 815 1574 815 1575 90 1575 104 1575 815 1576 104 1576 816 1576 395 1577 394 1577 817 1577 818 1578 289 1578 281 1578 394 1579 400 1579 817 1579 817 1580 400 1580 399 1580 817 1581 399 1581 397 1581 397 1582 396 1582 817 1582 817 1583 396 1583 401 1583 817 1584 401 1584 93 1584 392 1585 390 1585 817 1585 817 1586 390 1586 389 1586 817 1587 389 1587 395 1587 92 1588 815 1588 93 1588 93 1589 815 1589 818 1589 93 1590 818 1590 817 1590 817 1591 818 1591 281 1591 817 1592 281 1592 392 1592 819 1593 291 1593 818 1593 818 1594 291 1594 290 1594 818 1595 290 1595 289 1595 298 1596 297 1596 820 1596 820 1597 297 1597 296 1597 820 1598 296 1598 819 1598 819 1599 296 1599 295 1599 819 1600 295 1600 291 1600 104 1601 107 1601 816 1601 816 1602 107 1602 108 1602 816 1603 108 1603 814 1603 814 1604 108 1604 110 1604 814 1605 110 1605 112 1605 821 1606 822 1606 823 1606 823 1607 822 1607 824 1607 823 1608 824 1608 825 1608 825 1609 824 1609 826 1609 825 1610 826 1610 827 1610 827 1611 826 1611 828 1611 827 1612 828 1612 829 1612 829 1613 828 1613 830 1613 829 1614 830 1614 831 1614 831 1615 830 1615 832 1615 831 1616 832 1616 833 1616 833 1617 832 1617 834 1617 833 1618 834 1618 835 1618 835 1619 834 1619 836 1619 835 1620 836 1620 837 1620 837 1621 836 1621 838 1621 837 1622 838 1622 839 1622 839 1623 838 1623 840 1623 839 1624 840 1624 841 1624 841 1625 840 1625 842 1625 841 1626 842 1626 843 1626 843 1627 842 1627 844 1627 843 1628 844 1628 845 1628 845 1629 844 1629 846 1629 845 1630 846 1630 847 1630 847 1631 846 1631 848 1631 847 1632 848 1632 849 1632 849 1633 848 1633 850 1633 849 1634 850 1634 851 1634 851 1635 850 1635 852 1635 851 1636 852 1636 853 1636 853 1637 852 1637 854 1637 853 1638 854 1638 855 1638 855 1639 854 1639 856 1639 855 1640 856 1640 857 1640 857 1641 856 1641 858 1641 857 1642 858 1642 859 1642 859 1643 858 1643 860 1643 859 1644 860 1644 861 1644 861 1645 860 1645 862 1645 861 1646 862 1646 863 1646 863 1647 862 1647 864 1647 863 1648 864 1648 865 1648 865 1649 864 1649 866 1649 865 1650 866 1650 867 1650 867 1651 866 1651 868 1651 867 1652 868 1652 869 1652 869 1653 868 1653 870 1653 869 1654 870 1654 871 1654 871 1655 870 1655 872 1655 871 1656 872 1656 873 1656 873 1657 872 1657 874 1657 873 1658 874 1658 875 1658 875 1659 874 1659 876 1659 875 1660 876 1660 877 1660 877 1661 876 1661 878 1661 877 1662 878 1662 879 1662 879 1663 878 1663 880 1663 879 1664 880 1664 881 1664 881 1665 880 1665 882 1665 881 1666 882 1666 883 1666 883 1667 882 1667 884 1667 883 1668 884 1668 885 1668 885 1669 884 1669 886 1669 885 1670 886 1670 887 1670 887 1671 886 1671 888 1671 887 1672 888 1672 889 1672 889 1673 888 1673 890 1673 889 1674 890 1674 891 1674 891 1675 890 1675 892 1675 891 1676 892 1676 893 1676 893 1677 892 1677 894 1677 893 1678 894 1678 895 1678 895 1679 894 1679 896 1679 895 1680 896 1680 897 1680 897 1681 896 1681 898 1681 897 1682 898 1682 899 1682 899 1683 898 1683 900 1683 899 1684 900 1684 901 1684 901 1685 900 1685 902 1685 901 1686 902 1686 903 1686 903 1687 902 1687 904 1687 903 1688 904 1688 905 1688 905 1689 904 1689 906 1689 905 1690 906 1690 907 1690 907 1691 906 1691 908 1691 907 1692 908 1692 909 1692 909 1693 908 1693 910 1693 909 1694 910 1694 911 1694 911 1695 910 1695 912 1695 911 1696 912 1696 913 1696 913 1697 912 1697 914 1697 913 1698 914 1698 915 1698 915 1699 914 1699 916 1699 915 1700 916 1700 917 1700 917 1701 916 1701 918 1701 917 1702 918 1702 919 1702 919 1703 918 1703 920 1703 919 1704 920 1704 921 1704 921 1705 920 1705 922 1705 921 1706 922 1706 923 1706 923 1707 922 1707 924 1707 923 1708 924 1708 925 1708 925 1709 924 1709 926 1709 925 1710 926 1710 927 1710 927 1711 926 1711 928 1711 927 1712 928 1712 929 1712 929 1713 928 1713 930 1713 929 1714 930 1714 931 1714 931 1715 930 1715 932 1715 931 1716 932 1716 933 1716 933 1717 932 1717 934 1717 933 1718 934 1718 935 1718 935 1719 934 1719 936 1719 935 1720 936 1720 937 1720 937 1721 936 1721 938 1721 937 1722 938 1722 939 1722 939 1723 938 1723 940 1723 939 1724 940 1724 941 1724 941 1725 940 1725 942 1725 941 1726 942 1726 943 1726 943 1727 942 1727 944 1727 943 1728 944 1728 945 1728 945 1729 944 1729 946 1729 945 1730 946 1730 947 1730 947 1731 946 1731 948 1731 947 1732 948 1732 949 1732 949 1733 948 1733 950 1733 949 1734 950 1734 951 1734 951 1735 950 1735 952 1735 951 1736 952 1736 953 1736 953 1737 952 1737 954 1737 953 1738 954 1738 955 1738 955 1739 954 1739 956 1739 955 1740 956 1740 957 1740 957 1741 956 1741 958 1741 957 1742 958 1742 959 1742 959 1743 958 1743 960 1743 959 1744 960 1744 961 1744 961 1745 960 1745 962 1745 961 1746 962 1746 963 1746 963 1747 962 1747 964 1747 963 1748 964 1748 965 1748 965 1749 964 1749 966 1749 965 1750 966 1750 967 1750 967 1751 966 1751 968 1751 967 1752 968 1752 969 1752 969 1753 968 1753 970 1753 969 1754 970 1754 971 1754 971 1755 970 1755 972 1755 971 1756 972 1756 973 1756 973 1757 972 1757 974 1757 973 1758 974 1758 975 1758 975 1759 974 1759 976 1759 975 1760 976 1760 977 1760 977 1761 976 1761 978 1761 977 1762 978 1762 979 1762 979 1763 978 1763 980 1763 979 1764 980 1764 981 1764 981 1765 980 1765 982 1765 981 1766 982 1766 983 1766 983 1767 982 1767 984 1767 983 1768 984 1768 985 1768 985 1769 984 1769 986 1769 985 1770 986 1770 987 1770 987 1771 986 1771 988 1771 987 1772 988 1772 821 1772 821 1773 988 1773 822 1773 989 1774 990 1774 991 1774 991 1775 990 1775 992 1775 991 1776 992 1776 993 1776 994 1777 995 1777 991 1777 991 1778 995 1778 996 1778 991 1779 996 1779 989 1779 997 1780 998 1780 991 1780 991 1781 998 1781 999 1781 991 1782 999 1782 994 1782 1000 1783 1001 1783 991 1783 991 1784 1001 1784 1002 1784 991 1785 1002 1785 997 1785 1003 1786 1004 1786 991 1786 991 1787 1004 1787 1005 1787 991 1788 1005 1788 1000 1788 1006 1789 1007 1789 991 1789 991 1790 1007 1790 1008 1790 991 1791 1008 1791 1003 1791 1009 1792 1010 1792 991 1792 991 1793 1010 1793 1011 1793 991 1794 1011 1794 1006 1794 1012 1795 1013 1795 991 1795 991 1796 1013 1796 1014 1796 991 1797 1014 1797 1009 1797 1015 1798 1016 1798 991 1798 991 1799 1016 1799 1017 1799 991 1800 1017 1800 1012 1800 1018 1801 1019 1801 991 1801 991 1802 1019 1802 1020 1802 991 1803 1020 1803 1015 1803 1021 1804 1022 1804 991 1804 991 1805 1022 1805 1023 1805 991 1806 1023 1806 1018 1806 1024 1807 1025 1807 991 1807 991 1808 1025 1808 1026 1808 991 1809 1026 1809 1021 1809 1027 1810 1028 1810 991 1810 991 1811 1028 1811 1029 1811 991 1812 1029 1812 1024 1812 1030 1813 1031 1813 991 1813 991 1814 1031 1814 1032 1814 991 1815 1032 1815 1027 1815 1033 1816 1034 1816 991 1816 991 1817 1034 1817 1035 1817 991 1818 1035 1818 1030 1818 1036 1819 1037 1819 991 1819 991 1820 1037 1820 1038 1820 991 1821 1038 1821 1033 1821 993 1822 1039 1822 991 1822 991 1823 1039 1823 1040 1823 991 1824 1040 1824 1036 1824 820 1825 1041 1825 298 1825 298 1826 1041 1826 1042 1826 298 1827 1042 1827 812 1827 819 1828 1043 1828 820 1828 820 1829 1043 1829 1044 1829 820 1830 1044 1830 1041 1830 818 1831 1045 1831 819 1831 819 1832 1045 1832 1046 1832 819 1833 1046 1833 1043 1833 815 1834 1047 1834 818 1834 818 1835 1047 1835 1048 1835 818 1836 1048 1836 1045 1836 816 1837 1049 1837 815 1837 815 1838 1049 1838 1050 1838 815 1839 1050 1839 1047 1839 799 1840 798 1840 1051 1840 800 1841 1052 1841 814 1841 814 1842 1052 1842 1053 1842 814 1843 1053 1843 816 1843 816 1844 1053 1844 1054 1844 816 1845 1054 1845 1049 1845 801 1846 1055 1846 800 1846 800 1847 1055 1847 1056 1847 800 1848 1056 1848 1052 1848 1051 1849 1057 1849 799 1849 799 1850 1057 1850 1058 1850 799 1851 1058 1851 801 1851 801 1852 1058 1852 1059 1852 801 1853 1059 1853 1055 1853 804 1854 1060 1854 798 1854 798 1855 1060 1855 1061 1855 798 1856 1061 1856 1051 1856 802 1857 1062 1857 803 1857 803 1858 1062 1858 1063 1858 803 1859 1063 1859 804 1859 804 1860 1063 1860 1064 1860 804 1861 1064 1861 1060 1861 794 1862 1065 1862 795 1862 795 1863 1065 1863 1066 1863 795 1864 1066 1864 796 1864 332 1865 1067 1865 802 1865 802 1866 1067 1866 1068 1866 802 1867 1068 1867 1062 1867 1066 1868 1069 1868 796 1868 796 1869 1069 1869 1070 1869 796 1870 1070 1870 797 1870 792 1871 1071 1871 794 1871 794 1872 1071 1872 1072 1872 794 1873 1072 1873 1065 1873 1070 1874 1073 1874 797 1874 797 1875 1073 1875 1074 1875 797 1876 1074 1876 332 1876 332 1877 1074 1877 1075 1877 332 1878 1075 1878 1067 1878 807 1879 1076 1879 808 1879 808 1880 1076 1880 1077 1880 808 1881 1077 1881 811 1881 791 1882 1078 1882 792 1882 792 1883 1078 1883 1079 1883 792 1884 1079 1884 1071 1884 809 1885 1080 1885 807 1885 807 1886 1080 1886 1081 1886 807 1887 1081 1887 1076 1887 813 1888 1082 1888 809 1888 809 1889 1082 1889 1083 1889 809 1890 1083 1890 1080 1890 1042 1891 1084 1891 812 1891 812 1892 1084 1892 1085 1892 812 1893 1085 1893 813 1893 813 1894 1085 1894 1086 1894 813 1895 1086 1895 1082 1895 810 1896 1087 1896 791 1896 791 1897 1087 1897 1088 1897 791 1898 1088 1898 1078 1898 1077 1899 1089 1899 811 1899 811 1900 1089 1900 1090 1900 811 1901 1090 1901 810 1901 810 1902 1090 1902 1091 1902 810 1903 1091 1903 1087 1903 900 1904 1092 1904 1093 1904 900 1905 898 1905 1092 1905 1092 1906 898 1906 896 1906 1092 1907 896 1907 1094 1907 1094 1908 896 1908 894 1908 1094 1909 894 1909 1095 1909 1095 1910 894 1910 892 1910 1095 1911 892 1911 1096 1911 1096 1912 892 1912 890 1912 890 1913 888 1913 1096 1913 1096 1914 888 1914 886 1914 1096 1915 886 1915 1097 1915 1097 1916 886 1916 884 1916 1097 1917 884 1917 1098 1917 884 1918 882 1918 1098 1918 1098 1919 882 1919 880 1919 1098 1920 880 1920 1099 1920 880 1921 878 1921 1099 1921 1099 1922 878 1922 876 1922 1099 1923 876 1923 1100 1923 876 1924 874 1924 1100 1924 1100 1925 874 1925 872 1925 1100 1926 872 1926 1101 1926 1101 1927 872 1927 870 1927 1101 1928 870 1928 1102 1928 1102 1929 870 1929 868 1929 1102 1930 868 1930 1103 1930 1103 1931 868 1931 866 1931 866 1932 864 1932 1103 1932 1103 1933 864 1933 862 1933 1103 1934 862 1934 1104 1934 1104 1935 862 1935 860 1935 1104 1936 860 1936 1105 1936 1105 1937 860 1937 858 1937 1105 1938 858 1938 1106 1938 1106 1939 858 1939 856 1939 856 1940 854 1940 1106 1940 1106 1941 854 1941 852 1941 1106 1942 852 1942 1107 1942 1107 1943 852 1943 850 1943 1107 1944 850 1944 1108 1944 1108 1945 850 1945 848 1945 1108 1946 848 1946 1109 1946 848 1947 846 1947 1109 1947 1109 1948 846 1948 844 1948 1109 1949 844 1949 1110 1949 844 1950 842 1950 1110 1950 1110 1951 842 1951 840 1951 1110 1952 840 1952 1111 1952 1111 1953 840 1953 838 1953 1111 1954 838 1954 1112 1954 1112 1955 838 1955 836 1955 1112 1956 836 1956 1113 1956 1113 1957 836 1957 834 1957 834 1958 832 1958 1113 1958 1113 1959 832 1959 830 1959 1113 1960 830 1960 1114 1960 1114 1961 830 1961 828 1961 1114 1962 828 1962 1115 1962 1115 1963 828 1963 826 1963 1115 1964 826 1964 1116 1964 1116 1965 826 1965 824 1965 824 1966 822 1966 1116 1966 1116 1967 822 1967 988 1967 1116 1968 988 1968 1117 1968 988 1969 986 1969 1117 1969 1117 1970 986 1970 984 1970 1117 1971 984 1971 1118 1971 1118 1972 984 1972 982 1972 1118 1973 982 1973 1119 1973 1119 1974 982 1974 980 1974 1119 1975 980 1975 1120 1975 1120 1976 980 1976 978 1976 978 1977 976 1977 1120 1977 1120 1978 976 1978 974 1978 1120 1979 974 1979 1121 1979 1121 1980 974 1980 972 1980 1121 1981 972 1981 1122 1981 1122 1982 972 1982 970 1982 1122 1983 970 1983 1123 1983 1123 1984 970 1984 968 1984 968 1985 966 1985 1123 1985 1123 1986 966 1986 964 1986 1123 1987 964 1987 1124 1987 1124 1988 964 1988 962 1988 1124 1989 962 1989 1125 1989 1125 1990 962 1990 960 1990 1125 1991 960 1991 1126 1991 960 1992 958 1992 1126 1992 1126 1993 958 1993 956 1993 1126 1994 956 1994 1127 1994 956 1995 954 1995 1127 1995 1127 1996 954 1996 952 1996 1127 1997 952 1997 1128 1997 1128 1998 952 1998 950 1998 1128 1999 950 1999 1129 1999 1129 2000 950 2000 948 2000 1129 2001 948 2001 1130 2001 1130 2002 948 2002 946 2002 946 2003 944 2003 1130 2003 1130 2004 944 2004 942 2004 1130 2005 942 2005 1131 2005 1131 2006 942 2006 940 2006 1131 2007 940 2007 1132 2007 1132 2008 940 2008 938 2008 1132 2009 938 2009 1133 2009 1133 2010 938 2010 936 2010 936 2011 934 2011 1133 2011 1133 2012 934 2012 932 2012 1133 2013 932 2013 1134 2013 932 2014 930 2014 1134 2014 1134 2015 930 2015 928 2015 1134 2016 928 2016 1135 2016 1135 2017 928 2017 926 2017 1135 2018 926 2018 1136 2018 1136 2019 926 2019 924 2019 1136 2020 924 2020 1137 2020 1137 2021 924 2021 922 2021 922 2022 920 2022 1137 2022 1137 2023 920 2023 918 2023 1137 2024 918 2024 1138 2024 1138 2025 918 2025 916 2025 1138 2026 916 2026 1139 2026 1139 2027 916 2027 914 2027 1139 2028 914 2028 1140 2028 1140 2029 914 2029 912 2029 912 2030 910 2030 1140 2030 1140 2031 910 2031 908 2031 1140 2032 908 2032 1141 2032 1141 2033 908 2033 906 2033 1141 2034 906 2034 1142 2034 1142 2035 906 2035 904 2035 1142 2036 904 2036 1093 2036 1093 2037 904 2037 902 2037 1093 2038 902 2038 900 2038 1141 2039 1143 2039 1140 2039 1140 2040 1143 2040 1144 2040 1140 2041 1144 2041 1139 2041 1139 2042 1144 2042 1145 2042 1139 2043 1145 2043 1138 2043 1138 2044 1145 2044 1146 2044 1138 2045 1146 2045 1137 2045 1137 2046 1146 2046 1147 2046 1137 2047 1147 2047 1136 2047 1136 2048 1147 2048 1148 2048 1136 2049 1148 2049 1135 2049 1135 2050 1148 2050 1149 2050 1135 2051 1149 2051 1134 2051 1134 2052 1149 2052 1150 2052 1134 2053 1150 2053 1133 2053 1133 2054 1150 2054 1151 2054 1133 2055 1151 2055 1132 2055 1132 2056 1151 2056 1152 2056 1132 2057 1152 2057 1131 2057 1131 2058 1152 2058 1153 2058 1131 2059 1153 2059 1130 2059 1130 2060 1153 2060 1154 2060 1130 2061 1154 2061 1129 2061 1129 2062 1154 2062 1155 2062 1129 2063 1155 2063 1128 2063 1128 2064 1155 2064 1156 2064 1128 2065 1156 2065 1127 2065 1127 2066 1156 2066 1157 2066 1127 2067 1157 2067 1126 2067 1126 2068 1157 2068 1158 2068 1126 2069 1158 2069 1125 2069 1125 2070 1158 2070 1159 2070 1125 2071 1159 2071 1124 2071 1124 2072 1159 2072 1160 2072 1124 2073 1160 2073 1123 2073 1123 2074 1160 2074 1161 2074 1123 2075 1161 2075 1122 2075 1122 2076 1161 2076 1162 2076 1122 2077 1162 2077 1121 2077 1121 2078 1162 2078 1163 2078 1121 2079 1163 2079 1120 2079 1120 2080 1163 2080 1164 2080 1120 2081 1164 2081 1119 2081 1119 2082 1164 2082 1165 2082 1119 2083 1165 2083 1118 2083 1118 2084 1165 2084 1166 2084 1118 2085 1166 2085 1117 2085 1117 2086 1166 2086 1167 2086 1117 2087 1167 2087 1116 2087 1116 2088 1167 2088 1168 2088 1116 2089 1168 2089 1115 2089 1115 2090 1168 2090 1169 2090 1115 2091 1169 2091 1114 2091 1114 2092 1169 2092 1170 2092 1114 2093 1170 2093 1113 2093 1113 2094 1170 2094 1171 2094 1113 2095 1171 2095 1112 2095 1112 2096 1171 2096 1172 2096 1112 2097 1172 2097 1111 2097 1111 2098 1172 2098 1173 2098 1111 2099 1173 2099 1110 2099 1110 2100 1173 2100 1174 2100 1110 2101 1174 2101 1109 2101 1109 2102 1174 2102 1175 2102 1109 2103 1175 2103 1108 2103 1108 2104 1175 2104 1176 2104 1108 2105 1176 2105 1107 2105 1107 2106 1176 2106 1177 2106 1107 2107 1177 2107 1106 2107 1106 2108 1177 2108 1178 2108 1106 2109 1178 2109 1105 2109 1105 2110 1178 2110 1179 2110 1105 2111 1179 2111 1104 2111 1104 2112 1179 2112 1180 2112 1104 2113 1180 2113 1103 2113 1103 2114 1180 2114 1181 2114 1103 2115 1181 2115 1102 2115 1102 2116 1181 2116 1182 2116 1102 2117 1182 2117 1101 2117 1101 2118 1182 2118 1183 2118 1101 2119 1183 2119 1100 2119 1100 2120 1183 2120 1184 2120 1100 2121 1184 2121 1099 2121 1099 2122 1184 2122 1185 2122 1099 2123 1185 2123 1098 2123 1098 2124 1185 2124 1186 2124 1098 2125 1186 2125 1097 2125 1097 2126 1186 2126 1187 2126 1097 2127 1187 2127 1096 2127 1096 2128 1187 2128 1188 2128 1096 2129 1188 2129 1095 2129 1095 2130 1188 2130 1189 2130 1095 2131 1189 2131 1094 2131 1094 2132 1189 2132 1190 2132 1094 2133 1190 2133 1092 2133 1092 2134 1190 2134 1191 2134 1092 2135 1191 2135 1093 2135 1093 2136 1191 2136 1192 2136 1093 2137 1192 2137 1142 2137 1142 2138 1192 2138 1193 2138 1142 2139 1193 2139 1141 2139 1141 2140 1193 2140 1143 2140 1193 2141 1194 2141 1143 2141 1143 2142 1194 2142 1195 2142 1143 2143 1195 2143 1144 2143 1144 2144 1195 2144 1196 2144 1144 2145 1196 2145 1145 2145 1145 2146 1196 2146 1197 2146 1145 2147 1197 2147 1146 2147 1146 2148 1197 2148 1198 2148 1146 2149 1198 2149 1147 2149 1147 2150 1198 2150 1199 2150 1147 2151 1199 2151 1148 2151 1148 2152 1199 2152 1200 2152 1148 2153 1200 2153 1149 2153 1149 2154 1200 2154 1201 2154 1149 2155 1201 2155 1150 2155 1150 2156 1201 2156 1202 2156 1150 2157 1202 2157 1151 2157 1151 2158 1202 2158 1203 2158 1151 2159 1203 2159 1152 2159 1152 2160 1203 2160 1204 2160 1152 2161 1204 2161 1153 2161 1153 2162 1204 2162 1205 2162 1153 2163 1205 2163 1154 2163 1154 2164 1205 2164 1206 2164 1154 2165 1206 2165 1155 2165 1155 2166 1206 2166 1207 2166 1155 2167 1207 2167 1156 2167 1156 2168 1207 2168 1208 2168 1156 2169 1208 2169 1157 2169 1157 2170 1208 2170 1209 2170 1157 2171 1209 2171 1158 2171 1158 2172 1209 2172 1210 2172 1158 2173 1210 2173 1159 2173 1159 2174 1210 2174 1211 2174 1159 2175 1211 2175 1160 2175 1160 2176 1211 2176 1212 2176 1160 2177 1212 2177 1161 2177 1161 2178 1212 2178 1213 2178 1161 2179 1213 2179 1162 2179 1162 2180 1213 2180 1214 2180 1162 2181 1214 2181 1163 2181 1163 2182 1214 2182 1215 2182 1163 2183 1215 2183 1164 2183 1164 2184 1215 2184 1216 2184 1164 2185 1216 2185 1165 2185 1165 2186 1216 2186 1217 2186 1165 2187 1217 2187 1166 2187 1166 2188 1217 2188 1218 2188 1166 2189 1218 2189 1167 2189 1167 2190 1218 2190 1219 2190 1167 2191 1219 2191 1168 2191 1168 2192 1219 2192 1220 2192 1168 2193 1220 2193 1169 2193 1169 2194 1220 2194 1221 2194 1169 2195 1221 2195 1170 2195 1170 2196 1221 2196 1222 2196 1170 2197 1222 2197 1171 2197 1171 2198 1222 2198 1223 2198 1171 2199 1223 2199 1172 2199 1172 2200 1223 2200 1224 2200 1172 2201 1224 2201 1173 2201 1173 2202 1224 2202 1225 2202 1173 2203 1225 2203 1174 2203 1174 2204 1225 2204 1226 2204 1174 2205 1226 2205 1175 2205 1175 2206 1226 2206 1227 2206 1175 2207 1227 2207 1176 2207 1176 2208 1227 2208 1228 2208 1176 2209 1228 2209 1177 2209 1177 2210 1228 2210 1229 2210 1177 2211 1229 2211 1178 2211 1178 2212 1229 2212 1230 2212 1178 2213 1230 2213 1179 2213 1179 2214 1230 2214 1231 2214 1179 2215 1231 2215 1180 2215 1180 2216 1231 2216 1232 2216 1180 2217 1232 2217 1181 2217 1181 2218 1232 2218 1233 2218 1181 2219 1233 2219 1182 2219 1182 2220 1233 2220 1234 2220 1182 2221 1234 2221 1183 2221 1183 2222 1234 2222 1235 2222 1183 2223 1235 2223 1184 2223 1184 2224 1235 2224 1236 2224 1184 2225 1236 2225 1185 2225 1185 2226 1236 2226 1237 2226 1185 2227 1237 2227 1186 2227 1186 2228 1237 2228 1238 2228 1186 2229 1238 2229 1187 2229 1187 2230 1238 2230 1239 2230 1187 2231 1239 2231 1188 2231 1188 2232 1239 2232 1240 2232 1188 2233 1240 2233 1189 2233 1189 2234 1240 2234 1241 2234 1189 2235 1241 2235 1190 2235 1190 2236 1241 2236 1242 2236 1190 2237 1242 2237 1191 2237 1191 2238 1242 2238 1243 2238 1191 2239 1243 2239 1192 2239 1192 2240 1243 2240 1244 2240 1192 2241 1244 2241 1193 2241 1193 2242 1244 2242 1194 2242 1244 2243 1245 2243 1194 2243 1194 2244 1245 2244 1246 2244 1194 2245 1246 2245 1195 2245 1195 2246 1246 2246 1247 2246 1195 2247 1247 2247 1196 2247 1196 2248 1247 2248 1248 2248 1196 2249 1248 2249 1197 2249 1197 2250 1248 2250 1249 2250 1197 2251 1249 2251 1198 2251 1198 2252 1249 2252 1250 2252 1198 2253 1250 2253 1199 2253 1199 2254 1250 2254 1251 2254 1199 2255 1251 2255 1200 2255 1200 2256 1251 2256 1252 2256 1200 2257 1252 2257 1201 2257 1201 2258 1252 2258 1253 2258 1201 2259 1253 2259 1202 2259 1202 2260 1253 2260 1254 2260 1202 2261 1254 2261 1203 2261 1203 2262 1254 2262 1255 2262 1203 2263 1255 2263 1204 2263 1204 2264 1255 2264 1256 2264 1204 2265 1256 2265 1205 2265 1205 2266 1256 2266 1257 2266 1205 2267 1257 2267 1206 2267 1206 2268 1257 2268 1258 2268 1206 2269 1258 2269 1207 2269 1207 2270 1258 2270 1259 2270 1207 2271 1259 2271 1208 2271 1208 2272 1259 2272 1260 2272 1208 2273 1260 2273 1209 2273 1209 2274 1260 2274 1261 2274 1209 2275 1261 2275 1210 2275 1210 2276 1261 2276 1262 2276 1210 2277 1262 2277 1211 2277 1211 2278 1262 2278 1263 2278 1211 2279 1263 2279 1212 2279 1212 2280 1263 2280 1264 2280 1212 2281 1264 2281 1213 2281 1213 2282 1264 2282 1265 2282 1213 2283 1265 2283 1214 2283 1214 2284 1265 2284 1266 2284 1214 2285 1266 2285 1215 2285 1215 2286 1266 2286 1267 2286 1215 2287 1267 2287 1216 2287 1216 2288 1267 2288 1268 2288 1216 2289 1268 2289 1217 2289 1217 2290 1268 2290 1269 2290 1217 2291 1269 2291 1218 2291 1218 2292 1269 2292 1270 2292 1218 2293 1270 2293 1219 2293 1219 2294 1270 2294 1271 2294 1219 2295 1271 2295 1220 2295 1220 2296 1271 2296 1272 2296 1220 2297 1272 2297 1221 2297 1221 2298 1272 2298 1273 2298 1221 2299 1273 2299 1222 2299 1222 2300 1273 2300 1274 2300 1222 2301 1274 2301 1223 2301 1223 2302 1274 2302 1275 2302 1223 2303 1275 2303 1224 2303 1224 2304 1275 2304 1276 2304 1224 2305 1276 2305 1225 2305 1225 2306 1276 2306 1277 2306 1225 2307 1277 2307 1226 2307 1226 2308 1277 2308 1278 2308 1226 2309 1278 2309 1227 2309 1227 2310 1278 2310 1279 2310 1227 2311 1279 2311 1228 2311 1228 2312 1279 2312 1280 2312 1228 2313 1280 2313 1229 2313 1229 2314 1280 2314 1281 2314 1229 2315 1281 2315 1230 2315 1230 2316 1281 2316 1282 2316 1230 2317 1282 2317 1231 2317 1231 2318 1282 2318 1283 2318 1231 2319 1283 2319 1232 2319 1232 2320 1283 2320 1284 2320 1232 2321 1284 2321 1233 2321 1233 2322 1284 2322 1285 2322 1233 2323 1285 2323 1234 2323 1234 2324 1285 2324 1286 2324 1234 2325 1286 2325 1235 2325 1235 2326 1286 2326 1287 2326 1235 2327 1287 2327 1236 2327 1236 2328 1287 2328 1288 2328 1236 2329 1288 2329 1237 2329 1237 2330 1288 2330 1289 2330 1237 2331 1289 2331 1238 2331 1238 2332 1289 2332 1290 2332 1238 2333 1290 2333 1239 2333 1239 2334 1290 2334 1291 2334 1239 2335 1291 2335 1240 2335 1240 2336 1291 2336 1292 2336 1240 2337 1292 2337 1241 2337 1241 2338 1292 2338 1293 2338 1241 2339 1293 2339 1242 2339 1242 2340 1293 2340 1294 2340 1242 2341 1294 2341 1243 2341 1243 2342 1294 2342 1295 2342 1243 2343 1295 2343 1244 2343 1244 2344 1295 2344 1245 2344 1295 2345 1296 2345 1245 2345 1245 2346 1296 2346 1297 2346 1245 2347 1297 2347 1246 2347 1246 2348 1297 2348 1298 2348 1246 2349 1298 2349 1247 2349 1247 2350 1298 2350 1299 2350 1247 2351 1299 2351 1248 2351 1248 2352 1299 2352 1300 2352 1248 2353 1300 2353 1249 2353 1249 2354 1300 2354 1301 2354 1249 2355 1301 2355 1250 2355 1250 2356 1301 2356 1302 2356 1250 2357 1302 2357 1251 2357 1251 2358 1302 2358 1303 2358 1251 2359 1303 2359 1252 2359 1252 2360 1303 2360 1304 2360 1252 2361 1304 2361 1253 2361 1253 2362 1304 2362 1305 2362 1253 2363 1305 2363 1254 2363 1254 2364 1305 2364 1306 2364 1254 2365 1306 2365 1255 2365 1255 2366 1306 2366 1307 2366 1255 2367 1307 2367 1256 2367 1256 2368 1307 2368 1308 2368 1256 2369 1308 2369 1257 2369 1257 2370 1308 2370 1309 2370 1257 2371 1309 2371 1258 2371 1258 2372 1309 2372 1310 2372 1258 2373 1310 2373 1259 2373 1259 2374 1310 2374 1311 2374 1259 2375 1311 2375 1260 2375 1260 2376 1311 2376 1312 2376 1260 2377 1312 2377 1261 2377 1261 2378 1312 2378 1313 2378 1261 2379 1313 2379 1262 2379 1262 2380 1313 2380 1314 2380 1262 2381 1314 2381 1263 2381 1263 2382 1314 2382 1315 2382 1263 2383 1315 2383 1264 2383 1264 2384 1315 2384 1316 2384 1264 2385 1316 2385 1265 2385 1265 2386 1316 2386 1317 2386 1265 2387 1317 2387 1266 2387 1266 2388 1317 2388 1318 2388 1266 2389 1318 2389 1267 2389 1267 2390 1318 2390 1319 2390 1267 2391 1319 2391 1268 2391 1268 2392 1319 2392 1320 2392 1268 2393 1320 2393 1269 2393 1269 2394 1320 2394 1321 2394 1269 2395 1321 2395 1270 2395 1270 2396 1321 2396 1322 2396 1270 2397 1322 2397 1271 2397 1271 2398 1322 2398 1323 2398 1271 2399 1323 2399 1272 2399 1272 2400 1323 2400 1324 2400 1272 2401 1324 2401 1273 2401 1273 2402 1324 2402 1325 2402 1273 2403 1325 2403 1274 2403 1274 2404 1325 2404 1326 2404 1274 2405 1326 2405 1275 2405 1275 2406 1326 2406 1327 2406 1275 2407 1327 2407 1276 2407 1276 2408 1327 2408 1328 2408 1276 2409 1328 2409 1277 2409 1277 2410 1328 2410 1329 2410 1277 2411 1329 2411 1278 2411 1278 2412 1329 2412 1330 2412 1278 2413 1330 2413 1279 2413 1279 2414 1330 2414 1331 2414 1279 2415 1331 2415 1280 2415 1280 2416 1331 2416 1332 2416 1280 2417 1332 2417 1281 2417 1281 2418 1332 2418 1333 2418 1281 2419 1333 2419 1282 2419 1282 2420 1333 2420 1334 2420 1282 2421 1334 2421 1283 2421 1283 2422 1334 2422 1335 2422 1283 2423 1335 2423 1284 2423 1284 2424 1335 2424 1336 2424 1284 2425 1336 2425 1285 2425 1285 2426 1336 2426 1337 2426 1285 2427 1337 2427 1286 2427 1286 2428 1337 2428 1338 2428 1286 2429 1338 2429 1287 2429 1287 2430 1338 2430 1339 2430 1287 2431 1339 2431 1288 2431 1288 2432 1339 2432 1340 2432 1288 2433 1340 2433 1289 2433 1289 2434 1340 2434 1341 2434 1289 2435 1341 2435 1290 2435 1290 2436 1341 2436 1342 2436 1290 2437 1342 2437 1291 2437 1291 2438 1342 2438 1343 2438 1291 2439 1343 2439 1292 2439 1292 2440 1343 2440 1344 2440 1292 2441 1344 2441 1293 2441 1293 2442 1344 2442 1345 2442 1293 2443 1345 2443 1294 2443 1294 2444 1345 2444 1346 2444 1294 2445 1346 2445 1295 2445 1295 2446 1346 2446 1296 2446 1346 2447 1074 2447 1296 2447 1296 2448 1074 2448 1073 2448 1296 2449 1073 2449 1297 2449 1297 2450 1073 2450 1070 2450 1297 2451 1070 2451 1298 2451 1298 2452 1070 2452 1069 2452 1298 2453 1069 2453 1299 2453 1299 2454 1069 2454 1066 2454 1299 2455 1066 2455 1300 2455 1300 2456 1066 2456 1065 2456 1300 2457 1065 2457 1301 2457 1301 2458 1065 2458 1072 2458 1301 2459 1072 2459 1302 2459 1302 2460 1072 2460 1071 2460 1302 2461 1071 2461 1303 2461 1303 2462 1071 2462 1079 2462 1303 2463 1079 2463 1304 2463 1304 2464 1079 2464 1078 2464 1304 2465 1078 2465 1305 2465 1305 2466 1078 2466 1088 2466 1305 2467 1088 2467 1306 2467 1306 2468 1088 2468 1087 2468 1306 2469 1087 2469 1307 2469 1307 2470 1087 2470 1091 2470 1307 2471 1091 2471 1308 2471 1308 2472 1091 2472 1090 2472 1308 2473 1090 2473 1309 2473 1309 2474 1090 2474 1089 2474 1309 2475 1089 2475 1310 2475 1310 2476 1089 2476 1077 2476 1310 2477 1077 2477 1311 2477 1311 2478 1077 2478 1076 2478 1311 2479 1076 2479 1312 2479 1312 2480 1076 2480 1081 2480 1312 2481 1081 2481 1313 2481 1313 2482 1081 2482 1080 2482 1313 2483 1080 2483 1314 2483 1314 2484 1080 2484 1083 2484 1314 2485 1083 2485 1315 2485 1315 2486 1083 2486 1082 2486 1315 2487 1082 2487 1316 2487 1316 2488 1082 2488 1086 2488 1316 2489 1086 2489 1317 2489 1317 2490 1086 2490 1085 2490 1317 2491 1085 2491 1318 2491 1318 2492 1085 2492 1084 2492 1318 2493 1084 2493 1319 2493 1319 2494 1084 2494 1042 2494 1319 2495 1042 2495 1320 2495 1320 2496 1042 2496 1041 2496 1320 2497 1041 2497 1321 2497 1321 2498 1041 2498 1044 2498 1321 2499 1044 2499 1322 2499 1322 2500 1044 2500 1043 2500 1322 2501 1043 2501 1323 2501 1323 2502 1043 2502 1046 2502 1323 2503 1046 2503 1324 2503 1324 2504 1046 2504 1045 2504 1324 2505 1045 2505 1325 2505 1325 2506 1045 2506 1048 2506 1325 2507 1048 2507 1326 2507 1326 2508 1048 2508 1047 2508 1326 2509 1047 2509 1327 2509 1327 2510 1047 2510 1050 2510 1327 2511 1050 2511 1328 2511 1328 2512 1050 2512 1049 2512 1328 2513 1049 2513 1329 2513 1329 2514 1049 2514 1054 2514 1329 2515 1054 2515 1330 2515 1330 2516 1054 2516 1053 2516 1330 2517 1053 2517 1331 2517 1331 2518 1053 2518 1052 2518 1331 2519 1052 2519 1332 2519 1332 2520 1052 2520 1056 2520 1332 2521 1056 2521 1333 2521 1333 2522 1056 2522 1055 2522 1333 2523 1055 2523 1334 2523 1334 2524 1055 2524 1059 2524 1334 2525 1059 2525 1335 2525 1335 2526 1059 2526 1058 2526 1335 2527 1058 2527 1336 2527 1336 2528 1058 2528 1057 2528 1336 2529 1057 2529 1337 2529 1337 2530 1057 2530 1051 2530 1337 2531 1051 2531 1338 2531 1338 2532 1051 2532 1061 2532 1338 2533 1061 2533 1339 2533 1339 2534 1061 2534 1060 2534 1339 2535 1060 2535 1340 2535 1340 2536 1060 2536 1064 2536 1340 2537 1064 2537 1341 2537 1341 2538 1064 2538 1063 2538 1341 2539 1063 2539 1342 2539 1342 2540 1063 2540 1062 2540 1342 2541 1062 2541 1343 2541 1343 2542 1062 2542 1068 2542 1343 2543 1068 2543 1344 2543 1344 2544 1068 2544 1067 2544 1344 2545 1067 2545 1345 2545 1345 2546 1067 2546 1075 2546 1345 2547 1075 2547 1346 2547 1346 2548 1075 2548 1074 2548 911 2549 913 2549 1347 2549 915 2550 917 2550 1348 2550 921 2551 923 2551 1349 2551 931 2552 933 2552 1350 2552 939 2553 941 2553 1351 2553 945 2554 947 2554 1352 2554 955 2555 957 2555 1353 2555 967 2556 969 2556 1354 2556 971 2557 973 2557 1355 2557 977 2558 979 2558 1356 2558 987 2559 821 2559 1357 2559 823 2560 825 2560 1358 2560 827 2561 829 2561 1359 2561 833 2562 835 2562 1360 2562 843 2563 845 2563 1361 2563 855 2564 857 2564 1362 2564 859 2565 861 2565 1363 2565 865 2566 867 2566 1364 2566 875 2567 877 2567 1365 2567 883 2568 885 2568 1366 2568 889 2569 891 2569 1367 2569 899 2570 901 2570 1368 2570 990 2571 989 2571 1369 2571 1369 2572 989 2572 1370 2572 1369 2573 1370 2573 1371 2573 1371 2574 1370 2574 1372 2574 1371 2575 1372 2575 1373 2575 1373 2576 1372 2576 1374 2576 1373 2577 1374 2577 1375 2577 1375 2578 1374 2578 1376 2578 1375 2579 1376 2579 1377 2579 1377 2580 1376 2580 1368 2580 995 2581 994 2581 1378 2581 1378 2582 994 2582 1379 2582 1378 2583 1379 2583 1380 2583 1380 2584 1379 2584 1381 2584 1380 2585 1381 2585 1382 2585 1382 2586 1381 2586 1383 2586 1382 2587 1383 2587 1384 2587 1384 2588 1383 2588 1385 2588 1384 2589 1385 2589 1386 2589 1386 2590 1385 2590 1367 2590 997 2591 1002 2591 1387 2591 1387 2592 1002 2592 1388 2592 1387 2593 1388 2593 1389 2593 1389 2594 1388 2594 1390 2594 1389 2595 1390 2595 1391 2595 1391 2596 1390 2596 1392 2596 1391 2597 1392 2597 1393 2597 1393 2598 1392 2598 1394 2598 1393 2599 1394 2599 1395 2599 1395 2600 1394 2600 1365 2600 1000 2601 1005 2601 1396 2601 1396 2602 1005 2602 1397 2602 1396 2603 1397 2603 1398 2603 1398 2604 1397 2604 1399 2604 1398 2605 1399 2605 1400 2605 1400 2606 1399 2606 1401 2606 1400 2607 1401 2607 1402 2607 1402 2608 1401 2608 1403 2608 1402 2609 1403 2609 1404 2609 1404 2610 1403 2610 1364 2610 1011 2611 1010 2611 1405 2611 1405 2612 1010 2612 1406 2612 1405 2613 1406 2613 1407 2613 1407 2614 1406 2614 1408 2614 1407 2615 1408 2615 1409 2615 1409 2616 1408 2616 1410 2616 1409 2617 1410 2617 1411 2617 1411 2618 1410 2618 1412 2618 1411 2619 1412 2619 1413 2619 1413 2620 1412 2620 1361 2620 1014 2621 1013 2621 1414 2621 1414 2622 1013 2622 1415 2622 1414 2623 1415 2623 1416 2623 1416 2624 1415 2624 1417 2624 1416 2625 1417 2625 1418 2625 1418 2626 1417 2626 1419 2626 1418 2627 1419 2627 1420 2627 1420 2628 1419 2628 1421 2628 1420 2629 1421 2629 1422 2629 1422 2630 1421 2630 1360 2630 1019 2631 1018 2631 1423 2631 1423 2632 1018 2632 1424 2632 1423 2633 1424 2633 1425 2633 1425 2634 1424 2634 1426 2634 1425 2635 1426 2635 1427 2635 1427 2636 1426 2636 1428 2636 1427 2637 1428 2637 1429 2637 1429 2638 1428 2638 1430 2638 1429 2639 1430 2639 1431 2639 1431 2640 1430 2640 1356 2640 1024 2641 1029 2641 1432 2641 1432 2642 1029 2642 1433 2642 1432 2643 1433 2643 1434 2643 1434 2644 1433 2644 1435 2644 1434 2645 1435 2645 1436 2645 1436 2646 1435 2646 1437 2646 1436 2647 1437 2647 1438 2647 1438 2648 1437 2648 1439 2648 1438 2649 1439 2649 1440 2649 1440 2650 1439 2650 1353 2650 1027 2651 1032 2651 1441 2651 1441 2652 1032 2652 1442 2652 1441 2653 1442 2653 1443 2653 1443 2654 1442 2654 1444 2654 1443 2655 1444 2655 1445 2655 1445 2656 1444 2656 1446 2656 1445 2657 1446 2657 1447 2657 1447 2658 1446 2658 1448 2658 1447 2659 1448 2659 1449 2659 1449 2660 1448 2660 1352 2660 1035 2661 1034 2661 1450 2661 1450 2662 1034 2662 1451 2662 1450 2663 1451 2663 1452 2663 1452 2664 1451 2664 1453 2664 1452 2665 1453 2665 1454 2665 1454 2666 1453 2666 1455 2666 1454 2667 1455 2667 1456 2667 1456 2668 1455 2668 1457 2668 1456 2669 1457 2669 1458 2669 1458 2670 1457 2670 1350 2670 1038 2671 1037 2671 1459 2671 1459 2672 1037 2672 1460 2672 1459 2673 1460 2673 1461 2673 1461 2674 1460 2674 1462 2674 1461 2675 1462 2675 1463 2675 1463 2676 1462 2676 1464 2676 1463 2677 1464 2677 1465 2677 1465 2678 1464 2678 1466 2678 1465 2679 1466 2679 1467 2679 1467 2680 1466 2680 1349 2680 992 2681 990 2681 1468 2681 1468 2682 990 2682 1369 2682 1468 2683 1369 2683 1469 2683 1469 2684 1369 2684 1371 2684 1469 2685 1371 2685 1470 2685 1470 2686 1371 2686 1373 2686 1470 2687 1373 2687 1471 2687 1471 2688 1373 2688 1375 2688 1471 2689 1375 2689 1472 2689 1472 2690 1375 2690 1377 2690 1472 2691 1377 2691 907 2691 907 2692 1377 2692 905 2692 1368 2693 901 2693 1377 2693 1377 2694 901 2694 903 2694 1377 2695 903 2695 905 2695 897 2696 899 2696 1473 2696 1473 2697 899 2697 1368 2697 1473 2698 1368 2698 1474 2698 1474 2699 1368 2699 1376 2699 1474 2700 1376 2700 1475 2700 1475 2701 1376 2701 1374 2701 1475 2702 1374 2702 1476 2702 1476 2703 1374 2703 1372 2703 1476 2704 1372 2704 1477 2704 1477 2705 1372 2705 1370 2705 1477 2706 1370 2706 996 2706 996 2707 1370 2707 989 2707 996 2708 995 2708 1477 2708 1477 2709 995 2709 1378 2709 1477 2710 1378 2710 1476 2710 1476 2711 1378 2711 1380 2711 1476 2712 1380 2712 1475 2712 1475 2713 1380 2713 1382 2713 1475 2714 1382 2714 1474 2714 1474 2715 1382 2715 1384 2715 1474 2716 1384 2716 1473 2716 1473 2717 1384 2717 1386 2717 1473 2718 1386 2718 897 2718 897 2719 1386 2719 895 2719 1367 2720 891 2720 1386 2720 1386 2721 891 2721 893 2721 1386 2722 893 2722 895 2722 887 2723 889 2723 1478 2723 1478 2724 889 2724 1367 2724 1478 2725 1367 2725 1479 2725 1479 2726 1367 2726 1385 2726 1479 2727 1385 2727 1480 2727 1480 2728 1385 2728 1383 2728 1480 2729 1383 2729 1481 2729 1481 2730 1383 2730 1381 2730 1481 2731 1381 2731 1482 2731 1482 2732 1381 2732 1379 2732 1482 2733 1379 2733 999 2733 999 2734 1379 2734 994 2734 999 2735 998 2735 1482 2735 1482 2736 998 2736 1483 2736 1482 2737 1483 2737 1481 2737 1481 2738 1483 2738 1484 2738 1481 2739 1484 2739 1480 2739 1480 2740 1484 2740 1485 2740 1480 2741 1485 2741 1479 2741 1479 2742 1485 2742 1486 2742 1479 2743 1486 2743 1478 2743 1478 2744 1486 2744 1366 2744 1478 2745 1366 2745 887 2745 887 2746 1366 2746 885 2746 881 2747 883 2747 1395 2747 1395 2748 883 2748 1366 2748 1395 2749 1366 2749 1393 2749 1393 2750 1366 2750 1486 2750 1393 2751 1486 2751 1391 2751 1391 2752 1486 2752 1485 2752 1391 2753 1485 2753 1389 2753 1389 2754 1485 2754 1484 2754 1389 2755 1484 2755 1387 2755 1387 2756 1484 2756 1483 2756 1387 2757 1483 2757 997 2757 997 2758 1483 2758 998 2758 1365 2759 877 2759 1395 2759 1395 2760 877 2760 879 2760 1395 2761 879 2761 881 2761 873 2762 875 2762 1487 2762 1487 2763 875 2763 1365 2763 1487 2764 1365 2764 1488 2764 1488 2765 1365 2765 1394 2765 1488 2766 1394 2766 1489 2766 1489 2767 1394 2767 1392 2767 1489 2768 1392 2768 1490 2768 1490 2769 1392 2769 1390 2769 1490 2770 1390 2770 1491 2770 1491 2771 1390 2771 1388 2771 1491 2772 1388 2772 1001 2772 1001 2773 1388 2773 1002 2773 1001 2774 1000 2774 1491 2774 1491 2775 1000 2775 1396 2775 1491 2776 1396 2776 1490 2776 1490 2777 1396 2777 1398 2777 1490 2778 1398 2778 1489 2778 1489 2779 1398 2779 1400 2779 1489 2780 1400 2780 1488 2780 1488 2781 1400 2781 1402 2781 1488 2782 1402 2782 1487 2782 1487 2783 1402 2783 1404 2783 1487 2784 1404 2784 873 2784 873 2785 1404 2785 871 2785 1364 2786 867 2786 1404 2786 1404 2787 867 2787 869 2787 1404 2788 869 2788 871 2788 863 2789 865 2789 1492 2789 1492 2790 865 2790 1364 2790 1492 2791 1364 2791 1493 2791 1493 2792 1364 2792 1403 2792 1493 2793 1403 2793 1494 2793 1494 2794 1403 2794 1401 2794 1494 2795 1401 2795 1495 2795 1495 2796 1401 2796 1399 2796 1495 2797 1399 2797 1496 2797 1496 2798 1399 2798 1397 2798 1496 2799 1397 2799 1004 2799 1004 2800 1397 2800 1005 2800 1004 2801 1003 2801 1496 2801 1496 2802 1003 2802 1497 2802 1496 2803 1497 2803 1495 2803 1495 2804 1497 2804 1498 2804 1495 2805 1498 2805 1494 2805 1494 2806 1498 2806 1499 2806 1494 2807 1499 2807 1493 2807 1493 2808 1499 2808 1500 2808 1493 2809 1500 2809 1492 2809 1492 2810 1500 2810 1363 2810 1492 2811 1363 2811 863 2811 863 2812 1363 2812 861 2812 857 2813 859 2813 1362 2813 1362 2814 859 2814 1363 2814 1362 2815 1363 2815 1501 2815 1501 2816 1363 2816 1500 2816 1501 2817 1500 2817 1502 2817 1502 2818 1500 2818 1499 2818 1502 2819 1499 2819 1503 2819 1503 2820 1499 2820 1498 2820 1503 2821 1498 2821 1504 2821 1504 2822 1498 2822 1497 2822 1504 2823 1497 2823 1008 2823 1008 2824 1497 2824 1003 2824 853 2825 855 2825 1505 2825 1505 2826 855 2826 1362 2826 1505 2827 1362 2827 1506 2827 1506 2828 1362 2828 1501 2828 1506 2829 1501 2829 1507 2829 1507 2830 1501 2830 1502 2830 1507 2831 1502 2831 1508 2831 1508 2832 1502 2832 1503 2832 1508 2833 1503 2833 1509 2833 1509 2834 1503 2834 1504 2834 1509 2835 1504 2835 1007 2835 1007 2836 1504 2836 1008 2836 1007 2837 1006 2837 1509 2837 1509 2838 1006 2838 1510 2838 1509 2839 1510 2839 1508 2839 1508 2840 1510 2840 1511 2840 1508 2841 1511 2841 1507 2841 1507 2842 1511 2842 1512 2842 1507 2843 1512 2843 1506 2843 1506 2844 1512 2844 1513 2844 1506 2845 1513 2845 1505 2845 1505 2846 1513 2846 1514 2846 1505 2847 1514 2847 853 2847 853 2848 1514 2848 851 2848 1006 2849 1011 2849 1510 2849 1510 2850 1011 2850 1405 2850 1510 2851 1405 2851 1511 2851 1511 2852 1405 2852 1407 2852 1511 2853 1407 2853 1512 2853 1512 2854 1407 2854 1409 2854 1512 2855 1409 2855 1513 2855 1513 2856 1409 2856 1411 2856 1513 2857 1411 2857 1514 2857 1514 2858 1411 2858 1413 2858 1514 2859 1413 2859 851 2859 851 2860 1413 2860 849 2860 1361 2861 845 2861 1413 2861 1413 2862 845 2862 847 2862 1413 2863 847 2863 849 2863 841 2864 843 2864 1515 2864 1515 2865 843 2865 1361 2865 1515 2866 1361 2866 1516 2866 1516 2867 1361 2867 1412 2867 1516 2868 1412 2868 1517 2868 1517 2869 1412 2869 1410 2869 1517 2870 1410 2870 1518 2870 1518 2871 1410 2871 1408 2871 1518 2872 1408 2872 1519 2872 1519 2873 1408 2873 1406 2873 1519 2874 1406 2874 1009 2874 1009 2875 1406 2875 1010 2875 1009 2876 1014 2876 1519 2876 1519 2877 1014 2877 1414 2877 1519 2878 1414 2878 1518 2878 1518 2879 1414 2879 1416 2879 1518 2880 1416 2880 1517 2880 1517 2881 1416 2881 1418 2881 1517 2882 1418 2882 1516 2882 1516 2883 1418 2883 1420 2883 1516 2884 1420 2884 1515 2884 1515 2885 1420 2885 1422 2885 1515 2886 1422 2886 841 2886 841 2887 1422 2887 839 2887 1360 2888 835 2888 1422 2888 1422 2889 835 2889 837 2889 1422 2890 837 2890 839 2890 831 2891 833 2891 1520 2891 1520 2892 833 2892 1360 2892 1520 2893 1360 2893 1521 2893 1521 2894 1360 2894 1421 2894 1521 2895 1421 2895 1522 2895 1522 2896 1421 2896 1419 2896 1522 2897 1419 2897 1523 2897 1523 2898 1419 2898 1417 2898 1523 2899 1417 2899 1524 2899 1524 2900 1417 2900 1415 2900 1524 2901 1415 2901 1012 2901 1012 2902 1415 2902 1013 2902 1012 2903 1017 2903 1524 2903 1524 2904 1017 2904 1525 2904 1524 2905 1525 2905 1523 2905 1523 2906 1525 2906 1526 2906 1523 2907 1526 2907 1522 2907 1522 2908 1526 2908 1527 2908 1522 2909 1527 2909 1521 2909 1521 2910 1527 2910 1528 2910 1521 2911 1528 2911 1520 2911 1520 2912 1528 2912 1359 2912 1520 2913 1359 2913 831 2913 831 2914 1359 2914 829 2914 825 2915 827 2915 1358 2915 1358 2916 827 2916 1359 2916 1358 2917 1359 2917 1529 2917 1529 2918 1359 2918 1528 2918 1529 2919 1528 2919 1530 2919 1530 2920 1528 2920 1527 2920 1530 2921 1527 2921 1531 2921 1531 2922 1527 2922 1526 2922 1531 2923 1526 2923 1532 2923 1532 2924 1526 2924 1525 2924 1532 2925 1525 2925 1016 2925 1016 2926 1525 2926 1017 2926 821 2927 823 2927 1357 2927 1357 2928 823 2928 1358 2928 1357 2929 1358 2929 1533 2929 1533 2930 1358 2930 1529 2930 1533 2931 1529 2931 1534 2931 1534 2932 1529 2932 1530 2932 1534 2933 1530 2933 1535 2933 1535 2934 1530 2934 1531 2934 1535 2935 1531 2935 1536 2935 1536 2936 1531 2936 1532 2936 1536 2937 1532 2937 1015 2937 1015 2938 1532 2938 1016 2938 985 2939 987 2939 1537 2939 1537 2940 987 2940 1357 2940 1537 2941 1357 2941 1538 2941 1538 2942 1357 2942 1533 2942 1538 2943 1533 2943 1539 2943 1539 2944 1533 2944 1534 2944 1539 2945 1534 2945 1540 2945 1540 2946 1534 2946 1535 2946 1540 2947 1535 2947 1541 2947 1541 2948 1535 2948 1536 2948 1541 2949 1536 2949 1020 2949 1020 2950 1536 2950 1015 2950 1020 2951 1019 2951 1541 2951 1541 2952 1019 2952 1423 2952 1541 2953 1423 2953 1540 2953 1540 2954 1423 2954 1425 2954 1540 2955 1425 2955 1539 2955 1539 2956 1425 2956 1427 2956 1539 2957 1427 2957 1538 2957 1538 2958 1427 2958 1429 2958 1538 2959 1429 2959 1537 2959 1537 2960 1429 2960 1431 2960 1537 2961 1431 2961 985 2961 985 2962 1431 2962 983 2962 1356 2963 979 2963 1431 2963 1431 2964 979 2964 981 2964 1431 2965 981 2965 983 2965 975 2966 977 2966 1542 2966 1542 2967 977 2967 1356 2967 1542 2968 1356 2968 1543 2968 1543 2969 1356 2969 1430 2969 1543 2970 1430 2970 1544 2970 1544 2971 1430 2971 1428 2971 1544 2972 1428 2972 1545 2972 1545 2973 1428 2973 1426 2973 1545 2974 1426 2974 1546 2974 1546 2975 1426 2975 1424 2975 1546 2976 1424 2976 1023 2976 1023 2977 1424 2977 1018 2977 1023 2978 1022 2978 1546 2978 1546 2979 1022 2979 1547 2979 1546 2980 1547 2980 1545 2980 1545 2981 1547 2981 1548 2981 1545 2982 1548 2982 1544 2982 1544 2983 1548 2983 1549 2983 1544 2984 1549 2984 1543 2984 1543 2985 1549 2985 1550 2985 1543 2986 1550 2986 1542 2986 1542 2987 1550 2987 1355 2987 1542 2988 1355 2988 975 2988 975 2989 1355 2989 973 2989 969 2990 971 2990 1354 2990 1354 2991 971 2991 1355 2991 1354 2992 1355 2992 1551 2992 1551 2993 1355 2993 1550 2993 1551 2994 1550 2994 1552 2994 1552 2995 1550 2995 1549 2995 1552 2996 1549 2996 1553 2996 1553 2997 1549 2997 1548 2997 1553 2998 1548 2998 1554 2998 1554 2999 1548 2999 1547 2999 1554 3000 1547 3000 1021 3000 1021 3001 1547 3001 1022 3001 965 3002 967 3002 1555 3002 1555 3003 967 3003 1354 3003 1555 3004 1354 3004 1556 3004 1556 3005 1354 3005 1551 3005 1556 3006 1551 3006 1557 3006 1557 3007 1551 3007 1552 3007 1557 3008 1552 3008 1558 3008 1558 3009 1552 3009 1553 3009 1558 3010 1553 3010 1559 3010 1559 3011 1553 3011 1554 3011 1559 3012 1554 3012 1026 3012 1026 3013 1554 3013 1021 3013 1026 3014 1025 3014 1559 3014 1559 3015 1025 3015 1560 3015 1559 3016 1560 3016 1558 3016 1558 3017 1560 3017 1561 3017 1558 3018 1561 3018 1557 3018 1557 3019 1561 3019 1562 3019 1557 3020 1562 3020 1556 3020 1556 3021 1562 3021 1563 3021 1556 3022 1563 3022 1555 3022 1555 3023 1563 3023 1564 3023 1555 3024 1564 3024 965 3024 965 3025 1564 3025 963 3025 1025 3026 1024 3026 1560 3026 1560 3027 1024 3027 1432 3027 1560 3028 1432 3028 1561 3028 1561 3029 1432 3029 1434 3029 1561 3030 1434 3030 1562 3030 1562 3031 1434 3031 1436 3031 1562 3032 1436 3032 1563 3032 1563 3033 1436 3033 1438 3033 1563 3034 1438 3034 1564 3034 1564 3035 1438 3035 1440 3035 1564 3036 1440 3036 963 3036 963 3037 1440 3037 961 3037 1353 3038 957 3038 1440 3038 1440 3039 957 3039 959 3039 1440 3040 959 3040 961 3040 953 3041 955 3041 1565 3041 1565 3042 955 3042 1353 3042 1565 3043 1353 3043 1566 3043 1566 3044 1353 3044 1439 3044 1566 3045 1439 3045 1567 3045 1567 3046 1439 3046 1437 3046 1567 3047 1437 3047 1568 3047 1568 3048 1437 3048 1435 3048 1568 3049 1435 3049 1569 3049 1569 3050 1435 3050 1433 3050 1569 3051 1433 3051 1028 3051 1028 3052 1433 3052 1029 3052 1028 3053 1027 3053 1569 3053 1569 3054 1027 3054 1441 3054 1569 3055 1441 3055 1568 3055 1568 3056 1441 3056 1443 3056 1568 3057 1443 3057 1567 3057 1567 3058 1443 3058 1445 3058 1567 3059 1445 3059 1566 3059 1566 3060 1445 3060 1447 3060 1566 3061 1447 3061 1565 3061 1565 3062 1447 3062 1449 3062 1565 3063 1449 3063 953 3063 953 3064 1449 3064 951 3064 1352 3065 947 3065 1449 3065 1449 3066 947 3066 949 3066 1449 3067 949 3067 951 3067 943 3068 945 3068 1570 3068 1570 3069 945 3069 1352 3069 1570 3070 1352 3070 1571 3070 1571 3071 1352 3071 1448 3071 1571 3072 1448 3072 1572 3072 1572 3073 1448 3073 1446 3073 1572 3074 1446 3074 1573 3074 1573 3075 1446 3075 1444 3075 1573 3076 1444 3076 1574 3076 1574 3077 1444 3077 1442 3077 1574 3078 1442 3078 1031 3078 1031 3079 1442 3079 1032 3079 1031 3080 1030 3080 1574 3080 1574 3081 1030 3081 1575 3081 1574 3082 1575 3082 1573 3082 1573 3083 1575 3083 1576 3083 1573 3084 1576 3084 1572 3084 1572 3085 1576 3085 1577 3085 1572 3086 1577 3086 1571 3086 1571 3087 1577 3087 1578 3087 1571 3088 1578 3088 1570 3088 1570 3089 1578 3089 1351 3089 1570 3090 1351 3090 943 3090 943 3091 1351 3091 941 3091 937 3092 939 3092 1458 3092 1458 3093 939 3093 1351 3093 1458 3094 1351 3094 1456 3094 1456 3095 1351 3095 1578 3095 1456 3096 1578 3096 1454 3096 1454 3097 1578 3097 1577 3097 1454 3098 1577 3098 1452 3098 1452 3099 1577 3099 1576 3099 1452 3100 1576 3100 1450 3100 1450 3101 1576 3101 1575 3101 1450 3102 1575 3102 1035 3102 1035 3103 1575 3103 1030 3103 1350 3104 933 3104 1458 3104 1458 3105 933 3105 935 3105 1458 3106 935 3106 937 3106 929 3107 931 3107 1579 3107 1579 3108 931 3108 1350 3108 1579 3109 1350 3109 1580 3109 1580 3110 1350 3110 1457 3110 1580 3111 1457 3111 1581 3111 1581 3112 1457 3112 1455 3112 1581 3113 1455 3113 1582 3113 1582 3114 1455 3114 1453 3114 1582 3115 1453 3115 1583 3115 1583 3116 1453 3116 1451 3116 1583 3117 1451 3117 1033 3117 1033 3118 1451 3118 1034 3118 1033 3119 1038 3119 1583 3119 1583 3120 1038 3120 1459 3120 1583 3121 1459 3121 1582 3121 1582 3122 1459 3122 1461 3122 1582 3123 1461 3123 1581 3123 1581 3124 1461 3124 1463 3124 1581 3125 1463 3125 1580 3125 1580 3126 1463 3126 1465 3126 1580 3127 1465 3127 1579 3127 1579 3128 1465 3128 1467 3128 1579 3129 1467 3129 929 3129 929 3130 1467 3130 927 3130 1349 3131 923 3131 1467 3131 1467 3132 923 3132 925 3132 1467 3133 925 3133 927 3133 919 3134 921 3134 1584 3134 1584 3135 921 3135 1349 3135 1584 3136 1349 3136 1585 3136 1585 3137 1349 3137 1466 3137 1585 3138 1466 3138 1586 3138 1586 3139 1466 3139 1464 3139 1586 3140 1464 3140 1587 3140 1587 3141 1464 3141 1462 3141 1587 3142 1462 3142 1588 3142 1588 3143 1462 3143 1460 3143 1588 3144 1460 3144 1036 3144 1036 3145 1460 3145 1037 3145 1036 3146 1040 3146 1588 3146 1588 3147 1040 3147 1589 3147 1588 3148 1589 3148 1587 3148 1587 3149 1589 3149 1590 3149 1587 3150 1590 3150 1586 3150 1586 3151 1590 3151 1591 3151 1586 3152 1591 3152 1585 3152 1585 3153 1591 3153 1592 3153 1585 3154 1592 3154 1584 3154 1584 3155 1592 3155 1348 3155 1584 3156 1348 3156 919 3156 919 3157 1348 3157 917 3157 913 3158 915 3158 1347 3158 1347 3159 915 3159 1348 3159 1347 3160 1348 3160 1593 3160 1593 3161 1348 3161 1592 3161 1593 3162 1592 3162 1594 3162 1594 3163 1592 3163 1591 3163 1594 3164 1591 3164 1595 3164 1595 3165 1591 3165 1590 3165 1595 3166 1590 3166 1596 3166 1596 3167 1590 3167 1589 3167 1596 3168 1589 3168 1039 3168 1039 3169 1589 3169 1040 3169 909 3170 911 3170 1597 3170 1597 3171 911 3171 1347 3171 1597 3172 1347 3172 1598 3172 1598 3173 1347 3173 1593 3173 1598 3174 1593 3174 1599 3174 1599 3175 1593 3175 1594 3175 1599 3176 1594 3176 1600 3176 1600 3177 1594 3177 1595 3177 1600 3178 1595 3178 1601 3178 1601 3179 1595 3179 1596 3179 1601 3180 1596 3180 993 3180 993 3181 1596 3181 1039 3181 993 3182 992 3182 1601 3182 1601 3183 992 3183 1468 3183 1601 3184 1468 3184 1600 3184 1600 3185 1468 3185 1469 3185 1600 3186 1469 3186 1599 3186 1599 3187 1469 3187 1470 3187 1599 3188 1470 3188 1598 3188 1598 3189 1470 3189 1471 3189 1598 3190 1471 3190 1597 3190 1597 3191 1471 3191 1472 3191 1597 3192 1472 3192 909 3192 909 3193 1472 3193 907 3193</p>
                </triangles>
            </mesh>
        </geometry>
    </library_geometries>
    <library_visual_scenes>
        <visual_scene id="VisualSceneNode" name="VisualScene">
            <node id="node" name="node">
                <instance_geometry url="#shape0-lib"/>
            </node>
        </visual_scene>
    </library_visual_scenes>
    <scene>
        <instance_visual_scene url="#VisualSceneNode"/>
    </scene>
</COLLADA>
