solid exported
	facet normal 0 1 0
		outer loop
			vertex 6.150420665740967 4 0.09999999403953552
			vertex 7.179980278015137 4 0.09999999403953552
			vertex 6.150420665740967 4 0
		endloop
	endfacet
	facet normal 0 1 0
		outer loop
			vertex 7.179980278015137 4 0.09999999403953552
			vertex 7.179980278015137 4 0
			vertex 6.150420665740967 4 0
		endloop
	endfacet
	facet normal -1 0 0
		outer loop
			vertex 6.150420665740967 0 8.881784197001252e-16
			vertex 6.150420665740967 4 0.09999999403953552
			vertex 6.150420665740967 4 0
		endloop
	endfacet
	facet normal 0 -2.220446049250313e-16 -1
		outer loop
			vertex 7.179980278015137 0 8.881784197001252e-16
			vertex 6.150420665740967 0 8.881784197001252e-16
			vertex 6.150420665740967 4 0
		endloop
	endfacet
	facet normal 0 -2.220446049250313e-16 -1
		outer loop
			vertex 7.179980278015137 4 0
			vertex 7.179980278015137 0 8.881784197001252e-16
			vertex 6.150420665740967 4 0
		endloop
	endfacet
	facet normal 1 0 0
		outer loop
			vertex 7.179980278015137 4 0.09999999403953552
			vertex 7.179980278015137 0 0.09999999403953641
			vertex 7.179980278015137 4 0
		endloop
	endfacet
	facet normal 1 0 0
		outer loop
			vertex 7.179980278015137 0 0.09999999403953641
			vertex 7.179980278015137 0 8.881784197001252e-16
			vertex 7.179980278015137 4 0
		endloop
	endfacet
	facet normal -1 0 0
		outer loop
			vertex 6.150420665740967 0 0.09999999403953641
			vertex 6.150420665740967 4 0.09999999403953552
			vertex 6.150420665740967 0 8.881784197001252e-16
		endloop
	endfacet
	facet normal 0 -1 0
		outer loop
			vertex 7.179980278015137 0 8.881784197001252e-16
			vertex 6.150420665740967 0 0.09999999403953641
			vertex 6.150420665740967 0 8.881784197001252e-16
		endloop
	endfacet
	facet normal 0 -1 0
		outer loop
			vertex 7.179980278015137 0 0.09999999403953641
			vertex 6.150420665740967 0 0.09999999403953641
			vertex 7.179980278015137 0 8.881784197001252e-16
		endloop
	endfacet
	facet normal 2.340748033669147e-16 2.3950173118005814e-16 1
		outer loop
			vertex 6.196313858032227 3.3177581429481506 0.09999999403953568
			vertex 6.215884685516357 3.3565751910209656 0.09999999403953566
			vertex 6.150420665740967 4 0.09999999403953552
		endloop
	endfacet
	facet normal -2.5635989095425734e-16 1.896033963947965e-16 1
		outer loop
			vertex 6.215884685516357 3.3565751910209656 0.09999999403953566
			vertex 6.241734504699707 3.3915263414382935 0.09999999403953566
			vertex 6.150420665740967 4 0.09999999403953552
		endloop
	endfacet
	facet normal 1.9547710009441497e-16 2.5741071994228915e-16 1
		outer loop
			vertex 6.241734504699707 3.3915263414382935 0.09999999403953566
			vertex 6.27311897277832 3.4216060638427734 0.09999999403953565
			vertex 6.150420665740967 4 0.09999999403953552
		endloop
	endfacet
	facet normal 1.3598067836888248e-16 2.220446049250313e-16 1
		outer loop
			vertex 6.150420665740967 0 0.09999999403953641
			vertex 6.1780619621276855 3.2330724000930786 0.09999999403953569
			vertex 6.150420665740967 4 0.09999999403953552
		endloop
	endfacet
	facet normal -1.3231592546256874e-15 1.6945486977598358e-16 1
		outer loop
			vertex 6.1780619621276855 3.2330724000930786 0.09999999403953569
			vertex 6.183584213256836 3.2761919498443604 0.09999999403953569
			vertex 6.150420665740967 4 0.09999999403953552
		endloop
	endfacet
	facet normal 2.948077672653366e-16 2.435871292860213e-16 1
		outer loop
			vertex 6.183584213256836 3.2761919498443604 0.09999999403953569
			vertex 6.196313858032227 3.3177581429481506 0.09999999403953568
			vertex 6.150420665740967 4 0.09999999403953552
		endloop
	endfacet
	facet normal -1.2764879775165877e-16 1.8886401129411847e-16 1
		outer loop
			vertex 6.27311897277832 3.4216060638427734 0.09999999403953565
			vertex 6.309135913848877 3.445949077606201 0.09999999403953565
			vertex 6.150420665740967 4 0.09999999403953552
		endloop
	endfacet
	facet normal -9.021858079060537e-17 1.9958639425855655e-16 1
		outer loop
			vertex 6.309135913848877 3.445949077606201 0.09999999403953565
			vertex 6.348748683929443 3.4638551473617554 0.09999999403953565
			vertex 6.150420665740967 4 0.09999999403953552
		endloop
	endfacet
	facet normal 2.4557011676843844e-16 3.2379966720013175e-16 1
		outer loop
			vertex 6.348748683929443 3.4638551473617554 0.09999999403953565
			vertex 6.390817642211914 3.474809169769287 0.09999999403953563
			vertex 6.150420665740967 4 0.09999999403953552
		endloop
	endfacet
	facet normal -1.731745684155402e-17 2.034674484904799e-16 1
		outer loop
			vertex 6.390817642211914 3.474809169769287 0.09999999403953563
			vertex 6.4341325759887695 3.47849577665329 0.09999999403953563
			vertex 6.150420665740967 4 0.09999999403953552
		endloop
	endfacet
	facet normal 1.899879841769631e-17 2.2322443930932274e-16 1
		outer loop
			vertex 6.4341325759887695 3.47849577665329 0.09999999403953563
			vertex 6.477447986602783 3.474809169769287 0.09999999403953563
			vertex 6.150420665740967 4 0.09999999403953552
		endloop
	endfacet
	facet normal 0 2.1139421343998767e-16 1
		outer loop
			vertex 6.477447986602783 3.474809169769287 0.09999999403953563
			vertex 7.179980278015137 4 0.09999999403953552
			vertex 6.150420665740967 4 0.09999999403953552
		endloop
	endfacet
	facet normal -2.6372184604040487e-16 3.101540949229345e-16 1
		outer loop
			vertex 6.7083048820495605 2.6145517826080322 0.09999999403953583
			vertex 6.719176769256592 2.5790512561798096 0.09999999403953584
			vertex 7.179980278015137 4 0.09999999403953552
		endloop
	endfacet
	facet normal 2.6090564122898275e-16 1.3154483714927883e-16 1
		outer loop
			vertex 6.691589832305908 2.6477043628692627 0.09999999403953583
			vertex 6.7083048820495605 2.6145517826080322 0.09999999403953583
			vertex 7.179980278015137 4 0.09999999403953552
		endloop
	endfacet
	facet normal 4.965887092220511e-16 6.359082292961923e-17 1
		outer loop
			vertex 6.719176769256592 2.5790512561798096 0.09999999403953584
			vertex 6.723892688751221 2.5422240495681763 0.09999999403953584
			vertex 7.179980278015137 4 0.09999999403953552
		endloop
	endfacet
	facet normal -5.738398461439027e-16 3.9849083218789817e-16 1
		outer loop
			vertex 6.723892688751221 2.5422240495681763 0.09999999403953584
			vertex 6.722317218780518 2.5051294565200806 0.09999999403953586
			vertex 7.179980278015137 4 0.09999999403953552
		endloop
	endfacet
	facet normal 2.4886608685135933e-18 2.220446049250313e-16 1
		outer loop
			vertex 6.722317218780518 2.5051294565200806 0.09999999403953586
			vertex 7.179980278015137 0 0.09999999403953641
			vertex 7.179980278015137 4 0.09999999403953552
		endloop
	endfacet
	facet normal 2.832219570120979e-16 3.6271778831914875e-17 1
		outer loop
			vertex 6.684680938720703 3.2761919498443604 0.09999999403953569
			vertex 6.6902031898498535 3.2330724000930786 0.09999999403953569
			vertex 7.179980278015137 4 0.09999999403953552
		endloop
	endfacet
	facet normal -1.7174161617124566e-16 3.2682167444403617e-16 1
		outer loop
			vertex 6.6902031898498535 3.2330724000930786 0.09999999403953569
			vertex 6.688357830047607 3.1896398067474365 0.0999999940395357
			vertex 7.179980278015137 4 0.09999999403953552
		endloop
	endfacet
	facet normal -2.6571536766362085e-16 3.8383287284451685e-16 1
		outer loop
			vertex 6.688357830047607 3.1896398067474365 0.0999999940395357
			vertex 6.67919921875 3.14714378118515 0.09999999403953572
			vertex 7.179980278015137 4 0.09999999403953552
		endloop
	endfacet
	facet normal 9.013210921615771e-18 2.2251744175637497e-16 1
		outer loop
			vertex 6.67919921875 3.14714378118515 0.09999999403953572
			vertex 6.691589832305908 2.6477043628692627 0.09999999403953583
			vertex 7.179980278015137 4 0.09999999403953552
		endloop
	endfacet
	facet normal 8.670058427355646e-17 1.2827698833226118e-16 1
		outer loop
			vertex 6.55912971496582 3.445949077606201 0.09999999403953565
			vertex 6.595146179199219 3.4216060638427734 0.09999999403953565
			vertex 7.179980278015137 4 0.09999999403953552
		endloop
	endfacet
	facet normal -1.19456143522308e-16 3.3672918082301834e-16 1
		outer loop
			vertex 6.595146179199219 3.4216060638427734 0.09999999403953565
			vertex 6.626530647277832 3.3915263414382935 0.09999999403953566
			vertex 7.179980278015137 4 0.09999999403953552
		endloop
	endfacet
	facet normal 1.3829717794905834e-16 1.0228438837819517e-16 1
		outer loop
			vertex 6.626530647277832 3.3915263414382935 0.09999999403953566
			vertex 6.652380466461182 3.3565751910209656 0.09999999403953566
			vertex 7.179980278015137 4 0.09999999403953552
		endloop
	endfacet
	facet normal -1.0710899363533861e-16 3.0351419499313455e-16 1
		outer loop
			vertex 6.652380466461182 3.3565751910209656 0.09999999403953566
			vertex 6.671951770782471 3.3177581429481506 0.09999999403953568
			vertex 7.179980278015137 4 0.09999999403953552
		endloop
	endfacet
	facet normal -1.0478419337546349e-16 3.017830423330762e-16 1
		outer loop
			vertex 6.671951770782471 3.3177581429481506 0.09999999403953568
			vertex 6.684680938720703 3.2761919498443604 0.09999999403953569
			vertex 7.179980278015137 4 0.09999999403953552
		endloop
	endfacet
	facet normal -2.0384158662563982e-16 4.840670947892895e-16 1
		outer loop
			vertex 6.477447986602783 3.474809169769287 0.09999999403953563
			vertex 6.519516468048096 3.4638551473617554 0.09999999403953565
			vertex 7.179980278015137 4 0.09999999403953552
		endloop
	endfacet
	facet normal 6.763909492103039e-17 1.4963664304765023e-16 1
		outer loop
			vertex 6.519516468048096 3.4638551473617554 0.09999999403953565
			vertex 6.55912971496582 3.445949077606201 0.09999999403953565
			vertex 7.179980278015137 4 0.09999999403953552
		endloop
	endfacet
	facet normal -0.08480507269513457 0.9963975610393538 0
		outer loop
			vertex 6.390817642211914 3.474809169769287 0.09999999403953563
			vertex 6.4341325759887695 3.47849577665329 0.6818498969078065
			vertex 6.4341325759887695 3.47849577665329 0.09999999403953563
		endloop
	endfacet
	facet normal 0.08480414583362067 0.9963976399256624 0
		outer loop
			vertex 6.4341325759887695 3.47849577665329 0.6818498969078065
			vertex 6.477447986602783 3.474809169769287 0.6818498969078065
			vertex 6.4341325759887695 3.47849577665329 0.09999999403953563
		endloop
	endfacet
	facet normal 0.08480414583362067 0.9963976399256624 0
		outer loop
			vertex 6.477447986602783 3.474809169769287 0.6818498969078065
			vertex 6.477447986602783 3.474809169769287 0.09999999403953563
			vertex 6.4341325759887695 3.47849577665329 0.09999999403953563
		endloop
	endfacet
	facet normal -0.2519805954394317 0.9677322871135331 0
		outer loop
			vertex 6.348748683929443 3.4638551473617554 0.09999999403953565
			vertex 6.390817642211914 3.474809169769287 0.6818498969078065
			vertex 6.390817642211914 3.474809169769287 0.09999999403953563
		endloop
	endfacet
	facet normal -0.08480507269513457 0.9963975610393538 0
		outer loop
			vertex 6.390817642211914 3.474809169769287 0.6818498969078065
			vertex 6.4341325759887695 3.47849577665329 0.6818498969078065
			vertex 6.390817642211914 3.474809169769287 0.09999999403953563
		endloop
	endfacet
	facet normal 0.2519832702334696 0.9677315906399079 0
		outer loop
			vertex 6.477447986602783 3.474809169769287 0.6818498969078065
			vertex 6.519516468048096 3.4638551473617554 0.6818498969078065
			vertex 6.477447986602783 3.474809169769287 0.09999999403953563
		endloop
	endfacet
	facet normal 0.2519832702334696 0.9677315906399079 0
		outer loop
			vertex 6.519516468048096 3.4638551473617554 0.6818498969078065
			vertex 6.519516468048096 3.4638551473617554 0.09999999403953565
			vertex 6.477447986602783 3.474809169769287 0.09999999403953563
		endloop
	endfacet
	facet normal -0.4119006502068325 0.9112287607177403 0
		outer loop
			vertex 6.309135913848877 3.445949077606201 0.09999999403953565
			vertex 6.348748683929443 3.4638551473617554 0.6818498969078065
			vertex 6.348748683929443 3.4638551473617554 0.09999999403953565
		endloop
	endfacet
	facet normal -0.2519805954394317 0.9677322871135331 0
		outer loop
			vertex 6.348748683929443 3.4638551473617554 0.6818498969078065
			vertex 6.390817642211914 3.474809169769287 0.6818498969078065
			vertex 6.348748683929443 3.4638551473617554 0.09999999403953565
		endloop
	endfacet
	facet normal 0.41189653323121 0.9112306216936034 0
		outer loop
			vertex 6.519516468048096 3.4638551473617554 0.6818498969078065
			vertex 6.55912971496582 3.445949077606201 0.6818498969078065
			vertex 6.519516468048096 3.4638551473617554 0.09999999403953565
		endloop
	endfacet
	facet normal 0.41189653323121 0.9112306216936034 0
		outer loop
			vertex 6.55912971496582 3.445949077606201 0.6818498969078065
			vertex 6.55912971496582 3.445949077606201 0.09999999403953565
			vertex 6.519516468048096 3.4638551473617554 0.09999999403953565
		endloop
	endfacet
	facet normal -0.5599717924461306 0.8285116726182363 0
		outer loop
			vertex 6.27311897277832 3.4216060638427734 0.09999999403953565
			vertex 6.309135913848877 3.445949077606201 0.6818498969078065
			vertex 6.309135913848877 3.445949077606201 0.09999999403953565
		endloop
	endfacet
	facet normal -0.4119006502068325 0.9112287607177403 0
		outer loop
			vertex 6.309135913848877 3.445949077606201 0.6818498969078065
			vertex 6.348748683929443 3.4638551473617554 0.6818498969078065
			vertex 6.309135913848877 3.445949077606201 0.09999999403953565
		endloop
	endfacet
	facet normal 0.559976881414186 0.8285082330801805 0
		outer loop
			vertex 6.55912971496582 3.445949077606201 0.6818498969078065
			vertex 6.595146179199219 3.4216060638427734 0.6818498969078065
			vertex 6.55912971496582 3.445949077606201 0.09999999403953565
		endloop
	endfacet
	facet normal 0.559976881414186 0.8285082330801805 0
		outer loop
			vertex 6.595146179199219 3.4216060638427734 0.6818498969078065
			vertex 6.595146179199219 3.4216060638427734 0.09999999403953565
			vertex 6.55912971496582 3.445949077606201 0.09999999403953565
		endloop
	endfacet
	facet normal -0.691940621880006 0.7219544139295159 0
		outer loop
			vertex 6.241734504699707 3.3915263414382935 0.09999999403953566
			vertex 6.27311897277832 3.4216060638427734 0.6818498969078065
			vertex 6.27311897277832 3.4216060638427734 0.09999999403953565
		endloop
	endfacet
	facet normal -0.5599717924461306 0.8285116726182363 0
		outer loop
			vertex 6.27311897277832 3.4216060638427734 0.6818498969078065
			vertex 6.309135913848877 3.445949077606201 0.6818498969078065
			vertex 6.27311897277832 3.4216060638427734 0.09999999403953565
		endloop
	endfacet
	facet normal 0.691940621880006 0.7219544139295159 0
		outer loop
			vertex 6.595146179199219 3.4216060638427734 0.6818498969078065
			vertex 6.626530647277832 3.3915263414382935 0.6818498969078065
			vertex 6.595146179199219 3.4216060638427734 0.09999999403953565
		endloop
	endfacet
	facet normal 0.691940621880006 0.7219544139295159 0
		outer loop
			vertex 6.626530647277832 3.3915263414382935 0.6818498969078065
			vertex 6.626530647277832 3.3915263414382935 0.09999999403953566
			vertex 6.595146179199219 3.4216060638427734 0.09999999403953565
		endloop
	endfacet
	facet normal -0.8039962158725824 0.5946344127802964 0
		outer loop
			vertex 6.215884685516357 3.3565751910209656 0.09999999403953566
			vertex 6.241734504699707 3.3915263414382935 0.6818498969078065
			vertex 6.241734504699707 3.3915263414382935 0.09999999403953566
		endloop
	endfacet
	facet normal -0.691940621880006 0.7219544139295159 0
		outer loop
			vertex 6.241734504699707 3.3915263414382935 0.6818498969078065
			vertex 6.27311897277832 3.4216060638427734 0.6818498969078065
			vertex 6.241734504699707 3.3915263414382935 0.09999999403953566
		endloop
	endfacet
	facet normal 0.8039962158725824 0.5946344127802964 0
		outer loop
			vertex 6.626530647277832 3.3915263414382935 0.6818498969078065
			vertex 6.652380466461182 3.3565751910209656 0.6818498969078065
			vertex 6.626530647277832 3.3915263414382935 0.09999999403953566
		endloop
	endfacet
	facet normal 0.8039962158725824 0.5946344127802964 0
		outer loop
			vertex 6.652380466461182 3.3565751910209656 0.6818498969078065
			vertex 6.652380466461182 3.3565751910209656 0.09999999403953566
			vertex 6.626530647277832 3.3915263414382935 0.09999999403953566
		endloop
	endfacet
	facet normal -0.8929287835617951 0.45019794256177276 0
		outer loop
			vertex 6.196313858032227 3.3177581429481506 0.09999999403953568
			vertex 6.215884685516357 3.3565751910209656 0.6818498969078065
			vertex 6.215884685516357 3.3565751910209656 0.09999999403953566
		endloop
	endfacet
	facet normal -0.8039962158725824 0.5946344127802964 0
		outer loop
			vertex 6.215884685516357 3.3565751910209656 0.6818498969078065
			vertex 6.241734504699707 3.3915263414382935 0.6818498969078065
			vertex 6.215884685516357 3.3565751910209656 0.09999999403953566
		endloop
	endfacet
	facet normal 0.892924374087547 0.4502066882670255 0
		outer loop
			vertex 6.652380466461182 3.3565751910209656 0.6818498969078065
			vertex 6.671951770782471 3.3177581429481506 0.6818498969078065
			vertex 6.652380466461182 3.3565751910209656 0.09999999403953566
		endloop
	endfacet
	facet normal 0.892924374087547 0.4502066882670255 0
		outer loop
			vertex 6.671951770782471 3.3177581429481506 0.6818498969078065
			vertex 6.671951770782471 3.3177581429481506 0.09999999403953568
			vertex 6.652380466461182 3.3565751910209656 0.09999999403953566
		endloop
	endfacet
	facet normal -0.9561658252272448 0.29282574112858 0
		outer loop
			vertex 6.183584213256836 3.2761919498443604 0.09999999403953569
			vertex 6.196313858032227 3.3177581429481506 0.6818498969078065
			vertex 6.196313858032227 3.3177581429481506 0.09999999403953568
		endloop
	endfacet
	facet normal -0.8929287835617951 0.45019794256177276 0
		outer loop
			vertex 6.196313858032227 3.3177581429481506 0.6818498969078065
			vertex 6.215884685516357 3.3565751910209656 0.6818498969078065
			vertex 6.196313858032227 3.3177581429481506 0.09999999403953568
		endloop
	endfacet
	facet normal 0.9561688963663231 0.2928157127300509 0
		outer loop
			vertex 6.671951770782471 3.3177581429481506 0.6818498969078065
			vertex 6.684680938720703 3.2761919498443604 0.6818498969078065
			vertex 6.671951770782471 3.3177581429481506 0.09999999403953568
		endloop
	endfacet
	facet normal 0.9561688963663231 0.2928157127300509 0
		outer loop
			vertex 6.684680938720703 3.2761919498443604 0.6818498969078065
			vertex 6.684680938720703 3.2761919498443604 0.09999999403953569
			vertex 6.671951770782471 3.3177581429481506 0.09999999403953568
		endloop
	endfacet
	facet normal -0.9918987635809449 0.12703087343867567 0
		outer loop
			vertex 6.1780619621276855 3.2330724000930786 0.09999999403953569
			vertex 6.183584213256836 3.2761919498443604 0.6818498969078065
			vertex 6.183584213256836 3.2761919498443604 0.09999999403953569
		endloop
	endfacet
	facet normal -0.9561658252272448 0.29282574112858 0
		outer loop
			vertex 6.183584213256836 3.2761919498443604 0.6818498969078065
			vertex 6.196313858032227 3.3177581429481506 0.6818498969078065
			vertex 6.183584213256836 3.2761919498443604 0.09999999403953569
		endloop
	endfacet
	facet normal 0.9918987635809449 0.12703087343867567 0
		outer loop
			vertex 6.684680938720703 3.2761919498443604 0.6818498969078065
			vertex 6.6902031898498535 3.2330724000930786 0.6818498969078066
			vertex 6.684680938720703 3.2761919498443604 0.09999999403953569
		endloop
	endfacet
	facet normal 0.9918987635809449 0.12703087343867567 0
		outer loop
			vertex 6.6902031898498535 3.2330724000930786 0.6818498969078066
			vertex 6.6902031898498535 3.2330724000930786 0.09999999403953569
			vertex 6.684680938720703 3.2761919498443604 0.09999999403953569
		endloop
	endfacet
	facet normal -1.886787958651697e-15 2.393383554194636e-16 1
		outer loop
			vertex 6.150420665740967 0 0.09999999403953641
			vertex 6.17990779876709 3.1896398067474365 0.0999999940395357
			vertex 6.1780619621276855 3.2330724000930786 0.09999999403953569
		endloop
	endfacet
	facet normal -0.9990981440190979 -0.04246055366565674 0
		outer loop
			vertex 6.17990779876709 3.1896398067474365 0.0999999940395357
			vertex 6.1780619621276855 3.2330724000930786 0.6818498969078066
			vertex 6.1780619621276855 3.2330724000930786 0.09999999403953569
		endloop
	endfacet
	facet normal -0.991898763580945 0.12703087343867567 0
		outer loop
			vertex 6.1780619621276855 3.2330724000930786 0.6818498969078066
			vertex 6.183584213256836 3.2761919498443604 0.6818498969078065
			vertex 6.1780619621276855 3.2330724000930786 0.09999999403953569
		endloop
	endfacet
	facet normal 0.9990986092842125 -0.04244960454883943 0
		outer loop
			vertex 6.6902031898498535 3.2330724000930786 0.6818498969078066
			vertex 6.688357830047607 3.1896398067474365 0.6818498969078066
			vertex 6.6902031898498535 3.2330724000930786 0.09999999403953569
		endloop
	endfacet
	facet normal 0.9990986092842125 -0.04244960454883943 0
		outer loop
			vertex 6.688357830047607 3.1896398067474365 0.6818498969078066
			vertex 6.688357830047607 3.1896398067474365 0.0999999940395357
			vertex 6.6902031898498535 3.2330724000930786 0.09999999403953569
		endloop
	endfacet
	facet normal -2.987809754885099e-15 -3.173232200244275e-16 1
		outer loop
			vertex 6.29120397567749 2.5790512561798096 0.09999999403953584
			vertex 6.189065933227539 3.14714378118515 0.09999999403953572
			vertex 6.17990779876709 3.1896398067474365 0.0999999940395357
		endloop
	endfacet
	facet normal -7.323939580365726e-16 9.378693803406871e-17 1
		outer loop
			vertex 6.286488056182861 2.5422240495681763 0.09999999403953584
			vertex 6.29120397567749 2.5790512561798096 0.09999999403953584
			vertex 6.17990779876709 3.1896398067474365 0.0999999940395357
		endloop
	endfacet
	facet normal 1.3080298297800781e-15 4.2968993410919825e-16 1
		outer loop
			vertex 6.288064002990723 2.5051294565200806 0.09999999403953586
			vertex 6.286488056182861 2.5422240495681763 0.09999999403953584
			vertex 6.17990779876709 3.1896398067474365 0.0999999940395357
		endloop
	endfacet
	facet normal -6.6891380385767936e-18 2.2195748253582328e-16 1
		outer loop
			vertex 6.150420665740967 0 0.09999999403953641
			vertex 6.288064002990723 2.5051294565200806 0.09999999403953586
			vertex 6.17990779876709 3.1896398067474365 0.0999999940395357
		endloop
	endfacet
	facet normal -0.9775574164739615 -0.21066916598485375 0
		outer loop
			vertex 6.189065933227539 3.14714378118515 0.09999999403953572
			vertex 6.17990779876709 3.1896398067474365 0.6818498969078066
			vertex 6.17990779876709 3.1896398067474365 0.0999999940395357
		endloop
	endfacet
	facet normal -0.9990981440190979 -0.04246055366565674 0
		outer loop
			vertex 6.17990779876709 3.1896398067474365 0.6818498969078066
			vertex 6.1780619621276855 3.2330724000930786 0.6818498969078066
			vertex 6.17990779876709 3.1896398067474365 0.0999999940395357
		endloop
	endfacet
	facet normal 0.9775551574694255 -0.2106796480558261 0
		outer loop
			vertex 6.688357830047607 3.1896398067474365 0.6818498969078066
			vertex 6.67919921875 3.14714378118515 0.6818498969078066
			vertex 6.688357830047607 3.1896398067474365 0.0999999940395357
		endloop
	endfacet
	facet normal 0.9775551574694255 -0.2106796480558261 0
		outer loop
			vertex 6.67919921875 3.14714378118515 0.6818498969078066
			vertex 6.67919921875 3.14714378118515 0.09999999403953572
			vertex 6.688357830047607 3.1896398067474365 0.0999999940395357
		endloop
	endfacet
	facet normal 9.901765175371042e-16 3.9788374516872013e-16 1
		outer loop
			vertex 6.29120397567749 2.5790512561798096 0.09999999403953584
			vertex 6.20527458190918 3.1068068146705627 0.09999999403953572
			vertex 6.189065933227539 3.14714378118515 0.09999999403953572
		endloop
	endfacet
	facet normal -0.9278896448381174 -0.3728549409652398 0
		outer loop
			vertex 6.20527458190918 3.1068068146705627 0.09999999403953572
			vertex 6.189065933227539 3.14714378118515 0.6818498969078066
			vertex 6.189065933227539 3.14714378118515 0.09999999403953572
		endloop
	endfacet
	facet normal -0.9775574164739615 -0.21066916598485375 0
		outer loop
			vertex 6.189065933227539 3.14714378118515 0.6818498969078066
			vertex 6.17990779876709 3.1896398067474365 0.6818498969078066
			vertex 6.189065933227539 3.14714378118515 0.09999999403953572
		endloop
	endfacet
	facet normal -5.210335293032694e-16 2.0936748986262694e-16 1
		outer loop
			vertex 6.662990570068359 3.1068068146705627 0.09999999403953572
			vertex 6.691589832305908 2.6477043628692627 0.09999999403953583
			vertex 6.67919921875 3.14714378118515 0.09999999403953572
		endloop
	endfacet
	facet normal 0.9278896448381174 -0.3728549409652398 0
		outer loop
			vertex 6.67919921875 3.14714378118515 0.6818498969078066
			vertex 6.662990570068359 3.1068068146705627 0.6818498969078066
			vertex 6.67919921875 3.14714378118515 0.09999999403953572
		endloop
	endfacet
	facet normal 0.9278896448381174 -0.3728549409652398 0
		outer loop
			vertex 6.662990570068359 3.1068068146705627 0.6818498969078066
			vertex 6.662990570068359 3.1068068146705627 0.09999999403953572
			vertex 6.67919921875 3.14714378118515 0.09999999403953572
		endloop
	endfacet
	facet normal -3.052165411110741e-16 1.86967273649897e-16 1
		outer loop
			vertex 6.29120397567749 2.5790512561798096 0.09999999403953584
			vertex 6.228067398071289 3.069789409637451 0.09999999403953573
			vertex 6.20527458190918 3.1068068146705627 0.09999999403953572
		endloop
	endfacet
	facet normal -0.8515260981946374 -0.5243122200496729 0
		outer loop
			vertex 6.228067398071289 3.069789409637451 0.09999999403953573
			vertex 6.20527458190918 3.1068068146705627 0.6818498969078066
			vertex 6.20527458190918 3.1068068146705627 0.09999999403953572
		endloop
	endfacet
	facet normal -0.9278896448381174 -0.3728549409652398 0
		outer loop
			vertex 6.20527458190918 3.1068068146705627 0.6818498969078066
			vertex 6.189065933227539 3.14714378118515 0.6818498969078066
			vertex 6.20527458190918 3.1068068146705627 0.09999999403953572
		endloop
	endfacet
	facet normal -2.7897789706666217e-16 2.5473963056020937e-16 1
		outer loop
			vertex 6.6119465827941895 2.7240360975265503 0.0999999940395358
			vertex 6.642707347869873 2.7032454013824463 0.09999999403953581
			vertex 6.662990570068359 3.1068068146705627 0.09999999403953572
		endloop
	endfacet
	facet normal 3.2622137457366136e-16 1.7403391683571108e-16 1
		outer loop
			vertex 6.64019775390625 3.069789409637451 0.09999999403953573
			vertex 6.6119465827941895 2.7240360975265503 0.0999999940395358
			vertex 6.662990570068359 3.1068068146705627 0.09999999403953572
		endloop
	endfacet
	facet normal -3.293665191484107e-16 2.2130716708325342e-16 1
		outer loop
			vertex 6.6695122718811035 2.6775550842285156 0.09999999403953581
			vertex 6.691589832305908 2.6477043628692627 0.09999999403953583
			vertex 6.662990570068359 3.1068068146705627 0.09999999403953572
		endloop
	endfacet
	facet normal 2.2010583369928147e-16 2.2965540329404117e-16 1
		outer loop
			vertex 6.642707347869873 2.7032454013824463 0.09999999403953581
			vertex 6.6695122718811035 2.6775550842285156 0.09999999403953581
			vertex 6.662990570068359 3.1068068146705627 0.09999999403953572
		endloop
	endfacet
	facet normal 0.8515260981946374 -0.5243122200496729 0
		outer loop
			vertex 6.662990570068359 3.1068068146705627 0.6818498969078066
			vertex 6.64019775390625 3.069789409637451 0.6818498969078066
			vertex 6.662990570068359 3.1068068146705627 0.09999999403953572
		endloop
	endfacet
	facet normal 0.8515260981946374 -0.5243122200496729 0
		outer loop
			vertex 6.64019775390625 3.069789409637451 0.6818498969078066
			vertex 6.64019775390625 3.069789409637451 0.09999999403953573
			vertex 6.662990570068359 3.1068068146705627 0.09999999403953572
		endloop
	endfacet
	facet normal 3.0106607386888986e-16 2.6496937946186567e-16 1
		outer loop
			vertex 6.29120397567749 2.5790512561798096 0.09999999403953584
			vertex 6.2567877769470215 3.0371564626693726 0.09999999403953573
			vertex 6.228067398071289 3.069789409637451 0.09999999403953573
		endloop
	endfacet
	facet normal -0.7506748918238463 -0.6606717844627971 0
		outer loop
			vertex 6.2567877769470215 3.0371564626693726 0.09999999403953573
			vertex 6.228067398071289 3.069789409637451 0.6818498969078066
			vertex 6.228067398071289 3.069789409637451 0.09999999403953573
		endloop
	endfacet
	facet normal -0.8515260981946374 -0.5243122200496729 0
		outer loop
			vertex 6.228067398071289 3.069789409637451 0.6818498969078066
			vertex 6.20527458190918 3.1068068146705627 0.6818498969078066
			vertex 6.228067398071289 3.069789409637451 0.09999999403953573
		endloop
	endfacet
	facet normal -2.5136583504594616e-16 2.2122801308739716e-16 1
		outer loop
			vertex 6.611477375030518 3.0371564626693726 0.09999999403953573
			vertex 6.6119465827941895 2.7240360975265503 0.0999999940395358
			vertex 6.64019775390625 3.069789409637451 0.09999999403953573
		endloop
	endfacet
	facet normal 0.7506748918238463 -0.6606717844627971 0
		outer loop
			vertex 6.64019775390625 3.069789409637451 0.6818498969078066
			vertex 6.611477375030518 3.0371564626693726 0.6818498969078066
			vertex 6.64019775390625 3.069789409637451 0.09999999403953573
		endloop
	endfacet
	facet normal 0.7506748918238463 -0.6606717844627971 0
		outer loop
			vertex 6.611477375030518 3.0371564626693726 0.6818498969078066
			vertex 6.611477375030518 3.0371564626693726 0.09999999403953573
			vertex 6.64019775390625 3.069789409637451 0.09999999403953573
		endloop
	endfacet
	facet normal -2.284831221281187e-16 2.251857880317425e-16 1
		outer loop
			vertex 6.29120397567749 2.5790512561798096 0.09999999403953584
			vertex 6.2906107902526855 3.009846568107605 0.09999999403953574
			vertex 6.2567877769470215 3.0371564626693726 0.09999999403953573
		endloop
	endfacet
	facet normal -0.6282160793498557 -0.7780389178224288 0
		outer loop
			vertex 6.2906107902526855 3.009846568107605 0.09999999403953574
			vertex 6.2567877769470215 3.0371564626693726 0.6818498969078066
			vertex 6.2567877769470215 3.0371564626693726 0.09999999403953573
		endloop
	endfacet
	facet normal -0.7506748918238463 -0.6606717844627971 0
		outer loop
			vertex 6.2567877769470215 3.0371564626693726 0.6818498969078066
			vertex 6.228067398071289 3.069789409637451 0.6818498969078066
			vertex 6.2567877769470215 3.0371564626693726 0.09999999403953573
		endloop
	endfacet
	facet normal 2.680847321010172e-16 1.7614429703484102e-16 1
		outer loop
			vertex 6.577654838562012 3.009846568107605 0.09999999403953574
			vertex 6.542184829711914 2.7486846446990967 0.0999999940395358
			vertex 6.611477375030518 3.0371564626693726 0.09999999403953573
		endloop
	endfacet
	facet normal 5.894536926852573e-17 2.2638074258761775e-16 1
		outer loop
			vertex 6.542184829711914 2.7486846446990967 0.0999999940395358
			vertex 6.5781145095825195 2.739329218864441 0.0999999940395358
			vertex 6.611477375030518 3.0371564626693726 0.09999999403953573
		endloop
	endfacet
	facet normal 1.0023992415587843e-16 2.217548908326182e-16 1
		outer loop
			vertex 6.5781145095825195 2.739329218864441 0.0999999940395358
			vertex 6.6119465827941895 2.7240360975265503 0.0999999940395358
			vertex 6.611477375030518 3.0371564626693726 0.09999999403953573
		endloop
	endfacet
	facet normal 0.6282214406729842 -0.778034588870418 0
		outer loop
			vertex 6.611477375030518 3.0371564626693726 0.6818498969078066
			vertex 6.577654838562012 3.009846568107605 0.6818498969078066
			vertex 6.611477375030518 3.0371564626693726 0.09999999403953573
		endloop
	endfacet
	facet normal 0.6282214406729842 -0.778034588870418 0
		outer loop
			vertex 6.577654838562012 3.009846568107605 0.6818498969078066
			vertex 6.577654838562012 3.009846568107605 0.09999999403953574
			vertex 6.611477375030518 3.0371564626693726 0.09999999403953573
		endloop
	endfacet
	facet normal 1.260679435420357e-16 2.2567398861954222e-16 1
		outer loop
			vertex 6.29120397567749 2.5790512561798096 0.09999999403953584
			vertex 6.328562259674072 2.9886457920074463 0.09999999403953574
			vertex 6.2906107902526855 3.009846568107605 0.09999999403953574
		endloop
	endfacet
	facet normal -0.4876916703506877 -0.8730159418192524 0
		outer loop
			vertex 6.328562259674072 2.9886457920074463 0.09999999403953574
			vertex 6.2906107902526855 3.009846568107605 0.6818498969078066
			vertex 6.2906107902526855 3.009846568107605 0.09999999403953574
		endloop
	endfacet
	facet normal -0.6282160793498557 -0.7780389178224288 0
		outer loop
			vertex 6.2906107902526855 3.009846568107605 0.6818498969078066
			vertex 6.2567877769470215 3.0371564626693726 0.6818498969078066
			vertex 6.2906107902526855 3.009846568107605 0.09999999403953574
		endloop
	endfacet
	facet normal -2.1383002266074334e-16 3.827767213825199e-16 1
		outer loop
			vertex 6.539703369140625 2.9886457920074463 0.09999999403953574
			vertex 6.318790912628174 2.6477043628692627 0.09999999403953583
			vertex 6.577654838562012 3.009846568107605 0.09999999403953574
		endloop
	endfacet
	facet normal 9.480281559711437e-15 -6.5466994522160954e-15 1
		outer loop
			vertex 6.318790912628174 2.6477043628692627 0.09999999403953583
			vertex 6.3408684730529785 2.6775550842285156 0.09999999403953581
			vertex 6.577654838562012 3.009846568107605 0.09999999403953574
		endloop
	endfacet
	facet normal -6.312561312233645e-16 6.586439757703305e-16 1
		outer loop
			vertex 6.3408684730529785 2.6775550842285156 0.09999999403953581
			vertex 6.367673397064209 2.7032454013824463 0.09999999403953581
			vertex 6.577654838562012 3.009846568107605 0.09999999403953574
		endloop
	endfacet
	facet normal 5.5517354064528335e-16 -1.539041805061444e-16 1
		outer loop
			vertex 6.367673397064209 2.7032454013824463 0.09999999403953581
			vertex 6.398434162139893 2.7240360975265503 0.0999999940395358
			vertex 6.577654838562012 3.009846568107605 0.09999999403953574
		endloop
	endfacet
	facet normal -1.2252466727888472e-16 2.710541178630628e-16 1
		outer loop
			vertex 6.398434162139893 2.7240360975265503 0.0999999940395358
			vertex 6.4322662353515625 2.739329218864441 0.0999999940395358
			vertex 6.577654838562012 3.009846568107605 0.09999999403953574
		endloop
	endfacet
	facet normal -6.212414938872915e-17 2.3859207077511847e-16 1
		outer loop
			vertex 6.4322662353515625 2.739329218864441 0.0999999940395358
			vertex 6.468196392059326 2.7486846446990967 0.0999999940395358
			vertex 6.577654838562012 3.009846568107605 0.09999999403953574
		endloop
	endfacet
	facet normal -1.8760175015094414e-17 2.204173184713694e-16 1
		outer loop
			vertex 6.468196392059326 2.7486846446990967 0.0999999940395358
			vertex 6.505190849304199 2.7518333196640015 0.0999999940395358
			vertex 6.577654838562012 3.009846568107605 0.09999999403953574
		endloop
	endfacet
	facet normal 1.788445074088513e-17 2.1012553778508313e-16 1
		outer loop
			vertex 6.505190849304199 2.7518333196640015 0.0999999940395358
			vertex 6.542184829711914 2.7486846446990967 0.0999999940395358
			vertex 6.577654838562012 3.009846568107605 0.09999999403953574
		endloop
	endfacet
	facet normal 0.4876916703506877 -0.8730159418192524 0
		outer loop
			vertex 6.577654838562012 3.009846568107605 0.6818498969078066
			vertex 6.539703369140625 2.9886457920074463 0.6818498969078066
			vertex 6.577654838562012 3.009846568107605 0.09999999403953574
		endloop
	endfacet
	facet normal 0.4876916703506877 -0.8730159418192524 0
		outer loop
			vertex 6.539703369140625 2.9886457920074463 0.6818498969078066
			vertex 6.539703369140625 2.9886457920074463 0.09999999403953574
			vertex 6.577654838562012 3.009846568107605 0.09999999403953574
		endloop
	endfacet
	facet normal 8.118282924943502e-17 2.2976786854294933e-16 1
		outer loop
			vertex 6.29120397567749 2.5790512561798096 0.09999999403953584
			vertex 6.369550704956055 2.97416353225708 0.09999999403953574
			vertex 6.328562259674072 2.9886457920074463 0.09999999403953574
		endloop
	endfacet
	facet normal -0.3331422636493102 -0.9428765731370218 0
		outer loop
			vertex 6.369550704956055 2.97416353225708 0.09999999403953574
			vertex 6.328562259674072 2.9886457920074463 0.6818498969078066
			vertex 6.328562259674072 2.9886457920074463 0.09999999403953574
		endloop
	endfacet
	facet normal -0.4876916703506877 -0.8730159418192524 0
		outer loop
			vertex 6.328562259674072 2.9886457920074463 0.6818498969078066
			vertex 6.2906107902526855 3.009846568107605 0.6818498969078066
			vertex 6.328562259674072 2.9886457920074463 0.09999999403953574
		endloop
	endfacet
	facet normal -1.1191028123776543e-16 3.167379870996927e-16 1
		outer loop
			vertex 6.498714447021484 2.97416353225708 0.09999999403953574
			vertex 6.318790912628174 2.6477043628692627 0.09999999403953583
			vertex 6.539703369140625 2.9886457920074463 0.09999999403953574
		endloop
	endfacet
	facet normal 0.3331388182159274 -0.9428777904891468 0
		outer loop
			vertex 6.539703369140625 2.9886457920074463 0.6818498969078066
			vertex 6.498714447021484 2.97416353225708 0.6818498969078066
			vertex 6.539703369140625 2.9886457920074463 0.09999999403953574
		endloop
	endfacet
	facet normal 0.3331388182159274 -0.9428777904891468 0
		outer loop
			vertex 6.498714447021484 2.97416353225708 0.6818498969078066
			vertex 6.498714447021484 2.97416353225708 0.09999999403953574
			vertex 6.539703369140625 2.9886457920074463 0.09999999403953574
		endloop
	endfacet
	facet normal 1.3436232227875336e-15 -2.056116887605187e-17 1
		outer loop
			vertex 6.29120397567749 2.5790512561798096 0.09999999403953584
			vertex 6.3020758628845215 2.6145517826080322 0.09999999403953583
			vertex 6.369550704956055 2.97416353225708 0.09999999403953574
		endloop
	endfacet
	facet normal -2.7533659666177403e-16 2.8320826647779427e-16 1
		outer loop
			vertex 6.3020758628845215 2.6145517826080322 0.09999999403953583
			vertex 6.4123969078063965 2.966816782951355 0.09999999403953576
			vertex 6.369550704956055 2.97416353225708 0.09999999403953574
		endloop
	endfacet
	facet normal -0.16900149088186484 -0.9856157953684119 0
		outer loop
			vertex 6.4123969078063965 2.966816782951355 0.09999999403953576
			vertex 6.369550704956055 2.97416353225708 0.6818498969078066
			vertex 6.369550704956055 2.97416353225708 0.09999999403953574
		endloop
	endfacet
	facet normal -0.3331422636493102 -0.9428765731370218 0
		outer loop
			vertex 6.369550704956055 2.97416353225708 0.6818498969078066
			vertex 6.328562259674072 2.9886457920074463 0.6818498969078066
			vertex 6.369550704956055 2.97416353225708 0.09999999403953574
		endloop
	endfacet
	facet normal 3.0940229659551204e-16 8.453728576767233e-17 1
		outer loop
			vertex 6.455868244171143 2.966816782951355 0.09999999403953576
			vertex 6.318790912628174 2.6477043628692627 0.09999999403953583
			vertex 6.498714447021484 2.97416353225708 0.09999999403953574
		endloop
	endfacet
	facet normal 0.16900149088186484 -0.9856157953684119 0
		outer loop
			vertex 6.498714447021484 2.97416353225708 0.6818498969078066
			vertex 6.455868244171143 2.966816782951355 0.6818498969078066
			vertex 6.498714447021484 2.97416353225708 0.09999999403953574
		endloop
	endfacet
	facet normal 0.16900149088186484 -0.9856157953684119 0
		outer loop
			vertex 6.455868244171143 2.966816782951355 0.6818498969078066
			vertex 6.455868244171143 2.966816782951355 0.09999999403953576
			vertex 6.498714447021484 2.97416353225708 0.09999999403953574
		endloop
	endfacet
	facet normal 8.258388559469414e-18 1.9439304193456973e-16 1
		outer loop
			vertex 6.3020758628845215 2.6145517826080322 0.09999999403953583
			vertex 6.4341325759887695 2.9658933877944946 0.09999999403953576
			vertex 6.4123969078063965 2.966816782951355 0.09999999403953576
		endloop
	endfacet
	facet normal -0.042444658399261745 -0.9990988194234692 0
		outer loop
			vertex 6.4341325759887695 2.9658933877944946 0.09999999403953576
			vertex 6.4341325759887695 2.9658933877944946 0.6818498969078066
			vertex 6.4123969078063965 2.966816782951355 0.09999999403953576
		endloop
	endfacet
	facet normal -0.042444658399261745 -0.9990988194234692 0
		outer loop
			vertex 6.4341325759887695 2.9658933877944946 0.6818498969078066
			vertex 6.4123969078063965 2.966816782951355 0.6818498969078066
			vertex 6.4123969078063965 2.966816782951355 0.09999999403953576
		endloop
	endfacet
	facet normal -0.16900149088186484 -0.9856157953684119 0
		outer loop
			vertex 6.4123969078063965 2.966816782951355 0.6818498969078066
			vertex 6.369550704956055 2.97416353225708 0.6818498969078066
			vertex 6.4123969078063965 2.966816782951355 0.09999999403953576
		endloop
	endfacet
	facet normal -9.409352461727274e-18 2.2148541867436834e-16 1
		outer loop
			vertex 6.4341325759887695 2.9658933877944946 0.09999999403953576
			vertex 6.318790912628174 2.6477043628692627 0.09999999403953583
			vertex 6.455868244171143 2.966816782951355 0.09999999403953576
		endloop
	endfacet
	facet normal 0.042444658399261745 -0.9990988194234692 0
		outer loop
			vertex 6.455868244171143 2.966816782951355 0.6818498969078066
			vertex 6.4341325759887695 2.9658933877944946 0.09999999403953576
			vertex 6.455868244171143 2.966816782951355 0.09999999403953576
		endloop
	endfacet
	facet normal -1.5390821157203292e-15 7.759828623027417e-16 1
		outer loop
			vertex 6.3020758628845215 2.6145517826080322 0.09999999403953583
			vertex 6.318790912628174 2.6477043628692627 0.09999999403953583
			vertex 6.4341325759887695 2.9658933877944946 0.09999999403953576
		endloop
	endfacet
	facet normal 0.042444658399261745 -0.9990988194234692 0
		outer loop
			vertex 6.455868244171143 2.966816782951355 0.6818498969078066
			vertex 6.4341325759887695 2.9658933877944946 0.6818498969078066
			vertex 6.4341325759887695 2.9658933877944946 0.09999999403953576
		endloop
	endfacet
	facet normal -0.08480545966833414 0.9963975281033383 0
		outer loop
			vertex 6.468196392059326 2.7486846446990967 0.0999999940395358
			vertex 6.505190849304199 2.7518333196640015 0.6818498969078066
			vertex 6.505190849304199 2.7518333196640015 0.0999999940395358
		endloop
	endfacet
	facet normal 0.08480654491400941 0.9963974357352332 0
		outer loop
			vertex 6.505190849304199 2.7518333196640015 0.6818498969078066
			vertex 6.542184829711914 2.7486846446990967 0.6818498969078067
			vertex 6.505190849304199 2.7518333196640015 0.0999999940395358
		endloop
	endfacet
	facet normal 0.08480654491400942 0.9963974357352332 0
		outer loop
			vertex 6.542184829711914 2.7486846446990967 0.6818498969078067
			vertex 6.542184829711914 2.7486846446990967 0.0999999940395358
			vertex 6.505190849304199 2.7518333196640015 0.0999999940395358
		endloop
	endfacet
	facet normal -0.2519765647597642 0.9677333366231983 0
		outer loop
			vertex 6.4322662353515625 2.739329218864441 0.0999999940395358
			vertex 6.468196392059326 2.7486846446990967 0.6818498969078067
			vertex 6.468196392059326 2.7486846446990967 0.0999999940395358
		endloop
	endfacet
	facet normal -0.08480545966833415 0.9963975281033383 0
		outer loop
			vertex 6.468196392059326 2.7486846446990967 0.6818498969078067
			vertex 6.505190849304199 2.7518333196640015 0.6818498969078066
			vertex 6.468196392059326 2.7486846446990967 0.0999999940395358
		endloop
	endfacet
	facet normal 0.2519796965145456 0.9677325211774365 0
		outer loop
			vertex 6.542184829711914 2.7486846446990967 0.6818498969078067
			vertex 6.5781145095825195 2.739329218864441 0.6818498969078067
			vertex 6.542184829711914 2.7486846446990967 0.0999999940395358
		endloop
	endfacet
	facet normal 0.2519796965145456 0.9677325211774365 0
		outer loop
			vertex 6.5781145095825195 2.739329218864441 0.6818498969078067
			vertex 6.5781145095825195 2.739329218864441 0.0999999940395358
			vertex 6.542184829711914 2.7486846446990967 0.0999999940395358
		endloop
	endfacet
	facet normal -0.4119025903341038 0.9112278837239648 0
		outer loop
			vertex 6.398434162139893 2.7240360975265503 0.0999999940395358
			vertex 6.4322662353515625 2.739329218864441 0.6818498969078067
			vertex 6.4322662353515625 2.739329218864441 0.0999999940395358
		endloop
	endfacet
	facet normal -0.2519765647597642 0.9677333366231983 0
		outer loop
			vertex 6.4322662353515625 2.739329218864441 0.6818498969078067
			vertex 6.468196392059326 2.7486846446990967 0.6818498969078067
			vertex 6.4322662353515625 2.739329218864441 0.0999999940395358
		endloop
	endfacet
	facet normal 0.4119025903341038 0.9112278837239648 0
		outer loop
			vertex 6.5781145095825195 2.739329218864441 0.6818498969078067
			vertex 6.6119465827941895 2.7240360975265503 0.6818498969078067
			vertex 6.5781145095825195 2.739329218864441 0.0999999940395358
		endloop
	endfacet
	facet normal 0.4119025903341038 0.9112278837239648 0
		outer loop
			vertex 6.6119465827941895 2.7240360975265503 0.6818498969078067
			vertex 6.6119465827941895 2.7240360975265503 0.0999999940395358
			vertex 6.5781145095825195 2.739329218864441 0.0999999940395358
		endloop
	endfacet
	facet normal -0.5599756681437995 0.828509053111012 0
		outer loop
			vertex 6.367673397064209 2.7032454013824463 0.09999999403953581
			vertex 6.398434162139893 2.7240360975265503 0.6818498969078067
			vertex 6.398434162139893 2.7240360975265503 0.0999999940395358
		endloop
	endfacet
	facet normal -0.4119025903341038 0.9112278837239648 0
		outer loop
			vertex 6.398434162139893 2.7240360975265503 0.6818498969078067
			vertex 6.4322662353515625 2.739329218864441 0.6818498969078067
			vertex 6.398434162139893 2.7240360975265503 0.0999999940395358
		endloop
	endfacet
	facet normal 0.5599756681437995 0.828509053111012 0
		outer loop
			vertex 6.6119465827941895 2.7240360975265503 0.6818498969078067
			vertex 6.642707347869873 2.7032454013824463 0.6818498969078067
			vertex 6.6119465827941895 2.7240360975265503 0.0999999940395358
		endloop
	endfacet
	facet normal 0.5599756681437995 0.828509053111012 0
		outer loop
			vertex 6.642707347869873 2.7032454013824463 0.6818498969078067
			vertex 6.642707347869873 2.7032454013824463 0.09999999403953581
			vertex 6.6119465827941895 2.7240360975265503 0.0999999940395358
		endloop
	endfacet
	facet normal -0.691937162123436 0.7219577298378111 0
		outer loop
			vertex 6.3408684730529785 2.6775550842285156 0.09999999403953581
			vertex 6.367673397064209 2.7032454013824463 0.6818498969078067
			vertex 6.367673397064209 2.7032454013824463 0.09999999403953581
		endloop
	endfacet
	facet normal -0.5599756681437995 0.828509053111012 0
		outer loop
			vertex 6.367673397064209 2.7032454013824463 0.6818498969078067
			vertex 6.398434162139893 2.7240360975265503 0.6818498969078067
			vertex 6.367673397064209 2.7032454013824463 0.09999999403953581
		endloop
	endfacet
	facet normal 0.691937162123436 0.7219577298378111 0
		outer loop
			vertex 6.642707347869873 2.7032454013824463 0.6818498969078067
			vertex 6.6695122718811035 2.6775550842285156 0.6818498969078067
			vertex 6.642707347869873 2.7032454013824463 0.09999999403953581
		endloop
	endfacet
	facet normal 0.691937162123436 0.7219577298378111 0
		outer loop
			vertex 6.6695122718811035 2.6775550842285156 0.6818498969078067
			vertex 6.6695122718811035 2.6775550842285156 0.09999999403953581
			vertex 6.642707347869873 2.7032454013824463 0.09999999403953581
		endloop
	endfacet
	facet normal -0.8039960738008206 0.5946346048733336 0
		outer loop
			vertex 6.318790912628174 2.6477043628692627 0.09999999403953583
			vertex 6.3408684730529785 2.6775550842285156 0.6818498969078067
			vertex 6.3408684730529785 2.6775550842285156 0.09999999403953581
		endloop
	endfacet
	facet normal -0.691937162123436 0.7219577298378111 0
		outer loop
			vertex 6.3408684730529785 2.6775550842285156 0.6818498969078067
			vertex 6.367673397064209 2.7032454013824463 0.6818498969078067
			vertex 6.3408684730529785 2.6775550842285156 0.09999999403953581
		endloop
	endfacet
	facet normal 0.8039960738008206 0.5946346048733336 0
		outer loop
			vertex 6.6695122718811035 2.6775550842285156 0.6818498969078067
			vertex 6.691589832305908 2.6477043628692627 0.6818498969078067
			vertex 6.6695122718811035 2.6775550842285156 0.09999999403953581
		endloop
	endfacet
	facet normal 0.8039960738008206 0.5946346048733336 0
		outer loop
			vertex 6.691589832305908 2.6477043628692627 0.6818498969078067
			vertex 6.691589832305908 2.6477043628692627 0.09999999403953583
			vertex 6.6695122718811035 2.6775550842285156 0.09999999403953581
		endloop
	endfacet
	facet normal -0.8929272604568008 0.45020096349642863 0
		outer loop
			vertex 6.3020758628845215 2.6145517826080322 0.09999999403953583
			vertex 6.318790912628174 2.6477043628692627 0.6818498969078067
			vertex 6.318790912628174 2.6477043628692627 0.09999999403953583
		endloop
	endfacet
	facet normal -0.8039960738008206 0.5946346048733336 0
		outer loop
			vertex 6.318790912628174 2.6477043628692627 0.6818498969078067
			vertex 6.3408684730529785 2.6775550842285156 0.6818498969078067
			vertex 6.318790912628174 2.6477043628692627 0.09999999403953583
		endloop
	endfacet
	facet normal 0.8929272604568008 0.45020096349642863 0
		outer loop
			vertex 6.691589832305908 2.6477043628692627 0.6818498969078067
			vertex 6.7083048820495605 2.6145517826080322 0.6818498969078067
			vertex 6.691589832305908 2.6477043628692627 0.09999999403953583
		endloop
	endfacet
	facet normal 0.8929272604568008 0.45020096349642863 0
		outer loop
			vertex 6.7083048820495605 2.6145517826080322 0.6818498969078067
			vertex 6.7083048820495605 2.6145517826080322 0.09999999403953583
			vertex 6.691589832305908 2.6477043628692627 0.09999999403953583
		endloop
	endfacet
	facet normal -0.9561669369523327 0.29282211098070093 0
		outer loop
			vertex 6.29120397567749 2.5790512561798096 0.09999999403953584
			vertex 6.3020758628845215 2.6145517826080322 0.6818498969078067
			vertex 6.3020758628845215 2.6145517826080322 0.09999999403953583
		endloop
	endfacet
	facet normal -0.8929272604568008 0.45020096349642863 0
		outer loop
			vertex 6.3020758628845215 2.6145517826080322 0.6818498969078067
			vertex 6.318790912628174 2.6477043628692627 0.6818498969078067
			vertex 6.3020758628845215 2.6145517826080322 0.09999999403953583
		endloop
	endfacet
	facet normal 0.9561669369523327 0.29282211098070093 0
		outer loop
			vertex 6.7083048820495605 2.6145517826080322 0.6818498969078067
			vertex 6.719176769256592 2.5790512561798096 0.6818498969078067
			vertex 6.7083048820495605 2.6145517826080322 0.09999999403953583
		endloop
	endfacet
	facet normal 0.9561669369523327 0.29282211098070093 0
		outer loop
			vertex 6.719176769256592 2.5790512561798096 0.6818498969078067
			vertex 6.719176769256592 2.5790512561798096 0.09999999403953584
			vertex 6.7083048820495605 2.6145517826080322 0.09999999403953583
		endloop
	endfacet
	facet normal -0.9919003972567613 0.1270181165105169 0
		outer loop
			vertex 6.286488056182861 2.5422240495681763 0.09999999403953584
			vertex 6.29120397567749 2.5790512561798096 0.6818498969078067
			vertex 6.29120397567749 2.5790512561798096 0.09999999403953584
		endloop
	endfacet
	facet normal -0.9561669369523327 0.29282211098070093 0
		outer loop
			vertex 6.29120397567749 2.5790512561798096 0.6818498969078067
			vertex 6.3020758628845215 2.6145517826080322 0.6818498969078067
			vertex 6.29120397567749 2.5790512561798096 0.09999999403953584
		endloop
	endfacet
	facet normal 0.9919003972567613 0.1270181165105169 0
		outer loop
			vertex 6.719176769256592 2.5790512561798096 0.6818498969078067
			vertex 6.723892688751221 2.5422240495681763 0.6818498969078067
			vertex 6.719176769256592 2.5790512561798096 0.09999999403953584
		endloop
	endfacet
	facet normal 0.9919003972567613 0.1270181165105169 0
		outer loop
			vertex 6.723892688751221 2.5422240495681763 0.6818498969078067
			vertex 6.723892688751221 2.5422240495681763 0.09999999403953584
			vertex 6.719176769256592 2.5790512561798096 0.09999999403953584
		endloop
	endfacet
	facet normal -0.9990987516708648 -0.04244625318823298 0
		outer loop
			vertex 6.288064002990723 2.5051294565200806 0.09999999403953586
			vertex 6.286488056182861 2.5422240495681763 0.6818498969078067
			vertex 6.286488056182861 2.5422240495681763 0.09999999403953584
		endloop
	endfacet
	facet normal -0.9919003972567613 0.1270181165105169 0
		outer loop
			vertex 6.286488056182861 2.5422240495681763 0.6818498969078067
			vertex 6.29120397567749 2.5790512561798096 0.6818498969078067
			vertex 6.286488056182861 2.5422240495681763 0.09999999403953584
		endloop
	endfacet
	facet normal 0.9990992962366114 -0.04243343327504742 0
		outer loop
			vertex 6.723892688751221 2.5422240495681763 0.6818498969078067
			vertex 6.722317218780518 2.5051294565200806 0.6818498969078067
			vertex 6.723892688751221 2.5422240495681763 0.09999999403953584
		endloop
	endfacet
	facet normal 0.9990992962366114 -0.04243343327504742 0
		outer loop
			vertex 6.722317218780518 2.5051294565200806 0.6818498969078067
			vertex 6.722317218780518 2.5051294565200806 0.09999999403953586
			vertex 6.723892688751221 2.5422240495681763 0.09999999403953584
		endloop
	endfacet
	facet normal 8.19308001626793e-16 1.7657339966282594e-16 1
		outer loop
			vertex 6.150420665740967 0 0.09999999403953641
			vertex 6.295886039733887 2.46883487701416 0.09999999403953586
			vertex 6.288064002990723 2.5051294565200806 0.09999999403953586
		endloop
	endfacet
	facet normal -0.9775554802096811 -0.2106781505330352 0
		outer loop
			vertex 6.295886039733887 2.46883487701416 0.09999999403953586
			vertex 6.288064002990723 2.5051294565200806 0.6818498969078067
			vertex 6.288064002990723 2.5051294565200806 0.09999999403953586
		endloop
	endfacet
	facet normal -0.9990987516708648 -0.04244625318823298 0
		outer loop
			vertex 6.288064002990723 2.5051294565200806 0.6818498969078067
			vertex 6.286488056182861 2.5422240495681763 0.6818498969078067
			vertex 6.288064002990723 2.5051294565200806 0.09999999403953586
		endloop
	endfacet
	facet normal -5.603820292788821e-16 1.2077089424643263e-16 1
		outer loop
			vertex 6.7144951820373535 2.46883487701416 0.09999999403953586
			vertex 6.84566068649292 1.8134379386901855 0.09999999403953601
			vertex 6.722317218780518 2.5051294565200806 0.09999999403953586
		endloop
	endfacet
	facet normal -2.0391778677758522e-16 1.843361320037611e-16 1
		outer loop
			vertex 6.84566068649292 1.8134379386901855 0.09999999403953601
			vertex 7.179980278015137 0 0.09999999403953641
			vertex 6.722317218780518 2.5051294565200806 0.09999999403953586
		endloop
	endfacet
	facet normal 0.9775554802096811 -0.2106781505330352 0
		outer loop
			vertex 6.722317218780518 2.5051294565200806 0.6818498969078067
			vertex 6.7144951820373535 2.46883487701416 0.6818498969078067
			vertex 6.722317218780518 2.5051294565200806 0.09999999403953586
		endloop
	endfacet
	facet normal 0.9775554802096811 -0.2106781505330352 0
		outer loop
			vertex 6.7144951820373535 2.46883487701416 0.6818498969078067
			vertex 6.7144951820373535 2.46883487701416 0.09999999403953586
			vertex 6.722317218780518 2.5051294565200806 0.09999999403953586
		endloop
	endfacet
	facet normal -3.862959741419868e-16 2.476083784924574e-16 1
		outer loop
			vertex 6.150420665740967 0 0.09999999403953641
			vertex 6.309729099273682 2.4343842267990112 0.09999999403953587
			vertex 6.295886039733887 2.46883487701416 0.09999999403953586
		endloop
	endfacet
	facet normal -0.9278922915280828 -0.37284835432486974 0
		outer loop
			vertex 6.309729099273682 2.4343842267990112 0.09999999403953587
			vertex 6.295886039733887 2.46883487701416 0.6818498969078067
			vertex 6.295886039733887 2.46883487701416 0.09999999403953586
		endloop
	endfacet
	facet normal -0.9775554802096811 -0.2106781505330352 0
		outer loop
			vertex 6.295886039733887 2.46883487701416 0.6818498969078067
			vertex 6.288064002990723 2.5051294565200806 0.6818498969078067
			vertex 6.295886039733887 2.46883487701416 0.09999999403953586
		endloop
	endfacet
	facet normal 2.8225748553978146e-16 2.8940951699927364e-16 1
		outer loop
			vertex 6.7006516456604 2.4343842267990112 0.09999999403953587
			vertex 6.84566068649292 1.8134379386901855 0.09999999403953601
			vertex 6.7144951820373535 2.46883487701416 0.09999999403953586
		endloop
	endfacet
	facet normal 0.9278878482408125 -0.37285941195983663 0
		outer loop
			vertex 6.7144951820373535 2.46883487701416 0.6818498969078067
			vertex 6.7006516456604 2.4343842267990112 0.6818498969078067
			vertex 6.7144951820373535 2.46883487701416 0.09999999403953586
		endloop
	endfacet
	facet normal 0.9278878482408125 -0.37285941195983663 0
		outer loop
			vertex 6.7006516456604 2.4343842267990112 0.6818498969078067
			vertex 6.7006516456604 2.4343842267990112 0.09999999403953587
			vertex 6.7144951820373535 2.46883487701416 0.09999999403953586
		endloop
	endfacet
	facet normal -2.221729578096863e-16 2.3686801123624054e-16 1
		outer loop
			vertex 6.150420665740967 0 0.09999999403953641
			vertex 6.2838335037231445 1.7656195163726807 0.09999999403953602
			vertex 6.309729099273682 2.4343842267990112 0.09999999403953587
		endloop
	endfacet
	facet normal -3.219283179394543e-16 2.407306918167871e-16 1
		outer loop
			vertex 6.2838335037231445 1.7656195163726807 0.09999999403953602
			vertex 6.329195976257324 2.402768611907959 0.09999999403953588
			vertex 6.309729099273682 2.4343842267990112 0.09999999403953587
		endloop
	endfacet
	facet normal -0.8515246779745462 -0.5243145265967226 0
		outer loop
			vertex 6.329195976257324 2.402768611907959 0.09999999403953588
			vertex 6.309729099273682 2.4343842267990112 0.6818498969078067
			vertex 6.309729099273682 2.4343842267990112 0.09999999403953587
		endloop
	endfacet
	facet normal -0.9278922915280828 -0.37284835432486974 0
		outer loop
			vertex 6.309729099273682 2.4343842267990112 0.6818498969078067
			vertex 6.295886039733887 2.46883487701416 0.6818498969078067
			vertex 6.309729099273682 2.4343842267990112 0.09999999403953587
		endloop
	endfacet
	facet normal 2.4857341563403427e-16 2.8589795692447533e-16 1
		outer loop
			vertex 6.681184768676758 2.402768611907959 0.09999999403953588
			vertex 6.809840202331543 1.902580976486206 0.099999994039536
			vertex 6.7006516456604 2.4343842267990112 0.09999999403953587
		endloop
	endfacet
	facet normal 7.858399639532437e-16 3.9620822472399616e-16 1
		outer loop
			vertex 6.809840202331543 1.902580976486206 0.099999994039536
			vertex 6.831543922424316 1.8595337867736816 0.099999994039536
			vertex 6.7006516456604 2.4343842267990112 0.09999999403953587
		endloop
	endfacet
	facet normal -1.0667035678568668e-15 -2.561217202512503e-17 1
		outer loop
			vertex 6.831543922424316 1.8595337867736816 0.099999994039536
			vertex 6.84566068649292 1.8134379386901855 0.09999999403953601
			vertex 6.7006516456604 2.4343842267990112 0.09999999403953587
		endloop
	endfacet
	facet normal 0.8515246779745462 -0.5243145265967226 0
		outer loop
			vertex 6.7006516456604 2.4343842267990112 0.6818498969078067
			vertex 6.681184768676758 2.402768611907959 0.6818498969078067
			vertex 6.7006516456604 2.4343842267990112 0.09999999403953587
		endloop
	endfacet
	facet normal 0.8515246779745462 -0.5243145265967226 0
		outer loop
			vertex 6.681184768676758 2.402768611907959 0.6818498969078067
			vertex 6.681184768676758 2.402768611907959 0.09999999403953588
			vertex 6.7006516456604 2.4343842267990112 0.09999999403953587
		endloop
	endfacet
	facet normal 2.2895959572054644e-16 2.015096711358754e-16 1
		outer loop
			vertex 6.2838335037231445 1.7656195163726807 0.09999999403953602
			vertex 6.353725433349609 2.3748977184295654 0.09999999403953588
			vertex 6.329195976257324 2.402768611907959 0.09999999403953588
		endloop
	endfacet
	facet normal -0.7506724963201769 -0.6606745062952213 0
		outer loop
			vertex 6.353725433349609 2.3748977184295654 0.09999999403953588
			vertex 6.329195976257324 2.402768611907959 0.6818498969078067
			vertex 6.329195976257324 2.402768611907959 0.09999999403953588
		endloop
	endfacet
	facet normal -0.8515246779745462 -0.5243145265967226 0
		outer loop
			vertex 6.329195976257324 2.402768611907959 0.6818498969078067
			vertex 6.309729099273682 2.4343842267990112 0.6818498969078067
			vertex 6.329195976257324 2.402768611907959 0.09999999403953588
		endloop
	endfacet
	facet normal -1.9516386385298224e-16 1.717623644421468e-16 1
		outer loop
			vertex 6.656655788421631 2.3748977184295654 0.09999999403953588
			vertex 6.809840202331543 1.902580976486206 0.099999994039536
			vertex 6.681184768676758 2.402768611907959 0.09999999403953588
		endloop
	endfacet
	facet normal 0.7506788658747525 -0.6606672690008152 0
		outer loop
			vertex 6.681184768676758 2.402768611907959 0.6818498969078067
			vertex 6.656655788421631 2.3748977184295654 0.6818498969078067
			vertex 6.681184768676758 2.402768611907959 0.09999999403953588
		endloop
	endfacet
	facet normal 0.7506788658747525 -0.6606672690008152 0
		outer loop
			vertex 6.656655788421631 2.3748977184295654 0.6818498969078067
			vertex 6.656655788421631 2.3748977184295654 0.09999999403953588
			vertex 6.681184768676758 2.402768611907959 0.09999999403953588
		endloop
	endfacet
	facet normal 4.679022558434842e-15 -3.0896893514508056e-16 1
		outer loop
			vertex 6.2838335037231445 1.7656195163726807 0.09999999403953602
			vertex 6.289957046508789 1.8134379386901855 0.09999999403953601
			vertex 6.353725433349609 2.3748977184295654 0.09999999403953588
		endloop
	endfacet
	facet normal 1.6453225132853998e-16 2.037690644072974e-16 1
		outer loop
			vertex 6.289957046508789 1.8134379386901855 0.09999999403953601
			vertex 6.382612228393555 2.3515732288360596 0.09999999403953588
			vertex 6.353725433349609 2.3748977184295654 0.09999999403953588
		endloop
	endfacet
	facet normal -0.6282205117671353 -0.7780353389114395 0
		outer loop
			vertex 6.382612228393555 2.3515732288360596 0.09999999403953588
			vertex 6.353725433349609 2.3748977184295654 0.6818498969078067
			vertex 6.353725433349609 2.3748977184295654 0.09999999403953588
		endloop
	endfacet
	facet normal -0.7506724963201769 -0.6606745062952213 0
		outer loop
			vertex 6.353725433349609 2.3748977184295654 0.6818498969078067
			vertex 6.329195976257324 2.402768611907959 0.6818498969078067
			vertex 6.353725433349609 2.3748977184295654 0.09999999403953588
		endloop
	endfacet
	facet normal -1.5040686658693737e-16 1.862782047368548e-16 1
		outer loop
			vertex 6.627768516540527 2.3515732288360596 0.09999999403953588
			vertex 6.809840202331543 1.902580976486206 0.099999994039536
			vertex 6.656655788421631 2.3748977184295654 0.09999999403953588
		endloop
	endfacet
	facet normal 0.6282142343850297 -0.7780404075085245 0
		outer loop
			vertex 6.656655788421631 2.3748977184295654 0.6818498969078067
			vertex 6.627768516540527 2.3515732288360596 0.6818498969078067
			vertex 6.656655788421631 2.3748977184295654 0.09999999403953588
		endloop
	endfacet
	facet normal 0.6282142343850297 -0.7780404075085245 0
		outer loop
			vertex 6.627768516540527 2.3515732288360596 0.6818498969078067
			vertex 6.627768516540527 2.3515732288360596 0.09999999403953588
			vertex 6.656655788421631 2.3748977184295654 0.09999999403953588
		endloop
	endfacet
	facet normal -2.723005379404502e-16 2.7898216097261674e-16 1
		outer loop
			vertex 6.289957046508789 1.8134379386901855 0.09999999403953601
			vertex 6.41502571105957 2.333466053009033 0.0999999940395359
			vertex 6.382612228393555 2.3515732288360596 0.09999999403953588
		endloop
	endfacet
	facet normal -0.4876932611602131 -0.8730150531456581 0
		outer loop
			vertex 6.41502571105957 2.333466053009033 0.0999999940395359
			vertex 6.382612228393555 2.3515732288360596 0.6818498969078067
			vertex 6.382612228393555 2.3515732288360596 0.09999999403953588
		endloop
	endfacet
	facet normal -0.6282205117671353 -0.7780353389114395 0
		outer loop
			vertex 6.382612228393555 2.3515732288360596 0.6818498969078067
			vertex 6.353725433349609 2.3748977184295654 0.6818498969078067
			vertex 6.382612228393555 2.3515732288360596 0.09999999403953588
		endloop
	endfacet
	facet normal -3.315699390269131e-16 1.1281442929396653e-16 1
		outer loop
			vertex 6.781173229217529 1.9413409233093262 0.09999999403953598
			vertex 6.809840202331543 1.902580976486206 0.099999994039536
			vertex 6.627768516540527 2.3515732288360596 0.09999999403953588
		endloop
	endfacet
	facet normal 2.4474058232902964e-16 3.2832341956674823e-16 1
		outer loop
			vertex 6.59535551071167 2.333466053009033 0.0999999940395359
			vertex 6.781173229217529 1.9413409233093262 0.09999999403953598
			vertex 6.627768516540527 2.3515732288360596 0.09999999403953588
		endloop
	endfacet
	facet normal 0.4876987292888579 -0.873011998457085 0
		outer loop
			vertex 6.627768516540527 2.3515732288360596 0.6818498969078067
			vertex 6.59535551071167 2.333466053009033 0.6818498969078067
			vertex 6.627768516540527 2.3515732288360596 0.09999999403953588
		endloop
	endfacet
	facet normal 0.4876987292888579 -0.873011998457085 0
		outer loop
			vertex 6.59535551071167 2.333466053009033 0.6818498969078067
			vertex 6.59535551071167 2.333466053009033 0.0999999940395359
			vertex 6.627768516540527 2.3515732288360596 0.09999999403953588
		endloop
	endfacet
	facet normal 6.68898071333187e-17 1.8931600530827192e-16 1
		outer loop
			vertex 6.304073810577393 1.8595337867736816 0.099999994039536
			vertex 6.450032711029053 2.321097254753113 0.0999999940395359
			vertex 6.41502571105957 2.333466053009033 0.0999999940395359
		endloop
	endfacet
	facet normal 1.3319893463265894e-15 -1.0685542713628812e-16 1
		outer loop
			vertex 6.289957046508789 1.8134379386901855 0.09999999403953601
			vertex 6.304073810577393 1.8595337867736816 0.099999994039536
			vertex 6.41502571105957 2.333466053009033 0.0999999940395359
		endloop
	endfacet
	facet normal -0.3331407119889524 -0.9428771213766374 0
		outer loop
			vertex 6.450032711029053 2.321097254753113 0.0999999940395359
			vertex 6.41502571105957 2.333466053009033 0.6818498969078067
			vertex 6.41502571105957 2.333466053009033 0.0999999940395359
		endloop
	endfacet
	facet normal -0.4876932611602131 -0.8730150531456581 0
		outer loop
			vertex 6.41502571105957 2.333466053009033 0.6818498969078067
			vertex 6.382612228393555 2.3515732288360596 0.6818498969078067
			vertex 6.41502571105957 2.333466053009033 0.0999999940395359
		endloop
	endfacet
	facet normal -3.5765477494275023e-16 4.286420655358184e-17 1
		outer loop
			vertex 6.746368885040283 1.974698543548584 0.09999999403953597
			vertex 6.781173229217529 1.9413409233093262 0.09999999403953598
			vertex 6.59535551071167 2.333466053009033 0.0999999940395359
		endloop
	endfacet
	facet normal 1.8269692401795517e-16 2.7031048090259957e-16 1
		outer loop
			vertex 6.706427097320557 2.0016943216323853 0.09999999403953597
			vertex 6.746368885040283 1.974698543548584 0.09999999403953597
			vertex 6.59535551071167 2.333466053009033 0.0999999940395359
		endloop
	endfacet
	facet normal 1.5853336883102157e-17 1.862646898681998e-16 1
		outer loop
			vertex 6.567808628082275 2.037787675857544 0.09999999403953595
			vertex 6.615844249725342 2.0336992740631104 0.09999999403953595
			vertex 6.59535551071167 2.333466053009033 0.0999999940395359
		endloop
	endfacet
	facet normal -2.537653972833246e-16 1.6783653749935766e-16 1
		outer loop
			vertex 6.615844249725342 2.0336992740631104 0.09999999403953595
			vertex 6.662497520446777 2.021551728248596 0.09999999403953597
			vertex 6.59535551071167 2.333466053009033 0.0999999940395359
		endloop
	endfacet
	facet normal 1.1139822028278432e-16 2.464408759963517e-16 1
		outer loop
			vertex 6.662497520446777 2.021551728248596 0.09999999403953597
			vertex 6.706427097320557 2.0016943216323853 0.09999999403953597
			vertex 6.59535551071167 2.333466053009033 0.0999999940395359
		endloop
	endfacet
	facet normal -6.859044065232929e-17 1.9413189629350914e-16 1
		outer loop
			vertex 6.560348033905029 2.321097254753113 0.0999999940395359
			vertex 6.567808628082275 2.037787675857544 0.09999999403953595
			vertex 6.59535551071167 2.333466053009033 0.0999999940395359
		endloop
	endfacet
	facet normal 0.33313667787490986 -0.9428785467145112 0
		outer loop
			vertex 6.59535551071167 2.333466053009033 0.6818498969078067
			vertex 6.560348033905029 2.321097254753113 0.6818498969078067
			vertex 6.59535551071167 2.333466053009033 0.0999999940395359
		endloop
	endfacet
	facet normal 0.33313667787490986 -0.9428785467145112 0
		outer loop
			vertex 6.560348033905029 2.321097254753113 0.6818498969078067
			vertex 6.560348033905029 2.321097254753113 0.0999999940395359
			vertex 6.59535551071167 2.333466053009033 0.0999999940395359
		endloop
	endfacet
	facet normal 3.4232490520494295e-17 1.9964313549770453e-16 1
		outer loop
			vertex 6.304073810577393 1.8595337867736816 0.099999994039536
			vertex 6.486626625061035 2.314822554588318 0.0999999940395359
			vertex 6.450032711029053 2.321097254753113 0.0999999940395359
		endloop
	endfacet
	facet normal -0.16900195717058974 -0.9856157154147404 0
		outer loop
			vertex 6.486626625061035 2.314822554588318 0.0999999940395359
			vertex 6.450032711029053 2.321097254753113 0.6818498969078067
			vertex 6.450032711029053 2.321097254753113 0.0999999940395359
		endloop
	endfacet
	facet normal -0.3331407119889524 -0.9428771213766374 0
		outer loop
			vertex 6.450032711029053 2.321097254753113 0.6818498969078067
			vertex 6.41502571105957 2.333466053009033 0.6818498969078067
			vertex 6.450032711029053 2.321097254753113 0.0999999940395359
		endloop
	endfacet
	facet normal -3.3446177532428313e-17 1.950573753606768e-16 1
		outer loop
			vertex 6.523754119873047 2.314822554588318 0.0999999940395359
			vertex 6.567808628082275 2.037787675857544 0.09999999403953595
			vertex 6.560348033905029 2.321097254753113 0.0999999940395359
		endloop
	endfacet
	facet normal 0.16900195717058974 -0.9856157154147404 0
		outer loop
			vertex 6.560348033905029 2.321097254753113 0.6818498969078067
			vertex 6.523754119873047 2.314822554588318 0.6818498969078067
			vertex 6.560348033905029 2.321097254753113 0.0999999940395359
		endloop
	endfacet
	facet normal 0.16900195717058974 -0.9856157154147404 0
		outer loop
			vertex 6.523754119873047 2.314822554588318 0.6818498969078067
			vertex 6.523754119873047 2.314822554588318 0.0999999940395359
			vertex 6.560348033905029 2.321097254753113 0.0999999940395359
		endloop
	endfacet
	facet normal 8.91168621830044e-18 2.0979577798994573e-16 1
		outer loop
			vertex 6.304073810577393 1.8595337867736816 0.099999994039536
			vertex 6.505190849304199 2.3140339851379395 0.0999999940395359
			vertex 6.486626625061035 2.314822554588318 0.0999999940395359
		endloop
	endfacet
	facet normal -0.04243963899221655 -0.9990990326500224 0
		outer loop
			vertex 6.505190849304199 2.3140339851379395 0.0999999940395359
			vertex 6.505190849304199 2.3140339851379395 0.6818498969078067
			vertex 6.486626625061035 2.314822554588318 0.0999999940395359
		endloop
	endfacet
	facet normal -0.04243963899221655 -0.9990990326500224 0
		outer loop
			vertex 6.505190849304199 2.3140339851379395 0.6818498969078067
			vertex 6.486626625061035 2.314822554588318 0.6818498969078067
			vertex 6.486626625061035 2.314822554588318 0.0999999940395359
		endloop
	endfacet
	facet normal -0.16900195717058974 -0.9856157154147404 0
		outer loop
			vertex 6.486626625061035 2.314822554588318 0.6818498969078067
			vertex 6.450032711029053 2.321097254753113 0.6818498969078067
			vertex 6.486626625061035 2.314822554588318 0.0999999940395359
		endloop
	endfacet
	facet normal -8.393250510956876e-18 1.9758079660864775e-16 1
		outer loop
			vertex 6.505190849304199 2.3140339851379395 0.0999999940395359
			vertex 6.519773483276367 2.0336992740631104 0.09999999403953595
			vertex 6.523754119873047 2.314822554588318 0.0999999940395359
		endloop
	endfacet
	facet normal -1.6826802780755695e-17 1.9770021363715724e-16 1
		outer loop
			vertex 6.519773483276367 2.0336992740631104 0.09999999403953595
			vertex 6.567808628082275 2.037787675857544 0.09999999403953595
			vertex 6.523754119873047 2.314822554588318 0.0999999940395359
		endloop
	endfacet
	facet normal 0.04244181537002822 -0.9990989401996665 0
		outer loop
			vertex 6.523754119873047 2.314822554588318 0.6818498969078067
			vertex 6.505190849304199 2.3140339851379395 0.0999999940395359
			vertex 6.523754119873047 2.314822554588318 0.0999999940395359
		endloop
	endfacet
	facet normal -3.46513334986144e-15 1.7470660642835434e-15 1
		outer loop
			vertex 6.304073810577393 1.8595337867736816 0.099999994039536
			vertex 6.325777530670166 1.902580976486206 0.099999994039536
			vertex 6.505190849304199 2.3140339851379395 0.0999999940395359
		endloop
	endfacet
	facet normal 4.0171794258243367e-16 6.093275512385817e-17 1
		outer loop
			vertex 6.325777530670166 1.902580976486206 0.099999994039536
			vertex 6.35444450378418 1.9413409233093262 0.09999999403953598
			vertex 6.505190849304199 2.3140339851379395 0.0999999940395359
		endloop
	endfacet
	facet normal 3.0147755254454034e-16 1.0147784173634436e-16 1
		outer loop
			vertex 6.35444450378418 1.9413409233093262 0.09999999403953598
			vertex 6.389248847961426 1.974698543548584 0.09999999403953597
			vertex 6.505190849304199 2.3140339851379395 0.0999999940395359
		endloop
	endfacet
	facet normal -1.7970632992635235e-16 2.6588572700249456e-16 1
		outer loop
			vertex 6.389248847961426 1.974698543548584 0.09999999403953597
			vertex 6.429190635681152 2.0016943216323853 0.09999999403953597
			vertex 6.505190849304199 2.3140339851379395 0.0999999940395359
		endloop
	endfacet
	facet normal -1.1283237485885153e-16 2.496135865580015e-16 1
		outer loop
			vertex 6.429190635681152 2.0016943216323853 0.09999999403953597
			vertex 6.473120212554932 2.021551728248596 0.09999999403953597
			vertex 6.505190849304199 2.3140339851379395 0.0999999940395359
		endloop
	endfacet
	facet normal 2.4262072904187592e-16 2.1063820563117558e-16 1
		outer loop
			vertex 6.473120212554932 2.021551728248596 0.09999999403953597
			vertex 6.519773483276367 2.0336992740631104 0.09999999403953595
			vertex 6.505190849304199 2.3140339851379395 0.0999999940395359
		endloop
	endfacet
	facet normal 0.04244181537002822 -0.9990989401996665 0
		outer loop
			vertex 6.523754119873047 2.314822554588318 0.6818498969078067
			vertex 6.505190849304199 2.3140339851379395 0.6818498969078067
			vertex 6.505190849304199 2.3140339851379395 0.0999999940395359
		endloop
	endfacet
	facet normal -0.08480609845243524 0.9963974737348925 0
		outer loop
			vertex 6.519773483276367 2.0336992740631104 0.09999999403953595
			vertex 6.567808628082275 2.037787675857544 0.6818498969078068
			vertex 6.567808628082275 2.037787675857544 0.09999999403953595
		endloop
	endfacet
	facet normal 0.08480526265883497 0.9963975448712056 0
		outer loop
			vertex 6.567808628082275 2.037787675857544 0.6818498969078068
			vertex 6.615844249725342 2.0336992740631104 0.6818498969078068
			vertex 6.567808628082275 2.037787675857544 0.09999999403953595
		endloop
	endfacet
	facet normal 0.08480526265883497 0.9963975448712056 0
		outer loop
			vertex 6.615844249725342 2.0336992740631104 0.6818498969078068
			vertex 6.615844249725342 2.0336992740631104 0.09999999403953595
			vertex 6.567808628082275 2.037787675857544 0.09999999403953595
		endloop
	endfacet
	facet normal -0.25197765178833337 0.967733053584116 0
		outer loop
			vertex 6.473120212554932 2.021551728248596 0.09999999403953597
			vertex 6.519773483276367 2.0336992740631104 0.6818498969078068
			vertex 6.519773483276367 2.0336992740631104 0.09999999403953595
		endloop
	endfacet
	facet normal -0.08480609845243524 0.9963974737348925 0
		outer loop
			vertex 6.519773483276367 2.0336992740631104 0.6818498969078068
			vertex 6.567808628082275 2.037787675857544 0.6818498969078068
			vertex 6.519773483276367 2.0336992740631104 0.09999999403953595
		endloop
	endfacet
	facet normal 0.25197765178833337 0.967733053584116 0
		outer loop
			vertex 6.615844249725342 2.0336992740631104 0.6818498969078068
			vertex 6.662497520446777 2.021551728248596 0.6818498969078068
			vertex 6.615844249725342 2.0336992740631104 0.09999999403953595
		endloop
	endfacet
	facet normal 0.25197765178833337 0.967733053584116 0
		outer loop
			vertex 6.662497520446777 2.021551728248596 0.6818498969078068
			vertex 6.662497520446777 2.021551728248596 0.09999999403953597
			vertex 6.615844249725342 2.0336992740631104 0.09999999403953595
		endloop
	endfacet
	facet normal -0.41190100450409467 0.911228600565477 0
		outer loop
			vertex 6.429190635681152 2.0016943216323853 0.09999999403953597
			vertex 6.473120212554932 2.021551728248596 0.6818498969078068
			vertex 6.473120212554932 2.021551728248596 0.09999999403953597
		endloop
	endfacet
	facet normal -0.25197765178833337 0.967733053584116 0
		outer loop
			vertex 6.473120212554932 2.021551728248596 0.6818498969078068
			vertex 6.519773483276367 2.0336992740631104 0.6818498969078068
			vertex 6.473120212554932 2.021551728248596 0.09999999403953597
		endloop
	endfacet
	facet normal 0.41190100450409467 0.911228600565477 0
		outer loop
			vertex 6.662497520446777 2.021551728248596 0.6818498969078068
			vertex 6.706427097320557 2.0016943216323853 0.6818498969078068
			vertex 6.662497520446777 2.021551728248596 0.09999999403953597
		endloop
	endfacet
	facet normal 0.41190100450409467 0.911228600565477 0
		outer loop
			vertex 6.706427097320557 2.0016943216323853 0.6818498969078068
			vertex 6.706427097320557 2.0016943216323853 0.09999999403953597
			vertex 6.662497520446777 2.021551728248596 0.09999999403953597
		endloop
	endfacet
	facet normal -0.5599725278417271 0.8285111755809611 0
		outer loop
			vertex 6.389248847961426 1.974698543548584 0.09999999403953597
			vertex 6.429190635681152 2.0016943216323853 0.6818498969078068
			vertex 6.429190635681152 2.0016943216323853 0.09999999403953597
		endloop
	endfacet
	facet normal -0.41190100450409467 0.911228600565477 0
		outer loop
			vertex 6.429190635681152 2.0016943216323853 0.6818498969078068
			vertex 6.473120212554932 2.021551728248596 0.6818498969078068
			vertex 6.429190635681152 2.0016943216323853 0.09999999403953597
		endloop
	endfacet
	facet normal 0.5599725278417271 0.8285111755809611 0
		outer loop
			vertex 6.706427097320557 2.0016943216323853 0.6818498969078068
			vertex 6.746368885040283 1.974698543548584 0.6818498969078068
			vertex 6.706427097320557 2.0016943216323853 0.09999999403953597
		endloop
	endfacet
	facet normal 0.5599725278417271 0.8285111755809611 0
		outer loop
			vertex 6.746368885040283 1.974698543548584 0.6818498969078068
			vertex 6.746368885040283 1.974698543548584 0.09999999403953597
			vertex 6.706427097320557 2.0016943216323853 0.09999999403953597
		endloop
	endfacet
	facet normal -0.6919427426615447 0.7219523813091965 0
		outer loop
			vertex 6.35444450378418 1.9413409233093262 0.09999999403953598
			vertex 6.389248847961426 1.974698543548584 0.6818498969078068
			vertex 6.389248847961426 1.974698543548584 0.09999999403953597
		endloop
	endfacet
	facet normal -0.5599725278417271 0.8285111755809611 0
		outer loop
			vertex 6.389248847961426 1.974698543548584 0.6818498969078068
			vertex 6.429190635681152 2.0016943216323853 0.6818498969078068
			vertex 6.389248847961426 1.974698543548584 0.09999999403953597
		endloop
	endfacet
	facet normal 0.6919427426615447 0.7219523813091965 0
		outer loop
			vertex 6.746368885040283 1.974698543548584 0.6818498969078068
			vertex 6.781173229217529 1.9413409233093262 0.6818498969078068
			vertex 6.746368885040283 1.974698543548584 0.09999999403953597
		endloop
	endfacet
	facet normal 0.6919427426615447 0.7219523813091965 0
		outer loop
			vertex 6.781173229217529 1.9413409233093262 0.6818498969078068
			vertex 6.781173229217529 1.9413409233093262 0.09999999403953598
			vertex 6.746368885040283 1.974698543548584 0.09999999403953597
		endloop
	endfacet
	facet normal -0.8039944929232294 0.5946367423470561 0
		outer loop
			vertex 6.325777530670166 1.902580976486206 0.099999994039536
			vertex 6.35444450378418 1.9413409233093262 0.6818498969078068
			vertex 6.35444450378418 1.9413409233093262 0.09999999403953598
		endloop
	endfacet
	facet normal -0.6919427426615447 0.7219523813091965 0
		outer loop
			vertex 6.35444450378418 1.9413409233093262 0.6818498969078068
			vertex 6.389248847961426 1.974698543548584 0.6818498969078068
			vertex 6.35444450378418 1.9413409233093262 0.09999999403953598
		endloop
	endfacet
	facet normal 0.8039944929232294 0.5946367423470561 0
		outer loop
			vertex 6.781173229217529 1.9413409233093262 0.6818498969078068
			vertex 6.809840202331543 1.902580976486206 0.6818498969078068
			vertex 6.781173229217529 1.9413409233093262 0.09999999403953598
		endloop
	endfacet
	facet normal 0.8039944929232294 0.5946367423470561 0
		outer loop
			vertex 6.809840202331543 1.902580976486206 0.6818498969078068
			vertex 6.809840202331543 1.902580976486206 0.099999994039536
			vertex 6.781173229217529 1.9413409233093262 0.09999999403953598
		endloop
	endfacet
	facet normal -0.8929276616412711 0.45020016778745403 0
		outer loop
			vertex 6.304073810577393 1.8595337867736816 0.099999994039536
			vertex 6.325777530670166 1.902580976486206 0.6818498969078068
			vertex 6.325777530670166 1.902580976486206 0.099999994039536
		endloop
	endfacet
	facet normal -0.8039944929232294 0.5946367423470561 0
		outer loop
			vertex 6.325777530670166 1.902580976486206 0.6818498969078068
			vertex 6.35444450378418 1.9413409233093262 0.6818498969078068
			vertex 6.325777530670166 1.902580976486206 0.099999994039536
		endloop
	endfacet
	facet normal 0.8929276616412711 0.45020016778745403 0
		outer loop
			vertex 6.809840202331543 1.902580976486206 0.6818498969078068
			vertex 6.831543922424316 1.8595337867736816 0.6818498969078068
			vertex 6.809840202331543 1.902580976486206 0.099999994039536
		endloop
	endfacet
	facet normal 0.8929276616412711 0.45020016778745403 0
		outer loop
			vertex 6.831543922424316 1.8595337867736816 0.6818498969078068
			vertex 6.831543922424316 1.8595337867736816 0.099999994039536
			vertex 6.809840202331543 1.902580976486206 0.099999994039536
		endloop
	endfacet
	facet normal -0.9561663324897179 0.2928240847559543 0
		outer loop
			vertex 6.289957046508789 1.8134379386901855 0.09999999403953601
			vertex 6.304073810577393 1.8595337867736816 0.6818498969078068
			vertex 6.304073810577393 1.8595337867736816 0.099999994039536
		endloop
	endfacet
	facet normal -0.8929276616412711 0.45020016778745403 0
		outer loop
			vertex 6.304073810577393 1.8595337867736816 0.6818498969078068
			vertex 6.325777530670166 1.902580976486206 0.6818498969078068
			vertex 6.304073810577393 1.8595337867736816 0.099999994039536
		endloop
	endfacet
	facet normal 0.9561663324897179 0.2928240847559543 0
		outer loop
			vertex 6.831543922424316 1.8595337867736816 0.6818498969078068
			vertex 6.84566068649292 1.8134379386901855 0.6818498969078068
			vertex 6.831543922424316 1.8595337867736816 0.099999994039536
		endloop
	endfacet
	facet normal 0.9561663324897179 0.2928240847559543 0
		outer loop
			vertex 6.84566068649292 1.8134379386901855 0.6818498969078068
			vertex 6.84566068649292 1.8134379386901855 0.09999999403953601
			vertex 6.831543922424316 1.8595337867736816 0.099999994039536
		endloop
	endfacet
	facet normal -0.9919000321182585 0.12702096789033654 0
		outer loop
			vertex 6.2838335037231445 1.7656195163726807 0.09999999403953602
			vertex 6.289957046508789 1.8134379386901855 0.6818498969078068
			vertex 6.289957046508789 1.8134379386901855 0.09999999403953601
		endloop
	endfacet
	facet normal -0.9561663324897179 0.2928240847559543 0
		outer loop
			vertex 6.289957046508789 1.8134379386901855 0.6818498969078068
			vertex 6.304073810577393 1.8595337867736816 0.6818498969078068
			vertex 6.289957046508789 1.8134379386901855 0.09999999403953601
		endloop
	endfacet
	facet normal 1.2129739731299872e-15 4.455497441694115e-16 1
		outer loop
			vertex 6.8517842292785645 1.7656195163726807 0.09999999403953602
			vertex 7.179980278015137 0 0.09999999403953641
			vertex 6.84566068649292 1.8134379386901855 0.09999999403953601
		endloop
	endfacet
	facet normal 0.9919000321182585 0.12702096789033654 0
		outer loop
			vertex 6.84566068649292 1.8134379386901855 0.6818498969078068
			vertex 6.8517842292785645 1.7656195163726807 0.6818498969078068
			vertex 6.84566068649292 1.8134379386901855 0.09999999403953601
		endloop
	endfacet
	facet normal 0.9919000321182585 0.12702096789033654 0
		outer loop
			vertex 6.8517842292785645 1.7656195163726807 0.6818498969078068
			vertex 6.8517842292785645 1.7656195163726807 0.09999999403953602
			vertex 6.84566068649292 1.8134379386901855 0.09999999403953601
		endloop
	endfacet
	facet normal -5.764589257763965e-16 2.636383861700238e-16 1
		outer loop
			vertex 6.150420665740967 0 0.09999999403953641
			vertex 6.285879611968994 1.717453956604004 0.09999999403953604
			vertex 6.2838335037231445 1.7656195163726807 0.09999999403953602
		endloop
	endfacet
	facet normal -0.9990989130971774 -0.042442453369699075 0
		outer loop
			vertex 6.285879611968994 1.717453956604004 0.09999999403953604
			vertex 6.2838335037231445 1.7656195163726807 0.6818498969078068
			vertex 6.2838335037231445 1.7656195163726807 0.09999999403953602
		endloop
	endfacet
	facet normal -0.9919000321182585 0.12702096789033654 0
		outer loop
			vertex 6.2838335037231445 1.7656195163726807 0.6818498969078068
			vertex 6.289957046508789 1.8134379386901855 0.6818498969078068
			vertex 6.2838335037231445 1.7656195163726807 0.09999999403953602
		endloop
	endfacet
	facet normal 2.979760851742697e-16 2.754685411442465e-16 1
		outer loop
			vertex 6.849738121032715 1.717453956604004 0.09999999403953604
			vertex 7.179980278015137 0 0.09999999403953641
			vertex 6.8517842292785645 1.7656195163726807 0.09999999403953602
		endloop
	endfacet
	facet normal 0.9990989130971774 -0.042442453369699075 0
		outer loop
			vertex 6.8517842292785645 1.7656195163726807 0.6818498969078068
			vertex 6.849738121032715 1.717453956604004 0.681849896907807
			vertex 6.8517842292785645 1.7656195163726807 0.09999999403953602
		endloop
	endfacet
	facet normal 0.9990989130971774 -0.042442453369699075 0
		outer loop
			vertex 6.849738121032715 1.717453956604004 0.681849896907807
			vertex 6.849738121032715 1.717453956604004 0.09999999403953604
			vertex 6.8517842292785645 1.7656195163726807 0.09999999403953602
		endloop
	endfacet
	facet normal 7.411031323000862e-16 1.5971969461454315e-16 1
		outer loop
			vertex 6.150420665740967 0 0.09999999403953641
			vertex 6.296036243438721 1.6703269481658936 0.09999999403953604
			vertex 6.285879611968994 1.717453956604004 0.09999999403953604
		endloop
	endfacet
	facet normal -0.9775553063852658 -0.21067895708401752 0
		outer loop
			vertex 6.296036243438721 1.6703269481658936 0.09999999403953604
			vertex 6.285879611968994 1.717453956604004 0.681849896907807
			vertex 6.285879611968994 1.717453956604004 0.09999999403953604
		endloop
	endfacet
	facet normal -0.9990989130971774 -0.042442453369699075 0
		outer loop
			vertex 6.285879611968994 1.717453956604004 0.681849896907807
			vertex 6.2838335037231445 1.7656195163726807 0.6818498969078068
			vertex 6.285879611968994 1.717453956604004 0.09999999403953604
		endloop
	endfacet
	facet normal 2.4967511046658156e-17 2.2297284538022557e-16 1
		outer loop
			vertex 7.0159525871276855 0.45404577255249023 0.09999999403953631
			vertex 7.179980278015137 0 0.09999999403953641
			vertex 6.849738121032715 1.717453956604004 0.09999999403953604
		endloop
	endfacet
	facet normal -1.362887866917857e-16 2.1592031258515875e-16 1
		outer loop
			vertex 6.844540596008301 0.6858096122741699 0.09999999403953626
			vertex 6.893713474273682 0.6525747776031494 0.09999999403953627
			vertex 6.849738121032715 1.717453956604004 0.09999999403953604
		endloop
	endfacet
	facet normal 2.2108915861466846e-16 2.3067862666932363e-16 1
		outer loop
			vertex 6.893713474273682 0.6525747776031494 0.09999999403953627
			vertex 6.936561584472656 0.6115078926086426 0.09999999403953627
			vertex 6.849738121032715 1.717453956604004 0.09999999403953604
		endloop
	endfacet
	facet normal -1.1724423375395198e-16 2.0411740648042344e-16 1
		outer loop
			vertex 6.936561584472656 0.6115078926086426 0.09999999403953627
			vertex 6.971853733062744 0.5637903213500977 0.09999999403953629
			vertex 6.849738121032715 1.717453956604004 0.09999999403953604
		endloop
	endfacet
	facet normal -1.1382309620263956e-16 2.0447953482802061e-16 1
		outer loop
			vertex 6.971853733062744 0.5637903213500977 0.09999999403953629
			vertex 6.998573303222656 0.5107948780059814 0.0999999940395363
			vertex 6.849738121032715 1.717453956604004 0.09999999403953604
		endloop
	endfacet
	facet normal -1.4230145356307606e-16 2.0096687613146856e-16 1
		outer loop
			vertex 6.998573303222656 0.5107948780059814 0.0999999940395363
			vertex 7.0159525871276855 0.45404577255249023 0.09999999403953631
			vertex 6.849738121032715 1.717453956604004 0.09999999403953604
		endloop
	endfacet
	facet normal -2.143180131426716e-15 4.618899329612127e-16 1
		outer loop
			vertex 6.839581489562988 1.6703269481658936 0.09999999403953604
			vertex 6.733023643493652 0.7252111434936523 0.09999999403953624
			vertex 6.849738121032715 1.717453956604004 0.09999999403953604
		endloop
	endfacet
	facet normal -1.814405493916421e-16 2.311365252673859e-16 1
		outer loop
			vertex 6.733023643493652 0.7252111434936523 0.09999999403953624
			vertex 6.790459156036377 0.7102560997009277 0.09999999403953626
			vertex 6.849738121032715 1.717453956604004 0.09999999403953604
		endloop
	endfacet
	facet normal 9.707122638093201e-17 2.1474462203413757e-16 1
		outer loop
			vertex 6.790459156036377 0.7102560997009277 0.09999999403953626
			vertex 6.844540596008301 0.6858096122741699 0.09999999403953626
			vertex 6.849738121032715 1.717453956604004 0.09999999403953604
		endloop
	endfacet
	facet normal 0.9775553063852658 -0.21067895708401752 0
		outer loop
			vertex 6.849738121032715 1.717453956604004 0.681849896907807
			vertex 6.839581489562988 1.6703269481658936 0.681849896907807
			vertex 6.849738121032715 1.717453956604004 0.09999999403953604
		endloop
	endfacet
	facet normal 0.9775553063852658 -0.21067895708401752 0
		outer loop
			vertex 6.839581489562988 1.6703269481658936 0.681849896907807
			vertex 6.839581489562988 1.6703269481658936 0.09999999403953604
			vertex 6.849738121032715 1.717453956604004 0.09999999403953604
		endloop
	endfacet
	facet normal -1.7568557756124256e-16 2.396433992280767e-16 1
		outer loop
			vertex 6.150420665740967 0 0.09999999403953641
			vertex 6.314011096954346 1.6255943775177002 0.09999999403953605
			vertex 6.296036243438721 1.6703269481658936 0.09999999403953604
		endloop
	endfacet
	facet normal -0.9278902600392833 -0.3728534099672834 0
		outer loop
			vertex 6.314011096954346 1.6255943775177002 0.09999999403953605
			vertex 6.296036243438721 1.6703269481658936 0.681849896907807
			vertex 6.296036243438721 1.6703269481658936 0.09999999403953604
		endloop
	endfacet
	facet normal -0.9775553063852658 -0.21067895708401752 0
		outer loop
			vertex 6.296036243438721 1.6703269481658936 0.681849896907807
			vertex 6.285879611968994 1.717453956604004 0.681849896907807
			vertex 6.296036243438721 1.6703269481658936 0.09999999403953604
		endloop
	endfacet
	facet normal 3.4036516425589272e-15 -1.057483935922335e-15 1
		outer loop
			vertex 6.821606159210205 1.6255943775177002 0.09999999403953605
			vertex 6.4540605545043945 0.6525747776031494 0.09999999403953627
			vertex 6.839581489562988 1.6703269481658936 0.09999999403953604
		endloop
	endfacet
	facet normal 1.6875823879288408e-16 1.6788228377847318e-16 1
		outer loop
			vertex 6.4540605545043945 0.6525747776031494 0.09999999403953627
			vertex 6.503232955932617 0.6858096122741699 0.09999999403953626
			vertex 6.839581489562988 1.6703269481658936 0.09999999403953604
		endloop
	endfacet
	facet normal -1.2056783977226476e-16 2.66727066616422e-16 1
		outer loop
			vertex 6.503232955932617 0.6858096122741699 0.09999999403953626
			vertex 6.557314872741699 0.7102560997009277 0.09999999403953626
			vertex 6.839581489562988 1.6703269481658936 0.09999999403953604
		endloop
	endfacet
	facet normal 1.9644158340040663e-16 1.7352438524922126e-16 1
		outer loop
			vertex 6.557314872741699 0.7102560997009277 0.09999999403953626
			vertex 6.614750385284424 0.7252111434936523 0.09999999403953624
			vertex 6.839581489562988 1.6703269481658936 0.09999999403953604
		endloop
	endfacet
	facet normal -1.9133767188446746e-17 2.2480703642120006e-16 1
		outer loop
			vertex 6.614750385284424 0.7252111434936523 0.09999999403953624
			vertex 6.673887252807617 0.7302443981170654 0.09999999403953624
			vertex 6.839581489562988 1.6703269481658936 0.09999999403953604
		endloop
	endfacet
	facet normal 1.8568332366706173e-17 2.1816185338962309e-16 1
		outer loop
			vertex 6.673887252807617 0.7302443981170654 0.09999999403953624
			vertex 6.733023643493652 0.7252111434936523 0.09999999403953624
			vertex 6.839581489562988 1.6703269481658936 0.09999999403953604
		endloop
	endfacet
	facet normal 0.9278868380318874 -0.3728619259286018 0
		outer loop
			vertex 6.839581489562988 1.6703269481658936 0.681849896907807
			vertex 6.821606159210205 1.6255943775177002 0.681849896907807
			vertex 6.839581489562988 1.6703269481658936 0.09999999403953604
		endloop
	endfacet
	facet normal 0.9278868380318874 -0.3728619259286018 0
		outer loop
			vertex 6.821606159210205 1.6255943775177002 0.681849896907807
			vertex 6.821606159210205 1.6255943775177002 0.09999999403953605
			vertex 6.839581489562988 1.6703269481658936 0.09999999403953604
		endloop
	endfacet
	facet normal -1.620616208992794e-16 2.382723629006958e-16 1
		outer loop
			vertex 6.150420665740967 0 0.09999999403953641
			vertex 6.339287757873535 1.584542989730835 0.09999999403953606
			vertex 6.314011096954346 1.6255943775177002 0.09999999403953605
		endloop
	endfacet
	facet normal -0.8515261832295246 -0.5243120819460091 0
		outer loop
			vertex 6.339287757873535 1.584542989730835 0.09999999403953606
			vertex 6.314011096954346 1.6255943775177002 0.681849896907807
			vertex 6.314011096954346 1.6255943775177002 0.09999999403953605
		endloop
	endfacet
	facet normal -0.9278902600392833 -0.3728534099672834 0
		outer loop
			vertex 6.314011096954346 1.6255943775177002 0.681849896907807
			vertex 6.296036243438721 1.6703269481658936 0.681849896907807
			vertex 6.314011096954346 1.6255943775177002 0.09999999403953605
		endloop
	endfacet
	facet normal 4.698241986128842e-16 2.4984471436907015e-17 1
		outer loop
			vertex 6.34920072555542 0.5107948780059814 0.0999999940395363
			vertex 6.37592077255249 0.5637903213500977 0.09999999403953629
			vertex 6.821606159210205 1.6255943775177002 0.09999999403953605
		endloop
	endfacet
	facet normal 5.937756927277521e-16 -2.7540991083608925e-17 1
		outer loop
			vertex 6.796329975128174 1.584542989730835 0.09999999403953606
			vertex 6.34920072555542 0.5107948780059814 0.0999999940395363
			vertex 6.821606159210205 1.6255943775177002 0.09999999403953605
		endloop
	endfacet
	facet normal 2.146049167828071e-16 1.3211111466663252e-16 1
		outer loop
			vertex 6.37592077255249 0.5637903213500977 0.09999999403953629
			vertex 6.41121244430542 0.6115078926086426 0.09999999403953627
			vertex 6.821606159210205 1.6255943775177002 0.09999999403953605
		endloop
	endfacet
	facet normal -3.42832042591039e-16 3.577019572496261e-16 1
		outer loop
			vertex 6.41121244430542 0.6115078926086426 0.09999999403953627
			vertex 6.4540605545043945 0.6525747776031494 0.09999999403953627
			vertex 6.821606159210205 1.6255943775177002 0.09999999403953605
		endloop
	endfacet
	facet normal 0.8515305992126767 -0.5243049099565061 0
		outer loop
			vertex 6.821606159210205 1.6255943775177002 0.681849896907807
			vertex 6.796329975128174 1.584542989730835 0.681849896907807
			vertex 6.821606159210205 1.6255943775177002 0.09999999403953605
		endloop
	endfacet
	facet normal 0.8515305992126767 -0.5243049099565061 0
		outer loop
			vertex 6.796329975128174 1.584542989730835 0.681849896907807
			vertex 6.796329975128174 1.584542989730835 0.09999999403953606
			vertex 6.821606159210205 1.6255943775177002 0.09999999403953605
		endloop
	endfacet
	facet normal 2.1910850939171665e-16 1.928393929008843e-16 1
		outer loop
			vertex 6.150420665740967 0 0.09999999403953641
			vertex 6.371138095855713 1.548353910446167 0.09999999403953606
			vertex 6.339287757873535 1.584542989730835 0.09999999403953606
		endloop
	endfacet
	facet normal -0.7506728987908977 -0.6606740489991042 0
		outer loop
			vertex 6.371138095855713 1.548353910446167 0.09999999403953606
			vertex 6.339287757873535 1.584542989730835 0.681849896907807
			vertex 6.339287757873535 1.584542989730835 0.09999999403953606
		endloop
	endfacet
	facet normal -0.8515261832295246 -0.5243120819460091 0
		outer loop
			vertex 6.339287757873535 1.584542989730835 0.681849896907807
			vertex 6.314011096954346 1.6255943775177002 0.681849896907807
			vertex 6.339287757873535 1.584542989730835 0.09999999403953606
		endloop
	endfacet
	facet normal -4.738479928639319e-16 4.170379303152598e-16 1
		outer loop
			vertex 6.764479637145996 1.548353910446167 0.09999999403953606
			vertex 6.34920072555542 0.5107948780059814 0.0999999940395363
			vertex 6.796329975128174 1.584542989730835 0.09999999403953606
		endloop
	endfacet
	facet normal 0.7506728987908977 -0.6606740489991042 0
		outer loop
			vertex 6.796329975128174 1.584542989730835 0.681849896907807
			vertex 6.764479637145996 1.548353910446167 0.681849896907807
			vertex 6.796329975128174 1.584542989730835 0.09999999403953606
		endloop
	endfacet
	facet normal 0.7506728987908977 -0.6606740489991042 0
		outer loop
			vertex 6.764479637145996 1.548353910446167 0.681849896907807
			vertex 6.764479637145996 1.548353910446167 0.09999999403953606
			vertex 6.796329975128174 1.584542989730835 0.09999999403953606
		endloop
	endfacet
	facet normal -1.6954977285220951e-16 2.4824252565428173e-16 1
		outer loop
			vertex 6.150420665740967 0 0.09999999403953641
			vertex 6.408646583557129 1.5180680751800537 0.09999999403953608
			vertex 6.371138095855713 1.548353910446167 0.09999999403953606
		endloop
	endfacet
	facet normal -0.6282180710361277 -0.7780373096604346 0
		outer loop
			vertex 6.408646583557129 1.5180680751800537 0.09999999403953608
			vertex 6.371138095855713 1.548353910446167 0.681849896907807
			vertex 6.371138095855713 1.548353910446167 0.09999999403953606
		endloop
	endfacet
	facet normal -0.7506728987908977 -0.6606740489991042 0
		outer loop
			vertex 6.371138095855713 1.548353910446167 0.681849896907807
			vertex 6.339287757873535 1.584542989730835 0.681849896907807
			vertex 6.371138095855713 1.548353910446167 0.09999999403953606
		endloop
	endfacet
	facet normal 2.7539338937409715e-16 1.1715702136816841e-16 1
		outer loop
			vertex 6.72697114944458 1.5180680751800537 0.09999999403953608
			vertex 6.34920072555542 0.5107948780059814 0.0999999940395363
			vertex 6.764479637145996 1.548353910446167 0.09999999403953606
		endloop
	endfacet
	facet normal 0.6282180710361277 -0.7780373096604346 0
		outer loop
			vertex 6.764479637145996 1.548353910446167 0.681849896907807
			vertex 6.72697114944458 1.5180680751800537 0.681849896907807
			vertex 6.764479637145996 1.548353910446167 0.09999999403953606
		endloop
	endfacet
	facet normal 0.6282180710361277 -0.7780373096604346 0
		outer loop
			vertex 6.72697114944458 1.5180680751800537 0.681849896907807
			vertex 6.72697114944458 1.5180680751800537 0.09999999403953608
			vertex 6.764479637145996 1.548353910446167 0.09999999403953606
		endloop
	endfacet
	facet normal 1.1193104002088274e-16 2.0036216874527252e-16 1
		outer loop
			vertex 6.150420665740967 0 0.09999999403953641
			vertex 6.450733184814453 1.4945566654205322 0.09999999403953608
			vertex 6.408646583557129 1.5180680751800537 0.09999999403953608
		endloop
	endfacet
	facet normal -0.4877016424429038 -0.8730103710486458 0
		outer loop
			vertex 6.450733184814453 1.4945566654205322 0.09999999403953608
			vertex 6.408646583557129 1.5180680751800537 0.681849896907807
			vertex 6.408646583557129 1.5180680751800537 0.09999999403953608
		endloop
	endfacet
	facet normal -0.6282180710361277 -0.7780373096604346 0
		outer loop
			vertex 6.408646583557129 1.5180680751800537 0.681849896907807
			vertex 6.371138095855713 1.548353910446167 0.681849896907807
			vertex 6.408646583557129 1.5180680751800537 0.09999999403953608
		endloop
	endfacet
	facet normal -1.5578584805567207e-16 2.7886763151150514e-16 1
		outer loop
			vertex 6.684884071350098 1.4945566654205322 0.09999999403953608
			vertex 6.34920072555542 0.5107948780059814 0.0999999940395363
			vertex 6.72697114944458 1.5180680751800537 0.09999999403953608
		endloop
	endfacet
	facet normal 0.4876974311437316 -0.8730127236505807 0
		outer loop
			vertex 6.72697114944458 1.5180680751800537 0.681849896907807
			vertex 6.684884071350098 1.4945566654205322 0.681849896907807
			vertex 6.72697114944458 1.5180680751800537 0.09999999403953608
		endloop
	endfacet
	facet normal 0.4876974311437316 -0.8730127236505807 0
		outer loop
			vertex 6.684884071350098 1.4945566654205322 0.681849896907807
			vertex 6.684884071350098 1.4945566654205322 0.09999999403953608
			vertex 6.72697114944458 1.5180680751800537 0.09999999403953608
		endloop
	endfacet
	facet normal 7.3518442558072e-17 2.0808070105329082e-16 1
		outer loop
			vertex 6.150420665740967 0 0.09999999403953641
			vertex 6.496189117431641 1.4784963130950928 0.09999999403953608
			vertex 6.450733184814453 1.4945566654205322 0.09999999403953608
		endloop
	endfacet
	facet normal -0.3331351773673983 -0.9428790768706198 0
		outer loop
			vertex 6.496189117431641 1.4784963130950928 0.09999999403953608
			vertex 6.450733184814453 1.4945566654205322 0.681849896907807
			vertex 6.450733184814453 1.4945566654205322 0.09999999403953608
		endloop
	endfacet
	facet normal -0.4877016424429038 -0.8730103710486458 0
		outer loop
			vertex 6.450733184814453 1.4945566654205322 0.681849896907807
			vertex 6.408646583557129 1.5180680751800537 0.681849896907807
			vertex 6.450733184814453 1.4945566654205322 0.09999999403953608
		endloop
	endfacet
	facet normal -9.068049637804352e-17 2.566521088515708e-16 1
		outer loop
			vertex 6.639428615570068 1.4784963130950928 0.09999999403953608
			vertex 6.34920072555542 0.5107948780059814 0.0999999940395363
			vertex 6.684884071350098 1.4945566654205322 0.09999999403953608
		endloop
	endfacet
	facet normal 0.3331382841853604 -0.9428779791733575 0
		outer loop
			vertex 6.684884071350098 1.4945566654205322 0.681849896907807
			vertex 6.639428615570068 1.4784963130950928 0.681849896907807
			vertex 6.684884071350098 1.4945566654205322 0.09999999403953608
		endloop
	endfacet
	facet normal 0.3331382841853604 -0.9428779791733575 0
		outer loop
			vertex 6.639428615570068 1.4784963130950928 0.681849896907807
			vertex 6.639428615570068 1.4784963130950928 0.09999999403953608
			vertex 6.684884071350098 1.4945566654205322 0.09999999403953608
		endloop
	endfacet
	facet normal 3.8430163477803536e-17 2.2412572105286266e-16 1
		outer loop
			vertex 6.331821441650391 0.45404577255249023 0.09999999403953631
			vertex 6.543704032897949 1.4703490734100342 0.09999999403953608
			vertex 6.496189117431641 1.4784963130950928 0.09999999403953608
		endloop
	endfacet
	facet normal -6.834016833425667e-17 2.4125645659139444e-16 1
		outer loop
			vertex 6.150420665740967 0 0.09999999403953641
			vertex 6.331821441650391 0.45404577255249023 0.09999999403953631
			vertex 6.496189117431641 1.4784963130950928 0.09999999403953608
		endloop
	endfacet
	facet normal -0.16900060294489866 -0.9856159476207054 0
		outer loop
			vertex 6.543704032897949 1.4703490734100342 0.09999999403953608
			vertex 6.496189117431641 1.4784963130950928 0.681849896907807
			vertex 6.496189117431641 1.4784963130950928 0.09999999403953608
		endloop
	endfacet
	facet normal -0.3331351773673983 -0.9428790768706198 0
		outer loop
			vertex 6.496189117431641 1.4784963130950928 0.681849896907807
			vertex 6.450733184814453 1.4945566654205322 0.681849896907807
			vertex 6.496189117431641 1.4784963130950928 0.09999999403953608
		endloop
	endfacet
	facet normal -4.14766163692314e-17 2.4189514171513525e-16 1
		outer loop
			vertex 6.591913223266602 1.4703490734100342 0.09999999403953608
			vertex 6.34920072555542 0.5107948780059814 0.0999999940395363
			vertex 6.639428615570068 1.4784963130950928 0.09999999403953608
		endloop
	endfacet
	facet normal 0.1689989553909044 -0.9856162301204173 0
		outer loop
			vertex 6.639428615570068 1.4784963130950928 0.681849896907807
			vertex 6.591913223266602 1.4703490734100342 0.681849896907807
			vertex 6.639428615570068 1.4784963130950928 0.09999999403953608
		endloop
	endfacet
	facet normal 0.1689989553909044 -0.9856162301204173 0
		outer loop
			vertex 6.591913223266602 1.4703490734100342 0.681849896907807
			vertex 6.591913223266602 1.4703490734100342 0.09999999403953608
			vertex 6.639428615570068 1.4784963130950928 0.09999999403953608
		endloop
	endfacet
	facet normal 9.775066862339893e-18 2.3009983932858856e-16 1
		outer loop
			vertex 6.331821441650391 0.45404577255249023 0.09999999403953631
			vertex 6.567808628082275 1.469325065612793 0.09999999403953608
			vertex 6.543704032897949 1.4703490734100342 0.09999999403953608
		endloop
	endfacet
	facet normal -0.04244356816235575 -0.9990988657393459 0
		outer loop
			vertex 6.567808628082275 1.469325065612793 0.09999999403953608
			vertex 6.567808628082275 1.469325065612793 0.681849896907807
			vertex 6.543704032897949 1.4703490734100342 0.09999999403953608
		endloop
	endfacet
	facet normal -0.04244356816235575 -0.9990988657393459 0
		outer loop
			vertex 6.567808628082275 1.469325065612793 0.681849896907807
			vertex 6.543704032897949 1.4703490734100342 0.681849896907807
			vertex 6.543704032897949 1.4703490734100342 0.09999999403953608
		endloop
	endfacet
	facet normal -0.16900060294489866 -0.9856159476207054 0
		outer loop
			vertex 6.543704032897949 1.4703490734100342 0.681849896907807
			vertex 6.496189117431641 1.4784963130950928 0.681849896907807
			vertex 6.543704032897949 1.4703490734100342 0.09999999403953608
		endloop
	endfacet
	facet normal -9.937247288457641e-18 2.3391747971074376e-16 1
		outer loop
			vertex 6.567808628082275 1.469325065612793 0.09999999403953608
			vertex 6.34920072555542 0.5107948780059814 0.0999999940395363
			vertex 6.591913223266602 1.4703490734100342 0.09999999403953608
		endloop
	endfacet
	facet normal 0.04244356816235575 -0.9990988657393459 0
		outer loop
			vertex 6.591913223266602 1.4703490734100342 0.681849896907807
			vertex 6.567808628082275 1.469325065612793 0.09999999403953608
			vertex 6.591913223266602 1.4703490734100342 0.09999999403953608
		endloop
	endfacet
	facet normal 1.649387617801358e-16 1.9403425220363659e-16 1
		outer loop
			vertex 6.331821441650391 0.45404577255249023 0.09999999403953631
			vertex 6.34920072555542 0.5107948780059814 0.0999999940395363
			vertex 6.567808628082275 1.469325065612793 0.09999999403953608
		endloop
	endfacet
	facet normal 0.04244356816235575 -0.9990988657393459 0
		outer loop
			vertex 6.591913223266602 1.4703490734100342 0.681849896907807
			vertex 6.567808628082275 1.469325065612793 0.681849896907807
			vertex 6.567808628082275 1.469325065612793 0.09999999403953608
		endloop
	endfacet
	facet normal -0.08480534603554672 0.9963975377748538 0
		outer loop
			vertex 6.614750385284424 0.7252111434936523 0.09999999403953624
			vertex 6.673887252807617 0.7302443981170654 0.6818498969078072
			vertex 6.673887252807617 0.7302443981170654 0.09999999403953624
		endloop
	endfacet
	facet normal 0.08480602493234543 0.9963974799923847 0
		outer loop
			vertex 6.673887252807617 0.7302443981170654 0.6818498969078072
			vertex 6.733023643493652 0.7252111434936523 0.6818498969078072
			vertex 6.673887252807617 0.7302443981170654 0.09999999403953624
		endloop
	endfacet
	facet normal 0.08480602493234543 0.9963974799923847 0
		outer loop
			vertex 6.733023643493652 0.7252111434936523 0.6818498969078072
			vertex 6.733023643493652 0.7252111434936523 0.09999999403953624
			vertex 6.673887252807617 0.7302443981170654 0.09999999403953624
		endloop
	endfacet
	facet normal -0.2519780531652009 0.9677329490738007 0
		outer loop
			vertex 6.557314872741699 0.7102560997009277 0.09999999403953626
			vertex 6.614750385284424 0.7252111434936523 0.6818498969078072
			vertex 6.614750385284424 0.7252111434936523 0.09999999403953624
		endloop
	endfacet
	facet normal -0.08480534603554672 0.9963975377748538 0
		outer loop
			vertex 6.614750385284424 0.7252111434936523 0.6818498969078072
			vertex 6.673887252807617 0.7302443981170654 0.6818498969078072
			vertex 6.614750385284424 0.7252111434936523 0.09999999403953624
		endloop
	endfacet
	facet normal 0.2519780531652009 0.9677329490738007 0
		outer loop
			vertex 6.733023643493652 0.7252111434936523 0.6818498969078072
			vertex 6.790459156036377 0.7102560997009277 0.6818498969078072
			vertex 6.733023643493652 0.7252111434936523 0.09999999403953624
		endloop
	endfacet
	facet normal 0.2519780531652009 0.9677329490738007 0
		outer loop
			vertex 6.790459156036377 0.7102560997009277 0.6818498969078072
			vertex 6.790459156036377 0.7102560997009277 0.09999999403953626
			vertex 6.733023643493652 0.7252111434936523 0.09999999403953624
		endloop
	endfacet
	facet normal -0.4119001242580359 0.9112289984609877 0
		outer loop
			vertex 6.503232955932617 0.6858096122741699 0.09999999403953626
			vertex 6.557314872741699 0.7102560997009277 0.6818498969078072
			vertex 6.557314872741699 0.7102560997009277 0.09999999403953626
		endloop
	endfacet
	facet normal -0.2519780531652009 0.9677329490738007 0
		outer loop
			vertex 6.557314872741699 0.7102560997009277 0.6818498969078072
			vertex 6.614750385284424 0.7252111434936523 0.6818498969078072
			vertex 6.557314872741699 0.7102560997009277 0.09999999403953626
		endloop
	endfacet
	facet normal 0.4119031398172239 0.9112276353407599 0
		outer loop
			vertex 6.790459156036377 0.7102560997009277 0.6818498969078072
			vertex 6.844540596008301 0.6858096122741699 0.6818498969078072
			vertex 6.790459156036377 0.7102560997009277 0.09999999403953626
		endloop
	endfacet
	facet normal 0.4119031398172239 0.9112276353407599 0
		outer loop
			vertex 6.844540596008301 0.6858096122741699 0.6818498969078072
			vertex 6.844540596008301 0.6858096122741699 0.09999999403953626
			vertex 6.790459156036377 0.7102560997009277 0.09999999403953626
		endloop
	endfacet
	facet normal -0.5599758504503815 0.8285089298929565 0
		outer loop
			vertex 6.4540605545043945 0.6525747776031494 0.09999999403953627
			vertex 6.503232955932617 0.6858096122741699 0.6818498969078072
			vertex 6.503232955932617 0.6858096122741699 0.09999999403953626
		endloop
	endfacet
	facet normal -0.4119001242580359 0.9112289984609877 0
		outer loop
			vertex 6.503232955932617 0.6858096122741699 0.6818498969078072
			vertex 6.557314872741699 0.7102560997009277 0.6818498969078072
			vertex 6.503232955932617 0.6858096122741699 0.09999999403953626
		endloop
	endfacet
	facet normal 0.5599721230149636 0.8285114491943455 0
		outer loop
			vertex 6.844540596008301 0.6858096122741699 0.6818498969078072
			vertex 6.893713474273682 0.6525747776031494 0.6818498969078072
			vertex 6.844540596008301 0.6858096122741699 0.09999999403953626
		endloop
	endfacet
	facet normal 0.5599721230149636 0.8285114491943455 0
		outer loop
			vertex 6.893713474273682 0.6525747776031494 0.6818498969078072
			vertex 6.893713474273682 0.6525747776031494 0.09999999403953627
			vertex 6.844540596008301 0.6858096122741699 0.09999999403953626
		endloop
	endfacet
	facet normal -0.6919414839719805 0.721953587676281 0
		outer loop
			vertex 6.41121244430542 0.6115078926086426 0.09999999403953627
			vertex 6.4540605545043945 0.6525747776031494 0.6818498969078072
			vertex 6.4540605545043945 0.6525747776031494 0.09999999403953627
		endloop
	endfacet
	facet normal -0.5599758504503815 0.8285089298929565 0
		outer loop
			vertex 6.4540605545043945 0.6525747776031494 0.6818498969078072
			vertex 6.503232955932617 0.6858096122741699 0.6818498969078072
			vertex 6.4540605545043945 0.6525747776031494 0.09999999403953627
		endloop
	endfacet
	facet normal 0.6919414839719805 0.721953587676281 0
		outer loop
			vertex 6.893713474273682 0.6525747776031494 0.6818498969078072
			vertex 6.936561584472656 0.6115078926086426 0.6818498969078072
			vertex 6.893713474273682 0.6525747776031494 0.09999999403953627
		endloop
	endfacet
	facet normal 0.6919414839719805 0.721953587676281 0
		outer loop
			vertex 6.936561584472656 0.6115078926086426 0.6818498969078072
			vertex 6.936561584472656 0.6115078926086426 0.09999999403953627
			vertex 6.893713474273682 0.6525747776031494 0.09999999403953627
		endloop
	endfacet
	facet normal -0.8039976127606757 0.5946325240643456 0
		outer loop
			vertex 6.37592077255249 0.5637903213500977 0.09999999403953629
			vertex 6.41121244430542 0.6115078926086426 0.6818498969078072
			vertex 6.41121244430542 0.6115078926086426 0.09999999403953627
		endloop
	endfacet
	facet normal -0.6919414839719805 0.721953587676281 0
		outer loop
			vertex 6.41121244430542 0.6115078926086426 0.6818498969078072
			vertex 6.4540605545043945 0.6525747776031494 0.6818498969078072
			vertex 6.41121244430542 0.6115078926086426 0.09999999403953627
		endloop
	endfacet
	facet normal 0.8039937717124473 0.5946377174781241 0
		outer loop
			vertex 6.936561584472656 0.6115078926086426 0.6818498969078072
			vertex 6.971853733062744 0.5637903213500977 0.6818498969078072
			vertex 6.936561584472656 0.6115078926086426 0.09999999403953627
		endloop
	endfacet
	facet normal 0.8039937717124473 0.5946377174781241 0
		outer loop
			vertex 6.971853733062744 0.5637903213500977 0.6818498969078072
			vertex 6.971853733062744 0.5637903213500977 0.09999999403953629
			vertex 6.936561584472656 0.6115078926086426 0.09999999403953627
		endloop
	endfacet
	facet normal -0.8929237809014465 0.45020786476989244 0
		outer loop
			vertex 6.34920072555542 0.5107948780059814 0.0999999940395363
			vertex 6.37592077255249 0.5637903213500977 0.6818498969078072
			vertex 6.37592077255249 0.5637903213500977 0.09999999403953629
		endloop
	endfacet
	facet normal -0.8039976127606757 0.5946325240643456 0
		outer loop
			vertex 6.37592077255249 0.5637903213500977 0.6818498969078072
			vertex 6.41121244430542 0.6115078926086426 0.6818498969078072
			vertex 6.37592077255249 0.5637903213500977 0.09999999403953629
		endloop
	endfacet
	facet normal 0.8929270106736986 0.4502014589151535 0
		outer loop
			vertex 6.971853733062744 0.5637903213500977 0.6818498969078072
			vertex 6.998573303222656 0.5107948780059814 0.6818498969078072
			vertex 6.971853733062744 0.5637903213500977 0.09999999403953629
		endloop
	endfacet
	facet normal 0.8929270106736986 0.4502014589151535 0
		outer loop
			vertex 6.998573303222656 0.5107948780059814 0.6818498969078072
			vertex 6.998573303222656 0.5107948780059814 0.0999999940395363
			vertex 6.971853733062744 0.5637903213500977 0.09999999403953629
		endloop
	endfacet
	facet normal -0.9561664248126941 0.29282378329109593 0
		outer loop
			vertex 6.331821441650391 0.45404577255249023 0.09999999403953631
			vertex 6.34920072555542 0.5107948780059814 0.6818498969078072
			vertex 6.34920072555542 0.5107948780059814 0.0999999940395363
		endloop
	endfacet
	facet normal -0.8929237809014465 0.45020786476989244 0
		outer loop
			vertex 6.34920072555542 0.5107948780059814 0.6818498969078072
			vertex 6.37592077255249 0.5637903213500977 0.6818498969078072
			vertex 6.34920072555542 0.5107948780059814 0.0999999940395363
		endloop
	endfacet
	facet normal 0.9561664248126941 0.29282378329109593 0
		outer loop
			vertex 6.998573303222656 0.5107948780059814 0.6818498969078072
			vertex 7.0159525871276855 0.45404577255249023 0.6818498969078072
			vertex 6.998573303222656 0.5107948780059814 0.0999999940395363
		endloop
	endfacet
	facet normal 0.9561664248126941 0.29282378329109593 0
		outer loop
			vertex 7.0159525871276855 0.45404577255249023 0.6818498969078072
			vertex 7.0159525871276855 0.45404577255249023 0.09999999403953631
			vertex 6.998573303222656 0.5107948780059814 0.0999999940395363
		endloop
	endfacet
	facet normal -0.9919009205167917 0.12701403024052585 0
		outer loop
			vertex 6.324283123016357 0.3951761722564697 0.09999999403953633
			vertex 6.331821441650391 0.45404577255249023 0.6818498969078072
			vertex 6.331821441650391 0.45404577255249023 0.09999999403953631
		endloop
	endfacet
	facet normal -0.9561664248126941 0.29282378329109593 0
		outer loop
			vertex 6.331821441650391 0.45404577255249023 0.6818498969078072
			vertex 6.34920072555542 0.5107948780059814 0.6818498969078072
			vertex 6.331821441650391 0.45404577255249023 0.09999999403953631
		endloop
	endfacet
	facet normal -8.024698445049495e-17 2.460134784880067e-16 1
		outer loop
			vertex 6.150420665740967 0 0.09999999403953641
			vertex 6.324283123016357 0.3951761722564697 0.09999999403953633
			vertex 6.331821441650391 0.45404577255249023 0.09999999403953631
		endloop
	endfacet
	facet normal 0.9918999082841037 0.12702193490097222 0
		outer loop
			vertex 7.0159525871276855 0.45404577255249023 0.6818498969078072
			vertex 7.023491382598877 0.3951761722564697 0.6818498969078072
			vertex 7.0159525871276855 0.45404577255249023 0.09999999403953631
		endloop
	endfacet
	facet normal 0.9918999082841037 0.12702193490097222 0
		outer loop
			vertex 7.023491382598877 0.3951761722564697 0.6818498969078072
			vertex 7.023491382598877 0.3951761722564697 0.09999999403953633
			vertex 7.0159525871276855 0.45404577255249023 0.09999999403953631
		endloop
	endfacet
	facet normal 9.341655456990632e-17 2.477006134408236e-16 1
		outer loop
			vertex 7.023491382598877 0.3951761722564697 0.09999999403953633
			vertex 7.179980278015137 0 0.09999999403953641
			vertex 7.0159525871276855 0.45404577255249023 0.09999999403953631
		endloop
	endfacet
	facet normal -0.9990991486501093 -0.042436908071005405 0
		outer loop
			vertex 6.326801776885986 0.3358790874481201 0.09999999403953634
			vertex 6.324283123016357 0.3951761722564697 0.6818498969078072
			vertex 6.324283123016357 0.3951761722564697 0.09999999403953633
		endloop
	endfacet
	facet normal -0.9919009205167917 0.12701403024052585 0
		outer loop
			vertex 6.324283123016357 0.3951761722564697 0.6818498969078072
			vertex 6.331821441650391 0.45404577255249023 0.6818498969078072
			vertex 6.324283123016357 0.3951761722564697 0.09999999403953633
		endloop
	endfacet
	facet normal -4.835950555710202e-17 2.319842028738779e-16 1
		outer loop
			vertex 6.150420665740967 0 0.09999999403953641
			vertex 6.326801776885986 0.3358790874481201 0.09999999403953634
			vertex 6.324283123016357 0.3951761722564697 0.09999999403953633
		endloop
	endfacet
	facet normal 0.9990984672386621 -0.04245294761681549 0
		outer loop
			vertex 7.023491382598877 0.3951761722564697 0.6818498969078072
			vertex 7.020971775054932 0.3358790874481201 0.6818498969078072
			vertex 7.023491382598877 0.3951761722564697 0.09999999403953633
		endloop
	endfacet
	facet normal 0.9990984672386621 -0.04245294761681549 0
		outer loop
			vertex 7.020971775054932 0.3358790874481201 0.6818498969078072
			vertex 7.020971775054932 0.3358790874481201 0.09999999403953634
			vertex 7.023491382598877 0.3951761722564697 0.09999999403953633
		endloop
	endfacet
	facet normal 5.3206385969946247e-17 2.317774750775482e-16 1
		outer loop
			vertex 7.020971775054932 0.3358790874481201 0.09999999403953634
			vertex 7.179980278015137 0 0.09999999403953641
			vertex 7.023491382598877 0.3951761722564697 0.09999999403953633
		endloop
	endfacet
	facet normal -0.9775544735008974 -0.21068282164994726 0
		outer loop
			vertex 6.339305877685547 0.2778608798980713 0.09999999403953636
			vertex 6.326801776885986 0.3358790874481201 0.6818498969078072
			vertex 6.326801776885986 0.3358790874481201 0.09999999403953634
		endloop
	endfacet
	facet normal -0.9990991486501093 -0.042436908071005405 0
		outer loop
			vertex 6.326801776885986 0.3358790874481201 0.6818498969078072
			vertex 6.324283123016357 0.3951761722564697 0.6818498969078072
			vertex 6.326801776885986 0.3358790874481201 0.09999999403953634
		endloop
	endfacet
	facet normal -4.4026108942126736e-17 2.297085943631234e-16 1
		outer loop
			vertex 6.150420665740967 0 0.09999999403953641
			vertex 6.339305877685547 0.2778608798980713 0.09999999403953636
			vertex 6.326801776885986 0.3358790874481201 0.09999999403953634
		endloop
	endfacet
	facet normal 0.9775561281643201 -0.2106751439738052 0
		outer loop
			vertex 7.020971775054932 0.3358790874481201 0.6818498969078072
			vertex 7.008468151092529 0.2778608798980713 0.6818498969078072
			vertex 7.020971775054932 0.3358790874481201 0.09999999403953634
		endloop
	endfacet
	facet normal 0.9775561281643201 -0.2106751439738052 0
		outer loop
			vertex 7.008468151092529 0.2778608798980713 0.6818498969078072
			vertex 7.008468151092529 0.2778608798980713 0.09999999403953636
			vertex 7.020971775054932 0.3358790874481201 0.09999999403953634
		endloop
	endfacet
	facet normal 4.7332021029693376e-17 2.2899649224801797e-16 1
		outer loop
			vertex 7.008468151092529 0.2778608798980713 0.09999999403953636
			vertex 7.179980278015137 0 0.09999999403953641
			vertex 7.020971775054932 0.3358790874481201 0.09999999403953634
		endloop
	endfacet
	facet normal -0.9278898658451226 -0.37285439096505324 0
		outer loop
			vertex 6.3614349365234375 0.22279024124145508 0.09999999403953636
			vertex 6.339305877685547 0.2778608798980713 0.6818498969078072
			vertex 6.339305877685547 0.2778608798980713 0.09999999403953636
		endloop
	endfacet
	facet normal -0.9775544735008974 -0.21068282164994726 0
		outer loop
			vertex 6.339305877685547 0.2778608798980713 0.6818498969078072
			vertex 6.326801776885986 0.3358790874481201 0.6818498969078072
			vertex 6.339305877685547 0.2778608798980713 0.09999999403953636
		endloop
	endfacet
	facet normal 1.8470582640750908e-16 7.422042307805926e-17 1
		outer loop
			vertex 6.150420665740967 0 0.09999999403953641
			vertex 6.3614349365234375 0.22279024124145508 0.09999999403953636
			vertex 6.339305877685547 0.2778608798980713 0.09999999403953636
		endloop
	endfacet
	facet normal 0.9278898658451226 -0.3728543909650533 0
		outer loop
			vertex 7.008468151092529 0.2778608798980713 0.6818498969078072
			vertex 6.986339092254639 0.22279024124145508 0.6818498969078073
			vertex 7.008468151092529 0.2778608798980713 0.09999999403953636
		endloop
	endfacet
	facet normal 0.9278898658451226 -0.37285439096505324 0
		outer loop
			vertex 6.986339092254639 0.22279024124145508 0.6818498969078073
			vertex 6.986339092254639 0.22279024124145508 0.09999999403953636
			vertex 7.008468151092529 0.2778608798980713 0.09999999403953636
		endloop
	endfacet
	facet normal -1.9603812048529034e-16 7.877408376790807e-17 1
		outer loop
			vertex 6.986339092254639 0.22279024124145508 0.09999999403953636
			vertex 7.179980278015137 0 0.09999999403953641
			vertex 7.008468151092529 0.2778608798980713 0.09999999403953636
		endloop
	endfacet
	facet normal -0.8515283629113352 -0.5243085419460011 0
		outer loop
			vertex 6.392552852630615 0.17225170135498047 0.09999999403953637
			vertex 6.3614349365234375 0.22279024124145508 0.6818498969078073
			vertex 6.3614349365234375 0.22279024124145508 0.09999999403953636
		endloop
	endfacet
	facet normal -0.9278898658451225 -0.3728543909650532 0
		outer loop
			vertex 6.3614349365234375 0.22279024124145508 0.6818498969078073
			vertex 6.339305877685547 0.2778608798980713 0.6818498969078072
			vertex 6.3614349365234375 0.22279024124145508 0.09999999403953636
		endloop
	endfacet
	facet normal -1.6274432623098253e-17 2.645775166594293e-16 1
		outer loop
			vertex 6.150420665740967 0 0.09999999403953641
			vertex 6.392552852630615 0.17225170135498047 0.09999999403953637
			vertex 6.3614349365234375 0.22279024124145508 0.09999999403953636
		endloop
	endfacet
	facet normal 0.8515283629113352 -0.5243085419460011 0
		outer loop
			vertex 6.986339092254639 0.22279024124145508 0.6818498969078073
			vertex 6.955221176147461 0.17225170135498047 0.6818498969078073
			vertex 6.986339092254639 0.22279024124145508 0.09999999403953636
		endloop
	endfacet
	facet normal 0.8515283629113352 -0.5243085419460011 0
		outer loop
			vertex 6.955221176147461 0.17225170135498047 0.6818498969078073
			vertex 6.955221176147461 0.17225170135498047 0.09999999403953637
			vertex 6.986339092254639 0.22279024124145508 0.09999999403953636
		endloop
	endfacet
	facet normal 1.712909053146624e-17 2.6405128117354724e-16 1
		outer loop
			vertex 6.955221176147461 0.17225170135498047 0.09999999403953637
			vertex 7.179980278015137 0 0.09999999403953641
			vertex 6.986339092254639 0.22279024124145508 0.09999999403953636
		endloop
	endfacet
	facet normal -0.7506733514637491 -0.6606735346615473 0
		outer loop
			vertex 6.431764125823975 0.1276988983154297 0.09999999403953638
			vertex 6.392552852630615 0.17225170135498047 0.6818498969078073
			vertex 6.392552852630615 0.17225170135498047 0.09999999403953637
		endloop
	endfacet
	facet normal -0.8515283629113352 -0.5243085419460011 0
		outer loop
			vertex 6.392552852630615 0.17225170135498047 0.6818498969078073
			vertex 6.3614349365234375 0.22279024124145508 0.6818498969078073
			vertex 6.392552852630615 0.17225170135498047 0.09999999403953637
		endloop
	endfacet
	facet normal -3.053205460028829e-17 2.846192878699702e-16 1
		outer loop
			vertex 6.150420665740967 0 0.09999999403953641
			vertex 6.431764125823975 0.1276988983154297 0.09999999403953638
			vertex 6.392552852630615 0.17225170135498047 0.09999999403953637
		endloop
	endfacet
	facet normal 0.7506693668782611 -0.6606780620170393 0
		outer loop
			vertex 6.955221176147461 0.17225170135498047 0.6818498969078073
			vertex 6.916009426116943 0.1276988983154297 0.6818498969078073
			vertex 6.955221176147461 0.17225170135498047 0.09999999403953637
		endloop
	endfacet
	facet normal 0.7506693668782611 -0.6606780620170393 0
		outer loop
			vertex 6.916009426116943 0.1276988983154297 0.6818498969078073
			vertex 6.916009426116943 0.1276988983154297 0.09999999403953638
			vertex 6.955221176147461 0.17225170135498047 0.09999999403953637
		endloop
	endfacet
	facet normal 3.19412857807577e-17 2.8337867053882584e-16 1
		outer loop
			vertex 6.916009426116943 0.1276988983154297 0.09999999403953638
			vertex 7.179980278015137 0 0.09999999403953641
			vertex 6.955221176147461 0.17225170135498047 0.09999999403953637
		endloop
	endfacet
	facet normal -0.6282183481811847 -0.7780370858824814 0
		outer loop
			vertex 6.477941036224365 0.09041380882263184 0.0999999940395364
			vertex 6.431764125823975 0.1276988983154297 0.6818498969078073
			vertex 6.431764125823975 0.1276988983154297 0.09999999403953638
		endloop
	endfacet
	facet normal -0.7506733514637491 -0.6606735346615473 0
		outer loop
			vertex 6.431764125823975 0.1276988983154297 0.6818498969078073
			vertex 6.392552852630615 0.17225170135498047 0.6818498969078073
			vertex 6.431764125823975 0.1276988983154297 0.09999999403953638
		endloop
	endfacet
	facet normal -4.499447984215926e-17 3.1648259140990506e-16 1
		outer loop
			vertex 6.150420665740967 0 0.09999999403953641
			vertex 6.477941036224365 0.09041380882263184 0.0999999940395364
			vertex 6.431764125823975 0.1276988983154297 0.09999999403953638
		endloop
	endfacet
	facet normal 0.6282183481811847 -0.7780370858824814 0
		outer loop
			vertex 6.916009426116943 0.1276988983154297 0.6818498969078073
			vertex 6.869832515716553 0.09041380882263184 0.6818498969078073
			vertex 6.916009426116943 0.1276988983154297 0.09999999403953638
		endloop
	endfacet
	facet normal 0.6282183481811847 -0.7780370858824814 0
		outer loop
			vertex 6.869832515716553 0.09041380882263184 0.6818498969078073
			vertex 6.869832515716553 0.09041380882263184 0.0999999940395364
			vertex 6.916009426116943 0.1276988983154297 0.09999999403953638
		endloop
	endfacet
	facet normal 4.684623939368477e-17 3.1418922062664924e-16 1
		outer loop
			vertex 6.869832515716553 0.09041380882263184 0.0999999940395364
			vertex 7.179980278015137 0 0.09999999403953641
			vertex 6.916009426116943 0.1276988983154297 0.09999999403953638
		endloop
	endfacet
	facet normal -0.48769692462921416 -0.8730130066082673 0
		outer loop
			vertex 6.529754638671875 0.06146883964538574 0.0999999940395364
			vertex 6.477941036224365 0.09041380882263184 0.6818498969078073
			vertex 6.477941036224365 0.09041380882263184 0.0999999940395364
		endloop
	endfacet
	facet normal -0.6282183481811847 -0.7780370858824814 0
		outer loop
			vertex 6.477941036224365 0.09041380882263184 0.6818498969078073
			vertex 6.431764125823975 0.1276988983154297 0.6818498969078073
			vertex 6.477941036224365 0.09041380882263184 0.0999999940395364
		endloop
	endfacet
	facet normal 2.835861175434492e-17 5.0763979965056725e-17 1
		outer loop
			vertex 6.150420665740967 0 0.09999999403953641
			vertex 6.529754638671875 0.06146883964538574 0.0999999940395364
			vertex 6.477941036224365 0.09041380882263184 0.0999999940395364
		endloop
	endfacet
	facet normal 0.48769692462921416 -0.8730130066082673 0
		outer loop
			vertex 6.869832515716553 0.09041380882263184 0.6818498969078073
			vertex 6.818018913269043 0.06146883964538574 0.6818498969078073
			vertex 6.869832515716553 0.09041380882263184 0.0999999940395364
		endloop
	endfacet
	facet normal 0.48769692462921416 -0.8730130066082673 0
		outer loop
			vertex 6.818018913269043 0.06146883964538574 0.6818498969078073
			vertex 6.818018913269043 0.06146883964538574 0.0999999940395364
			vertex 6.869832515716553 0.09041380882263184 0.0999999940395364
		endloop
	endfacet
	facet normal -2.940240032062687e-17 5.263243750188851e-17 1
		outer loop
			vertex 6.818018913269043 0.06146883964538574 0.0999999940395364
			vertex 7.179980278015137 0 0.09999999403953641
			vertex 6.869832515716553 0.09041380882263184 0.0999999940395364
		endloop
	endfacet
	facet normal -0.3331382285146606 -0.9428779988429647 0
		outer loop
			vertex 6.585715293884277 0.041696786880493164 0.0999999940395364
			vertex 6.529754638671875 0.06146883964538574 0.6818498969078073
			vertex 6.529754638671875 0.06146883964538574 0.0999999940395364
		endloop
	endfacet
	facet normal -0.48769692462921416 -0.8730130066082673 0
		outer loop
			vertex 6.529754638671875 0.06146883964538574 0.6818498969078073
			vertex 6.477941036224365 0.09041380882263184 0.6818498969078073
			vertex 6.529754638671875 0.06146883964538574 0.0999999940395364
		endloop
	endfacet
	facet normal 2.5081458148673206e-17 7.098781539640637e-17 1
		outer loop
			vertex 6.150420665740967 0 0.09999999403953641
			vertex 6.585715293884277 0.041696786880493164 0.0999999940395364
			vertex 6.529754638671875 0.06146883964538574 0.0999999940395364
		endloop
	endfacet
	facet normal 0.33314327581259373 -0.9428762155133908 0
		outer loop
			vertex 6.818018913269043 0.06146883964538574 0.6818498969078073
			vertex 6.762059211730957 0.041696786880493164 0.6818498969078073
			vertex 6.818018913269043 0.06146883964538574 0.0999999940395364
		endloop
	endfacet
	facet normal 0.33314327581259373 -0.9428762155133908 0
		outer loop
			vertex 6.762059211730957 0.041696786880493164 0.6818498969078073
			vertex 6.762059211730957 0.041696786880493164 0.0999999940395364
			vertex 6.818018913269043 0.06146883964538574 0.0999999940395364
		endloop
	endfacet
	facet normal -2.5894628159615702e-17 7.328807385264344e-17 1
		outer loop
			vertex 6.762059211730957 0.041696786880493164 0.0999999940395364
			vertex 7.179980278015137 0 0.09999999403953641
			vertex 6.818018913269043 0.06146883964538574 0.0999999940395364
		endloop
	endfacet
	facet normal -0.1689975992343961 -0.9856164626532019 0
		outer loop
			vertex 6.644211769104004 0.03166675567626953 0.0999999940395364
			vertex 6.585715293884277 0.041696786880493164 0.6818498969078073
			vertex 6.585715293884277 0.041696786880493164 0.0999999940395364
		endloop
	endfacet
	facet normal -0.3331382285146606 -0.9428779988429647 0
		outer loop
			vertex 6.585715293884277 0.041696786880493164 0.6818498969078073
			vertex 6.529754638671875 0.06146883964538574 0.6818498969078073
			vertex 6.585715293884277 0.041696786880493164 0.0999999940395364
		endloop
	endfacet
	facet normal 2.0454358369605068e-17 1.1929253689651152e-16 1
		outer loop
			vertex 6.150420665740967 0 0.09999999403953641
			vertex 6.644211769104004 0.03166675567626953 0.0999999940395364
			vertex 6.585715293884277 0.041696786880493164 0.0999999940395364
		endloop
	endfacet
	facet normal 0.16899626099615042 -0.9856166921117566 0
		outer loop
			vertex 6.762059211730957 0.041696786880493164 0.6818498969078073
			vertex 6.703562259674072 0.03166675567626953 0.6818498969078073
			vertex 6.762059211730957 0.041696786880493164 0.0999999940395364
		endloop
	endfacet
	facet normal 0.16899626099615042 -0.9856166921117566 0
		outer loop
			vertex 6.703562259674072 0.03166675567626953 0.6818498969078073
			vertex 6.703562259674072 0.03166675567626953 0.0999999940395364
			vertex 6.762059211730957 0.041696786880493164 0.0999999940395364
		endloop
	endfacet
	facet normal -2.0991829596679316e-17 1.2242813850730124e-16 1
		outer loop
			vertex 6.703562259674072 0.03166675567626953 0.0999999940395364
			vertex 7.179980278015137 0 0.09999999403953641
			vertex 6.762059211730957 0.041696786880493164 0.0999999940395364
		endloop
	endfacet
	facet normal -0.04245453800014298 -0.9990983996600107 0
		outer loop
			vertex 6.673887252807617 0.030405759811401367 0.09999999403953641
			vertex 6.673887252807617 0.030405759811401367 0.6818498969078073
			vertex 6.644211769104004 0.03166675567626953 0.0999999940395364
		endloop
	endfacet
	facet normal -0.04245453800014298 -0.9990983996600107 0
		outer loop
			vertex 6.673887252807617 0.030405759811401367 0.6818498969078073
			vertex 6.644211769104004 0.03166675567626953 0.6818498969078073
			vertex 6.644211769104004 0.03166675567626953 0.0999999940395364
		endloop
	endfacet
	facet normal -0.1689975992343961 -0.9856164626532019 0
		outer loop
			vertex 6.644211769104004 0.03166675567626953 0.6818498969078073
			vertex 6.585715293884277 0.041696786880493164 0.6818498969078073
			vertex 6.644211769104004 0.03166675567626953 0.0999999940395364
		endloop
	endfacet
	facet normal -2.700755752000421e-16 4.649630217331928e-15 1
		outer loop
			vertex 6.150420665740967 0 0.09999999403953641
			vertex 6.673887252807617 0.030405759811401367 0.09999999403953641
			vertex 6.644211769104004 0.03166675567626953 0.0999999940395364
		endloop
	endfacet
	facet normal 0.04245521895745852 -0.9990983707239615 0
		outer loop
			vertex 6.703562259674072 0.03166675567626953 0.6818498969078073
			vertex 6.673887252807617 0.030405759811401367 0.09999999403953641
			vertex 6.703562259674072 0.03166675567626953 0.0999999940395364
		endloop
	endfacet
	facet normal 2.7391902532904493e-16 4.559284459607204e-15 1
		outer loop
			vertex 6.673887252807617 0.030405759811401367 0.09999999403953641
			vertex 7.179980278015137 0 0.09999999403953641
			vertex 6.703562259674072 0.03166675567626953 0.0999999940395364
		endloop
	endfacet
	facet normal 0.04245521895745852 -0.9990983707239615 0
		outer loop
			vertex 6.703562259674072 0.03166675567626953 0.6818498969078073
			vertex 6.673887252807617 0.030405759811401367 0.6818498969078073
			vertex 6.673887252807617 0.030405759811401367 0.09999999403953641
		endloop
	endfacet
	facet normal 0 0 1
		outer loop
			vertex 6.150420665740967 0 0.09999999403953641
			vertex 7.179980278015137 0 0.09999999403953641
			vertex 6.673887252807617 0.030405759811401367 0.09999999403953641
		endloop
	endfacet
	facet normal -3.686794459402765e-17 4.3317137650576822e-16 1
		outer loop
			vertex 6.390817642211914 3.474809169769287 0.6818498969078065
			vertex 6.4341325759887695 3.2221946716308594 0.6818498969078066
			vertex 6.4341325759887695 3.47849577665329 0.6818498969078065
		endloop
	endfacet
	facet normal 3.6867538733718824e-17 4.3317137650576827e-16 1
		outer loop
			vertex 6.4341325759887695 3.2221946716308594 0.6818498969078066
			vertex 6.477447986602783 3.474809169769287 0.6818498969078065
			vertex 6.4341325759887695 3.47849577665329 0.6818498969078065
		endloop
	endfacet
	facet normal -1.0954544081808301e-16 4.2070961774207465e-16 1
		outer loop
			vertex 6.348748683929443 3.4638551473617554 0.6818498969078065
			vertex 6.4341325759887695 3.2221946716308594 0.6818498969078066
			vertex 6.390817642211914 3.474809169769287 0.6818498969078065
		endloop
	endfacet
	facet normal 1.0954657788227971e-16 4.2070921599261044e-16 1
		outer loop
			vertex 6.4341325759887695 3.2221946716308594 0.6818498969078066
			vertex 6.519516468048096 3.4638551473617554 0.6818498969078065
			vertex 6.477447986602783 3.474809169769287 0.6818498969078065
		endloop
	endfacet
	facet normal -1.7906875332664778e-16 3.961455222155542e-16 1
		outer loop
			vertex 6.309135913848877 3.445949077606201 0.6818498969078065
			vertex 6.4341325759887695 3.2221946716308594 0.6818498969078066
			vertex 6.348748683929443 3.4638551473617554 0.6818498969078065
		endloop
	endfacet
	facet normal 1.7906689466504282e-16 3.9614617892104717e-16 1
		outer loop
			vertex 6.4341325759887695 3.2221946716308594 0.6818498969078066
			vertex 6.55912971496582 3.445949077606201 0.6818498969078065
			vertex 6.519516468048096 3.4638551473617554 0.6818498969078065
		endloop
	endfacet
	facet normal -2.4344078383867405e-16 3.6018516240008167e-16 1
		outer loop
			vertex 6.27311897277832 3.4216060638427734 0.6818498969078065
			vertex 6.4341325759887695 3.2221946716308594 0.6818498969078066
			vertex 6.309135913848877 3.445949077606201 0.6818498969078065
		endloop
	endfacet
	facet normal 2.4344286893382056e-16 3.601834788017734e-16 1
		outer loop
			vertex 6.4341325759887695 3.2221946716308594 0.6818498969078066
			vertex 6.595146179199219 3.4216060638427734 0.6818498969078065
			vertex 6.55912971496582 3.445949077606201 0.6818498969078065
		endloop
	endfacet
	facet normal -3.008125403189084e-16 3.1386066142283485e-16 1
		outer loop
			vertex 6.241734504699707 3.3915263414382935 0.6818498969078065
			vertex 6.4341325759887695 3.2221946716308594 0.6818498969078066
			vertex 6.27311897277832 3.4216060638427734 0.6818498969078065
		endloop
	endfacet
	facet normal 3.008125403189084e-16 3.1386066142283485e-16 1
		outer loop
			vertex 6.4341325759887695 3.2221946716308594 0.6818498969078066
			vertex 6.626530647277832 3.3915263414382935 0.6818498969078065
			vertex 6.595146179199219 3.4216060638427734 0.6818498969078065
		endloop
	endfacet
	facet normal -3.4952734843656043e-16 2.5850991022719796e-16 1
		outer loop
			vertex 6.215884685516357 3.3565751910209656 0.6818498969078065
			vertex 6.4341325759887695 3.2221946716308594 0.6818498969078066
			vertex 6.241734504699707 3.3915263414382935 0.6818498969078065
		endloop
	endfacet
	facet normal 3.4952734843656043e-16 2.5850991022719796e-16 1
		outer loop
			vertex 6.4341325759887695 3.2221946716308594 0.6818498969078066
			vertex 6.652380466461182 3.3565751910209656 0.6818498969078065
			vertex 6.626530647277832 3.3915263414382935 0.6818498969078065
		endloop
	endfacet
	facet normal -3.881898313480271e-16 1.9571803106086003e-16 1
		outer loop
			vertex 6.196313858032227 3.3177581429481506 0.6818498969078065
			vertex 6.4341325759887695 3.2221946716308594 0.6818498969078066
			vertex 6.215884685516357 3.3565751910209656 0.6818498969078065
		endloop
	endfacet
	facet normal 3.8818759077308767e-16 1.9572166998677124e-16 1
		outer loop
			vertex 6.4341325759887695 3.2221946716308594 0.6818498969078066
			vertex 6.671951770782471 3.3177581429481506 0.6818498969078065
			vertex 6.652380466461182 3.3565751910209656 0.6818498969078065
		endloop
	endfacet
	facet normal -4.156814921719748e-16 1.273024383503392e-16 1
		outer loop
			vertex 6.183584213256836 3.2761919498443604 0.6818498969078065
			vertex 6.4341325759887695 3.2221946716308594 0.6818498969078066
			vertex 6.196313858032227 3.3177581429481506 0.6818498969078065
		endloop
	endfacet
	facet normal 4.156824562537291e-16 1.27297964993291e-16 1
		outer loop
			vertex 6.4341325759887695 3.2221946716308594 0.6818498969078066
			vertex 6.684680938720703 3.2761919498443604 0.6818498969078065
			vertex 6.671951770782471 3.3177581429481506 0.6818498969078065
		endloop
	endfacet
	facet normal 1.0878229273421435e-16 2.560824033658892e-15 1
		outer loop
			vertex 6.1780619621276855 3.2330724000930786 0.6818498969078066
			vertex 6.4341325759887695 3.2221946716308594 0.6818498969078066
			vertex 6.183584213256836 3.2761919498443604 0.6818498969078065
		endloop
	endfacet
	facet normal -1.0878229273421435e-16 2.560824033658892e-15 1
		outer loop
			vertex 6.4341325759887695 3.2221946716308594 0.6818498969078066
			vertex 6.6902031898498535 3.2330724000930786 0.6818498969078066
			vertex 6.684680938720703 3.2761919498443604 0.6818498969078065
		endloop
	endfacet
	facet normal 0 0 1
		outer loop
			vertex 6.17990779876709 3.1896398067474365 0.6818498969078066
			vertex 6.4341325759887695 3.2221946716308594 0.6818498969078066
			vertex 6.1780619621276855 3.2330724000930786 0.6818498969078066
		endloop
	endfacet
	facet normal 0 0 1
		outer loop
			vertex 6.4341325759887695 3.2221946716308594 0.6818498969078066
			vertex 6.688357830047607 3.1896398067474365 0.6818498969078066
			vertex 6.6902031898498535 3.2330724000930786 0.6818498969078066
		endloop
	endfacet
	facet normal 0 0 1
		outer loop
			vertex 6.4341325759887695 2.9658933877944946 0.6818498969078066
			vertex 6.455868244171143 2.966816782951355 0.6818498969078066
			vertex 6.4341325759887695 3.2221946716308594 0.6818498969078066
		endloop
	endfacet
	facet normal 0 0 1
		outer loop
			vertex 6.4123969078063965 2.966816782951355 0.6818498969078066
			vertex 6.4341325759887695 2.9658933877944946 0.6818498969078066
			vertex 6.4341325759887695 3.2221946716308594 0.6818498969078066
		endloop
	endfacet
	facet normal 0 0 1
		outer loop
			vertex 6.2906107902526855 3.009846568107605 0.6818498969078066
			vertex 6.328562259674072 2.9886457920074463 0.6818498969078066
			vertex 6.4341325759887695 3.2221946716308594 0.6818498969078066
		endloop
	endfacet
	facet normal 0 0 1
		outer loop
			vertex 6.328562259674072 2.9886457920074463 0.6818498969078066
			vertex 6.369550704956055 2.97416353225708 0.6818498969078066
			vertex 6.4341325759887695 3.2221946716308594 0.6818498969078066
		endloop
	endfacet
	facet normal 0 0 1
		outer loop
			vertex 6.369550704956055 2.97416353225708 0.6818498969078066
			vertex 6.4123969078063965 2.966816782951355 0.6818498969078066
			vertex 6.4341325759887695 3.2221946716308594 0.6818498969078066
		endloop
	endfacet
	facet normal 0 0 1
		outer loop
			vertex 6.20527458190918 3.1068068146705627 0.6818498969078066
			vertex 6.228067398071289 3.069789409637451 0.6818498969078066
			vertex 6.4341325759887695 3.2221946716308594 0.6818498969078066
		endloop
	endfacet
	facet normal 0 0 1
		outer loop
			vertex 6.228067398071289 3.069789409637451 0.6818498969078066
			vertex 6.2567877769470215 3.0371564626693726 0.6818498969078066
			vertex 6.4341325759887695 3.2221946716308594 0.6818498969078066
		endloop
	endfacet
	facet normal 0 0 1
		outer loop
			vertex 6.2567877769470215 3.0371564626693726 0.6818498969078066
			vertex 6.2906107902526855 3.009846568107605 0.6818498969078066
			vertex 6.4341325759887695 3.2221946716308594 0.6818498969078066
		endloop
	endfacet
	facet normal 0 0 1
		outer loop
			vertex 6.17990779876709 3.1896398067474365 0.6818498969078066
			vertex 6.189065933227539 3.14714378118515 0.6818498969078066
			vertex 6.4341325759887695 3.2221946716308594 0.6818498969078066
		endloop
	endfacet
	facet normal 0 0 1
		outer loop
			vertex 6.189065933227539 3.14714378118515 0.6818498969078066
			vertex 6.20527458190918 3.1068068146705627 0.6818498969078066
			vertex 6.4341325759887695 3.2221946716308594 0.6818498969078066
		endloop
	endfacet
	facet normal 0 0 1
		outer loop
			vertex 6.662990570068359 3.1068068146705627 0.6818498969078066
			vertex 6.67919921875 3.14714378118515 0.6818498969078066
			vertex 6.4341325759887695 3.2221946716308594 0.6818498969078066
		endloop
	endfacet
	facet normal 0 0 1
		outer loop
			vertex 6.67919921875 3.14714378118515 0.6818498969078066
			vertex 6.688357830047607 3.1896398067474365 0.6818498969078066
			vertex 6.4341325759887695 3.2221946716308594 0.6818498969078066
		endloop
	endfacet
	facet normal 0 0 1
		outer loop
			vertex 6.577654838562012 3.009846568107605 0.6818498969078066
			vertex 6.611477375030518 3.0371564626693726 0.6818498969078066
			vertex 6.4341325759887695 3.2221946716308594 0.6818498969078066
		endloop
	endfacet
	facet normal 0 0 1
		outer loop
			vertex 6.611477375030518 3.0371564626693726 0.6818498969078066
			vertex 6.64019775390625 3.069789409637451 0.6818498969078066
			vertex 6.4341325759887695 3.2221946716308594 0.6818498969078066
		endloop
	endfacet
	facet normal 0 0 1
		outer loop
			vertex 6.64019775390625 3.069789409637451 0.6818498969078066
			vertex 6.662990570068359 3.1068068146705627 0.6818498969078066
			vertex 6.4341325759887695 3.2221946716308594 0.6818498969078066
		endloop
	endfacet
	facet normal 0 0 1
		outer loop
			vertex 6.455868244171143 2.966816782951355 0.6818498969078066
			vertex 6.498714447021484 2.97416353225708 0.6818498969078066
			vertex 6.4341325759887695 3.2221946716308594 0.6818498969078066
		endloop
	endfacet
	facet normal 0 0 1
		outer loop
			vertex 6.498714447021484 2.97416353225708 0.6818498969078066
			vertex 6.539703369140625 2.9886457920074463 0.6818498969078066
			vertex 6.4341325759887695 3.2221946716308594 0.6818498969078066
		endloop
	endfacet
	facet normal 0 0 1
		outer loop
			vertex 6.539703369140625 2.9886457920074463 0.6818498969078066
			vertex 6.577654838562012 3.009846568107605 0.6818498969078066
			vertex 6.4341325759887695 3.2221946716308594 0.6818498969078066
		endloop
	endfacet
	facet normal 2.9578849106991423e-15 5.071833759282318e-16 1
		outer loop
			vertex 6.468196392059326 2.7486846446990967 0.6818498969078067
			vertex 6.505190849304199 2.5329335927963257 0.6818498969078067
			vertex 6.505190849304199 2.7518333196640015 0.6818498969078066
		endloop
	endfacet
	facet normal -2.9579230366163744e-15 5.071833759282318e-16 1
		outer loop
			vertex 6.505190849304199 2.5329335927963257 0.6818498969078067
			vertex 6.542184829711914 2.7486846446990967 0.6818498969078067
			vertex 6.505190849304199 2.7518333196640015 0.6818498969078066
		endloop
	endfacet
	facet normal 0 0 1
		outer loop
			vertex 6.4322662353515625 2.739329218864441 0.6818498969078067
			vertex 6.505190849304199 2.5329335927963257 0.6818498969078067
			vertex 6.468196392059326 2.7486846446990967 0.6818498969078067
		endloop
	endfacet
	facet normal 0 0 1
		outer loop
			vertex 6.505190849304199 2.5329335927963257 0.6818498969078067
			vertex 6.5781145095825195 2.739329218864441 0.6818498969078067
			vertex 6.542184829711914 2.7486846446990967 0.6818498969078067
		endloop
	endfacet
	facet normal 0 0 1
		outer loop
			vertex 6.398434162139893 2.7240360975265503 0.6818498969078067
			vertex 6.505190849304199 2.5329335927963257 0.6818498969078067
			vertex 6.4322662353515625 2.739329218864441 0.6818498969078067
		endloop
	endfacet
	facet normal 0 0 1
		outer loop
			vertex 6.505190849304199 2.5329335927963257 0.6818498969078067
			vertex 6.6119465827941895 2.7240360975265503 0.6818498969078067
			vertex 6.5781145095825195 2.739329218864441 0.6818498969078067
		endloop
	endfacet
	facet normal 0 0 1
		outer loop
			vertex 6.367673397064209 2.7032454013824463 0.6818498969078067
			vertex 6.505190849304199 2.5329335927963257 0.6818498969078067
			vertex 6.398434162139893 2.7240360975265503 0.6818498969078067
		endloop
	endfacet
	facet normal 0 0 1
		outer loop
			vertex 6.505190849304199 2.5329335927963257 0.6818498969078067
			vertex 6.642707347869873 2.7032454013824463 0.6818498969078067
			vertex 6.6119465827941895 2.7240360975265503 0.6818498969078067
		endloop
	endfacet
	facet normal 0 0 1
		outer loop
			vertex 6.3408684730529785 2.6775550842285156 0.6818498969078067
			vertex 6.505190849304199 2.5329335927963257 0.6818498969078067
			vertex 6.367673397064209 2.7032454013824463 0.6818498969078067
		endloop
	endfacet
	facet normal 0 0 1
		outer loop
			vertex 6.505190849304199 2.5329335927963257 0.6818498969078067
			vertex 6.6695122718811035 2.6775550842285156 0.6818498969078067
			vertex 6.642707347869873 2.7032454013824463 0.6818498969078067
		endloop
	endfacet
	facet normal 0 0 1
		outer loop
			vertex 6.318790912628174 2.6477043628692627 0.6818498969078067
			vertex 6.505190849304199 2.5329335927963257 0.6818498969078067
			vertex 6.3408684730529785 2.6775550842285156 0.6818498969078067
		endloop
	endfacet
	facet normal 0 0 1
		outer loop
			vertex 6.505190849304199 2.5329335927963257 0.6818498969078067
			vertex 6.691589832305908 2.6477043628692627 0.6818498969078067
			vertex 6.6695122718811035 2.6775550842285156 0.6818498969078067
		endloop
	endfacet
	facet normal 0 0 1
		outer loop
			vertex 6.3020758628845215 2.6145517826080322 0.6818498969078067
			vertex 6.505190849304199 2.5329335927963257 0.6818498969078067
			vertex 6.318790912628174 2.6477043628692627 0.6818498969078067
		endloop
	endfacet
	facet normal 0 0 1
		outer loop
			vertex 6.505190849304199 2.5329335927963257 0.6818498969078067
			vertex 6.7083048820495605 2.6145517826080322 0.6818498969078067
			vertex 6.691589832305908 2.6477043628692627 0.6818498969078067
		endloop
	endfacet
	facet normal 0 0 1
		outer loop
			vertex 6.29120397567749 2.5790512561798096 0.6818498969078067
			vertex 6.505190849304199 2.5329335927963257 0.6818498969078067
			vertex 6.3020758628845215 2.6145517826080322 0.6818498969078067
		endloop
	endfacet
	facet normal 0 0 1
		outer loop
			vertex 6.505190849304199 2.5329335927963257 0.6818498969078067
			vertex 6.719176769256592 2.5790512561798096 0.6818498969078067
			vertex 6.7083048820495605 2.6145517826080322 0.6818498969078067
		endloop
	endfacet
	facet normal 0 0 1
		outer loop
			vertex 6.286488056182861 2.5422240495681763 0.6818498969078067
			vertex 6.505190849304199 2.5329335927963257 0.6818498969078067
			vertex 6.29120397567749 2.5790512561798096 0.6818498969078067
		endloop
	endfacet
	facet normal 0 0 1
		outer loop
			vertex 6.505190849304199 2.5329335927963257 0.6818498969078067
			vertex 6.723892688751221 2.5422240495681763 0.6818498969078067
			vertex 6.719176769256592 2.5790512561798096 0.6818498969078067
		endloop
	endfacet
	facet normal 0 0 1
		outer loop
			vertex 6.288064002990723 2.5051294565200806 0.6818498969078067
			vertex 6.505190849304199 2.5329335927963257 0.6818498969078067
			vertex 6.286488056182861 2.5422240495681763 0.6818498969078067
		endloop
	endfacet
	facet normal 0 0 1
		outer loop
			vertex 6.505190849304199 2.5329335927963257 0.6818498969078067
			vertex 6.722317218780518 2.5051294565200806 0.6818498969078067
			vertex 6.723892688751221 2.5422240495681763 0.6818498969078067
		endloop
	endfacet
	facet normal 0 0 1
		outer loop
			vertex 6.505190849304199 2.3140339851379395 0.6818498969078067
			vertex 6.523754119873047 2.314822554588318 0.6818498969078067
			vertex 6.505190849304199 2.5329335927963257 0.6818498969078067
		endloop
	endfacet
	facet normal 0 0 1
		outer loop
			vertex 6.486626625061035 2.314822554588318 0.6818498969078067
			vertex 6.505190849304199 2.3140339851379395 0.6818498969078067
			vertex 6.505190849304199 2.5329335927963257 0.6818498969078067
		endloop
	endfacet
	facet normal 0 0 1
		outer loop
			vertex 6.382612228393555 2.3515732288360596 0.6818498969078067
			vertex 6.41502571105957 2.333466053009033 0.6818498969078067
			vertex 6.505190849304199 2.5329335927963257 0.6818498969078067
		endloop
	endfacet
	facet normal 0 0 1
		outer loop
			vertex 6.41502571105957 2.333466053009033 0.6818498969078067
			vertex 6.450032711029053 2.321097254753113 0.6818498969078067
			vertex 6.505190849304199 2.5329335927963257 0.6818498969078067
		endloop
	endfacet
	facet normal 0 0 1
		outer loop
			vertex 6.450032711029053 2.321097254753113 0.6818498969078067
			vertex 6.486626625061035 2.314822554588318 0.6818498969078067
			vertex 6.505190849304199 2.5329335927963257 0.6818498969078067
		endloop
	endfacet
	facet normal 0 0 1
		outer loop
			vertex 6.309729099273682 2.4343842267990112 0.6818498969078067
			vertex 6.329195976257324 2.402768611907959 0.6818498969078067
			vertex 6.505190849304199 2.5329335927963257 0.6818498969078067
		endloop
	endfacet
	facet normal 0 0 1
		outer loop
			vertex 6.329195976257324 2.402768611907959 0.6818498969078067
			vertex 6.353725433349609 2.3748977184295654 0.6818498969078067
			vertex 6.505190849304199 2.5329335927963257 0.6818498969078067
		endloop
	endfacet
	facet normal 0 0 1
		outer loop
			vertex 6.353725433349609 2.3748977184295654 0.6818498969078067
			vertex 6.382612228393555 2.3515732288360596 0.6818498969078067
			vertex 6.505190849304199 2.5329335927963257 0.6818498969078067
		endloop
	endfacet
	facet normal 0 0 1
		outer loop
			vertex 6.288064002990723 2.5051294565200806 0.6818498969078067
			vertex 6.295886039733887 2.46883487701416 0.6818498969078067
			vertex 6.505190849304199 2.5329335927963257 0.6818498969078067
		endloop
	endfacet
	facet normal 0 0 1
		outer loop
			vertex 6.295886039733887 2.46883487701416 0.6818498969078067
			vertex 6.309729099273682 2.4343842267990112 0.6818498969078067
			vertex 6.505190849304199 2.5329335927963257 0.6818498969078067
		endloop
	endfacet
	facet normal 0 0 1
		outer loop
			vertex 6.7006516456604 2.4343842267990112 0.6818498969078067
			vertex 6.7144951820373535 2.46883487701416 0.6818498969078067
			vertex 6.505190849304199 2.5329335927963257 0.6818498969078067
		endloop
	endfacet
	facet normal 0 0 1
		outer loop
			vertex 6.7144951820373535 2.46883487701416 0.6818498969078067
			vertex 6.722317218780518 2.5051294565200806 0.6818498969078067
			vertex 6.505190849304199 2.5329335927963257 0.6818498969078067
		endloop
	endfacet
	facet normal 0 0 1
		outer loop
			vertex 6.627768516540527 2.3515732288360596 0.6818498969078067
			vertex 6.656655788421631 2.3748977184295654 0.6818498969078067
			vertex 6.505190849304199 2.5329335927963257 0.6818498969078067
		endloop
	endfacet
	facet normal 0 0 1
		outer loop
			vertex 6.656655788421631 2.3748977184295654 0.6818498969078067
			vertex 6.681184768676758 2.402768611907959 0.6818498969078067
			vertex 6.505190849304199 2.5329335927963257 0.6818498969078067
		endloop
	endfacet
	facet normal 0 0 1
		outer loop
			vertex 6.681184768676758 2.402768611907959 0.6818498969078067
			vertex 6.7006516456604 2.4343842267990112 0.6818498969078067
			vertex 6.505190849304199 2.5329335927963257 0.6818498969078067
		endloop
	endfacet
	facet normal 0 0 1
		outer loop
			vertex 6.523754119873047 2.314822554588318 0.6818498969078067
			vertex 6.560348033905029 2.321097254753113 0.6818498969078067
			vertex 6.505190849304199 2.5329335927963257 0.6818498969078067
		endloop
	endfacet
	facet normal 0 0 1
		outer loop
			vertex 6.560348033905029 2.321097254753113 0.6818498969078067
			vertex 6.59535551071167 2.333466053009033 0.6818498969078067
			vertex 6.505190849304199 2.5329335927963257 0.6818498969078067
		endloop
	endfacet
	facet normal 0 0 1
		outer loop
			vertex 6.59535551071167 2.333466053009033 0.6818498969078067
			vertex 6.627768516540527 2.3515732288360596 0.6818498969078067
			vertex 6.505190849304199 2.5329335927963257 0.6818498969078067
		endloop
	endfacet
	facet normal 0 0 1
		outer loop
			vertex 6.519773483276367 2.0336992740631104 0.6818498969078068
			vertex 6.567808628082275 1.753556489944458 0.6818498969078068
			vertex 6.567808628082275 2.037787675857544 0.6818498969078068
		endloop
	endfacet
	facet normal 0 0 1
		outer loop
			vertex 6.567808628082275 1.753556489944458 0.6818498969078068
			vertex 6.615844249725342 2.0336992740631104 0.6818498969078068
			vertex 6.567808628082275 2.037787675857544 0.6818498969078068
		endloop
	endfacet
	facet normal 0 0 1
		outer loop
			vertex 6.473120212554932 2.021551728248596 0.6818498969078068
			vertex 6.567808628082275 1.753556489944458 0.6818498969078068
			vertex 6.519773483276367 2.0336992740631104 0.6818498969078068
		endloop
	endfacet
	facet normal 0 0 1
		outer loop
			vertex 6.567808628082275 1.753556489944458 0.6818498969078068
			vertex 6.662497520446777 2.021551728248596 0.6818498969078068
			vertex 6.615844249725342 2.0336992740631104 0.6818498969078068
		endloop
	endfacet
	facet normal 0 0 1
		outer loop
			vertex 6.429190635681152 2.0016943216323853 0.6818498969078068
			vertex 6.567808628082275 1.753556489944458 0.6818498969078068
			vertex 6.473120212554932 2.021551728248596 0.6818498969078068
		endloop
	endfacet
	facet normal 0 0 1
		outer loop
			vertex 6.567808628082275 1.753556489944458 0.6818498969078068
			vertex 6.706427097320557 2.0016943216323853 0.6818498969078068
			vertex 6.662497520446777 2.021551728248596 0.6818498969078068
		endloop
	endfacet
	facet normal 0 0 1
		outer loop
			vertex 6.389248847961426 1.974698543548584 0.6818498969078068
			vertex 6.567808628082275 1.753556489944458 0.6818498969078068
			vertex 6.429190635681152 2.0016943216323853 0.6818498969078068
		endloop
	endfacet
	facet normal 0 0 1
		outer loop
			vertex 6.567808628082275 1.753556489944458 0.6818498969078068
			vertex 6.746368885040283 1.974698543548584 0.6818498969078068
			vertex 6.706427097320557 2.0016943216323853 0.6818498969078068
		endloop
	endfacet
	facet normal 0 0 1
		outer loop
			vertex 6.35444450378418 1.9413409233093262 0.6818498969078068
			vertex 6.567808628082275 1.753556489944458 0.6818498969078068
			vertex 6.389248847961426 1.974698543548584 0.6818498969078068
		endloop
	endfacet
	facet normal 0 0 1
		outer loop
			vertex 6.567808628082275 1.753556489944458 0.6818498969078068
			vertex 6.781173229217529 1.9413409233093262 0.6818498969078068
			vertex 6.746368885040283 1.974698543548584 0.6818498969078068
		endloop
	endfacet
	facet normal 0 0 1
		outer loop
			vertex 6.325777530670166 1.902580976486206 0.6818498969078068
			vertex 6.567808628082275 1.753556489944458 0.6818498969078068
			vertex 6.35444450378418 1.9413409233093262 0.6818498969078068
		endloop
	endfacet
	facet normal 0 0 1
		outer loop
			vertex 6.567808628082275 1.753556489944458 0.6818498969078068
			vertex 6.809840202331543 1.902580976486206 0.6818498969078068
			vertex 6.781173229217529 1.9413409233093262 0.6818498969078068
		endloop
	endfacet
	facet normal 0 0 1
		outer loop
			vertex 6.304073810577393 1.8595337867736816 0.6818498969078068
			vertex 6.567808628082275 1.753556489944458 0.6818498969078068
			vertex 6.325777530670166 1.902580976486206 0.6818498969078068
		endloop
	endfacet
	facet normal 0 0 1
		outer loop
			vertex 6.567808628082275 1.753556489944458 0.6818498969078068
			vertex 6.831543922424316 1.8595337867736816 0.6818498969078068
			vertex 6.809840202331543 1.902580976486206 0.6818498969078068
		endloop
	endfacet
	facet normal 0 0 1
		outer loop
			vertex 6.289957046508789 1.8134379386901855 0.6818498969078068
			vertex 6.567808628082275 1.753556489944458 0.6818498969078068
			vertex 6.304073810577393 1.8595337867736816 0.6818498969078068
		endloop
	endfacet
	facet normal 0 0 1
		outer loop
			vertex 6.567808628082275 1.753556489944458 0.6818498969078068
			vertex 6.84566068649292 1.8134379386901855 0.6818498969078068
			vertex 6.831543922424316 1.8595337867736816 0.6818498969078068
		endloop
	endfacet
	facet normal 0 0 1
		outer loop
			vertex 6.2838335037231445 1.7656195163726807 0.6818498969078068
			vertex 6.567808628082275 1.753556489944458 0.6818498969078068
			vertex 6.289957046508789 1.8134379386901855 0.6818498969078068
		endloop
	endfacet
	facet normal 0 0 1
		outer loop
			vertex 6.567808628082275 1.753556489944458 0.6818498969078068
			vertex 6.8517842292785645 1.7656195163726807 0.6818498969078068
			vertex 6.84566068649292 1.8134379386901855 0.6818498969078068
		endloop
	endfacet
	facet normal 9.809209524437175e-17 2.309181291396075e-15 1
		outer loop
			vertex 6.285879611968994 1.717453956604004 0.681849896907807
			vertex 6.567808628082275 1.753556489944458 0.6818498969078068
			vertex 6.2838335037231445 1.7656195163726807 0.6818498969078068
		endloop
	endfacet
	facet normal -9.80919302354275e-17 2.3091812843863742e-15 1
		outer loop
			vertex 6.567808628082275 1.753556489944458 0.6818498969078068
			vertex 6.849738121032715 1.717453956604004 0.681849896907807
			vertex 6.8517842292785645 1.7656195163726807 0.6818498969078068
		endloop
	endfacet
	facet normal -1.659363602172028e-17 3.906053059529601e-16 1
		outer loop
			vertex 6.567808628082275 1.469325065612793 0.681849896907807
			vertex 6.591913223266602 1.4703490734100342 0.681849896907807
			vertex 6.567808628082275 1.753556489944458 0.6818498969078068
		endloop
	endfacet
	facet normal 1.659363602172028e-17 3.906053059529601e-16 1
		outer loop
			vertex 6.543704032897949 1.4703490734100342 0.681849896907807
			vertex 6.567808628082275 1.469325065612793 0.681849896907807
			vertex 6.567808628082275 1.753556489944458 0.6818498969078068
		endloop
	endfacet
	facet normal 1.911876442812636e-16 3.4223546067602746e-16 1
		outer loop
			vertex 6.408646583557129 1.5180680751800537 0.681849896907807
			vertex 6.450733184814453 1.4945566654205322 0.681849896907807
			vertex 6.567808628082275 1.753556489944458 0.6818498969078068
		endloop
	endfacet
	facet normal 1.3059484343465856e-16 3.696251665609433e-16 1
		outer loop
			vertex 6.450733184814453 1.4945566654205322 0.681849896907807
			vertex 6.496189117431641 1.4784963130950928 0.681849896907807
			vertex 6.567808628082275 1.753556489944458 0.6818498969078068
		endloop
	endfacet
	facet normal 6.625121230105788e-17 3.8637880726625385e-16 1
		outer loop
			vertex 6.496189117431641 1.4784963130950928 0.681849896907807
			vertex 6.543704032897949 1.4703490734100342 0.681849896907807
			vertex 6.567808628082275 1.753556489944458 0.6818498969078068
		endloop
	endfacet
	facet normal 3.338133913465126e-16 2.0553965062419169e-16 1
		outer loop
			vertex 6.314011096954346 1.6255943775177002 0.681849896907807
			vertex 6.339287757873535 1.584542989730835 0.681849896907807
			vertex 6.567808628082275 1.753556489944458 0.6818498969078068
		endloop
	endfacet
	facet normal 2.9427718176284763e-16 2.589960254545736e-16 1
		outer loop
			vertex 6.339287757873535 1.584542989730835 0.681849896907807
			vertex 6.371138095855713 1.548353910446167 0.681849896907807
			vertex 6.567808628082275 1.753556489944458 0.6818498969078068
		endloop
	endfacet
	facet normal 2.4627271321288666e-16 3.0500453276504203e-16 1
		outer loop
			vertex 6.371138095855713 1.548353910446167 0.681849896907807
			vertex 6.408646583557129 1.5180680751800537 0.681849896907807
			vertex 6.567808628082275 1.753556489944458 0.6818498969078068
		endloop
	endfacet
	facet normal 3.832191477331156e-16 8.258991573334036e-17 1
		outer loop
			vertex 6.285879611968994 1.717453956604004 0.681849896907807
			vertex 6.296036243438721 1.6703269481658936 0.681849896907807
			vertex 6.567808628082275 1.753556489944458 0.6818498969078068
		endloop
	endfacet
	facet normal 3.637494114277448e-16 1.4616513855710172e-16 1
		outer loop
			vertex 6.296036243438721 1.6703269481658936 0.681849896907807
			vertex 6.314011096954346 1.6255943775177002 0.681849896907807
			vertex 6.567808628082275 1.753556489944458 0.6818498969078068
		endloop
	endfacet
	facet normal -3.637477858038912e-16 1.461683627874054e-16 1
		outer loop
			vertex 6.821606159210205 1.6255943775177002 0.681849896907807
			vertex 6.839581489562988 1.6703269481658936 0.681849896907807
			vertex 6.567808628082275 1.753556489944458 0.6818498969078068
		endloop
	endfacet
	facet normal -3.8321851698850586e-16 8.258977979768976e-17 1
		outer loop
			vertex 6.839581489562988 1.6703269481658936 0.681849896907807
			vertex 6.849738121032715 1.717453956604004 0.681849896907807
			vertex 6.567808628082275 1.753556489944458 0.6818498969078068
		endloop
	endfacet
	facet normal -2.4627245272232507e-16 3.050042101519478e-16 1
		outer loop
			vertex 6.72697114944458 1.5180680751800537 0.681849896907807
			vertex 6.764479637145996 1.548353910446167 0.681849896907807
			vertex 6.567808628082275 1.753556489944458 0.6818498969078068
		endloop
	endfacet
	facet normal -2.942768098231884e-16 2.5899569810709503e-16 1
		outer loop
			vertex 6.764479637145996 1.548353910446167 0.681849896907807
			vertex 6.796329975128174 1.584542989730835 0.681849896907807
			vertex 6.567808628082275 1.753556489944458 0.6818498969078068
		endloop
	endfacet
	facet normal -3.338148831886492e-16 2.055366917339085e-16 1
		outer loop
			vertex 6.796329975128174 1.584542989730835 0.681849896907807
			vertex 6.821606159210205 1.6255943775177002 0.681849896907807
			vertex 6.567808628082275 1.753556489944458 0.6818498969078068
		endloop
	endfacet
	facet normal -6.625055700530365e-17 3.8637886304035427e-16 1
		outer loop
			vertex 6.591913223266602 1.4703490734100342 0.681849896907807
			vertex 6.639428615570068 1.4784963130950928 0.681849896907807
			vertex 6.567808628082275 1.753556489944458 0.6818498969078068
		endloop
	endfacet
	facet normal -1.3059602473478163e-16 3.6962463257897714e-16 1
		outer loop
			vertex 6.639428615570068 1.4784963130950928 0.681849896907807
			vertex 6.684884071350098 1.4945566654205322 0.681849896907807
			vertex 6.567808628082275 1.753556489944458 0.6818498969078068
		endloop
	endfacet
	facet normal -1.9118591487759352e-16 3.422362424167164e-16 1
		outer loop
			vertex 6.684884071350098 1.4945566654205322 0.681849896907807
			vertex 6.72697114944458 1.5180680751800537 0.681849896907807
			vertex 6.567808628082275 1.753556489944458 0.6818498969078068
		endloop
	endfacet
	facet normal 0 0 1
		outer loop
			vertex 6.614750385284424 0.7252111434936523 0.6818498969078072
			vertex 6.673887252807617 0.3803250789642334 0.6818498969078072
			vertex 6.673887252807617 0.7302443981170654 0.6818498969078072
		endloop
	endfacet
	facet normal 0 0 1
		outer loop
			vertex 6.673887252807617 0.3803250789642334 0.6818498969078072
			vertex 6.733023643493652 0.7252111434936523 0.6818498969078072
			vertex 6.673887252807617 0.7302443981170654 0.6818498969078072
		endloop
	endfacet
	facet normal 0 0 1
		outer loop
			vertex 6.557314872741699 0.7102560997009277 0.6818498969078072
			vertex 6.673887252807617 0.3803250789642334 0.6818498969078072
			vertex 6.614750385284424 0.7252111434936523 0.6818498969078072
		endloop
	endfacet
	facet normal 0 0 1
		outer loop
			vertex 6.673887252807617 0.3803250789642334 0.6818498969078072
			vertex 6.790459156036377 0.7102560997009277 0.6818498969078072
			vertex 6.733023643493652 0.7252111434936523 0.6818498969078072
		endloop
	endfacet
	facet normal 0 0 1
		outer loop
			vertex 6.503232955932617 0.6858096122741699 0.6818498969078072
			vertex 6.673887252807617 0.3803250789642334 0.6818498969078072
			vertex 6.557314872741699 0.7102560997009277 0.6818498969078072
		endloop
	endfacet
	facet normal 0 0 1
		outer loop
			vertex 6.673887252807617 0.3803250789642334 0.6818498969078072
			vertex 6.844540596008301 0.6858096122741699 0.6818498969078072
			vertex 6.790459156036377 0.7102560997009277 0.6818498969078072
		endloop
	endfacet
	facet normal 0 0 1
		outer loop
			vertex 6.4540605545043945 0.6525747776031494 0.6818498969078072
			vertex 6.673887252807617 0.3803250789642334 0.6818498969078072
			vertex 6.503232955932617 0.6858096122741699 0.6818498969078072
		endloop
	endfacet
	facet normal 0 0 1
		outer loop
			vertex 6.673887252807617 0.3803250789642334 0.6818498969078072
			vertex 6.893713474273682 0.6525747776031494 0.6818498969078072
			vertex 6.844540596008301 0.6858096122741699 0.6818498969078072
		endloop
	endfacet
	facet normal 0 0 1
		outer loop
			vertex 6.41121244430542 0.6115078926086426 0.6818498969078072
			vertex 6.673887252807617 0.3803250789642334 0.6818498969078072
			vertex 6.4540605545043945 0.6525747776031494 0.6818498969078072
		endloop
	endfacet
	facet normal 0 0 1
		outer loop
			vertex 6.673887252807617 0.3803250789642334 0.6818498969078072
			vertex 6.936561584472656 0.6115078926086426 0.6818498969078072
			vertex 6.893713474273682 0.6525747776031494 0.6818498969078072
		endloop
	endfacet
	facet normal 0 0 1
		outer loop
			vertex 6.37592077255249 0.5637903213500977 0.6818498969078072
			vertex 6.673887252807617 0.3803250789642334 0.6818498969078072
			vertex 6.41121244430542 0.6115078926086426 0.6818498969078072
		endloop
	endfacet
	facet normal 0 0 1
		outer loop
			vertex 6.673887252807617 0.3803250789642334 0.6818498969078072
			vertex 6.971853733062744 0.5637903213500977 0.6818498969078072
			vertex 6.936561584472656 0.6115078926086426 0.6818498969078072
		endloop
	endfacet
	facet normal 0 0 1
		outer loop
			vertex 6.34920072555542 0.5107948780059814 0.6818498969078072
			vertex 6.673887252807617 0.3803250789642334 0.6818498969078072
			vertex 6.37592077255249 0.5637903213500977 0.6818498969078072
		endloop
	endfacet
	facet normal 0 0 1
		outer loop
			vertex 6.673887252807617 0.3803250789642334 0.6818498969078072
			vertex 6.998573303222656 0.5107948780059814 0.6818498969078072
			vertex 6.971853733062744 0.5637903213500977 0.6818498969078072
		endloop
	endfacet
	facet normal 0 0 1
		outer loop
			vertex 6.331821441650391 0.45404577255249023 0.6818498969078072
			vertex 6.673887252807617 0.3803250789642334 0.6818498969078072
			vertex 6.34920072555542 0.5107948780059814 0.6818498969078072
		endloop
	endfacet
	facet normal 0 0 1
		outer loop
			vertex 6.673887252807617 0.3803250789642334 0.6818498969078072
			vertex 7.0159525871276855 0.45404577255249023 0.6818498969078072
			vertex 6.998573303222656 0.5107948780059814 0.6818498969078072
		endloop
	endfacet
	facet normal 0 0 1
		outer loop
			vertex 6.324283123016357 0.3951761722564697 0.6818498969078072
			vertex 6.673887252807617 0.3803250789642334 0.6818498969078072
			vertex 6.331821441650391 0.45404577255249023 0.6818498969078072
		endloop
	endfacet
	facet normal 0 0 1
		outer loop
			vertex 6.673887252807617 0.3803250789642334 0.6818498969078072
			vertex 7.023491382598877 0.3951761722564697 0.6818498969078072
			vertex 7.0159525871276855 0.45404577255249023 0.6818498969078072
		endloop
	endfacet
	facet normal 0 0 1
		outer loop
			vertex 6.326801776885986 0.3358790874481201 0.6818498969078072
			vertex 6.673887252807617 0.3803250789642334 0.6818498969078072
			vertex 6.324283123016357 0.3951761722564697 0.6818498969078072
		endloop
	endfacet
	facet normal 0 0 1
		outer loop
			vertex 6.673887252807617 0.3803250789642334 0.6818498969078072
			vertex 7.020971775054932 0.3358790874481201 0.6818498969078072
			vertex 7.023491382598877 0.3951761722564697 0.6818498969078072
		endloop
	endfacet
	facet normal -1.348233591370828e-17 3.1727971673957546e-16 1
		outer loop
			vertex 6.673887252807617 0.030405759811401367 0.6818498969078073
			vertex 6.703562259674072 0.03166675567626953 0.6818498969078073
			vertex 6.673887252807617 0.3803250789642334 0.6818498969078072
		endloop
	endfacet
	facet normal 1.3482119274316408e-17 3.1727971673957546e-16 1
		outer loop
			vertex 6.644211769104004 0.03166675567626953 0.6818498969078073
			vertex 6.673887252807617 0.030405759811401367 0.6818498969078073
			vertex 6.673887252807617 0.3803250789642334 0.6818498969078072
		endloop
	endfacet
	facet normal 1.5529582103229164e-16 2.7799082747174464e-16 1
		outer loop
			vertex 6.477941036224365 0.09041380882263184 0.6818498969078073
			vertex 6.529754638671875 0.06146883964538574 0.6818498969078073
			vertex 6.673887252807617 0.3803250789642334 0.6818498969078072
		endloop
	endfacet
	facet normal 1.0608019250896887e-16 3.0023777239762615e-16 1
		outer loop
			vertex 6.529754638671875 0.06146883964538574 0.6818498969078073
			vertex 6.585715293884277 0.041696786880493164 0.6818498969078073
			vertex 6.673887252807617 0.3803250789642334 0.6818498969078072
		endloop
	endfacet
	facet normal 5.381341415145709e-17 3.1384698445145597e-16 1
		outer loop
			vertex 6.585715293884277 0.041696786880493164 0.6818498969078073
			vertex 6.644211769104004 0.03166675567626953 0.6818498969078073
			vertex 6.673887252807617 0.3803250789642334 0.6818498969078072
		endloop
	endfacet
	facet normal 2.7114938834560267e-16 1.6695385220872073e-16 1
		outer loop
			vertex 6.3614349365234375 0.22279024124145508 0.6818498969078073
			vertex 6.392552852630615 0.17225170135498047 0.6818498969078073
			vertex 6.673887252807617 0.3803250789642334 0.6818498969078072
		endloop
	endfacet
	facet normal 2.3903449810308095e-16 2.1037614624240163e-16 1
		outer loop
			vertex 6.392552852630615 0.17225170135498047 0.6818498969078073
			vertex 6.431764125823975 0.1276988983154297 0.6818498969078073
			vertex 6.673887252807617 0.3803250789642334 0.6818498969078072
		endloop
	endfacet
	facet normal 2.0004159311999855e-16 2.477479026471933e-16 1
		outer loop
			vertex 6.431764125823975 0.1276988983154297 0.6818498969078073
			vertex 6.477941036224365 0.09041380882263184 0.6818498969078073
			vertex 6.673887252807617 0.3803250789642334 0.6818498969078072
		endloop
	endfacet
	facet normal 0 0 1
		outer loop
			vertex 6.326801776885986 0.3358790874481201 0.6818498969078072
			vertex 6.339305877685547 0.2778608798980713 0.6818498969078072
			vertex 6.673887252807617 0.3803250789642334 0.6818498969078072
		endloop
	endfacet
	facet normal -5.497407745147431e-16 1.7950955160352876e-15 1
		outer loop
			vertex 6.339305877685547 0.2778608798980713 0.6818498969078072
			vertex 6.3614349365234375 0.22279024124145508 0.6818498969078073
			vertex 6.673887252807617 0.3803250789642334 0.6818498969078072
		endloop
	endfacet
	facet normal 5.497414721433417e-16 1.795095235706883e-15 1
		outer loop
			vertex 6.986339092254639 0.22279024124145508 0.6818498969078073
			vertex 7.008468151092529 0.2778608798980713 0.6818498969078072
			vertex 6.673887252807617 0.3803250789642334 0.6818498969078072
		endloop
	endfacet
	facet normal 0 0 1
		outer loop
			vertex 7.008468151092529 0.2778608798980713 0.6818498969078072
			vertex 7.020971775054932 0.3358790874481201 0.6818498969078072
			vertex 6.673887252807617 0.3803250789642334 0.6818498969078072
		endloop
	endfacet
	facet normal -2.0004193686090063e-16 2.4774832836409653e-16 1
		outer loop
			vertex 6.869832515716553 0.09041380882263184 0.6818498969078073
			vertex 6.916009426116943 0.1276988983154297 0.6818498969078073
			vertex 6.673887252807617 0.3803250789642334 0.6818498969078072
		endloop
	endfacet
	facet normal -2.3903359741012883e-16 2.103779118503663e-16 1
		outer loop
			vertex 6.916009426116943 0.1276988983154297 0.6818498969078073
			vertex 6.955221176147461 0.17225170135498047 0.6818498969078073
			vertex 6.673887252807617 0.3803250789642334 0.6818498969078072
		endloop
	endfacet
	facet normal -2.7114970412051646e-16 1.6695404663968964e-16 1
		outer loop
			vertex 6.955221176147461 0.17225170135498047 0.6818498969078073
			vertex 6.986339092254639 0.22279024124145508 0.6818498969078073
			vertex 6.673887252807617 0.3803250789642334 0.6818498969078072
		endloop
	endfacet
	facet normal -5.381299423922947e-17 3.1384709378810784e-16 1
		outer loop
			vertex 6.703562259674072 0.03166675567626953 0.6818498969078073
			vertex 6.762059211730957 0.041696786880493164 0.6818498969078073
			vertex 6.673887252807617 0.3803250789642334 0.6818498969078072
		endloop
	endfacet
	facet normal -1.0608184803766286e-16 3.0023734133143525e-16 1
		outer loop
			vertex 6.762059211730957 0.041696786880493164 0.6818498969078073
			vertex 6.818018913269043 0.06146883964538574 0.6818498969078073
			vertex 6.673887252807617 0.3803250789642334 0.6818498969078072
		endloop
	endfacet
	facet normal -1.5529602819423409e-16 2.7799119830670606e-16 1
		outer loop
			vertex 6.818018913269043 0.06146883964538574 0.6818498969078073
			vertex 6.869832515716553 0.09041380882263184 0.6818498969078073
			vertex 6.673887252807617 0.3803250789642334 0.6818498969078072
		endloop
	endfacet
	facet normal 0 1 0
		outer loop
			vertex 4 4 0.09999999403953552
			vertex 6.05042028427124 4 0
			vertex 0 4 0
		endloop
	endfacet
	facet normal 0 1 0
		outer loop
			vertex 0 4 0.09999999403953552
			vertex 4 4 0.09999999403953552
			vertex 0 4 0
		endloop
	endfacet
	facet normal 0 -2.220446049250313e-16 -1
		outer loop
			vertex 6.05042028427124 0 8.881784197001252e-16
			vertex 0 0 8.881784197001252e-16
			vertex 0 4 0
		endloop
	endfacet
	facet normal 0 -2.220446049250313e-16 -1
		outer loop
			vertex 6.05042028427124 4 0
			vertex 6.05042028427124 0 8.881784197001252e-16
			vertex 0 4 0
		endloop
	endfacet
	facet normal -1 0 0
		outer loop
			vertex 0 0 8.881784197001252e-16
			vertex 0 4 0.09999999403953552
			vertex 0 4 0
		endloop
	endfacet
	facet normal 1 0 0
		outer loop
			vertex 6.05042028427124 4 0.09999999403953552
			vertex 6.05042028427124 0 0.09999999403953641
			vertex 6.05042028427124 4 0
		endloop
	endfacet
	facet normal 1 0 0
		outer loop
			vertex 6.05042028427124 0 0.09999999403953641
			vertex 6.05042028427124 0 8.881784197001252e-16
			vertex 6.05042028427124 4 0
		endloop
	endfacet
	facet normal 0 1 0
		outer loop
			vertex 4.099999904632568 4 0.09999999403953552
			vertex 6.05042028427124 4 0.09999999403953552
			vertex 6.05042028427124 4 0
		endloop
	endfacet
	facet normal 0 1 0
		outer loop
			vertex 4 4 0.09999999403953552
			vertex 4.099999904632568 4 0.09999999403953552
			vertex 6.05042028427124 4 0
		endloop
	endfacet
	facet normal 0 -1 0
		outer loop
			vertex 6.05042028427124 0 8.881784197001252e-16
			vertex 5.15561056137085 0 0.09999999403953641
			vertex 0 0 8.881784197001252e-16
		endloop
	endfacet
	facet normal 0 -1 0
		outer loop
			vertex 4 0 0.09999999403953641
			vertex 0 0 0.09999999403953641
			vertex 0 0 8.881784197001252e-16
		endloop
	endfacet
	facet normal 0 -1 0
		outer loop
			vertex 5.15561056137085 0 0.09999999403953641
			vertex 5.005610466003418 0 0.09999999403953641
			vertex 0 0 8.881784197001252e-16
		endloop
	endfacet
	facet normal 0 -1 0
		outer loop
			vertex 5.005610466003418 0 0.09999999403953641
			vertex 4.099999904632568 0 0.09999999403953641
			vertex 0 0 8.881784197001252e-16
		endloop
	endfacet
	facet normal 0 -1 0
		outer loop
			vertex 4.099999904632568 0 0.09999999403953641
			vertex 4 0 0.09999999403953641
			vertex 0 0 8.881784197001252e-16
		endloop
	endfacet
	facet normal -1 0 0
		outer loop
			vertex 0 0 0.09999999403953641
			vertex 0 4 0.09999999403953552
			vertex 0 0 8.881784197001252e-16
		endloop
	endfacet
	facet normal 0 -1 0
		outer loop
			vertex 6.05042028427124 0 0.09999999403953641
			vertex 5.15561056137085 0 0.09999999403953641
			vertex 6.05042028427124 0 8.881784197001252e-16
		endloop
	endfacet
	facet normal 0 2.220446049250313e-16 1
		outer loop
			vertex 0 0 0.09999999403953641
			vertex 4 4 0.09999999403953552
			vertex 0 4 0.09999999403953552
		endloop
	endfacet
	facet normal 0 1 0
		outer loop
			vertex 4.099999904632568 4 0.19999998807907104
			vertex 4.099999904632568 4 0.09999999403953552
			vertex 4 4 0.09999999403953552
		endloop
	endfacet
	facet normal 0 1 0
		outer loop
			vertex 4 4 0.19999998807907104
			vertex 4.099999904632568 4 0.19999998807907104
			vertex 4 4 0.09999999403953552
		endloop
	endfacet
	facet normal -1 0 0
		outer loop
			vertex 4 0 0.09999999403953641
			vertex 4 0 0.19999998807907193
			vertex 4 4 0.09999999403953552
		endloop
	endfacet
	facet normal -1 0 0
		outer loop
			vertex 4 0 0.19999998807907193
			vertex 4 4 0.19999998807907104
			vertex 4 4 0.09999999403953552
		endloop
	endfacet
	facet normal 0 2.220446049250313e-16 1
		outer loop
			vertex 0 0 0.09999999403953641
			vertex 4 0 0.09999999403953641
			vertex 4 4 0.09999999403953552
		endloop
	endfacet
	facet normal 0 0 1
		outer loop
			vertex 5.005610466003418 3.9857882503420115 0.09999999403953552
			vertex 6.05042028427124 4 0.09999999403953552
			vertex 4.099999904632568 4 0.09999999403953552
		endloop
	endfacet
	facet normal 4.425637115329498e-15 6.162980392590605e-16 1
		outer loop
			vertex 4.176701068878174 3.133957087993622 0.09999999403953572
			vertex 4.1753249168396 3.1663572192192078 0.0999999940395357
			vertex 4.099999904632568 4 0.09999999403953552
		endloop
	endfacet
	facet normal 3.4994462721187677e-16 2.73450527069874e-16 1
		outer loop
			vertex 4.203539848327637 3.2584885358810425 0.09999999403953569
			vertex 4.222823143005371 3.2845616340637207 0.09999999403953568
			vertex 4.099999904632568 4 0.09999999403953552
		endloop
	endfacet
	facet normal -9.908752257729915e-16 1.2688114797266607e-16 1
		outer loop
			vertex 4.1753249168396 3.1663572192192078 0.0999999940395357
			vertex 4.179443836212158 3.1985238194465637 0.0999999940395357
			vertex 4.099999904632568 4 0.09999999403953552
		endloop
	endfacet
	facet normal 5.48774283213101e-16 2.7949430506484387e-16 1
		outer loop
			vertex 4.179443836212158 3.1985238194465637 0.0999999940395357
			vertex 4.188940048217773 3.2295316457748413 0.09999999403953569
			vertex 4.099999904632568 4 0.09999999403953552
		endloop
	endfacet
	facet normal -3.488318269987972e-16 1.758778282979428e-16 1
		outer loop
			vertex 4.188940048217773 3.2295316457748413 0.09999999403953569
			vertex 4.203539848327637 3.2584885358810425 0.09999999403953569
			vertex 4.099999904632568 4 0.09999999403953552
		endloop
	endfacet
	facet normal -1.5639458313106865e-17 2.2295600133864317e-16 1
		outer loop
			vertex 4.134601593017578 1.388157606124878 0.0999999940395361
			vertex 4.176701068878174 3.133957087993622 0.09999999403953572
			vertex 4.099999904632568 4 0.09999999403953552
		endloop
	endfacet
	facet normal -8.443447675875218e-17 2.220446049250313e-16 1
		outer loop
			vertex 4.099999904632568 0 0.09999999403953641
			vertex 4.134601593017578 1.388157606124878 0.0999999940395361
			vertex 4.099999904632568 4 0.09999999403953552
		endloop
	endfacet
	facet normal -1.756062010274472e-16 1.8322632645772575e-16 1
		outer loop
			vertex 4.222823143005371 3.2845616340637207 0.09999999403953568
			vertex 4.2462358474731445 3.3070006370544434 0.09999999403953568
			vertex 4.099999904632568 4 0.09999999403953552
		endloop
	endfacet
	facet normal -1.3030173821499246e-16 1.927864230299727e-16 1
		outer loop
			vertex 4.2462358474731445 3.3070006370544434 0.09999999403953568
			vertex 4.273103713989258 3.325160264968872 0.09999999403953568
			vertex 4.099999904632568 4 0.09999999403953552
		endloop
	endfacet
	facet normal -9.162947462942209e-17 2.0270628369555642e-16 1
		outer loop
			vertex 4.273103713989258 3.325160264968872 0.09999999403953568
			vertex 4.302654266357422 3.3385180234909058 0.09999999403953568
			vertex 4.099999904632568 4 0.09999999403953552
		endloop
	endfacet
	facet normal 3.5388743518572905e-16 3.391966919039459e-16 1
		outer loop
			vertex 4.302654266357422 3.3385180234909058 0.09999999403953568
			vertex 4.3340373039245605 3.346689462661743 0.09999999403953566
			vertex 4.099999904632568 4 0.09999999403953552
		endloop
	endfacet
	facet normal -1.754468049792978e-17 2.0613744763965557e-16 1
		outer loop
			vertex 4.3340373039245605 3.346689462661743 0.09999999403953566
			vertex 4.366349697113037 3.3494396209716797 0.09999999403953566
			vertex 4.099999904632568 4 0.09999999403953552
		endloop
	endfacet
	facet normal 3.3692872036376665e-18 2.1469995949378313e-16 1
		outer loop
			vertex 4.366349697113037 3.3494396209716797 0.09999999403953566
			vertex 5.005610466003418 3.9857882503420115 0.09999999403953552
			vertex 4.099999904632568 4 0.09999999403953552
		endloop
	endfacet
	facet normal 1 0 0
		outer loop
			vertex 4.099999904632568 4 0.19999998807907104
			vertex 4.099999904632568 0 0.19999998807907193
			vertex 4.099999904632568 4 0.09999999403953552
		endloop
	endfacet
	facet normal 1 0 0
		outer loop
			vertex 4.099999904632568 0 0.19999998807907193
			vertex 4.099999904632568 0 0.09999999403953641
			vertex 4.099999904632568 4 0.09999999403953552
		endloop
	endfacet
	facet normal 0 0 1
		outer loop
			vertex 5.005610466003418 3.9857882503420115 0.09999999403953552
			vertex 5.15561056137085 3.9857882503420115 0.09999999403953552
			vertex 6.05042028427124 4 0.09999999403953552
		endloop
	endfacet
	facet normal 8.978111105780728e-17 1.9861652045258096e-16 1
		outer loop
			vertex 5.60992956161499 2.382436990737915 0.09999999403953588
			vertex 5.6528167724609375 2.3630505800247192 0.09999999403953588
			vertex 6.05042028427124 4 0.09999999403953552
		endloop
	endfacet
	facet normal -1.7773509119846912e-16 2.635943262328334e-16 1
		outer loop
			vertex 5.6528167724609375 2.3630505800247192 0.09999999403953588
			vertex 5.6918110847473145 2.3366951942443848 0.0999999940395359
			vertex 6.05042028427124 4 0.09999999403953552
		endloop
	endfacet
	facet normal 1.789335577670136e-16 1.8669641897121966e-16 1
		outer loop
			vertex 5.6918110847473145 2.3366951942443848 0.0999999940395359
			vertex 5.725790500640869 2.304128646850586 0.0999999940395359
			vertex 6.05042028427124 4 0.09999999403953552
		endloop
	endfacet
	facet normal -1.565979193235708e-16 2.5092505907815506e-16 1
		outer loop
			vertex 5.725790500640869 2.304128646850586 0.0999999940395359
			vertex 5.753777027130127 2.2662880420684814 0.09999999403953591
			vertex 6.05042028427124 4 0.09999999403953552
		endloop
	endfacet
	facet normal 3.3190021959413007e-16 1.6734157891988836e-16 1
		outer loop
			vertex 5.753777027130127 2.2662880420684814 0.09999999403953591
			vertex 5.774966239929199 2.224261999130249 0.09999999403953591
			vertex 6.05042028427124 4 0.09999999403953552
		endloop
	endfacet
	facet normal -1.9410002509985548e-16 2.489352006449938e-16 1
		outer loop
			vertex 5.774966239929199 2.224261999130249 0.09999999403953591
			vertex 5.788748264312744 2.1792595386505127 0.09999999403953592
			vertex 6.05042028427124 4 0.09999999403953552
		endloop
	endfacet
	facet normal -2.8049093523742897e-16 2.613510745389571e-16 1
		outer loop
			vertex 5.788748264312744 2.1792595386505127 0.09999999403953592
			vertex 5.794726371765137 2.132575273513794 0.09999999403953594
			vertex 6.05042028427124 4 0.09999999403953552
		endloop
	endfacet
	facet normal 6.578367854296411e-18 2.220446049250313e-16 1
		outer loop
			vertex 5.794726371765137 2.132575273513794 0.09999999403953594
			vertex 6.05042028427124 0 0.09999999403953641
			vertex 6.05042028427124 4 0.09999999403953552
		endloop
	endfacet
	facet normal -3.596889617061152e-18 2.2646977880986084e-16 1
		outer loop
			vertex 5.15561056137085 3.9857882503420115 0.09999999403953552
			vertex 5.517486572265625 2.3982878923416138 0.09999999403953588
			vertex 6.05042028427124 4 0.09999999403953552
		endloop
	endfacet
	facet normal 1.86452079492691e-17 2.1906922064329698e-16 1
		outer loop
			vertex 5.517486572265625 2.3982878923416138 0.09999999403953588
			vertex 5.564382553100586 2.3942965269088745 0.09999999403953588
			vertex 6.05042028427124 4 0.09999999403953552
		endloop
	endfacet
	facet normal 5.423614963376982e-17 2.0829603565836295e-16 1
		outer loop
			vertex 5.564382553100586 2.3942965269088745 0.09999999403953588
			vertex 5.60992956161499 2.382436990737915 0.09999999403953588
			vertex 6.05042028427124 4 0.09999999403953552
		endloop
	endfacet
	facet normal -2.174615553707292e-16 3.7143313336487636e-16 1
		outer loop
			vertex 4.509876251220703 3.2845616340637207 0.09999999403953568
			vertex 4.5291595458984375 3.2584885358810425 0.09999999403953569
			vertex 5.005610466003418 3.9857882503420115 0.09999999403953552
		endloop
	endfacet
	facet normal 1.9751371531493558e-16 9.958461533605641e-17 1
		outer loop
			vertex 4.5291595458984375 3.2584885358810425 0.09999999403953569
			vertex 4.543759346008301 3.2295316457748413 0.09999999403953569
			vertex 5.005610466003418 3.9857882503420115 0.09999999403953552
		endloop
	endfacet
	facet normal -2.47939092389711e-16 3.7162571474715925e-16 1
		outer loop
			vertex 4.543759346008301 3.2295316457748413 0.09999999403953569
			vertex 4.553255558013916 3.1985238194465637 0.0999999940395357
			vertex 5.005610466003418 3.9857882503420115 0.09999999403953552
		endloop
	endfacet
	facet normal 3.261443494967482e-16 4.1762644168102657e-17 1
		outer loop
			vertex 4.553255558013916 3.1985238194465637 0.0999999940395357
			vertex 4.557374477386475 3.1663572192192078 0.0999999940395357
			vertex 5.005610466003418 3.9857882503420115 0.09999999403953552
		endloop
	endfacet
	facet normal -4.125749719380018e-16 4.458486169680752e-16 1
		outer loop
			vertex 4.557374477386475 3.1663572192192078 0.0999999940395357
			vertex 4.5559983253479 3.133957087993622 0.09999999403953572
			vertex 5.005610466003418 3.9857882503420115 0.09999999403953552
		endloop
	endfacet
	facet normal 9.942126168388719e-18 2.2283632845370366e-16 1
		outer loop
			vertex 4.5559983253479 3.133957087993622 0.09999999403953572
			vertex 5.005610466003418 0 0.09999999403953641
			vertex 5.005610466003418 3.9857882503420115 0.09999999403953552
		endloop
	endfacet
	facet normal 7.60433668275725e-17 1.6822609047641108e-16 1
		outer loop
			vertex 4.430045127868652 3.3385180234909058 0.09999999403953568
			vertex 4.459595680236816 3.325160264968872 0.09999999403953568
			vertex 5.005610466003418 3.9857882503420115 0.09999999403953552
		endloop
	endfacet
	facet normal 1.0020462988673074e-16 1.4825659604809775e-16 1
		outer loop
			vertex 4.459595680236816 3.325160264968872 0.09999999403953568
			vertex 4.48646354675293 3.3070006370544434 0.09999999403953568
			vertex 5.005610466003418 3.9857882503420115 0.09999999403953552
		endloop
	endfacet
	facet normal 1.2437428041154857e-16 1.2977128582190136e-16 1
		outer loop
			vertex 4.48646354675293 3.3070006370544434 0.09999999403953568
			vertex 4.509876251220703 3.2845616340637207 0.09999999403953568
			vertex 5.005610466003418 3.9857882503420115 0.09999999403953552
		endloop
	endfacet
	facet normal 1.7099501377076334e-17 2.0090691136821858e-16 1
		outer loop
			vertex 4.366349697113037 3.3494396209716797 0.09999999403953566
			vertex 4.398662090301514 3.346689462661743 0.09999999403953566
			vertex 5.005610466003418 3.9857882503420115 0.09999999403953552
		endloop
	endfacet
	facet normal -3.0920638173537444e-16 5.107976975109069e-16 1
		outer loop
			vertex 4.398662090301514 3.346689462661743 0.09999999403953566
			vertex 4.430045127868652 3.3385180234909058 0.09999999403953568
			vertex 5.005610466003418 3.9857882503420115 0.09999999403953552
		endloop
	endfacet
	facet normal 0 1 0
		outer loop
			vertex 5.005610466003418 3.9857882503420115 0.25
			vertex 5.15561056137085 3.9857882503420115 0.09999999403953552
			vertex 5.005610466003418 3.9857882503420115 0.09999999403953552
		endloop
	endfacet
	facet normal -1 0 0
		outer loop
			vertex 5.005610466003418 0 0.09999999403953641
			vertex 5.005610466003418 3.9857882503420115 0.25
			vertex 5.005610466003418 3.9857882503420115 0.09999999403953552
		endloop
	endfacet
	facet normal 1.7321641407885433e-16 2.3863418935346487e-16 1
		outer loop
			vertex 5.281196117401123 2.2662880420684814 0.09999999403953591
			vertex 5.309182643890381 2.304128646850586 0.0999999940395359
			vertex 5.15561056137085 3.9857882503420115 0.09999999403953552
		endloop
	endfacet
	facet normal -3.9149684456136033e-16 1.9738974620494888e-16 1
		outer loop
			vertex 5.260006904602051 2.224261999130249 0.09999999403953591
			vertex 5.281196117401123 2.2662880420684814 0.09999999403953591
			vertex 5.15561056137085 3.9857882503420115 0.09999999403953552
		endloop
	endfacet
	facet normal -3.982289116811482e-17 2.2283632845370366e-16 1
		outer loop
			vertex 5.15561056137085 0 0.09999999403953641
			vertex 5.240246772766113 2.132575273513794 0.09999999403953594
			vertex 5.15561056137085 3.9857882503420115 0.09999999403953552
		endloop
	endfacet
	facet normal 4.1798499598757046e-16 2.437444084208769e-16 1
		outer loop
			vertex 5.240246772766113 2.132575273513794 0.09999999403953594
			vertex 5.246224880218506 2.1792595386505127 0.09999999403953592
			vertex 5.15561056137085 3.9857882503420115 0.09999999403953552
		endloop
	endfacet
	facet normal 2.4017260078257106e-16 2.3482545298446713e-16 1
		outer loop
			vertex 5.246224880218506 2.1792595386505127 0.09999999403953592
			vertex 5.260006904602051 2.224261999130249 0.09999999403953591
			vertex 5.15561056137085 3.9857882503420115 0.09999999403953552
		endloop
	endfacet
	facet normal -1.9636435100705794e-16 2.0488343049860095e-16 1
		outer loop
			vertex 5.309182643890381 2.304128646850586 0.0999999940395359
			vertex 5.3431620597839355 2.3366951942443848 0.0999999940395359
			vertex 5.15561056137085 3.9857882503420115 0.09999999403953552
		endloop
	endfacet
	facet normal 1.8788048615793327e-16 2.4858362964826006e-16 1
		outer loop
			vertex 5.3431620597839355 2.3366951942443848 0.0999999940395359
			vertex 5.3821563720703125 2.3630505800247192 0.09999999403953588
			vertex 5.15561056137085 3.9857882503420115 0.09999999403953552
		endloop
	endfacet
	facet normal -9.454485799350092e-17 2.0915502715556564e-16 1
		outer loop
			vertex 5.3821563720703125 2.3630505800247192 0.09999999403953588
			vertex 5.42504358291626 2.382436990737915 0.09999999403953588
			vertex 5.15561056137085 3.9857882503420115 0.09999999403953552
		endloop
	endfacet
	facet normal -5.614021788897528e-17 2.156086836221352e-16 1
		outer loop
			vertex 5.42504358291626 2.382436990737915 0.09999999403953588
			vertex 5.470590591430664 2.3942965269088745 0.09999999403953588
			vertex 5.15561056137085 3.9857882503420115 0.09999999403953552
		endloop
	endfacet
	facet normal -1.8976688333640657e-17 2.2296390230415046e-16 1
		outer loop
			vertex 5.470590591430664 2.3942965269088745 0.09999999403953588
			vertex 5.517486572265625 2.3982878923416138 0.09999999403953588
			vertex 5.15561056137085 3.9857882503420115 0.09999999403953552
		endloop
	endfacet
	facet normal 1 0 0
		outer loop
			vertex 5.15561056137085 3.9857882503420115 0.25
			vertex 5.15561056137085 0 0.09999999403953641
			vertex 5.15561056137085 3.9857882503420115 0.09999999403953552
		endloop
	endfacet
	facet normal 0 1 0
		outer loop
			vertex 5.005610466003418 3.9857882503420115 0.25
			vertex 5.15561056137085 3.9857882503420115 0.25
			vertex 5.15561056137085 3.9857882503420115 0.09999999403953552
		endloop
	endfacet
	facet normal -0.08480495529959488 0.996397571031079 0
		outer loop
			vertex 4.3340373039245605 3.346689462661743 0.09999999403953566
			vertex 4.366349697113037 3.3494396209716797 0.6818498969078065
			vertex 4.366349697113037 3.3494396209716797 0.09999999403953566
		endloop
	endfacet
	facet normal 0.08480495529959488 0.996397571031079 0
		outer loop
			vertex 4.366349697113037 3.3494396209716797 0.6818498969078065
			vertex 4.398662090301514 3.346689462661743 0.6818498969078065
			vertex 4.366349697113037 3.3494396209716797 0.09999999403953566
		endloop
	endfacet
	facet normal 0.08480495529959488 0.996397571031079 0
		outer loop
			vertex 4.398662090301514 3.346689462661743 0.6818498969078065
			vertex 4.398662090301514 3.346689462661743 0.09999999403953566
			vertex 4.366349697113037 3.3494396209716797 0.09999999403953566
		endloop
	endfacet
	facet normal -0.2519760901624975 0.9677334601978073 0
		outer loop
			vertex 4.302654266357422 3.3385180234909058 0.09999999403953568
			vertex 4.3340373039245605 3.346689462661743 0.6818498969078065
			vertex 4.3340373039245605 3.346689462661743 0.09999999403953566
		endloop
	endfacet
	facet normal -0.08480495529959488 0.996397571031079 0
		outer loop
			vertex 4.3340373039245605 3.346689462661743 0.6818498969078065
			vertex 4.366349697113037 3.3494396209716797 0.6818498969078065
			vertex 4.3340373039245605 3.346689462661743 0.09999999403953566
		endloop
	endfacet
	facet normal 0.2519760901624975 0.9677334601978073 0
		outer loop
			vertex 4.398662090301514 3.346689462661743 0.6818498969078065
			vertex 4.430045127868652 3.3385180234909058 0.6818498969078065
			vertex 4.398662090301514 3.346689462661743 0.09999999403953566
		endloop
	endfacet
	facet normal 0.2519760901624975 0.9677334601978073 0
		outer loop
			vertex 4.430045127868652 3.3385180234909058 0.6818498969078065
			vertex 4.430045127868652 3.3385180234909058 0.09999999403953568
			vertex 4.398662090301514 3.346689462661743 0.09999999403953566
		endloop
	endfacet
	facet normal -0.4119029545814698 0.9112277190730403 0
		outer loop
			vertex 4.273103713989258 3.325160264968872 0.09999999403953568
			vertex 4.302654266357422 3.3385180234909058 0.6818498969078065
			vertex 4.302654266357422 3.3385180234909058 0.09999999403953568
		endloop
	endfacet
	facet normal -0.2519760901624975 0.9677334601978073 0
		outer loop
			vertex 4.302654266357422 3.3385180234909058 0.6818498969078065
			vertex 4.3340373039245605 3.346689462661743 0.6818498969078065
			vertex 4.302654266357422 3.3385180234909058 0.09999999403953568
		endloop
	endfacet
	facet normal 0.4119029545814698 0.9112277190730403 0
		outer loop
			vertex 4.430045127868652 3.3385180234909058 0.6818498969078065
			vertex 4.459595680236816 3.325160264968872 0.6818498969078065
			vertex 4.430045127868652 3.3385180234909058 0.09999999403953568
		endloop
	endfacet
	facet normal 0.4119029545814698 0.9112277190730403 0
		outer loop
			vertex 4.459595680236816 3.325160264968872 0.6818498969078065
			vertex 4.459595680236816 3.325160264968872 0.09999999403953568
			vertex 4.430045127868652 3.3385180234909058 0.09999999403953568
		endloop
	endfacet
	facet normal -0.5599773191782126 0.8285079372015589 0
		outer loop
			vertex 4.2462358474731445 3.3070006370544434 0.09999999403953568
			vertex 4.273103713989258 3.325160264968872 0.6818498969078065
			vertex 4.273103713989258 3.325160264968872 0.09999999403953568
		endloop
	endfacet
	facet normal -0.4119029545814698 0.9112277190730403 0
		outer loop
			vertex 4.273103713989258 3.325160264968872 0.6818498969078065
			vertex 4.302654266357422 3.3385180234909058 0.6818498969078065
			vertex 4.273103713989258 3.325160264968872 0.09999999403953568
		endloop
	endfacet
	facet normal 0.5599773191782126 0.8285079372015589 0
		outer loop
			vertex 4.459595680236816 3.325160264968872 0.6818498969078065
			vertex 4.48646354675293 3.3070006370544434 0.6818498969078065
			vertex 4.459595680236816 3.325160264968872 0.09999999403953568
		endloop
	endfacet
	facet normal 0.5599773191782126 0.8285079372015589 0
		outer loop
			vertex 4.48646354675293 3.3070006370544434 0.6818498969078065
			vertex 4.48646354675293 3.3070006370544434 0.09999999403953568
			vertex 4.459595680236816 3.325160264968872 0.09999999403953568
		endloop
	endfacet
	facet normal -0.6919347437906017 0.7219600476033521 0
		outer loop
			vertex 4.222823143005371 3.2845616340637207 0.09999999403953568
			vertex 4.2462358474731445 3.3070006370544434 0.6818498969078065
			vertex 4.2462358474731445 3.3070006370544434 0.09999999403953568
		endloop
	endfacet
	facet normal -0.5599773191782126 0.8285079372015589 0
		outer loop
			vertex 4.2462358474731445 3.3070006370544434 0.6818498969078065
			vertex 4.273103713989258 3.325160264968872 0.6818498969078065
			vertex 4.2462358474731445 3.3070006370544434 0.09999999403953568
		endloop
	endfacet
	facet normal 0.6919347437906017 0.7219600476033521 0
		outer loop
			vertex 4.48646354675293 3.3070006370544434 0.6818498969078065
			vertex 4.509876251220703 3.2845616340637207 0.6818498969078065
			vertex 4.48646354675293 3.3070006370544434 0.09999999403953568
		endloop
	endfacet
	facet normal 0.6919347437906017 0.7219600476033521 0
		outer loop
			vertex 4.509876251220703 3.2845616340637207 0.6818498969078065
			vertex 4.509876251220703 3.2845616340637207 0.09999999403953568
			vertex 4.48646354675293 3.3070006370544434 0.09999999403953568
		endloop
	endfacet
	facet normal -0.8040010837333451 0.5946278309628694 0
		outer loop
			vertex 4.203539848327637 3.2584885358810425 0.09999999403953569
			vertex 4.222823143005371 3.2845616340637207 0.6818498969078065
			vertex 4.222823143005371 3.2845616340637207 0.09999999403953568
		endloop
	endfacet
	facet normal -0.6919347437906017 0.7219600476033521 0
		outer loop
			vertex 4.222823143005371 3.2845616340637207 0.6818498969078065
			vertex 4.2462358474731445 3.3070006370544434 0.6818498969078065
			vertex 4.222823143005371 3.2845616340637207 0.09999999403953568
		endloop
	endfacet
	facet normal 0.8040010837333451 0.5946278309628694 0
		outer loop
			vertex 4.509876251220703 3.2845616340637207 0.6818498969078065
			vertex 4.5291595458984375 3.2584885358810425 0.6818498969078065
			vertex 4.509876251220703 3.2845616340637207 0.09999999403953568
		endloop
	endfacet
	facet normal 0.8040010837333451 0.5946278309628694 0
		outer loop
			vertex 4.5291595458984375 3.2584885358810425 0.6818498969078065
			vertex 4.5291595458984375 3.2584885358810425 0.09999999403953569
			vertex 4.509876251220703 3.2845616340637207 0.09999999403953568
		endloop
	endfacet
	facet normal -0.8929253211982718 0.45020480979545646 0
		outer loop
			vertex 4.188940048217773 3.2295316457748413 0.09999999403953569
			vertex 4.203539848327637 3.2584885358810425 0.6818498969078065
			vertex 4.203539848327637 3.2584885358810425 0.09999999403953569
		endloop
	endfacet
	facet normal -0.8040010837333451 0.5946278309628694 0
		outer loop
			vertex 4.203539848327637 3.2584885358810425 0.6818498969078065
			vertex 4.222823143005371 3.2845616340637207 0.6818498969078065
			vertex 4.203539848327637 3.2584885358810425 0.09999999403953569
		endloop
	endfacet
	facet normal 0.8929253211982718 0.4502048097954565 0
		outer loop
			vertex 4.5291595458984375 3.2584885358810425 0.6818498969078065
			vertex 4.543759346008301 3.2295316457748413 0.6818498969078066
			vertex 4.5291595458984375 3.2584885358810425 0.09999999403953569
		endloop
	endfacet
	facet normal 0.8929253211982718 0.45020480979545646 0
		outer loop
			vertex 4.543759346008301 3.2295316457748413 0.6818498969078066
			vertex 4.543759346008301 3.2295316457748413 0.09999999403953569
			vertex 4.5291595458984375 3.2584885358810425 0.09999999403953569
		endloop
	endfacet
	facet normal -0.9561652503661618 0.29282761821968745 0
		outer loop
			vertex 4.179443836212158 3.1985238194465637 0.0999999940395357
			vertex 4.188940048217773 3.2295316457748413 0.6818498969078066
			vertex 4.188940048217773 3.2295316457748413 0.09999999403953569
		endloop
	endfacet
	facet normal -0.8929253211982718 0.4502048097954565 0
		outer loop
			vertex 4.188940048217773 3.2295316457748413 0.6818498969078066
			vertex 4.203539848327637 3.2584885358810425 0.6818498969078065
			vertex 4.188940048217773 3.2295316457748413 0.09999999403953569
		endloop
	endfacet
	facet normal 0.9561652503661618 0.29282761821968745 0
		outer loop
			vertex 4.543759346008301 3.2295316457748413 0.6818498969078066
			vertex 4.553255558013916 3.1985238194465637 0.6818498969078066
			vertex 4.543759346008301 3.2295316457748413 0.09999999403953569
		endloop
	endfacet
	facet normal 0.9561652503661618 0.29282761821968745 0
		outer loop
			vertex 4.553255558013916 3.1985238194465637 0.6818498969078066
			vertex 4.553255558013916 3.1985238194465637 0.0999999940395357
			vertex 4.543759346008301 3.2295316457748413 0.09999999403953569
		endloop
	endfacet
	facet normal -0.9919011148474824 0.12701251262896018 0
		outer loop
			vertex 4.1753249168396 3.1663572192192078 0.0999999940395357
			vertex 4.179443836212158 3.1985238194465637 0.6818498969078066
			vertex 4.179443836212158 3.1985238194465637 0.0999999940395357
		endloop
	endfacet
	facet normal -0.9561652503661618 0.29282761821968745 0
		outer loop
			vertex 4.179443836212158 3.1985238194465637 0.6818498969078066
			vertex 4.188940048217773 3.2295316457748413 0.6818498969078066
			vertex 4.179443836212158 3.1985238194465637 0.0999999940395357
		endloop
	endfacet
	facet normal 0.9919011148474824 0.12701251262896018 0
		outer loop
			vertex 4.553255558013916 3.1985238194465637 0.6818498969078066
			vertex 4.557374477386475 3.1663572192192078 0.6818498969078066
			vertex 4.553255558013916 3.1985238194465637 0.0999999940395357
		endloop
	endfacet
	facet normal 0.9919011148474824 0.12701251262896018 0
		outer loop
			vertex 4.557374477386475 3.1663572192192078 0.6818498969078066
			vertex 4.557374477386475 3.1663572192192078 0.0999999940395357
			vertex 4.553255558013916 3.1985238194465637 0.0999999940395357
		endloop
	endfacet
	facet normal -0.999099212848889 -0.042435396601546674 0
		outer loop
			vertex 4.176701068878174 3.133957087993622 0.09999999403953572
			vertex 4.1753249168396 3.1663572192192078 0.6818498969078066
			vertex 4.1753249168396 3.1663572192192078 0.0999999940395357
		endloop
	endfacet
	facet normal -0.9919011148474824 0.12701251262896018 0
		outer loop
			vertex 4.1753249168396 3.1663572192192078 0.6818498969078066
			vertex 4.179443836212158 3.1985238194465637 0.6818498969078066
			vertex 4.1753249168396 3.1663572192192078 0.0999999940395357
		endloop
	endfacet
	facet normal 0.999099212848889 -0.042435396601546674 0
		outer loop
			vertex 4.557374477386475 3.1663572192192078 0.6818498969078066
			vertex 4.5559983253479 3.133957087993622 0.6818498969078066
			vertex 4.557374477386475 3.1663572192192078 0.0999999940395357
		endloop
	endfacet
	facet normal 0.999099212848889 -0.042435396601546674 0
		outer loop
			vertex 4.5559983253479 3.133957087993622 0.6818498969078066
			vertex 4.5559983253479 3.133957087993622 0.09999999403953572
			vertex 4.557374477386475 3.1663572192192078 0.0999999940395357
		endloop
	endfacet
	facet normal 9.288451180662451e-16 2.0018001472795577e-16 1
		outer loop
			vertex 4.134601593017578 1.388157606124878 0.0999999940395361
			vertex 4.183533191680908 3.102255702018738 0.09999999403953572
			vertex 4.176701068878174 3.133957087993622 0.09999999403953572
		endloop
	endfacet
	facet normal -0.9775555469892397 -0.21067784067283485 0
		outer loop
			vertex 4.183533191680908 3.102255702018738 0.09999999403953572
			vertex 4.176701068878174 3.133957087993622 0.6818498969078066
			vertex 4.176701068878174 3.133957087993622 0.09999999403953572
		endloop
	endfacet
	facet normal -0.999099212848889 -0.042435396601546674 0
		outer loop
			vertex 4.176701068878174 3.133957087993622 0.6818498969078066
			vertex 4.1753249168396 3.1663572192192078 0.6818498969078066
			vertex 4.176701068878174 3.133957087993622 0.09999999403953572
		endloop
	endfacet
	facet normal -6.167500534209532e-16 1.3292813747153996e-16 1
		outer loop
			vertex 4.549165725708008 3.102255702018738 0.09999999403953572
			vertex 5.005610466003418 0 0.09999999403953641
			vertex 4.5559983253479 3.133957087993622 0.09999999403953572
		endloop
	endfacet
	facet normal 0.9775525186346485 -0.2106918918968058 0
		outer loop
			vertex 4.5559983253479 3.133957087993622 0.6818498969078066
			vertex 4.549165725708008 3.102255702018738 0.6818498969078066
			vertex 4.5559983253479 3.133957087993622 0.09999999403953572
		endloop
	endfacet
	facet normal 0.9775525186346485 -0.2106918918968058 0
		outer loop
			vertex 4.549165725708008 3.102255702018738 0.6818498969078066
			vertex 4.549165725708008 3.102255702018738 0.09999999403953572
			vertex 4.5559983253479 3.133957087993622 0.09999999403953572
		endloop
	endfacet
	facet normal -5.448649135061023e-16 2.422493618579504e-16 1
		outer loop
			vertex 4.134601593017578 1.388157606124878 0.0999999940395361
			vertex 4.195624828338623 3.0721648931503296 0.09999999403953573
			vertex 4.183533191680908 3.102255702018738 0.09999999403953572
		endloop
	endfacet
	facet normal -0.9278873720106008 -0.3728605970912735 0
		outer loop
			vertex 4.195624828338623 3.0721648931503296 0.09999999403953573
			vertex 4.183533191680908 3.102255702018738 0.6818498969078066
			vertex 4.183533191680908 3.102255702018738 0.09999999403953572
		endloop
	endfacet
	facet normal -0.9775555469892397 -0.21067784067283485 0
		outer loop
			vertex 4.183533191680908 3.102255702018738 0.6818498969078066
			vertex 4.176701068878174 3.133957087993622 0.6818498969078066
			vertex 4.183533191680908 3.102255702018738 0.09999999403953572
		endloop
	endfacet
	facet normal 4.3268416515788834e-16 2.8733472911536533e-16 1
		outer loop
			vertex 4.537074565887451 3.0721648931503296 0.09999999403953573
			vertex 5.005610466003418 0 0.09999999403953641
			vertex 4.549165725708008 3.102255702018738 0.09999999403953572
		endloop
	endfacet
	facet normal 0.9278924590869564 -0.37284793732775456 0
		outer loop
			vertex 4.549165725708008 3.102255702018738 0.6818498969078066
			vertex 4.537074565887451 3.0721648931503296 0.6818498969078066
			vertex 4.549165725708008 3.102255702018738 0.09999999403953572
		endloop
	endfacet
	facet normal 0.9278924590869564 -0.37284793732775456 0
		outer loop
			vertex 4.537074565887451 3.0721648931503296 0.6818498969078066
			vertex 4.537074565887451 3.0721648931503296 0.09999999403953573
			vertex 4.549165725708008 3.102255702018738 0.09999999403953572
		endloop
	endfacet
	facet normal 3.412821832036893e-16 2.101381214683089e-16 1
		outer loop
			vertex 4.134601593017578 1.388157606124878 0.0999999940395361
			vertex 4.21262788772583 3.0445504784584045 0.09999999403953573
			vertex 4.195624828338623 3.0721648931503296 0.09999999403953573
		endloop
	endfacet
	facet normal -0.8515265226834943 -0.5243115306442885 0
		outer loop
			vertex 4.21262788772583 3.0445504784584045 0.09999999403953573
			vertex 4.195624828338623 3.0721648931503296 0.6818498969078066
			vertex 4.195624828338623 3.0721648931503296 0.09999999403953573
		endloop
	endfacet
	facet normal -0.9278873720106008 -0.3728605970912735 0
		outer loop
			vertex 4.195624828338623 3.0721648931503296 0.6818498969078066
			vertex 4.183533191680908 3.102255702018738 0.6818498969078066
			vertex 4.195624828338623 3.0721648931503296 0.09999999403953573
		endloop
	endfacet
	facet normal -2.88120490587991e-16 1.7740480349820236e-16 1
		outer loop
			vertex 4.520071506500244 3.0445504784584045 0.09999999403953573
			vertex 5.005610466003418 0 0.09999999403953641
			vertex 4.537074565887451 3.0721648931503296 0.09999999403953573
		endloop
	endfacet
	facet normal 0.8515265226834943 -0.5243115306442885 0
		outer loop
			vertex 4.537074565887451 3.0721648931503296 0.6818498969078066
			vertex 4.520071506500244 3.0445504784584045 0.6818498969078066
			vertex 4.537074565887451 3.0721648931503296 0.09999999403953573
		endloop
	endfacet
	facet normal 0.8515265226834943 -0.5243115306442885 0
		outer loop
			vertex 4.520071506500244 3.0445504784584045 0.6818498969078066
			vertex 4.520071506500244 3.0445504784584045 0.09999999403953573
			vertex 4.537074565887451 3.0721648931503296 0.09999999403953573
		endloop
	endfacet
	facet normal -3.708513430969099e-16 2.4368399172822924e-16 1
		outer loop
			vertex 4.134601593017578 1.388157606124878 0.0999999940395361
			vertex 4.234053134918213 3.02020663022995 0.09999999403953574
			vertex 4.21262788772583 3.0445504784584045 0.09999999403953573
		endloop
	endfacet
	facet normal -0.7506728246361841 -0.6606741332553687 0
		outer loop
			vertex 4.234053134918213 3.02020663022995 0.09999999403953574
			vertex 4.21262788772583 3.0445504784584045 0.6818498969078066
			vertex 4.21262788772583 3.0445504784584045 0.09999999403953573
		endloop
	endfacet
	facet normal -0.8515265226834943 -0.5243115306442885 0
		outer loop
			vertex 4.21262788772583 3.0445504784584045 0.6818498969078066
			vertex 4.195624828338623 3.0721648931503296 0.6818498969078066
			vertex 4.21262788772583 3.0445504784584045 0.09999999403953573
		endloop
	endfacet
	facet normal 3.335169603583088e-16 2.76542329138277e-16 1
		outer loop
			vertex 4.498646259307861 3.02020663022995 0.09999999403953574
			vertex 5.005610466003418 0 0.09999999403953641
			vertex 4.520071506500244 3.0445504784584045 0.09999999403953573
		endloop
	endfacet
	facet normal 0.7506728246361841 -0.6606741332553687 0
		outer loop
			vertex 4.520071506500244 3.0445504784584045 0.6818498969078066
			vertex 4.498646259307861 3.02020663022995 0.6818498969078066
			vertex 4.520071506500244 3.0445504784584045 0.09999999403953573
		endloop
	endfacet
	facet normal 0.7506728246361841 -0.6606741332553687 0
		outer loop
			vertex 4.498646259307861 3.02020663022995 0.6818498969078066
			vertex 4.498646259307861 3.02020663022995 0.09999999403953574
			vertex 4.520071506500244 3.0445504784584045 0.09999999403953573
		endloop
	endfacet
	facet normal 1.701439921853384e-16 2.1071756764401821e-16 1
		outer loop
			vertex 4.134601593017578 1.388157606124878 0.0999999940395361
			vertex 4.259284019470215 2.9998339414596558 0.09999999403953574
			vertex 4.234053134918213 3.02020663022995 0.09999999403953574
		endloop
	endfacet
	facet normal -0.6282232134052526 -0.7780331574803087 0
		outer loop
			vertex 4.259284019470215 2.9998339414596558 0.09999999403953574
			vertex 4.234053134918213 3.02020663022995 0.6818498969078066
			vertex 4.234053134918213 3.02020663022995 0.09999999403953574
		endloop
	endfacet
	facet normal -0.7506728246361841 -0.6606741332553687 0
		outer loop
			vertex 4.234053134918213 3.02020663022995 0.6818498969078066
			vertex 4.21262788772583 3.0445504784584045 0.6818498969078066
			vertex 4.234053134918213 3.02020663022995 0.09999999403953574
		endloop
	endfacet
	facet normal -6.776318169361501e-16 1.0681346601965055e-16 1
		outer loop
			vertex 4.761800765991211 1.441540241241455 0.09999999403953609
			vertex 5.005610466003418 0 0.09999999403953641
			vertex 4.498646259307861 3.02020663022995 0.09999999403953574
		endloop
	endfacet
	facet normal -1.564026186734695e-16 1.9369934228490693e-16 1
		outer loop
			vertex 4.473415374755859 2.9998339414596558 0.09999999403953574
			vertex 4.761800765991211 1.441540241241455 0.09999999403953609
			vertex 4.498646259307861 3.02020663022995 0.09999999403953574
		endloop
	endfacet
	facet normal 0.6282232134052526 -0.7780331574803087 0
		outer loop
			vertex 4.498646259307861 3.02020663022995 0.6818498969078066
			vertex 4.473415374755859 2.9998339414596558 0.6818498969078066
			vertex 4.498646259307861 3.02020663022995 0.09999999403953574
		endloop
	endfacet
	facet normal 0.6282232134052526 -0.7780331574803087 0
		outer loop
			vertex 4.473415374755859 2.9998339414596558 0.6818498969078066
			vertex 4.473415374755859 2.9998339414596558 0.09999999403953574
			vertex 4.498646259307861 3.02020663022995 0.09999999403953574
		endloop
	endfacet
	facet normal 1.1988590647756964e-16 2.1460563123192685e-16 1
		outer loop
			vertex 4.134601593017578 1.388157606124878 0.0999999940395361
			vertex 4.287595272064209 2.984018325805664 0.09999999403953574
			vertex 4.259284019470215 2.9998339414596558 0.09999999403953574
		endloop
	endfacet
	facet normal -0.48769496888057334 -0.8730140991579556 0
		outer loop
			vertex 4.287595272064209 2.984018325805664 0.09999999403953574
			vertex 4.259284019470215 2.9998339414596558 0.6818498969078066
			vertex 4.259284019470215 2.9998339414596558 0.09999999403953574
		endloop
	endfacet
	facet normal -0.6282232134052526 -0.7780331574803087 0
		outer loop
			vertex 4.259284019470215 2.9998339414596558 0.6818498969078066
			vertex 4.234053134918213 3.02020663022995 0.6818498969078066
			vertex 4.259284019470215 2.9998339414596558 0.09999999403953574
		endloop
	endfacet
	facet normal -1.1272272902996505e-16 2.0178295454759863e-16 1
		outer loop
			vertex 4.445104122161865 2.984018325805664 0.09999999403953574
			vertex 4.761800765991211 1.441540241241455 0.09999999403953609
			vertex 4.473415374755859 2.9998339414596558 0.09999999403953574
		endloop
	endfacet
	facet normal 0.48769496888057334 -0.8730140991579556 0
		outer loop
			vertex 4.473415374755859 2.9998339414596558 0.6818498969078066
			vertex 4.445104122161865 2.984018325805664 0.6818498969078066
			vertex 4.473415374755859 2.9998339414596558 0.09999999403953574
		endloop
	endfacet
	facet normal 0.48769496888057334 -0.8730140991579556 0
		outer loop
			vertex 4.445104122161865 2.984018325805664 0.6818498969078066
			vertex 4.445104122161865 2.984018325805664 0.09999999403953574
			vertex 4.473415374755859 2.9998339414596558 0.09999999403953574
		endloop
	endfacet
	facet normal 7.726755546420681e-17 2.186914128017241e-16 1
		outer loop
			vertex 4.134601593017578 1.388157606124878 0.0999999940395361
			vertex 4.318172454833984 2.973214864730835 0.09999999403953574
			vertex 4.287595272064209 2.984018325805664 0.09999999403953574
		endloop
	endfacet
	facet normal -0.33313582281973403 -0.9428788488211086 0
		outer loop
			vertex 4.318172454833984 2.973214864730835 0.09999999403953574
			vertex 4.287595272064209 2.984018325805664 0.6818498969078066
			vertex 4.287595272064209 2.984018325805664 0.09999999403953574
		endloop
	endfacet
	facet normal -0.48769496888057334 -0.8730140991579556 0
		outer loop
			vertex 4.287595272064209 2.984018325805664 0.6818498969078066
			vertex 4.259284019470215 2.9998339414596558 0.6818498969078066
			vertex 4.287595272064209 2.984018325805664 0.09999999403953574
		endloop
	endfacet
	facet normal 5.924099327803798e-17 2.275173265636577e-16 1
		outer loop
			vertex 4.50524377822876 1.6874301433563232 0.09999999403953604
			vertex 4.55732536315918 1.6738691329956055 0.09999999403953604
			vertex 4.445104122161865 2.984018325805664 0.09999999403953574
		endloop
	endfacet
	facet normal 1.9206185729477344e-17 2.25660391887509e-16 1
		outer loop
			vertex 4.4516191482543945 1.6919941902160645 0.09999999403953604
			vertex 4.50524377822876 1.6874301433563232 0.09999999403953604
			vertex 4.445104122161865 2.984018325805664 0.09999999403953574
		endloop
	endfacet
	facet normal -7.955510659110332e-17 2.251623884998967e-16 1
		outer loop
			vertex 4.414527416229248 2.973214864730835 0.09999999403953574
			vertex 4.4516191482543945 1.6919941902160645 0.09999999403953604
			vertex 4.445104122161865 2.984018325805664 0.09999999403953574
		endloop
	endfacet
	facet normal -1.8978171480102565e-16 2.0618720821491788e-16 1
		outer loop
			vertex 4.55732536315918 1.6738691329956055 0.09999999403953604
			vertex 4.606366157531738 1.6517012119293213 0.09999999403953605
			vertex 4.445104122161865 2.984018325805664 0.09999999403953574
		endloop
	endfacet
	facet normal 1.686843191373696e-16 2.4957549891673416e-16 1
		outer loop
			vertex 4.606366157531738 1.6517012119293213 0.09999999403953605
			vertex 4.6509552001953125 1.6215641498565674 0.09999999403953605
			vertex 4.445104122161865 2.984018325805664 0.09999999403953574
		endloop
	endfacet
	facet normal -1.6651392839706233e-16 1.9893091810958987e-16 1
		outer loop
			vertex 4.6509552001953125 1.6215641498565674 0.09999999403953605
			vertex 4.689809799194336 1.5843253135681152 0.09999999403953606
			vertex 4.445104122161865 2.984018325805664 0.09999999403953574
		endloop
	endfacet
	facet normal 4.037846191887969e-16 2.9863513251767595e-16 1
		outer loop
			vertex 4.689809799194336 1.5843253135681152 0.09999999403953606
			vertex 4.721811771392822 1.54105544090271 0.09999999403953606
			vertex 4.445104122161865 2.984018325805664 0.09999999403953574
		endloop
	endfacet
	facet normal -2.1630478842187467e-16 1.7972460190863303e-16 1
		outer loop
			vertex 4.721811771392822 1.54105544090271 0.09999999403953606
			vertex 4.746041297912598 1.49299955368042 0.09999999403953608
			vertex 4.445104122161865 2.984018325805664 0.09999999403953574
		endloop
	endfacet
	facet normal -4.4343566823964762e-16 1.3388203655936312e-16 1
		outer loop
			vertex 4.746041297912598 1.49299955368042 0.09999999403953608
			vertex 4.761800765991211 1.441540241241455 0.09999999403953609
			vertex 4.445104122161865 2.984018325805664 0.09999999403953574
		endloop
	endfacet
	facet normal 0.33314044143078075 -0.9428772169711732 0
		outer loop
			vertex 4.445104122161865 2.984018325805664 0.6818498969078066
			vertex 4.414527416229248 2.973214864730835 0.6818498969078066
			vertex 4.445104122161865 2.984018325805664 0.09999999403953574
		endloop
	endfacet
	facet normal 0.33314044143078075 -0.9428772169711732 0
		outer loop
			vertex 4.414527416229248 2.973214864730835 0.6818498969078066
			vertex 4.414527416229248 2.973214864730835 0.09999999403953574
			vertex 4.445104122161865 2.984018325805664 0.09999999403953574
		endloop
	endfacet
	facet normal 2.640746681971411e-15 -7.819380692539576e-17 1
		outer loop
			vertex 4.134601593017578 1.388157606124878 0.0999999940395361
			vertex 4.141437530517578 1.441540241241455 0.09999999403953609
			vertex 4.318172454833984 2.973214864730835 0.09999999403953574
		endloop
	endfacet
	facet normal -3.8767533926368603e-16 2.712459033844839e-16 1
		outer loop
			vertex 4.141437530517578 1.441540241241455 0.09999999403953609
			vertex 4.350135326385498 2.9677343368530273 0.09999999403953576
			vertex 4.318172454833984 2.973214864730835 0.09999999403953574
		endloop
	endfacet
	facet normal -0.16899911715612617 -0.9856162023832856 0
		outer loop
			vertex 4.350135326385498 2.9677343368530273 0.09999999403953576
			vertex 4.318172454833984 2.973214864730835 0.6818498969078066
			vertex 4.318172454833984 2.973214864730835 0.09999999403953574
		endloop
	endfacet
	facet normal -0.33313582281973403 -0.9428788488211086 0
		outer loop
			vertex 4.318172454833984 2.973214864730835 0.6818498969078066
			vertex 4.287595272064209 2.984018325805664 0.6818498969078066
			vertex 4.318172454833984 2.973214864730835 0.09999999403953574
		endloop
	endfacet
	facet normal 3.932301741340243e-16 2.388496675821918e-16 1
		outer loop
			vertex 4.382564544677734 2.9677343368530273 0.09999999403953576
			vertex 4.4516191482543945 1.6919941902160645 0.09999999403953604
			vertex 4.414527416229248 2.973214864730835 0.09999999403953574
		endloop
	endfacet
	facet normal 0.16899911715612617 -0.9856162023832856 0
		outer loop
			vertex 4.414527416229248 2.973214864730835 0.6818498969078066
			vertex 4.382564544677734 2.9677343368530273 0.6818498969078066
			vertex 4.414527416229248 2.973214864730835 0.09999999403953574
		endloop
	endfacet
	facet normal 0.16899911715612617 -0.9856162023832856 0
		outer loop
			vertex 4.382564544677734 2.9677343368530273 0.6818498969078066
			vertex 4.382564544677734 2.9677343368530273 0.09999999403953576
			vertex 4.414527416229248 2.973214864730835 0.09999999403953574
		endloop
	endfacet
	facet normal 9.217088764168899e-18 2.1697326849207286e-16 1
		outer loop
			vertex 4.141437530517578 1.441540241241455 0.09999999403953609
			vertex 4.366349697113037 2.967045545578003 0.09999999403953576
			vertex 4.350135326385498 2.9677343368530273 0.09999999403953576
		endloop
	endfacet
	facet normal -0.04244201878121898 -0.9990989315587195 0
		outer loop
			vertex 4.366349697113037 2.967045545578003 0.09999999403953576
			vertex 4.366349697113037 2.967045545578003 0.6818498969078066
			vertex 4.350135326385498 2.9677343368530273 0.09999999403953576
		endloop
	endfacet
	facet normal -0.04244201878121898 -0.9990989315587195 0
		outer loop
			vertex 4.366349697113037 2.967045545578003 0.6818498969078066
			vertex 4.350135326385498 2.9677343368530273 0.6818498969078066
			vertex 4.350135326385498 2.9677343368530273 0.09999999403953576
		endloop
	endfacet
	facet normal -0.16899911715612617 -0.9856162023832856 0
		outer loop
			vertex 4.350135326385498 2.9677343368530273 0.6818498969078066
			vertex 4.318172454833984 2.973214864730835 0.6818498969078066
			vertex 4.350135326385498 2.9677343368530273 0.09999999403953576
		endloop
	endfacet
	facet normal -9.204274405246686e-18 2.1667798625850717e-16 1
		outer loop
			vertex 4.366349697113037 2.967045545578003 0.09999999403953576
			vertex 4.397994518280029 1.6874301433563232 0.09999999403953604
			vertex 4.382564544677734 2.9677343368530273 0.09999999403953576
		endloop
	endfacet
	facet normal -1.8432218557624925e-17 2.1656677289577825e-16 1
		outer loop
			vertex 4.397994518280029 1.6874301433563232 0.09999999403953604
			vertex 4.4516191482543945 1.6919941902160645 0.09999999403953604
			vertex 4.382564544677734 2.9677343368530273 0.09999999403953576
		endloop
	endfacet
	facet normal 0.04244077291824942 -0.9990989844825695 0
		outer loop
			vertex 4.382564544677734 2.9677343368530273 0.6818498969078066
			vertex 4.366349697113037 2.967045545578003 0.09999999403953576
			vertex 4.382564544677734 2.9677343368530273 0.09999999403953576
		endloop
	endfacet
	facet normal 3.233447684070442e-16 1.7065999982283675e-16 1
		outer loop
			vertex 4.141437530517578 1.441540241241455 0.09999999403953609
			vertex 4.157196998596191 1.49299955368042 0.09999999403953608
			vertex 4.366349697113037 2.967045545578003 0.09999999403953576
		endloop
	endfacet
	facet normal 1.9940921045368548e-16 1.8824524243440984e-16 1
		outer loop
			vertex 4.157196998596191 1.49299955368042 0.09999999403953608
			vertex 4.181426048278809 1.54105544090271 0.09999999403953606
			vertex 4.366349697113037 2.967045545578003 0.09999999403953576
		endloop
	endfacet
	facet normal -3.510373437196668e-16 2.596276348873662e-16 1
		outer loop
			vertex 4.181426048278809 1.54105544090271 0.09999999403953606
			vertex 4.213428497314453 1.5843253135681152 0.09999999403953606
			vertex 4.366349697113037 2.967045545578003 0.09999999403953576
		endloop
	endfacet
	facet normal 1.6280634694034802e-16 2.0279936849941912e-16 1
		outer loop
			vertex 4.213428497314453 1.5843253135681152 0.09999999403953606
			vertex 4.252283096313477 1.6215641498565674 0.09999999403953605
			vertex 4.366349697113037 2.967045545578003 0.09999999403953576
		endloop
	endfacet
	facet normal -1.5529803498715164e-16 2.2976747497885453e-16 1
		outer loop
			vertex 4.252283096313477 1.6215641498565674 0.09999999403953605
			vertex 4.296871662139893 1.6517012119293213 0.09999999403953605
			vertex 4.366349697113037 2.967045545578003 0.09999999403953576
		endloop
	endfacet
	facet normal 1.8730105952958423e-16 2.1167098779927844e-16 1
		outer loop
			vertex 4.296871662139893 1.6517012119293213 0.09999999403953605
			vertex 4.345912933349609 1.6738691329956055 0.09999999403953604
			vertex 4.366349697113037 2.967045545578003 0.09999999403953576
		endloop
	endfacet
	facet normal -5.611656730495815e-17 2.1551784773816151e-16 1
		outer loop
			vertex 4.345912933349609 1.6738691329956055 0.09999999403953604
			vertex 4.397994518280029 1.6874301433563232 0.09999999403953604
			vertex 4.366349697113037 2.967045545578003 0.09999999403953576
		endloop
	endfacet
	facet normal 0.04244077291824942 -0.9990989844825695 0
		outer loop
			vertex 4.382564544677734 2.9677343368530273 0.6818498969078066
			vertex 4.366349697113037 2.967045545578003 0.6818498969078066
			vertex 4.366349697113037 2.967045545578003 0.09999999403953576
		endloop
	endfacet
	facet normal -0.0848044316243798 0.9963976156017567 0
		outer loop
			vertex 5.470590591430664 2.3942965269088745 0.09999999403953588
			vertex 5.517486572265625 2.3982878923416138 0.6818498969078067
			vertex 5.517486572265625 2.3982878923416138 0.09999999403953588
		endloop
	endfacet
	facet normal 0.0848044316243798 0.9963976156017567 0
		outer loop
			vertex 5.517486572265625 2.3982878923416138 0.6818498969078067
			vertex 5.564382553100586 2.3942965269088745 0.6818498969078067
			vertex 5.517486572265625 2.3982878923416138 0.09999999403953588
		endloop
	endfacet
	facet normal 0.0848044316243798 0.9963976156017567 0
		outer loop
			vertex 5.564382553100586 2.3942965269088745 0.6818498969078067
			vertex 5.564382553100586 2.3942965269088745 0.09999999403953588
			vertex 5.517486572265625 2.3982878923416138 0.09999999403953588
		endloop
	endfacet
	facet normal -0.2519784105295232 0.9677328560233011 0
		outer loop
			vertex 5.42504358291626 2.382436990737915 0.09999999403953588
			vertex 5.470590591430664 2.3942965269088745 0.6818498969078067
			vertex 5.470590591430664 2.3942965269088745 0.09999999403953588
		endloop
	endfacet
	facet normal -0.0848044316243798 0.9963976156017567 0
		outer loop
			vertex 5.470590591430664 2.3942965269088745 0.6818498969078067
			vertex 5.517486572265625 2.3982878923416138 0.6818498969078067
			vertex 5.470590591430664 2.3942965269088745 0.09999999403953588
		endloop
	endfacet
	facet normal 0.2519784105295232 0.9677328560233011 0
		outer loop
			vertex 5.564382553100586 2.3942965269088745 0.6818498969078067
			vertex 5.60992956161499 2.382436990737915 0.6818498969078067
			vertex 5.564382553100586 2.3942965269088745 0.09999999403953588
		endloop
	endfacet
	facet normal 0.2519784105295232 0.9677328560233011 0
		outer loop
			vertex 5.60992956161499 2.382436990737915 0.6818498969078067
			vertex 5.60992956161499 2.382436990737915 0.09999999403953588
			vertex 5.564382553100586 2.3942965269088745 0.09999999403953588
		endloop
	endfacet
	facet normal -0.4119042315104167 0.9112271418608059 0
		outer loop
			vertex 5.3821563720703125 2.3630505800247192 0.09999999403953588
			vertex 5.42504358291626 2.382436990737915 0.6818498969078067
			vertex 5.42504358291626 2.382436990737915 0.09999999403953588
		endloop
	endfacet
	facet normal -0.2519784105295232 0.9677328560233011 0
		outer loop
			vertex 5.42504358291626 2.382436990737915 0.6818498969078067
			vertex 5.470590591430664 2.3942965269088745 0.6818498969078067
			vertex 5.42504358291626 2.382436990737915 0.09999999403953588
		endloop
	endfacet
	facet normal 0.4119042315104167 0.9112271418608059 0
		outer loop
			vertex 5.60992956161499 2.382436990737915 0.6818498969078067
			vertex 5.6528167724609375 2.3630505800247192 0.6818498969078067
			vertex 5.60992956161499 2.382436990737915 0.09999999403953588
		endloop
	endfacet
	facet normal 0.4119042315104167 0.9112271418608059 0
		outer loop
			vertex 5.6528167724609375 2.3630505800247192 0.6818498969078067
			vertex 5.6528167724609375 2.3630505800247192 0.09999999403953588
			vertex 5.60992956161499 2.382436990737915 0.09999999403953588
		endloop
	endfacet
	facet normal -0.5599723171876334 0.8285113179574027 0
		outer loop
			vertex 5.3431620597839355 2.3366951942443848 0.0999999940395359
			vertex 5.3821563720703125 2.3630505800247192 0.6818498969078067
			vertex 5.3821563720703125 2.3630505800247192 0.09999999403953588
		endloop
	endfacet
	facet normal -0.4119042315104167 0.9112271418608059 0
		outer loop
			vertex 5.3821563720703125 2.3630505800247192 0.6818498969078067
			vertex 5.42504358291626 2.382436990737915 0.6818498969078067
			vertex 5.3821563720703125 2.3630505800247192 0.09999999403953588
		endloop
	endfacet
	facet normal 0.5599723171876334 0.8285113179574027 0
		outer loop
			vertex 5.6528167724609375 2.3630505800247192 0.6818498969078067
			vertex 5.6918110847473145 2.3366951942443848 0.6818498969078067
			vertex 5.6528167724609375 2.3630505800247192 0.09999999403953588
		endloop
	endfacet
	facet normal 0.5599723171876334 0.8285113179574027 0
		outer loop
			vertex 5.6918110847473145 2.3366951942443848 0.6818498969078067
			vertex 5.6918110847473145 2.3366951942443848 0.0999999940395359
			vertex 5.6528167724609375 2.3630505800247192 0.09999999403953588
		endloop
	endfacet
	facet normal -0.6919379294143759 0.7219569944517099 0
		outer loop
			vertex 5.309182643890381 2.304128646850586 0.0999999940395359
			vertex 5.3431620597839355 2.3366951942443848 0.6818498969078067
			vertex 5.3431620597839355 2.3366951942443848 0.0999999940395359
		endloop
	endfacet
	facet normal -0.5599723171876334 0.8285113179574027 0
		outer loop
			vertex 5.3431620597839355 2.3366951942443848 0.6818498969078067
			vertex 5.3821563720703125 2.3630505800247192 0.6818498969078067
			vertex 5.3431620597839355 2.3366951942443848 0.0999999940395359
		endloop
	endfacet
	facet normal 0.6919379294143759 0.7219569944517099 0
		outer loop
			vertex 5.6918110847473145 2.3366951942443848 0.6818498969078067
			vertex 5.725790500640869 2.304128646850586 0.6818498969078067
			vertex 5.6918110847473145 2.3366951942443848 0.0999999940395359
		endloop
	endfacet
	facet normal 0.6919379294143759 0.7219569944517099 0
		outer loop
			vertex 5.725790500640869 2.304128646850586 0.6818498969078067
			vertex 5.725790500640869 2.304128646850586 0.0999999940395359
			vertex 5.6918110847473145 2.3366951942443848 0.0999999940395359
		endloop
	endfacet
	facet normal -0.8039995564825687 0.5946298959654087 0
		outer loop
			vertex 5.281196117401123 2.2662880420684814 0.09999999403953591
			vertex 5.309182643890381 2.304128646850586 0.6818498969078067
			vertex 5.309182643890381 2.304128646850586 0.0999999940395359
		endloop
	endfacet
	facet normal -0.6919379294143759 0.7219569944517099 0
		outer loop
			vertex 5.309182643890381 2.304128646850586 0.6818498969078067
			vertex 5.3431620597839355 2.3366951942443848 0.6818498969078067
			vertex 5.309182643890381 2.304128646850586 0.0999999940395359
		endloop
	endfacet
	facet normal 0.8039995564825687 0.5946298959654087 0
		outer loop
			vertex 5.725790500640869 2.304128646850586 0.6818498969078067
			vertex 5.753777027130127 2.2662880420684814 0.6818498969078067
			vertex 5.725790500640869 2.304128646850586 0.0999999940395359
		endloop
	endfacet
	facet normal 0.8039995564825687 0.5946298959654087 0
		outer loop
			vertex 5.753777027130127 2.2662880420684814 0.6818498969078067
			vertex 5.753777027130127 2.2662880420684814 0.09999999403953591
			vertex 5.725790500640869 2.304128646850586 0.0999999940395359
		endloop
	endfacet
	facet normal -0.8929247666192661 0.45020590973234614 0
		outer loop
			vertex 5.260006904602051 2.224261999130249 0.09999999403953591
			vertex 5.281196117401123 2.2662880420684814 0.6818498969078067
			vertex 5.281196117401123 2.2662880420684814 0.09999999403953591
		endloop
	endfacet
	facet normal -0.8039995564825687 0.5946298959654087 0
		outer loop
			vertex 5.281196117401123 2.2662880420684814 0.6818498969078067
			vertex 5.309182643890381 2.304128646850586 0.6818498969078067
			vertex 5.281196117401123 2.2662880420684814 0.09999999403953591
		endloop
	endfacet
	facet normal 0.892924766619266 0.4502059097323461 0
		outer loop
			vertex 5.753777027130127 2.2662880420684814 0.6818498969078067
			vertex 5.774966239929199 2.224261999130249 0.6818498969078068
			vertex 5.753777027130127 2.2662880420684814 0.09999999403953591
		endloop
	endfacet
	facet normal 0.8929247666192661 0.45020590973234614 0
		outer loop
			vertex 5.774966239929199 2.224261999130249 0.6818498969078068
			vertex 5.774966239929199 2.224261999130249 0.09999999403953591
			vertex 5.753777027130127 2.2662880420684814 0.09999999403953591
		endloop
	endfacet
	facet normal -0.9561656891258439 0.29282618554101386 0
		outer loop
			vertex 5.246224880218506 2.1792595386505127 0.09999999403953592
			vertex 5.260006904602051 2.224261999130249 0.6818498969078068
			vertex 5.260006904602051 2.224261999130249 0.09999999403953591
		endloop
	endfacet
	facet normal -0.892924766619266 0.45020590973234614 0
		outer loop
			vertex 5.260006904602051 2.224261999130249 0.6818498969078068
			vertex 5.281196117401123 2.2662880420684814 0.6818498969078067
			vertex 5.260006904602051 2.224261999130249 0.09999999403953591
		endloop
	endfacet
	facet normal 0.9561656891258439 0.29282618554101386 0
		outer loop
			vertex 5.774966239929199 2.224261999130249 0.6818498969078068
			vertex 5.788748264312744 2.1792595386505127 0.6818498969078068
			vertex 5.774966239929199 2.224261999130249 0.09999999403953591
		endloop
	endfacet
	facet normal 0.9561656891258439 0.29282618554101386 0
		outer loop
			vertex 5.788748264312744 2.1792595386505127 0.6818498969078068
			vertex 5.788748264312744 2.1792595386505127 0.09999999403953592
			vertex 5.774966239929199 2.224261999130249 0.09999999403953591
		endloop
	endfacet
	facet normal -0.9919005599138153 0.12701684629473262 0
		outer loop
			vertex 5.240246772766113 2.132575273513794 0.09999999403953594
			vertex 5.246224880218506 2.1792595386505127 0.6818498969078068
			vertex 5.246224880218506 2.1792595386505127 0.09999999403953592
		endloop
	endfacet
	facet normal -0.9561656891258439 0.29282618554101386 0
		outer loop
			vertex 5.246224880218506 2.1792595386505127 0.6818498969078068
			vertex 5.260006904602051 2.224261999130249 0.6818498969078068
			vertex 5.246224880218506 2.1792595386505127 0.09999999403953592
		endloop
	endfacet
	facet normal 0.9919005599138153 0.12701684629473262 0
		outer loop
			vertex 5.788748264312744 2.1792595386505127 0.6818498969078068
			vertex 5.794726371765137 2.132575273513794 0.6818498969078068
			vertex 5.788748264312744 2.1792595386505127 0.09999999403953592
		endloop
	endfacet
	facet normal 0.9919005599138153 0.12701684629473262 0
		outer loop
			vertex 5.794726371765137 2.132575273513794 0.6818498969078068
			vertex 5.794726371765137 2.132575273513794 0.09999999403953594
			vertex 5.788748264312744 2.1792595386505127 0.09999999403953592
		endloop
	endfacet
	facet normal -8.990445835566219e-16 2.5693654038787317e-16 1
		outer loop
			vertex 5.15561056137085 0 0.09999999403953641
			vertex 5.242244243621826 2.0855520963668823 0.09999999403953595
			vertex 5.240246772766113 2.132575273513794 0.09999999403953594
		endloop
	endfacet
	facet normal -0.9990990105242821 -0.04244015986539759 0
		outer loop
			vertex 5.242244243621826 2.0855520963668823 0.09999999403953595
			vertex 5.240246772766113 2.132575273513794 0.6818498969078068
			vertex 5.240246772766113 2.132575273513794 0.09999999403953594
		endloop
	endfacet
	facet normal -0.9919005599138153 0.12701684629473262 0
		outer loop
			vertex 5.240246772766113 2.132575273513794 0.6818498969078068
			vertex 5.246224880218506 2.1792595386505127 0.6818498969078068
			vertex 5.240246772766113 2.132575273513794 0.09999999403953594
		endloop
	endfacet
	facet normal 4.549315873742693e-16 2.758017643123659e-16 1
		outer loop
			vertex 5.792728900909424 2.0855520963668823 0.09999999403953595
			vertex 6.05042028427124 0 0.09999999403953641
			vertex 5.794726371765137 2.132575273513794 0.09999999403953594
		endloop
	endfacet
	facet normal 0.9990990105242821 -0.04244015986539759 0
		outer loop
			vertex 5.794726371765137 2.132575273513794 0.6818498969078068
			vertex 5.792728900909424 2.0855520963668823 0.6818498969078068
			vertex 5.794726371765137 2.132575273513794 0.09999999403953594
		endloop
	endfacet
	facet normal 0.9990990105242821 -0.04244015986539759 0
		outer loop
			vertex 5.792728900909424 2.0855520963668823 0.6818498969078068
			vertex 5.792728900909424 2.0855520963668823 0.09999999403953595
			vertex 5.794726371765137 2.132575273513794 0.09999999403953594
		endloop
	endfacet
	facet normal 8.542428348866984e-16 1.841051086683497e-16 1
		outer loop
			vertex 5.15561056137085 0 0.09999999403953641
			vertex 5.25216007232666 2.0395429134368896 0.09999999403953595
			vertex 5.242244243621826 2.0855520963668823 0.09999999403953595
		endloop
	endfacet
	facet normal -0.9775548395437235 -0.2106811232280794 0
		outer loop
			vertex 5.25216007232666 2.0395429134368896 0.09999999403953595
			vertex 5.242244243621826 2.0855520963668823 0.6818498969078068
			vertex 5.242244243621826 2.0855520963668823 0.09999999403953595
		endloop
	endfacet
	facet normal -0.9990990105242821 -0.04244015986539759 0
		outer loop
			vertex 5.242244243621826 2.0855520963668823 0.6818498969078068
			vertex 5.240246772766113 2.132575273513794 0.6818498969078068
			vertex 5.242244243621826 2.0855520963668823 0.09999999403953595
		endloop
	endfacet
	facet normal -6.476085552324036e-16 1.395716048954959e-16 1
		outer loop
			vertex 5.78281307220459 2.0395429134368896 0.09999999403953595
			vertex 6.05042028427124 0 0.09999999403953641
			vertex 5.792728900909424 2.0855520963668823 0.09999999403953595
		endloop
	endfacet
	facet normal 0.9775548395437235 -0.2106811232280794 0
		outer loop
			vertex 5.792728900909424 2.0855520963668823 0.6818498969078068
			vertex 5.78281307220459 2.0395429134368896 0.6818498969078068
			vertex 5.792728900909424 2.0855520963668823 0.09999999403953595
		endloop
	endfacet
	facet normal 0.9775548395437235 -0.2106811232280794 0
		outer loop
			vertex 5.78281307220459 2.0395429134368896 0.6818498969078068
			vertex 5.78281307220459 2.0395429134368896 0.09999999403953595
			vertex 5.792728900909424 2.0855520963668823 0.09999999403953595
		endloop
	endfacet
	facet normal -2.0756571415556194e-16 2.343698495881545e-16 1
		outer loop
			vertex 5.15561056137085 0 0.09999999403953641
			vertex 5.269708633422852 1.9958713054656982 0.09999999403953597
			vertex 5.25216007232666 2.0395429134368896 0.09999999403953595
		endloop
	endfacet
	facet normal -0.927890014709874 -0.37285402049825067 0
		outer loop
			vertex 5.269708633422852 1.9958713054656982 0.09999999403953597
			vertex 5.25216007232666 2.0395429134368896 0.6818498969078068
			vertex 5.25216007232666 2.0395429134368896 0.09999999403953595
		endloop
	endfacet
	facet normal -0.9775548395437235 -0.2106811232280794 0
		outer loop
			vertex 5.25216007232666 2.0395429134368896 0.6818498969078068
			vertex 5.242244243621826 2.0855520963668823 0.6818498969078068
			vertex 5.25216007232666 2.0395429134368896 0.09999999403953595
		endloop
	endfacet
	facet normal 1.7490647166945823e-16 2.4749331214764596e-16 1
		outer loop
			vertex 5.765264511108398 1.9958713054656982 0.09999999403953597
			vertex 6.05042028427124 0 0.09999999403953641
			vertex 5.78281307220459 2.0395429134368896 0.09999999403953595
		endloop
	endfacet
	facet normal 0.927890014709874 -0.37285402049825067 0
		outer loop
			vertex 5.78281307220459 2.0395429134368896 0.6818498969078068
			vertex 5.765264511108398 1.9958713054656982 0.6818498969078068
			vertex 5.78281307220459 2.0395429134368896 0.09999999403953595
		endloop
	endfacet
	facet normal 0.927890014709874 -0.37285402049825067 0
		outer loop
			vertex 5.765264511108398 1.9958713054656982 0.6818498969078068
			vertex 5.765264511108398 1.9958713054656982 0.09999999403953597
			vertex 5.78281307220459 2.0395429134368896 0.09999999403953595
		endloop
	endfacet
	facet normal -1.8393500752084114e-16 2.3301895183193917e-16 1
		outer loop
			vertex 5.15561056137085 0 0.09999999403953641
			vertex 5.2943854331970215 1.9557936191558838 0.09999999403953598
			vertex 5.269708633422852 1.9958713054656982 0.09999999403953597
		endloop
	endfacet
	facet normal -0.851529235838742 -0.5243071242238544 0
		outer loop
			vertex 5.2943854331970215 1.9557936191558838 0.09999999403953598
			vertex 5.269708633422852 1.9958713054656982 0.6818498969078068
			vertex 5.269708633422852 1.9958713054656982 0.09999999403953597
		endloop
	endfacet
	facet normal -0.927890014709874 -0.37285402049825067 0
		outer loop
			vertex 5.269708633422852 1.9958713054656982 0.6818498969078068
			vertex 5.25216007232666 2.0395429134368896 0.6818498969078068
			vertex 5.269708633422852 1.9958713054656982 0.09999999403953597
		endloop
	endfacet
	facet normal 1.631541541521078e-16 2.4581422533531595e-16 1
		outer loop
			vertex 5.7405877113342285 1.9557936191558838 0.09999999403953598
			vertex 6.05042028427124 0 0.09999999403953641
			vertex 5.765264511108398 1.9958713054656982 0.09999999403953597
		endloop
	endfacet
	facet normal 0.851529235838742 -0.5243071242238544 0
		outer loop
			vertex 5.765264511108398 1.9958713054656982 0.6818498969078068
			vertex 5.7405877113342285 1.9557936191558838 0.6818498969078068
			vertex 5.765264511108398 1.9958713054656982 0.09999999403953597
		endloop
	endfacet
	facet normal 0.851529235838742 -0.5243071242238544 0
		outer loop
			vertex 5.7405877113342285 1.9557936191558838 0.6818498969078068
			vertex 5.7405877113342285 1.9557936191558838 0.09999999403953598
			vertex 5.765264511108398 1.9958713054656982 0.09999999403953597
		endloop
	endfacet
	facet normal 2.3128504637550477e-16 2.0355668690032988e-16 1
		outer loop
			vertex 5.15561056137085 0 0.09999999403953641
			vertex 5.3254804611206055 1.9204628467559814 0.09999999403953598
			vertex 5.2943854331970215 1.9557936191558838 0.09999999403953598
		endloop
	endfacet
	facet normal -0.7506719120551146 -0.660675170149082 0
		outer loop
			vertex 5.3254804611206055 1.9204628467559814 0.09999999403953598
			vertex 5.2943854331970215 1.9557936191558838 0.6818498969078068
			vertex 5.2943854331970215 1.9557936191558838 0.09999999403953598
		endloop
	endfacet
	facet normal -0.851529235838742 -0.5243071242238544 0
		outer loop
			vertex 5.2943854331970215 1.9557936191558838 0.6818498969078068
			vertex 5.269708633422852 1.9958713054656982 0.6818498969078068
			vertex 5.2943854331970215 1.9557936191558838 0.09999999403953598
		endloop
	endfacet
	facet normal -2.1180687010573665e-16 1.8641371509791877e-16 1
		outer loop
			vertex 5.7094926834106445 1.9204628467559814 0.09999999403953598
			vertex 6.05042028427124 0 0.09999999403953641
			vertex 5.7405877113342285 1.9557936191558838 0.09999999403953598
		endloop
	endfacet
	facet normal 0.7506719120551146 -0.660675170149082 0
		outer loop
			vertex 5.7405877113342285 1.9557936191558838 0.6818498969078068
			vertex 5.7094926834106445 1.9204628467559814 0.6818498969078068
			vertex 5.7405877113342285 1.9557936191558838 0.09999999403953598
		endloop
	endfacet
	facet normal 0.7506719120551146 -0.660675170149082 0
		outer loop
			vertex 5.7094926834106445 1.9204628467559814 0.6818498969078068
			vertex 5.7094926834106445 1.9204628467559814 0.09999999403953598
			vertex 5.7405877113342285 1.9557936191558838 0.09999999403953598
		endloop
	endfacet
	facet normal -1.8489676429877525e-16 2.4036904313847934e-16 1
		outer loop
			vertex 5.15561056137085 0 0.09999999403953641
			vertex 5.3620991706848145 1.8908953666687012 0.099999994039536
			vertex 5.3254804611206055 1.9204628467559814 0.09999999403953598
		endloop
	endfacet
	facet normal -0.6282191881013326 -0.778036407696518 0
		outer loop
			vertex 5.3620991706848145 1.8908953666687012 0.099999994039536
			vertex 5.3254804611206055 1.9204628467559814 0.6818498969078068
			vertex 5.3254804611206055 1.9204628467559814 0.09999999403953598
		endloop
	endfacet
	facet normal -0.7506719120551146 -0.660675170149082 0
		outer loop
			vertex 5.3254804611206055 1.9204628467559814 0.6818498969078068
			vertex 5.2943854331970215 1.9557936191558838 0.6818498969078068
			vertex 5.3254804611206055 1.9204628467559814 0.09999999403953598
		endloop
	endfacet
	facet normal 1.7326617029601205e-16 2.5477329208323936e-16 1
		outer loop
			vertex 5.6728739738464355 1.8908953666687012 0.099999994039536
			vertex 6.05042028427124 0 0.09999999403953641
			vertex 5.7094926834106445 1.9204628467559814 0.09999999403953598
		endloop
	endfacet
	facet normal 0.6282191881013326 -0.778036407696518 0
		outer loop
			vertex 5.7094926834106445 1.9204628467559814 0.6818498969078068
			vertex 5.6728739738464355 1.8908953666687012 0.6818498969078068
			vertex 5.7094926834106445 1.9204628467559814 0.09999999403953598
		endloop
	endfacet
	facet normal 0.6282191881013326 -0.778036407696518 0
		outer loop
			vertex 5.6728739738464355 1.8908953666687012 0.6818498969078068
			vertex 5.6728739738464355 1.8908953666687012 0.099999994039536
			vertex 5.7094926834106445 1.9204628467559814 0.09999999403953598
		endloop
	endfacet
	facet normal 1.1592698686534722e-16 2.075186384458472e-16 1
		outer loop
			vertex 5.15561056137085 0 0.09999999403953641
			vertex 5.403188228607178 1.8679416179656982 0.099999994039536
			vertex 5.3620991706848145 1.8908953666687012 0.099999994039536
		endloop
	endfacet
	facet normal -0.4876953291258583 -0.8730138979127542 0
		outer loop
			vertex 5.403188228607178 1.8679416179656982 0.099999994039536
			vertex 5.3620991706848145 1.8908953666687012 0.6818498969078068
			vertex 5.3620991706848145 1.8908953666687012 0.099999994039536
		endloop
	endfacet
	facet normal -0.6282191881013326 -0.778036407696518 0
		outer loop
			vertex 5.3620991706848145 1.8908953666687012 0.6818498969078068
			vertex 5.3254804611206055 1.9204628467559814 0.6818498969078068
			vertex 5.3620991706848145 1.8908953666687012 0.099999994039536
		endloop
	endfacet
	facet normal -1.1065636242854475e-16 1.9808379642623114e-16 1
		outer loop
			vertex 5.631784915924072 1.8679416179656982 0.099999994039536
			vertex 6.05042028427124 0 0.09999999403953641
			vertex 5.6728739738464355 1.8908953666687012 0.099999994039536
		endloop
	endfacet
	facet normal 0.4876953291258583 -0.8730138979127542 0
		outer loop
			vertex 5.6728739738464355 1.8908953666687012 0.6818498969078068
			vertex 5.631784915924072 1.8679416179656982 0.6818498969078068
			vertex 5.6728739738464355 1.8908953666687012 0.099999994039536
		endloop
	endfacet
	facet normal 0.4876953291258583 -0.8730138979127542 0
		outer loop
			vertex 5.631784915924072 1.8679416179656982 0.6818498969078068
			vertex 5.631784915924072 1.8679416179656982 0.099999994039536
			vertex 5.6728739738464355 1.8908953666687012 0.099999994039536
		endloop
	endfacet
	facet normal 7.522628414534195e-17 2.129131245140318e-16 1
		outer loop
			vertex 5.15561056137085 0 0.09999999403953641
			vertex 5.44756555557251 1.852262258529663 0.099999994039536
			vertex 5.403188228607178 1.8679416179656982 0.099999994039536
		endloop
	endfacet
	facet normal -0.33313700562332077 -0.9428784309147854 0
		outer loop
			vertex 5.44756555557251 1.852262258529663 0.099999994039536
			vertex 5.403188228607178 1.8679416179656982 0.6818498969078068
			vertex 5.403188228607178 1.8679416179656982 0.099999994039536
		endloop
	endfacet
	facet normal -0.4876953291258583 -0.8730138979127542 0
		outer loop
			vertex 5.403188228607178 1.8679416179656982 0.6818498969078068
			vertex 5.3620991706848145 1.8908953666687012 0.6818498969078068
			vertex 5.403188228607178 1.8679416179656982 0.099999994039536
		endloop
	endfacet
	facet normal -7.297162693962267e-17 2.0652954385791569e-16 1
		outer loop
			vertex 5.587408065795898 1.852262258529663 0.099999994039536
			vertex 6.05042028427124 0 0.09999999403953641
			vertex 5.631784915924072 1.8679416179656982 0.099999994039536
		endloop
	endfacet
	facet normal 0.3331401879673046 -0.9428773065256737 0
		outer loop
			vertex 5.631784915924072 1.8679416179656982 0.6818498969078068
			vertex 5.587408065795898 1.852262258529663 0.6818498969078068
			vertex 5.631784915924072 1.8679416179656982 0.099999994039536
		endloop
	endfacet
	facet normal 0.3331401879673046 -0.9428773065256737 0
		outer loop
			vertex 5.587408065795898 1.852262258529663 0.6818498969078068
			vertex 5.587408065795898 1.852262258529663 0.099999994039536
			vertex 5.631784915924072 1.8679416179656982 0.099999994039536
		endloop
	endfacet
	facet normal 3.7526863485589356e-17 2.1885533603912172e-16 1
		outer loop
			vertex 5.15561056137085 0 0.09999999403953641
			vertex 5.493953704833984 1.8443081378936768 0.099999994039536
			vertex 5.44756555557251 1.852262258529663 0.099999994039536
		endloop
	endfacet
	facet normal -0.16900234011602008 -0.9856156497516205 0
		outer loop
			vertex 5.493953704833984 1.8443081378936768 0.099999994039536
			vertex 5.44756555557251 1.852262258529663 0.6818498969078068
			vertex 5.44756555557251 1.852262258529663 0.099999994039536
		endloop
	endfacet
	facet normal -0.33313700562332077 -0.9428784309147854 0
		outer loop
			vertex 5.44756555557251 1.852262258529663 0.6818498969078068
			vertex 5.403188228607178 1.8679416179656982 0.6818498969078068
			vertex 5.44756555557251 1.852262258529663 0.099999994039536
		endloop
	endfacet
	facet normal -3.695667698465323e-17 2.1553224409657725e-16 1
		outer loop
			vertex 5.541019439697266 1.8443081378936768 0.099999994039536
			vertex 6.05042028427124 0 0.09999999403953641
			vertex 5.587408065795898 1.852262258529663 0.099999994039536
		endloop
	endfacet
	facet normal 0.1690006525270753 -0.9856159391189974 0
		outer loop
			vertex 5.587408065795898 1.852262258529663 0.6818498969078068
			vertex 5.541019439697266 1.8443081378936768 0.6818498969078068
			vertex 5.587408065795898 1.852262258529663 0.099999994039536
		endloop
	endfacet
	facet normal 0.1690006525270753 -0.9856159391189974 0
		outer loop
			vertex 5.541019439697266 1.8443081378936768 0.6818498969078068
			vertex 5.541019439697266 1.8443081378936768 0.099999994039536
			vertex 5.587408065795898 1.852262258529663 0.099999994039536
		endloop
	endfacet
	facet normal -5.756437364632988e-16 3.313430836141114e-16 1
		outer loop
			vertex 5.15561056137085 0 0.09999999403953641
			vertex 5.517486572265625 1.843308448791504 0.09999999403953601
			vertex 5.493953704833984 1.8443081378936768 0.099999994039536
		endloop
	endfacet
	facet normal -0.042442269567146404 -0.9990989209052275 0
		outer loop
			vertex 5.517486572265625 1.843308448791504 0.09999999403953601
			vertex 5.517486572265625 1.843308448791504 0.6818498969078068
			vertex 5.493953704833984 1.8443081378936768 0.099999994039536
		endloop
	endfacet
	facet normal -0.042442269567146404 -0.9990989209052275 0
		outer loop
			vertex 5.517486572265625 1.843308448791504 0.6818498969078068
			vertex 5.493953704833984 1.8443081378936768 0.6818498969078068
			vertex 5.493953704833984 1.8443081378936768 0.099999994039536
		endloop
	endfacet
	facet normal -0.16900234011602008 -0.9856156497516205 0
		outer loop
			vertex 5.493953704833984 1.8443081378936768 0.6818498969078068
			vertex 5.44756555557251 1.852262258529663 0.6818498969078068
			vertex 5.493953704833984 1.8443081378936768 0.099999994039536
		endloop
	endfacet
	facet normal 0 2.2573973712978057e-16 1
		outer loop
			vertex 5.15561056137085 0 0.09999999403953641
			vertex 6.05042028427124 0 0.09999999403953641
			vertex 5.541019439697266 1.8443081378936768 0.099999994039536
		endloop
	endfacet
	facet normal 5.853259075940944e-16 1.0342297407582042e-16 1
		outer loop
			vertex 5.517486572265625 1.843308448791504 0.09999999403953601
			vertex 5.15561056137085 0 0.09999999403953641
			vertex 5.541019439697266 1.8443081378936768 0.099999994039536
		endloop
	endfacet
	facet normal 0.042442269567146404 -0.9990989209052275 0
		outer loop
			vertex 5.541019439697266 1.8443081378936768 0.6818498969078068
			vertex 5.517486572265625 1.843308448791504 0.09999999403953601
			vertex 5.541019439697266 1.8443081378936768 0.099999994039536
		endloop
	endfacet
	facet normal 0.042442269567146404 -0.9990989209052275 0
		outer loop
			vertex 5.541019439697266 1.8443081378936768 0.6818498969078068
			vertex 5.517486572265625 1.843308448791504 0.6818498969078068
			vertex 5.517486572265625 1.843308448791504 0.09999999403953601
		endloop
	endfacet
	facet normal -0.08480441574854222 0.9963976169529656 0
		outer loop
			vertex 4.397994518280029 1.6874301433563232 0.09999999403953604
			vertex 4.4516191482543945 1.6919941902160645 0.5887942910194403
			vertex 4.4516191482543945 1.6919941902160645 0.09999999403953604
		endloop
	endfacet
	facet normal 0.08480441574854222 0.9963976169529656 0
		outer loop
			vertex 4.4516191482543945 1.6919941902160645 0.5887942910194403
			vertex 4.50524377822876 1.6874301433563232 0.5887942910194403
			vertex 4.4516191482543945 1.6919941902160645 0.09999999403953604
		endloop
	endfacet
	facet normal 0.08480441574854222 0.9963976169529656 0
		outer loop
			vertex 4.50524377822876 1.6874301433563232 0.5887942910194403
			vertex 4.50524377822876 1.6874301433563232 0.09999999403953604
			vertex 4.4516191482543945 1.6919941902160645 0.09999999403953604
		endloop
	endfacet
	facet normal -0.2519784158936564 0.9677328546265874 0
		outer loop
			vertex 4.345912933349609 1.6738691329956055 0.09999999403953604
			vertex 4.397994518280029 1.6874301433563232 0.5887942910194403
			vertex 4.397994518280029 1.6874301433563232 0.09999999403953604
		endloop
	endfacet
	facet normal -0.08480441574854222 0.9963976169529656 0
		outer loop
			vertex 4.397994518280029 1.6874301433563232 0.5887942910194403
			vertex 4.4516191482543945 1.6919941902160645 0.5887942910194403
			vertex 4.397994518280029 1.6874301433563232 0.09999999403953604
		endloop
	endfacet
	facet normal 0.2519784158936564 0.9677328546265874 0
		outer loop
			vertex 4.50524377822876 1.6874301433563232 0.5887942910194403
			vertex 4.55732536315918 1.6738691329956055 0.5887942910194403
			vertex 4.50524377822876 1.6874301433563232 0.09999999403953604
		endloop
	endfacet
	facet normal 0.2519784158936564 0.9677328546265874 0
		outer loop
			vertex 4.55732536315918 1.6738691329956055 0.5887942910194403
			vertex 4.55732536315918 1.6738691329956055 0.09999999403953604
			vertex 4.50524377822876 1.6874301433563232 0.09999999403953604
		endloop
	endfacet
	facet normal -0.4118992236098916 0.9112294055777439 0
		outer loop
			vertex 4.296871662139893 1.6517012119293213 0.09999999403953605
			vertex 4.345912933349609 1.6738691329956055 0.5887942910194403
			vertex 4.345912933349609 1.6738691329956055 0.09999999403953604
		endloop
	endfacet
	facet normal -0.2519784158936564 0.9677328546265874 0
		outer loop
			vertex 4.345912933349609 1.6738691329956055 0.5887942910194403
			vertex 4.397994518280029 1.6874301433563232 0.5887942910194403
			vertex 4.345912933349609 1.6738691329956055 0.09999999403953604
		endloop
	endfacet
	facet normal 0.4119025491174983 0.9112279023551173 0
		outer loop
			vertex 4.55732536315918 1.6738691329956055 0.5887942910194403
			vertex 4.606366157531738 1.6517012119293213 0.5887942910194403
			vertex 4.55732536315918 1.6738691329956055 0.09999999403953604
		endloop
	endfacet
	facet normal 0.4119025491174983 0.9112279023551173 0
		outer loop
			vertex 4.606366157531738 1.6517012119293213 0.5887942910194403
			vertex 4.606366157531738 1.6517012119293213 0.09999999403953605
			vertex 4.55732536315918 1.6738691329956055 0.09999999403953604
		endloop
	endfacet
	facet normal -0.5599805454799487 0.8285057565786608 0
		outer loop
			vertex 4.252283096313477 1.6215641498565674 0.09999999403953605
			vertex 4.296871662139893 1.6517012119293213 0.5887942910194403
			vertex 4.296871662139893 1.6517012119293213 0.09999999403953605
		endloop
	endfacet
	facet normal -0.4118992236098916 0.9112294055777439 0
		outer loop
			vertex 4.296871662139893 1.6517012119293213 0.5887942910194403
			vertex 4.345912933349609 1.6738691329956055 0.5887942910194403
			vertex 4.296871662139893 1.6517012119293213 0.09999999403953605
		endloop
	endfacet
	facet normal 0.5599764348524099 0.8285085349047316 0
		outer loop
			vertex 4.606366157531738 1.6517012119293213 0.5887942910194403
			vertex 4.6509552001953125 1.6215641498565674 0.5887942910194403
			vertex 4.606366157531738 1.6517012119293213 0.09999999403953605
		endloop
	endfacet
	facet normal 0.5599764348524099 0.8285085349047316 0
		outer loop
			vertex 4.6509552001953125 1.6215641498565674 0.5887942910194403
			vertex 4.6509552001953125 1.6215641498565674 0.09999999403953605
			vertex 4.606366157531738 1.6517012119293213 0.09999999403953605
		endloop
	endfacet
	facet normal -0.6919361525546841 0.7219586974251511 0
		outer loop
			vertex 4.213428497314453 1.5843253135681152 0.09999999403953606
			vertex 4.252283096313477 1.6215641498565674 0.5887942910194403
			vertex 4.252283096313477 1.6215641498565674 0.09999999403953605
		endloop
	endfacet
	facet normal -0.5599805454799487 0.8285057565786608 0
		outer loop
			vertex 4.252283096313477 1.6215641498565674 0.5887942910194403
			vertex 4.296871662139893 1.6517012119293213 0.5887942910194403
			vertex 4.252283096313477 1.6215641498565674 0.09999999403953605
		endloop
	endfacet
	facet normal 0.6919361525546841 0.7219586974251511 0
		outer loop
			vertex 4.6509552001953125 1.6215641498565674 0.5887942910194403
			vertex 4.689809799194336 1.5843253135681152 0.5887942910194403
			vertex 4.6509552001953125 1.6215641498565674 0.09999999403953605
		endloop
	endfacet
	facet normal 0.6919361525546841 0.7219586974251511 0
		outer loop
			vertex 4.689809799194336 1.5843253135681152 0.5887942910194403
			vertex 4.689809799194336 1.5843253135681152 0.09999999403953606
			vertex 4.6509552001953125 1.6215641498565674 0.09999999403953605
		endloop
	endfacet
	facet normal -0.8039951927477528 0.5946357961294493 0
		outer loop
			vertex 4.181426048278809 1.54105544090271 0.09999999403953606
			vertex 4.213428497314453 1.5843253135681152 0.5887942910194403
			vertex 4.213428497314453 1.5843253135681152 0.09999999403953606
		endloop
	endfacet
	facet normal -0.6919361525546841 0.7219586974251511 0
		outer loop
			vertex 4.213428497314453 1.5843253135681152 0.5887942910194403
			vertex 4.252283096313477 1.6215641498565674 0.5887942910194403
			vertex 4.213428497314453 1.5843253135681152 0.09999999403953606
		endloop
	endfacet
	facet normal 0.8039994286177627 0.594630068851476 0
		outer loop
			vertex 4.689809799194336 1.5843253135681152 0.5887942910194403
			vertex 4.721811771392822 1.54105544090271 0.5887942910194403
			vertex 4.689809799194336 1.5843253135681152 0.09999999403953606
		endloop
	endfacet
	facet normal 0.8039994286177627 0.594630068851476 0
		outer loop
			vertex 4.721811771392822 1.54105544090271 0.5887942910194403
			vertex 4.721811771392822 1.54105544090271 0.09999999403953606
			vertex 4.689809799194336 1.5843253135681152 0.09999999403953606
		endloop
	endfacet
	facet normal -0.8929274927796972 0.45020050270758705 0
		outer loop
			vertex 4.157196998596191 1.49299955368042 0.09999999403953608
			vertex 4.181426048278809 1.54105544090271 0.5887942910194403
			vertex 4.181426048278809 1.54105544090271 0.09999999403953606
		endloop
	endfacet
	facet normal -0.8039951927477528 0.5946357961294493 0
		outer loop
			vertex 4.181426048278809 1.54105544090271 0.5887942910194403
			vertex 4.213428497314453 1.5843253135681152 0.5887942910194403
			vertex 4.181426048278809 1.54105544090271 0.09999999403953606
		endloop
	endfacet
	facet normal 0.8929239310288876 0.4502075670131709 0
		outer loop
			vertex 4.721811771392822 1.54105544090271 0.5887942910194403
			vertex 4.746041297912598 1.49299955368042 0.5887942910194403
			vertex 4.721811771392822 1.54105544090271 0.09999999403953606
		endloop
	endfacet
	facet normal 0.8929239310288876 0.4502075670131709 0
		outer loop
			vertex 4.746041297912598 1.49299955368042 0.5887942910194403
			vertex 4.746041297912598 1.49299955368042 0.09999999403953608
			vertex 4.721811771392822 1.54105544090271 0.09999999403953606
		endloop
	endfacet
	facet normal -0.9561655341464547 0.2928266915949177 0
		outer loop
			vertex 4.141437530517578 1.441540241241455 0.09999999403953609
			vertex 4.157196998596191 1.49299955368042 0.5887942910194403
			vertex 4.157196998596191 1.49299955368042 0.09999999403953608
		endloop
	endfacet
	facet normal -0.8929274927796972 0.45020050270758705 0
		outer loop
			vertex 4.157196998596191 1.49299955368042 0.5887942910194403
			vertex 4.181426048278809 1.54105544090271 0.5887942910194403
			vertex 4.157196998596191 1.49299955368042 0.09999999403953608
		endloop
	endfacet
	facet normal 0.9561655341464547 0.2928266915949177 0
		outer loop
			vertex 4.746041297912598 1.49299955368042 0.5887942910194403
			vertex 4.761800765991211 1.441540241241455 0.5887942910194403
			vertex 4.746041297912598 1.49299955368042 0.09999999403953608
		endloop
	endfacet
	facet normal 0.9561655341464547 0.2928266915949177 0
		outer loop
			vertex 4.761800765991211 1.441540241241455 0.5887942910194403
			vertex 4.761800765991211 1.441540241241455 0.09999999403953609
			vertex 4.746041297912598 1.49299955368042 0.09999999403953608
		endloop
	endfacet
	facet normal -0.9919003798980922 0.12701825206646672 0
		outer loop
			vertex 4.134601593017578 1.388157606124878 0.0999999940395361
			vertex 4.141437530517578 1.441540241241455 0.5887942910194403
			vertex 4.141437530517578 1.441540241241455 0.09999999403953609
		endloop
	endfacet
	facet normal -0.9561655341464547 0.2928266915949177 0
		outer loop
			vertex 4.141437530517578 1.441540241241455 0.5887942910194403
			vertex 4.157196998596191 1.49299955368042 0.5887942910194403
			vertex 4.141437530517578 1.441540241241455 0.09999999403953609
		endloop
	endfacet
	facet normal 0.9919003798980922 0.12701825206646672 0
		outer loop
			vertex 4.761800765991211 1.441540241241455 0.5887942910194403
			vertex 4.768636703491211 1.388157606124878 0.5887942910194403
			vertex 4.761800765991211 1.441540241241455 0.09999999403953609
		endloop
	endfacet
	facet normal 0.9919003798980922 0.12701825206646672 0
		outer loop
			vertex 4.768636703491211 1.388157606124878 0.5887942910194403
			vertex 4.768636703491211 1.388157606124878 0.0999999940395361
			vertex 4.761800765991211 1.441540241241455 0.09999999403953609
		endloop
	endfacet
	facet normal 9.384066486733375e-16 3.801362926992016e-16 1
		outer loop
			vertex 4.768636703491211 1.388157606124878 0.0999999940395361
			vertex 5.005610466003418 0 0.09999999403953641
			vertex 4.761800765991211 1.441540241241455 0.09999999403953609
		endloop
	endfacet
	facet normal -0.9990986410822226 -0.04244885614072753 0
		outer loop
			vertex 4.136886119842529 1.3343877792358398 0.09999999403953612
			vertex 4.134601593017578 1.388157606124878 0.5887942910194403
			vertex 4.134601593017578 1.388157606124878 0.0999999940395361
		endloop
	endfacet
	facet normal -0.9919003798980922 0.12701825206646672 0
		outer loop
			vertex 4.134601593017578 1.388157606124878 0.5887942910194403
			vertex 4.141437530517578 1.441540241241455 0.5887942910194403
			vertex 4.134601593017578 1.388157606124878 0.0999999940395361
		endloop
	endfacet
	facet normal -5.660029289656355e-16 2.340483438706616e-16 1
		outer loop
			vertex 4.099999904632568 0 0.09999999403953641
			vertex 4.136886119842529 1.3343877792358398 0.09999999403953612
			vertex 4.134601593017578 1.388157606124878 0.0999999940395361
		endloop
	endfacet
	facet normal 0.9990986410822226 -0.04244885614072753 0
		outer loop
			vertex 4.768636703491211 1.388157606124878 0.5887942910194403
			vertex 4.76635217666626 1.3343877792358398 0.5887942910194403
			vertex 4.768636703491211 1.388157606124878 0.0999999940395361
		endloop
	endfacet
	facet normal 0.9990986410822227 -0.04244885614072753 0
		outer loop
			vertex 4.76635217666626 1.3343877792358398 0.5887942910194403
			vertex 4.76635217666626 1.3343877792358398 0.09999999403953612
			vertex 4.768636703491211 1.388157606124878 0.0999999940395361
		endloop
	endfacet
	facet normal 1.789707603950765e-16 2.504922385672748e-16 1
		outer loop
			vertex 4.76635217666626 1.3343877792358398 0.09999999403953612
			vertex 5.005610466003418 0 0.09999999403953641
			vertex 4.768636703491211 1.388157606124878 0.0999999940395361
		endloop
	endfacet
	facet normal -0.977555904860237 -0.21067618012695064 0
		outer loop
			vertex 4.148224353790283 1.2817773818969727 0.09999999403953612
			vertex 4.136886119842529 1.3343877792358398 0.5887942910194403
			vertex 4.136886119842529 1.3343877792358398 0.09999999403953612
		endloop
	endfacet
	facet normal -0.9990986410822227 -0.04244885614072753 0
		outer loop
			vertex 4.136886119842529 1.3343877792358398 0.5887942910194403
			vertex 4.134601593017578 1.388157606124878 0.5887942910194403
			vertex 4.136886119842529 1.3343877792358398 0.09999999403953612
		endloop
	endfacet
	facet normal 8.981989205525516e-16 1.9357370421000773e-16 1
		outer loop
			vertex 4.099999904632568 0 0.09999999403953641
			vertex 4.148224353790283 1.2817773818969727 0.09999999403953612
			vertex 4.136886119842529 1.3343877792358398 0.09999999403953612
		endloop
	endfacet
	facet normal 0.977555904860237 -0.21067618012695064 0
		outer loop
			vertex 4.76635217666626 1.3343877792358398 0.5887942910194403
			vertex 4.755013942718506 1.2817773818969727 0.5887942910194403
			vertex 4.76635217666626 1.3343877792358398 0.09999999403953612
		endloop
	endfacet
	facet normal 0.977555904860237 -0.21067618012695064 0
		outer loop
			vertex 4.755013942718506 1.2817773818969727 0.5887942910194403
			vertex 4.755013942718506 1.2817773818969727 0.09999999403953612
			vertex 4.76635217666626 1.3343877792358398 0.09999999403953612
		endloop
	endfacet
	facet normal -5.531765105012516e-16 1.192168279982123e-16 1
		outer loop
			vertex 4.755013942718506 1.2817773818969727 0.09999999403953612
			vertex 5.005610466003418 0 0.09999999403953641
			vertex 4.76635217666626 1.3343877792358398 0.09999999403953612
		endloop
	endfacet
	facet normal -0.9278877058207079 -0.37285976638246143 0
		outer loop
			vertex 4.168291091918945 1.231839895248413 0.09999999403953613
			vertex 4.148224353790283 1.2817773818969727 0.5887942910194403
			vertex 4.148224353790283 1.2817773818969727 0.09999999403953612
		endloop
	endfacet
	facet normal -0.977555904860237 -0.21067618012695064 0
		outer loop
			vertex 4.148224353790283 1.2817773818969727 0.5887942910194403
			vertex 4.136886119842529 1.3343877792358398 0.5887942910194403
			vertex 4.148224353790283 1.2817773818969727 0.09999999403953612
		endloop
	endfacet
	facet normal -1.149966740971558e-16 2.3169327171922194e-16 1
		outer loop
			vertex 4.099999904632568 0 0.09999999403953641
			vertex 4.168291091918945 1.231839895248413 0.09999999403953613
			vertex 4.148224353790283 1.2817773818969727 0.09999999403953612
		endloop
	endfacet
	facet normal 0.9278877058207079 -0.3728597663824615 0
		outer loop
			vertex 4.755013942718506 1.2817773818969727 0.5887942910194403
			vertex 4.734947204589844 1.231839895248413 0.5887942910194404
			vertex 4.755013942718506 1.2817773818969727 0.09999999403953612
		endloop
	endfacet
	facet normal 0.9278877058207078 -0.37285976638246143 0
		outer loop
			vertex 4.734947204589844 1.231839895248413 0.5887942910194404
			vertex 4.734947204589844 1.231839895248413 0.09999999403953613
			vertex 4.755013942718506 1.2817773818969727 0.09999999403953612
		endloop
	endfacet
	facet normal 8.460192301664214e-17 2.439070123648203e-16 1
		outer loop
			vertex 4.734947204589844 1.231839895248413 0.09999999403953613
			vertex 5.005610466003418 0 0.09999999403953641
			vertex 4.755013942718506 1.2817773818969727 0.09999999403953612
		endloop
	endfacet
	facet normal -0.851529305682353 -0.5243070107905577 0
		outer loop
			vertex 4.196508407592773 1.1860120296478271 0.09999999403953615
			vertex 4.168291091918945 1.231839895248413 0.5887942910194404
			vertex 4.168291091918945 1.231839895248413 0.09999999403953613
		endloop
	endfacet
	facet normal -0.9278877058207078 -0.3728597663824614 0
		outer loop
			vertex 4.168291091918945 1.231839895248413 0.5887942910194404
			vertex 4.148224353790283 1.2817773818969727 0.5887942910194403
			vertex 4.168291091918945 1.231839895248413 0.09999999403953613
		endloop
	endfacet
	facet normal -1.1548052437011257e-16 2.317200955862979e-16 1
		outer loop
			vertex 4.099999904632568 0 0.09999999403953641
			vertex 4.196508407592773 1.1860120296478271 0.09999999403953615
			vertex 4.168291091918945 1.231839895248413 0.09999999403953613
		endloop
	endfacet
	facet normal 0.8515332613944899 -0.5243005862469194 0
		outer loop
			vertex 4.734947204589844 1.231839895248413 0.5887942910194404
			vertex 4.706730365753174 1.1860120296478271 0.5887942910194404
			vertex 4.734947204589844 1.231839895248413 0.09999999403953613
		endloop
	endfacet
	facet normal 0.8515332613944899 -0.5243005862469194 0
		outer loop
			vertex 4.706730365753174 1.1860120296478271 0.5887942910194404
			vertex 4.706730365753174 1.1860120296478271 0.09999999403953615
			vertex 4.734947204589844 1.231839895248413 0.09999999403953613
		endloop
	endfacet
	facet normal 9.277329224606717e-17 2.457024481632401e-16 1
		outer loop
			vertex 4.706730365753174 1.1860120296478271 0.09999999403953615
			vertex 5.005610466003418 0 0.09999999403953641
			vertex 4.734947204589844 1.231839895248413 0.09999999403953613
		endloop
	endfacet
	facet normal -0.7506739685879084 -0.6606728334693959 0
		outer loop
			vertex 4.232064723968506 1.1456120014190674 0.09999999403953616
			vertex 4.196508407592773 1.1860120296478271 0.5887942910194404
			vertex 4.196508407592773 1.1860120296478271 0.09999999403953615
		endloop
	endfacet
	facet normal -0.851529305682353 -0.5243070107905577 0
		outer loop
			vertex 4.196508407592773 1.1860120296478271 0.5887942910194404
			vertex 4.168291091918945 1.231839895248413 0.5887942910194404
			vertex 4.196508407592773 1.1860120296478271 0.09999999403953615
		endloop
	endfacet
	facet normal -1.2604148340321783e-16 2.325794649018113e-16 1
		outer loop
			vertex 4.099999904632568 0 0.09999999403953641
			vertex 4.232064723968506 1.1456120014190674 0.09999999403953616
			vertex 4.196508407592773 1.1860120296478271 0.09999999403953615
		endloop
	endfacet
	facet normal 0.7506695744196525 -0.6606778262062514 0
		outer loop
			vertex 4.706730365753174 1.1860120296478271 0.5887942910194404
			vertex 4.671173572540283 1.1456120014190674 0.5887942910194404
			vertex 4.706730365753174 1.1860120296478271 0.09999999403953615
		endloop
	endfacet
	facet normal 0.7506695744196525 -0.6606778262062514 0
		outer loop
			vertex 4.671173572540283 1.1456120014190674 0.5887942910194404
			vertex 4.671173572540283 1.1456120014190674 0.09999999403953616
			vertex 4.706730365753174 1.1860120296478271 0.09999999403953615
		endloop
	endfacet
	facet normal 1.0704336171884201e-16 2.4929856665781164e-16 1
		outer loop
			vertex 4.671173572540283 1.1456120014190674 0.09999999403953616
			vertex 5.005610466003418 0 0.09999999403953641
			vertex 4.706730365753174 1.1860120296478271 0.09999999403953615
		endloop
	endfacet
	facet normal -0.6282224342763087 -0.7780337865876708 0
		outer loop
			vertex 4.273937225341797 1.111802101135254 0.09999999403953616
			vertex 4.232064723968506 1.1456120014190674 0.5887942910194404
			vertex 4.232064723968506 1.1456120014190674 0.09999999403953616
		endloop
	endfacet
	facet normal -0.7506739685879084 -0.6606728334693959 0
		outer loop
			vertex 4.232064723968506 1.1456120014190674 0.5887942910194404
			vertex 4.196508407592773 1.1860120296478271 0.5887942910194404
			vertex 4.232064723968506 1.1456120014190674 0.09999999403953616
		endloop
	endfacet
	facet normal 1.6107106549060816e-16 1.9948146413735057e-16 1
		outer loop
			vertex 4.099999904632568 0 0.09999999403953641
			vertex 4.273937225341797 1.111802101135254 0.09999999403953616
			vertex 4.232064723968506 1.1456120014190674 0.09999999403953616
		endloop
	endfacet
	facet normal 0.6282224342763087 -0.7780337865876708 0
		outer loop
			vertex 4.671173572540283 1.1456120014190674 0.5887942910194404
			vertex 4.629301071166992 1.111802101135254 0.5887942910194404
			vertex 4.671173572540283 1.1456120014190674 0.09999999403953616
		endloop
	endfacet
	facet normal 0.6282224342763087 -0.7780337865876708 0
		outer loop
			vertex 4.629301071166992 1.111802101135254 0.5887942910194404
			vertex 4.629301071166992 1.111802101135254 0.09999999403953616
			vertex 4.671173572540283 1.1456120014190674 0.09999999403953616
		endloop
	endfacet
	facet normal -1.4247905361056e-16 1.7645584038677527e-16 1
		outer loop
			vertex 4.629301071166992 1.111802101135254 0.09999999403953616
			vertex 5.005610466003418 0 0.09999999403953641
			vertex 4.671173572540283 1.1456120014190674 0.09999999403953616
		endloop
	endfacet
	facet normal -0.48769267311170095 -0.8730153816475194 0
		outer loop
			vertex 4.320921421051025 1.0855553150177002 0.09999999403953617
			vertex 4.273937225341797 1.111802101135254 0.5887942910194404
			vertex 4.273937225341797 1.111802101135254 0.09999999403953616
		endloop
	endfacet
	facet normal -0.6282224342763087 -0.7780337865876708 0
		outer loop
			vertex 4.273937225341797 1.111802101135254 0.5887942910194404
			vertex 4.232064723968506 1.1456120014190674 0.5887942910194404
			vertex 4.273937225341797 1.111802101135254 0.09999999403953616
		endloop
	endfacet
	facet normal -1.5620639470632181e-16 2.491183476184417e-16 1
		outer loop
			vertex 4.099999904632568 0 0.09999999403953641
			vertex 4.320921421051025 1.0855553150177002 0.09999999403953617
			vertex 4.273937225341797 1.111802101135254 0.09999999403953616
		endloop
	endfacet
	facet normal 0.4876889008181489 -0.8730174889535638 0
		outer loop
			vertex 4.629301071166992 1.111802101135254 0.5887942910194404
			vertex 4.5823163986206055 1.0855553150177002 0.5887942910194404
			vertex 4.629301071166992 1.111802101135254 0.09999999403953616
		endloop
	endfacet
	facet normal 0.4876889008181489 -0.8730174889535638 0
		outer loop
			vertex 4.5823163986206055 1.0855553150177002 0.5887942910194404
			vertex 4.5823163986206055 1.0855553150177002 0.09999999403953617
			vertex 4.629301071166992 1.111802101135254 0.09999999403953616
		endloop
	endfacet
	facet normal 1.4284735052130308e-16 2.7302968780087804e-16 1
		outer loop
			vertex 4.5823163986206055 1.0855553150177002 0.09999999403953617
			vertex 5.005610466003418 0 0.09999999403953641
			vertex 4.629301071166992 1.111802101135254 0.09999999403953616
		endloop
	endfacet
	facet normal -0.3331408078539203 -0.942877087505279 0
		outer loop
			vertex 4.3716654777526855 1.0676262378692627 0.09999999403953617
			vertex 4.320921421051025 1.0855553150177002 0.5887942910194404
			vertex 4.320921421051025 1.0855553150177002 0.09999999403953617
		endloop
	endfacet
	facet normal -0.48769267311170095 -0.8730153816475194 0
		outer loop
			vertex 4.320921421051025 1.0855553150177002 0.5887942910194404
			vertex 4.273937225341797 1.111802101135254 0.5887942910194404
			vertex 4.320921421051025 1.0855553150177002 0.09999999403953617
		endloop
	endfacet
	facet normal 7.163638808642399e-17 2.0275003051545393e-16 1
		outer loop
			vertex 4.099999904632568 0 0.09999999403953641
			vertex 4.3716654777526855 1.0676262378692627 0.09999999403953617
			vertex 4.320921421051025 1.0855553150177002 0.09999999403953617
		endloop
	endfacet
	facet normal 0.3331408078539203 -0.942877087505279 0
		outer loop
			vertex 4.5823163986206055 1.0855553150177002 0.5887942910194404
			vertex 4.531572341918945 1.0676262378692627 0.5887942910194404
			vertex 4.5823163986206055 1.0855553150177002 0.09999999403953617
		endloop
	endfacet
	facet normal 0.3331408078539203 -0.942877087505279 0
		outer loop
			vertex 4.531572341918945 1.0676262378692627 0.5887942910194404
			vertex 4.531572341918945 1.0676262378692627 0.09999999403953617
			vertex 4.5823163986206055 1.0855553150177002 0.09999999403953617
		endloop
	endfacet
	facet normal -6.748922995456817e-17 1.9101247003471372e-16 1
		outer loop
			vertex 4.531572341918945 1.0676262378692627 0.09999999403953617
			vertex 5.005610466003418 0 0.09999999403953641
			vertex 4.5823163986206055 1.0855553150177002 0.09999999403953617
		endloop
	endfacet
	facet normal -0.16900205536153418 -0.9856156985780904 0
		outer loop
			vertex 4.424709796905518 1.0585308074951172 0.09999999403953617
			vertex 4.3716654777526855 1.0676262378692627 0.5887942910194404
			vertex 4.3716654777526855 1.0676262378692627 0.09999999403953617
		endloop
	endfacet
	facet normal -0.3331408078539203 -0.942877087505279 0
		outer loop
			vertex 4.3716654777526855 1.0676262378692627 0.5887942910194404
			vertex 4.320921421051025 1.0855553150177002 0.5887942910194404
			vertex 4.3716654777526855 1.0676262378692627 0.09999999403953617
		endloop
	endfacet
	facet normal 3.6306730195234996e-17 2.117399292447158e-16 1
		outer loop
			vertex 4.099999904632568 0 0.09999999403953641
			vertex 4.424709796905518 1.0585308074951172 0.09999999403953617
			vertex 4.3716654777526855 1.0676262378692627 0.09999999403953617
		endloop
	endfacet
	facet normal 0.16900353121132894 -0.9856154455151874 0
		outer loop
			vertex 4.531572341918945 1.0676262378692627 0.5887942910194404
			vertex 4.4785284996032715 1.0585308074951172 0.5887942910194404
			vertex 4.531572341918945 1.0676262378692627 0.09999999403953617
		endloop
	endfacet
	facet normal 0.16900353121132894 -0.9856154455151874 0
		outer loop
			vertex 4.4785284996032715 1.0585308074951172 0.5887942910194404
			vertex 4.4785284996032715 1.0585308074951172 0.09999999403953617
			vertex 4.531572341918945 1.0676262378692627 0.09999999403953617
		endloop
	endfacet
	facet normal -3.521045133465341e-17 2.0534461280338566e-16 1
		outer loop
			vertex 4.4785284996032715 1.0585308074951172 0.09999999403953617
			vertex 5.005610466003418 0 0.09999999403953641
			vertex 4.531572341918945 1.0676262378692627 0.09999999403953617
		endloop
	endfacet
	facet normal -0.042436883769930295 -0.9990991496823013 0
		outer loop
			vertex 4.4516191482543945 1.0573878288269043 0.09999999403953617
			vertex 4.4516191482543945 1.0573878288269043 0.5887942910194404
			vertex 4.424709796905518 1.0585308074951172 0.09999999403953617
		endloop
	endfacet
	facet normal -0.042436883769930295 -0.9990991496823013 0
		outer loop
			vertex 4.4516191482543945 1.0573878288269043 0.5887942910194404
			vertex 4.424709796905518 1.0585308074951172 0.5887942910194404
			vertex 4.424709796905518 1.0585308074951172 0.09999999403953617
		endloop
	endfacet
	facet normal -0.16900205536153418 -0.9856156985780904 0
		outer loop
			vertex 4.424709796905518 1.0585308074951172 0.5887942910194404
			vertex 4.3716654777526855 1.0676262378692627 0.5887942910194404
			vertex 4.424709796905518 1.0585308074951172 0.09999999403953617
		endloop
	endfacet
	facet normal 9.344982149681875e-18 2.2001058725615239e-16 1
		outer loop
			vertex 4.099999904632568 0 0.09999999403953641
			vertex 4.4516191482543945 1.0573878288269043 0.09999999403953617
			vertex 4.424709796905518 1.0585308074951172 0.09999999403953617
		endloop
	endfacet
	facet normal 0.042436883769930295 -0.9990991496823013 0
		outer loop
			vertex 4.4785284996032715 1.0585308074951172 0.5887942910194404
			vertex 4.4516191482543945 1.0573878288269043 0.09999999403953617
			vertex 4.4785284996032715 1.0585308074951172 0.09999999403953617
		endloop
	endfacet
	facet normal 0 2.228772096781265e-16 1
		outer loop
			vertex 4.099999904632568 0 0.09999999403953641
			vertex 5.005610466003418 0 0.09999999403953641
			vertex 4.4785284996032715 1.0585308074951172 0.09999999403953617
		endloop
	endfacet
	facet normal -9.61275073486248e-18 2.2631471098059834e-16 1
		outer loop
			vertex 4.4516191482543945 1.0573878288269043 0.09999999403953617
			vertex 4.099999904632568 0 0.09999999403953641
			vertex 4.4785284996032715 1.0585308074951172 0.09999999403953617
		endloop
	endfacet
	facet normal 0.042436883769930295 -0.9990991496823013 0
		outer loop
			vertex 4.4785284996032715 1.0585308074951172 0.5887942910194404
			vertex 4.4516191482543945 1.0573878288269043 0.5887942910194404
			vertex 4.4516191482543945 1.0573878288269043 0.09999999403953617
		endloop
	endfacet
	facet normal 0 -1 0
		outer loop
			vertex 4.099999904632568 0 0.09999999403953641
			vertex 4 0 0.19999998807907193
			vertex 4 0 0.09999999403953641
		endloop
	endfacet
	facet normal 0 -1 0
		outer loop
			vertex 4.099999904632568 0 0.19999998807907193
			vertex 4 0 0.19999998807907193
			vertex 4.099999904632568 0 0.09999999403953641
		endloop
	endfacet
	facet normal 0 -1 0
		outer loop
			vertex 5.15561056137085 0 0.09999999403953641
			vertex 5.005610466003418 0 0.2500000000000009
			vertex 5.005610466003418 0 0.09999999403953641
		endloop
	endfacet
	facet normal -1 0 0
		outer loop
			vertex 5.005610466003418 0 0.2500000000000009
			vertex 5.005610466003418 3.9857882503420115 0.25
			vertex 5.005610466003418 0 0.09999999403953641
		endloop
	endfacet
	facet normal 0 -1 0
		outer loop
			vertex 5.15561056137085 0 0.2500000000000009
			vertex 5.005610466003418 0 0.2500000000000009
			vertex 5.15561056137085 0 0.09999999403953641
		endloop
	endfacet
	facet normal 1 0 0
		outer loop
			vertex 5.15561056137085 3.9857882503420115 0.25
			vertex 5.15561056137085 0 0.2500000000000009
			vertex 5.15561056137085 0 0.09999999403953641
		endloop
	endfacet
	facet normal 0 2.220446049250313e-16 1
		outer loop
			vertex 4 0 0.19999998807907193
			vertex 4.099999904632568 0 0.19999998807907193
			vertex 4 4 0.19999998807907104
		endloop
	endfacet
	facet normal 0 2.220446049250313e-16 1
		outer loop
			vertex 4.099999904632568 0 0.19999998807907193
			vertex 4.099999904632568 4 0.19999998807907104
			vertex 4 4 0.19999998807907104
		endloop
	endfacet
	facet normal 0 2.2283632845370366e-16 1
		outer loop
			vertex 5.005610466003418 0 0.2500000000000009
			vertex 5.15561056137085 3.9857882503420115 0.25
			vertex 5.005610466003418 3.9857882503420115 0.25
		endloop
	endfacet
	facet normal 0 2.2283632845370366e-16 1
		outer loop
			vertex 5.005610466003418 0 0.2500000000000009
			vertex 5.15561056137085 0 0.2500000000000009
			vertex 5.15561056137085 3.9857882503420115 0.25
		endloop
	endfacet
	facet normal 0 0 1
		outer loop
			vertex 4.397994518280029 1.6874301433563232 0.5887942910194403
			vertex 4.4516191482543945 1.3746910095214844 0.5887942910194403
			vertex 4.4516191482543945 1.6919941902160645 0.5887942910194403
		endloop
	endfacet
	facet normal 0 0 1
		outer loop
			vertex 4.4516191482543945 1.3746910095214844 0.5887942910194403
			vertex 4.50524377822876 1.6874301433563232 0.5887942910194403
			vertex 4.4516191482543945 1.6919941902160645 0.5887942910194403
		endloop
	endfacet
	facet normal 0 0 1
		outer loop
			vertex 4.345912933349609 1.6738691329956055 0.5887942910194403
			vertex 4.4516191482543945 1.3746910095214844 0.5887942910194403
			vertex 4.397994518280029 1.6874301433563232 0.5887942910194403
		endloop
	endfacet
	facet normal 0 0 1
		outer loop
			vertex 4.4516191482543945 1.3746910095214844 0.5887942910194403
			vertex 4.55732536315918 1.6738691329956055 0.5887942910194403
			vertex 4.50524377822876 1.6874301433563232 0.5887942910194403
		endloop
	endfacet
	facet normal 0 0 1
		outer loop
			vertex 4.296871662139893 1.6517012119293213 0.5887942910194403
			vertex 4.4516191482543945 1.3746910095214844 0.5887942910194403
			vertex 4.345912933349609 1.6738691329956055 0.5887942910194403
		endloop
	endfacet
	facet normal 0 0 1
		outer loop
			vertex 4.4516191482543945 1.3746910095214844 0.5887942910194403
			vertex 4.606366157531738 1.6517012119293213 0.5887942910194403
			vertex 4.55732536315918 1.6738691329956055 0.5887942910194403
		endloop
	endfacet
	facet normal 0 0 1
		outer loop
			vertex 4.252283096313477 1.6215641498565674 0.5887942910194403
			vertex 4.4516191482543945 1.3746910095214844 0.5887942910194403
			vertex 4.296871662139893 1.6517012119293213 0.5887942910194403
		endloop
	endfacet
	facet normal 0 0 1
		outer loop
			vertex 4.4516191482543945 1.3746910095214844 0.5887942910194403
			vertex 4.6509552001953125 1.6215641498565674 0.5887942910194403
			vertex 4.606366157531738 1.6517012119293213 0.5887942910194403
		endloop
	endfacet
	facet normal 0 0 1
		outer loop
			vertex 4.213428497314453 1.5843253135681152 0.5887942910194403
			vertex 4.4516191482543945 1.3746910095214844 0.5887942910194403
			vertex 4.252283096313477 1.6215641498565674 0.5887942910194403
		endloop
	endfacet
	facet normal 0 0 1
		outer loop
			vertex 4.4516191482543945 1.3746910095214844 0.5887942910194403
			vertex 4.689809799194336 1.5843253135681152 0.5887942910194403
			vertex 4.6509552001953125 1.6215641498565674 0.5887942910194403
		endloop
	endfacet
	facet normal 0 0 1
		outer loop
			vertex 4.181426048278809 1.54105544090271 0.5887942910194403
			vertex 4.4516191482543945 1.3746910095214844 0.5887942910194403
			vertex 4.213428497314453 1.5843253135681152 0.5887942910194403
		endloop
	endfacet
	facet normal 0 0 1
		outer loop
			vertex 4.4516191482543945 1.3746910095214844 0.5887942910194403
			vertex 4.721811771392822 1.54105544090271 0.5887942910194403
			vertex 4.689809799194336 1.5843253135681152 0.5887942910194403
		endloop
	endfacet
	facet normal 0 0 1
		outer loop
			vertex 4.157196998596191 1.49299955368042 0.5887942910194403
			vertex 4.4516191482543945 1.3746910095214844 0.5887942910194403
			vertex 4.181426048278809 1.54105544090271 0.5887942910194403
		endloop
	endfacet
	facet normal 0 0 1
		outer loop
			vertex 4.4516191482543945 1.3746910095214844 0.5887942910194403
			vertex 4.746041297912598 1.49299955368042 0.5887942910194403
			vertex 4.721811771392822 1.54105544090271 0.5887942910194403
		endloop
	endfacet
	facet normal 0 0 1
		outer loop
			vertex 4.141437530517578 1.441540241241455 0.5887942910194403
			vertex 4.4516191482543945 1.3746910095214844 0.5887942910194403
			vertex 4.157196998596191 1.49299955368042 0.5887942910194403
		endloop
	endfacet
	facet normal 0 0 1
		outer loop
			vertex 4.4516191482543945 1.3746910095214844 0.5887942910194403
			vertex 4.761800765991211 1.441540241241455 0.5887942910194403
			vertex 4.746041297912598 1.49299955368042 0.5887942910194403
		endloop
	endfacet
	facet normal 0 0 1
		outer loop
			vertex 4.134601593017578 1.388157606124878 0.5887942910194403
			vertex 4.4516191482543945 1.3746910095214844 0.5887942910194403
			vertex 4.141437530517578 1.441540241241455 0.5887942910194403
		endloop
	endfacet
	facet normal 0 0 1
		outer loop
			vertex 4.4516191482543945 1.3746910095214844 0.5887942910194403
			vertex 4.768636703491211 1.388157606124878 0.5887942910194403
			vertex 4.761800765991211 1.441540241241455 0.5887942910194403
		endloop
	endfacet
	facet normal 0 0 1
		outer loop
			vertex 4.136886119842529 1.3343877792358398 0.5887942910194403
			vertex 4.4516191482543945 1.3746910095214844 0.5887942910194403
			vertex 4.134601593017578 1.388157606124878 0.5887942910194403
		endloop
	endfacet
	facet normal 0 0 1
		outer loop
			vertex 4.4516191482543945 1.3746910095214844 0.5887942910194403
			vertex 4.76635217666626 1.3343877792358398 0.5887942910194403
			vertex 4.768636703491211 1.388157606124878 0.5887942910194403
		endloop
	endfacet
	facet normal -1.4861775620371257e-17 3.498934432976267e-16 1
		outer loop
			vertex 4.4516191482543945 1.0573878288269043 0.5887942910194404
			vertex 4.4785284996032715 1.0585308074951172 0.5887942910194404
			vertex 4.4516191482543945 1.3746910095214844 0.5887942910194403
		endloop
	endfacet
	facet normal 1.4861775620371257e-17 3.498934432976267e-16 1
		outer loop
			vertex 4.424709796905518 1.0585308074951172 0.5887942910194404
			vertex 4.4516191482543945 1.0573878288269043 0.5887942910194404
			vertex 4.4516191482543945 1.3746910095214844 0.5887942910194403
		endloop
	endfacet
	facet normal 1.712573495147363e-16 3.0656663220426594e-16 1
		outer loop
			vertex 4.273937225341797 1.111802101135254 0.5887942910194404
			vertex 4.320921421051025 1.0855553150177002 0.5887942910194404
			vertex 4.4516191482543945 1.3746910095214844 0.5887942910194403
		endloop
	endfacet
	facet normal 1.1698519700208658e-16 3.310992206002141e-16 1
		outer loop
			vertex 4.320921421051025 1.0855553150177002 0.5887942910194404
			vertex 4.3716654777526855 1.0676262378692627 0.5887942910194404
			vertex 4.4516191482543945 1.3746910095214844 0.5887942910194403
		endloop
	endfacet
	facet normal 5.934648845460747e-17 3.461072147981569e-16 1
		outer loop
			vertex 4.3716654777526855 1.0676262378692627 0.5887942910194404
			vertex 4.424709796905518 1.0585308074951172 0.5887942910194404
			vertex 4.4516191482543945 1.3746910095214844 0.5887942910194403
		endloop
	endfacet
	facet normal 2.9902185277719925e-16 1.841149244593951e-16 1
		outer loop
			vertex 4.168291091918945 1.231839895248413 0.5887942910194404
			vertex 4.196508407592773 1.1860120296478271 0.5887942910194404
			vertex 4.4516191482543945 1.3746910095214844 0.5887942910194403
		endloop
	endfacet
	facet normal 2.6360556164062644e-16 2.320008960148314e-16 1
		outer loop
			vertex 4.196508407592773 1.1860120296478271 0.5887942910194404
			vertex 4.232064723968506 1.1456120014190674 0.5887942910194404
			vertex 4.4516191482543945 1.3746910095214844 0.5887942910194403
		endloop
	endfacet
	facet normal 2.2060555389911222e-16 2.732130612943148e-16 1
		outer loop
			vertex 4.232064723968506 1.1456120014190674 0.5887942910194404
			vertex 4.273937225341797 1.111802101135254 0.5887942910194404
			vertex 4.4516191482543945 1.3746910095214844 0.5887942910194403
		endloop
	endfacet
	facet normal 0 0 1
		outer loop
			vertex 4.136886119842529 1.3343877792358398 0.5887942910194403
			vertex 4.148224353790283 1.2817773818969727 0.5887942910194403
			vertex 4.4516191482543945 1.3746910095214844 0.5887942910194403
		endloop
	endfacet
	facet normal -6.06249495543149e-16 1.9796120956293515e-15 1
		outer loop
			vertex 4.148224353790283 1.2817773818969727 0.5887942910194403
			vertex 4.168291091918945 1.231839895248413 0.5887942910194404
			vertex 4.4516191482543945 1.3746910095214844 0.5887942910194403
		endloop
	endfacet
	facet normal 6.06249495543149e-16 1.9796120956293515e-15 1
		outer loop
			vertex 4.734947204589844 1.231839895248413 0.5887942910194404
			vertex 4.755013942718506 1.2817773818969727 0.5887942910194403
			vertex 4.4516191482543945 1.3746910095214844 0.5887942910194403
		endloop
	endfacet
	facet normal 0 0 1
		outer loop
			vertex 4.755013942718506 1.2817773818969727 0.5887942910194403
			vertex 4.76635217666626 1.3343877792358398 0.5887942910194403
			vertex 4.4516191482543945 1.3746910095214844 0.5887942910194403
		endloop
	endfacet
	facet normal -2.2060555389911222e-16 2.732130612943148e-16 1
		outer loop
			vertex 4.629301071166992 1.111802101135254 0.5887942910194404
			vertex 4.671173572540283 1.1456120014190674 0.5887942910194404
			vertex 4.4516191482543945 1.3746910095214844 0.5887942910194403
		endloop
	endfacet
	facet normal -2.6360386936992144e-16 2.3200251792477193e-16 1
		outer loop
			vertex 4.671173572540283 1.1456120014190674 0.5887942910194404
			vertex 4.706730365753174 1.1860120296478271 0.5887942910194404
			vertex 4.4516191482543945 1.3746910095214844 0.5887942910194403
		endloop
	endfacet
	facet normal -2.9902304985246562e-16 1.8411255020414173e-16 1
		outer loop
			vertex 4.706730365753174 1.1860120296478271 0.5887942910194404
			vertex 4.734947204589844 1.231839895248413 0.5887942910194404
			vertex 4.4516191482543945 1.3746910095214844 0.5887942910194403
		endloop
	endfacet
	facet normal -5.934701427534429e-17 3.461071700439631e-16 1
		outer loop
			vertex 4.4785284996032715 1.0585308074951172 0.5887942910194404
			vertex 4.531572341918945 1.0676262378692627 0.5887942910194404
			vertex 4.4516191482543945 1.3746910095214844 0.5887942910194403
		endloop
	endfacet
	facet normal -1.1698525578104704e-16 3.3109938696030486e-16 1
		outer loop
			vertex 4.531572341918945 1.0676262378692627 0.5887942910194404
			vertex 4.5823163986206055 1.0855553150177002 0.5887942910194404
			vertex 4.4516191482543945 1.3746910095214844 0.5887942910194403
		endloop
	endfacet
	facet normal -1.712560878288957e-16 3.0656748495521556e-16 1
		outer loop
			vertex 4.5823163986206055 1.0855553150177002 0.5887942910194404
			vertex 4.629301071166992 1.111802101135254 0.5887942910194404
			vertex 4.4516191482543945 1.3746910095214844 0.5887942910194403
		endloop
	endfacet
	facet normal -4.9421695428861557e-17 5.806695741727568e-16 1
		outer loop
			vertex 4.3340373039245605 3.346689462661743 0.6818498969078065
			vertex 4.366349697113037 3.1582425832748413 0.6818498969078066
			vertex 4.366349697113037 3.3494396209716797 0.6818498969078065
		endloop
	endfacet
	facet normal 4.9421695428861557e-17 5.806695741727568e-16 1
		outer loop
			vertex 4.366349697113037 3.1582425832748413 0.6818498969078066
			vertex 4.398662090301514 3.346689462661743 0.6818498969078065
			vertex 4.366349697113037 3.3494396209716797 0.6818498969078065
		endloop
	endfacet
	facet normal -1.4684381481636318e-16 5.639649100406402e-16 1
		outer loop
			vertex 4.302654266357422 3.3385180234909058 0.6818498969078065
			vertex 4.366349697113037 3.1582425832748413 0.6818498969078066
			vertex 4.3340373039245605 3.346689462661743 0.6818498969078065
		endloop
	endfacet
	facet normal 1.4684381481636318e-16 5.639649100406402e-16 1
		outer loop
			vertex 4.366349697113037 3.1582425832748413 0.6818498969078066
			vertex 4.430045127868652 3.3385180234909058 0.6818498969078065
			vertex 4.398662090301514 3.346689462661743 0.6818498969078065
		endloop
	endfacet
	facet normal -2.40044192156579e-16 5.310350879075979e-16 1
		outer loop
			vertex 4.273103713989258 3.325160264968872 0.6818498969078065
			vertex 4.366349697113037 3.1582425832748413 0.6818498969078066
			vertex 4.302654266357422 3.3385180234909058 0.6818498969078065
		endloop
	endfacet
	facet normal 2.40044192156579e-16 5.310350879075979e-16 1
		outer loop
			vertex 4.366349697113037 3.1582425832748413 0.6818498969078066
			vertex 4.459595680236816 3.325160264968872 0.6818498969078065
			vertex 4.430045127868652 3.3385180234909058 0.6818498969078065
		endloop
	endfacet
	facet normal -3.26337405886423e-16 4.828287177406591e-16 1
		outer loop
			vertex 4.2462358474731445 3.3070006370544434 0.6818498969078065
			vertex 4.366349697113037 3.1582425832748413 0.6818498969078066
			vertex 4.273103713989258 3.325160264968872 0.6818498969078065
		endloop
	endfacet
	facet normal 3.26337405886423e-16 4.828287177406591e-16 1
		outer loop
			vertex 4.366349697113037 3.1582425832748413 0.6818498969078066
			vertex 4.48646354675293 3.3070006370544434 0.6818498969078065
			vertex 4.459595680236816 3.325160264968872 0.6818498969078065
		endloop
	endfacet
	facet normal -4.032379765472886e-16 4.2073578665629367e-16 1
		outer loop
			vertex 4.222823143005371 3.2845616340637207 0.6818498969078065
			vertex 4.366349697113037 3.1582425832748413 0.6818498969078066
			vertex 4.2462358474731445 3.3070006370544434 0.6818498969078065
		endloop
	endfacet
	facet normal 4.032379765472886e-16 4.2073578665629367e-16 1
		outer loop
			vertex 4.366349697113037 3.1582425832748413 0.6818498969078066
			vertex 4.509876251220703 3.2845616340637207 0.6818498969078065
			vertex 4.48646354675293 3.3070006370544434 0.6818498969078065
		endloop
	endfacet
	facet normal -4.685467156695341e-16 3.465305244983419e-16 1
		outer loop
			vertex 4.203539848327637 3.2584885358810425 0.6818498969078065
			vertex 4.366349697113037 3.1582425832748413 0.6818498969078066
			vertex 4.222823143005371 3.2845616340637207 0.6818498969078065
		endloop
	endfacet
	facet normal 4.685467156695341e-16 3.465305244983419e-16 1
		outer loop
			vertex 4.366349697113037 3.1582425832748413 0.6818498969078066
			vertex 4.5291595458984375 3.2584885358810425 0.6818498969078065
			vertex 4.509876251220703 3.2845616340637207 0.6818498969078065
		endloop
	endfacet
	facet normal 1.2810986521315504e-15 3.188136498145896e-15 1
		outer loop
			vertex 4.188940048217773 3.2295316457748413 0.6818498969078066
			vertex 4.366349697113037 3.1582425832748413 0.6818498969078066
			vertex 4.203539848327637 3.2584885358810425 0.6818498969078065
		endloop
	endfacet
	facet normal -1.2810986521315504e-15 3.188136498145896e-15 1
		outer loop
			vertex 4.366349697113037 3.1582425832748413 0.6818498969078066
			vertex 4.543759346008301 3.2295316457748413 0.6818498969078066
			vertex 4.5291595458984375 3.2584885358810425 0.6818498969078065
		endloop
	endfacet
	facet normal 0 0 1
		outer loop
			vertex 4.179443836212158 3.1985238194465637 0.6818498969078066
			vertex 4.366349697113037 3.1582425832748413 0.6818498969078066
			vertex 4.188940048217773 3.2295316457748413 0.6818498969078066
		endloop
	endfacet
	facet normal 0 0 1
		outer loop
			vertex 4.366349697113037 3.1582425832748413 0.6818498969078066
			vertex 4.553255558013916 3.1985238194465637 0.6818498969078066
			vertex 4.543759346008301 3.2295316457748413 0.6818498969078066
		endloop
	endfacet
	facet normal 0 0 1
		outer loop
			vertex 4.1753249168396 3.1663572192192078 0.6818498969078066
			vertex 4.366349697113037 3.1582425832748413 0.6818498969078066
			vertex 4.179443836212158 3.1985238194465637 0.6818498969078066
		endloop
	endfacet
	facet normal 0 0 1
		outer loop
			vertex 4.366349697113037 3.1582425832748413 0.6818498969078066
			vertex 4.557374477386475 3.1663572192192078 0.6818498969078066
			vertex 4.553255558013916 3.1985238194465637 0.6818498969078066
		endloop
	endfacet
	facet normal 0 0 1
		outer loop
			vertex 4.176701068878174 3.133957087993622 0.6818498969078066
			vertex 4.366349697113037 3.1582425832748413 0.6818498969078066
			vertex 4.1753249168396 3.1663572192192078 0.6818498969078066
		endloop
	endfacet
	facet normal 0 0 1
		outer loop
			vertex 4.366349697113037 3.1582425832748413 0.6818498969078066
			vertex 4.5559983253479 3.133957087993622 0.6818498969078066
			vertex 4.557374477386475 3.1663572192192078 0.6818498969078066
		endloop
	endfacet
	facet normal 0 0 1
		outer loop
			vertex 4.366349697113037 2.967045545578003 0.6818498969078066
			vertex 4.382564544677734 2.9677343368530273 0.6818498969078066
			vertex 4.366349697113037 3.1582425832748413 0.6818498969078066
		endloop
	endfacet
	facet normal 0 0 1
		outer loop
			vertex 4.350135326385498 2.9677343368530273 0.6818498969078066
			vertex 4.366349697113037 2.967045545578003 0.6818498969078066
			vertex 4.366349697113037 3.1582425832748413 0.6818498969078066
		endloop
	endfacet
	facet normal 0 0 1
		outer loop
			vertex 4.259284019470215 2.9998339414596558 0.6818498969078066
			vertex 4.287595272064209 2.984018325805664 0.6818498969078066
			vertex 4.366349697113037 3.1582425832748413 0.6818498969078066
		endloop
	endfacet
	facet normal 0 0 1
		outer loop
			vertex 4.287595272064209 2.984018325805664 0.6818498969078066
			vertex 4.318172454833984 2.973214864730835 0.6818498969078066
			vertex 4.366349697113037 3.1582425832748413 0.6818498969078066
		endloop
	endfacet
	facet normal 0 0 1
		outer loop
			vertex 4.318172454833984 2.973214864730835 0.6818498969078066
			vertex 4.350135326385498 2.9677343368530273 0.6818498969078066
			vertex 4.366349697113037 3.1582425832748413 0.6818498969078066
		endloop
	endfacet
	facet normal 0 0 1
		outer loop
			vertex 4.195624828338623 3.0721648931503296 0.6818498969078066
			vertex 4.21262788772583 3.0445504784584045 0.6818498969078066
			vertex 4.366349697113037 3.1582425832748413 0.6818498969078066
		endloop
	endfacet
	facet normal 0 0 1
		outer loop
			vertex 4.21262788772583 3.0445504784584045 0.6818498969078066
			vertex 4.234053134918213 3.02020663022995 0.6818498969078066
			vertex 4.366349697113037 3.1582425832748413 0.6818498969078066
		endloop
	endfacet
	facet normal 0 0 1
		outer loop
			vertex 4.234053134918213 3.02020663022995 0.6818498969078066
			vertex 4.259284019470215 2.9998339414596558 0.6818498969078066
			vertex 4.366349697113037 3.1582425832748413 0.6818498969078066
		endloop
	endfacet
	facet normal 0 0 1
		outer loop
			vertex 4.176701068878174 3.133957087993622 0.6818498969078066
			vertex 4.183533191680908 3.102255702018738 0.6818498969078066
			vertex 4.366349697113037 3.1582425832748413 0.6818498969078066
		endloop
	endfacet
	facet normal 0 0 1
		outer loop
			vertex 4.183533191680908 3.102255702018738 0.6818498969078066
			vertex 4.195624828338623 3.0721648931503296 0.6818498969078066
			vertex 4.366349697113037 3.1582425832748413 0.6818498969078066
		endloop
	endfacet
	facet normal 0 0 1
		outer loop
			vertex 4.537074565887451 3.0721648931503296 0.6818498969078066
			vertex 4.549165725708008 3.102255702018738 0.6818498969078066
			vertex 4.366349697113037 3.1582425832748413 0.6818498969078066
		endloop
	endfacet
	facet normal 0 0 1
		outer loop
			vertex 4.549165725708008 3.102255702018738 0.6818498969078066
			vertex 4.5559983253479 3.133957087993622 0.6818498969078066
			vertex 4.366349697113037 3.1582425832748413 0.6818498969078066
		endloop
	endfacet
	facet normal 0 0 1
		outer loop
			vertex 4.473415374755859 2.9998339414596558 0.6818498969078066
			vertex 4.498646259307861 3.02020663022995 0.6818498969078066
			vertex 4.366349697113037 3.1582425832748413 0.6818498969078066
		endloop
	endfacet
	facet normal 0 0 1
		outer loop
			vertex 4.498646259307861 3.02020663022995 0.6818498969078066
			vertex 4.520071506500244 3.0445504784584045 0.6818498969078066
			vertex 4.366349697113037 3.1582425832748413 0.6818498969078066
		endloop
	endfacet
	facet normal 0 0 1
		outer loop
			vertex 4.520071506500244 3.0445504784584045 0.6818498969078066
			vertex 4.537074565887451 3.0721648931503296 0.6818498969078066
			vertex 4.366349697113037 3.1582425832748413 0.6818498969078066
		endloop
	endfacet
	facet normal 0 0 1
		outer loop
			vertex 4.382564544677734 2.9677343368530273 0.6818498969078066
			vertex 4.414527416229248 2.973214864730835 0.6818498969078066
			vertex 4.366349697113037 3.1582425832748413 0.6818498969078066
		endloop
	endfacet
	facet normal 0 0 1
		outer loop
			vertex 4.414527416229248 2.973214864730835 0.6818498969078066
			vertex 4.445104122161865 2.984018325805664 0.6818498969078066
			vertex 4.366349697113037 3.1582425832748413 0.6818498969078066
		endloop
	endfacet
	facet normal 0 0 1
		outer loop
			vertex 4.445104122161865 2.984018325805664 0.6818498969078066
			vertex 4.473415374755859 2.9998339414596558 0.6818498969078066
			vertex 4.366349697113037 3.1582425832748413 0.6818498969078066
		endloop
	endfacet
	facet normal -3.405252259682606e-17 4.000952741595662e-16 1
		outer loop
			vertex 5.470590591430664 2.3942965269088745 0.6818498969078067
			vertex 5.517486572265625 2.1207982301712036 0.6818498969078068
			vertex 5.517486572265625 2.3982878923416138 0.6818498969078067
		endloop
	endfacet
	facet normal 3.405252259682606e-17 4.000952741595662e-16 1
		outer loop
			vertex 5.517486572265625 2.1207982301712036 0.6818498969078068
			vertex 5.564382553100586 2.3942965269088745 0.6818498969078067
			vertex 5.517486572265625 2.3982878923416138 0.6818498969078067
		endloop
	endfacet
	facet normal -1.011798509204996e-16 3.8858514067749717e-16 1
		outer loop
			vertex 5.42504358291626 2.382436990737915 0.6818498969078067
			vertex 5.517486572265625 2.1207982301712036 0.6818498969078068
			vertex 5.470590591430664 2.3942965269088745 0.6818498969078067
		endloop
	endfacet
	facet normal 1.011798509204996e-16 3.8858514067749717e-16 1
		outer loop
			vertex 5.517486572265625 2.1207982301712036 0.6818498969078068
			vertex 5.60992956161499 2.382436990737915 0.6818498969078067
			vertex 5.564382553100586 2.3942965269088745 0.6818498969078067
		endloop
	endfacet
	facet normal -1.653967826255044e-16 3.6589582231810584e-16 1
		outer loop
			vertex 5.3821563720703125 2.3630505800247192 0.6818498969078067
			vertex 5.517486572265625 2.1207982301712036 0.6818498969078068
			vertex 5.42504358291626 2.382436990737915 0.6818498969078067
		endloop
	endfacet
	facet normal 1.653967826255044e-16 3.6589582231810584e-16 1
		outer loop
			vertex 5.517486572265625 2.1207982301712036 0.6818498969078068
			vertex 5.6528167724609375 2.3630505800247192 0.6818498969078067
			vertex 5.60992956161499 2.382436990737915 0.6818498969078067
		endloop
	endfacet
	facet normal -2.248523295289145e-16 3.3268198117259953e-16 1
		outer loop
			vertex 5.3431620597839355 2.3366951942443848 0.6818498969078067
			vertex 5.517486572265625 2.1207982301712036 0.6818498969078068
			vertex 5.3821563720703125 2.3630505800247192 0.6818498969078067
		endloop
	endfacet
	facet normal 2.248523295289145e-16 3.3268198117259953e-16 1
		outer loop
			vertex 5.517486572265625 2.1207982301712036 0.6818498969078068
			vertex 5.6918110847473145 2.3366951942443848 0.6818498969078067
			vertex 5.6528167724609375 2.3630505800247192 0.6818498969078067
		endloop
	endfacet
	facet normal -2.7784196131627973e-16 2.898958689751833e-16 1
		outer loop
			vertex 5.309182643890381 2.304128646850586 0.6818498969078067
			vertex 5.517486572265625 2.1207982301712036 0.6818498969078068
			vertex 5.3431620597839355 2.3366951942443848 0.6818498969078067
		endloop
	endfacet
	facet normal 2.7784196131627973e-16 2.898958689751833e-16 1
		outer loop
			vertex 5.517486572265625 2.1207982301712036 0.6818498969078068
			vertex 5.725790500640869 2.304128646850586 0.6818498969078067
			vertex 5.6918110847473145 2.3366951942443848 0.6818498969078067
		endloop
	endfacet
	facet normal -3.228394439719625e-16 2.387687697521019e-16 1
		outer loop
			vertex 5.281196117401123 2.2662880420684814 0.6818498969078067
			vertex 5.517486572265625 2.1207982301712036 0.6818498969078068
			vertex 5.309182643890381 2.304128646850586 0.6818498969078067
		endloop
	endfacet
	facet normal 3.228394439719625e-16 2.387687697521019e-16 1
		outer loop
			vertex 5.517486572265625 2.1207982301712036 0.6818498969078068
			vertex 5.753777027130127 2.2662880420684814 0.6818498969078067
			vertex 5.725790500640869 2.304128646850586 0.6818498969078067
		endloop
	endfacet
	facet normal 8.827048411958092e-16 2.196696983328433e-15 1
		outer loop
			vertex 5.260006904602051 2.224261999130249 0.6818498969078068
			vertex 5.517486572265625 2.1207982301712036 0.6818498969078068
			vertex 5.281196117401123 2.2662880420684814 0.6818498969078067
		endloop
	endfacet
	facet normal -8.827048411958092e-16 2.196696983328433e-15 1
		outer loop
			vertex 5.517486572265625 2.1207982301712036 0.6818498969078068
			vertex 5.774966239929199 2.224261999130249 0.6818498969078068
			vertex 5.753777027130127 2.2662880420684814 0.6818498969078067
		endloop
	endfacet
	facet normal 0 0 1
		outer loop
			vertex 5.246224880218506 2.1792595386505127 0.6818498969078068
			vertex 5.517486572265625 2.1207982301712036 0.6818498969078068
			vertex 5.260006904602051 2.224261999130249 0.6818498969078068
		endloop
	endfacet
	facet normal 0 0 1
		outer loop
			vertex 5.517486572265625 2.1207982301712036 0.6818498969078068
			vertex 5.788748264312744 2.1792595386505127 0.6818498969078068
			vertex 5.774966239929199 2.224261999130249 0.6818498969078068
		endloop
	endfacet
	facet normal 0 0 1
		outer loop
			vertex 5.240246772766113 2.132575273513794 0.6818498969078068
			vertex 5.517486572265625 2.1207982301712036 0.6818498969078068
			vertex 5.246224880218506 2.1792595386505127 0.6818498969078068
		endloop
	endfacet
	facet normal 0 0 1
		outer loop
			vertex 5.517486572265625 2.1207982301712036 0.6818498969078068
			vertex 5.794726371765137 2.132575273513794 0.6818498969078068
			vertex 5.788748264312744 2.1792595386505127 0.6818498969078068
		endloop
	endfacet
	facet normal 0 0 1
		outer loop
			vertex 5.242244243621826 2.0855520963668823 0.6818498969078068
			vertex 5.517486572265625 2.1207982301712036 0.6818498969078068
			vertex 5.240246772766113 2.132575273513794 0.6818498969078068
		endloop
	endfacet
	facet normal 0 0 1
		outer loop
			vertex 5.517486572265625 2.1207982301712036 0.6818498969078068
			vertex 5.792728900909424 2.0855520963668823 0.6818498969078068
			vertex 5.794726371765137 2.132575273513794 0.6818498969078068
		endloop
	endfacet
	facet normal 0 0 1
		outer loop
			vertex 5.517486572265625 1.843308448791504 0.6818498969078068
			vertex 5.541019439697266 1.8443081378936768 0.6818498969078068
			vertex 5.517486572265625 2.1207982301712036 0.6818498969078068
		endloop
	endfacet
	facet normal 0 0 1
		outer loop
			vertex 5.493953704833984 1.8443081378936768 0.6818498969078068
			vertex 5.517486572265625 1.843308448791504 0.6818498969078068
			vertex 5.517486572265625 2.1207982301712036 0.6818498969078068
		endloop
	endfacet
	facet normal 0 0 1
		outer loop
			vertex 5.3620991706848145 1.8908953666687012 0.6818498969078068
			vertex 5.403188228607178 1.8679416179656982 0.6818498969078068
			vertex 5.517486572265625 2.1207982301712036 0.6818498969078068
		endloop
	endfacet
	facet normal 0 0 1
		outer loop
			vertex 5.403188228607178 1.8679416179656982 0.6818498969078068
			vertex 5.44756555557251 1.852262258529663 0.6818498969078068
			vertex 5.517486572265625 2.1207982301712036 0.6818498969078068
		endloop
	endfacet
	facet normal 0 0 1
		outer loop
			vertex 5.44756555557251 1.852262258529663 0.6818498969078068
			vertex 5.493953704833984 1.8443081378936768 0.6818498969078068
			vertex 5.517486572265625 2.1207982301712036 0.6818498969078068
		endloop
	endfacet
	facet normal 0 0 1
		outer loop
			vertex 5.269708633422852 1.9958713054656982 0.6818498969078068
			vertex 5.2943854331970215 1.9557936191558838 0.6818498969078068
			vertex 5.517486572265625 2.1207982301712036 0.6818498969078068
		endloop
	endfacet
	facet normal 0 0 1
		outer loop
			vertex 5.2943854331970215 1.9557936191558838 0.6818498969078068
			vertex 5.3254804611206055 1.9204628467559814 0.6818498969078068
			vertex 5.517486572265625 2.1207982301712036 0.6818498969078068
		endloop
	endfacet
	facet normal 0 0 1
		outer loop
			vertex 5.3254804611206055 1.9204628467559814 0.6818498969078068
			vertex 5.3620991706848145 1.8908953666687012 0.6818498969078068
			vertex 5.517486572265625 2.1207982301712036 0.6818498969078068
		endloop
	endfacet
	facet normal 0 0 1
		outer loop
			vertex 5.242244243621826 2.0855520963668823 0.6818498969078068
			vertex 5.25216007232666 2.0395429134368896 0.6818498969078068
			vertex 5.517486572265625 2.1207982301712036 0.6818498969078068
		endloop
	endfacet
	facet normal 0 0 1
		outer loop
			vertex 5.25216007232666 2.0395429134368896 0.6818498969078068
			vertex 5.269708633422852 1.9958713054656982 0.6818498969078068
			vertex 5.517486572265625 2.1207982301712036 0.6818498969078068
		endloop
	endfacet
	facet normal 0 0 1
		outer loop
			vertex 5.765264511108398 1.9958713054656982 0.6818498969078068
			vertex 5.78281307220459 2.0395429134368896 0.6818498969078068
			vertex 5.517486572265625 2.1207982301712036 0.6818498969078068
		endloop
	endfacet
	facet normal 0 0 1
		outer loop
			vertex 5.78281307220459 2.0395429134368896 0.6818498969078068
			vertex 5.792728900909424 2.0855520963668823 0.6818498969078068
			vertex 5.517486572265625 2.1207982301712036 0.6818498969078068
		endloop
	endfacet
	facet normal 0 0 1
		outer loop
			vertex 5.6728739738464355 1.8908953666687012 0.6818498969078068
			vertex 5.7094926834106445 1.9204628467559814 0.6818498969078068
			vertex 5.517486572265625 2.1207982301712036 0.6818498969078068
		endloop
	endfacet
	facet normal 0 0 1
		outer loop
			vertex 5.7094926834106445 1.9204628467559814 0.6818498969078068
			vertex 5.7405877113342285 1.9557936191558838 0.6818498969078068
			vertex 5.517486572265625 2.1207982301712036 0.6818498969078068
		endloop
	endfacet
	facet normal 0 0 1
		outer loop
			vertex 5.7405877113342285 1.9557936191558838 0.6818498969078068
			vertex 5.765264511108398 1.9958713054656982 0.6818498969078068
			vertex 5.517486572265625 2.1207982301712036 0.6818498969078068
		endloop
	endfacet
	facet normal 0 0 1
		outer loop
			vertex 5.541019439697266 1.8443081378936768 0.6818498969078068
			vertex 5.587408065795898 1.852262258529663 0.6818498969078068
			vertex 5.517486572265625 2.1207982301712036 0.6818498969078068
		endloop
	endfacet
	facet normal 0 0 1
		outer loop
			vertex 5.587408065795898 1.852262258529663 0.6818498969078068
			vertex 5.631784915924072 1.8679416179656982 0.6818498969078068
			vertex 5.517486572265625 2.1207982301712036 0.6818498969078068
		endloop
	endfacet
	facet normal 0 0 1
		outer loop
			vertex 5.631784915924072 1.8679416179656982 0.6818498969078068
			vertex 5.6728739738464355 1.8908953666687012 0.6818498969078068
			vertex 5.517486572265625 2.1207982301712036 0.6818498969078068
		endloop
	endfacet
	facet normal 0 1 0
		outer loop
			vertex 7.279980182647705 4 0.09999999403953552
			vertex 7.932933807373047 4 0.09999999403953552
			vertex 7.279980182647705 4 0
		endloop
	endfacet
	facet normal 0 1 0
		outer loop
			vertex 7.932933807373047 4 0.09999999403953552
			vertex 8.032934188842773 4 0.09999999403953552
			vertex 7.279980182647705 4 0
		endloop
	endfacet
	facet normal 0 1 0
		outer loop
			vertex 8.032934188842773 4 0.09999999403953552
			vertex 10.036245346069336 4 0.09999999403953552
			vertex 7.279980182647705 4 0
		endloop
	endfacet
	facet normal 0 1 0
		outer loop
			vertex 10.036245346069336 4 0.09999999403953552
			vertex 12.156246185302734 4 0.09999999403953552
			vertex 7.279980182647705 4 0
		endloop
	endfacet
	facet normal 0 1 0
		outer loop
			vertex 12.156246185302734 4 0.09999999403953552
			vertex 15 4 0
			vertex 7.279980182647705 4 0
		endloop
	endfacet
	facet normal 0 -2.220446049250313e-16 -1
		outer loop
			vertex 15 4 0
			vertex 7.279980182647705 0 8.881784197001252e-16
			vertex 7.279980182647705 4 0
		endloop
	endfacet
	facet normal -1 0 0
		outer loop
			vertex 7.279980182647705 0 8.881784197001252e-16
			vertex 7.279980182647705 4 0.09999999403953552
			vertex 7.279980182647705 4 0
		endloop
	endfacet
	facet normal 0 1 0
		outer loop
			vertex 12.156246185302734 4 0.09999999403953552
			vertex 12.191246032714844 4 0.09999999403953552
			vertex 15 4 0
		endloop
	endfacet
	facet normal 0 1 0
		outer loop
			vertex 12.191246032714844 4 0.09999999403953552
			vertex 12.536246299743652 4 0.09999999403953552
			vertex 15 4 0
		endloop
	endfacet
	facet normal 0 1 0
		outer loop
			vertex 12.536246299743652 4 0.09999999403953552
			vertex 12.896245956420898 4 0.09999999403953552
			vertex 15 4 0
		endloop
	endfacet
	facet normal 0 1 0
		outer loop
			vertex 12.896245956420898 4 0.09999999403953552
			vertex 13.256245613098145 4 0.09999999403953552
			vertex 15 4 0
		endloop
	endfacet
	facet normal 0 1 0
		outer loop
			vertex 13.256245613098145 4 0.09999999403953552
			vertex 13.616246223449707 4 0.09999999403953552
			vertex 15 4 0
		endloop
	endfacet
	facet normal 0 1 0
		outer loop
			vertex 14.386245727539062 4 0.09999999403953552
			vertex 15 4 0.8999999761581421
			vertex 15 4 0
		endloop
	endfacet
	facet normal 0 1 0
		outer loop
			vertex 13.976245880126953 4 0.09999999403953552
			vertex 14.386245727539062 4 0.09999999403953552
			vertex 15 4 0
		endloop
	endfacet
	facet normal 0 1 0
		outer loop
			vertex 13.616246223449707 4 0.09999999403953552
			vertex 13.976245880126953 4 0.09999999403953552
			vertex 15 4 0
		endloop
	endfacet
	facet normal 1 0 0
		outer loop
			vertex 15 4 0.8999999761581421
			vertex 15 0 0.899999976158143
			vertex 15 4 0
		endloop
	endfacet
	facet normal 1 0 0
		outer loop
			vertex 15 0 0.899999976158143
			vertex 15 0 8.881784197001252e-16
			vertex 15 4 0
		endloop
	endfacet
	facet normal 0 -2.220446049250313e-16 -1
		outer loop
			vertex 15 0 8.881784197001252e-16
			vertex 7.279980182647705 0 8.881784197001252e-16
			vertex 15 4 0
		endloop
	endfacet
	facet normal 0 -1 0
		outer loop
			vertex 7.932933807373047 0 0.09999999403953641
			vertex 7.279980182647705 0 0.09999999403953641
			vertex 7.279980182647705 0 8.881784197001252e-16
		endloop
	endfacet
	facet normal 0 -1 0
		outer loop
			vertex 10.036245346069336 0 0.09999999403953641
			vertex 8.336560249328613 0 0.09999999403953641
			vertex 7.279980182647705 0 8.881784197001252e-16
		endloop
	endfacet
	facet normal 0 -1 0
		outer loop
			vertex 15 0 8.881784197001252e-16
			vertex 12.191246032714844 0 0.09999999403953641
			vertex 7.279980182647705 0 8.881784197001252e-16
		endloop
	endfacet
	facet normal 0 -1 0
		outer loop
			vertex 12.191246032714844 0 0.09999999403953641
			vertex 12.156246185302734 0 0.09999999403953641
			vertex 7.279980182647705 0 8.881784197001252e-16
		endloop
	endfacet
	facet normal 0 -1 0
		outer loop
			vertex 12.156246185302734 0 0.09999999403953641
			vertex 10.036245346069336 0 0.09999999403953641
			vertex 7.279980182647705 0 8.881784197001252e-16
		endloop
	endfacet
	facet normal 0 -1 0
		outer loop
			vertex 8.032934188842773 0 0.09999999403953641
			vertex 7.932933807373047 0 0.09999999403953641
			vertex 7.279980182647705 0 8.881784197001252e-16
		endloop
	endfacet
	facet normal 0 -1 0
		outer loop
			vertex 8.236560821533203 0 0.09999999403953641
			vertex 8.032934188842773 0 0.09999999403953641
			vertex 7.279980182647705 0 8.881784197001252e-16
		endloop
	endfacet
	facet normal 0 -1 0
		outer loop
			vertex 8.336560249328613 0 0.09999999403953641
			vertex 8.236560821533203 0 0.09999999403953641
			vertex 7.279980182647705 0 8.881784197001252e-16
		endloop
	endfacet
	facet normal -1 0 0
		outer loop
			vertex 7.279980182647705 0 0.09999999403953641
			vertex 7.279980182647705 4 0.09999999403953552
			vertex 7.279980182647705 0 8.881784197001252e-16
		endloop
	endfacet
	facet normal 0 -1 0
		outer loop
			vertex 15 0 0.899999976158143
			vertex 14.386245727539062 0 0.899999976158143
			vertex 15 0 8.881784197001252e-16
		endloop
	endfacet
	facet normal 0 -1 0
		outer loop
			vertex 14.386245727539062 0 0.899999976158143
			vertex 14.386245727539062 0 0.09999999403953641
			vertex 15 0 8.881784197001252e-16
		endloop
	endfacet
	facet normal 0 -1 0
		outer loop
			vertex 14.386245727539062 0 0.09999999403953641
			vertex 13.976245880126953 0 0.09999999403953641
			vertex 15 0 8.881784197001252e-16
		endloop
	endfacet
	facet normal 0 -1 0
		outer loop
			vertex 13.976245880126953 0 0.09999999403953641
			vertex 13.616246223449707 0 0.09999999403953641
			vertex 15 0 8.881784197001252e-16
		endloop
	endfacet
	facet normal 0 -1 0
		outer loop
			vertex 13.616246223449707 0 0.09999999403953641
			vertex 13.256245613098145 0 0.09999999403953641
			vertex 15 0 8.881784197001252e-16
		endloop
	endfacet
	facet normal 0 -1 0
		outer loop
			vertex 13.256245613098145 0 0.09999999403953641
			vertex 12.896245956420898 0 0.09999999403953641
			vertex 15 0 8.881784197001252e-16
		endloop
	endfacet
	facet normal 0 -1 0
		outer loop
			vertex 12.896245956420898 0 0.09999999403953641
			vertex 12.536246299743652 0 0.09999999403953641
			vertex 15 0 8.881784197001252e-16
		endloop
	endfacet
	facet normal 0 -1 0
		outer loop
			vertex 12.536246299743652 0 0.09999999403953641
			vertex 12.191246032714844 0 0.09999999403953641
			vertex 15 0 8.881784197001252e-16
		endloop
	endfacet
	facet normal 0 2.220446049250313e-16 1
		outer loop
			vertex 7.279980182647705 0 0.09999999403953641
			vertex 7.932933807373047 4 0.09999999403953552
			vertex 7.279980182647705 4 0.09999999403953552
		endloop
	endfacet
	facet normal 0 1 0
		outer loop
			vertex 7.932933807373047 4 0.25
			vertex 8.032934188842773 4 0.25
			vertex 7.932933807373047 4 0.09999999403953552
		endloop
	endfacet
	facet normal 0 1 0
		outer loop
			vertex 8.032934188842773 4 0.25
			vertex 8.032934188842773 4 0.09999999403953552
			vertex 7.932933807373047 4 0.09999999403953552
		endloop
	endfacet
	facet normal 0 2.220446049250313e-16 1
		outer loop
			vertex 7.279980182647705 0 0.09999999403953641
			vertex 7.932933807373047 0 0.09999999403953641
			vertex 7.932933807373047 4 0.09999999403953552
		endloop
	endfacet
	facet normal -1 0 0
		outer loop
			vertex 7.932933807373047 0 0.09999999403953641
			vertex 7.932933807373047 0 0.2500000000000009
			vertex 7.932933807373047 4 0.09999999403953552
		endloop
	endfacet
	facet normal -1 0 0
		outer loop
			vertex 7.932933807373047 0 0.2500000000000009
			vertex 7.932933807373047 4 0.25
			vertex 7.932933807373047 4 0.09999999403953552
		endloop
	endfacet
	facet normal 1 0 0
		outer loop
			vertex 8.032934188842773 4 0.25
			vertex 8.032934188842773 0 0.2500000000000009
			vertex 8.032934188842773 4 0.09999999403953552
		endloop
	endfacet
	facet normal 1 0 0
		outer loop
			vertex 8.032934188842773 0 0.2500000000000009
			vertex 8.032934188842773 0 0.09999999403953641
			vertex 8.032934188842773 4 0.09999999403953552
		endloop
	endfacet
	facet normal 0 2.220446049250313e-16 1
		outer loop
			vertex 8.032934188842773 0 0.09999999403953641
			vertex 8.236560821533203 0 0.09999999403953641
			vertex 8.032934188842773 4 0.09999999403953552
		endloop
	endfacet
	facet normal 1.609255688811706e-18 2.22126526754294e-16 1
		outer loop
			vertex 8.236560821533203 0 0.09999999403953641
			vertex 8.236560821533203 3.9360478222370148 0.09999999403953554
			vertex 8.032934188842773 4 0.09999999403953552
		endloop
	endfacet
	facet normal 0 2.170025837000778e-16 1
		outer loop
			vertex 8.236560821533203 3.9360478222370148 0.09999999403953554
			vertex 8.336560249328613 3.9360478222370148 0.09999999403953554
			vertex 8.032934188842773 4 0.09999999403953552
		endloop
	endfacet
	facet normal 0 2.170025837000778e-16 1
		outer loop
			vertex 8.336560249328613 3.9360478222370148 0.09999999403953554
			vertex 10.036245346069336 4 0.09999999403953552
			vertex 8.032934188842773 4 0.09999999403953552
		endloop
	endfacet
	facet normal 0 1 0
		outer loop
			vertex 10.256245613098145 4 0.19999998807907104
			vertex 12.156246185302734 4 0.09999999403953552
			vertex 10.036245346069336 4 0.09999999403953552
		endloop
	endfacet
	facet normal 0 1 0
		outer loop
			vertex 10.036245346069336 4 0.19999998807907104
			vertex 10.256245613098145 4 0.19999998807907104
			vertex 10.036245346069336 4 0.09999999403953552
		endloop
	endfacet
	facet normal -1.8971057537733926e-19 2.220446049250313e-16 1
		outer loop
			vertex 8.336560249328613 3.9360478222370148 0.09999999403953554
			vertex 10.036245346069336 0 0.09999999403953641
			vertex 10.036245346069336 4 0.09999999403953552
		endloop
	endfacet
	facet normal -1 0 0
		outer loop
			vertex 10.036245346069336 0 0.09999999403953641
			vertex 10.036245346069336 0 0.19999998807907193
			vertex 10.036245346069336 4 0.09999999403953552
		endloop
	endfacet
	facet normal -1 0 0
		outer loop
			vertex 10.036245346069336 0 0.19999998807907193
			vertex 10.036245346069336 4 0.19999998807907104
			vertex 10.036245346069336 4 0.09999999403953552
		endloop
	endfacet
	facet normal 0 2.1606134177394288e-16 1
		outer loop
			vertex 12.156246185302734 3.1649999022483826 0.0999999940395357
			vertex 12.191246032714844 4 0.09999999403953552
			vertex 12.156246185302734 4 0.09999999403953552
		endloop
	endfacet
	facet normal 0 1 0
		outer loop
			vertex 10.476244926452637 4 0.30000001192092896
			vertex 10.696246147155762 4 0.3999999761581421
			vertex 12.156246185302734 4 0.09999999403953552
		endloop
	endfacet
	facet normal 0 1 0
		outer loop
			vertex 10.256245613098145 4 0.19999998807907104
			vertex 10.476244926452637 4 0.30000001192092896
			vertex 12.156246185302734 4 0.09999999403953552
		endloop
	endfacet
	facet normal 0 1 0
		outer loop
			vertex 10.696246147155762 4 0.3999999761581421
			vertex 10.916245460510254 4 0.5
			vertex 12.156246185302734 4 0.09999999403953552
		endloop
	endfacet
	facet normal 0 1 0
		outer loop
			vertex 10.916245460510254 4 0.5
			vertex 10.916245460510254 4 0.6000000238418579
			vertex 12.156246185302734 4 0.09999999403953552
		endloop
	endfacet
	facet normal 0 1 0
		outer loop
			vertex 10.916245460510254 4 0.6000000238418579
			vertex 11.136245727539062 4 0.6000000238418579
			vertex 12.156246185302734 4 0.09999999403953552
		endloop
	endfacet
	facet normal 0 1 0
		outer loop
			vertex 11.356245040893555 4 0.699999988079071
			vertex 12.156246185302734 4 0.8999999761581421
			vertex 12.156246185302734 4 0.09999999403953552
		endloop
	endfacet
	facet normal 0 1 0
		outer loop
			vertex 11.136245727539062 4 0.699999988079071
			vertex 11.356245040893555 4 0.699999988079071
			vertex 12.156246185302734 4 0.09999999403953552
		endloop
	endfacet
	facet normal 0 1 0
		outer loop
			vertex 11.136245727539062 4 0.6000000238418579
			vertex 11.136245727539062 4 0.699999988079071
			vertex 12.156246185302734 4 0.09999999403953552
		endloop
	endfacet
	facet normal 1 0 0
		outer loop
			vertex 12.156246185302734 4 0.8999999761581421
			vertex 12.156246185302734 3.1649999022483826 0.0999999940395357
			vertex 12.156246185302734 4 0.09999999403953552
		endloop
	endfacet
	facet normal 0 2.160613417739429e-16 1
		outer loop
			vertex 12.191246032714844 3.1649999022483826 0.0999999940395357
			vertex 12.536246299743652 4 0.09999999403953552
			vertex 12.191246032714844 4 0.09999999403953552
		endloop
	endfacet
	facet normal 0 2.1606134177394288e-16 1
		outer loop
			vertex 12.156246185302734 3.1649999022483826 0.0999999940395357
			vertex 12.191246032714844 3.1649999022483826 0.0999999940395357
			vertex 12.191246032714844 4 0.09999999403953552
		endloop
	endfacet
	facet normal 0 2.1606134177394288e-16 1
		outer loop
			vertex 12.536246299743652 3.1649999022483826 0.0999999940395357
			vertex 12.896245956420898 4 0.09999999403953552
			vertex 12.536246299743652 4 0.09999999403953552
		endloop
	endfacet
	facet normal 0 2.160613417739429e-16 1
		outer loop
			vertex 12.191246032714844 3.1649999022483826 0.0999999940395357
			vertex 12.536246299743652 3.1649999022483826 0.0999999940395357
			vertex 12.536246299743652 4 0.09999999403953552
		endloop
	endfacet
	facet normal 0 2.1606134177394288e-16 1
		outer loop
			vertex 12.896245956420898 3.1649999022483826 0.0999999940395357
			vertex 13.256245613098145 4 0.09999999403953552
			vertex 12.896245956420898 4 0.09999999403953552
		endloop
	endfacet
	facet normal 0 2.1606134177394288e-16 1
		outer loop
			vertex 12.536246299743652 3.1649999022483826 0.0999999940395357
			vertex 12.896245956420898 3.1649999022483826 0.0999999940395357
			vertex 12.896245956420898 4 0.09999999403953552
		endloop
	endfacet
	facet normal 0 2.1606134177394288e-16 1
		outer loop
			vertex 13.256245613098145 3.1649999022483826 0.0999999940395357
			vertex 13.616246223449707 4 0.09999999403953552
			vertex 13.256245613098145 4 0.09999999403953552
		endloop
	endfacet
	facet normal 0 2.1606134177394288e-16 1
		outer loop
			vertex 12.896245956420898 3.1649999022483826 0.0999999940395357
			vertex 13.256245613098145 3.1649999022483826 0.0999999940395357
			vertex 13.256245613098145 4 0.09999999403953552
		endloop
	endfacet
	facet normal 0 2.1606134177394288e-16 1
		outer loop
			vertex 13.616246223449707 3.1649999022483826 0.0999999940395357
			vertex 13.976245880126953 4 0.09999999403953552
			vertex 13.616246223449707 4 0.09999999403953552
		endloop
	endfacet
	facet normal 0 2.1606134177394288e-16 1
		outer loop
			vertex 13.256245613098145 3.1649999022483826 0.0999999940395357
			vertex 13.616246223449707 3.1649999022483826 0.0999999940395357
			vertex 13.616246223449707 4 0.09999999403953552
		endloop
	endfacet
	facet normal 0 2.1606134177394288e-16 1
		outer loop
			vertex 13.976245880126953 3.1649999022483826 0.0999999940395357
			vertex 14.386245727539062 4 0.09999999403953552
			vertex 13.976245880126953 4 0.09999999403953552
		endloop
	endfacet
	facet normal 0 2.1606134177394288e-16 1
		outer loop
			vertex 13.616246223449707 3.1649999022483826 0.0999999940395357
			vertex 13.976245880126953 3.1649999022483826 0.0999999940395357
			vertex 13.976245880126953 4 0.09999999403953552
		endloop
	endfacet
	facet normal 0 2.1606134177394288e-16 1
		outer loop
			vertex 13.976245880126953 3.1649999022483826 0.0999999940395357
			vertex 14.386245727539062 3.1649999022483826 0.0999999940395357
			vertex 14.386245727539062 4 0.09999999403953552
		endloop
	endfacet
	facet normal 0 1 0
		outer loop
			vertex 14.386245727539062 4 0.8999999761581421
			vertex 15 4 0.8999999761581421
			vertex 14.386245727539062 4 0.09999999403953552
		endloop
	endfacet
	facet normal -1 0 0
		outer loop
			vertex 14.386245727539062 3.1649999022483826 0.0999999940395357
			vertex 14.386245727539062 4 0.8999999761581421
			vertex 14.386245727539062 4 0.09999999403953552
		endloop
	endfacet
	facet normal 0 1 0
		outer loop
			vertex 8.236560821533203 3.9360478222370148 0.25
			vertex 8.336560249328613 3.9360478222370148 0.09999999403953554
			vertex 8.236560821533203 3.9360478222370148 0.09999999403953554
		endloop
	endfacet
	facet normal -1 0 0
		outer loop
			vertex 8.236560821533203 0 0.09999999403953641
			vertex 8.236560821533203 3.9360478222370148 0.25
			vertex 8.236560821533203 3.9360478222370148 0.09999999403953554
		endloop
	endfacet
	facet normal 0 2.22126526754294e-16 1
		outer loop
			vertex 8.336560249328613 0 0.09999999403953641
			vertex 10.036245346069336 0 0.09999999403953641
			vertex 8.336560249328613 3.9360478222370148 0.09999999403953554
		endloop
	endfacet
	facet normal 0 1 0
		outer loop
			vertex 8.236560821533203 3.9360478222370148 0.25
			vertex 8.336560249328613 3.9360478222370148 0.25
			vertex 8.336560249328613 3.9360478222370148 0.09999999403953554
		endloop
	endfacet
	facet normal 1 0 0
		outer loop
			vertex 8.336560249328613 3.9360478222370148 0.25
			vertex 8.336560249328613 0 0.09999999403953641
			vertex 8.336560249328613 3.9360478222370148 0.09999999403953554
		endloop
	endfacet
	facet normal 0 2.2745673877222965e-16 1
		outer loop
			vertex 12.156246185302734 2.0057554244995117 0.09999999403953597
			vertex 12.191246032714844 3.1649999022483826 0.0999999940395357
			vertex 12.156246185302734 3.1649999022483826 0.0999999940395357
		endloop
	endfacet
	facet normal 1 0 0
		outer loop
			vertex 12.156246185302734 4 0.8999999761581421
			vertex 12.156246185302734 2.0057554244995117 0.09999999403953597
			vertex 12.156246185302734 3.1649999022483826 0.0999999940395357
		endloop
	endfacet
	facet normal 2.4473953740603526e-15 3.2099364438847473e-16 1
		outer loop
			vertex 12.226362228393555 2.205517292022705 0.09999999403953592
			vertex 12.229164123535156 2.2273882627487183 0.09999999403953591
			vertex 12.191246032714844 3.1649999022483826 0.0999999940395357
		endloop
	endfacet
	facet normal -6.405010225606391e-16 1.9611557005775135e-16 1
		outer loop
			vertex 12.229164123535156 2.2273882627487183 0.09999999403953591
			vertex 12.23561954498291 2.248471260070801 0.09999999403953591
			vertex 12.191246032714844 3.1649999022483826 0.0999999940395357
		endloop
	endfacet
	facet normal -4.110086268825569e-16 2.072263888215323e-16 1
		outer loop
			vertex 12.23561954498291 2.248471260070801 0.09999999403953591
			vertex 12.245546340942383 2.268159866333008 0.09999999403953591
			vertex 12.191246032714844 3.1649999022483826 0.0999999940395357
		endloop
	endfacet
	facet normal 6.882405503323866e-16 2.7378181314613546e-16 1
		outer loop
			vertex 12.245546340942383 2.268159866333008 0.09999999403953591
			vertex 12.258658409118652 2.285887598991394 0.0999999940395359
			vertex 12.191246032714844 3.1649999022483826 0.0999999940395357
		endloop
	endfacet
	facet normal -5.787349021149123e-17 2.2227036170225356e-16 1
		outer loop
			vertex 12.31293773651123 2.322574019432068 0.0999999940395359
			vertex 12.33427619934082 2.328130006790161 0.0999999940395359
			vertex 12.191246032714844 3.1649999022483826 0.0999999940395357
		endloop
	endfacet
	facet normal -1.9476663911749045e-17 2.2883279690677685e-16 1
		outer loop
			vertex 12.33427619934082 2.328130006790161 0.0999999940395359
			vertex 12.356245994567871 2.3299999237060547 0.0999999940395359
			vertex 12.191246032714844 3.1649999022483826 0.0999999940395357
		endloop
	endfacet
	facet normal 0 2.326814782062339e-16 1
		outer loop
			vertex 12.356245994567871 2.3299999237060547 0.0999999940395359
			vertex 12.536246299743652 3.1649999022483826 0.0999999940395357
			vertex 12.191246032714844 3.1649999022483826 0.0999999940395357
		endloop
	endfacet
	facet normal -1.9731710175128141e-16 2.0587519240113385e-16 1
		outer loop
			vertex 12.258658409118652 2.285887598991394 0.0999999940395359
			vertex 12.274577140808105 2.301144599914551 0.0999999940395359
			vertex 12.191246032714844 3.1649999022483826 0.0999999940395357
		endloop
	endfacet
	facet normal -1.4271145470448202e-16 2.1114268229702944e-16 1
		outer loop
			vertex 12.274577140808105 2.301144599914551 0.0999999940395359
			vertex 12.292844772338867 2.313491702079773 0.0999999940395359
			vertex 12.191246032714844 3.1649999022483826 0.0999999940395357
		endloop
	endfacet
	facet normal -9.785865178802696e-17 2.1649434919115242e-16 1
		outer loop
			vertex 12.292844772338867 2.313491702079773 0.0999999940395359
			vertex 12.31293773651123 2.322574019432068 0.0999999940395359
			vertex 12.191246032714844 3.1649999022483826 0.0999999940395357
		endloop
	endfacet
	facet normal -1.0832094482086551e-16 2.2745673877222965e-16 1
		outer loop
			vertex 12.191246032714844 2.0057554244995117 0.09999999403953597
			vertex 12.226362228393555 2.205517292022705 0.09999999403953592
			vertex 12.191246032714844 3.1649999022483826 0.0999999940395357
		endloop
	endfacet
	facet normal 0 2.2745673877222965e-16 1
		outer loop
			vertex 12.156246185302734 2.0057554244995117 0.09999999403953597
			vertex 12.191246032714844 2.0057554244995117 0.09999999403953597
			vertex 12.191246032714844 3.1649999022483826 0.0999999940395357
		endloop
	endfacet
	facet normal -5.761606647591725e-17 2.2128169371959549e-16 1
		outer loop
			vertex 12.672937393188477 2.322574019432068 0.0999999940395359
			vertex 12.694275856018066 2.328130006790161 0.0999999940395359
			vertex 12.536246299743652 3.1649999022483826 0.0999999940395357
		endloop
	endfacet
	facet normal 2.2357734329380586e-15 3.4820207038117043e-16 1
		outer loop
			vertex 12.586362838745117 2.205517292022705 0.09999999403953592
			vertex 12.589163780212402 2.2273882627487183 0.09999999403953591
			vertex 12.536246299743652 3.1649999022483826 0.0999999940395357
		endloop
	endfacet
	facet normal -7.58994848850433e-17 2.2745673877222965e-16 1
		outer loop
			vertex 12.536246299743652 2.0057554244995117 0.09999999403953597
			vertex 12.586362838745117 2.205517292022705 0.09999999403953592
			vertex 12.536246299743652 3.1649999022483826 0.0999999940395357
		endloop
	endfacet
	facet normal -6.121688788544407e-16 1.8746821714015564e-16 1
		outer loop
			vertex 12.589163780212402 2.2273882627487183 0.09999999403953591
			vertex 12.595620155334473 2.248471260070801 0.09999999403953591
			vertex 12.536246299743652 3.1649999022483826 0.0999999940395357
		endloop
	endfacet
	facet normal -3.9918594836779696e-16 2.0126551400147245e-16 1
		outer loop
			vertex 12.595620155334473 2.248471260070801 0.09999999403953591
			vertex 12.605546951293945 2.268159866333008 0.09999999403953591
			vertex 12.536246299743652 3.1649999022483826 0.0999999940395357
		endloop
	endfacet
	facet normal 6.741935740057353e-16 2.842077303191292e-16 1
		outer loop
			vertex 12.605546951293945 2.268159866333008 0.09999999403953591
			vertex 12.618658065795898 2.285887598991394 0.0999999940395359
			vertex 12.536246299743652 3.1649999022483826 0.0999999940395357
		endloop
	endfacet
	facet normal 0 2.3216157059039743e-16 1
		outer loop
			vertex 12.694275856018066 2.328130006790161 0.0999999940395359
			vertex 12.896245956420898 3.1649999022483826 0.0999999940395357
			vertex 12.536246299743652 3.1649999022483826 0.0999999940395357
		endloop
	endfacet
	facet normal -1.9435643879820745e-16 2.027861187745238e-16 1
		outer loop
			vertex 12.618658065795898 2.285887598991394 0.0999999940395359
			vertex 12.634576797485352 2.301144599914551 0.0999999940395359
			vertex 12.536246299743652 3.1649999022483826 0.0999999940395357
		endloop
	endfacet
	facet normal -1.4114941933706875e-16 2.0884254129439647e-16 1
		outer loop
			vertex 12.634576797485352 2.301144599914551 0.0999999940395359
			vertex 12.65284538269043 2.313491702079773 0.0999999940395359
			vertex 12.536246299743652 3.1649999022483826 0.0999999940395357
		endloop
	endfacet
	facet normal -9.712918506350117e-17 2.1487033873238229e-16 1
		outer loop
			vertex 12.65284538269043 2.313491702079773 0.0999999940395359
			vertex 12.672937393188477 2.322574019432068 0.0999999940395359
			vertex 12.536246299743652 3.1649999022483826 0.0999999940395357
		endloop
	endfacet
	facet normal 9.712913875602724e-17 2.1487023629043751e-16 1
		outer loop
			vertex 12.399554252624512 2.322574019432068 0.0999999940395359
			vertex 12.419646263122559 2.313491702079773 0.0999999940395359
			vertex 12.536246299743652 3.1649999022483826 0.0999999940395357
		endloop
	endfacet
	facet normal 7.589804061108825e-17 2.274567387722296e-16 1
		outer loop
			vertex 12.486128807067871 2.205517292022705 0.09999999403953592
			vertex 12.536246299743652 2.0057554244995117 0.09999999403953597
			vertex 12.536246299743652 3.1649999022483826 0.0999999940395357
		endloop
	endfacet
	facet normal 3.9918521834187503e-16 2.0126514592979303e-16 1
		outer loop
			vertex 12.466944694519043 2.268159866333008 0.09999999403953591
			vertex 12.476871490478516 2.248471260070801 0.09999999403953591
			vertex 12.536246299743652 3.1649999022483826 0.0999999940395357
		endloop
	endfacet
	facet normal 6.121671620142889e-16 1.8746769138170325e-16 1
		outer loop
			vertex 12.476871490478516 2.248471260070801 0.09999999403953591
			vertex 12.483327865600586 2.2273882627487183 0.09999999403953591
			vertex 12.536246299743652 3.1649999022483826 0.0999999940395357
		endloop
	endfacet
	facet normal -2.2357611077419717e-15 3.482036488274701e-16 1
		outer loop
			vertex 12.483327865600586 2.2273882627487183 0.09999999403953591
			vertex 12.486128807067871 2.205517292022705 0.09999999403953592
			vertex 12.536246299743652 3.1649999022483826 0.0999999940395357
		endloop
	endfacet
	facet normal 1.4115606610860517e-16 2.088414730435207e-16 1
		outer loop
			vertex 12.419646263122559 2.313491702079773 0.0999999940395359
			vertex 12.43791389465332 2.301144599914551 0.0999999940395359
			vertex 12.536246299743652 3.1649999022483826 0.0999999940395357
		endloop
	endfacet
	facet normal 1.9434557021086218e-16 2.027869268136061e-16 1
		outer loop
			vertex 12.43791389465332 2.301144599914551 0.0999999940395359
			vertex 12.45383358001709 2.285887598991394 0.0999999940395359
			vertex 12.536246299743652 3.1649999022483826 0.0999999940395357
		endloop
	endfacet
	facet normal -6.741926963491615e-16 2.842083794182585e-16 1
		outer loop
			vertex 12.45383358001709 2.285887598991394 0.0999999940395359
			vertex 12.466944694519043 2.268159866333008 0.09999999403953591
			vertex 12.536246299743652 3.1649999022483826 0.0999999940395357
		endloop
	endfacet
	facet normal 1.9447420402078527e-17 2.284892127005906e-16 1
		outer loop
			vertex 12.356245994567871 2.3299999237060547 0.0999999940395359
			vertex 12.378215789794922 2.328130006790161 0.0999999940395359
			vertex 12.536246299743652 3.1649999022483826 0.0999999940395357
		endloop
	endfacet
	facet normal 5.761605018149765e-17 2.212816311388435e-16 1
		outer loop
			vertex 12.378215789794922 2.328130006790161 0.0999999940395359
			vertex 12.399554252624512 2.322574019432068 0.0999999940395359
			vertex 12.536246299743652 3.1649999022483826 0.0999999940395357
		endloop
	endfacet
	facet normal 2.2363019436721583e-15 3.4823189878268664e-16 1
		outer loop
			vertex 12.94636344909668 2.205517292022705 0.09999999403953592
			vertex 12.949163436889648 2.2273882627487183 0.09999999403953591
			vertex 12.896245956420898 3.1649999022483826 0.0999999940395357
		endloop
	endfacet
	facet normal -7.589804061108825e-17 2.274567387722296e-16 1
		outer loop
			vertex 12.896245956420898 2.0057554244995117 0.09999999403953597
			vertex 12.94636344909668 2.205517292022705 0.09999999403953592
			vertex 12.896245956420898 3.1649999022483826 0.0999999940395357
		endloop
	endfacet
	facet normal -6.120925361479549e-16 1.8747252581499415e-16 1
		outer loop
			vertex 12.949163436889648 2.2273882627487183 0.09999999403953591
			vertex 12.955620765686035 2.248471260070801 0.09999999403953591
			vertex 12.896245956420898 3.1649999022483826 0.0999999940395357
		endloop
	endfacet
	facet normal -3.9921920477038646e-16 2.0126294421168238e-16 1
		outer loop
			vertex 12.955620765686035 2.248471260070801 0.09999999403953591
			vertex 12.965546607971191 2.268159866333008 0.09999999403953591
			vertex 12.896245956420898 3.1649999022483826 0.0999999940395357
		endloop
	endfacet
	facet normal 6.741491765207833e-16 2.8420429963527127e-16 1
		outer loop
			vertex 12.965546607971191 2.268159866333008 0.09999999403953591
			vertex 12.978658676147461 2.285887598991394 0.0999999940395359
			vertex 12.896245956420898 3.1649999022483826 0.0999999940395357
		endloop
	endfacet
	facet normal -5.761606647591725e-17 2.2128169371959549e-16 1
		outer loop
			vertex 13.032937049865723 2.322574019432068 0.0999999940395359
			vertex 13.054275512695312 2.328130006790161 0.0999999940395359
			vertex 12.896245956420898 3.1649999022483826 0.0999999940395357
		endloop
	endfacet
	facet normal -1.9447422258496886e-17 2.284892345117903e-16 1
		outer loop
			vertex 13.054275512695312 2.328130006790161 0.0999999940395359
			vertex 13.076245307922363 2.3299999237060547 0.0999999940395359
			vertex 12.896245956420898 3.1649999022483826 0.0999999940395357
		endloop
	endfacet
	facet normal 0 2.3268147820623384e-16 1
		outer loop
			vertex 13.076245307922363 2.3299999237060547 0.0999999940395359
			vertex 13.256245613098145 3.1649999022483826 0.0999999940395357
			vertex 12.896245956420898 3.1649999022483826 0.0999999940395357
		endloop
	endfacet
	facet normal -1.9435625338133138e-16 2.027859253156969e-16 1
		outer loop
			vertex 12.978658676147461 2.285887598991394 0.0999999940395359
			vertex 12.994577407836914 2.301144599914551 0.0999999940395359
			vertex 12.896245956420898 3.1649999022483826 0.0999999940395357
		endloop
	endfacet
	facet normal -1.4114932154363418e-16 2.0884239660071303e-16 1
		outer loop
			vertex 12.994577407836914 2.301144599914551 0.0999999940395359
			vertex 13.012845993041992 2.313491702079773 0.0999999940395359
			vertex 12.896245956420898 3.1649999022483826 0.0999999940395357
		endloop
	endfacet
	facet normal -9.713348048248941e-17 2.1486964176244074e-16 1
		outer loop
			vertex 13.012845993041992 2.313491702079773 0.0999999940395359
			vertex 13.032937049865723 2.322574019432068 0.0999999940395359
			vertex 12.896245956420898 3.1649999022483826 0.0999999940395357
		endloop
	endfacet
	facet normal 7.589804061108825e-17 2.274567387722296e-16 1
		outer loop
			vertex 12.846128463745117 2.205517292022705 0.09999999403953592
			vertex 12.896245956420898 2.0057554244995117 0.09999999403953597
			vertex 12.896245956420898 3.1649999022483826 0.0999999940395357
		endloop
	endfacet
	facet normal 3.9918521834187503e-16 2.0126514592979303e-16 1
		outer loop
			vertex 12.826944351196289 2.268159866333008 0.09999999403953591
			vertex 12.836871147155762 2.248471260070801 0.09999999403953591
			vertex 12.896245956420898 3.1649999022483826 0.0999999940395357
		endloop
	endfacet
	facet normal 6.120925361479549e-16 1.8747252581499415e-16 1
		outer loop
			vertex 12.836871147155762 2.248471260070801 0.09999999403953591
			vertex 12.843328475952148 2.2273882627487183 0.09999999403953591
			vertex 12.896245956420898 3.1649999022483826 0.0999999940395357
		endloop
	endfacet
	facet normal -2.2363019436721583e-15 3.4823189878268664e-16 1
		outer loop
			vertex 12.843328475952148 2.2273882627487183 0.09999999403953591
			vertex 12.846128463745117 2.205517292022705 0.09999999403953592
			vertex 12.896245956420898 3.1649999022483826 0.0999999940395357
		endloop
	endfacet
	facet normal 9.712913875602724e-17 2.1487023629043751e-16 1
		outer loop
			vertex 12.759553909301758 2.322574019432068 0.0999999940395359
			vertex 12.779645919799805 2.313491702079773 0.0999999940395359
			vertex 12.896245956420898 3.1649999022483826 0.0999999940395357
		endloop
	endfacet
	facet normal 5.761605018149765e-17 2.212816311388435e-16 1
		outer loop
			vertex 12.738215446472168 2.328130006790161 0.0999999940395359
			vertex 12.759553909301758 2.322574019432068 0.0999999940395359
			vertex 12.896245956420898 3.1649999022483826 0.0999999940395357
		endloop
	endfacet
	facet normal 1.4114932154363418e-16 2.0884239660071303e-16 1
		outer loop
			vertex 12.779645919799805 2.313491702079773 0.0999999940395359
			vertex 12.797914505004883 2.301144599914551 0.0999999940395359
			vertex 12.896245956420898 3.1649999022483826 0.0999999940395357
		endloop
	endfacet
	facet normal 1.9435625338133138e-16 2.027859253156969e-16 1
		outer loop
			vertex 12.797914505004883 2.301144599914551 0.0999999940395359
			vertex 12.813833236694336 2.285887598991394 0.0999999940395359
			vertex 12.896245956420898 3.1649999022483826 0.0999999940395357
		endloop
	endfacet
	facet normal -6.741926963491615e-16 2.842083794182585e-16 1
		outer loop
			vertex 12.813833236694336 2.285887598991394 0.0999999940395359
			vertex 12.826944351196289 2.268159866333008 0.09999999403953591
			vertex 12.896245956420898 3.1649999022483826 0.0999999940395357
		endloop
	endfacet
	facet normal -2.017439195247164e-17 2.370304564116227e-16 1
		outer loop
			vertex 12.694275856018066 2.328130006790161 0.0999999940395359
			vertex 12.716245651245117 2.3299999237060547 0.0999999940395359
			vertex 12.896245956420898 3.1649999022483826 0.0999999940395357
		endloop
	endfacet
	facet normal 1.9447420402078527e-17 2.284892127005906e-16 1
		outer loop
			vertex 12.716245651245117 2.3299999237060547 0.0999999940395359
			vertex 12.738215446472168 2.328130006790161 0.0999999940395359
			vertex 12.896245956420898 3.1649999022483826 0.0999999940395357
		endloop
	endfacet
	facet normal 2.2357611077419717e-15 3.482036488274701e-16 1
		outer loop
			vertex 13.306363105773926 2.205517292022705 0.09999999403953592
			vertex 13.309164047241211 2.2273882627487183 0.09999999403953591
			vertex 13.256245613098145 3.1649999022483826 0.0999999940395357
		endloop
	endfacet
	facet normal -7.589804061108825e-17 2.274567387722296e-16 1
		outer loop
			vertex 13.256245613098145 2.0057554244995117 0.09999999403953597
			vertex 13.306363105773926 2.205517292022705 0.09999999403953592
			vertex 13.256245613098145 3.1649999022483826 0.0999999940395357
		endloop
	endfacet
	facet normal -6.121671620142889e-16 1.8746769138170325e-16 1
		outer loop
			vertex 13.309164047241211 2.2273882627487183 0.09999999403953591
			vertex 13.315620422363281 2.248471260070801 0.09999999403953591
			vertex 13.256245613098145 3.1649999022483826 0.0999999940395357
		endloop
	endfacet
	facet normal -3.9918521834187503e-16 2.0126514592979303e-16 1
		outer loop
			vertex 13.315620422363281 2.248471260070801 0.09999999403953591
			vertex 13.325547218322754 2.268159866333008 0.09999999403953591
			vertex 13.256245613098145 3.1649999022483826 0.0999999940395357
		endloop
	endfacet
	facet normal 6.741926963491615e-16 2.842083794182585e-16 1
		outer loop
			vertex 13.325547218322754 2.268159866333008 0.09999999403953591
			vertex 13.338658332824707 2.285887598991394 0.0999999940395359
			vertex 13.256245613098145 3.1649999022483826 0.0999999940395357
		endloop
	endfacet
	facet normal -5.761852092606451e-17 2.2128123023576153e-16 1
		outer loop
			vertex 13.392937660217285 2.322574019432068 0.0999999940395359
			vertex 13.414275169372559 2.328130006790161 0.0999999940395359
			vertex 13.256245613098145 3.1649999022483826 0.0999999940395357
		endloop
	endfacet
	facet normal -1.944659146521145e-17 2.284893913938755e-16 1
		outer loop
			vertex 13.414275169372559 2.328130006790161 0.0999999940395359
			vertex 13.436245918273926 2.3299999237060547 0.0999999940395359
			vertex 13.256245613098145 3.1649999022483826 0.0999999940395357
		endloop
	endfacet
	facet normal 0 2.3268147820623384e-16 1
		outer loop
			vertex 13.436245918273926 2.3299999237060547 0.0999999940395359
			vertex 13.616246223449707 3.1649999022483826 0.0999999940395357
			vertex 13.256245613098145 3.1649999022483826 0.0999999940395357
		endloop
	endfacet
	facet normal -1.9435625338133138e-16 2.027859253156969e-16 1
		outer loop
			vertex 13.338658332824707 2.285887598991394 0.0999999940395359
			vertex 13.35457706451416 2.301144599914551 0.0999999940395359
			vertex 13.256245613098145 3.1649999022483826 0.0999999940395357
		endloop
	endfacet
	facet normal -1.4114932154363418e-16 2.0884239660071303e-16 1
		outer loop
			vertex 13.35457706451416 2.301144599914551 0.0999999940395359
			vertex 13.372845649719238 2.313491702079773 0.0999999940395359
			vertex 13.256245613098145 3.1649999022483826 0.0999999940395357
		endloop
	endfacet
	facet normal -9.712913875602724e-17 2.1487023629043751e-16 1
		outer loop
			vertex 13.372845649719238 2.313491702079773 0.0999999940395359
			vertex 13.392937660217285 2.322574019432068 0.0999999940395359
			vertex 13.256245613098145 3.1649999022483826 0.0999999940395357
		endloop
	endfacet
	facet normal 9.712484372102e-17 2.1487093320293698e-16 1
		outer loop
			vertex 13.119553565979004 2.322574019432068 0.0999999940395359
			vertex 13.139646530151367 2.313491702079773 0.0999999940395359
			vertex 13.256245613098145 3.1649999022483826 0.0999999940395357
		endloop
	endfacet
	facet normal 7.58994848850433e-17 2.2745673877222965e-16 1
		outer loop
			vertex 13.20612907409668 2.205517292022705 0.09999999403953592
			vertex 13.256245613098145 2.0057554244995117 0.09999999403953597
			vertex 13.256245613098145 3.1649999022483826 0.0999999940395357
		endloop
	endfacet
	facet normal 3.991519676011935e-16 2.0126771531743396e-16 1
		outer loop
			vertex 13.186944007873535 2.268159866333008 0.09999999403953591
			vertex 13.196871757507324 2.248471260070801 0.09999999403953591
			vertex 13.256245613098145 3.1649999022483826 0.0999999940395357
		endloop
	endfacet
	facet normal 6.121688788544407e-16 1.8746821714015564e-16 1
		outer loop
			vertex 13.196871757507324 2.248471260070801 0.09999999403953591
			vertex 13.203328132629395 2.2273882627487183 0.09999999403953591
			vertex 13.256245613098145 3.1649999022483826 0.0999999940395357
		endloop
	endfacet
	facet normal -2.2357734329380586e-15 3.4820207038117043e-16 1
		outer loop
			vertex 13.203328132629395 2.2273882627487183 0.09999999403953591
			vertex 13.20612907409668 2.205517292022705 0.09999999403953592
			vertex 13.256245613098145 3.1649999022483826 0.0999999940395357
		endloop
	endfacet
	facet normal 1.4115616391138572e-16 2.0884161774347813e-16 1
		outer loop
			vertex 13.139646530151367 2.313491702079773 0.0999999940395359
			vertex 13.157914161682129 2.301144599914551 0.0999999940395359
			vertex 13.256245613098145 3.1649999022483826 0.0999999940395357
		endloop
	endfacet
	facet normal 1.9435625338133138e-16 2.027859253156969e-16 1
		outer loop
			vertex 13.157914161682129 2.301144599914551 0.0999999940395359
			vertex 13.173832893371582 2.285887598991394 0.0999999940395359
			vertex 13.256245613098145 3.1649999022483826 0.0999999940395357
		endloop
	endfacet
	facet normal -6.741926963491615e-16 2.842083794182585e-16 1
		outer loop
			vertex 13.173832893371582 2.285887598991394 0.0999999940395359
			vertex 13.186944007873535 2.268159866333008 0.09999999403953591
			vertex 13.256245613098145 3.1649999022483826 0.0999999940395357
		endloop
	endfacet
	facet normal 1.944659146521145e-17 2.284893913938755e-16 1
		outer loop
			vertex 13.076245307922363 2.3299999237060547 0.0999999940395359
			vertex 13.09821605682373 2.328130006790161 0.0999999940395359
			vertex 13.256245613098145 3.1649999022483826 0.0999999940395357
		endloop
	endfacet
	facet normal 5.761852092606451e-17 2.2128123023576153e-16 1
		outer loop
			vertex 13.09821605682373 2.328130006790161 0.0999999940395359
			vertex 13.119553565979004 2.322574019432068 0.0999999940395359
			vertex 13.256245613098145 3.1649999022483826 0.0999999940395357
		endloop
	endfacet
	facet normal -5.761852092606451e-17 2.2128123023576153e-16 1
		outer loop
			vertex 13.752938270568848 2.322574019432068 0.0999999940395359
			vertex 13.774275779724121 2.328130006790161 0.0999999940395359
			vertex 13.616246223449707 3.1649999022483826 0.0999999940395357
		endloop
	endfacet
	facet normal 2.2357734329380586e-15 3.4820207038117043e-16 1
		outer loop
			vertex 13.666362762451172 2.205517292022705 0.09999999403953592
			vertex 13.669163703918457 2.2273882627487183 0.09999999403953591
			vertex 13.616246223449707 3.1649999022483826 0.0999999940395357
		endloop
	endfacet
	facet normal -7.58994848850433e-17 2.2745673877222965e-16 1
		outer loop
			vertex 13.616246223449707 2.0057554244995117 0.09999999403953597
			vertex 13.666362762451172 2.205517292022705 0.09999999403953592
			vertex 13.616246223449707 3.1649999022483826 0.0999999940395357
		endloop
	endfacet
	facet normal -6.121688788544407e-16 1.8746821714015564e-16 1
		outer loop
			vertex 13.669163703918457 2.2273882627487183 0.09999999403953591
			vertex 13.675620079040527 2.248471260070801 0.09999999403953591
			vertex 13.616246223449707 3.1649999022483826 0.0999999940395357
		endloop
	endfacet
	facet normal -3.991519676011935e-16 2.0126771531743396e-16 1
		outer loop
			vertex 13.675620079040527 2.248471260070801 0.09999999403953591
			vertex 13.685547828674316 2.268159866333008 0.09999999403953591
			vertex 13.616246223449707 3.1649999022483826 0.0999999940395357
		endloop
	endfacet
	facet normal 6.741926963491615e-16 2.842083794182585e-16 1
		outer loop
			vertex 13.685547828674316 2.268159866333008 0.09999999403953591
			vertex 13.69865894317627 2.285887598991394 0.0999999940395359
			vertex 13.616246223449707 3.1649999022483826 0.0999999940395357
		endloop
	endfacet
	facet normal 0 2.3216157059039743e-16 1
		outer loop
			vertex 13.774275779724121 2.328130006790161 0.0999999940395359
			vertex 13.976245880126953 3.1649999022483826 0.0999999940395357
			vertex 13.616246223449707 3.1649999022483826 0.0999999940395357
		endloop
	endfacet
	facet normal -1.9435625338133138e-16 2.027859253156969e-16 1
		outer loop
			vertex 13.69865894317627 2.285887598991394 0.0999999940395359
			vertex 13.714577674865723 2.301144599914551 0.0999999940395359
			vertex 13.616246223449707 3.1649999022483826 0.0999999940395357
		endloop
	endfacet
	facet normal -1.4115616391138572e-16 2.0884161774347813e-16 1
		outer loop
			vertex 13.714577674865723 2.301144599914551 0.0999999940395359
			vertex 13.732845306396484 2.313491702079773 0.0999999940395359
			vertex 13.616246223449707 3.1649999022483826 0.0999999940395357
		endloop
	endfacet
	facet normal -9.712484372102e-17 2.1487093320293698e-16 1
		outer loop
			vertex 13.732845306396484 2.313491702079773 0.0999999940395359
			vertex 13.752938270568848 2.322574019432068 0.0999999940395359
			vertex 13.616246223449707 3.1649999022483826 0.0999999940395357
		endloop
	endfacet
	facet normal 9.712913875602724e-17 2.1487023629043751e-16 1
		outer loop
			vertex 13.479554176330566 2.322574019432068 0.0999999940395359
			vertex 13.499646186828613 2.313491702079773 0.0999999940395359
			vertex 13.616246223449707 3.1649999022483826 0.0999999940395357
		endloop
	endfacet
	facet normal 7.589804061108825e-17 2.274567387722296e-16 1
		outer loop
			vertex 13.566128730773926 2.205517292022705 0.09999999403953592
			vertex 13.616246223449707 2.0057554244995117 0.09999999403953597
			vertex 13.616246223449707 3.1649999022483826 0.0999999940395357
		endloop
	endfacet
	facet normal 3.9918521834187503e-16 2.0126514592979303e-16 1
		outer loop
			vertex 13.546944618225098 2.268159866333008 0.09999999403953591
			vertex 13.55687141418457 2.248471260070801 0.09999999403953591
			vertex 13.616246223449707 3.1649999022483826 0.0999999940395357
		endloop
	endfacet
	facet normal 6.121671620142889e-16 1.8746769138170325e-16 1
		outer loop
			vertex 13.55687141418457 2.248471260070801 0.09999999403953591
			vertex 13.56332778930664 2.2273882627487183 0.09999999403953591
			vertex 13.616246223449707 3.1649999022483826 0.0999999940395357
		endloop
	endfacet
	facet normal -2.2357611077419717e-15 3.482036488274701e-16 1
		outer loop
			vertex 13.56332778930664 2.2273882627487183 0.09999999403953591
			vertex 13.566128730773926 2.205517292022705 0.09999999403953592
			vertex 13.616246223449707 3.1649999022483826 0.0999999940395357
		endloop
	endfacet
	facet normal 1.4115606610860517e-16 2.088414730435207e-16 1
		outer loop
			vertex 13.499646186828613 2.313491702079773 0.0999999940395359
			vertex 13.517913818359375 2.301144599914551 0.0999999940395359
			vertex 13.616246223449707 3.1649999022483826 0.0999999940395357
		endloop
	endfacet
	facet normal 1.9434557021086218e-16 2.027869268136061e-16 1
		outer loop
			vertex 13.517913818359375 2.301144599914551 0.0999999940395359
			vertex 13.533833503723145 2.285887598991394 0.0999999940395359
			vertex 13.616246223449707 3.1649999022483826 0.0999999940395357
		endloop
	endfacet
	facet normal -6.741926963491615e-16 2.842083794182585e-16 1
		outer loop
			vertex 13.533833503723145 2.285887598991394 0.0999999940395359
			vertex 13.546944618225098 2.268159866333008 0.09999999403953591
			vertex 13.616246223449707 3.1649999022483826 0.0999999940395357
		endloop
	endfacet
	facet normal 1.944659146521145e-17 2.284893913938755e-16 1
		outer loop
			vertex 13.436245918273926 2.3299999237060547 0.0999999940395359
			vertex 13.458216667175293 2.328130006790161 0.0999999940395359
			vertex 13.616246223449707 3.1649999022483826 0.0999999940395357
		endloop
	endfacet
	facet normal 5.761852092606451e-17 2.2128123023576153e-16 1
		outer loop
			vertex 13.458216667175293 2.328130006790161 0.0999999940395359
			vertex 13.479554176330566 2.322574019432068 0.0999999940395359
			vertex 13.616246223449707 3.1649999022483826 0.0999999940395357
		endloop
	endfacet
	facet normal 2.2363019436721583e-15 3.4823189878268664e-16 1
		outer loop
			vertex 14.026363372802734 2.205517292022705 0.09999999403953592
			vertex 14.029163360595703 2.2273882627487183 0.09999999403953591
			vertex 13.976245880126953 3.1649999022483826 0.0999999940395357
		endloop
	endfacet
	facet normal -7.589804061108825e-17 2.274567387722296e-16 1
		outer loop
			vertex 13.976245880126953 2.0057554244995117 0.09999999403953597
			vertex 14.026363372802734 2.205517292022705 0.09999999403953592
			vertex 13.976245880126953 3.1649999022483826 0.0999999940395357
		endloop
	endfacet
	facet normal -6.120925361479549e-16 1.8747252581499415e-16 1
		outer loop
			vertex 14.029163360595703 2.2273882627487183 0.09999999403953591
			vertex 14.03562068939209 2.248471260070801 0.09999999403953591
			vertex 13.976245880126953 3.1649999022483826 0.0999999940395357
		endloop
	endfacet
	facet normal -3.9918521834187503e-16 2.0126514592979303e-16 1
		outer loop
			vertex 14.03562068939209 2.248471260070801 0.09999999403953591
			vertex 14.045547485351562 2.268159866333008 0.09999999403953591
			vertex 13.976245880126953 3.1649999022483826 0.0999999940395357
		endloop
	endfacet
	facet normal 6.741926963491615e-16 2.842083794182585e-16 1
		outer loop
			vertex 14.045547485351562 2.268159866333008 0.09999999403953591
			vertex 14.058658599853516 2.285887598991394 0.0999999940395359
			vertex 13.976245880126953 3.1649999022483826 0.0999999940395357
		endloop
	endfacet
	facet normal -5.761605018149765e-17 2.212816311388435e-16 1
		outer loop
			vertex 14.112937927246094 2.322574019432068 0.0999999940395359
			vertex 14.134276390075684 2.328130006790161 0.0999999940395359
			vertex 13.976245880126953 3.1649999022483826 0.0999999940395357
		endloop
	endfacet
	facet normal -1.9447420402078527e-17 2.284892127005906e-16 1
		outer loop
			vertex 14.134276390075684 2.328130006790161 0.0999999940395359
			vertex 14.156246185302734 2.3299999237060547 0.0999999940395359
			vertex 13.976245880126953 3.1649999022483826 0.0999999940395357
		endloop
	endfacet
	facet normal 0 2.3268147820623384e-16 1
		outer loop
			vertex 14.156246185302734 2.3299999237060547 0.0999999940395359
			vertex 14.386245727539062 3.1649999022483826 0.0999999940395357
			vertex 13.976245880126953 3.1649999022483826 0.0999999940395357
		endloop
	endfacet
	facet normal -1.9435625338133138e-16 2.027859253156969e-16 1
		outer loop
			vertex 14.058658599853516 2.285887598991394 0.0999999940395359
			vertex 14.074577331542969 2.301144599914551 0.0999999940395359
			vertex 13.976245880126953 3.1649999022483826 0.0999999940395357
		endloop
	endfacet
	facet normal -1.4114932154363418e-16 2.0884239660071303e-16 1
		outer loop
			vertex 14.074577331542969 2.301144599914551 0.0999999940395359
			vertex 14.092845916748047 2.313491702079773 0.0999999940395359
			vertex 13.976245880126953 3.1649999022483826 0.0999999940395357
		endloop
	endfacet
	facet normal -9.712913875602724e-17 2.1487023629043751e-16 1
		outer loop
			vertex 14.092845916748047 2.313491702079773 0.0999999940395359
			vertex 14.112937927246094 2.322574019432068 0.0999999940395359
			vertex 13.976245880126953 3.1649999022483826 0.0999999940395357
		endloop
	endfacet
	facet normal 7.589804061108825e-17 2.274567387722296e-16 1
		outer loop
			vertex 13.926128387451172 2.205517292022705 0.09999999403953592
			vertex 13.976245880126953 2.0057554244995117 0.09999999403953597
			vertex 13.976245880126953 3.1649999022483826 0.0999999940395357
		endloop
	endfacet
	facet normal 3.9921920477038646e-16 2.0126294421168238e-16 1
		outer loop
			vertex 13.90694522857666 2.268159866333008 0.09999999403953591
			vertex 13.916871070861816 2.248471260070801 0.09999999403953591
			vertex 13.976245880126953 3.1649999022483826 0.0999999940395357
		endloop
	endfacet
	facet normal 6.120925361479549e-16 1.8747252581499415e-16 1
		outer loop
			vertex 13.916871070861816 2.248471260070801 0.09999999403953591
			vertex 13.923328399658203 2.2273882627487183 0.09999999403953591
			vertex 13.976245880126953 3.1649999022483826 0.0999999940395357
		endloop
	endfacet
	facet normal -2.2363019436721583e-15 3.4823189878268664e-16 1
		outer loop
			vertex 13.923328399658203 2.2273882627487183 0.09999999403953591
			vertex 13.926128387451172 2.205517292022705 0.09999999403953592
			vertex 13.976245880126953 3.1649999022483826 0.0999999940395357
		endloop
	endfacet
	facet normal 9.712913875602724e-17 2.1487023629043751e-16 1
		outer loop
			vertex 13.839553833007812 2.322574019432068 0.0999999940395359
			vertex 13.85964584350586 2.313491702079773 0.0999999940395359
			vertex 13.976245880126953 3.1649999022483826 0.0999999940395357
		endloop
	endfacet
	facet normal 5.761852092606451e-17 2.2128123023576153e-16 1
		outer loop
			vertex 13.818216323852539 2.328130006790161 0.0999999940395359
			vertex 13.839553833007812 2.322574019432068 0.0999999940395359
			vertex 13.976245880126953 3.1649999022483826 0.0999999940395357
		endloop
	endfacet
	facet normal 1.411425776231553e-16 2.0884332006965284e-16 1
		outer loop
			vertex 13.85964584350586 2.313491702079773 0.0999999940395359
			vertex 13.877915382385254 2.301144599914551 0.0999999940395359
			vertex 13.976245880126953 3.1649999022483826 0.0999999940395357
		endloop
	endfacet
	facet normal 1.9436693772637231e-16 2.0278492370767704e-16 1
		outer loop
			vertex 13.877915382385254 2.301144599914551 0.0999999940395359
			vertex 13.89383316040039 2.285887598991394 0.0999999940395359
			vertex 13.976245880126953 3.1649999022483826 0.0999999940395357
		endloop
	endfacet
	facet normal -6.741491765207833e-16 2.8420429963527127e-16 1
		outer loop
			vertex 13.89383316040039 2.285887598991394 0.0999999940395359
			vertex 13.90694522857666 2.268159866333008 0.09999999403953591
			vertex 13.976245880126953 3.1649999022483826 0.0999999940395357
		endloop
	endfacet
	facet normal -2.0173497887449787e-17 2.3703024063805593e-16 1
		outer loop
			vertex 13.774275779724121 2.328130006790161 0.0999999940395359
			vertex 13.796246528625488 2.3299999237060547 0.0999999940395359
			vertex 13.976245880126953 3.1649999022483826 0.0999999940395357
		endloop
	endfacet
	facet normal 1.9447422258496886e-17 2.284892345117903e-16 1
		outer loop
			vertex 13.796246528625488 2.3299999237060547 0.0999999940395359
			vertex 13.818216323852539 2.328130006790161 0.0999999940395359
			vertex 13.976245880126953 3.1649999022483826 0.0999999940395357
		endloop
	endfacet
	facet normal 9.476053645144356e-17 2.0963038609324439e-16 1
		outer loop
			vertex 14.199554443359375 2.322574019432068 0.0999999940395359
			vertex 14.219646453857422 2.313491702079773 0.0999999940395359
			vertex 14.386245727539062 3.1649999022483826 0.0999999940395357
		endloop
	endfacet
	facet normal 3.6426009685265513e-16 1.8365625323997517e-16 1
		outer loop
			vertex 14.266944885253906 2.268159866333008 0.09999999403953591
			vertex 14.276871681213379 2.248471260070801 0.09999999403953591
			vertex 14.386245727539062 3.1649999022483826 0.0999999940395357
		endloop
	endfacet
	facet normal 5.336950912267111e-16 1.6343670954974174e-16 1
		outer loop
			vertex 14.276871681213379 2.248471260070801 0.09999999403953591
			vertex 14.28332805633545 2.2273882627487183 0.09999999403953591
			vertex 14.386245727539062 3.1649999022483826 0.0999999940395357
		endloop
	endfacet
	facet normal -4.9547065908358834e-17 2.274567387722296e-16 1
		outer loop
			vertex 14.28332805633545 2.2273882627487183 0.09999999403953591
			vertex 14.386245727539062 2.0057554244995117 0.09999999403953597
			vertex 14.386245727539062 3.1649999022483826 0.0999999940395357
		endloop
	endfacet
	facet normal 1.3620192040146968e-16 2.0152229686395775e-16 1
		outer loop
			vertex 14.219646453857422 2.313491702079773 0.0999999940395359
			vertex 14.2379150390625 2.301144599914551 0.0999999940395359
			vertex 14.386245727539062 3.1649999022483826 0.0999999940395357
		endloop
	endfacet
	facet normal 1.8510780101426336e-16 1.9312477598025204e-16 1
		outer loop
			vertex 14.2379150390625 2.301144599914551 0.0999999940395359
			vertex 14.253832817077637 2.285887598991394 0.0999999940395359
			vertex 14.386245727539062 3.1649999022483826 0.0999999940395357
		endloop
	endfacet
	facet normal -6.310798710247487e-16 3.160599058118139e-16 1
		outer loop
			vertex 14.253832817077637 2.285887598991394 0.0999999940395359
			vertex 14.266944885253906 2.268159866333008 0.09999999403953591
			vertex 14.386245727539062 3.1649999022483826 0.0999999940395357
		endloop
	endfacet
	facet normal 1.9350576781811606e-17 2.273513896838424e-16 1
		outer loop
			vertex 14.156246185302734 2.3299999237060547 0.0999999940395359
			vertex 14.178215980529785 2.328130006790161 0.0999999940395359
			vertex 14.386245727539062 3.1649999022483826 0.0999999940395357
		endloop
	endfacet
	facet normal 5.677424814343863e-17 2.1804858535575161e-16 1
		outer loop
			vertex 14.178215980529785 2.328130006790161 0.0999999940395359
			vertex 14.199554443359375 2.322574019432068 0.0999999940395359
			vertex 14.386245727539062 3.1649999022483826 0.0999999940395357
		endloop
	endfacet
	facet normal -1 0 0
		outer loop
			vertex 14.386245727539062 2.0057554244995117 0.09999999403953597
			vertex 14.386245727539062 4 0.8999999761581421
			vertex 14.386245727539062 3.1649999022483826 0.0999999940395357
		endloop
	endfacet
	facet normal -0.08480645427978477 0.9963974434493953 0
		outer loop
			vertex 12.33427619934082 2.328130006790161 0.0999999940395359
			vertex 12.356245994567871 2.3299999237060547 0.8999999761581424
			vertex 12.356245994567871 2.3299999237060547 0.0999999940395359
		endloop
	endfacet
	facet normal 0.08480645427978477 0.9963974434493953 0
		outer loop
			vertex 12.356245994567871 2.3299999237060547 0.8999999761581424
			vertex 12.378215789794922 2.328130006790161 0.8999999761581424
			vertex 12.356245994567871 2.3299999237060547 0.0999999940395359
		endloop
	endfacet
	facet normal 0.08480645427978477 0.9963974434493953 0
		outer loop
			vertex 12.378215789794922 2.328130006790161 0.8999999761581424
			vertex 12.378215789794922 2.328130006790161 0.0999999940395359
			vertex 12.356245994567871 2.3299999237060547 0.0999999940395359
		endloop
	endfacet
	facet normal -0.08480645427978477 0.9963974434493953 0
		outer loop
			vertex 12.694275856018066 2.328130006790161 0.0999999940395359
			vertex 12.716245651245117 2.3299999237060547 0.8999999761581424
			vertex 12.716245651245117 2.3299999237060547 0.0999999940395359
		endloop
	endfacet
	facet normal 0.08480645427978477 0.9963974434493953 0
		outer loop
			vertex 12.716245651245117 2.3299999237060547 0.8999999761581424
			vertex 12.738215446472168 2.328130006790161 0.8999999761581424
			vertex 12.716245651245117 2.3299999237060547 0.0999999940395359
		endloop
	endfacet
	facet normal 0.08480645427978477 0.9963974434493953 0
		outer loop
			vertex 12.738215446472168 2.328130006790161 0.8999999761581424
			vertex 12.738215446472168 2.328130006790161 0.0999999940395359
			vertex 12.716245651245117 2.3299999237060547 0.0999999940395359
		endloop
	endfacet
	facet normal -0.08480645427978477 0.9963974434493953 0
		outer loop
			vertex 13.054275512695312 2.328130006790161 0.0999999940395359
			vertex 13.076245307922363 2.3299999237060547 0.8999999761581424
			vertex 13.076245307922363 2.3299999237060547 0.0999999940395359
		endloop
	endfacet
	facet normal 0.0848027995982037 0.9963977545038464 0
		outer loop
			vertex 13.076245307922363 2.3299999237060547 0.8999999761581424
			vertex 13.09821605682373 2.328130006790161 0.8999999761581424
			vertex 13.076245307922363 2.3299999237060547 0.0999999940395359
		endloop
	endfacet
	facet normal 0.0848027995982037 0.9963977545038464 0
		outer loop
			vertex 13.09821605682373 2.328130006790161 0.8999999761581424
			vertex 13.09821605682373 2.328130006790161 0.0999999940395359
			vertex 13.076245307922363 2.3299999237060547 0.0999999940395359
		endloop
	endfacet
	facet normal -0.0848027995982037 0.9963977545038464 0
		outer loop
			vertex 13.414275169372559 2.328130006790161 0.0999999940395359
			vertex 13.436245918273926 2.3299999237060547 0.8999999761581424
			vertex 13.436245918273926 2.3299999237060547 0.0999999940395359
		endloop
	endfacet
	facet normal 0.0848027995982037 0.9963977545038464 0
		outer loop
			vertex 13.436245918273926 2.3299999237060547 0.8999999761581424
			vertex 13.458216667175293 2.328130006790161 0.8999999761581424
			vertex 13.436245918273926 2.3299999237060547 0.0999999940395359
		endloop
	endfacet
	facet normal 0.0848027995982037 0.9963977545038464 0
		outer loop
			vertex 13.458216667175293 2.328130006790161 0.8999999761581424
			vertex 13.458216667175293 2.328130006790161 0.0999999940395359
			vertex 13.436245918273926 2.3299999237060547 0.0999999940395359
		endloop
	endfacet
	facet normal -0.0848027995982037 0.9963977545038464 0
		outer loop
			vertex 13.774275779724121 2.328130006790161 0.0999999940395359
			vertex 13.796246528625488 2.3299999237060547 0.8999999761581424
			vertex 13.796246528625488 2.3299999237060547 0.0999999940395359
		endloop
	endfacet
	facet normal 0.08480645427978477 0.9963974434493953 0
		outer loop
			vertex 13.796246528625488 2.3299999237060547 0.8999999761581424
			vertex 13.818216323852539 2.328130006790161 0.8999999761581424
			vertex 13.796246528625488 2.3299999237060547 0.0999999940395359
		endloop
	endfacet
	facet normal 0.08480645427978477 0.9963974434493953 0
		outer loop
			vertex 13.818216323852539 2.328130006790161 0.8999999761581424
			vertex 13.818216323852539 2.328130006790161 0.0999999940395359
			vertex 13.796246528625488 2.3299999237060547 0.0999999940395359
		endloop
	endfacet
	facet normal -0.08480645427978477 0.9963974434493953 0
		outer loop
			vertex 14.134276390075684 2.328130006790161 0.0999999940395359
			vertex 14.156246185302734 2.3299999237060547 0.8999999761581424
			vertex 14.156246185302734 2.3299999237060547 0.0999999940395359
		endloop
	endfacet
	facet normal 0.08480645427978477 0.9963974434493953 0
		outer loop
			vertex 14.156246185302734 2.3299999237060547 0.8999999761581424
			vertex 14.178215980529785 2.328130006790161 0.8999999761581424
			vertex 14.156246185302734 2.3299999237060547 0.0999999940395359
		endloop
	endfacet
	facet normal 0.08480645427978477 0.9963974434493953 0
		outer loop
			vertex 14.178215980529785 2.328130006790161 0.8999999761581424
			vertex 14.178215980529785 2.328130006790161 0.0999999940395359
			vertex 14.156246185302734 2.3299999237060547 0.0999999940395359
		endloop
	endfacet
	facet normal -0.2519731249356382 0.967734232271531 0
		outer loop
			vertex 12.31293773651123 2.322574019432068 0.0999999940395359
			vertex 12.33427619934082 2.328130006790161 0.8999999761581424
			vertex 12.33427619934082 2.328130006790161 0.0999999940395359
		endloop
	endfacet
	facet normal -0.08480645427978477 0.9963974434493953 0
		outer loop
			vertex 12.33427619934082 2.328130006790161 0.8999999761581424
			vertex 12.356245994567871 2.3299999237060547 0.8999999761581424
			vertex 12.33427619934082 2.328130006790161 0.0999999940395359
		endloop
	endfacet
	facet normal 0.2519731249356382 0.967734232271531 0
		outer loop
			vertex 12.378215789794922 2.328130006790161 0.8999999761581424
			vertex 12.399554252624512 2.322574019432068 0.8999999761581424
			vertex 12.378215789794922 2.328130006790161 0.0999999940395359
		endloop
	endfacet
	facet normal 0.2519731249356382 0.967734232271531 0
		outer loop
			vertex 12.399554252624512 2.322574019432068 0.8999999761581424
			vertex 12.399554252624512 2.322574019432068 0.0999999940395359
			vertex 12.378215789794922 2.328130006790161 0.0999999940395359
		endloop
	endfacet
	facet normal -0.2519731249356382 0.967734232271531 0
		outer loop
			vertex 12.672937393188477 2.322574019432068 0.0999999940395359
			vertex 12.694275856018066 2.328130006790161 0.8999999761581424
			vertex 12.694275856018066 2.328130006790161 0.0999999940395359
		endloop
	endfacet
	facet normal -0.08480645427978477 0.9963974434493953 0
		outer loop
			vertex 12.694275856018066 2.328130006790161 0.8999999761581424
			vertex 12.716245651245117 2.3299999237060547 0.8999999761581424
			vertex 12.694275856018066 2.328130006790161 0.0999999940395359
		endloop
	endfacet
	facet normal 0.2519731249356382 0.967734232271531 0
		outer loop
			vertex 12.738215446472168 2.328130006790161 0.8999999761581424
			vertex 12.759553909301758 2.322574019432068 0.8999999761581424
			vertex 12.738215446472168 2.328130006790161 0.0999999940395359
		endloop
	endfacet
	facet normal 0.2519731249356382 0.967734232271531 0
		outer loop
			vertex 12.759553909301758 2.322574019432068 0.8999999761581424
			vertex 12.759553909301758 2.322574019432068 0.0999999940395359
			vertex 12.738215446472168 2.328130006790161 0.0999999940395359
		endloop
	endfacet
	facet normal -0.2519731249356382 0.967734232271531 0
		outer loop
			vertex 13.032937049865723 2.322574019432068 0.0999999940395359
			vertex 13.054275512695312 2.328130006790161 0.8999999761581424
			vertex 13.054275512695312 2.328130006790161 0.0999999940395359
		endloop
	endfacet
	facet normal -0.08480645427978477 0.9963974434493953 0
		outer loop
			vertex 13.054275512695312 2.328130006790161 0.8999999761581424
			vertex 13.076245307922363 2.3299999237060547 0.8999999761581424
			vertex 13.054275512695312 2.328130006790161 0.0999999940395359
		endloop
	endfacet
	facet normal 0.25198367174139336 0.9677314860929791 0
		outer loop
			vertex 13.09821605682373 2.328130006790161 0.8999999761581424
			vertex 13.119553565979004 2.322574019432068 0.8999999761581424
			vertex 13.09821605682373 2.328130006790161 0.0999999940395359
		endloop
	endfacet
	facet normal 0.25198367174139336 0.9677314860929791 0
		outer loop
			vertex 13.119553565979004 2.322574019432068 0.8999999761581424
			vertex 13.119553565979004 2.322574019432068 0.0999999940395359
			vertex 13.09821605682373 2.328130006790161 0.0999999940395359
		endloop
	endfacet
	facet normal -0.25198367174139336 0.9677314860929791 0
		outer loop
			vertex 13.392937660217285 2.322574019432068 0.0999999940395359
			vertex 13.414275169372559 2.328130006790161 0.8999999761581424
			vertex 13.414275169372559 2.328130006790161 0.0999999940395359
		endloop
	endfacet
	facet normal -0.0848027995982037 0.9963977545038464 0
		outer loop
			vertex 13.414275169372559 2.328130006790161 0.8999999761581424
			vertex 13.436245918273926 2.3299999237060547 0.8999999761581424
			vertex 13.414275169372559 2.328130006790161 0.0999999940395359
		endloop
	endfacet
	facet normal 0.25198367174139336 0.9677314860929791 0
		outer loop
			vertex 13.458216667175293 2.328130006790161 0.8999999761581424
			vertex 13.479554176330566 2.322574019432068 0.8999999761581424
			vertex 13.458216667175293 2.328130006790161 0.0999999940395359
		endloop
	endfacet
	facet normal 0.25198367174139336 0.9677314860929791 0
		outer loop
			vertex 13.479554176330566 2.322574019432068 0.8999999761581424
			vertex 13.479554176330566 2.322574019432068 0.0999999940395359
			vertex 13.458216667175293 2.328130006790161 0.0999999940395359
		endloop
	endfacet
	facet normal -0.25198367174139336 0.9677314860929791 0
		outer loop
			vertex 13.752938270568848 2.322574019432068 0.0999999940395359
			vertex 13.774275779724121 2.328130006790161 0.8999999761581424
			vertex 13.774275779724121 2.328130006790161 0.0999999940395359
		endloop
	endfacet
	facet normal -0.0848027995982037 0.9963977545038464 0
		outer loop
			vertex 13.774275779724121 2.328130006790161 0.8999999761581424
			vertex 13.796246528625488 2.3299999237060547 0.8999999761581424
			vertex 13.774275779724121 2.328130006790161 0.0999999940395359
		endloop
	endfacet
	facet normal 0.25198367174139336 0.9677314860929791 0
		outer loop
			vertex 13.818216323852539 2.328130006790161 0.8999999761581424
			vertex 13.839553833007812 2.322574019432068 0.8999999761581424
			vertex 13.818216323852539 2.328130006790161 0.0999999940395359
		endloop
	endfacet
	facet normal 0.25198367174139336 0.9677314860929791 0
		outer loop
			vertex 13.839553833007812 2.322574019432068 0.8999999761581424
			vertex 13.839553833007812 2.322574019432068 0.0999999940395359
			vertex 13.818216323852539 2.328130006790161 0.0999999940395359
		endloop
	endfacet
	facet normal -0.2519731249356382 0.967734232271531 0
		outer loop
			vertex 14.112937927246094 2.322574019432068 0.0999999940395359
			vertex 14.134276390075684 2.328130006790161 0.8999999761581424
			vertex 14.134276390075684 2.328130006790161 0.0999999940395359
		endloop
	endfacet
	facet normal -0.08480645427978477 0.9963974434493953 0
		outer loop
			vertex 14.134276390075684 2.328130006790161 0.8999999761581424
			vertex 14.156246185302734 2.3299999237060547 0.8999999761581424
			vertex 14.134276390075684 2.328130006790161 0.0999999940395359
		endloop
	endfacet
	facet normal 0.2519731249356382 0.967734232271531 0
		outer loop
			vertex 14.178215980529785 2.328130006790161 0.8999999761581424
			vertex 14.199554443359375 2.322574019432068 0.8999999761581424
			vertex 14.178215980529785 2.328130006790161 0.0999999940395359
		endloop
	endfacet
	facet normal 0.2519731249356382 0.967734232271531 0
		outer loop
			vertex 14.199554443359375 2.322574019432068 0.8999999761581424
			vertex 14.199554443359375 2.322574019432068 0.0999999940395359
			vertex 14.178215980529785 2.328130006790161 0.0999999940395359
		endloop
	endfacet
	facet normal -0.41189088831568704 0.9112331733000694 0
		outer loop
			vertex 12.292844772338867 2.313491702079773 0.0999999940395359
			vertex 12.31293773651123 2.322574019432068 0.8999999761581424
			vertex 12.31293773651123 2.322574019432068 0.0999999940395359
		endloop
	endfacet
	facet normal -0.2519731249356382 0.967734232271531 0
		outer loop
			vertex 12.31293773651123 2.322574019432068 0.8999999761581424
			vertex 12.33427619934082 2.328130006790161 0.8999999761581424
			vertex 12.31293773651123 2.322574019432068 0.0999999940395359
		endloop
	endfacet
	facet normal 0.4119071218346533 0.9112258353349583 0
		outer loop
			vertex 12.399554252624512 2.322574019432068 0.8999999761581424
			vertex 12.419646263122559 2.313491702079773 0.8999999761581424
			vertex 12.399554252624512 2.322574019432068 0.0999999940395359
		endloop
	endfacet
	facet normal 0.4119071218346533 0.9112258353349583 0
		outer loop
			vertex 12.419646263122559 2.313491702079773 0.8999999761581424
			vertex 12.419646263122559 2.313491702079773 0.0999999940395359
			vertex 12.399554252624512 2.322574019432068 0.0999999940395359
		endloop
	endfacet
	facet normal -0.4119071218346533 0.9112258353349583 0
		outer loop
			vertex 12.65284538269043 2.313491702079773 0.0999999940395359
			vertex 12.672937393188477 2.322574019432068 0.8999999761581424
			vertex 12.672937393188477 2.322574019432068 0.0999999940395359
		endloop
	endfacet
	facet normal -0.2519731249356382 0.967734232271531 0
		outer loop
			vertex 12.672937393188477 2.322574019432068 0.8999999761581424
			vertex 12.694275856018066 2.328130006790161 0.8999999761581424
			vertex 12.672937393188477 2.322574019432068 0.0999999940395359
		endloop
	endfacet
	facet normal 0.4119071218346533 0.9112258353349583 0
		outer loop
			vertex 12.759553909301758 2.322574019432068 0.8999999761581424
			vertex 12.779645919799805 2.313491702079773 0.8999999761581424
			vertex 12.759553909301758 2.322574019432068 0.0999999940395359
		endloop
	endfacet
	facet normal 0.4119071218346533 0.9112258353349583 0
		outer loop
			vertex 12.779645919799805 2.313491702079773 0.8999999761581424
			vertex 12.779645919799805 2.313491702079773 0.0999999940395359
			vertex 12.759553909301758 2.322574019432068 0.0999999940395359
		endloop
	endfacet
	facet normal -0.41192335650251793 0.9112184965021836 0
		outer loop
			vertex 13.012845993041992 2.313491702079773 0.0999999940395359
			vertex 13.032937049865723 2.322574019432068 0.8999999761581424
			vertex 13.032937049865723 2.322574019432068 0.0999999940395359
		endloop
	endfacet
	facet normal -0.2519731249356382 0.967734232271531 0
		outer loop
			vertex 13.032937049865723 2.322574019432068 0.8999999761581424
			vertex 13.054275512695312 2.328130006790161 0.8999999761581424
			vertex 13.032937049865723 2.322574019432068 0.0999999940395359
		endloop
	endfacet
	facet normal 0.41189088831568704 0.9112331733000694 0
		outer loop
			vertex 13.119553565979004 2.322574019432068 0.8999999761581424
			vertex 13.139646530151367 2.313491702079773 0.8999999761581424
			vertex 13.119553565979004 2.322574019432068 0.0999999940395359
		endloop
	endfacet
	facet normal 0.41189088831568704 0.9112331733000694 0
		outer loop
			vertex 13.139646530151367 2.313491702079773 0.8999999761581424
			vertex 13.139646530151367 2.313491702079773 0.0999999940395359
			vertex 13.119553565979004 2.322574019432068 0.0999999940395359
		endloop
	endfacet
	facet normal -0.4119071218346533 0.9112258353349583 0
		outer loop
			vertex 13.372845649719238 2.313491702079773 0.0999999940395359
			vertex 13.392937660217285 2.322574019432068 0.8999999761581424
			vertex 13.392937660217285 2.322574019432068 0.0999999940395359
		endloop
	endfacet
	facet normal -0.25198367174139336 0.9677314860929791 0
		outer loop
			vertex 13.392937660217285 2.322574019432068 0.8999999761581424
			vertex 13.414275169372559 2.328130006790161 0.8999999761581424
			vertex 13.392937660217285 2.322574019432068 0.0999999940395359
		endloop
	endfacet
	facet normal 0.4119071218346533 0.9112258353349583 0
		outer loop
			vertex 13.479554176330566 2.322574019432068 0.8999999761581424
			vertex 13.499646186828613 2.313491702079773 0.8999999761581424
			vertex 13.479554176330566 2.322574019432068 0.0999999940395359
		endloop
	endfacet
	facet normal 0.4119071218346533 0.9112258353349583 0
		outer loop
			vertex 13.499646186828613 2.313491702079773 0.8999999761581424
			vertex 13.499646186828613 2.313491702079773 0.0999999940395359
			vertex 13.479554176330566 2.322574019432068 0.0999999940395359
		endloop
	endfacet
	facet normal -0.41189088831568704 0.9112331733000694 0
		outer loop
			vertex 13.732845306396484 2.313491702079773 0.0999999940395359
			vertex 13.752938270568848 2.322574019432068 0.8999999761581424
			vertex 13.752938270568848 2.322574019432068 0.0999999940395359
		endloop
	endfacet
	facet normal -0.25198367174139336 0.9677314860929791 0
		outer loop
			vertex 13.752938270568848 2.322574019432068 0.8999999761581424
			vertex 13.774275779724121 2.328130006790161 0.8999999761581424
			vertex 13.752938270568848 2.322574019432068 0.0999999940395359
		endloop
	endfacet
	facet normal 0.4119071218346533 0.9112258353349583 0
		outer loop
			vertex 13.839553833007812 2.322574019432068 0.8999999761581424
			vertex 13.85964584350586 2.313491702079773 0.8999999761581424
			vertex 13.839553833007812 2.322574019432068 0.0999999940395359
		endloop
	endfacet
	facet normal 0.4119071218346533 0.9112258353349583 0
		outer loop
			vertex 13.85964584350586 2.313491702079773 0.8999999761581424
			vertex 13.85964584350586 2.313491702079773 0.0999999940395359
			vertex 13.839553833007812 2.322574019432068 0.0999999940395359
		endloop
	endfacet
	facet normal -0.4119071218346533 0.9112258353349583 0
		outer loop
			vertex 14.092845916748047 2.313491702079773 0.0999999940395359
			vertex 14.112937927246094 2.322574019432068 0.8999999761581424
			vertex 14.112937927246094 2.322574019432068 0.0999999940395359
		endloop
	endfacet
	facet normal -0.2519731249356382 0.967734232271531 0
		outer loop
			vertex 14.112937927246094 2.322574019432068 0.8999999761581424
			vertex 14.134276390075684 2.328130006790161 0.8999999761581424
			vertex 14.112937927246094 2.322574019432068 0.0999999940395359
		endloop
	endfacet
	facet normal 0.4119071218346533 0.9112258353349583 0
		outer loop
			vertex 14.199554443359375 2.322574019432068 0.8999999761581424
			vertex 14.219646453857422 2.313491702079773 0.8999999761581424
			vertex 14.199554443359375 2.322574019432068 0.0999999940395359
		endloop
	endfacet
	facet normal 0.4119071218346533 0.9112258353349583 0
		outer loop
			vertex 14.219646453857422 2.313491702079773 0.8999999761581424
			vertex 14.219646453857422 2.313491702079773 0.0999999940395359
			vertex 14.199554443359375 2.322574019432068 0.0999999940395359
		endloop
	endfacet
	facet normal -0.5599853157712641 0.8285025323561526 0
		outer loop
			vertex 12.274577140808105 2.301144599914551 0.0999999940395359
			vertex 12.292844772338867 2.313491702079773 0.8999999761581424
			vertex 12.292844772338867 2.313491702079773 0.0999999940395359
		endloop
	endfacet
	facet normal -0.41189088831568704 0.9112331733000694 0
		outer loop
			vertex 12.292844772338867 2.313491702079773 0.8999999761581424
			vertex 12.31293773651123 2.322574019432068 0.8999999761581424
			vertex 12.292844772338867 2.313491702079773 0.0999999940395359
		endloop
	endfacet
	facet normal 0.5599853157712641 0.8285025323561526 0
		outer loop
			vertex 12.419646263122559 2.313491702079773 0.8999999761581424
			vertex 12.43791389465332 2.301144599914551 0.8999999761581424
			vertex 12.419646263122559 2.313491702079773 0.0999999940395359
		endloop
	endfacet
	facet normal 0.5599853157712641 0.8285025323561526 0
		outer loop
			vertex 12.43791389465332 2.301144599914551 0.8999999761581424
			vertex 12.43791389465332 2.301144599914551 0.0999999940395359
			vertex 12.419646263122559 2.313491702079773 0.0999999940395359
		endloop
	endfacet
	facet normal -0.5599652493393917 0.8285160949144399 0
		outer loop
			vertex 12.634576797485352 2.301144599914551 0.0999999940395359
			vertex 12.65284538269043 2.313491702079773 0.8999999761581424
			vertex 12.65284538269043 2.313491702079773 0.0999999940395359
		endloop
	endfacet
	facet normal -0.4119071218346533 0.9112258353349583 0
		outer loop
			vertex 12.65284538269043 2.313491702079773 0.8999999761581424
			vertex 12.672937393188477 2.322574019432068 0.8999999761581424
			vertex 12.65284538269043 2.313491702079773 0.0999999940395359
		endloop
	endfacet
	facet normal 0.5599652493393917 0.8285160949144399 0
		outer loop
			vertex 12.779645919799805 2.313491702079773 0.8999999761581424
			vertex 12.797914505004883 2.301144599914551 0.8999999761581424
			vertex 12.779645919799805 2.313491702079773 0.0999999940395359
		endloop
	endfacet
	facet normal 0.5599652493393917 0.8285160949144399 0
		outer loop
			vertex 12.797914505004883 2.301144599914551 0.8999999761581424
			vertex 12.797914505004883 2.301144599914551 0.0999999940395359
			vertex 12.779645919799805 2.313491702079773 0.0999999940395359
		endloop
	endfacet
	facet normal -0.5599652493393917 0.8285160949144399 0
		outer loop
			vertex 12.994577407836914 2.301144599914551 0.0999999940395359
			vertex 13.012845993041992 2.313491702079773 0.8999999761581424
			vertex 13.012845993041992 2.313491702079773 0.0999999940395359
		endloop
	endfacet
	facet normal -0.41192335650251793 0.9112184965021836 0
		outer loop
			vertex 13.012845993041992 2.313491702079773 0.8999999761581424
			vertex 13.032937049865723 2.322574019432068 0.8999999761581424
			vertex 13.012845993041992 2.313491702079773 0.0999999940395359
		endloop
	endfacet
	facet normal 0.5599853157712641 0.8285025323561526 0
		outer loop
			vertex 13.139646530151367 2.313491702079773 0.8999999761581424
			vertex 13.157914161682129 2.301144599914551 0.8999999761581424
			vertex 13.139646530151367 2.313491702079773 0.0999999940395359
		endloop
	endfacet
	facet normal 0.5599853157712641 0.8285025323561526 0
		outer loop
			vertex 13.157914161682129 2.301144599914551 0.8999999761581424
			vertex 13.157914161682129 2.301144599914551 0.0999999940395359
			vertex 13.139646530151367 2.313491702079773 0.0999999940395359
		endloop
	endfacet
	facet normal -0.5599652493393917 0.8285160949144399 0
		outer loop
			vertex 13.35457706451416 2.301144599914551 0.0999999940395359
			vertex 13.372845649719238 2.313491702079773 0.8999999761581424
			vertex 13.372845649719238 2.313491702079773 0.0999999940395359
		endloop
	endfacet
	facet normal -0.4119071218346533 0.9112258353349583 0
		outer loop
			vertex 13.372845649719238 2.313491702079773 0.8999999761581424
			vertex 13.392937660217285 2.322574019432068 0.8999999761581424
			vertex 13.372845649719238 2.313491702079773 0.0999999940395359
		endloop
	endfacet
	facet normal 0.5599853157712641 0.8285025323561526 0
		outer loop
			vertex 13.499646186828613 2.313491702079773 0.8999999761581424
			vertex 13.517913818359375 2.301144599914551 0.8999999761581424
			vertex 13.499646186828613 2.313491702079773 0.0999999940395359
		endloop
	endfacet
	facet normal 0.5599853157712641 0.8285025323561526 0
		outer loop
			vertex 13.517913818359375 2.301144599914551 0.8999999761581424
			vertex 13.517913818359375 2.301144599914551 0.0999999940395359
			vertex 13.499646186828613 2.313491702079773 0.0999999940395359
		endloop
	endfacet
	facet normal -0.5599853157712641 0.8285025323561526 0
		outer loop
			vertex 13.714577674865723 2.301144599914551 0.0999999940395359
			vertex 13.732845306396484 2.313491702079773 0.8999999761581424
			vertex 13.732845306396484 2.313491702079773 0.0999999940395359
		endloop
	endfacet
	facet normal -0.41189088831568704 0.9112331733000694 0
		outer loop
			vertex 13.732845306396484 2.313491702079773 0.8999999761581424
			vertex 13.752938270568848 2.322574019432068 0.8999999761581424
			vertex 13.732845306396484 2.313491702079773 0.0999999940395359
		endloop
	endfacet
	facet normal 0.5599451840171518 0.8285296560147971 0
		outer loop
			vertex 13.85964584350586 2.313491702079773 0.8999999761581424
			vertex 13.877915382385254 2.301144599914551 0.8999999761581424
			vertex 13.85964584350586 2.313491702079773 0.0999999940395359
		endloop
	endfacet
	facet normal 0.5599451840171518 0.8285296560147971 0
		outer loop
			vertex 13.877915382385254 2.301144599914551 0.8999999761581424
			vertex 13.877915382385254 2.301144599914551 0.0999999940395359
			vertex 13.85964584350586 2.313491702079773 0.0999999940395359
		endloop
	endfacet
	facet normal -0.5599652493393917 0.8285160949144399 0
		outer loop
			vertex 14.074577331542969 2.301144599914551 0.0999999940395359
			vertex 14.092845916748047 2.313491702079773 0.8999999761581424
			vertex 14.092845916748047 2.313491702079773 0.0999999940395359
		endloop
	endfacet
	facet normal -0.4119071218346533 0.9112258353349583 0
		outer loop
			vertex 14.092845916748047 2.313491702079773 0.8999999761581424
			vertex 14.112937927246094 2.322574019432068 0.8999999761581424
			vertex 14.092845916748047 2.313491702079773 0.0999999940395359
		endloop
	endfacet
	facet normal 0.5599652493393917 0.8285160949144399 0
		outer loop
			vertex 14.219646453857422 2.313491702079773 0.8999999761581424
			vertex 14.2379150390625 2.301144599914551 0.8999999761581424
			vertex 14.219646453857422 2.313491702079773 0.0999999940395359
		endloop
	endfacet
	facet normal 0.5599652493393917 0.8285160949144399 0
		outer loop
			vertex 14.2379150390625 2.301144599914551 0.8999999761581424
			vertex 14.2379150390625 2.301144599914551 0.0999999940395359
			vertex 14.219646453857422 2.313491702079773 0.0999999940395359
		endloop
	endfacet
	facet normal -0.6919419988616163 0.7219530941906067 0
		outer loop
			vertex 12.258658409118652 2.285887598991394 0.0999999940395359
			vertex 12.274577140808105 2.301144599914551 0.8999999761581424
			vertex 12.274577140808105 2.301144599914551 0.0999999940395359
		endloop
	endfacet
	facet normal -0.5599853157712641 0.8285025323561526 0
		outer loop
			vertex 12.274577140808105 2.301144599914551 0.8999999761581424
			vertex 12.292844772338867 2.313491702079773 0.8999999761581424
			vertex 12.274577140808105 2.301144599914551 0.0999999940395359
		endloop
	endfacet
	facet normal 0.6919203929822401 0.721973801308124 0
		outer loop
			vertex 12.43791389465332 2.301144599914551 0.8999999761581424
			vertex 12.45383358001709 2.285887598991394 0.8999999761581424
			vertex 12.43791389465332 2.301144599914551 0.0999999940395359
		endloop
	endfacet
	facet normal 0.6919203929822401 0.721973801308124 0
		outer loop
			vertex 12.45383358001709 2.285887598991394 0.8999999761581424
			vertex 12.45383358001709 2.285887598991394 0.0999999940395359
			vertex 12.43791389465332 2.301144599914551 0.0999999940395359
		endloop
	endfacet
	facet normal -0.6919419988616163 0.7219530941906067 0
		outer loop
			vertex 12.618658065795898 2.285887598991394 0.0999999940395359
			vertex 12.634576797485352 2.301144599914551 0.8999999761581424
			vertex 12.634576797485352 2.301144599914551 0.0999999940395359
		endloop
	endfacet
	facet normal -0.5599652493393917 0.8285160949144399 0
		outer loop
			vertex 12.634576797485352 2.301144599914551 0.8999999761581424
			vertex 12.65284538269043 2.313491702079773 0.8999999761581424
			vertex 12.634576797485352 2.301144599914551 0.0999999940395359
		endloop
	endfacet
	facet normal 0.6919419988616163 0.7219530941906067 0
		outer loop
			vertex 12.797914505004883 2.301144599914551 0.8999999761581424
			vertex 12.813833236694336 2.285887598991394 0.8999999761581424
			vertex 12.797914505004883 2.301144599914551 0.0999999940395359
		endloop
	endfacet
	facet normal 0.6919419988616163 0.7219530941906067 0
		outer loop
			vertex 12.813833236694336 2.285887598991394 0.8999999761581424
			vertex 12.813833236694336 2.285887598991394 0.0999999940395359
			vertex 12.797914505004883 2.301144599914551 0.0999999940395359
		endloop
	endfacet
	facet normal -0.6919419988616163 0.7219530941906067 0
		outer loop
			vertex 12.978658676147461 2.285887598991394 0.0999999940395359
			vertex 12.994577407836914 2.301144599914551 0.8999999761581424
			vertex 12.994577407836914 2.301144599914551 0.0999999940395359
		endloop
	endfacet
	facet normal -0.5599652493393917 0.8285160949144399 0
		outer loop
			vertex 12.994577407836914 2.301144599914551 0.8999999761581424
			vertex 13.012845993041992 2.313491702079773 0.8999999761581424
			vertex 12.994577407836914 2.301144599914551 0.0999999940395359
		endloop
	endfacet
	facet normal 0.6919419988616163 0.7219530941906067 0
		outer loop
			vertex 13.157914161682129 2.301144599914551 0.8999999761581424
			vertex 13.173832893371582 2.285887598991394 0.8999999761581424
			vertex 13.157914161682129 2.301144599914551 0.0999999940395359
		endloop
	endfacet
	facet normal 0.6919419988616163 0.7219530941906067 0
		outer loop
			vertex 13.173832893371582 2.285887598991394 0.8999999761581424
			vertex 13.173832893371582 2.285887598991394 0.0999999940395359
			vertex 13.157914161682129 2.301144599914551 0.0999999940395359
		endloop
	endfacet
	facet normal -0.6919419988616163 0.7219530941906067 0
		outer loop
			vertex 13.338658332824707 2.285887598991394 0.0999999940395359
			vertex 13.35457706451416 2.301144599914551 0.8999999761581424
			vertex 13.35457706451416 2.301144599914551 0.0999999940395359
		endloop
	endfacet
	facet normal -0.5599652493393917 0.8285160949144399 0
		outer loop
			vertex 13.35457706451416 2.301144599914551 0.8999999761581424
			vertex 13.372845649719238 2.313491702079773 0.8999999761581424
			vertex 13.35457706451416 2.301144599914551 0.0999999940395359
		endloop
	endfacet
	facet normal 0.6919203929822401 0.721973801308124 0
		outer loop
			vertex 13.517913818359375 2.301144599914551 0.8999999761581424
			vertex 13.533833503723145 2.285887598991394 0.8999999761581424
			vertex 13.517913818359375 2.301144599914551 0.0999999940395359
		endloop
	endfacet
	facet normal 0.6919203929822401 0.721973801308124 0
		outer loop
			vertex 13.533833503723145 2.285887598991394 0.8999999761581424
			vertex 13.533833503723145 2.285887598991394 0.0999999940395359
			vertex 13.517913818359375 2.301144599914551 0.0999999940395359
		endloop
	endfacet
	facet normal -0.6919419988616163 0.7219530941906067 0
		outer loop
			vertex 13.69865894317627 2.285887598991394 0.0999999940395359
			vertex 13.714577674865723 2.301144599914551 0.8999999761581424
			vertex 13.714577674865723 2.301144599914551 0.0999999940395359
		endloop
	endfacet
	facet normal -0.5599853157712641 0.8285025323561526 0
		outer loop
			vertex 13.714577674865723 2.301144599914551 0.8999999761581424
			vertex 13.732845306396484 2.313491702079773 0.8999999761581424
			vertex 13.714577674865723 2.301144599914551 0.0999999940395359
		endloop
	endfacet
	facet normal 0.6919636054705837 0.7219323851332273 0
		outer loop
			vertex 13.877915382385254 2.301144599914551 0.8999999761581424
			vertex 13.89383316040039 2.285887598991394 0.8999999761581424
			vertex 13.877915382385254 2.301144599914551 0.0999999940395359
		endloop
	endfacet
	facet normal 0.6919636054705837 0.7219323851332273 0
		outer loop
			vertex 13.89383316040039 2.285887598991394 0.8999999761581424
			vertex 13.89383316040039 2.285887598991394 0.0999999940395359
			vertex 13.877915382385254 2.301144599914551 0.0999999940395359
		endloop
	endfacet
	facet normal -0.6919419988616163 0.7219530941906067 0
		outer loop
			vertex 14.058658599853516 2.285887598991394 0.0999999940395359
			vertex 14.074577331542969 2.301144599914551 0.8999999761581424
			vertex 14.074577331542969 2.301144599914551 0.0999999940395359
		endloop
	endfacet
	facet normal -0.5599652493393917 0.8285160949144399 0
		outer loop
			vertex 14.074577331542969 2.301144599914551 0.8999999761581424
			vertex 14.092845916748047 2.313491702079773 0.8999999761581424
			vertex 14.074577331542969 2.301144599914551 0.0999999940395359
		endloop
	endfacet
	facet normal 0.6919636054705837 0.7219323851332273 0
		outer loop
			vertex 14.2379150390625 2.301144599914551 0.8999999761581424
			vertex 14.253832817077637 2.285887598991394 0.8999999761581424
			vertex 14.2379150390625 2.301144599914551 0.0999999940395359
		endloop
	endfacet
	facet normal 0.6919636054705837 0.7219323851332273 0
		outer loop
			vertex 14.253832817077637 2.285887598991394 0.8999999761581424
			vertex 14.253832817077637 2.285887598991394 0.0999999940395359
			vertex 14.2379150390625 2.301144599914551 0.0999999940395359
		endloop
	endfacet
	facet normal -0.8039818338783631 0.5946538579657786 0
		outer loop
			vertex 12.245546340942383 2.268159866333008 0.09999999403953591
			vertex 12.258658409118652 2.285887598991394 0.8999999761581424
			vertex 12.258658409118652 2.285887598991394 0.0999999940395359
		endloop
	endfacet
	facet normal -0.6919419988616163 0.7219530941906067 0
		outer loop
			vertex 12.258658409118652 2.285887598991394 0.8999999761581424
			vertex 12.274577140808105 2.301144599914551 0.8999999761581424
			vertex 12.258658409118652 2.285887598991394 0.0999999940395359
		endloop
	endfacet
	facet normal 0.8040025116895771 0.5946259002068875 0
		outer loop
			vertex 12.45383358001709 2.285887598991394 0.8999999761581424
			vertex 12.466944694519043 2.268159866333008 0.8999999761581424
			vertex 12.45383358001709 2.285887598991394 0.0999999940395359
		endloop
	endfacet
	facet normal 0.8040025116895771 0.5946259002068875 0
		outer loop
			vertex 12.466944694519043 2.268159866333008 0.8999999761581424
			vertex 12.466944694519043 2.268159866333008 0.09999999403953591
			vertex 12.45383358001709 2.285887598991394 0.0999999940395359
		endloop
	endfacet
	facet normal -0.8040025116895771 0.5946259002068875 0
		outer loop
			vertex 12.605546951293945 2.268159866333008 0.09999999403953591
			vertex 12.618658065795898 2.285887598991394 0.8999999761581424
			vertex 12.618658065795898 2.285887598991394 0.0999999940395359
		endloop
	endfacet
	facet normal -0.6919419988616163 0.7219530941906067 0
		outer loop
			vertex 12.618658065795898 2.285887598991394 0.8999999761581424
			vertex 12.634576797485352 2.301144599914551 0.8999999761581424
			vertex 12.618658065795898 2.285887598991394 0.0999999940395359
		endloop
	endfacet
	facet normal 0.8040025116895771 0.5946259002068875 0
		outer loop
			vertex 12.813833236694336 2.285887598991394 0.8999999761581424
			vertex 12.826944351196289 2.268159866333008 0.8999999761581424
			vertex 12.813833236694336 2.285887598991394 0.0999999940395359
		endloop
	endfacet
	facet normal 0.8040025116895771 0.5946259002068875 0
		outer loop
			vertex 12.826944351196289 2.268159866333008 0.8999999761581424
			vertex 12.826944351196289 2.268159866333008 0.09999999403953591
			vertex 12.813833236694336 2.285887598991394 0.0999999940395359
		endloop
	endfacet
	facet normal -0.8039818338783631 0.5946538579657786 0
		outer loop
			vertex 12.965546607971191 2.268159866333008 0.09999999403953591
			vertex 12.978658676147461 2.285887598991394 0.8999999761581424
			vertex 12.978658676147461 2.285887598991394 0.0999999940395359
		endloop
	endfacet
	facet normal -0.6919419988616163 0.7219530941906067 0
		outer loop
			vertex 12.978658676147461 2.285887598991394 0.8999999761581424
			vertex 12.994577407836914 2.301144599914551 0.8999999761581424
			vertex 12.978658676147461 2.285887598991394 0.0999999940395359
		endloop
	endfacet
	facet normal 0.8040025116895771 0.5946259002068875 0
		outer loop
			vertex 13.173832893371582 2.285887598991394 0.8999999761581424
			vertex 13.186944007873535 2.268159866333008 0.8999999761581424
			vertex 13.173832893371582 2.285887598991394 0.0999999940395359
		endloop
	endfacet
	facet normal 0.8040025116895771 0.5946259002068875 0
		outer loop
			vertex 13.186944007873535 2.268159866333008 0.8999999761581424
			vertex 13.186944007873535 2.268159866333008 0.09999999403953591
			vertex 13.173832893371582 2.285887598991394 0.0999999940395359
		endloop
	endfacet
	facet normal -0.8040025116895771 0.5946259002068875 0
		outer loop
			vertex 13.325547218322754 2.268159866333008 0.09999999403953591
			vertex 13.338658332824707 2.285887598991394 0.8999999761581424
			vertex 13.338658332824707 2.285887598991394 0.0999999940395359
		endloop
	endfacet
	facet normal -0.6919419988616163 0.7219530941906067 0
		outer loop
			vertex 13.338658332824707 2.285887598991394 0.8999999761581424
			vertex 13.35457706451416 2.301144599914551 0.8999999761581424
			vertex 13.338658332824707 2.285887598991394 0.0999999940395359
		endloop
	endfacet
	facet normal 0.8040025116895771 0.5946259002068875 0
		outer loop
			vertex 13.533833503723145 2.285887598991394 0.8999999761581424
			vertex 13.546944618225098 2.268159866333008 0.8999999761581424
			vertex 13.533833503723145 2.285887598991394 0.0999999940395359
		endloop
	endfacet
	facet normal 0.8040025116895771 0.5946259002068875 0
		outer loop
			vertex 13.546944618225098 2.268159866333008 0.8999999761581424
			vertex 13.546944618225098 2.268159866333008 0.09999999403953591
			vertex 13.533833503723145 2.285887598991394 0.0999999940395359
		endloop
	endfacet
	facet normal -0.8040025116895771 0.5946259002068875 0
		outer loop
			vertex 13.685547828674316 2.268159866333008 0.09999999403953591
			vertex 13.69865894317627 2.285887598991394 0.8999999761581424
			vertex 13.69865894317627 2.285887598991394 0.0999999940395359
		endloop
	endfacet
	facet normal -0.6919419988616163 0.7219530941906067 0
		outer loop
			vertex 13.69865894317627 2.285887598991394 0.8999999761581424
			vertex 13.714577674865723 2.301144599914551 0.8999999761581424
			vertex 13.69865894317627 2.285887598991394 0.0999999940395359
		endloop
	endfacet
	facet normal 0.8039818338783631 0.5946538579657786 0
		outer loop
			vertex 13.89383316040039 2.285887598991394 0.8999999761581424
			vertex 13.90694522857666 2.268159866333008 0.8999999761581424
			vertex 13.89383316040039 2.285887598991394 0.0999999940395359
		endloop
	endfacet
	facet normal 0.8039818338783631 0.5946538579657786 0
		outer loop
			vertex 13.90694522857666 2.268159866333008 0.8999999761581424
			vertex 13.90694522857666 2.268159866333008 0.09999999403953591
			vertex 13.89383316040039 2.285887598991394 0.0999999940395359
		endloop
	endfacet
	facet normal -0.8040025116895771 0.5946259002068875 0
		outer loop
			vertex 14.045547485351562 2.268159866333008 0.09999999403953591
			vertex 14.058658599853516 2.285887598991394 0.8999999761581424
			vertex 14.058658599853516 2.285887598991394 0.0999999940395359
		endloop
	endfacet
	facet normal -0.6919419988616163 0.7219530941906067 0
		outer loop
			vertex 14.058658599853516 2.285887598991394 0.8999999761581424
			vertex 14.074577331542969 2.301144599914551 0.8999999761581424
			vertex 14.058658599853516 2.285887598991394 0.0999999940395359
		endloop
	endfacet
	facet normal 0.8039818338783631 0.5946538579657786 0
		outer loop
			vertex 14.253832817077637 2.285887598991394 0.8999999761581424
			vertex 14.266944885253906 2.268159866333008 0.8999999761581424
			vertex 14.253832817077637 2.285887598991394 0.0999999940395359
		endloop
	endfacet
	facet normal 0.8039818338783631 0.5946538579657786 0
		outer loop
			vertex 14.266944885253906 2.268159866333008 0.8999999761581424
			vertex 14.266944885253906 2.268159866333008 0.09999999403953591
			vertex 14.253832817077637 2.285887598991394 0.0999999940395359
		endloop
	endfacet
	facet normal -0.892925683958894 0.4502040903040992 0
		outer loop
			vertex 12.23561954498291 2.248471260070801 0.09999999403953591
			vertex 12.245546340942383 2.268159866333008 0.8999999761581424
			vertex 12.245546340942383 2.268159866333008 0.09999999403953591
		endloop
	endfacet
	facet normal -0.8039818338783631 0.5946538579657786 0
		outer loop
			vertex 12.245546340942383 2.268159866333008 0.8999999761581424
			vertex 12.258658409118652 2.285887598991394 0.8999999761581424
			vertex 12.245546340942383 2.268159866333008 0.09999999403953591
		endloop
	endfacet
	facet normal 0.8929256839588939 0.45020409030409914 0
		outer loop
			vertex 12.466944694519043 2.268159866333008 0.8999999761581424
			vertex 12.476871490478516 2.248471260070801 0.8999999761581425
			vertex 12.466944694519043 2.268159866333008 0.09999999403953591
		endloop
	endfacet
	facet normal 0.892925683958894 0.4502040903040992 0
		outer loop
			vertex 12.476871490478516 2.248471260070801 0.8999999761581425
			vertex 12.476871490478516 2.248471260070801 0.09999999403953591
			vertex 12.466944694519043 2.268159866333008 0.09999999403953591
		endloop
	endfacet
	facet normal -0.892925683958894 0.4502040903040992 0
		outer loop
			vertex 12.595620155334473 2.248471260070801 0.09999999403953591
			vertex 12.605546951293945 2.268159866333008 0.8999999761581424
			vertex 12.605546951293945 2.268159866333008 0.09999999403953591
		endloop
	endfacet
	facet normal -0.8040025116895771 0.5946259002068875 0
		outer loop
			vertex 12.605546951293945 2.268159866333008 0.8999999761581424
			vertex 12.618658065795898 2.285887598991394 0.8999999761581424
			vertex 12.605546951293945 2.268159866333008 0.09999999403953591
		endloop
	endfacet
	facet normal 0.8929256839588939 0.45020409030409914 0
		outer loop
			vertex 12.826944351196289 2.268159866333008 0.8999999761581424
			vertex 12.836871147155762 2.248471260070801 0.8999999761581425
			vertex 12.826944351196289 2.268159866333008 0.09999999403953591
		endloop
	endfacet
	facet normal 0.892925683958894 0.4502040903040992 0
		outer loop
			vertex 12.836871147155762 2.248471260070801 0.8999999761581425
			vertex 12.836871147155762 2.248471260070801 0.09999999403953591
			vertex 12.826944351196289 2.268159866333008 0.09999999403953591
		endloop
	endfacet
	facet normal -0.8929430706525412 0.45016960423112856 0
		outer loop
			vertex 12.955620765686035 2.248471260070801 0.09999999403953591
			vertex 12.965546607971191 2.268159866333008 0.8999999761581424
			vertex 12.965546607971191 2.268159866333008 0.09999999403953591
		endloop
	endfacet
	facet normal -0.8039818338783631 0.5946538579657786 0
		outer loop
			vertex 12.965546607971191 2.268159866333008 0.8999999761581424
			vertex 12.978658676147461 2.285887598991394 0.8999999761581424
			vertex 12.965546607971191 2.268159866333008 0.09999999403953591
		endloop
	endfacet
	facet normal 0.892908296610542 0.45023857436259346 0
		outer loop
			vertex 13.186944007873535 2.268159866333008 0.8999999761581424
			vertex 13.196871757507324 2.248471260070801 0.8999999761581425
			vertex 13.186944007873535 2.268159866333008 0.09999999403953591
		endloop
	endfacet
	facet normal 0.8929082966105418 0.45023857436259335 0
		outer loop
			vertex 13.196871757507324 2.248471260070801 0.8999999761581425
			vertex 13.196871757507324 2.248471260070801 0.09999999403953591
			vertex 13.186944007873535 2.268159866333008 0.09999999403953591
		endloop
	endfacet
	facet normal -0.892925683958894 0.4502040903040992 0
		outer loop
			vertex 13.315620422363281 2.248471260070801 0.09999999403953591
			vertex 13.325547218322754 2.268159866333008 0.8999999761581424
			vertex 13.325547218322754 2.268159866333008 0.09999999403953591
		endloop
	endfacet
	facet normal -0.8040025116895771 0.5946259002068875 0
		outer loop
			vertex 13.325547218322754 2.268159866333008 0.8999999761581424
			vertex 13.338658332824707 2.285887598991394 0.8999999761581424
			vertex 13.325547218322754 2.268159866333008 0.09999999403953591
		endloop
	endfacet
	facet normal 0.8929256839588939 0.45020409030409914 0
		outer loop
			vertex 13.546944618225098 2.268159866333008 0.8999999761581424
			vertex 13.55687141418457 2.248471260070801 0.8999999761581425
			vertex 13.546944618225098 2.268159866333008 0.09999999403953591
		endloop
	endfacet
	facet normal 0.892925683958894 0.4502040903040992 0
		outer loop
			vertex 13.55687141418457 2.248471260070801 0.8999999761581425
			vertex 13.55687141418457 2.248471260070801 0.09999999403953591
			vertex 13.546944618225098 2.268159866333008 0.09999999403953591
		endloop
	endfacet
	facet normal -0.8929082966105418 0.45023857436259335 0
		outer loop
			vertex 13.675620079040527 2.248471260070801 0.09999999403953591
			vertex 13.685547828674316 2.268159866333008 0.8999999761581424
			vertex 13.685547828674316 2.268159866333008 0.09999999403953591
		endloop
	endfacet
	facet normal -0.8040025116895771 0.5946259002068875 0
		outer loop
			vertex 13.685547828674316 2.268159866333008 0.8999999761581424
			vertex 13.69865894317627 2.285887598991394 0.8999999761581424
			vertex 13.685547828674316 2.268159866333008 0.09999999403953591
		endloop
	endfacet
	facet normal 0.8929430706525413 0.45016960423112856 0
		outer loop
			vertex 13.90694522857666 2.268159866333008 0.8999999761581424
			vertex 13.916871070861816 2.248471260070801 0.8999999761581425
			vertex 13.90694522857666 2.268159866333008 0.09999999403953591
		endloop
	endfacet
	facet normal 0.8929430706525412 0.45016960423112856 0
		outer loop
			vertex 13.916871070861816 2.248471260070801 0.8999999761581425
			vertex 13.916871070861816 2.248471260070801 0.09999999403953591
			vertex 13.90694522857666 2.268159866333008 0.09999999403953591
		endloop
	endfacet
	facet normal -0.892925683958894 0.4502040903040992 0
		outer loop
			vertex 14.03562068939209 2.248471260070801 0.09999999403953591
			vertex 14.045547485351562 2.268159866333008 0.8999999761581424
			vertex 14.045547485351562 2.268159866333008 0.09999999403953591
		endloop
	endfacet
	facet normal -0.8040025116895771 0.5946259002068875 0
		outer loop
			vertex 14.045547485351562 2.268159866333008 0.8999999761581424
			vertex 14.058658599853516 2.285887598991394 0.8999999761581424
			vertex 14.045547485351562 2.268159866333008 0.09999999403953591
		endloop
	endfacet
	facet normal 0.8929256839588939 0.45020409030409914 0
		outer loop
			vertex 14.266944885253906 2.268159866333008 0.8999999761581424
			vertex 14.276871681213379 2.248471260070801 0.8999999761581425
			vertex 14.266944885253906 2.268159866333008 0.09999999403953591
		endloop
	endfacet
	facet normal 0.892925683958894 0.4502040903040992 0
		outer loop
			vertex 14.276871681213379 2.248471260070801 0.8999999761581425
			vertex 14.276871681213379 2.248471260070801 0.09999999403953591
			vertex 14.266944885253906 2.268159866333008 0.09999999403953591
		endloop
	endfacet
	facet normal -0.9561816402193222 0.29277409534910537 0
		outer loop
			vertex 12.229164123535156 2.2273882627487183 0.09999999403953591
			vertex 12.23561954498291 2.248471260070801 0.8999999761581425
			vertex 12.23561954498291 2.248471260070801 0.09999999403953591
		endloop
	endfacet
	facet normal -0.892925683958894 0.4502040903040992 0
		outer loop
			vertex 12.23561954498291 2.248471260070801 0.8999999761581425
			vertex 12.245546340942383 2.268159866333008 0.8999999761581424
			vertex 12.23561954498291 2.248471260070801 0.09999999403953591
		endloop
	endfacet
	facet normal 0.9561695313104596 0.29281363935707655 0
		outer loop
			vertex 12.476871490478516 2.248471260070801 0.8999999761581425
			vertex 12.483327865600586 2.2273882627487183 0.8999999761581425
			vertex 12.476871490478516 2.248471260070801 0.09999999403953591
		endloop
	endfacet
	facet normal 0.9561695313104596 0.29281363935707655 0
		outer loop
			vertex 12.483327865600586 2.2273882627487183 0.8999999761581425
			vertex 12.483327865600586 2.2273882627487183 0.09999999403953591
			vertex 12.476871490478516 2.248471260070801 0.09999999403953591
		endloop
	endfacet
	facet normal -0.9561695313104596 0.29281363935707655 0
		outer loop
			vertex 12.589163780212402 2.2273882627487183 0.09999999403953591
			vertex 12.595620155334473 2.248471260070801 0.8999999761581425
			vertex 12.595620155334473 2.248471260070801 0.09999999403953591
		endloop
	endfacet
	facet normal -0.892925683958894 0.4502040903040992 0
		outer loop
			vertex 12.595620155334473 2.248471260070801 0.8999999761581425
			vertex 12.605546951293945 2.268159866333008 0.8999999761581424
			vertex 12.595620155334473 2.248471260070801 0.09999999403953591
		endloop
	endfacet
	facet normal 0.9561574210729775 0.2928531818626407 0
		outer loop
			vertex 12.836871147155762 2.248471260070801 0.8999999761581425
			vertex 12.843328475952148 2.2273882627487183 0.8999999761581425
			vertex 12.836871147155762 2.248471260070801 0.09999999403953591
		endloop
	endfacet
	facet normal 0.9561574210729775 0.2928531818626407 0
		outer loop
			vertex 12.843328475952148 2.2273882627487183 0.8999999761581425
			vertex 12.843328475952148 2.2273882627487183 0.09999999403953591
			vertex 12.836871147155762 2.248471260070801 0.09999999403953591
		endloop
	endfacet
	facet normal -0.9561574210729775 0.2928531818626407 0
		outer loop
			vertex 12.949163436889648 2.2273882627487183 0.09999999403953591
			vertex 12.955620765686035 2.248471260070801 0.8999999761581425
			vertex 12.955620765686035 2.248471260070801 0.09999999403953591
		endloop
	endfacet
	facet normal -0.8929430706525413 0.4501696042311286 0
		outer loop
			vertex 12.955620765686035 2.248471260070801 0.8999999761581425
			vertex 12.965546607971191 2.268159866333008 0.8999999761581424
			vertex 12.955620765686035 2.248471260070801 0.09999999403953591
		endloop
	endfacet
	facet normal 0.9561695313104596 0.29281363935707655 0
		outer loop
			vertex 13.196871757507324 2.248471260070801 0.8999999761581425
			vertex 13.203328132629395 2.2273882627487183 0.8999999761581425
			vertex 13.196871757507324 2.248471260070801 0.09999999403953591
		endloop
	endfacet
	facet normal 0.9561695313104596 0.29281363935707655 0
		outer loop
			vertex 13.203328132629395 2.2273882627487183 0.8999999761581425
			vertex 13.203328132629395 2.2273882627487183 0.09999999403953591
			vertex 13.196871757507324 2.248471260070801 0.09999999403953591
		endloop
	endfacet
	facet normal -0.9561695313104596 0.29281363935707655 0
		outer loop
			vertex 13.309164047241211 2.2273882627487183 0.09999999403953591
			vertex 13.315620422363281 2.248471260070801 0.8999999761581425
			vertex 13.315620422363281 2.248471260070801 0.09999999403953591
		endloop
	endfacet
	facet normal -0.892925683958894 0.4502040903040992 0
		outer loop
			vertex 13.315620422363281 2.248471260070801 0.8999999761581425
			vertex 13.325547218322754 2.268159866333008 0.8999999761581424
			vertex 13.315620422363281 2.248471260070801 0.09999999403953591
		endloop
	endfacet
	facet normal 0.9561695313104596 0.29281363935707655 0
		outer loop
			vertex 13.55687141418457 2.248471260070801 0.8999999761581425
			vertex 13.56332778930664 2.2273882627487183 0.8999999761581425
			vertex 13.55687141418457 2.248471260070801 0.09999999403953591
		endloop
	endfacet
	facet normal 0.9561695313104596 0.29281363935707655 0
		outer loop
			vertex 13.56332778930664 2.2273882627487183 0.8999999761581425
			vertex 13.56332778930664 2.2273882627487183 0.09999999403953591
			vertex 13.55687141418457 2.248471260070801 0.09999999403953591
		endloop
	endfacet
	facet normal -0.9561695313104596 0.29281363935707655 0
		outer loop
			vertex 13.669163703918457 2.2273882627487183 0.09999999403953591
			vertex 13.675620079040527 2.248471260070801 0.8999999761581425
			vertex 13.675620079040527 2.248471260070801 0.09999999403953591
		endloop
	endfacet
	facet normal -0.892908296610542 0.4502385743625935 0
		outer loop
			vertex 13.675620079040527 2.248471260070801 0.8999999761581425
			vertex 13.685547828674316 2.268159866333008 0.8999999761581424
			vertex 13.675620079040527 2.248471260070801 0.09999999403953591
		endloop
	endfacet
	facet normal 0.9561574210729775 0.2928531818626407 0
		outer loop
			vertex 13.916871070861816 2.248471260070801 0.8999999761581425
			vertex 13.923328399658203 2.2273882627487183 0.8999999761581425
			vertex 13.916871070861816 2.248471260070801 0.09999999403953591
		endloop
	endfacet
	facet normal 0.9561574210729775 0.2928531818626407 0
		outer loop
			vertex 13.923328399658203 2.2273882627487183 0.8999999761581425
			vertex 13.923328399658203 2.2273882627487183 0.09999999403953591
			vertex 13.916871070861816 2.248471260070801 0.09999999403953591
		endloop
	endfacet
	facet normal -0.9561574210729775 0.2928531818626407 0
		outer loop
			vertex 14.029163360595703 2.2273882627487183 0.09999999403953591
			vertex 14.03562068939209 2.248471260070801 0.8999999761581425
			vertex 14.03562068939209 2.248471260070801 0.09999999403953591
		endloop
	endfacet
	facet normal -0.892925683958894 0.4502040903040992 0
		outer loop
			vertex 14.03562068939209 2.248471260070801 0.8999999761581425
			vertex 14.045547485351562 2.268159866333008 0.8999999761581424
			vertex 14.03562068939209 2.248471260070801 0.09999999403953591
		endloop
	endfacet
	facet normal 0.9561695313104596 0.29281363935707655 0
		outer loop
			vertex 14.276871681213379 2.248471260070801 0.8999999761581425
			vertex 14.28332805633545 2.2273882627487183 0.8999999761581425
			vertex 14.276871681213379 2.248471260070801 0.09999999403953591
		endloop
	endfacet
	facet normal 0.9561695313104596 0.29281363935707655 0
		outer loop
			vertex 14.28332805633545 2.2273882627487183 0.8999999761581425
			vertex 14.28332805633545 2.2273882627487183 0.09999999403953591
			vertex 14.276871681213379 2.248471260070801 0.09999999403953591
		endloop
	endfacet
	facet normal -0.9918935327320111 0.12707171095255926 0
		outer loop
			vertex 12.226362228393555 2.205517292022705 0.09999999403953592
			vertex 12.229164123535156 2.2273882627487183 0.8999999761581425
			vertex 12.229164123535156 2.2273882627487183 0.09999999403953591
		endloop
	endfacet
	facet normal -0.9561816402193222 0.29277409534910537 0
		outer loop
			vertex 12.229164123535156 2.2273882627487183 0.8999999761581425
			vertex 12.23561954498291 2.248471260070801 0.8999999761581425
			vertex 12.229164123535156 2.2273882627487183 0.09999999403953591
		endloop
	endfacet
	facet normal 0.9918989832865013 0.12702915789378819 0
		outer loop
			vertex 12.483327865600586 2.2273882627487183 0.8999999761581425
			vertex 12.486128807067871 2.205517292022705 0.8999999761581425
			vertex 12.483327865600586 2.2273882627487183 0.09999999403953591
		endloop
	endfacet
	facet normal 0.9918989832865013 0.12702915789378819 0
		outer loop
			vertex 12.486128807067871 2.205517292022705 0.8999999761581425
			vertex 12.486128807067871 2.205517292022705 0.09999999403953592
			vertex 12.483327865600586 2.2273882627487183 0.09999999403953591
		endloop
	endfacet
	facet normal -0.9918989832865013 0.12702915789378819 0
		outer loop
			vertex 12.586362838745117 2.205517292022705 0.09999999403953592
			vertex 12.589163780212402 2.2273882627487183 0.8999999761581425
			vertex 12.589163780212402 2.2273882627487183 0.09999999403953591
		endloop
	endfacet
	facet normal -0.9561695313104596 0.29281363935707655 0
		outer loop
			vertex 12.589163780212402 2.2273882627487183 0.8999999761581425
			vertex 12.595620155334473 2.248471260070801 0.8999999761581425
			vertex 12.589163780212402 2.2273882627487183 0.09999999403953591
		endloop
	endfacet
	facet normal 0.9919044320752929 0.12698660413362883 0
		outer loop
			vertex 12.843328475952148 2.2273882627487183 0.8999999761581425
			vertex 12.846128463745117 2.205517292022705 0.8999999761581425
			vertex 12.843328475952148 2.2273882627487183 0.09999999403953591
		endloop
	endfacet
	facet normal 0.9919044320752929 0.12698660413362883 0
		outer loop
			vertex 12.846128463745117 2.205517292022705 0.8999999761581425
			vertex 12.846128463745117 2.205517292022705 0.09999999403953592
			vertex 12.843328475952148 2.2273882627487183 0.09999999403953591
		endloop
	endfacet
	facet normal -0.9919044320752929 0.12698660413362883 0
		outer loop
			vertex 12.94636344909668 2.205517292022705 0.09999999403953592
			vertex 12.949163436889648 2.2273882627487183 0.8999999761581425
			vertex 12.949163436889648 2.2273882627487183 0.09999999403953591
		endloop
	endfacet
	facet normal -0.9561574210729775 0.2928531818626407 0
		outer loop
			vertex 12.949163436889648 2.2273882627487183 0.8999999761581425
			vertex 12.955620765686035 2.248471260070801 0.8999999761581425
			vertex 12.949163436889648 2.2273882627487183 0.09999999403953591
		endloop
	endfacet
	facet normal 0.9918989832865013 0.12702915789378819 0
		outer loop
			vertex 13.203328132629395 2.2273882627487183 0.8999999761581425
			vertex 13.20612907409668 2.205517292022705 0.8999999761581425
			vertex 13.203328132629395 2.2273882627487183 0.09999999403953591
		endloop
	endfacet
	facet normal 0.9918989832865013 0.12702915789378819 0
		outer loop
			vertex 13.20612907409668 2.205517292022705 0.8999999761581425
			vertex 13.20612907409668 2.205517292022705 0.09999999403953592
			vertex 13.203328132629395 2.2273882627487183 0.09999999403953591
		endloop
	endfacet
	facet normal -0.9918989832865013 0.12702915789378819 0
		outer loop
			vertex 13.306363105773926 2.205517292022705 0.09999999403953592
			vertex 13.309164047241211 2.2273882627487183 0.8999999761581425
			vertex 13.309164047241211 2.2273882627487183 0.09999999403953591
		endloop
	endfacet
	facet normal -0.9561695313104596 0.29281363935707655 0
		outer loop
			vertex 13.309164047241211 2.2273882627487183 0.8999999761581425
			vertex 13.315620422363281 2.248471260070801 0.8999999761581425
			vertex 13.309164047241211 2.2273882627487183 0.09999999403953591
		endloop
	endfacet
	facet normal 0.9918989832865013 0.12702915789378819 0
		outer loop
			vertex 13.56332778930664 2.2273882627487183 0.8999999761581425
			vertex 13.566128730773926 2.205517292022705 0.8999999761581425
			vertex 13.56332778930664 2.2273882627487183 0.09999999403953591
		endloop
	endfacet
	facet normal 0.9918989832865013 0.12702915789378819 0
		outer loop
			vertex 13.566128730773926 2.205517292022705 0.8999999761581425
			vertex 13.566128730773926 2.205517292022705 0.09999999403953592
			vertex 13.56332778930664 2.2273882627487183 0.09999999403953591
		endloop
	endfacet
	facet normal -0.9918989832865013 0.12702915789378819 0
		outer loop
			vertex 13.666362762451172 2.205517292022705 0.09999999403953592
			vertex 13.669163703918457 2.2273882627487183 0.8999999761581425
			vertex 13.669163703918457 2.2273882627487183 0.09999999403953591
		endloop
	endfacet
	facet normal -0.9561695313104596 0.29281363935707655 0
		outer loop
			vertex 13.669163703918457 2.2273882627487183 0.8999999761581425
			vertex 13.675620079040527 2.248471260070801 0.8999999761581425
			vertex 13.669163703918457 2.2273882627487183 0.09999999403953591
		endloop
	endfacet
	facet normal 0.9919044320752929 0.12698660413362883 0
		outer loop
			vertex 13.923328399658203 2.2273882627487183 0.8999999761581425
			vertex 13.926128387451172 2.205517292022705 0.8999999761581425
			vertex 13.923328399658203 2.2273882627487183 0.09999999403953591
		endloop
	endfacet
	facet normal 0.9919044320752929 0.12698660413362883 0
		outer loop
			vertex 13.926128387451172 2.205517292022705 0.8999999761581425
			vertex 13.926128387451172 2.205517292022705 0.09999999403953592
			vertex 13.923328399658203 2.2273882627487183 0.09999999403953591
		endloop
	endfacet
	facet normal -0.9919044320752929 0.12698660413362883 0
		outer loop
			vertex 14.026363372802734 2.205517292022705 0.09999999403953592
			vertex 14.029163360595703 2.2273882627487183 0.8999999761581425
			vertex 14.029163360595703 2.2273882627487183 0.09999999403953591
		endloop
	endfacet
	facet normal -0.9561574210729775 0.2928531818626407 0
		outer loop
			vertex 14.029163360595703 2.2273882627487183 0.8999999761581425
			vertex 14.03562068939209 2.248471260070801 0.8999999761581425
			vertex 14.029163360595703 2.2273882627487183 0.09999999403953591
		endloop
	endfacet
	facet normal 1.1420513364954963e-15 7.807886978542899e-16 1
		outer loop
			vertex 14.286128997802734 2.205517292022705 0.09999999403953592
			vertex 14.386245727539062 2.0057554244995117 0.09999999403953597
			vertex 14.28332805633545 2.2273882627487183 0.09999999403953591
		endloop
	endfacet
	facet normal 0.9918989832865013 0.12702915789378819 0
		outer loop
			vertex 14.28332805633545 2.2273882627487183 0.8999999761581425
			vertex 14.286128997802734 2.205517292022705 0.8999999761581425
			vertex 14.28332805633545 2.2273882627487183 0.09999999403953591
		endloop
	endfacet
	facet normal 0.9918989832865013 0.12702915789378819 0
		outer loop
			vertex 14.286128997802734 2.205517292022705 0.8999999761581425
			vertex 14.286128997802734 2.205517292022705 0.09999999403953592
			vertex 14.28332805633545 2.2273882627487183 0.09999999403953591
		endloop
	endfacet
	facet normal 9.54711278626804e-16 4.058600095721909e-17 1
		outer loop
			vertex 12.191246032714844 2.0057554244995117 0.09999999403953597
			vertex 12.227298736572266 2.1834876537323 0.09999999403953592
			vertex 12.226362228393555 2.205517292022705 0.09999999403953592
		endloop
	endfacet
	facet normal -0.9990976183365569 -0.04247292118774008 0
		outer loop
			vertex 12.227298736572266 2.1834876537323 0.09999999403953592
			vertex 12.226362228393555 2.205517292022705 0.8999999761581425
			vertex 12.226362228393555 2.205517292022705 0.09999999403953592
		endloop
	endfacet
	facet normal -0.9918935327320111 0.12707171095255926 0
		outer loop
			vertex 12.226362228393555 2.205517292022705 0.8999999761581425
			vertex 12.229164123535156 2.2273882627487183 0.8999999761581425
			vertex 12.226362228393555 2.205517292022705 0.09999999403953592
		endloop
	endfacet
	facet normal -7.104550945263472e-16 3.017160132600338e-17 1
		outer loop
			vertex 12.485193252563477 2.1834876537323 0.09999999403953592
			vertex 12.536246299743652 2.0057554244995117 0.09999999403953597
			vertex 12.486128807067871 2.205517292022705 0.09999999403953592
		endloop
	endfacet
	facet normal 0.9990994527647302 -0.04242974764498319 0
		outer loop
			vertex 12.486128807067871 2.205517292022705 0.8999999761581425
			vertex 12.485193252563477 2.1834876537323 0.8999999761581425
			vertex 12.486128807067871 2.205517292022705 0.09999999403953592
		endloop
	endfacet
	facet normal 0.9990994527647302 -0.04242974764498319 0
		outer loop
			vertex 12.485193252563477 2.1834876537323 0.8999999761581425
			vertex 12.485193252563477 2.1834876537323 0.09999999403953592
			vertex 12.486128807067871 2.205517292022705 0.09999999403953592
		endloop
	endfacet
	facet normal 7.104666566849544e-16 3.017209234766352e-17 1
		outer loop
			vertex 12.536246299743652 2.0057554244995117 0.09999999403953597
			vertex 12.587298393249512 2.1834876537323 0.09999999403953592
			vertex 12.586362838745117 2.205517292022705 0.09999999403953592
		endloop
	endfacet
	facet normal -0.9990994527647302 -0.04242974764498319 0
		outer loop
			vertex 12.587298393249512 2.1834876537323 0.09999999403953592
			vertex 12.586362838745117 2.205517292022705 0.8999999761581425
			vertex 12.586362838745117 2.205517292022705 0.09999999403953592
		endloop
	endfacet
	facet normal -0.9918989832865013 0.12702915789378819 0
		outer loop
			vertex 12.586362838745117 2.205517292022705 0.8999999761581425
			vertex 12.589163780212402 2.2273882627487183 0.8999999761581425
			vertex 12.586362838745117 2.205517292022705 0.09999999403953592
		endloop
	endfacet
	facet normal -7.104550945263472e-16 3.017160132600338e-17 1
		outer loop
			vertex 12.845192909240723 2.1834876537323 0.09999999403953592
			vertex 12.896245956420898 2.0057554244995117 0.09999999403953597
			vertex 12.846128463745117 2.205517292022705 0.09999999403953592
		endloop
	endfacet
	facet normal 0.9990994527647302 -0.04242974764498319 0
		outer loop
			vertex 12.846128463745117 2.205517292022705 0.8999999761581425
			vertex 12.845192909240723 2.1834876537323 0.8999999761581425
			vertex 12.846128463745117 2.205517292022705 0.09999999403953592
		endloop
	endfacet
	facet normal 0.9990994527647302 -0.04242974764498319 0
		outer loop
			vertex 12.845192909240723 2.1834876537323 0.8999999761581425
			vertex 12.845192909240723 2.1834876537323 0.09999999403953592
			vertex 12.846128463745117 2.205517292022705 0.09999999403953592
		endloop
	endfacet
	facet normal 7.105599524302139e-16 3.014529392662733e-17 1
		outer loop
			vertex 12.896245956420898 2.0057554244995117 0.09999999403953597
			vertex 12.947298049926758 2.1834876537323 0.09999999403953592
			vertex 12.94636344909668 2.205517292022705 0.09999999403953592
		endloop
	endfacet
	facet normal -0.9991012853339878 -0.042386573864535676 0
		outer loop
			vertex 12.947298049926758 2.1834876537323 0.09999999403953592
			vertex 12.94636344909668 2.205517292022705 0.8999999761581425
			vertex 12.94636344909668 2.205517292022705 0.09999999403953592
		endloop
	endfacet
	facet normal -0.9919044320752929 0.12698660413362883 0
		outer loop
			vertex 12.94636344909668 2.205517292022705 0.8999999761581425
			vertex 12.949163436889648 2.2273882627487183 0.8999999761581425
			vertex 12.94636344909668 2.205517292022705 0.09999999403953592
		endloop
	endfacet
	facet normal -7.103618263127052e-16 3.0198392339271054e-17 1
		outer loop
			vertex 13.205192565917969 2.1834876537323 0.09999999403953592
			vertex 13.256245613098145 2.0057554244995117 0.09999999403953597
			vertex 13.20612907409668 2.205517292022705 0.09999999403953592
		endloop
	endfacet
	facet normal 0.9990976183365569 -0.04247292118774008 0
		outer loop
			vertex 13.20612907409668 2.205517292022705 0.8999999761581425
			vertex 13.205192565917969 2.1834876537323 0.8999999761581425
			vertex 13.20612907409668 2.205517292022705 0.09999999403953592
		endloop
	endfacet
	facet normal 0.9990976183365569 -0.04247292118774008 0
		outer loop
			vertex 13.205192565917969 2.1834876537323 0.8999999761581425
			vertex 13.205192565917969 2.1834876537323 0.09999999403953592
			vertex 13.20612907409668 2.205517292022705 0.09999999403953592
		endloop
	endfacet
	facet normal 7.103502675658445e-16 3.019790096211688e-17 1
		outer loop
			vertex 13.256245613098145 2.0057554244995117 0.09999999403953597
			vertex 13.307299613952637 2.1834876537323 0.09999999403953592
			vertex 13.306363105773926 2.205517292022705 0.09999999403953592
		endloop
	endfacet
	facet normal -0.9990976183365569 -0.04247292118774008 0
		outer loop
			vertex 13.307299613952637 2.1834876537323 0.09999999403953592
			vertex 13.306363105773926 2.205517292022705 0.8999999761581425
			vertex 13.306363105773926 2.205517292022705 0.09999999403953592
		endloop
	endfacet
	facet normal -0.9918989832865013 0.12702915789378819 0
		outer loop
			vertex 13.306363105773926 2.205517292022705 0.8999999761581425
			vertex 13.309164047241211 2.2273882627487183 0.8999999761581425
			vertex 13.306363105773926 2.205517292022705 0.09999999403953592
		endloop
	endfacet
	facet normal -7.103502675658445e-16 3.019790096211688e-17 1
		outer loop
			vertex 13.565192222595215 2.1834876537323 0.09999999403953592
			vertex 13.616246223449707 2.0057554244995117 0.09999999403953597
			vertex 13.566128730773926 2.205517292022705 0.09999999403953592
		endloop
	endfacet
	facet normal 0.9990976183365569 -0.04247292118774008 0
		outer loop
			vertex 13.566128730773926 2.205517292022705 0.8999999761581425
			vertex 13.565192222595215 2.1834876537323 0.8999999761581425
			vertex 13.566128730773926 2.205517292022705 0.09999999403953592
		endloop
	endfacet
	facet normal 0.9990976183365569 -0.04247292118774008 0
		outer loop
			vertex 13.565192222595215 2.1834876537323 0.8999999761581425
			vertex 13.565192222595215 2.1834876537323 0.09999999403953592
			vertex 13.566128730773926 2.205517292022705 0.09999999403953592
		endloop
	endfacet
	facet normal 7.103618263127052e-16 3.0198392339271054e-17 1
		outer loop
			vertex 13.616246223449707 2.0057554244995117 0.09999999403953597
			vertex 13.667299270629883 2.1834876537323 0.09999999403953592
			vertex 13.666362762451172 2.205517292022705 0.09999999403953592
		endloop
	endfacet
	facet normal -0.9990976183365569 -0.04247292118774008 0
		outer loop
			vertex 13.667299270629883 2.1834876537323 0.09999999403953592
			vertex 13.666362762451172 2.205517292022705 0.8999999761581425
			vertex 13.666362762451172 2.205517292022705 0.09999999403953592
		endloop
	endfacet
	facet normal -0.9918989832865013 0.12702915789378819 0
		outer loop
			vertex 13.666362762451172 2.205517292022705 0.8999999761581425
			vertex 13.669163703918457 2.2273882627487183 0.8999999761581425
			vertex 13.666362762451172 2.205517292022705 0.09999999403953592
		endloop
	endfacet
	facet normal -7.104550945263472e-16 3.017160132600338e-17 1
		outer loop
			vertex 13.925192832946777 2.1834876537323 0.09999999403953592
			vertex 13.976245880126953 2.0057554244995117 0.09999999403953597
			vertex 13.926128387451172 2.205517292022705 0.09999999403953592
		endloop
	endfacet
	facet normal 0.9990994527647302 -0.04242974764498319 0
		outer loop
			vertex 13.926128387451172 2.205517292022705 0.8999999761581425
			vertex 13.925192832946777 2.1834876537323 0.8999999761581425
			vertex 13.926128387451172 2.205517292022705 0.09999999403953592
		endloop
	endfacet
	facet normal 0.9990994527647302 -0.04242974764498319 0
		outer loop
			vertex 13.925192832946777 2.1834876537323 0.8999999761581425
			vertex 13.925192832946777 2.1834876537323 0.09999999403953592
			vertex 13.926128387451172 2.205517292022705 0.09999999403953592
		endloop
	endfacet
	facet normal 7.104550945263472e-16 3.017160132600338e-17 1
		outer loop
			vertex 13.976245880126953 2.0057554244995117 0.09999999403953597
			vertex 14.027298927307129 2.1834876537323 0.09999999403953592
			vertex 14.026363372802734 2.205517292022705 0.09999999403953592
		endloop
	endfacet
	facet normal -0.9990994527647302 -0.04242974764498319 0
		outer loop
			vertex 14.027298927307129 2.1834876537323 0.09999999403953592
			vertex 14.026363372802734 2.205517292022705 0.8999999761581425
			vertex 14.026363372802734 2.205517292022705 0.09999999403953592
		endloop
	endfacet
	facet normal -0.9919044320752929 0.12698660413362883 0
		outer loop
			vertex 14.026363372802734 2.205517292022705 0.8999999761581425
			vertex 14.029163360595703 2.2273882627487183 0.8999999761581425
			vertex 14.026363372802734 2.205517292022705 0.09999999403953592
		endloop
	endfacet
	facet normal -3.8336354461482617e-16 1.6280679975633696e-17 1
		outer loop
			vertex 14.28519344329834 2.1834876537323 0.09999999403953592
			vertex 14.386245727539062 2.0057554244995117 0.09999999403953597
			vertex 14.286128997802734 2.205517292022705 0.09999999403953592
		endloop
	endfacet
	facet normal 0.9990994527647302 -0.04242974764498319 0
		outer loop
			vertex 14.286128997802734 2.205517292022705 0.8999999761581425
			vertex 14.28519344329834 2.1834876537323 0.8999999761581425
			vertex 14.286128997802734 2.205517292022705 0.09999999403953592
		endloop
	endfacet
	facet normal 0.9990994527647302 -0.04242974764498319 0
		outer loop
			vertex 14.28519344329834 2.1834876537323 0.8999999761581425
			vertex 14.28519344329834 2.1834876537323 0.09999999403953592
			vertex 14.286128997802734 2.205517292022705 0.09999999403953592
		endloop
	endfacet
	facet normal 5.599153001598152e-16 1.206697457974918e-16 1
		outer loop
			vertex 12.191246032714844 2.0057554244995117 0.09999999403953597
			vertex 12.23194408416748 2.161932945251465 0.09999999403953592
			vertex 12.227298736572266 2.1834876537323 0.09999999403953592
		endloop
	endfacet
	facet normal -0.977555681994245 -0.2106772142419931 0
		outer loop
			vertex 12.23194408416748 2.161932945251465 0.09999999403953592
			vertex 12.227298736572266 2.1834876537323 0.8999999761581425
			vertex 12.227298736572266 2.1834876537323 0.09999999403953592
		endloop
	endfacet
	facet normal -0.9990976183365569 -0.04247292118774008 0
		outer loop
			vertex 12.227298736572266 2.1834876537323 0.8999999761581425
			vertex 12.226362228393555 2.205517292022705 0.8999999761581425
			vertex 12.227298736572266 2.1834876537323 0.09999999403953592
		endloop
	endfacet
	facet normal -4.65881297240345e-16 1.0042468747574684e-16 1
		outer loop
			vertex 12.480546951293945 2.161932945251465 0.09999999403953592
			vertex 12.536246299743652 2.0057554244995117 0.09999999403953597
			vertex 12.485193252563477 2.1834876537323 0.09999999403953592
		endloop
	endfacet
	facet normal 0.9775467736467457 -0.2107185452987908 0
		outer loop
			vertex 12.485193252563477 2.1834876537323 0.8999999761581425
			vertex 12.480546951293945 2.161932945251465 0.8999999761581425
			vertex 12.485193252563477 2.1834876537323 0.09999999403953592
		endloop
	endfacet
	facet normal 0.9775467736467457 -0.2107185452987908 0
		outer loop
			vertex 12.480546951293945 2.161932945251465 0.8999999761581425
			vertex 12.480546951293945 2.161932945251465 0.09999999403953592
			vertex 12.485193252563477 2.1834876537323 0.09999999403953592
		endloop
	endfacet
	facet normal 4.659272687402942e-16 1.0041398237012503e-16 1
		outer loop
			vertex 12.536246299743652 2.0057554244995117 0.09999999403953597
			vertex 12.591943740844727 2.161932945251465 0.09999999403953592
			vertex 12.587298393249512 2.1834876537323 0.09999999403953592
		endloop
	endfacet
	facet normal -0.977555681994245 -0.2106772142419931 0
		outer loop
			vertex 12.591943740844727 2.161932945251465 0.09999999403953592
			vertex 12.587298393249512 2.1834876537323 0.8999999761581425
			vertex 12.587298393249512 2.1834876537323 0.09999999403953592
		endloop
	endfacet
	facet normal -0.9990994527647302 -0.04242974764498319 0
		outer loop
			vertex 12.587298393249512 2.1834876537323 0.8999999761581425
			vertex 12.586362838745117 2.205517292022705 0.8999999761581425
			vertex 12.587298393249512 2.1834876537323 0.09999999403953592
		endloop
	endfacet
	facet normal -4.65922296063744e-16 1.0041291068729178e-16 1
		outer loop
			vertex 12.840547561645508 2.161932945251465 0.09999999403953592
			vertex 12.896245956420898 2.0057554244995117 0.09999999403953597
			vertex 12.845192909240723 2.1834876537323 0.09999999403953592
		endloop
	endfacet
	facet normal 0.977555681994245 -0.2106772142419931 0
		outer loop
			vertex 12.845192909240723 2.1834876537323 0.8999999761581425
			vertex 12.840547561645508 2.161932945251465 0.8999999761581425
			vertex 12.845192909240723 2.1834876537323 0.09999999403953592
		endloop
	endfacet
	facet normal 0.977555681994245 -0.2106772142419931 0
		outer loop
			vertex 12.840547561645508 2.161932945251465 0.8999999761581425
			vertex 12.840547561645508 2.161932945251465 0.09999999403953592
			vertex 12.845192909240723 2.1834876537323 0.09999999403953592
		endloop
	endfacet
	facet normal 4.659272687402942e-16 1.0041398237012503e-16 1
		outer loop
			vertex 12.896245956420898 2.0057554244995117 0.09999999403953597
			vertex 12.951943397521973 2.161932945251465 0.09999999403953592
			vertex 12.947298049926758 2.1834876537323 0.09999999403953592
		endloop
	endfacet
	facet normal -0.977555681994245 -0.2106772142419931 0
		outer loop
			vertex 12.951943397521973 2.161932945251465 0.09999999403953592
			vertex 12.947298049926758 2.1834876537323 0.8999999761581425
			vertex 12.947298049926758 2.1834876537323 0.09999999403953592
		endloop
	endfacet
	facet normal -0.9991012853339878 -0.042386573864535676 0
		outer loop
			vertex 12.947298049926758 2.1834876537323 0.8999999761581425
			vertex 12.94636344909668 2.205517292022705 0.8999999761581425
			vertex 12.947298049926758 2.1834876537323 0.09999999403953592
		endloop
	endfacet
	facet normal -4.65922296063744e-16 1.0041291068729178e-16 1
		outer loop
			vertex 13.200547218322754 2.161932945251465 0.09999999403953592
			vertex 13.256245613098145 2.0057554244995117 0.09999999403953597
			vertex 13.205192565917969 2.1834876537323 0.09999999403953592
		endloop
	endfacet
	facet normal 0.977555681994245 -0.2106772142419931 0
		outer loop
			vertex 13.205192565917969 2.1834876537323 0.8999999761581425
			vertex 13.200547218322754 2.161932945251465 0.8999999761581425
			vertex 13.205192565917969 2.1834876537323 0.09999999403953592
		endloop
	endfacet
	facet normal 0.977555681994245 -0.2106772142419931 0
		outer loop
			vertex 13.200547218322754 2.161932945251465 0.8999999761581425
			vertex 13.200547218322754 2.161932945251465 0.09999999403953592
			vertex 13.205192565917969 2.1834876537323 0.09999999403953592
		endloop
	endfacet
	facet normal 4.659173234933359e-16 1.0041183902733368e-16 1
		outer loop
			vertex 13.256245613098145 2.0057554244995117 0.09999999403953597
			vertex 13.311944961547852 2.161932945251465 0.09999999403953592
			vertex 13.307299613952637 2.1834876537323 0.09999999403953592
		endloop
	endfacet
	facet normal -0.977555681994245 -0.2106772142419931 0
		outer loop
			vertex 13.311944961547852 2.161932945251465 0.09999999403953592
			vertex 13.307299613952637 2.1834876537323 0.8999999761581425
			vertex 13.307299613952637 2.1834876537323 0.09999999403953592
		endloop
	endfacet
	facet normal -0.9990976183365569 -0.04247292118774008 0
		outer loop
			vertex 13.307299613952637 2.1834876537323 0.8999999761581425
			vertex 13.306363105773926 2.205517292022705 0.8999999761581425
			vertex 13.307299613952637 2.1834876537323 0.09999999403953592
		endloop
	endfacet
	facet normal -4.659173234933359e-16 1.0041183902733368e-16 1
		outer loop
			vertex 13.560546875 2.161932945251465 0.09999999403953592
			vertex 13.616246223449707 2.0057554244995117 0.09999999403953597
			vertex 13.565192222595215 2.1834876537323 0.09999999403953592
		endloop
	endfacet
	facet normal 0.977555681994245 -0.2106772142419931 0
		outer loop
			vertex 13.565192222595215 2.1834876537323 0.8999999761581425
			vertex 13.560546875 2.161932945251465 0.8999999761581425
			vertex 13.565192222595215 2.1834876537323 0.09999999403953592
		endloop
	endfacet
	facet normal 0.977555681994245 -0.2106772142419931 0
		outer loop
			vertex 13.560546875 2.161932945251465 0.8999999761581425
			vertex 13.560546875 2.161932945251465 0.09999999403953592
			vertex 13.565192222595215 2.1834876537323 0.09999999403953592
		endloop
	endfacet
	facet normal 4.65922296063744e-16 1.0041291068729178e-16 1
		outer loop
			vertex 13.616246223449707 2.0057554244995117 0.09999999403953597
			vertex 13.671944618225098 2.161932945251465 0.09999999403953592
			vertex 13.667299270629883 2.1834876537323 0.09999999403953592
		endloop
	endfacet
	facet normal -0.977555681994245 -0.2106772142419931 0
		outer loop
			vertex 13.671944618225098 2.161932945251465 0.09999999403953592
			vertex 13.667299270629883 2.1834876537323 0.8999999761581425
			vertex 13.667299270629883 2.1834876537323 0.09999999403953592
		endloop
	endfacet
	facet normal -0.9990976183365569 -0.04247292118774008 0
		outer loop
			vertex 13.667299270629883 2.1834876537323 0.8999999761581425
			vertex 13.666362762451172 2.205517292022705 0.8999999761581425
			vertex 13.667299270629883 2.1834876537323 0.09999999403953592
		endloop
	endfacet
	facet normal -4.659633021037944e-16 1.0040113182587537e-16 1
		outer loop
			vertex 13.920548439025879 2.161932945251465 0.09999999403953592
			vertex 13.976245880126953 2.0057554244995117 0.09999999403953597
			vertex 13.925192832946777 2.1834876537323 0.09999999403953592
		endloop
	endfacet
	facet normal 0.9775645887565519 -0.21063588205534564 0
		outer loop
			vertex 13.925192832946777 2.1834876537323 0.8999999761581425
			vertex 13.920548439025879 2.161932945251465 0.8999999761581425
			vertex 13.925192832946777 2.1834876537323 0.09999999403953592
		endloop
	endfacet
	facet normal 0.9775645887565519 -0.21063588205534564 0
		outer loop
			vertex 13.920548439025879 2.161932945251465 0.8999999761581425
			vertex 13.920548439025879 2.161932945251465 0.09999999403953592
			vertex 13.925192832946777 2.1834876537323 0.09999999403953592
		endloop
	endfacet
	facet normal 4.65922296063744e-16 1.0041291068729178e-16 1
		outer loop
			vertex 13.976245880126953 2.0057554244995117 0.09999999403953597
			vertex 14.031944274902344 2.161932945251465 0.09999999403953592
			vertex 14.027298927307129 2.1834876537323 0.09999999403953592
		endloop
	endfacet
	facet normal -0.977555681994245 -0.2106772142419931 0
		outer loop
			vertex 14.031944274902344 2.161932945251465 0.09999999403953592
			vertex 14.027298927307129 2.1834876537323 0.8999999761581425
			vertex 14.027298927307129 2.1834876537323 0.09999999403953592
		endloop
	endfacet
	facet normal -0.9990994527647302 -0.04242974764498319 0
		outer loop
			vertex 14.027298927307129 2.1834876537323 0.8999999761581425
			vertex 14.026363372802734 2.205517292022705 0.8999999761581425
			vertex 14.027298927307129 2.1834876537323 0.09999999403953592
		endloop
	endfacet
	facet normal -2.9875518805274505e-16 6.43860108622085e-17 1
		outer loop
			vertex 14.280548095703125 2.161932945251465 0.09999999403953592
			vertex 14.386245727539062 2.0057554244995117 0.09999999403953597
			vertex 14.28519344329834 2.1834876537323 0.09999999403953592
		endloop
	endfacet
	facet normal 0.977555681994245 -0.2106772142419931 0
		outer loop
			vertex 14.28519344329834 2.1834876537323 0.8999999761581425
			vertex 14.280548095703125 2.161932945251465 0.8999999761581425
			vertex 14.28519344329834 2.1834876537323 0.09999999403953592
		endloop
	endfacet
	facet normal 0.977555681994245 -0.2106772142419931 0
		outer loop
			vertex 14.280548095703125 2.161932945251465 0.8999999761581425
			vertex 14.280548095703125 2.161932945251465 0.09999999403953592
			vertex 14.28519344329834 2.1834876537323 0.09999999403953592
		endloop
	endfacet
	facet normal -6.215342823081849e-16 4.285418112808819e-16 1
		outer loop
			vertex 12.191246032714844 2.0057554244995117 0.09999999403953597
			vertex 12.240165710449219 2.141473412513733 0.09999999403953594
			vertex 12.23194408416748 2.161932945251465 0.09999999403953592
		endloop
	endfacet
	facet normal -0.9278841656403364 -0.3728685762489743 0
		outer loop
			vertex 12.240165710449219 2.141473412513733 0.09999999403953594
			vertex 12.23194408416748 2.161932945251465 0.8999999761581425
			vertex 12.23194408416748 2.161932945251465 0.09999999403953592
		endloop
	endfacet
	facet normal -0.977555681994245 -0.2106772142419931 0
		outer loop
			vertex 12.23194408416748 2.161932945251465 0.8999999761581425
			vertex 12.227298736572266 2.1834876537323 0.8999999761581425
			vertex 12.23194408416748 2.161932945251465 0.09999999403953592
		endloop
	endfacet
	facet normal 5.428250232599434e-16 4.601709848843309e-16 1
		outer loop
			vertex 12.472325325012207 2.141473412513733 0.09999999403953594
			vertex 12.536246299743652 2.0057554244995117 0.09999999403953597
			vertex 12.480546951293945 2.161932945251465 0.09999999403953592
		endloop
	endfacet
	facet normal 0.9278841656403364 -0.3728685762489743 0
		outer loop
			vertex 12.480546951293945 2.161932945251465 0.8999999761581425
			vertex 12.472325325012207 2.141473412513733 0.8999999761581425
			vertex 12.480546951293945 2.161932945251465 0.09999999403953592
		endloop
	endfacet
	facet normal 0.9278841656403364 -0.3728685762489743 0
		outer loop
			vertex 12.472325325012207 2.141473412513733 0.8999999761581425
			vertex 12.472325325012207 2.141473412513733 0.09999999403953594
			vertex 12.480546951293945 2.161932945251465 0.09999999403953592
		endloop
	endfacet
	facet normal -5.428337636106946e-16 4.60167472590166e-16 1
		outer loop
			vertex 12.536246299743652 2.0057554244995117 0.09999999403953597
			vertex 12.600165367126465 2.141473412513733 0.09999999403953594
			vertex 12.591943740844727 2.161932945251465 0.09999999403953592
		endloop
	endfacet
	facet normal -0.9278841656403364 -0.3728685762489743 0
		outer loop
			vertex 12.600165367126465 2.141473412513733 0.09999999403953594
			vertex 12.591943740844727 2.161932945251465 0.8999999761581425
			vertex 12.591943740844727 2.161932945251465 0.09999999403953592
		endloop
	endfacet
	facet normal -0.977555681994245 -0.2106772142419931 0
		outer loop
			vertex 12.591943740844727 2.161932945251465 0.8999999761581425
			vertex 12.587298393249512 2.1834876537323 0.8999999761581425
			vertex 12.591943740844727 2.161932945251465 0.09999999403953592
		endloop
	endfacet
	facet normal 5.428293934001358e-16 4.601692287513867e-16 1
		outer loop
			vertex 12.83232593536377 2.141473412513733 0.09999999403953594
			vertex 12.896245956420898 2.0057554244995117 0.09999999403953597
			vertex 12.840547561645508 2.161932945251465 0.09999999403953592
		endloop
	endfacet
	facet normal 0.9278841656403364 -0.3728685762489743 0
		outer loop
			vertex 12.840547561645508 2.161932945251465 0.8999999761581425
			vertex 12.83232593536377 2.141473412513733 0.8999999761581425
			vertex 12.840547561645508 2.161932945251465 0.09999999403953592
		endloop
	endfacet
	facet normal 0.9278841656403364 -0.3728685762489743 0
		outer loop
			vertex 12.83232593536377 2.141473412513733 0.8999999761581425
			vertex 12.83232593536377 2.141473412513733 0.09999999403953594
			vertex 12.840547561645508 2.161932945251465 0.09999999403953592
		endloop
	endfacet
	facet normal -5.428004054587331e-16 4.601555761040702e-16 1
		outer loop
			vertex 12.896245956420898 2.0057554244995117 0.09999999403953597
			vertex 12.960165977478027 2.141473412513733 0.09999999403953594
			vertex 12.951943397521973 2.161932945251465 0.09999999403953592
		endloop
	endfacet
	facet normal -0.9278692011348948 -0.37290581328975336 0
		outer loop
			vertex 12.960165977478027 2.141473412513733 0.09999999403953594
			vertex 12.951943397521973 2.161932945251465 0.8999999761581425
			vertex 12.951943397521973 2.161932945251465 0.09999999403953592
		endloop
	endfacet
	facet normal -0.977555681994245 -0.2106772142419931 0
		outer loop
			vertex 12.951943397521973 2.161932945251465 0.8999999761581425
			vertex 12.947298049926758 2.1834876537323 0.8999999761581425
			vertex 12.951943397521973 2.161932945251465 0.09999999403953592
		endloop
	endfacet
	facet normal 5.428627551152477e-16 4.601811267119237e-16 1
		outer loop
			vertex 13.192326545715332 2.141473412513733 0.09999999403953594
			vertex 13.256245613098145 2.0057554244995117 0.09999999403953597
			vertex 13.200547218322754 2.161932945251465 0.09999999403953592
		endloop
	endfacet
	facet normal 0.9278991291339901 -0.372831337406585 0
		outer loop
			vertex 13.200547218322754 2.161932945251465 0.8999999761581425
			vertex 13.192326545715332 2.141473412513733 0.8999999761581425
			vertex 13.200547218322754 2.161932945251465 0.09999999403953592
		endloop
	endfacet
	facet normal 0.9278991291339901 -0.372831337406585 0
		outer loop
			vertex 13.192326545715332 2.141473412513733 0.8999999761581425
			vertex 13.192326545715332 2.141473412513733 0.09999999403953594
			vertex 13.200547218322754 2.161932945251465 0.09999999403953592
		endloop
	endfacet
	facet normal -5.428583844378725e-16 4.601828828570046e-16 1
		outer loop
			vertex 13.256245613098145 2.0057554244995117 0.09999999403953597
			vertex 13.320165634155273 2.141473412513733 0.09999999403953594
			vertex 13.311944961547852 2.161932945251465 0.09999999403953592
		endloop
	endfacet
	facet normal -0.9278991291339901 -0.372831337406585 0
		outer loop
			vertex 13.320165634155273 2.141473412513733 0.09999999403953594
			vertex 13.311944961547852 2.161932945251465 0.8999999761581425
			vertex 13.311944961547852 2.161932945251465 0.09999999403953592
		endloop
	endfacet
	facet normal -0.977555681994245 -0.2106772142419931 0
		outer loop
			vertex 13.311944961547852 2.161932945251465 0.8999999761581425
			vertex 13.307299613952637 2.1834876537323 0.8999999761581425
			vertex 13.311944961547852 2.161932945251465 0.09999999403953592
		endloop
	endfacet
	facet normal 5.428583844378725e-16 4.601828828570046e-16 1
		outer loop
			vertex 13.552326202392578 2.141473412513733 0.09999999403953594
			vertex 13.616246223449707 2.0057554244995117 0.09999999403953597
			vertex 13.560546875 2.161932945251465 0.09999999403953592
		endloop
	endfacet
	facet normal 0.9278991291339901 -0.372831337406585 0
		outer loop
			vertex 13.560546875 2.161932945251465 0.8999999761581425
			vertex 13.552326202392578 2.141473412513733 0.8999999761581425
			vertex 13.560546875 2.161932945251465 0.09999999403953592
		endloop
	endfacet
	facet normal 0.9278991291339901 -0.372831337406585 0
		outer loop
			vertex 13.552326202392578 2.141473412513733 0.8999999761581425
			vertex 13.552326202392578 2.141473412513733 0.09999999403953594
			vertex 13.560546875 2.161932945251465 0.09999999403953592
		endloop
	endfacet
	facet normal -5.428627551152477e-16 4.601811267119237e-16 1
		outer loop
			vertex 13.616246223449707 2.0057554244995117 0.09999999403953597
			vertex 13.68016529083252 2.141473412513733 0.09999999403953594
			vertex 13.671944618225098 2.161932945251465 0.09999999403953592
		endloop
	endfacet
	facet normal -0.9278991291339901 -0.372831337406585 0
		outer loop
			vertex 13.68016529083252 2.141473412513733 0.09999999403953594
			vertex 13.671944618225098 2.161932945251465 0.8999999761581425
			vertex 13.671944618225098 2.161932945251465 0.09999999403953592
		endloop
	endfacet
	facet normal -0.977555681994245 -0.2106772142419931 0
		outer loop
			vertex 13.671944618225098 2.161932945251465 0.8999999761581425
			vertex 13.667299270629883 2.1834876537323 0.8999999761581425
			vertex 13.671944618225098 2.161932945251465 0.09999999403953592
		endloop
	endfacet
	facet normal 5.428337636106946e-16 4.60167472590166e-16 1
		outer loop
			vertex 13.91232681274414 2.141473412513733 0.09999999403953594
			vertex 13.976245880126953 2.0057554244995117 0.09999999403953597
			vertex 13.920548439025879 2.161932945251465 0.09999999403953592
		endloop
	endfacet
	facet normal 0.9278841656403364 -0.3728685762489743 0
		outer loop
			vertex 13.920548439025879 2.161932945251465 0.8999999761581425
			vertex 13.91232681274414 2.141473412513733 0.8999999761581425
			vertex 13.920548439025879 2.161932945251465 0.09999999403953592
		endloop
	endfacet
	facet normal 0.9278841656403364 -0.3728685762489743 0
		outer loop
			vertex 13.91232681274414 2.141473412513733 0.8999999761581425
			vertex 13.91232681274414 2.141473412513733 0.09999999403953594
			vertex 13.920548439025879 2.161932945251465 0.09999999403953592
		endloop
	endfacet
	facet normal -5.428627551152477e-16 4.601811267119237e-16 1
		outer loop
			vertex 13.976245880126953 2.0057554244995117 0.09999999403953597
			vertex 14.040164947509766 2.141473412513733 0.09999999403953594
			vertex 14.031944274902344 2.161932945251465 0.09999999403953592
		endloop
	endfacet
	facet normal -0.9278991291339901 -0.372831337406585 0
		outer loop
			vertex 14.040164947509766 2.141473412513733 0.09999999403953594
			vertex 14.031944274902344 2.161932945251465 0.8999999761581425
			vertex 14.031944274902344 2.161932945251465 0.09999999403953592
		endloop
	endfacet
	facet normal -0.977555681994245 -0.2106772142419931 0
		outer loop
			vertex 14.031944274902344 2.161932945251465 0.8999999761581425
			vertex 14.027298927307129 2.1834876537323 0.8999999761581425
			vertex 14.031944274902344 2.161932945251465 0.09999999403953592
		endloop
	endfacet
	facet normal 3.8171403835809475e-16 5.2491314320854955e-16 1
		outer loop
			vertex 14.272326469421387 2.141473412513733 0.09999999403953594
			vertex 14.386245727539062 2.0057554244995117 0.09999999403953597
			vertex 14.280548095703125 2.161932945251465 0.09999999403953592
		endloop
	endfacet
	facet normal 0.9278841656403364 -0.3728685762489743 0
		outer loop
			vertex 14.280548095703125 2.161932945251465 0.8999999761581425
			vertex 14.272326469421387 2.141473412513733 0.8999999761581425
			vertex 14.280548095703125 2.161932945251465 0.09999999403953592
		endloop
	endfacet
	facet normal 0.9278841656403364 -0.3728685762489743 0
		outer loop
			vertex 14.272326469421387 2.141473412513733 0.8999999761581425
			vertex 14.272326469421387 2.141473412513733 0.09999999403953594
			vertex 14.280548095703125 2.161932945251465 0.09999999403953592
		endloop
	endfacet
	facet normal 2.0950378888562098e-16 1.2899334889476378e-16 1
		outer loop
			vertex 12.191246032714844 2.0057554244995117 0.09999999403953597
			vertex 12.251726150512695 2.122697591781616 0.09999999403953594
			vertex 12.240165710449219 2.141473412513733 0.09999999403953594
		endloop
	endfacet
	facet normal -0.8515350349475309 -0.5242977057520921 0
		outer loop
			vertex 12.251726150512695 2.122697591781616 0.09999999403953594
			vertex 12.240165710449219 2.141473412513733 0.8999999761581425
			vertex 12.240165710449219 2.141473412513733 0.09999999403953594
		endloop
	endfacet
	facet normal -0.9278841656403364 -0.3728685762489743 0
		outer loop
			vertex 12.240165710449219 2.141473412513733 0.8999999761581425
			vertex 12.23194408416748 2.161932945251465 0.8999999761581425
			vertex 12.240165710449219 2.141473412513733 0.09999999403953594
		endloop
	endfacet
	facet normal -1.881941287742736e-16 1.1587280135625324e-16 1
		outer loop
			vertex 12.46076488494873 2.122697591781616 0.09999999403953594
			vertex 12.536246299743652 2.0057554244995117 0.09999999403953597
			vertex 12.472325325012207 2.141473412513733 0.09999999403953594
		endloop
	endfacet
	facet normal 0.8515350349475309 -0.5242977057520921 0
		outer loop
			vertex 12.472325325012207 2.141473412513733 0.8999999761581425
			vertex 12.46076488494873 2.122697591781616 0.8999999761581425
			vertex 12.472325325012207 2.141473412513733 0.09999999403953594
		endloop
	endfacet
	facet normal 0.8515350349475309 -0.5242977057520921 0
		outer loop
			vertex 12.46076488494873 2.122697591781616 0.8999999761581425
			vertex 12.46076488494873 2.122697591781616 0.09999999403953594
			vertex 12.472325325012207 2.141473412513733 0.09999999403953594
		endloop
	endfacet
	facet normal 1.881965626455262e-16 1.158742999124623e-16 1
		outer loop
			vertex 12.536246299743652 2.0057554244995117 0.09999999403953597
			vertex 12.611725807189941 2.122697591781616 0.09999999403953594
			vertex 12.600165367126465 2.141473412513733 0.09999999403953594
		endloop
	endfacet
	facet normal -0.8515350349475309 -0.5242977057520921 0
		outer loop
			vertex 12.611725807189941 2.122697591781616 0.09999999403953594
			vertex 12.600165367126465 2.141473412513733 0.8999999761581425
			vertex 12.600165367126465 2.141473412513733 0.09999999403953594
		endloop
	endfacet
	facet normal -0.9278841656403364 -0.3728685762489743 0
		outer loop
			vertex 12.600165367126465 2.141473412513733 0.8999999761581425
			vertex 12.591943740844727 2.161932945251465 0.8999999761581425
			vertex 12.600165367126465 2.141473412513733 0.09999999403953594
		endloop
	endfacet
	facet normal -1.8819534570203077e-16 1.1587355062951268e-16 1
		outer loop
			vertex 12.820765495300293 2.122697591781616 0.09999999403953594
			vertex 12.896245956420898 2.0057554244995117 0.09999999403953597
			vertex 12.83232593536377 2.141473412513733 0.09999999403953594
		endloop
	endfacet
	facet normal 0.8515350349475309 -0.5242977057520921 0
		outer loop
			vertex 12.83232593536377 2.141473412513733 0.8999999761581425
			vertex 12.820765495300293 2.122697591781616 0.8999999761581425
			vertex 12.83232593536377 2.141473412513733 0.09999999403953594
		endloop
	endfacet
	facet normal 0.8515350349475309 -0.5242977057520921 0
		outer loop
			vertex 12.820765495300293 2.122697591781616 0.8999999761581425
			vertex 12.820765495300293 2.122697591781616 0.09999999403953594
			vertex 12.83232593536377 2.141473412513733 0.09999999403953594
		endloop
	endfacet
	facet normal 1.8819534570203077e-16 1.1587355062951268e-16 1
		outer loop
			vertex 12.896245956420898 2.0057554244995117 0.09999999403953597
			vertex 12.971726417541504 2.122697591781616 0.09999999403953594
			vertex 12.960165977478027 2.141473412513733 0.09999999403953594
		endloop
	endfacet
	facet normal -0.8515350349475309 -0.5242977057520921 0
		outer loop
			vertex 12.971726417541504 2.122697591781616 0.09999999403953594
			vertex 12.960165977478027 2.141473412513733 0.8999999761581425
			vertex 12.960165977478027 2.141473412513733 0.09999999403953594
		endloop
	endfacet
	facet normal -0.9278692011348948 -0.37290581328975336 0
		outer loop
			vertex 12.960165977478027 2.141473412513733 0.8999999761581425
			vertex 12.951943397521973 2.161932945251465 0.8999999761581425
			vertex 12.960165977478027 2.141473412513733 0.09999999403953594
		endloop
	endfacet
	facet normal -1.8818776652025637e-16 1.1587844262141383e-16 1
		outer loop
			vertex 13.180765151977539 2.122697591781616 0.09999999403953594
			vertex 13.256245613098145 2.0057554244995117 0.09999999403953597
			vertex 13.192326545715332 2.141473412513733 0.09999999403953594
		endloop
	endfacet
	facet normal 0.851515724724222 -0.5243290670441448 0
		outer loop
			vertex 13.192326545715332 2.141473412513733 0.8999999761581425
			vertex 13.180765151977539 2.122697591781616 0.8999999761581425
			vertex 13.192326545715332 2.141473412513733 0.09999999403953594
		endloop
	endfacet
	facet normal 0.851515724724222 -0.5243290670441448 0
		outer loop
			vertex 13.180765151977539 2.122697591781616 0.8999999761581425
			vertex 13.180765151977539 2.122697591781616 0.09999999403953594
			vertex 13.192326545715332 2.141473412513733 0.09999999403953594
		endloop
	endfacet
	facet normal 1.8819534570203077e-16 1.1587355062951268e-16 1
		outer loop
			vertex 13.256245613098145 2.0057554244995117 0.09999999403953597
			vertex 13.33172607421875 2.122697591781616 0.09999999403953594
			vertex 13.320165634155273 2.141473412513733 0.09999999403953594
		endloop
	endfacet
	facet normal -0.8515350349475309 -0.5242977057520921 0
		outer loop
			vertex 13.33172607421875 2.122697591781616 0.09999999403953594
			vertex 13.320165634155273 2.141473412513733 0.8999999761581425
			vertex 13.320165634155273 2.141473412513733 0.09999999403953594
		endloop
	endfacet
	facet normal -0.9278991291339901 -0.372831337406585 0
		outer loop
			vertex 13.320165634155273 2.141473412513733 0.8999999761581425
			vertex 13.311944961547852 2.161932945251465 0.8999999761581425
			vertex 13.320165634155273 2.141473412513733 0.09999999403953594
		endloop
	endfacet
	facet normal -1.8819534570203077e-16 1.1587355062951268e-16 1
		outer loop
			vertex 13.540765762329102 2.122697591781616 0.09999999403953594
			vertex 13.616246223449707 2.0057554244995117 0.09999999403953597
			vertex 13.552326202392578 2.141473412513733 0.09999999403953594
		endloop
	endfacet
	facet normal 0.8515350349475309 -0.5242977057520921 0
		outer loop
			vertex 13.552326202392578 2.141473412513733 0.8999999761581425
			vertex 13.540765762329102 2.122697591781616 0.8999999761581425
			vertex 13.552326202392578 2.141473412513733 0.09999999403953594
		endloop
	endfacet
	facet normal 0.8515350349475309 -0.5242977057520921 0
		outer loop
			vertex 13.540765762329102 2.122697591781616 0.8999999761581425
			vertex 13.540765762329102 2.122697591781616 0.09999999403953594
			vertex 13.552326202392578 2.141473412513733 0.09999999403953594
		endloop
	endfacet
	facet normal 1.8818776652025637e-16 1.1587844262141383e-16 1
		outer loop
			vertex 13.616246223449707 2.0057554244995117 0.09999999403953597
			vertex 13.691726684570312 2.122697591781616 0.09999999403953594
			vertex 13.68016529083252 2.141473412513733 0.09999999403953594
		endloop
	endfacet
	facet normal -0.851515724724222 -0.5243290670441448 0
		outer loop
			vertex 13.691726684570312 2.122697591781616 0.09999999403953594
			vertex 13.68016529083252 2.141473412513733 0.8999999761581425
			vertex 13.68016529083252 2.141473412513733 0.09999999403953594
		endloop
	endfacet
	facet normal -0.9278991291339901 -0.372831337406585 0
		outer loop
			vertex 13.68016529083252 2.141473412513733 0.8999999761581425
			vertex 13.671944618225098 2.161932945251465 0.8999999761581425
			vertex 13.68016529083252 2.141473412513733 0.09999999403953594
		endloop
	endfacet
	facet normal -1.881965626455262e-16 1.158742999124623e-16 1
		outer loop
			vertex 13.900766372680664 2.122697591781616 0.09999999403953594
			vertex 13.976245880126953 2.0057554244995117 0.09999999403953597
			vertex 13.91232681274414 2.141473412513733 0.09999999403953594
		endloop
	endfacet
	facet normal 0.8515350349475309 -0.5242977057520921 0
		outer loop
			vertex 13.91232681274414 2.141473412513733 0.8999999761581425
			vertex 13.900766372680664 2.122697591781616 0.8999999761581425
			vertex 13.91232681274414 2.141473412513733 0.09999999403953594
		endloop
	endfacet
	facet normal 0.8515350349475309 -0.5242977057520921 0
		outer loop
			vertex 13.900766372680664 2.122697591781616 0.8999999761581425
			vertex 13.900766372680664 2.122697591781616 0.09999999403953594
			vertex 13.91232681274414 2.141473412513733 0.09999999403953594
		endloop
	endfacet
	facet normal 1.8818776652025637e-16 1.1587844262141383e-16 1
		outer loop
			vertex 13.976245880126953 2.0057554244995117 0.09999999403953597
			vertex 14.051726341247559 2.122697591781616 0.09999999403953594
			vertex 14.040164947509766 2.141473412513733 0.09999999403953594
		endloop
	endfacet
	facet normal -0.851515724724222 -0.5243290670441448 0
		outer loop
			vertex 14.051726341247559 2.122697591781616 0.09999999403953594
			vertex 14.040164947509766 2.141473412513733 0.8999999761581425
			vertex 14.040164947509766 2.141473412513733 0.09999999403953594
		endloop
	endfacet
	facet normal -0.9278991291339901 -0.372831337406585 0
		outer loop
			vertex 14.040164947509766 2.141473412513733 0.8999999761581425
			vertex 14.031944274902344 2.161932945251465 0.8999999761581425
			vertex 14.040164947509766 2.141473412513733 0.09999999403953594
		endloop
	endfacet
	facet normal -1.4054734654580509e-16 8.653625314200997e-17 1
		outer loop
			vertex 14.26076602935791 2.122697591781616 0.09999999403953594
			vertex 14.386245727539062 2.0057554244995117 0.09999999403953597
			vertex 14.272326469421387 2.141473412513733 0.09999999403953594
		endloop
	endfacet
	facet normal 0.8515350349475309 -0.5242977057520921 0
		outer loop
			vertex 14.272326469421387 2.141473412513733 0.8999999761581425
			vertex 14.26076602935791 2.122697591781616 0.8999999761581425
			vertex 14.272326469421387 2.141473412513733 0.09999999403953594
		endloop
	endfacet
	facet normal 0.8515350349475309 -0.5242977057520921 0
		outer loop
			vertex 14.26076602935791 2.122697591781616 0.8999999761581425
			vertex 14.26076602935791 2.122697591781616 0.09999999403953594
			vertex 14.272326469421387 2.141473412513733 0.09999999403953594
		endloop
	endfacet
	facet normal 1.6986191755781437e-16 1.4949532096655993e-16 1
		outer loop
			vertex 12.191246032714844 2.0057554244995117 0.09999999403953597
			vertex 12.2662935256958 2.1061456203460693 0.09999999403953594
			vertex 12.251726150512695 2.122697591781616 0.09999999403953594
		endloop
	endfacet
	facet normal -0.7506766211492139 -0.6606698195467989 0
		outer loop
			vertex 12.2662935256958 2.1061456203460693 0.09999999403953594
			vertex 12.251726150512695 2.122697591781616 0.8999999761581425
			vertex 12.251726150512695 2.122697591781616 0.09999999403953594
		endloop
	endfacet
	facet normal -0.8515350349475309 -0.5242977057520921 0
		outer loop
			vertex 12.251726150512695 2.122697591781616 0.8999999761581425
			vertex 12.240165710449219 2.141473412513733 0.8999999761581425
			vertex 12.251726150512695 2.122697591781616 0.09999999403953594
		endloop
	endfacet
	facet normal -1.5557873975273772e-16 1.3692470901838377e-16 1
		outer loop
			vertex 12.446197509765625 2.1061456203460693 0.09999999403953594
			vertex 12.536246299743652 2.0057554244995117 0.09999999403953597
			vertex 12.46076488494873 2.122697591781616 0.09999999403953594
		endloop
	endfacet
	facet normal 0.7506766211492139 -0.6606698195467989 0
		outer loop
			vertex 12.46076488494873 2.122697591781616 0.8999999761581425
			vertex 12.446197509765625 2.1061456203460693 0.8999999761581425
			vertex 12.46076488494873 2.122697591781616 0.09999999403953594
		endloop
	endfacet
	facet normal 0.7506766211492139 -0.6606698195467989 0
		outer loop
			vertex 12.446197509765625 2.1061456203460693 0.8999999761581425
			vertex 12.446197509765625 2.1061456203460693 0.09999999403953594
			vertex 12.46076488494873 2.122697591781616 0.09999999403953594
		endloop
	endfacet
	facet normal 1.555745273398636e-16 1.3692996540929688e-16 1
		outer loop
			vertex 12.536246299743652 2.0057554244995117 0.09999999403953597
			vertex 12.626294136047363 2.1061456203460693 0.09999999403953594
			vertex 12.611725807189941 2.122697591781616 0.09999999403953594
		endloop
	endfacet
	facet normal -0.750655170709062 -0.6606941915044728 0
		outer loop
			vertex 12.626294136047363 2.1061456203460693 0.09999999403953594
			vertex 12.611725807189941 2.122697591781616 0.8999999761581425
			vertex 12.611725807189941 2.122697591781616 0.09999999403953594
		endloop
	endfacet
	facet normal -0.8515350349475309 -0.5242977057520921 0
		outer loop
			vertex 12.611725807189941 2.122697591781616 0.8999999761581425
			vertex 12.600165367126465 2.141473412513733 0.8999999761581425
			vertex 12.611725807189941 2.122697591781616 0.09999999403953594
		endloop
	endfacet
	facet normal -1.555736957206644e-16 1.3692923345407178e-16 1
		outer loop
			vertex 12.806197166442871 2.1061456203460693 0.09999999403953594
			vertex 12.896245956420898 2.0057554244995117 0.09999999403953597
			vertex 12.820765495300293 2.122697591781616 0.09999999403953594
		endloop
	endfacet
	facet normal 0.750655170709062 -0.6606941915044728 0
		outer loop
			vertex 12.820765495300293 2.122697591781616 0.8999999761581425
			vertex 12.806197166442871 2.1061456203460693 0.8999999761581425
			vertex 12.820765495300293 2.122697591781616 0.09999999403953594
		endloop
	endfacet
	facet normal 0.750655170709062 -0.6606941915044728 0
		outer loop
			vertex 12.806197166442871 2.1061456203460693 0.8999999761581425
			vertex 12.806197166442871 2.1061456203460693 0.09999999403953594
			vertex 12.820765495300293 2.122697591781616 0.09999999403953594
		endloop
	endfacet
	facet normal 1.555795714258637e-16 1.3692544097315441e-16 1
		outer loop
			vertex 12.896245956420898 2.0057554244995117 0.09999999403953597
			vertex 12.98629379272461 2.1061456203460693 0.09999999403953594
			vertex 12.971726417541504 2.122697591781616 0.09999999403953594
		endloop
	endfacet
	facet normal -0.7506766211492139 -0.6606698195467989 0
		outer loop
			vertex 12.98629379272461 2.1061456203460693 0.09999999403953594
			vertex 12.971726417541504 2.122697591781616 0.8999999761581425
			vertex 12.971726417541504 2.122697591781616 0.09999999403953594
		endloop
	endfacet
	facet normal -0.8515350349475309 -0.5242977057520921 0
		outer loop
			vertex 12.971726417541504 2.122697591781616 0.8999999761581425
			vertex 12.960165977478027 2.141473412513733 0.8999999761581425
			vertex 12.971726417541504 2.122697591781616 0.09999999403953594
		endloop
	endfacet
	facet normal -1.5558544757490684e-16 1.369216482057575e-16 1
		outer loop
			vertex 13.16619873046875 2.1061456203460693 0.09999999403953594
			vertex 13.256245613098145 2.0057554244995117 0.09999999403953597
			vertex 13.180765151977539 2.122697591781616 0.09999999403953594
		endloop
	endfacet
	facet normal 0.7506980720239314 -0.6606454454997421 0
		outer loop
			vertex 13.180765151977539 2.122697591781616 0.8999999761581425
			vertex 13.16619873046875 2.1061456203460693 0.8999999761581425
			vertex 13.180765151977539 2.122697591781616 0.09999999403953594
		endloop
	endfacet
	facet normal 0.7506980720239314 -0.6606454454997421 0
		outer loop
			vertex 13.16619873046875 2.1061456203460693 0.8999999761581425
			vertex 13.16619873046875 2.1061456203460693 0.09999999403953594
			vertex 13.180765151977539 2.122697591781616 0.09999999403953594
		endloop
	endfacet
	facet normal 1.555795714258637e-16 1.3692544097315441e-16 1
		outer loop
			vertex 13.256245613098145 2.0057554244995117 0.09999999403953597
			vertex 13.346293449401855 2.1061456203460693 0.09999999403953594
			vertex 13.33172607421875 2.122697591781616 0.09999999403953594
		endloop
	endfacet
	facet normal -0.7506766211492139 -0.6606698195467989 0
		outer loop
			vertex 13.346293449401855 2.1061456203460693 0.09999999403953594
			vertex 13.33172607421875 2.122697591781616 0.8999999761581425
			vertex 13.33172607421875 2.122697591781616 0.09999999403953594
		endloop
	endfacet
	facet normal -0.8515350349475309 -0.5242977057520921 0
		outer loop
			vertex 13.33172607421875 2.122697591781616 0.8999999761581425
			vertex 13.320165634155273 2.141473412513733 0.8999999761581425
			vertex 13.33172607421875 2.122697591781616 0.09999999403953594
		endloop
	endfacet
	facet normal -1.555795714258637e-16 1.3692544097315441e-16 1
		outer loop
			vertex 13.526198387145996 2.1061456203460693 0.09999999403953594
			vertex 13.616246223449707 2.0057554244995117 0.09999999403953597
			vertex 13.540765762329102 2.122697591781616 0.09999999403953594
		endloop
	endfacet
	facet normal 0.7506766211492139 -0.6606698195467989 0
		outer loop
			vertex 13.540765762329102 2.122697591781616 0.8999999761581425
			vertex 13.526198387145996 2.1061456203460693 0.8999999761581425
			vertex 13.540765762329102 2.122697591781616 0.09999999403953594
		endloop
	endfacet
	facet normal 0.7506766211492139 -0.6606698195467989 0
		outer loop
			vertex 13.526198387145996 2.1061456203460693 0.8999999761581425
			vertex 13.526198387145996 2.1061456203460693 0.09999999403953594
			vertex 13.540765762329102 2.122697591781616 0.09999999403953594
		endloop
	endfacet
	facet normal 1.555795714258637e-16 1.3692544097315441e-16 1
		outer loop
			vertex 13.616246223449707 2.0057554244995117 0.09999999403953597
			vertex 13.706294059753418 2.1061456203460693 0.09999999403953594
			vertex 13.691726684570312 2.122697591781616 0.09999999403953594
		endloop
	endfacet
	facet normal -0.7506766211492139 -0.6606698195467989 0
		outer loop
			vertex 13.706294059753418 2.1061456203460693 0.09999999403953594
			vertex 13.691726684570312 2.122697591781616 0.8999999761581425
			vertex 13.691726684570312 2.122697591781616 0.09999999403953594
		endloop
	endfacet
	facet normal -0.851515724724222 -0.5243290670441448 0
		outer loop
			vertex 13.691726684570312 2.122697591781616 0.8999999761581425
			vertex 13.68016529083252 2.141473412513733 0.8999999761581425
			vertex 13.691726684570312 2.122697591781616 0.09999999403953594
		endloop
	endfacet
	facet normal -1.555745273398636e-16 1.3692996540929688e-16 1
		outer loop
			vertex 13.886198043823242 2.1061456203460693 0.09999999403953594
			vertex 13.976245880126953 2.0057554244995117 0.09999999403953597
			vertex 13.900766372680664 2.122697591781616 0.09999999403953594
		endloop
	endfacet
	facet normal 0.750655170709062 -0.6606941915044728 0
		outer loop
			vertex 13.900766372680664 2.122697591781616 0.8999999761581425
			vertex 13.886198043823242 2.1061456203460693 0.8999999761581425
			vertex 13.900766372680664 2.122697591781616 0.09999999403953594
		endloop
	endfacet
	facet normal 0.750655170709062 -0.6606941915044728 0
		outer loop
			vertex 13.886198043823242 2.1061456203460693 0.8999999761581425
			vertex 13.886198043823242 2.1061456203460693 0.09999999403953594
			vertex 13.900766372680664 2.122697591781616 0.09999999403953594
		endloop
	endfacet
	facet normal 1.555795714258637e-16 1.3692544097315441e-16 1
		outer loop
			vertex 13.976245880126953 2.0057554244995117 0.09999999403953597
			vertex 14.066293716430664 2.1061456203460693 0.09999999403953594
			vertex 14.051726341247559 2.122697591781616 0.09999999403953594
		endloop
	endfacet
	facet normal -0.7506766211492139 -0.6606698195467989 0
		outer loop
			vertex 14.066293716430664 2.1061456203460693 0.09999999403953594
			vertex 14.051726341247559 2.122697591781616 0.8999999761581425
			vertex 14.051726341247559 2.122697591781616 0.09999999403953594
		endloop
	endfacet
	facet normal -0.851515724724222 -0.5243290670441448 0
		outer loop
			vertex 14.051726341247559 2.122697591781616 0.8999999761581425
			vertex 14.040164947509766 2.141473412513733 0.8999999761581425
			vertex 14.051726341247559 2.122697591781616 0.09999999403953594
		endloop
	endfacet
	facet normal -1.2151798996070451e-16 1.0695487523851822e-16 1
		outer loop
			vertex 14.246197700500488 2.1061456203460693 0.09999999403953594
			vertex 14.386245727539062 2.0057554244995117 0.09999999403953597
			vertex 14.26076602935791 2.122697591781616 0.09999999403953594
		endloop
	endfacet
	facet normal 0.750655170709062 -0.6606941915044728 0
		outer loop
			vertex 14.26076602935791 2.122697591781616 0.8999999761581425
			vertex 14.246197700500488 2.1061456203460693 0.8999999761581425
			vertex 14.26076602935791 2.122697591781616 0.09999999403953594
		endloop
	endfacet
	facet normal 0.750655170709062 -0.6606941915044728 0
		outer loop
			vertex 14.246197700500488 2.1061456203460693 0.8999999761581425
			vertex 14.246197700500488 2.1061456203460693 0.09999999403953594
			vertex 14.26076602935791 2.122697591781616 0.09999999403953594
		endloop
	endfacet
	facet normal -3.652391569036424e-16 5.495144044149937e-16 1
		outer loop
			vertex 12.191246032714844 2.0057554244995117 0.09999999403953597
			vertex 12.283449172973633 2.092293620109558 0.09999999403953595
			vertex 12.2662935256958 2.1061456203460693 0.09999999403953594
		endloop
	endfacet
	facet normal -0.6282140258048899 -0.778040575922627 0
		outer loop
			vertex 12.283449172973633 2.092293620109558 0.09999999403953595
			vertex 12.2662935256958 2.1061456203460693 0.8999999761581425
			vertex 12.2662935256958 2.1061456203460693 0.09999999403953594
		endloop
	endfacet
	facet normal -0.7506766211492139 -0.6606698195467989 0
		outer loop
			vertex 12.2662935256958 2.1061456203460693 0.8999999761581425
			vertex 12.251726150512695 2.122697591781616 0.8999999761581425
			vertex 12.2662935256958 2.1061456203460693 0.09999999403953594
		endloop
	endfacet
	facet normal 3.3969259880598006e-16 5.811771021124026e-16 1
		outer loop
			vertex 12.42904281616211 2.092293620109558 0.09999999403953595
			vertex 12.536246299743652 2.0057554244995117 0.09999999403953597
			vertex 12.446197509765625 2.1061456203460693 0.09999999403953594
		endloop
	endfacet
	facet normal 0.6282351662900757 -0.7780235059665492 0
		outer loop
			vertex 12.446197509765625 2.1061456203460693 0.8999999761581425
			vertex 12.42904281616211 2.092293620109558 0.8999999761581425
			vertex 12.446197509765625 2.1061456203460693 0.09999999403953594
		endloop
	endfacet
	facet normal 0.6282351662900757 -0.7780235059665492 0
		outer loop
			vertex 12.42904281616211 2.092293620109558 0.8999999761581425
			vertex 12.42904281616211 2.092293620109558 0.09999999403953595
			vertex 12.446197509765625 2.1061456203460693 0.09999999403953594
		endloop
	endfacet
	facet normal -3.3969410998006854e-16 5.811752306333362e-16 1
		outer loop
			vertex 12.536246299743652 2.0057554244995117 0.09999999403953597
			vertex 12.643448829650879 2.092293620109558 0.09999999403953595
			vertex 12.626294136047363 2.1061456203460693 0.09999999403953594
		endloop
	endfacet
	facet normal -0.6282351662900757 -0.7780235059665492 0
		outer loop
			vertex 12.643448829650879 2.092293620109558 0.09999999403953595
			vertex 12.626294136047363 2.1061456203460693 0.8999999761581425
			vertex 12.626294136047363 2.1061456203460693 0.09999999403953594
		endloop
	endfacet
	facet normal -0.750655170709062 -0.6606941915044728 0
		outer loop
			vertex 12.626294136047363 2.1061456203460693 0.8999999761581425
			vertex 12.611725807189941 2.122697591781616 0.8999999761581425
			vertex 12.626294136047363 2.1061456203460693 0.09999999403953594
		endloop
	endfacet
	facet normal 3.3969259880598006e-16 5.811771021124026e-16 1
		outer loop
			vertex 12.789042472839355 2.092293620109558 0.09999999403953595
			vertex 12.896245956420898 2.0057554244995117 0.09999999403953597
			vertex 12.806197166442871 2.1061456203460693 0.09999999403953594
		endloop
	endfacet
	facet normal 0.6282351662900757 -0.7780235059665492 0
		outer loop
			vertex 12.806197166442871 2.1061456203460693 0.8999999761581425
			vertex 12.789042472839355 2.092293620109558 0.8999999761581425
			vertex 12.806197166442871 2.1061456203460693 0.09999999403953594
		endloop
	endfacet
	facet normal 0.6282351662900757 -0.7780235059665492 0
		outer loop
			vertex 12.789042472839355 2.092293620109558 0.8999999761581425
			vertex 12.789042472839355 2.092293620109558 0.09999999403953595
			vertex 12.806197166442871 2.1061456203460693 0.09999999403953594
		endloop
	endfacet
	facet normal -3.3969410998006854e-16 5.811752306333362e-16 1
		outer loop
			vertex 12.896245956420898 2.0057554244995117 0.09999999403953597
			vertex 13.003448486328125 2.092293620109558 0.09999999403953595
			vertex 12.98629379272461 2.1061456203460693 0.09999999403953594
		endloop
	endfacet
	facet normal -0.6282351662900757 -0.7780235059665492 0
		outer loop
			vertex 13.003448486328125 2.092293620109558 0.09999999403953595
			vertex 12.98629379272461 2.1061456203460693 0.8999999761581425
			vertex 12.98629379272461 2.1061456203460693 0.09999999403953594
		endloop
	endfacet
	facet normal -0.7506766211492139 -0.6606698195467989 0
		outer loop
			vertex 12.98629379272461 2.1061456203460693 0.8999999761581425
			vertex 12.971726417541504 2.122697591781616 0.8999999761581425
			vertex 12.98629379272461 2.1061456203460693 0.09999999403953594
		endloop
	endfacet
	facet normal 3.3967371829394973e-16 5.811537129413298e-16 1
		outer loop
			vertex 13.149042129516602 2.092293620109558 0.09999999403953595
			vertex 13.256245613098145 2.0057554244995117 0.09999999403953597
			vertex 13.16619873046875 2.1061456203460693 0.09999999403953594
		endloop
	endfacet
	facet normal 0.628192886278686 -0.7780576441555306 0
		outer loop
			vertex 13.16619873046875 2.1061456203460693 0.8999999761581425
			vertex 13.149042129516602 2.092293620109558 0.8999999761581425
			vertex 13.16619873046875 2.1061456203460693 0.09999999403953594
		endloop
	endfacet
	facet normal 0.628192886278686 -0.7780576441555306 0
		outer loop
			vertex 13.149042129516602 2.092293620109558 0.8999999761581425
			vertex 13.149042129516602 2.092293620109558 0.09999999403953595
			vertex 13.16619873046875 2.1061456203460693 0.09999999403953594
		endloop
	endfacet
	facet normal -3.396722073012855e-16 5.811555844037712e-16 1
		outer loop
			vertex 13.256245613098145 2.0057554244995117 0.09999999403953597
			vertex 13.363450050354004 2.092293620109558 0.09999999403953595
			vertex 13.346293449401855 2.1061456203460693 0.09999999403953594
		endloop
	endfacet
	facet normal -0.628192886278686 -0.7780576441555306 0
		outer loop
			vertex 13.363450050354004 2.092293620109558 0.09999999403953595
			vertex 13.346293449401855 2.1061456203460693 0.8999999761581425
			vertex 13.346293449401855 2.1061456203460693 0.09999999403953594
		endloop
	endfacet
	facet normal -0.7506766211492139 -0.6606698195467989 0
		outer loop
			vertex 13.346293449401855 2.1061456203460693 0.8999999761581425
			vertex 13.33172607421875 2.122697591781616 0.8999999761581425
			vertex 13.346293449401855 2.1061456203460693 0.09999999403953594
		endloop
	endfacet
	facet normal 3.3968315828760736e-16 5.811654072018578e-16 1
		outer loop
			vertex 13.509042739868164 2.092293620109558 0.09999999403953595
			vertex 13.616246223449707 2.0057554244995117 0.09999999403953597
			vertex 13.526198387145996 2.1061456203460693 0.09999999403953594
		endloop
	endfacet
	facet normal 0.6282140258048899 -0.778040575922627 0
		outer loop
			vertex 13.526198387145996 2.1061456203460693 0.8999999761581425
			vertex 13.509042739868164 2.092293620109558 0.8999999761581425
			vertex 13.526198387145996 2.1061456203460693 0.09999999403953594
		endloop
	endfacet
	facet normal 0.6282140258048899 -0.778040575922627 0
		outer loop
			vertex 13.509042739868164 2.092293620109558 0.8999999761581425
			vertex 13.509042739868164 2.092293620109558 0.09999999403953595
			vertex 13.526198387145996 2.1061456203460693 0.09999999403953594
		endloop
	endfacet
	facet normal -3.3968315828760736e-16 5.811654072018578e-16 1
		outer loop
			vertex 13.616246223449707 2.0057554244995117 0.09999999403953597
			vertex 13.72344970703125 2.092293620109558 0.09999999403953595
			vertex 13.706294059753418 2.1061456203460693 0.09999999403953594
		endloop
	endfacet
	facet normal -0.6282140258048899 -0.778040575922627 0
		outer loop
			vertex 13.72344970703125 2.092293620109558 0.09999999403953595
			vertex 13.706294059753418 2.1061456203460693 0.8999999761581425
			vertex 13.706294059753418 2.1061456203460693 0.09999999403953594
		endloop
	endfacet
	facet normal -0.7506766211492139 -0.6606698195467989 0
		outer loop
			vertex 13.706294059753418 2.1061456203460693 0.8999999761581425
			vertex 13.691726684570312 2.122697591781616 0.8999999761581425
			vertex 13.706294059753418 2.1061456203460693 0.09999999403953594
		endloop
	endfacet
	facet normal 3.3968315828760736e-16 5.811654072018578e-16 1
		outer loop
			vertex 13.86904239654541 2.092293620109558 0.09999999403953595
			vertex 13.976245880126953 2.0057554244995117 0.09999999403953597
			vertex 13.886198043823242 2.1061456203460693 0.09999999403953594
		endloop
	endfacet
	facet normal 0.6282140258048899 -0.778040575922627 0
		outer loop
			vertex 13.886198043823242 2.1061456203460693 0.8999999761581425
			vertex 13.86904239654541 2.092293620109558 0.8999999761581425
			vertex 13.886198043823242 2.1061456203460693 0.09999999403953594
		endloop
	endfacet
	facet normal 0.6282140258048899 -0.778040575922627 0
		outer loop
			vertex 13.86904239654541 2.092293620109558 0.8999999761581425
			vertex 13.86904239654541 2.092293620109558 0.09999999403953595
			vertex 13.886198043823242 2.1061456203460693 0.09999999403953594
		endloop
	endfacet
	facet normal -3.3968315828760736e-16 5.811654072018578e-16 1
		outer loop
			vertex 13.976245880126953 2.0057554244995117 0.09999999403953597
			vertex 14.083449363708496 2.092293620109558 0.09999999403953595
			vertex 14.066293716430664 2.1061456203460693 0.09999999403953594
		endloop
	endfacet
	facet normal -0.6282140258048899 -0.778040575922627 0
		outer loop
			vertex 14.083449363708496 2.092293620109558 0.09999999403953595
			vertex 14.066293716430664 2.1061456203460693 0.8999999761581425
			vertex 14.066293716430664 2.1061456203460693 0.09999999403953594
		endloop
	endfacet
	facet normal -0.7506766211492139 -0.6606698195467989 0
		outer loop
			vertex 14.066293716430664 2.1061456203460693 0.8999999761581425
			vertex 14.051726341247559 2.122697591781616 0.8999999761581425
			vertex 14.066293716430664 2.1061456203460693 0.09999999403953594
		endloop
	endfacet
	facet normal 2.7544886671437774e-16 6.607382861407499e-16 1
		outer loop
			vertex 14.229043006896973 2.092293620109558 0.09999999403953595
			vertex 14.386245727539062 2.0057554244995117 0.09999999403953597
			vertex 14.246197700500488 2.1061456203460693 0.09999999403953594
		endloop
	endfacet
	facet normal 0.6282351662900757 -0.7780235059665492 0
		outer loop
			vertex 14.246197700500488 2.1061456203460693 0.8999999761581425
			vertex 14.229043006896973 2.092293620109558 0.8999999761581425
			vertex 14.246197700500488 2.1061456203460693 0.09999999403953594
		endloop
	endfacet
	facet normal 0.6282351662900757 -0.7780235059665492 0
		outer loop
			vertex 14.229043006896973 2.092293620109558 0.8999999761581425
			vertex 14.229043006896973 2.092293620109558 0.09999999403953595
			vertex 14.246197700500488 2.1061456203460693 0.09999999403953594
		endloop
	endfacet
	facet normal 5.616044735714728e-17 1.0052923037994464e-16 1
		outer loop
			vertex 12.191246032714844 2.0057554244995117 0.09999999403953597
			vertex 12.302698135375977 2.0815402269363403 0.09999999403953595
			vertex 12.283449172973633 2.092293620109558 0.09999999403953595
		endloop
	endfacet
	facet normal -0.48770454014519216 -0.8730087522595444 0
		outer loop
			vertex 12.302698135375977 2.0815402269363403 0.09999999403953595
			vertex 12.283449172973633 2.092293620109558 0.8999999761581425
			vertex 12.283449172973633 2.092293620109558 0.09999999403953595
		endloop
	endfacet
	facet normal -0.6282140258048899 -0.778040575922627 0
		outer loop
			vertex 12.283449172973633 2.092293620109558 0.8999999761581425
			vertex 12.2662935256958 2.1061456203460693 0.8999999761581425
			vertex 12.283449172973633 2.092293620109558 0.09999999403953595
		endloop
	endfacet
	facet normal -5.294487988906902e-17 9.477794386722463e-17 1
		outer loop
			vertex 12.40979290008545 2.0815402269363403 0.09999999403953595
			vertex 12.536246299743652 2.0057554244995117 0.09999999403953597
			vertex 12.42904281616211 2.092293620109558 0.09999999403953595
		endloop
	endfacet
	facet normal 0.4876861250945885 -0.8730190395347776 0
		outer loop
			vertex 12.42904281616211 2.092293620109558 0.8999999761581425
			vertex 12.40979290008545 2.0815402269363403 0.8999999761581425
			vertex 12.42904281616211 2.092293620109558 0.09999999403953595
		endloop
	endfacet
	facet normal 0.4876861250945885 -0.8730190395347776 0
		outer loop
			vertex 12.40979290008545 2.0815402269363403 0.8999999761581425
			vertex 12.40979290008545 2.0815402269363403 0.09999999403953595
			vertex 12.42904281616211 2.092293620109558 0.09999999403953595
		endloop
	endfacet
	facet normal 5.2945072521479353e-17 9.477828870328454e-17 1
		outer loop
			vertex 12.536246299743652 2.0057554244995117 0.09999999403953597
			vertex 12.662698745727539 2.0815402269363403 0.09999999403953595
			vertex 12.643448829650879 2.092293620109558 0.09999999403953595
		endloop
	endfacet
	facet normal -0.4876861250945885 -0.8730190395347776 0
		outer loop
			vertex 12.662698745727539 2.0815402269363403 0.09999999403953595
			vertex 12.643448829650879 2.092293620109558 0.8999999761581425
			vertex 12.643448829650879 2.092293620109558 0.09999999403953595
		endloop
	endfacet
	facet normal -0.6282351662900757 -0.7780235059665492 0
		outer loop
			vertex 12.643448829650879 2.092293620109558 0.8999999761581425
			vertex 12.626294136047363 2.1061456203460693 0.8999999761581425
			vertex 12.643448829650879 2.092293620109558 0.09999999403953595
		endloop
	endfacet
	facet normal -5.294487988906902e-17 9.477794386722463e-17 1
		outer loop
			vertex 12.769792556762695 2.0815402269363403 0.09999999403953595
			vertex 12.896245956420898 2.0057554244995117 0.09999999403953597
			vertex 12.789042472839355 2.092293620109558 0.09999999403953595
		endloop
	endfacet
	facet normal 0.4876861250945885 -0.8730190395347776 0
		outer loop
			vertex 12.789042472839355 2.092293620109558 0.8999999761581425
			vertex 12.769792556762695 2.0815402269363403 0.8999999761581425
			vertex 12.789042472839355 2.092293620109558 0.09999999403953595
		endloop
	endfacet
	facet normal 0.4876861250945885 -0.8730190395347776 0
		outer loop
			vertex 12.769792556762695 2.0815402269363403 0.8999999761581425
			vertex 12.769792556762695 2.0815402269363403 0.09999999403953595
			vertex 12.789042472839355 2.092293620109558 0.09999999403953595
		endloop
	endfacet
	facet normal 5.2945072521479353e-17 9.477828870328454e-17 1
		outer loop
			vertex 12.896245956420898 2.0057554244995117 0.09999999403953597
			vertex 13.022698402404785 2.0815402269363403 0.09999999403953595
			vertex 13.003448486328125 2.092293620109558 0.09999999403953595
		endloop
	endfacet
	facet normal -0.4876861250945885 -0.8730190395347776 0
		outer loop
			vertex 13.022698402404785 2.0815402269363403 0.09999999403953595
			vertex 13.003448486328125 2.092293620109558 0.8999999761581425
			vertex 13.003448486328125 2.092293620109558 0.09999999403953595
		endloop
	endfacet
	facet normal -0.6282351662900757 -0.7780235059665492 0
		outer loop
			vertex 13.003448486328125 2.092293620109558 0.8999999761581425
			vertex 12.98629379272461 2.1061456203460693 0.8999999761581425
			vertex 13.003448486328125 2.092293620109558 0.09999999403953595
		endloop
	endfacet
	facet normal -5.294643014287193e-17 9.477602341340726e-17 1
		outer loop
			vertex 13.129793167114258 2.0815402269363403 0.09999999403953595
			vertex 13.256245613098145 2.0057554244995117 0.09999999403953597
			vertex 13.149042129516602 2.092293620109558 0.09999999403953595
		endloop
	endfacet
	facet normal 0.48770454014519216 -0.8730087522595444 0
		outer loop
			vertex 13.149042129516602 2.092293620109558 0.8999999761581425
			vertex 13.129793167114258 2.0815402269363403 0.8999999761581425
			vertex 13.149042129516602 2.092293620109558 0.09999999403953595
		endloop
	endfacet
	facet normal 0.48770454014519216 -0.8730087522595444 0
		outer loop
			vertex 13.129793167114258 2.0815402269363403 0.8999999761581425
			vertex 13.129793167114258 2.0815402269363403 0.09999999403953595
			vertex 13.149042129516602 2.092293620109558 0.09999999403953595
		endloop
	endfacet
	facet normal 5.29462375005825e-17 9.47756785767472e-17 1
		outer loop
			vertex 13.256245613098145 2.0057554244995117 0.09999999403953597
			vertex 13.382699012756348 2.0815402269363403 0.09999999403953595
			vertex 13.363450050354004 2.092293620109558 0.09999999403953595
		endloop
	endfacet
	facet normal -0.48770454014519216 -0.8730087522595444 0
		outer loop
			vertex 13.382699012756348 2.0815402269363403 0.09999999403953595
			vertex 13.363450050354004 2.092293620109558 0.8999999761581425
			vertex 13.363450050354004 2.092293620109558 0.09999999403953595
		endloop
	endfacet
	facet normal -0.628192886278686 -0.7780576441555306 0
		outer loop
			vertex 13.363450050354004 2.092293620109558 0.8999999761581425
			vertex 13.346293449401855 2.1061456203460693 0.8999999761581425
			vertex 13.363450050354004 2.092293620109558 0.09999999403953595
		endloop
	endfacet
	facet normal -5.294487988906902e-17 9.477794386722463e-17 1
		outer loop
			vertex 13.489792823791504 2.0815402269363403 0.09999999403953595
			vertex 13.616246223449707 2.0057554244995117 0.09999999403953597
			vertex 13.509042739868164 2.092293620109558 0.09999999403953595
		endloop
	endfacet
	facet normal 0.4876861250945885 -0.8730190395347776 0
		outer loop
			vertex 13.509042739868164 2.092293620109558 0.8999999761581425
			vertex 13.489792823791504 2.0815402269363403 0.8999999761581425
			vertex 13.509042739868164 2.092293620109558 0.09999999403953595
		endloop
	endfacet
	facet normal 0.4876861250945885 -0.8730190395347776 0
		outer loop
			vertex 13.489792823791504 2.0815402269363403 0.8999999761581425
			vertex 13.489792823791504 2.0815402269363403 0.09999999403953595
			vertex 13.509042739868164 2.092293620109558 0.09999999403953595
		endloop
	endfacet
	facet normal 5.294643014287193e-17 9.477602341340726e-17 1
		outer loop
			vertex 13.616246223449707 2.0057554244995117 0.09999999403953597
			vertex 13.742698669433594 2.0815402269363403 0.09999999403953595
			vertex 13.72344970703125 2.092293620109558 0.09999999403953595
		endloop
	endfacet
	facet normal -0.48770454014519216 -0.8730087522595444 0
		outer loop
			vertex 13.742698669433594 2.0815402269363403 0.09999999403953595
			vertex 13.72344970703125 2.092293620109558 0.8999999761581425
			vertex 13.72344970703125 2.092293620109558 0.09999999403953595
		endloop
	endfacet
	facet normal -0.6282140258048899 -0.778040575922627 0
		outer loop
			vertex 13.72344970703125 2.092293620109558 0.8999999761581425
			vertex 13.706294059753418 2.1061456203460693 0.8999999761581425
			vertex 13.72344970703125 2.092293620109558 0.09999999403953595
		endloop
	endfacet
	facet normal -5.294487988906902e-17 9.477794386722463e-17 1
		outer loop
			vertex 13.84979248046875 2.0815402269363403 0.09999999403953595
			vertex 13.976245880126953 2.0057554244995117 0.09999999403953597
			vertex 13.86904239654541 2.092293620109558 0.09999999403953595
		endloop
	endfacet
	facet normal 0.4876861250945885 -0.8730190395347776 0
		outer loop
			vertex 13.86904239654541 2.092293620109558 0.8999999761581425
			vertex 13.84979248046875 2.0815402269363403 0.8999999761581425
			vertex 13.86904239654541 2.092293620109558 0.09999999403953595
		endloop
	endfacet
	facet normal 0.4876861250945885 -0.8730190395347776 0
		outer loop
			vertex 13.84979248046875 2.0815402269363403 0.8999999761581425
			vertex 13.84979248046875 2.0815402269363403 0.09999999403953595
			vertex 13.86904239654541 2.092293620109558 0.09999999403953595
		endloop
	endfacet
	facet normal 5.294487988906902e-17 9.477794386722463e-17 1
		outer loop
			vertex 13.976245880126953 2.0057554244995117 0.09999999403953597
			vertex 14.102699279785156 2.0815402269363403 0.09999999403953595
			vertex 14.083449363708496 2.092293620109558 0.09999999403953595
		endloop
	endfacet
	facet normal -0.4876861250945885 -0.8730190395347776 0
		outer loop
			vertex 14.102699279785156 2.0815402269363403 0.09999999403953595
			vertex 14.083449363708496 2.092293620109558 0.8999999761581425
			vertex 14.083449363708496 2.092293620109558 0.09999999403953595
		endloop
	endfacet
	facet normal -0.6282140258048899 -0.778040575922627 0
		outer loop
			vertex 14.083449363708496 2.092293620109558 0.8999999761581425
			vertex 14.066293716430664 2.1061456203460693 0.8999999761581425
			vertex 14.083449363708496 2.092293620109558 0.09999999403953595
		endloop
	endfacet
	facet normal -4.446452394598402e-17 7.959310478910419e-17 1
		outer loop
			vertex 14.209794044494629 2.0815402269363403 0.09999999403953595
			vertex 14.386245727539062 2.0057554244995117 0.09999999403953597
			vertex 14.229043006896973 2.092293620109558 0.09999999403953595
		endloop
	endfacet
	facet normal 0.48770454014519216 -0.8730087522595444 0
		outer loop
			vertex 14.229043006896973 2.092293620109558 0.8999999761581425
			vertex 14.209794044494629 2.0815402269363403 0.8999999761581425
			vertex 14.229043006896973 2.092293620109558 0.09999999403953595
		endloop
	endfacet
	facet normal 0.48770454014519216 -0.8730087522595444 0
		outer loop
			vertex 14.209794044494629 2.0815402269363403 0.8999999761581425
			vertex 14.209794044494629 2.0815402269363403 0.09999999403953595
			vertex 14.229043006896973 2.092293620109558 0.09999999403953595
		endloop
	endfacet
	facet normal 4.2577017292268365e-17 1.2050555536071022e-16 1
		outer loop
			vertex 12.191246032714844 2.0057554244995117 0.09999999403953597
			vertex 12.323488235473633 2.0741946697235107 0.09999999403953595
			vertex 12.302698135375977 2.0815402269363403 0.09999999403953595
		endloop
	endfacet
	facet normal -0.3331376797989017 -0.9428781927153711 0
		outer loop
			vertex 12.323488235473633 2.0741946697235107 0.09999999403953595
			vertex 12.302698135375977 2.0815402269363403 0.8999999761581425
			vertex 12.302698135375977 2.0815402269363403 0.09999999403953595
		endloop
	endfacet
	facet normal -0.48770454014519216 -0.8730087522595444 0
		outer loop
			vertex 12.302698135375977 2.0815402269363403 0.8999999761581425
			vertex 12.283449172973633 2.092293620109558 0.8999999761581425
			vertex 12.302698135375977 2.0815402269363403 0.09999999403953595
		endloop
	endfacet
	facet normal -4.070367382611503e-17 1.1520343912225875e-16 1
		outer loop
			vertex 12.389002799987793 2.0741946697235107 0.09999999403953595
			vertex 12.536246299743652 2.0057554244995117 0.09999999403953597
			vertex 12.40979290008545 2.0815402269363403 0.09999999403953595
		endloop
	endfacet
	facet normal 0.3331376797989017 -0.9428781927153711 0
		outer loop
			vertex 12.40979290008545 2.0815402269363403 0.8999999761581425
			vertex 12.389002799987793 2.0741946697235107 0.8999999761581425
			vertex 12.40979290008545 2.0815402269363403 0.09999999403953595
		endloop
	endfacet
	facet normal 0.3331376797989017 -0.9428781927153711 0
		outer loop
			vertex 12.389002799987793 2.0741946697235107 0.8999999761581425
			vertex 12.389002799987793 2.0741946697235107 0.09999999403953595
			vertex 12.40979290008545 2.0815402269363403 0.09999999403953595
		endloop
	endfacet
	facet normal 4.0704962359646214e-17 1.1520180132464697e-16 1
		outer loop
			vertex 12.536246299743652 2.0057554244995117 0.09999999403953597
			vertex 12.683487892150879 2.0741946697235107 0.09999999403953595
			vertex 12.662698745727539 2.0815402269363403 0.09999999403953595
		endloop
	endfacet
	facet normal -0.33315126590654914 -0.9428733923623382 0
		outer loop
			vertex 12.683487892150879 2.0741946697235107 0.09999999403953595
			vertex 12.662698745727539 2.0815402269363403 0.8999999761581425
			vertex 12.662698745727539 2.0815402269363403 0.09999999403953595
		endloop
	endfacet
	facet normal -0.4876861250945885 -0.8730190395347776 0
		outer loop
			vertex 12.662698745727539 2.0815402269363403 0.8999999761581425
			vertex 12.643448829650879 2.092293620109558 0.8999999761581425
			vertex 12.662698745727539 2.0815402269363403 0.09999999403953595
		endloop
	endfacet
	facet normal -4.070484849907872e-17 1.1520147908033783e-16 1
		outer loop
			vertex 12.749003410339355 2.0741946697235107 0.09999999403953595
			vertex 12.896245956420898 2.0057554244995117 0.09999999403953597
			vertex 12.769792556762695 2.0815402269363403 0.09999999403953595
		endloop
	endfacet
	facet normal 0.33315126590654914 -0.9428733923623382 0
		outer loop
			vertex 12.769792556762695 2.0815402269363403 0.8999999761581425
			vertex 12.749003410339355 2.0741946697235107 0.8999999761581425
			vertex 12.769792556762695 2.0815402269363403 0.09999999403953595
		endloop
	endfacet
	facet normal 0.33315126590654914 -0.9428733923623382 0
		outer loop
			vertex 12.749003410339355 2.0741946697235107 0.8999999761581425
			vertex 12.749003410339355 2.0741946697235107 0.09999999403953595
			vertex 12.769792556762695 2.0815402269363403 0.09999999403953595
		endloop
	endfacet
	facet normal 4.070261306837247e-17 1.1520572128773115e-16 1
		outer loop
			vertex 12.896245956420898 2.0057554244995117 0.09999999403953597
			vertex 13.043489456176758 2.0741946697235107 0.09999999403953595
			vertex 13.022698402404785 2.0815402269363403 0.09999999403953595
		endloop
	endfacet
	facet normal -0.33312409473015153 -0.9428829924811546 0
		outer loop
			vertex 13.043489456176758 2.0741946697235107 0.09999999403953595
			vertex 13.022698402404785 2.0815402269363403 0.8999999761581425
			vertex 13.022698402404785 2.0815402269363403 0.09999999403953595
		endloop
	endfacet
	facet normal -0.4876861250945885 -0.8730190395347776 0
		outer loop
			vertex 13.022698402404785 2.0815402269363403 0.8999999761581425
			vertex 13.003448486328125 2.092293620109558 0.8999999761581425
			vertex 13.022698402404785 2.0815402269363403 0.09999999403953595
		endloop
	endfacet
	facet normal -4.070378768011096e-17 1.1520376136275097e-16 1
		outer loop
			vertex 13.109003067016602 2.0741946697235107 0.09999999403953595
			vertex 13.256245613098145 2.0057554244995117 0.09999999403953597
			vertex 13.129793167114258 2.0815402269363403 0.09999999403953595
		endloop
	endfacet
	facet normal 0.3331376797989017 -0.9428781927153711 0
		outer loop
			vertex 13.129793167114258 2.0815402269363403 0.8999999761581425
			vertex 13.109003067016602 2.0741946697235107 0.8999999761581425
			vertex 13.129793167114258 2.0815402269363403 0.09999999403953595
		endloop
	endfacet
	facet normal 0.3331376797989017 -0.9428781927153711 0
		outer loop
			vertex 13.109003067016602 2.0741946697235107 0.8999999761581425
			vertex 13.109003067016602 2.0741946697235107 0.09999999403953595
			vertex 13.129793167114258 2.0815402269363403 0.09999999403953595
		endloop
	endfacet
	facet normal 4.070367382611503e-17 1.1520343912225875e-16 1
		outer loop
			vertex 13.256245613098145 2.0057554244995117 0.09999999403953597
			vertex 13.403489112854004 2.0741946697235107 0.09999999403953595
			vertex 13.382699012756348 2.0815402269363403 0.09999999403953595
		endloop
	endfacet
	facet normal -0.3331376797989017 -0.9428781927153711 0
		outer loop
			vertex 13.403489112854004 2.0741946697235107 0.09999999403953595
			vertex 13.382699012756348 2.0815402269363403 0.8999999761581425
			vertex 13.382699012756348 2.0815402269363403 0.09999999403953595
		endloop
	endfacet
	facet normal -0.48770454014519216 -0.8730087522595444 0
		outer loop
			vertex 13.382699012756348 2.0815402269363403 0.8999999761581425
			vertex 13.363450050354004 2.092293620109558 0.8999999761581425
			vertex 13.382699012756348 2.0815402269363403 0.09999999403953595
		endloop
	endfacet
	facet normal -4.070367382611503e-17 1.1520343912225875e-16 1
		outer loop
			vertex 13.469002723693848 2.0741946697235107 0.09999999403953595
			vertex 13.616246223449707 2.0057554244995117 0.09999999403953597
			vertex 13.489792823791504 2.0815402269363403 0.09999999403953595
		endloop
	endfacet
	facet normal 0.3331376797989017 -0.9428781927153711 0
		outer loop
			vertex 13.489792823791504 2.0815402269363403 0.8999999761581425
			vertex 13.469002723693848 2.0741946697235107 0.8999999761581425
			vertex 13.489792823791504 2.0815402269363403 0.09999999403953595
		endloop
	endfacet
	facet normal 0.3331376797989017 -0.9428781927153711 0
		outer loop
			vertex 13.469002723693848 2.0741946697235107 0.8999999761581425
			vertex 13.469002723693848 2.0741946697235107 0.09999999403953595
			vertex 13.489792823791504 2.0815402269363403 0.09999999403953595
		endloop
	endfacet
	facet normal 4.070378768011096e-17 1.1520376136275097e-16 1
		outer loop
			vertex 13.616246223449707 2.0057554244995117 0.09999999403953597
			vertex 13.76348876953125 2.0741946697235107 0.09999999403953595
			vertex 13.742698669433594 2.0815402269363403 0.09999999403953595
		endloop
	endfacet
	facet normal -0.3331376797989017 -0.9428781927153711 0
		outer loop
			vertex 13.76348876953125 2.0741946697235107 0.09999999403953595
			vertex 13.742698669433594 2.0815402269363403 0.8999999761581425
			vertex 13.742698669433594 2.0815402269363403 0.09999999403953595
		endloop
	endfacet
	facet normal -0.48770454014519216 -0.8730087522595444 0
		outer loop
			vertex 13.742698669433594 2.0815402269363403 0.8999999761581425
			vertex 13.72344970703125 2.092293620109558 0.8999999761581425
			vertex 13.742698669433594 2.0815402269363403 0.09999999403953595
		endloop
	endfacet
	facet normal -4.070367382611503e-17 1.1520343912225875e-16 1
		outer loop
			vertex 13.829002380371094 2.0741946697235107 0.09999999403953595
			vertex 13.976245880126953 2.0057554244995117 0.09999999403953597
			vertex 13.84979248046875 2.0815402269363403 0.09999999403953595
		endloop
	endfacet
	facet normal 0.3331376797989017 -0.9428781927153711 0
		outer loop
			vertex 13.84979248046875 2.0815402269363403 0.8999999761581425
			vertex 13.829002380371094 2.0741946697235107 0.8999999761581425
			vertex 13.84979248046875 2.0815402269363403 0.09999999403953595
		endloop
	endfacet
	facet normal 0.3331376797989017 -0.9428781927153711 0
		outer loop
			vertex 13.829002380371094 2.0741946697235107 0.8999999761581425
			vertex 13.829002380371094 2.0741946697235107 0.09999999403953595
			vertex 13.84979248046875 2.0815402269363403 0.09999999403953595
		endloop
	endfacet
	facet normal 4.070367382611503e-17 1.1520343912225875e-16 1
		outer loop
			vertex 13.976245880126953 2.0057554244995117 0.09999999403953597
			vertex 14.123489379882812 2.0741946697235107 0.09999999403953595
			vertex 14.102699279785156 2.0815402269363403 0.09999999403953595
		endloop
	endfacet
	facet normal -0.3331376797989017 -0.9428781927153711 0
		outer loop
			vertex 14.123489379882812 2.0741946697235107 0.09999999403953595
			vertex 14.102699279785156 2.0815402269363403 0.8999999761581425
			vertex 14.102699279785156 2.0815402269363403 0.09999999403953595
		endloop
	endfacet
	facet normal -0.4876861250945885 -0.8730190395347776 0
		outer loop
			vertex 14.102699279785156 2.0815402269363403 0.8999999761581425
			vertex 14.083449363708496 2.092293620109558 0.8999999761581425
			vertex 14.102699279785156 2.0815402269363403 0.09999999403953595
		endloop
	endfacet
	facet normal -3.5497154785154717e-17 1.0047205848470867e-16 1
		outer loop
			vertex 14.189002990722656 2.0741946697235107 0.09999999403953595
			vertex 14.386245727539062 2.0057554244995117 0.09999999403953597
			vertex 14.209794044494629 2.0815402269363403 0.09999999403953595
		endloop
	endfacet
	facet normal 0.33312409473015153 -0.9428829924811546 0
		outer loop
			vertex 14.209794044494629 2.0815402269363403 0.8999999761581425
			vertex 14.189002990722656 2.0741946697235107 0.8999999761581425
			vertex 14.209794044494629 2.0815402269363403 0.09999999403953595
		endloop
	endfacet
	facet normal 0.33312409473015153 -0.9428829924811546 0
		outer loop
			vertex 14.189002990722656 2.0741946697235107 0.8999999761581425
			vertex 14.189002990722656 2.0741946697235107 0.09999999403953595
			vertex 14.209794044494629 2.0815402269363403 0.09999999403953595
		endloop
	endfacet
	facet normal 2.611697454352932e-17 1.523105862822639e-16 1
		outer loop
			vertex 12.191246032714844 2.0057554244995117 0.09999999403953597
			vertex 12.345220565795898 2.0704681873321533 0.09999999403953595
			vertex 12.323488235473633 2.0741946697235107 0.09999999403953595
		endloop
	endfacet
	facet normal -0.16900523144443674 -0.9856151539746192 0
		outer loop
			vertex 12.345220565795898 2.0704681873321533 0.09999999403953595
			vertex 12.323488235473633 2.0741946697235107 0.8999999761581425
			vertex 12.323488235473633 2.0741946697235107 0.09999999403953595
		endloop
	endfacet
	facet normal -0.3331376797989017 -0.9428781927153711 0
		outer loop
			vertex 12.323488235473633 2.0741946697235107 0.8999999761581425
			vertex 12.302698135375977 2.0815402269363403 0.8999999761581425
			vertex 12.323488235473633 2.0741946697235107 0.09999999403953595
		endloop
	endfacet
	facet normal -2.539990139070754e-17 1.4812871475148903e-16 1
		outer loop
			vertex 12.367270469665527 2.0704681873321533 0.09999999403953595
			vertex 12.536246299743652 2.0057554244995117 0.09999999403953597
			vertex 12.389002799987793 2.0741946697235107 0.09999999403953595
		endloop
	endfacet
	facet normal 0.16900523144443674 -0.9856151539746192 0
		outer loop
			vertex 12.389002799987793 2.0741946697235107 0.8999999761581425
			vertex 12.367270469665527 2.0704681873321533 0.8999999761581425
			vertex 12.389002799987793 2.0741946697235107 0.09999999403953595
		endloop
	endfacet
	facet normal 0.16900523144443674 -0.9856151539746192 0
		outer loop
			vertex 12.367270469665527 2.0704681873321533 0.8999999761581425
			vertex 12.367270469665527 2.0704681873321533 0.09999999403953595
			vertex 12.389002799987793 2.0741946697235107 0.09999999403953595
		endloop
	endfacet
	facet normal 2.5399990060443822e-17 1.4812923186113724e-16 1
		outer loop
			vertex 12.536246299743652 2.0057554244995117 0.09999999403953597
			vertex 12.705220222473145 2.0704681873321533 0.09999999403953595
			vertex 12.683487892150879 2.0741946697235107 0.09999999403953595
		endloop
	endfacet
	facet normal -0.16900523144443674 -0.9856151539746192 0
		outer loop
			vertex 12.705220222473145 2.0704681873321533 0.09999999403953595
			vertex 12.683487892150879 2.0741946697235107 0.8999999761581425
			vertex 12.683487892150879 2.0741946697235107 0.09999999403953595
		endloop
	endfacet
	facet normal -0.33315126590654914 -0.9428733923623382 0
		outer loop
			vertex 12.683487892150879 2.0741946697235107 0.8999999761581425
			vertex 12.662698745727539 2.0815402269363403 0.8999999761581425
			vertex 12.683487892150879 2.0741946697235107 0.09999999403953595
		endloop
	endfacet
	facet normal -2.5399131513238764e-17 1.481307250301211e-16 1
		outer loop
			vertex 12.727270126342773 2.0704681873321533 0.09999999403953595
			vertex 12.896245956420898 2.0057554244995117 0.09999999403953597
			vertex 12.749003410339355 2.0741946697235107 0.09999999403953595
		endloop
	endfacet
	facet normal 0.16899802716680976 -0.9856163892781644 0
		outer loop
			vertex 12.749003410339355 2.0741946697235107 0.8999999761581425
			vertex 12.727270126342773 2.0704681873321533 0.8999999761581425
			vertex 12.749003410339355 2.0741946697235107 0.09999999403953595
		endloop
	endfacet
	facet normal 0.16899802716680976 -0.9856163892781644 0
		outer loop
			vertex 12.727270126342773 2.0704681873321533 0.8999999761581425
			vertex 12.727270126342773 2.0704681873321533 0.09999999403953595
			vertex 12.749003410339355 2.0741946697235107 0.09999999403953595
		endloop
	endfacet
	facet normal 2.539990139070754e-17 1.4812871475148903e-16 1
		outer loop
			vertex 12.896245956420898 2.0057554244995117 0.09999999403953597
			vertex 13.065221786499023 2.0704681873321533 0.09999999403953595
			vertex 13.043489456176758 2.0741946697235107 0.09999999403953595
		endloop
	endfacet
	facet normal -0.16900523144443674 -0.9856151539746192 0
		outer loop
			vertex 13.065221786499023 2.0704681873321533 0.09999999403953595
			vertex 13.043489456176758 2.0741946697235107 0.8999999761581425
			vertex 13.043489456176758 2.0741946697235107 0.09999999403953595
		endloop
	endfacet
	facet normal -0.33312409473015153 -0.9428829924811546 0
		outer loop
			vertex 13.043489456176758 2.0741946697235107 0.8999999761581425
			vertex 13.022698402404785 2.0815402269363403 0.8999999761581425
			vertex 13.043489456176758 2.0741946697235107 0.09999999403953595
		endloop
	endfacet
	facet normal -2.5399945725498295e-17 1.4812897330586183e-16 1
		outer loop
			vertex 13.087270736694336 2.0704681873321533 0.09999999403953595
			vertex 13.256245613098145 2.0057554244995117 0.09999999403953597
			vertex 13.109003067016602 2.0741946697235107 0.09999999403953595
		endloop
	endfacet
	facet normal 0.16900523144443674 -0.9856151539746192 0
		outer loop
			vertex 13.109003067016602 2.0741946697235107 0.8999999761581425
			vertex 13.087270736694336 2.0704681873321533 0.8999999761581425
			vertex 13.109003067016602 2.0741946697235107 0.09999999403953595
		endloop
	endfacet
	facet normal 0.16900523144443674 -0.9856151539746192 0
		outer loop
			vertex 13.087270736694336 2.0704681873321533 0.8999999761581425
			vertex 13.087270736694336 2.0704681873321533 0.09999999403953595
			vertex 13.109003067016602 2.0741946697235107 0.09999999403953595
		endloop
	endfacet
	facet normal 2.539990139070754e-17 1.4812871475148903e-16 1
		outer loop
			vertex 13.256245613098145 2.0057554244995117 0.09999999403953597
			vertex 13.42522144317627 2.0704681873321533 0.09999999403953595
			vertex 13.403489112854004 2.0741946697235107 0.09999999403953595
		endloop
	endfacet
	facet normal -0.16900523144443674 -0.9856151539746192 0
		outer loop
			vertex 13.42522144317627 2.0704681873321533 0.09999999403953595
			vertex 13.403489112854004 2.0741946697235107 0.8999999761581425
			vertex 13.403489112854004 2.0741946697235107 0.09999999403953595
		endloop
	endfacet
	facet normal -0.3331376797989017 -0.9428781927153711 0
		outer loop
			vertex 13.403489112854004 2.0741946697235107 0.8999999761581425
			vertex 13.382699012756348 2.0815402269363403 0.8999999761581425
			vertex 13.403489112854004 2.0741946697235107 0.09999999403953595
		endloop
	endfacet
	facet normal -2.539990139070754e-17 1.4812871475148903e-16 1
		outer loop
			vertex 13.447270393371582 2.0704681873321533 0.09999999403953595
			vertex 13.616246223449707 2.0057554244995117 0.09999999403953597
			vertex 13.469002723693848 2.0741946697235107 0.09999999403953595
		endloop
	endfacet
	facet normal 0.16900523144443674 -0.9856151539746192 0
		outer loop
			vertex 13.469002723693848 2.0741946697235107 0.8999999761581425
			vertex 13.447270393371582 2.0704681873321533 0.8999999761581425
			vertex 13.469002723693848 2.0741946697235107 0.09999999403953595
		endloop
	endfacet
	facet normal 0.16900523144443674 -0.9856151539746192 0
		outer loop
			vertex 13.447270393371582 2.0704681873321533 0.8999999761581425
			vertex 13.447270393371582 2.0704681873321533 0.09999999403953595
			vertex 13.469002723693848 2.0741946697235107 0.09999999403953595
		endloop
	endfacet
	facet normal 2.5399945725498295e-17 1.4812897330586183e-16 1
		outer loop
			vertex 13.616246223449707 2.0057554244995117 0.09999999403953597
			vertex 13.785221099853516 2.0704681873321533 0.09999999403953595
			vertex 13.76348876953125 2.0741946697235107 0.09999999403953595
		endloop
	endfacet
	facet normal -0.16900523144443674 -0.9856151539746192 0
		outer loop
			vertex 13.785221099853516 2.0704681873321533 0.09999999403953595
			vertex 13.76348876953125 2.0741946697235107 0.8999999761581425
			vertex 13.76348876953125 2.0741946697235107 0.09999999403953595
		endloop
	endfacet
	facet normal -0.3331376797989017 -0.9428781927153711 0
		outer loop
			vertex 13.76348876953125 2.0741946697235107 0.8999999761581425
			vertex 13.742698669433594 2.0815402269363403 0.8999999761581425
			vertex 13.76348876953125 2.0741946697235107 0.09999999403953595
		endloop
	endfacet
	facet normal -2.539990139070754e-17 1.4812871475148903e-16 1
		outer loop
			vertex 13.807270050048828 2.0704681873321533 0.09999999403953595
			vertex 13.976245880126953 2.0057554244995117 0.09999999403953597
			vertex 13.829002380371094 2.0741946697235107 0.09999999403953595
		endloop
	endfacet
	facet normal 0.16900523144443674 -0.9856151539746192 0
		outer loop
			vertex 13.829002380371094 2.0741946697235107 0.8999999761581425
			vertex 13.807270050048828 2.0704681873321533 0.8999999761581425
			vertex 13.829002380371094 2.0741946697235107 0.09999999403953595
		endloop
	endfacet
	facet normal 0.16900523144443674 -0.9856151539746192 0
		outer loop
			vertex 13.807270050048828 2.0704681873321533 0.8999999761581425
			vertex 13.807270050048828 2.0704681873321533 0.09999999403953595
			vertex 13.829002380371094 2.0741946697235107 0.09999999403953595
		endloop
	endfacet
	facet normal 2.539990139070754e-17 1.4812871475148903e-16 1
		outer loop
			vertex 13.976245880126953 2.0057554244995117 0.09999999403953597
			vertex 14.145221710205078 2.0704681873321533 0.09999999403953595
			vertex 14.123489379882812 2.0741946697235107 0.09999999403953595
		endloop
	endfacet
	facet normal -0.16900523144443674 -0.9856151539746192 0
		outer loop
			vertex 14.145221710205078 2.0704681873321533 0.09999999403953595
			vertex 14.123489379882812 2.0741946697235107 0.8999999761581425
			vertex 14.123489379882812 2.0741946697235107 0.09999999403953595
		endloop
	endfacet
	facet normal -0.3331376797989017 -0.9428781927153711 0
		outer loop
			vertex 14.123489379882812 2.0741946697235107 0.8999999761581425
			vertex 14.102699279785156 2.0815402269363403 0.8999999761581425
			vertex 14.123489379882812 2.0741946697235107 0.09999999403953595
		endloop
	endfacet
	facet normal -2.327107857180216e-17 1.357077587755997e-16 1
		outer loop
			vertex 14.167271614074707 2.0704681873321533 0.09999999403953595
			vertex 14.386245727539062 2.0057554244995117 0.09999999403953597
			vertex 14.189002990722656 2.0741946697235107 0.09999999403953595
		endloop
	endfacet
	facet normal 0.16901243632728633 -0.9856139185130834 0
		outer loop
			vertex 14.189002990722656 2.0741946697235107 0.8999999761581425
			vertex 14.167271614074707 2.0704681873321533 0.8999999761581425
			vertex 14.189002990722656 2.0741946697235107 0.09999999403953595
		endloop
	endfacet
	facet normal 0.16901243632728633 -0.9856139185130834 0
		outer loop
			vertex 14.167271614074707 2.0704681873321533 0.8999999761581425
			vertex 14.167271614074707 2.0704681873321533 0.09999999403953595
			vertex 14.189002990722656 2.0741946697235107 0.09999999403953595
		endloop
	endfacet
	facet normal 8.27196236179134e-18 1.947701769137875e-16 1
		outer loop
			vertex 12.191246032714844 2.0057554244995117 0.09999999403953597
			vertex 12.356245994567871 2.069999933242798 0.09999999403953595
			vertex 12.345220565795898 2.0704681873321533 0.09999999403953595
		endloop
	endfacet
	facet normal -0.04243212367111054 -0.999099351856841 0
		outer loop
			vertex 12.356245994567871 2.069999933242798 0.09999999403953595
			vertex 12.356245994567871 2.069999933242798 0.8999999761581425
			vertex 12.345220565795898 2.0704681873321533 0.09999999403953595
		endloop
	endfacet
	facet normal -0.04243212367111054 -0.999099351856841 0
		outer loop
			vertex 12.356245994567871 2.069999933242798 0.8999999761581425
			vertex 12.345220565795898 2.0704681873321533 0.8999999761581425
			vertex 12.345220565795898 2.0704681873321533 0.09999999403953595
		endloop
	endfacet
	facet normal -0.16900523144443674 -0.9856151539746192 0
		outer loop
			vertex 12.345220565795898 2.0704681873321533 0.8999999761581425
			vertex 12.323488235473633 2.0741946697235107 0.8999999761581425
			vertex 12.345220565795898 2.0704681873321533 0.09999999403953595
		endloop
	endfacet
	facet normal 0 2.1445209878775873e-16 1
		outer loop
			vertex 12.191246032714844 2.0057554244995117 0.09999999403953597
			vertex 12.536246299743652 2.0057554244995117 0.09999999403953597
			vertex 12.367270469665527 2.0704681873321533 0.09999999403953595
		endloop
	endfacet
	facet normal -1.0298462867131416e-17 2.424648283992651e-16 1
		outer loop
			vertex 12.356245994567871 2.069999933242798 0.09999999403953595
			vertex 12.191246032714844 2.0057554244995117 0.09999999403953597
			vertex 12.367270469665527 2.0704681873321533 0.09999999403953595
		endloop
	endfacet
	facet normal 0.04243578766032923 -0.9990991962391159 0
		outer loop
			vertex 12.367270469665527 2.0704681873321533 0.8999999761581425
			vertex 12.356245994567871 2.069999933242798 0.09999999403953595
			vertex 12.367270469665527 2.0704681873321533 0.09999999403953595
		endloop
	endfacet
	facet normal 8.19866220771576e-18 1.9304426432464745e-16 1
		outer loop
			vertex 12.536246299743652 2.0057554244995117 0.09999999403953597
			vertex 12.716245651245117 2.069999933242798 0.09999999403953595
			vertex 12.705220222473145 2.0704681873321533 0.09999999403953595
		endloop
	endfacet
	facet normal -0.04243212367111054 -0.999099351856841 0
		outer loop
			vertex 12.716245651245117 2.069999933242798 0.09999999403953595
			vertex 12.716245651245117 2.069999933242798 0.8999999761581425
			vertex 12.705220222473145 2.0704681873321533 0.09999999403953595
		endloop
	endfacet
	facet normal -0.04243212367111054 -0.999099351856841 0
		outer loop
			vertex 12.716245651245117 2.069999933242798 0.8999999761581425
			vertex 12.705220222473145 2.0704681873321533 0.8999999761581425
			vertex 12.705220222473145 2.0704681873321533 0.09999999403953595
		endloop
	endfacet
	facet normal -0.16900523144443674 -0.9856151539746192 0
		outer loop
			vertex 12.705220222473145 2.0704681873321533 0.8999999761581425
			vertex 12.683487892150879 2.0741946697235107 0.8999999761581425
			vertex 12.705220222473145 2.0704681873321533 0.09999999403953595
		endloop
	endfacet
	facet normal -8.199291390151695e-18 1.9304237977628022e-16 1
		outer loop
			vertex 12.716245651245117 2.069999933242798 0.09999999403953595
			vertex 12.896245956420898 2.0057554244995117 0.09999999403953597
			vertex 12.727270126342773 2.0704681873321533 0.09999999403953595
		endloop
	endfacet
	facet normal 0.04243578766032923 -0.9990991962391159 0
		outer loop
			vertex 12.727270126342773 2.0704681873321533 0.8999999761581425
			vertex 12.716245651245117 2.069999933242798 0.09999999403953595
			vertex 12.727270126342773 2.0704681873321533 0.09999999403953595
		endloop
	endfacet
	facet normal 8.19992991039142e-18 1.930407124933084e-16 1
		outer loop
			vertex 12.896245956420898 2.0057554244995117 0.09999999403953597
			vertex 13.076245307922363 2.069999933242798 0.09999999403953595
			vertex 13.065221786499023 2.0704681873321533 0.09999999403953595
		endloop
	endfacet
	facet normal -0.04243945228179834 -0.9990990405810732 0
		outer loop
			vertex 13.076245307922363 2.069999933242798 0.09999999403953595
			vertex 13.076245307922363 2.069999933242798 0.8999999761581425
			vertex 13.065221786499023 2.0704681873321533 0.09999999403953595
		endloop
	endfacet
	facet normal -0.04243945228179834 -0.9990990405810732 0
		outer loop
			vertex 13.076245307922363 2.069999933242798 0.8999999761581425
			vertex 13.065221786499023 2.0704681873321533 0.8999999761581425
			vertex 13.065221786499023 2.0704681873321533 0.09999999403953595
		endloop
	endfacet
	facet normal -0.16900523144443674 -0.9856151539746192 0
		outer loop
			vertex 13.065221786499023 2.0704681873321533 0.8999999761581425
			vertex 13.043489456176758 2.0741946697235107 0.8999999761581425
			vertex 13.065221786499023 2.0704681873321533 0.09999999403953595
		endloop
	endfacet
	facet normal -8.198657588528315e-18 1.9304415556206894e-16 1
		outer loop
			vertex 13.076245307922363 2.069999933242798 0.09999999403953595
			vertex 13.256245613098145 2.0057554244995117 0.09999999403953597
			vertex 13.087270736694336 2.0704681873321533 0.09999999403953595
		endloop
	endfacet
	facet normal 0.04243212367111054 -0.999099351856841 0
		outer loop
			vertex 13.087270736694336 2.0704681873321533 0.8999999761581425
			vertex 13.076245307922363 2.069999933242798 0.09999999403953595
			vertex 13.087270736694336 2.0704681873321533 0.09999999403953595
		endloop
	endfacet
	facet normal 8.199291390151695e-18 1.9304237977628022e-16 1
		outer loop
			vertex 13.256245613098145 2.0057554244995117 0.09999999403953597
			vertex 13.436245918273926 2.069999933242798 0.09999999403953595
			vertex 13.42522144317627 2.0704681873321533 0.09999999403953595
		endloop
	endfacet
	facet normal -0.04243578766032923 -0.9990991962391159 0
		outer loop
			vertex 13.436245918273926 2.069999933242798 0.09999999403953595
			vertex 13.436245918273926 2.069999933242798 0.8999999761581425
			vertex 13.42522144317627 2.0704681873321533 0.09999999403953595
		endloop
	endfacet
	facet normal -0.04243578766032923 -0.9990991962391159 0
		outer loop
			vertex 13.436245918273926 2.069999933242798 0.8999999761581425
			vertex 13.42522144317627 2.0704681873321533 0.8999999761581425
			vertex 13.42522144317627 2.0704681873321533 0.09999999403953595
		endloop
	endfacet
	facet normal -0.16900523144443674 -0.9856151539746192 0
		outer loop
			vertex 13.42522144317627 2.0704681873321533 0.8999999761581425
			vertex 13.403489112854004 2.0741946697235107 0.8999999761581425
			vertex 13.42522144317627 2.0704681873321533 0.09999999403953595
		endloop
	endfacet
	facet normal -8.199291390151695e-18 1.9304237977628022e-16 1
		outer loop
			vertex 13.436245918273926 2.069999933242798 0.09999999403953595
			vertex 13.616246223449707 2.0057554244995117 0.09999999403953597
			vertex 13.447270393371582 2.0704681873321533 0.09999999403953595
		endloop
	endfacet
	facet normal 0.04243578766032923 -0.9990991962391159 0
		outer loop
			vertex 13.447270393371582 2.0704681873321533 0.8999999761581425
			vertex 13.436245918273926 2.069999933242798 0.09999999403953595
			vertex 13.447270393371582 2.0704681873321533 0.09999999403953595
		endloop
	endfacet
	facet normal 8.198657588528315e-18 1.9304415556206894e-16 1
		outer loop
			vertex 13.616246223449707 2.0057554244995117 0.09999999403953597
			vertex 13.796246528625488 2.069999933242798 0.09999999403953595
			vertex 13.785221099853516 2.0704681873321533 0.09999999403953595
		endloop
	endfacet
	facet normal -0.04243212367111054 -0.999099351856841 0
		outer loop
			vertex 13.796246528625488 2.069999933242798 0.09999999403953595
			vertex 13.796246528625488 2.069999933242798 0.8999999761581425
			vertex 13.785221099853516 2.0704681873321533 0.09999999403953595
		endloop
	endfacet
	facet normal -0.04243212367111054 -0.999099351856841 0
		outer loop
			vertex 13.796246528625488 2.069999933242798 0.8999999761581425
			vertex 13.785221099853516 2.0704681873321533 0.8999999761581425
			vertex 13.785221099853516 2.0704681873321533 0.09999999403953595
		endloop
	endfacet
	facet normal -0.16900523144443674 -0.9856151539746192 0
		outer loop
			vertex 13.785221099853516 2.0704681873321533 0.8999999761581425
			vertex 13.76348876953125 2.0741946697235107 0.8999999761581425
			vertex 13.785221099853516 2.0704681873321533 0.09999999403953595
		endloop
	endfacet
	facet normal -8.19992991039142e-18 1.930407124933084e-16 1
		outer loop
			vertex 13.796246528625488 2.069999933242798 0.09999999403953595
			vertex 13.976245880126953 2.0057554244995117 0.09999999403953597
			vertex 13.807270050048828 2.0704681873321533 0.09999999403953595
		endloop
	endfacet
	facet normal 0.04243945228179834 -0.9990990405810732 0
		outer loop
			vertex 13.807270050048828 2.0704681873321533 0.8999999761581425
			vertex 13.796246528625488 2.069999933242798 0.09999999403953595
			vertex 13.807270050048828 2.0704681873321533 0.09999999403953595
		endloop
	endfacet
	facet normal 8.199291390151695e-18 1.9304237977628022e-16 1
		outer loop
			vertex 13.976245880126953 2.0057554244995117 0.09999999403953597
			vertex 14.156246185302734 2.069999933242798 0.09999999403953595
			vertex 14.145221710205078 2.0704681873321533 0.09999999403953595
		endloop
	endfacet
	facet normal -0.04243578766032923 -0.9990991962391159 0
		outer loop
			vertex 14.156246185302734 2.069999933242798 0.09999999403953595
			vertex 14.156246185302734 2.069999933242798 0.8999999761581425
			vertex 14.145221710205078 2.0704681873321533 0.09999999403953595
		endloop
	endfacet
	facet normal -0.04243578766032923 -0.9990991962391159 0
		outer loop
			vertex 14.156246185302734 2.069999933242798 0.8999999761581425
			vertex 14.145221710205078 2.0704681873321533 0.8999999761581425
			vertex 14.145221710205078 2.0704681873321533 0.09999999403953595
		endloop
	endfacet
	facet normal -0.16900523144443674 -0.9856151539746192 0
		outer loop
			vertex 14.145221710205078 2.0704681873321533 0.8999999761581425
			vertex 14.123489379882812 2.0741946697235107 0.8999999761581425
			vertex 14.145221710205078 2.0704681873321533 0.09999999403953595
		endloop
	endfacet
	facet normal -7.963431160578597e-18 1.875055552901205e-16 1
		outer loop
			vertex 14.156246185302734 2.069999933242798 0.09999999403953595
			vertex 14.386245727539062 2.0057554244995117 0.09999999403953597
			vertex 14.167271614074707 2.0704681873321533 0.09999999403953595
		endloop
	endfacet
	facet normal 0.04243212367111054 -0.999099351856841 0
		outer loop
			vertex 14.167271614074707 2.0704681873321533 0.8999999761581425
			vertex 14.156246185302734 2.069999933242798 0.09999999403953595
			vertex 14.167271614074707 2.0704681873321533 0.09999999403953595
		endloop
	endfacet
	facet normal 0.04243578766032923 -0.9990991962391159 0
		outer loop
			vertex 12.367270469665527 2.0704681873321533 0.8999999761581425
			vertex 12.356245994567871 2.069999933242798 0.8999999761581425
			vertex 12.356245994567871 2.069999933242798 0.09999999403953595
		endloop
	endfacet
	facet normal 0 2.1601515957213626e-16 1
		outer loop
			vertex 12.536246299743652 2.0057554244995117 0.09999999403953597
			vertex 12.896245956420898 2.0057554244995117 0.09999999403953597
			vertex 12.716245651245117 2.069999933242798 0.09999999403953595
		endloop
	endfacet
	facet normal 0.04243578766032923 -0.9990991962391159 0
		outer loop
			vertex 12.727270126342773 2.0704681873321533 0.8999999761581425
			vertex 12.716245651245117 2.069999933242798 0.8999999761581425
			vertex 12.716245651245117 2.069999933242798 0.09999999403953595
		endloop
	endfacet
	facet normal 0 2.1601515957213626e-16 1
		outer loop
			vertex 12.896245956420898 2.0057554244995117 0.09999999403953597
			vertex 13.256245613098145 2.0057554244995117 0.09999999403953597
			vertex 13.076245307922363 2.069999933242798 0.09999999403953595
		endloop
	endfacet
	facet normal 0.04243212367111054 -0.999099351856841 0
		outer loop
			vertex 13.087270736694336 2.0704681873321533 0.8999999761581425
			vertex 13.076245307922363 2.069999933242798 0.8999999761581425
			vertex 13.076245307922363 2.069999933242798 0.09999999403953595
		endloop
	endfacet
	facet normal 0 2.1601515957213626e-16 1
		outer loop
			vertex 13.256245613098145 2.0057554244995117 0.09999999403953597
			vertex 13.616246223449707 2.0057554244995117 0.09999999403953597
			vertex 13.436245918273926 2.069999933242798 0.09999999403953595
		endloop
	endfacet
	facet normal 0.04243578766032923 -0.9990991962391159 0
		outer loop
			vertex 13.447270393371582 2.0704681873321533 0.8999999761581425
			vertex 13.436245918273926 2.069999933242798 0.8999999761581425
			vertex 13.436245918273926 2.069999933242798 0.09999999403953595
		endloop
	endfacet
	facet normal 0 2.1601515957213626e-16 1
		outer loop
			vertex 13.616246223449707 2.0057554244995117 0.09999999403953597
			vertex 13.976245880126953 2.0057554244995117 0.09999999403953597
			vertex 13.796246528625488 2.069999933242798 0.09999999403953595
		endloop
	endfacet
	facet normal 0.04243945228179834 -0.9990990405810732 0
		outer loop
			vertex 13.807270050048828 2.0704681873321533 0.8999999761581425
			vertex 13.796246528625488 2.069999933242798 0.8999999761581425
			vertex 13.796246528625488 2.069999933242798 0.09999999403953595
		endloop
	endfacet
	facet normal 0 2.1601515957213626e-16 1
		outer loop
			vertex 13.976245880126953 2.0057554244995117 0.09999999403953597
			vertex 14.386245727539062 2.0057554244995117 0.09999999403953597
			vertex 14.156246185302734 2.069999933242798 0.09999999403953595
		endloop
	endfacet
	facet normal 0.04243212367111054 -0.999099351856841 0
		outer loop
			vertex 14.167271614074707 2.0704681873321533 0.8999999761581425
			vertex 14.156246185302734 2.069999933242798 0.8999999761581425
			vertex 14.156246185302734 2.069999933242798 0.09999999403953595
		endloop
	endfacet
	facet normal 0 2.2140745797104073e-16 1
		outer loop
			vertex 12.156246185302734 0 0.09999999403953641
			vertex 12.191246032714844 2.0057554244995117 0.09999999403953597
			vertex 12.156246185302734 2.0057554244995117 0.09999999403953597
		endloop
	endfacet
	facet normal 1 0 0
		outer loop
			vertex 12.156246185302734 4 0.8999999761581421
			vertex 12.156246185302734 0 0.09999999403953641
			vertex 12.156246185302734 2.0057554244995117 0.09999999403953597
		endloop
	endfacet
	facet normal -7.02148940699551e-16 8.995295423785468e-17 1
		outer loop
			vertex 12.226362228393555 1.817028284072876 0.09999999403953601
			vertex 12.229164123535156 1.8388991355895996 0.09999999403953601
			vertex 12.191246032714844 2.0057554244995117 0.09999999403953597
		endloop
	endfacet
	facet normal -1.536669239405506e-15 -6.532507329420809e-17 1
		outer loop
			vertex 12.227298736572266 1.7949984073638916 0.09999999403953601
			vertex 12.226362228393555 1.817028284072876 0.09999999403953601
			vertex 12.191246032714844 2.0057554244995117 0.09999999403953597
		endloop
	endfacet
	facet normal 7.6620824123024515e-16 4.2363711648799943e-16 1
		outer loop
			vertex 12.229164123535156 1.8388991355895996 0.09999999403953601
			vertex 12.23561954498291 1.8599822521209717 0.099999994039536
			vertex 12.191246032714844 2.0057554244995117 0.09999999403953597
		endloop
	endfacet
	facet normal -2.354744272713145e-16 1.1872382240092579e-16 1
		outer loop
			vertex 12.23561954498291 1.8599822521209717 0.099999994039536
			vertex 12.245546340942383 1.8796708583831787 0.099999994039536
			vertex 12.191246032714844 2.0057554244995117 0.09999999403953597
		endloop
	endfacet
	facet normal -1.8809992449598467e-16 1.391263996715913e-16 1
		outer loop
			vertex 12.245546340942383 1.8796708583831787 0.099999994039536
			vertex 12.258658409118652 1.8973984718322754 0.099999994039536
			vertex 12.191246032714844 2.0057554244995117 0.09999999403953597
		endloop
	endfacet
	facet normal -3.4961450770749524e-17 1.3427093391615527e-16 1
		outer loop
			vertex 12.31293773651123 1.9340848922729492 0.09999999403953598
			vertex 12.33427619934082 1.939640998840332 0.09999999403953598
			vertex 12.191246032714844 2.0057554244995117 0.09999999403953597
		endloop
	endfacet
	facet normal -1.5087609624416702e-17 1.7726546623367977e-16 1
		outer loop
			vertex 12.33427619934082 1.939640998840332 0.09999999403953598
			vertex 12.356245994567871 1.9415109157562256 0.09999999403953598
			vertex 12.191246032714844 2.0057554244995117 0.09999999403953597
		endloop
	endfacet
	facet normal 0 2.1601515957213626e-16 1
		outer loop
			vertex 12.356245994567871 1.9415109157562256 0.09999999403953598
			vertex 12.536246299743652 2.0057554244995117 0.09999999403953597
			vertex 12.191246032714844 2.0057554244995117 0.09999999403953597
		endloop
	endfacet
	facet normal 3.9234228088402022e-16 5.002383308081063e-16 1
		outer loop
			vertex 12.258658409118652 1.8973984718322754 0.099999994039536
			vertex 12.274577140808105 1.9126555919647217 0.09999999403953598
			vertex 12.191246032714844 2.0057554244995117 0.09999999403953597
		endloop
	endfacet
	facet normal -6.277430162657419e-17 9.287595324363479e-17 1
		outer loop
			vertex 12.274577140808105 1.9126555919647217 0.09999999403953598
			vertex 12.292844772338867 1.9250025749206543 0.09999999403953598
			vertex 12.191246032714844 2.0057554244995117 0.09999999403953597
		endloop
	endfacet
	facet normal -4.951937897210204e-17 1.0955255899230513e-16 1
		outer loop
			vertex 12.292844772338867 1.9250025749206543 0.09999999403953598
			vertex 12.31293773651123 1.9340848922729492 0.09999999403953598
			vertex 12.191246032714844 2.0057554244995117 0.09999999403953597
		endloop
	endfacet
	facet normal 1.3951275360663155e-16 2.2140745797104073e-16 1
		outer loop
			vertex 12.191246032714844 0 0.09999999403953641
			vertex 12.227298736572266 1.7949984073638916 0.09999999403953601
			vertex 12.191246032714844 2.0057554244995117 0.09999999403953597
		endloop
	endfacet
	facet normal 0 2.2140745797104073e-16 1
		outer loop
			vertex 12.156246185302734 0 0.09999999403953641
			vertex 12.191246032714844 0 0.09999999403953641
			vertex 12.191246032714844 2.0057554244995117 0.09999999403953597
		endloop
	endfacet
	facet normal 9.852312891999367e-17 2.2140745797104077e-16 1
		outer loop
			vertex 12.536246299743652 0 0.09999999403953641
			vertex 12.587298393249512 1.7949984073638916 0.09999999403953601
			vertex 12.536246299743652 2.0057554244995117 0.09999999403953597
		endloop
	endfacet
	facet normal -9.88874584324956e-16 -4.199506351613774e-17 1
		outer loop
			vertex 12.587298393249512 1.7949984073638916 0.09999999403953601
			vertex 12.586362838745117 1.817028284072876 0.09999999403953601
			vertex 12.536246299743652 2.0057554244995117 0.09999999403953597
		endloop
	endfacet
	facet normal -5.604445593650795e-16 7.177463599163829e-17 1
		outer loop
			vertex 12.586362838745117 1.817028284072876 0.09999999403953601
			vertex 12.589163780212402 1.8388991355895996 0.09999999403953601
			vertex 12.536246299743652 2.0057554244995117 0.09999999403953597
		endloop
	endfacet
	facet normal 6.556618604252711e-16 4.574555602025475e-16 1
		outer loop
			vertex 12.589163780212402 1.8388991355895996 0.09999999403953601
			vertex 12.595620155334473 1.8599822521209717 0.099999994039536
			vertex 12.536246299743652 2.0057554244995117 0.09999999403953597
		endloop
	endfacet
	facet normal -2.0889081172891956e-16 1.0532063256412321e-16 1
		outer loop
			vertex 12.595620155334473 1.8599822521209717 0.099999994039536
			vertex 12.605546951293945 1.8796708583831787 0.099999994039536
			vertex 12.536246299743652 2.0057554244995117 0.09999999403953597
		endloop
	endfacet
	facet normal -1.7074977219148622e-16 1.262843315493808e-16 1
		outer loop
			vertex 12.605546951293945 1.8796708583831787 0.099999994039536
			vertex 12.618658065795898 1.8973984718322754 0.099999994039536
			vertex 12.536246299743652 2.0057554244995117 0.09999999403953597
		endloop
	endfacet
	facet normal -3.3688463689077454e-17 1.2938197305923583e-16 1
		outer loop
			vertex 12.672937393188477 1.9340848922729492 0.09999999403953598
			vertex 12.694275856018066 1.939640998840332 0.09999999403953598
			vertex 12.536246299743652 2.0057554244995117 0.09999999403953597
		endloop
	endfacet
	facet normal -1.4845523827986813e-17 1.744211819076028e-16 1
		outer loop
			vertex 12.694275856018066 1.939640998840332 0.09999999403953598
			vertex 12.716245651245117 1.9415109157562256 0.09999999403953598
			vertex 12.536246299743652 2.0057554244995117 0.09999999403953597
		endloop
	endfacet
	facet normal 0 2.1601515957213626e-16 1
		outer loop
			vertex 12.716245651245117 1.9415109157562256 0.09999999403953598
			vertex 12.896245956420898 2.0057554244995117 0.09999999403953597
			vertex 12.536246299743652 2.0057554244995117 0.09999999403953597
		endloop
	endfacet
	facet normal 3.622355159626172e-16 5.31650649034666e-16 1
		outer loop
			vertex 12.618658065795898 1.8973984718322754 0.099999994039536
			vertex 12.634576797485352 1.9126555919647217 0.09999999403953598
			vertex 12.536246299743652 2.0057554244995117 0.09999999403953597
		endloop
	endfacet
	facet normal -5.878402751171322e-17 8.697679579928387e-17 1
		outer loop
			vertex 12.634576797485352 1.9126555919647217 0.09999999403953598
			vertex 12.65284538269043 1.9250025749206543 0.09999999403953598
			vertex 12.536246299743652 2.0057554244995117 0.09999999403953597
		endloop
	endfacet
	facet normal -4.700486864371489e-17 1.0398472962522027e-16 1
		outer loop
			vertex 12.65284538269043 1.9250025749206543 0.09999999403953598
			vertex 12.672937393188477 1.9340848922729492 0.09999999403953598
			vertex 12.536246299743652 2.0057554244995117 0.09999999403953597
		endloop
	endfacet
	facet normal 4.7004716811429947e-17 1.039843937400332e-16 1
		outer loop
			vertex 12.399554252624512 1.9340848922729492 0.09999999403953598
			vertex 12.419646263122559 1.9250025749206543 0.09999999403953598
			vertex 12.536246299743652 2.0057554244995117 0.09999999403953597
		endloop
	endfacet
	facet normal 9.888521851933353e-16 -4.19941122802884e-17 1
		outer loop
			vertex 12.486128807067871 1.817028284072876 0.09999999403953601
			vertex 12.485193252563477 1.7949984073638916 0.09999999403953601
			vertex 12.536246299743652 2.0057554244995117 0.09999999403953597
		endloop
	endfacet
	facet normal -9.852128850139354e-17 2.2140745797104077e-16 1
		outer loop
			vertex 12.485193252563477 1.7949984073638916 0.09999999403953601
			vertex 12.536246299743652 0 0.09999999403953641
			vertex 12.536246299743652 2.0057554244995117 0.09999999403953597
		endloop
	endfacet
	facet normal 1.48455086829458e-17 1.7442100396737084e-16 1
		outer loop
			vertex 12.356245994567871 1.9415109157562256 0.09999999403953598
			vertex 12.378215789794922 1.939640998840332 0.09999999403953598
			vertex 12.536246299743652 2.0057554244995117 0.09999999403953597
		endloop
	endfacet
	facet normal 3.3688385698658975e-17 1.293816735337272e-16 1
		outer loop
			vertex 12.378215789794922 1.939640998840332 0.09999999403953598
			vertex 12.399554252624512 1.9340848922729492 0.09999999403953598
			vertex 12.536246299743652 2.0057554244995117 0.09999999403953597
		endloop
	endfacet
	facet normal 2.0888931243974173e-16 1.0531987663769782e-16 1
		outer loop
			vertex 12.466944694519043 1.8796708583831787 0.099999994039536
			vertex 12.476871490478516 1.8599822521209717 0.099999994039536
			vertex 12.536246299743652 2.0057554244995117 0.09999999403953597
		endloop
	endfacet
	facet normal -6.556558489416203e-16 4.574574011255169e-16 1
		outer loop
			vertex 12.476871490478516 1.8599822521209717 0.099999994039536
			vertex 12.483327865600586 1.8388991355895996 0.09999999403953601
			vertex 12.536246299743652 2.0057554244995117 0.09999999403953597
		endloop
	endfacet
	facet normal 5.604373645716588e-16 7.1773714573685e-17 1
		outer loop
			vertex 12.483327865600586 1.8388991355895996 0.09999999403953601
			vertex 12.486128807067871 1.817028284072876 0.09999999403953601
			vertex 12.536246299743652 2.0057554244995117 0.09999999403953597
		endloop
	endfacet
	facet normal 5.878534316283445e-17 8.697420188727626e-17 1
		outer loop
			vertex 12.419646263122559 1.9250025749206543 0.09999999403953598
			vertex 12.43791389465332 1.9126555919647217 0.09999999403953598
			vertex 12.536246299743652 2.0057554244995117 0.09999999403953597
		endloop
	endfacet
	facet normal -3.622211975560328e-16 5.316429470450828e-16 1
		outer loop
			vertex 12.43791389465332 1.9126555919647217 0.09999999403953598
			vertex 12.45383358001709 1.8973984718322754 0.099999994039536
			vertex 12.536246299743652 2.0057554244995117 0.09999999403953597
		endloop
	endfacet
	facet normal 1.707487704225371e-16 1.2628359065397296e-16 1
		outer loop
			vertex 12.45383358001709 1.8973984718322754 0.099999994039536
			vertex 12.466944694519043 1.8796708583831787 0.099999994039536
			vertex 12.536246299743652 2.0057554244995117 0.09999999403953597
		endloop
	endfacet
	facet normal 9.852312891999367e-17 2.2140745797104077e-16 1
		outer loop
			vertex 12.896245956420898 0 0.09999999403953641
			vertex 12.947298049926758 1.7949984073638916 0.09999999403953601
			vertex 12.896245956420898 2.0057554244995117 0.09999999403953597
		endloop
	endfacet
	facet normal -9.886603362679404e-16 -4.1943165781064143e-17 1
		outer loop
			vertex 12.947298049926758 1.7949984073638916 0.09999999403953601
			vertex 12.94636344909668 1.817028284072876 0.09999999403953601
			vertex 12.896245956420898 2.0057554244995117 0.09999999403953597
		endloop
	endfacet
	facet normal -5.604994556974127e-16 7.175722594606538e-17 1
		outer loop
			vertex 12.94636344909668 1.817028284072876 0.09999999403953601
			vertex 12.949163436889648 1.8388991355895996 0.09999999403953601
			vertex 12.896245956420898 2.0057554244995117 0.09999999403953597
		endloop
	endfacet
	facet normal 6.556142872750539e-16 4.574404726606639e-16 1
		outer loop
			vertex 12.949163436889648 1.8388991355895996 0.09999999403953601
			vertex 12.955620765686035 1.8599822521209717 0.099999994039536
			vertex 12.896245956420898 2.0057554244995117 0.09999999403953597
		endloop
	endfacet
	facet normal -2.0890041359047788e-16 1.0531535503268075e-16 1
		outer loop
			vertex 12.955620765686035 1.8599822521209717 0.099999994039536
			vertex 12.965546607971191 1.8796708583831787 0.099999994039536
			vertex 12.896245956420898 2.0057554244995117 0.09999999403953597
		endloop
	endfacet
	facet normal -1.70742647539632e-16 1.262882475165033e-16 1
		outer loop
			vertex 12.965546607971191 1.8796708583831787 0.099999994039536
			vertex 12.978658676147461 1.8973984718322754 0.099999994039536
			vertex 12.896245956420898 2.0057554244995117 0.09999999403953597
		endloop
	endfacet
	facet normal -3.3688463689077454e-17 1.2938197305923583e-16 1
		outer loop
			vertex 13.032937049865723 1.9340848922729492 0.09999999403953598
			vertex 13.054275512695312 1.939640998840332 0.09999999403953598
			vertex 12.896245956420898 2.0057554244995117 0.09999999403953597
		endloop
	endfacet
	facet normal -1.4845523827986813e-17 1.744211819076028e-16 1
		outer loop
			vertex 13.054275512695312 1.939640998840332 0.09999999403953598
			vertex 13.076245307922363 1.9415109157562256 0.09999999403953598
			vertex 12.896245956420898 2.0057554244995117 0.09999999403953597
		endloop
	endfacet
	facet normal 0 2.1601515957213626e-16 1
		outer loop
			vertex 13.076245307922363 1.9415109157562256 0.09999999403953598
			vertex 13.256245613098145 2.0057554244995117 0.09999999403953597
			vertex 12.896245956420898 2.0057554244995117 0.09999999403953597
		endloop
	endfacet
	facet normal 3.622337486458866e-16 5.316524929895278e-16 1
		outer loop
			vertex 12.978658676147461 1.8973984718322754 0.099999994039536
			vertex 12.994577407836914 1.9126555919647217 0.09999999403953598
			vertex 12.896245956420898 2.0057554244995117 0.09999999403953597
		endloop
	endfacet
	facet normal -5.878379004826753e-17 8.697644444857688e-17 1
		outer loop
			vertex 12.994577407836914 1.9126555919647217 0.09999999403953598
			vertex 13.012845993041992 1.9250025749206543 0.09999999403953598
			vertex 12.896245956420898 2.0057554244995117 0.09999999403953597
		endloop
	endfacet
	facet normal -4.70060668195531e-17 1.0398244444663465e-16 1
		outer loop
			vertex 13.012845993041992 1.9250025749206543 0.09999999403953598
			vertex 13.032937049865723 1.9340848922729492 0.09999999403953598
			vertex 12.896245956420898 2.0057554244995117 0.09999999403953597
		endloop
	endfacet
	facet normal 4.7004716811429947e-17 1.039843937400332e-16 1
		outer loop
			vertex 12.759553909301758 1.9340848922729492 0.09999999403953598
			vertex 12.779645919799805 1.9250025749206543 0.09999999403953598
			vertex 12.896245956420898 2.0057554244995117 0.09999999403953597
		endloop
	endfacet
	facet normal 9.888521851933353e-16 -4.19941122802884e-17 1
		outer loop
			vertex 12.846128463745117 1.817028284072876 0.09999999403953601
			vertex 12.845192909240723 1.7949984073638916 0.09999999403953601
			vertex 12.896245956420898 2.0057554244995117 0.09999999403953597
		endloop
	endfacet
	facet normal -9.852128850139354e-17 2.2140745797104077e-16 1
		outer loop
			vertex 12.845192909240723 1.7949984073638916 0.09999999403953601
			vertex 12.896245956420898 0 0.09999999403953641
			vertex 12.896245956420898 2.0057554244995117 0.09999999403953597
		endloop
	endfacet
	facet normal 1.48455086829458e-17 1.7442100396737084e-16 1
		outer loop
			vertex 12.716245651245117 1.9415109157562256 0.09999999403953598
			vertex 12.738215446472168 1.939640998840332 0.09999999403953598
			vertex 12.896245956420898 2.0057554244995117 0.09999999403953597
		endloop
	endfacet
	facet normal 3.3688385698658975e-17 1.293816735337272e-16 1
		outer loop
			vertex 12.738215446472168 1.939640998840332 0.09999999403953598
			vertex 12.759553909301758 1.9340848922729492 0.09999999403953598
			vertex 12.896245956420898 2.0057554244995117 0.09999999403953597
		endloop
	endfacet
	facet normal 2.0888931243974173e-16 1.0531987663769782e-16 1
		outer loop
			vertex 12.826944351196289 1.8796708583831787 0.099999994039536
			vertex 12.836871147155762 1.8599822521209717 0.099999994039536
			vertex 12.896245956420898 2.0057554244995117 0.09999999403953597
		endloop
	endfacet
	facet normal -6.556142872750539e-16 4.574404726606639e-16 1
		outer loop
			vertex 12.836871147155762 1.8599822521209717 0.099999994039536
			vertex 12.843328475952148 1.8388991355895996 0.09999999403953601
			vertex 12.896245956420898 2.0057554244995117 0.09999999403953597
		endloop
	endfacet
	facet normal 5.604994556974127e-16 7.175722594606538e-17 1
		outer loop
			vertex 12.843328475952148 1.8388991355895996 0.09999999403953601
			vertex 12.846128463745117 1.817028284072876 0.09999999403953601
			vertex 12.896245956420898 2.0057554244995117 0.09999999403953597
		endloop
	endfacet
	facet normal 5.878379004826753e-17 8.697644444857688e-17 1
		outer loop
			vertex 12.779645919799805 1.9250025749206543 0.09999999403953598
			vertex 12.797914505004883 1.9126555919647217 0.09999999403953598
			vertex 12.896245956420898 2.0057554244995117 0.09999999403953597
		endloop
	endfacet
	facet normal -3.622337486458866e-16 5.316524929895278e-16 1
		outer loop
			vertex 12.797914505004883 1.9126555919647217 0.09999999403953598
			vertex 12.813833236694336 1.8973984718322754 0.099999994039536
			vertex 12.896245956420898 2.0057554244995117 0.09999999403953597
		endloop
	endfacet
	facet normal 1.707487704225371e-16 1.2628359065397296e-16 1
		outer loop
			vertex 12.813833236694336 1.8973984718322754 0.099999994039536
			vertex 12.826944351196289 1.8796708583831787 0.099999994039536
			vertex 12.896245956420898 2.0057554244995117 0.09999999403953597
		endloop
	endfacet
	facet normal 9.851944815155042e-17 2.2140745797104075e-16 1
		outer loop
			vertex 13.256245613098145 0 0.09999999403953641
			vertex 13.307299613952637 1.7949984073638916 0.09999999403953601
			vertex 13.256245613098145 2.0057554244995117 0.09999999403953597
		endloop
	endfacet
	facet normal -9.890441085895116e-16 -4.204507855562339e-17 1
		outer loop
			vertex 13.307299613952637 1.7949984073638916 0.09999999403953601
			vertex 13.306363105773926 1.817028284072876 0.09999999403953601
			vertex 13.256245613098145 2.0057554244995117 0.09999999403953597
		endloop
	endfacet
	facet normal -5.604373645716588e-16 7.1773714573685e-17 1
		outer loop
			vertex 13.306363105773926 1.817028284072876 0.09999999403953601
			vertex 13.309164047241211 1.8388991355895996 0.09999999403953601
			vertex 13.256245613098145 2.0057554244995117 0.09999999403953597
		endloop
	endfacet
	facet normal 6.556558489416203e-16 4.574574011255169e-16 1
		outer loop
			vertex 13.309164047241211 1.8388991355895996 0.09999999403953601
			vertex 13.315620422363281 1.8599822521209717 0.099999994039536
			vertex 13.256245613098145 2.0057554244995117 0.09999999403953597
		endloop
	endfacet
	facet normal -2.0888931243974173e-16 1.0531987663769782e-16 1
		outer loop
			vertex 13.315620422363281 1.8599822521209717 0.099999994039536
			vertex 13.325547218322754 1.8796708583831787 0.099999994039536
			vertex 13.256245613098145 2.0057554244995117 0.09999999403953597
		endloop
	endfacet
	facet normal -1.707487704225371e-16 1.2628359065397296e-16 1
		outer loop
			vertex 13.325547218322754 1.8796708583831787 0.099999994039536
			vertex 13.338658332824707 1.8973984718322754 0.099999994039536
			vertex 13.256245613098145 2.0057554244995117 0.09999999403953597
		endloop
	endfacet
	facet normal -3.368939175725757e-17 1.293797547505803e-16 1
		outer loop
			vertex 13.392937660217285 1.9340848922729492 0.09999999403953598
			vertex 13.414275169372559 1.939640998840332 0.09999999403953598
			vertex 13.256245613098145 2.0057554244995117 0.09999999403953597
		endloop
	endfacet
	facet normal -1.4844988365376256e-17 1.7442246179346586e-16 1
		outer loop
			vertex 13.414275169372559 1.939640998840332 0.09999999403953598
			vertex 13.436245918273926 1.9415109157562256 0.09999999403953598
			vertex 13.256245613098145 2.0057554244995117 0.09999999403953597
		endloop
	endfacet
	facet normal 0 2.1601515957213626e-16 1
		outer loop
			vertex 13.436245918273926 1.9415109157562256 0.09999999403953598
			vertex 13.616246223449707 2.0057554244995117 0.09999999403953597
			vertex 13.256245613098145 2.0057554244995117 0.09999999403953597
		endloop
	endfacet
	facet normal 3.622337486458866e-16 5.316524929895278e-16 1
		outer loop
			vertex 13.338658332824707 1.8973984718322754 0.099999994039536
			vertex 13.35457706451416 1.9126555919647217 0.09999999403953598
			vertex 13.256245613098145 2.0057554244995117 0.09999999403953597
		endloop
	endfacet
	facet normal -5.878379004826753e-17 8.697644444857688e-17 1
		outer loop
			vertex 13.35457706451416 1.9126555919647217 0.09999999403953598
			vertex 13.372845649719238 1.9250025749206543 0.09999999403953598
			vertex 13.256245613098145 2.0057554244995117 0.09999999403953597
		endloop
	endfacet
	facet normal -4.7004716811429947e-17 1.039843937400332e-16 1
		outer loop
			vertex 13.372845649719238 1.9250025749206543 0.09999999403953598
			vertex 13.392937660217285 1.9340848922729492 0.09999999403953598
			vertex 13.256245613098145 2.0057554244995117 0.09999999403953597
		endloop
	endfacet
	facet normal 4.700351870441278e-17 1.0398667880330476e-16 1
		outer loop
			vertex 13.119553565979004 1.9340848922729492 0.09999999403953598
			vertex 13.139646530151367 1.9250025749206543 0.09999999403953598
			vertex 13.256245613098145 2.0057554244995117 0.09999999403953597
		endloop
	endfacet
	facet normal 9.890665164168367e-16 -4.204603113079367e-17 1
		outer loop
			vertex 13.20612907409668 1.817028284072876 0.09999999403953601
			vertex 13.205192565917969 1.7949984073638916 0.09999999403953601
			vertex 13.256245613098145 2.0057554244995117 0.09999999403953597
		endloop
	endfacet
	facet normal -9.852128850139354e-17 2.2140745797104077e-16 1
		outer loop
			vertex 13.205192565917969 1.7949984073638916 0.09999999403953601
			vertex 13.256245613098145 0 0.09999999403953641
			vertex 13.256245613098145 2.0057554244995117 0.09999999403953597
		endloop
	endfacet
	facet normal 1.4844988365376256e-17 1.7442246179346586e-16 1
		outer loop
			vertex 13.076245307922363 1.9415109157562256 0.09999999403953598
			vertex 13.09821605682373 1.939640998840332 0.09999999403953598
			vertex 13.256245613098145 2.0057554244995117 0.09999999403953597
		endloop
	endfacet
	facet normal 3.368939175725757e-17 1.293797547505803e-16 1
		outer loop
			vertex 13.09821605682373 1.939640998840332 0.09999999403953598
			vertex 13.119553565979004 1.9340848922729492 0.09999999403953598
			vertex 13.256245613098145 2.0057554244995117 0.09999999403953597
		endloop
	endfacet
	facet normal 2.0887971159863548e-16 1.0532515368088134e-16 1
		outer loop
			vertex 13.186944007873535 1.8796708583831787 0.099999994039536
			vertex 13.196871757507324 1.8599822521209717 0.099999994039536
			vertex 13.256245613098145 2.0057554244995117 0.09999999403953597
		endloop
	endfacet
	facet normal -6.556618604252711e-16 4.574555602025475e-16 1
		outer loop
			vertex 13.196871757507324 1.8599822521209717 0.099999994039536
			vertex 13.203328132629395 1.8388991355895996 0.09999999403953601
			vertex 13.256245613098145 2.0057554244995117 0.09999999403953597
		endloop
	endfacet
	facet normal 5.604445593650795e-16 7.177463599163829e-17 1
		outer loop
			vertex 13.203328132629395 1.8388991355895996 0.09999999403953601
			vertex 13.20612907409668 1.817028284072876 0.09999999403953601
			vertex 13.256245613098145 2.0057554244995117 0.09999999403953597
		endloop
	endfacet
	facet normal 5.878558063882827e-17 8.697455323820693e-17 1
		outer loop
			vertex 13.139646530151367 1.9250025749206543 0.09999999403953598
			vertex 13.157914161682129 1.9126555919647217 0.09999999403953598
			vertex 13.256245613098145 2.0057554244995117 0.09999999403953597
		endloop
	endfacet
	facet normal -3.622337486458866e-16 5.316524929895278e-16 1
		outer loop
			vertex 13.157914161682129 1.9126555919647217 0.09999999403953598
			vertex 13.173832893371582 1.8973984718322754 0.099999994039536
			vertex 13.256245613098145 2.0057554244995117 0.09999999403953597
		endloop
	endfacet
	facet normal 1.707487704225371e-16 1.2628359065397296e-16 1
		outer loop
			vertex 13.173832893371582 1.8973984718322754 0.099999994039536
			vertex 13.186944007873535 1.8796708583831787 0.099999994039536
			vertex 13.256245613098145 2.0057554244995117 0.09999999403953597
		endloop
	endfacet
	facet normal 9.852128850139354e-17 2.2140745797104077e-16 1
		outer loop
			vertex 13.616246223449707 0 0.09999999403953641
			vertex 13.667299270629883 1.7949984073638916 0.09999999403953601
			vertex 13.616246223449707 2.0057554244995117 0.09999999403953597
		endloop
	endfacet
	facet normal -9.890665164168367e-16 -4.204603113079367e-17 1
		outer loop
			vertex 13.667299270629883 1.7949984073638916 0.09999999403953601
			vertex 13.666362762451172 1.817028284072876 0.09999999403953601
			vertex 13.616246223449707 2.0057554244995117 0.09999999403953597
		endloop
	endfacet
	facet normal -5.604445593650795e-16 7.177463599163829e-17 1
		outer loop
			vertex 13.666362762451172 1.817028284072876 0.09999999403953601
			vertex 13.669163703918457 1.8388991355895996 0.09999999403953601
			vertex 13.616246223449707 2.0057554244995117 0.09999999403953597
		endloop
	endfacet
	facet normal 6.556618604252711e-16 4.574555602025475e-16 1
		outer loop
			vertex 13.669163703918457 1.8388991355895996 0.09999999403953601
			vertex 13.675620079040527 1.8599822521209717 0.099999994039536
			vertex 13.616246223449707 2.0057554244995117 0.09999999403953597
		endloop
	endfacet
	facet normal -2.0887971159863548e-16 1.0532515368088134e-16 1
		outer loop
			vertex 13.675620079040527 1.8599822521209717 0.099999994039536
			vertex 13.685547828674316 1.8796708583831787 0.099999994039536
			vertex 13.616246223449707 2.0057554244995117 0.09999999403953597
		endloop
	endfacet
	facet normal -1.707487704225371e-16 1.2628359065397296e-16 1
		outer loop
			vertex 13.685547828674316 1.8796708583831787 0.099999994039536
			vertex 13.69865894317627 1.8973984718322754 0.099999994039536
			vertex 13.616246223449707 2.0057554244995117 0.09999999403953597
		endloop
	endfacet
	facet normal -3.368939175725757e-17 1.293797547505803e-16 1
		outer loop
			vertex 13.752938270568848 1.9340848922729492 0.09999999403953598
			vertex 13.774275779724121 1.939640998840332 0.09999999403953598
			vertex 13.616246223449707 2.0057554244995117 0.09999999403953597
		endloop
	endfacet
	facet normal -1.4844988365376256e-17 1.7442246179346586e-16 1
		outer loop
			vertex 13.774275779724121 1.939640998840332 0.09999999403953598
			vertex 13.796246528625488 1.9415109157562256 0.09999999403953598
			vertex 13.616246223449707 2.0057554244995117 0.09999999403953597
		endloop
	endfacet
	facet normal 0 2.1601515957213626e-16 1
		outer loop
			vertex 13.796246528625488 1.9415109157562256 0.09999999403953598
			vertex 13.976245880126953 2.0057554244995117 0.09999999403953597
			vertex 13.616246223449707 2.0057554244995117 0.09999999403953597
		endloop
	endfacet
	facet normal 3.622337486458866e-16 5.316524929895278e-16 1
		outer loop
			vertex 13.69865894317627 1.8973984718322754 0.099999994039536
			vertex 13.714577674865723 1.9126555919647217 0.09999999403953598
			vertex 13.616246223449707 2.0057554244995117 0.09999999403953597
		endloop
	endfacet
	facet normal -5.878558063882827e-17 8.697455323820693e-17 1
		outer loop
			vertex 13.714577674865723 1.9126555919647217 0.09999999403953598
			vertex 13.732845306396484 1.9250025749206543 0.09999999403953598
			vertex 13.616246223449707 2.0057554244995117 0.09999999403953597
		endloop
	endfacet
	facet normal -4.700351870441278e-17 1.0398667880330476e-16 1
		outer loop
			vertex 13.732845306396484 1.9250025749206543 0.09999999403953598
			vertex 13.752938270568848 1.9340848922729492 0.09999999403953598
			vertex 13.616246223449707 2.0057554244995117 0.09999999403953597
		endloop
	endfacet
	facet normal 4.7004716811429947e-17 1.039843937400332e-16 1
		outer loop
			vertex 13.479554176330566 1.9340848922729492 0.09999999403953598
			vertex 13.499646186828613 1.9250025749206543 0.09999999403953598
			vertex 13.616246223449707 2.0057554244995117 0.09999999403953597
		endloop
	endfacet
	facet normal 9.890441085895116e-16 -4.204507855562339e-17 1
		outer loop
			vertex 13.566128730773926 1.817028284072876 0.09999999403953601
			vertex 13.565192222595215 1.7949984073638916 0.09999999403953601
			vertex 13.616246223449707 2.0057554244995117 0.09999999403953597
		endloop
	endfacet
	facet normal -9.851944815155042e-17 2.2140745797104075e-16 1
		outer loop
			vertex 13.565192222595215 1.7949984073638916 0.09999999403953601
			vertex 13.616246223449707 0 0.09999999403953641
			vertex 13.616246223449707 2.0057554244995117 0.09999999403953597
		endloop
	endfacet
	facet normal 1.4844988365376256e-17 1.7442246179346586e-16 1
		outer loop
			vertex 13.436245918273926 1.9415109157562256 0.09999999403953598
			vertex 13.458216667175293 1.939640998840332 0.09999999403953598
			vertex 13.616246223449707 2.0057554244995117 0.09999999403953597
		endloop
	endfacet
	facet normal 3.368939175725757e-17 1.293797547505803e-16 1
		outer loop
			vertex 13.458216667175293 1.939640998840332 0.09999999403953598
			vertex 13.479554176330566 1.9340848922729492 0.09999999403953598
			vertex 13.616246223449707 2.0057554244995117 0.09999999403953597
		endloop
	endfacet
	facet normal 2.0888931243974173e-16 1.0531987663769782e-16 1
		outer loop
			vertex 13.546944618225098 1.8796708583831787 0.099999994039536
			vertex 13.55687141418457 1.8599822521209717 0.099999994039536
			vertex 13.616246223449707 2.0057554244995117 0.09999999403953597
		endloop
	endfacet
	facet normal -6.556558489416203e-16 4.574574011255169e-16 1
		outer loop
			vertex 13.55687141418457 1.8599822521209717 0.099999994039536
			vertex 13.56332778930664 1.8388991355895996 0.09999999403953601
			vertex 13.616246223449707 2.0057554244995117 0.09999999403953597
		endloop
	endfacet
	facet normal 5.604373645716588e-16 7.1773714573685e-17 1
		outer loop
			vertex 13.56332778930664 1.8388991355895996 0.09999999403953601
			vertex 13.566128730773926 1.817028284072876 0.09999999403953601
			vertex 13.616246223449707 2.0057554244995117 0.09999999403953597
		endloop
	endfacet
	facet normal 5.878534316283445e-17 8.697420188727626e-17 1
		outer loop
			vertex 13.499646186828613 1.9250025749206543 0.09999999403953598
			vertex 13.517913818359375 1.9126555919647217 0.09999999403953598
			vertex 13.616246223449707 2.0057554244995117 0.09999999403953597
		endloop
	endfacet
	facet normal -3.622211975560328e-16 5.316429470450828e-16 1
		outer loop
			vertex 13.517913818359375 1.9126555919647217 0.09999999403953598
			vertex 13.533833503723145 1.8973984718322754 0.099999994039536
			vertex 13.616246223449707 2.0057554244995117 0.09999999403953597
		endloop
	endfacet
	facet normal 1.707487704225371e-16 1.2628359065397296e-16 1
		outer loop
			vertex 13.533833503723145 1.8973984718322754 0.099999994039536
			vertex 13.546944618225098 1.8796708583831787 0.099999994039536
			vertex 13.616246223449707 2.0057554244995117 0.09999999403953597
		endloop
	endfacet
	facet normal 9.852128850139354e-17 2.2140745797104077e-16 1
		outer loop
			vertex 13.976245880126953 0 0.09999999403953641
			vertex 14.027298927307129 1.7949984073638916 0.09999999403953601
			vertex 13.976245880126953 2.0057554244995117 0.09999999403953597
		endloop
	endfacet
	facet normal -9.888521851933353e-16 -4.19941122802884e-17 1
		outer loop
			vertex 14.027298927307129 1.7949984073638916 0.09999999403953601
			vertex 14.026363372802734 1.817028284072876 0.09999999403953601
			vertex 13.976245880126953 2.0057554244995117 0.09999999403953597
		endloop
	endfacet
	facet normal -5.604994556974127e-16 7.175722594606538e-17 1
		outer loop
			vertex 14.026363372802734 1.817028284072876 0.09999999403953601
			vertex 14.029163360595703 1.8388991355895996 0.09999999403953601
			vertex 13.976245880126953 2.0057554244995117 0.09999999403953597
		endloop
	endfacet
	facet normal 6.556142872750539e-16 4.574404726606639e-16 1
		outer loop
			vertex 14.029163360595703 1.8388991355895996 0.09999999403953601
			vertex 14.03562068939209 1.8599822521209717 0.099999994039536
			vertex 13.976245880126953 2.0057554244995117 0.09999999403953597
		endloop
	endfacet
	facet normal -2.0888931243974173e-16 1.0531987663769782e-16 1
		outer loop
			vertex 14.03562068939209 1.8599822521209717 0.099999994039536
			vertex 14.045547485351562 1.8796708583831787 0.099999994039536
			vertex 13.976245880126953 2.0057554244995117 0.09999999403953597
		endloop
	endfacet
	facet normal -1.707487704225371e-16 1.2628359065397296e-16 1
		outer loop
			vertex 14.045547485351562 1.8796708583831787 0.099999994039536
			vertex 14.058658599853516 1.8973984718322754 0.099999994039536
			vertex 13.976245880126953 2.0057554244995117 0.09999999403953597
		endloop
	endfacet
	facet normal -3.3688385698658975e-17 1.293816735337272e-16 1
		outer loop
			vertex 14.112937927246094 1.9340848922729492 0.09999999403953598
			vertex 14.134276390075684 1.939640998840332 0.09999999403953598
			vertex 13.976245880126953 2.0057554244995117 0.09999999403953597
		endloop
	endfacet
	facet normal -1.48455086829458e-17 1.7442100396737084e-16 1
		outer loop
			vertex 14.134276390075684 1.939640998840332 0.09999999403953598
			vertex 14.156246185302734 1.9415109157562256 0.09999999403953598
			vertex 13.976245880126953 2.0057554244995117 0.09999999403953597
		endloop
	endfacet
	facet normal 0 2.1601515957213626e-16 1
		outer loop
			vertex 14.156246185302734 1.9415109157562256 0.09999999403953598
			vertex 14.386245727539062 2.0057554244995117 0.09999999403953597
			vertex 13.976245880126953 2.0057554244995117 0.09999999403953597
		endloop
	endfacet
	facet normal 3.622337486458866e-16 5.316524929895278e-16 1
		outer loop
			vertex 14.058658599853516 1.8973984718322754 0.099999994039536
			vertex 14.074577331542969 1.9126555919647217 0.09999999403953598
			vertex 13.976245880126953 2.0057554244995117 0.09999999403953597
		endloop
	endfacet
	facet normal -5.878379004826753e-17 8.697644444857688e-17 1
		outer loop
			vertex 14.074577331542969 1.9126555919647217 0.09999999403953598
			vertex 14.092845916748047 1.9250025749206543 0.09999999403953598
			vertex 13.976245880126953 2.0057554244995117 0.09999999403953597
		endloop
	endfacet
	facet normal -4.7004716811429947e-17 1.039843937400332e-16 1
		outer loop
			vertex 14.092845916748047 1.9250025749206543 0.09999999403953598
			vertex 14.112937927246094 1.9340848922729492 0.09999999403953598
			vertex 13.976245880126953 2.0057554244995117 0.09999999403953597
		endloop
	endfacet
	facet normal 4.7004716811429947e-17 1.039843937400332e-16 1
		outer loop
			vertex 13.839553833007812 1.9340848922729492 0.09999999403953598
			vertex 13.85964584350586 1.9250025749206543 0.09999999403953598
			vertex 13.976245880126953 2.0057554244995117 0.09999999403953597
		endloop
	endfacet
	facet normal 9.888521851933353e-16 -4.19941122802884e-17 1
		outer loop
			vertex 13.926128387451172 1.817028284072876 0.09999999403953601
			vertex 13.925192832946777 1.7949984073638916 0.09999999403953601
			vertex 13.976245880126953 2.0057554244995117 0.09999999403953597
		endloop
	endfacet
	facet normal -9.852128850139354e-17 2.2140745797104077e-16 1
		outer loop
			vertex 13.925192832946777 1.7949984073638916 0.09999999403953601
			vertex 13.976245880126953 0 0.09999999403953641
			vertex 13.976245880126953 2.0057554244995117 0.09999999403953597
		endloop
	endfacet
	facet normal 1.4845523827986813e-17 1.744211819076028e-16 1
		outer loop
			vertex 13.796246528625488 1.9415109157562256 0.09999999403953598
			vertex 13.818216323852539 1.939640998840332 0.09999999403953598
			vertex 13.976245880126953 2.0057554244995117 0.09999999403953597
		endloop
	endfacet
	facet normal 3.368939175725757e-17 1.293797547505803e-16 1
		outer loop
			vertex 13.818216323852539 1.939640998840332 0.09999999403953598
			vertex 13.839553833007812 1.9340848922729492 0.09999999403953598
			vertex 13.976245880126953 2.0057554244995117 0.09999999403953597
		endloop
	endfacet
	facet normal 2.0890041359047788e-16 1.0531535503268075e-16 1
		outer loop
			vertex 13.90694522857666 1.8796708583831787 0.099999994039536
			vertex 13.916871070861816 1.8599822521209717 0.099999994039536
			vertex 13.976245880126953 2.0057554244995117 0.09999999403953597
		endloop
	endfacet
	facet normal -6.556142872750539e-16 4.574404726606639e-16 1
		outer loop
			vertex 13.916871070861816 1.8599822521209717 0.099999994039536
			vertex 13.923328399658203 1.8388991355895996 0.09999999403953601
			vertex 13.976245880126953 2.0057554244995117 0.09999999403953597
		endloop
	endfacet
	facet normal 5.604994556974127e-16 7.175722594606538e-17 1
		outer loop
			vertex 13.923328399658203 1.8388991355895996 0.09999999403953601
			vertex 13.926128387451172 1.817028284072876 0.09999999403953601
			vertex 13.976245880126953 2.0057554244995117 0.09999999403953597
		endloop
	endfacet
	facet normal 5.878223701576531e-17 8.697868689138325e-17 1
		outer loop
			vertex 13.85964584350586 1.9250025749206543 0.09999999403953598
			vertex 13.877915382385254 1.9126555919647217 0.09999999403953598
			vertex 13.976245880126953 2.0057554244995117 0.09999999403953597
		endloop
	endfacet
	facet normal -3.6224630060556976e-16 5.316620395955362e-16 1
		outer loop
			vertex 13.877915382385254 1.9126555919647217 0.09999999403953598
			vertex 13.89383316040039 1.8973984718322754 0.099999994039536
			vertex 13.976245880126953 2.0057554244995117 0.09999999403953597
		endloop
	endfacet
	facet normal 1.70742647539632e-16 1.262882475165033e-16 1
		outer loop
			vertex 13.89383316040039 1.8973984718322754 0.099999994039536
			vertex 13.90694522857666 1.8796708583831787 0.099999994039536
			vertex 13.976245880126953 2.0057554244995117 0.09999999403953597
		endloop
	endfacet
	facet normal 4.520356161625628e-16 -1.919683720586468e-17 1
		outer loop
			vertex 14.286128997802734 1.817028284072876 0.09999999403953601
			vertex 14.28519344329834 1.7949984073638916 0.09999999403953601
			vertex 14.386245727539062 2.0057554244995117 0.09999999403953597
		endloop
	endfacet
	facet normal 4.0197311857280953e-17 8.892497151353967e-17 1
		outer loop
			vertex 14.199554443359375 1.9340848922729492 0.09999999403953598
			vertex 14.219646453857422 1.9250025749206543 0.09999999403953598
			vertex 14.386245727539062 2.0057554244995117 0.09999999403953597
		endloop
	endfacet
	facet normal -4.9774352236625744e-17 2.2140745797104075e-16 1
		outer loop
			vertex 14.28519344329834 1.7949984073638916 0.09999999403953601
			vertex 14.386245727539062 0 0.09999999403953641
			vertex 14.386245727539062 2.0057554244995117 0.09999999403953597
		endloop
	endfacet
	facet normal 1.409179807215456e-17 1.655656010140123e-16 1
		outer loop
			vertex 14.156246185302734 1.9415109157562256 0.09999999403953598
			vertex 14.178215980529785 1.939640998840332 0.09999999403953598
			vertex 14.386245727539062 2.0057554244995117 0.09999999403953597
		endloop
	endfacet
	facet normal 3.004207807253376e-17 1.153778745061694e-16 1
		outer loop
			vertex 14.178215980529785 1.939640998840332 0.09999999403953598
			vertex 14.199554443359375 1.9340848922729492 0.09999999403953598
			vertex 14.386245727539062 2.0057554244995117 0.09999999403953597
		endloop
	endfacet
	facet normal 1.5177646692194622e-16 7.652415811046444e-17 1
		outer loop
			vertex 14.266944885253906 1.8796708583831787 0.099999994039536
			vertex 14.276871681213379 1.8599822521209717 0.099999994039536
			vertex 14.386245727539062 2.0057554244995117 0.09999999403953597
		endloop
	endfacet
	facet normal -4.4280428210506106e-16 5.226398687541684e-16 1
		outer loop
			vertex 14.276871681213379 1.8599822521209717 0.099999994039536
			vertex 14.28332805633545 1.8388991355895996 0.09999999403953601
			vertex 14.386245727539062 2.0057554244995117 0.09999999403953597
		endloop
	endfacet
	facet normal 3.3497894059233176e-16 4.2899857129699384e-17 1
		outer loop
			vertex 14.28332805633545 1.8388991355895996 0.09999999403953601
			vertex 14.286128997802734 1.817028284072876 0.09999999403953601
			vertex 14.386245727539062 2.0057554244995117 0.09999999403953597
		endloop
	endfacet
	facet normal 4.850997449649192e-17 7.177531592521669e-17 1
		outer loop
			vertex 14.219646453857422 1.9250025749206543 0.09999999403953598
			vertex 14.2379150390625 1.9126555919647217 0.09999999403953598
			vertex 14.386245727539062 2.0057554244995117 0.09999999403953597
		endloop
	endfacet
	facet normal -2.8845731508837017e-16 6.086462070680772e-16 1
		outer loop
			vertex 14.2379150390625 1.9126555919647217 0.09999999403953598
			vertex 14.253832817077637 1.8973984718322754 0.099999994039536
			vertex 14.386245727539062 2.0057554244995117 0.09999999403953597
		endloop
	endfacet
	facet normal 1.305787436159717e-16 9.658138099527912e-17 1
		outer loop
			vertex 14.253832817077637 1.8973984718322754 0.099999994039536
			vertex 14.266944885253906 1.8796708583831787 0.099999994039536
			vertex 14.386245727539062 2.0057554244995117 0.09999999403953597
		endloop
	endfacet
	facet normal -1 0 0
		outer loop
			vertex 14.386245727539062 0 0.09999999403953641
			vertex 14.386245727539062 0 0.899999976158143
			vertex 14.386245727539062 2.0057554244995117 0.09999999403953597
		endloop
	endfacet
	facet normal -1 0 0
		outer loop
			vertex 14.386245727539062 0 0.899999976158143
			vertex 14.386245727539062 4 0.8999999761581421
			vertex 14.386245727539062 2.0057554244995117 0.09999999403953597
		endloop
	endfacet
	facet normal -0.08480645427978477 0.9963974434493953 0
		outer loop
			vertex 12.33427619934082 1.939640998840332 0.09999999403953598
			vertex 12.356245994567871 1.9415109157562256 0.8999999761581425
			vertex 12.356245994567871 1.9415109157562256 0.09999999403953598
		endloop
	endfacet
	facet normal 0.08480645427978477 0.9963974434493953 0
		outer loop
			vertex 12.356245994567871 1.9415109157562256 0.8999999761581425
			vertex 12.378215789794922 1.939640998840332 0.8999999761581425
			vertex 12.356245994567871 1.9415109157562256 0.09999999403953598
		endloop
	endfacet
	facet normal 0.08480645427978477 0.9963974434493953 0
		outer loop
			vertex 12.378215789794922 1.939640998840332 0.8999999761581425
			vertex 12.378215789794922 1.939640998840332 0.09999999403953598
			vertex 12.356245994567871 1.9415109157562256 0.09999999403953598
		endloop
	endfacet
	facet normal -0.08480645427978477 0.9963974434493953 0
		outer loop
			vertex 12.694275856018066 1.939640998840332 0.09999999403953598
			vertex 12.716245651245117 1.9415109157562256 0.8999999761581425
			vertex 12.716245651245117 1.9415109157562256 0.09999999403953598
		endloop
	endfacet
	facet normal 0.08480645427978477 0.9963974434493953 0
		outer loop
			vertex 12.716245651245117 1.9415109157562256 0.8999999761581425
			vertex 12.738215446472168 1.939640998840332 0.8999999761581425
			vertex 12.716245651245117 1.9415109157562256 0.09999999403953598
		endloop
	endfacet
	facet normal 0.08480645427978477 0.9963974434493953 0
		outer loop
			vertex 12.738215446472168 1.939640998840332 0.8999999761581425
			vertex 12.738215446472168 1.939640998840332 0.09999999403953598
			vertex 12.716245651245117 1.9415109157562256 0.09999999403953598
		endloop
	endfacet
	facet normal -0.08480645427978477 0.9963974434493953 0
		outer loop
			vertex 13.054275512695312 1.939640998840332 0.09999999403953598
			vertex 13.076245307922363 1.9415109157562256 0.8999999761581425
			vertex 13.076245307922363 1.9415109157562256 0.09999999403953598
		endloop
	endfacet
	facet normal 0.0848027995982037 0.9963977545038464 0
		outer loop
			vertex 13.076245307922363 1.9415109157562256 0.8999999761581425
			vertex 13.09821605682373 1.939640998840332 0.8999999761581425
			vertex 13.076245307922363 1.9415109157562256 0.09999999403953598
		endloop
	endfacet
	facet normal 0.0848027995982037 0.9963977545038464 0
		outer loop
			vertex 13.09821605682373 1.939640998840332 0.8999999761581425
			vertex 13.09821605682373 1.939640998840332 0.09999999403953598
			vertex 13.076245307922363 1.9415109157562256 0.09999999403953598
		endloop
	endfacet
	facet normal -0.0848027995982037 0.9963977545038464 0
		outer loop
			vertex 13.414275169372559 1.939640998840332 0.09999999403953598
			vertex 13.436245918273926 1.9415109157562256 0.8999999761581425
			vertex 13.436245918273926 1.9415109157562256 0.09999999403953598
		endloop
	endfacet
	facet normal 0.0848027995982037 0.9963977545038464 0
		outer loop
			vertex 13.436245918273926 1.9415109157562256 0.8999999761581425
			vertex 13.458216667175293 1.939640998840332 0.8999999761581425
			vertex 13.436245918273926 1.9415109157562256 0.09999999403953598
		endloop
	endfacet
	facet normal 0.0848027995982037 0.9963977545038464 0
		outer loop
			vertex 13.458216667175293 1.939640998840332 0.8999999761581425
			vertex 13.458216667175293 1.939640998840332 0.09999999403953598
			vertex 13.436245918273926 1.9415109157562256 0.09999999403953598
		endloop
	endfacet
	facet normal -0.0848027995982037 0.9963977545038464 0
		outer loop
			vertex 13.774275779724121 1.939640998840332 0.09999999403953598
			vertex 13.796246528625488 1.9415109157562256 0.8999999761581425
			vertex 13.796246528625488 1.9415109157562256 0.09999999403953598
		endloop
	endfacet
	facet normal 0.08480645427978477 0.9963974434493953 0
		outer loop
			vertex 13.796246528625488 1.9415109157562256 0.8999999761581425
			vertex 13.818216323852539 1.939640998840332 0.8999999761581425
			vertex 13.796246528625488 1.9415109157562256 0.09999999403953598
		endloop
	endfacet
	facet normal 0.08480645427978477 0.9963974434493953 0
		outer loop
			vertex 13.818216323852539 1.939640998840332 0.8999999761581425
			vertex 13.818216323852539 1.939640998840332 0.09999999403953598
			vertex 13.796246528625488 1.9415109157562256 0.09999999403953598
		endloop
	endfacet
	facet normal -0.08480645427978477 0.9963974434493953 0
		outer loop
			vertex 14.134276390075684 1.939640998840332 0.09999999403953598
			vertex 14.156246185302734 1.9415109157562256 0.8999999761581425
			vertex 14.156246185302734 1.9415109157562256 0.09999999403953598
		endloop
	endfacet
	facet normal 0.08480645427978477 0.9963974434493953 0
		outer loop
			vertex 14.156246185302734 1.9415109157562256 0.8999999761581425
			vertex 14.178215980529785 1.939640998840332 0.8999999761581425
			vertex 14.156246185302734 1.9415109157562256 0.09999999403953598
		endloop
	endfacet
	facet normal 0.08480645427978477 0.9963974434493953 0
		outer loop
			vertex 14.178215980529785 1.939640998840332 0.8999999761581425
			vertex 14.178215980529785 1.939640998840332 0.09999999403953598
			vertex 14.156246185302734 1.9415109157562256 0.09999999403953598
		endloop
	endfacet
	facet normal -0.25197818801101796 0.967732913962672 0
		outer loop
			vertex 12.31293773651123 1.9340848922729492 0.09999999403953598
			vertex 12.33427619934082 1.939640998840332 0.8999999761581425
			vertex 12.33427619934082 1.939640998840332 0.09999999403953598
		endloop
	endfacet
	facet normal -0.08480645427978477 0.9963974434493953 0
		outer loop
			vertex 12.33427619934082 1.939640998840332 0.8999999761581425
			vertex 12.356245994567871 1.9415109157562256 0.8999999761581425
			vertex 12.33427619934082 1.939640998840332 0.09999999403953598
		endloop
	endfacet
	facet normal 0.25197818801101796 0.967732913962672 0
		outer loop
			vertex 12.378215789794922 1.939640998840332 0.8999999761581425
			vertex 12.399554252624512 1.9340848922729492 0.8999999761581425
			vertex 12.378215789794922 1.939640998840332 0.09999999403953598
		endloop
	endfacet
	facet normal 0.25197818801101796 0.967732913962672 0
		outer loop
			vertex 12.399554252624512 1.9340848922729492 0.8999999761581425
			vertex 12.399554252624512 1.9340848922729492 0.09999999403953598
			vertex 12.378215789794922 1.939640998840332 0.09999999403953598
		endloop
	endfacet
	facet normal -0.25197818801101796 0.967732913962672 0
		outer loop
			vertex 12.672937393188477 1.9340848922729492 0.09999999403953598
			vertex 12.694275856018066 1.939640998840332 0.8999999761581425
			vertex 12.694275856018066 1.939640998840332 0.09999999403953598
		endloop
	endfacet
	facet normal -0.08480645427978477 0.9963974434493953 0
		outer loop
			vertex 12.694275856018066 1.939640998840332 0.8999999761581425
			vertex 12.716245651245117 1.9415109157562256 0.8999999761581425
			vertex 12.694275856018066 1.939640998840332 0.09999999403953598
		endloop
	endfacet
	facet normal 0.25197818801101796 0.967732913962672 0
		outer loop
			vertex 12.738215446472168 1.939640998840332 0.8999999761581425
			vertex 12.759553909301758 1.9340848922729492 0.8999999761581425
			vertex 12.738215446472168 1.939640998840332 0.09999999403953598
		endloop
	endfacet
	facet normal 0.25197818801101796 0.967732913962672 0
		outer loop
			vertex 12.759553909301758 1.9340848922729492 0.8999999761581425
			vertex 12.759553909301758 1.9340848922729492 0.09999999403953598
			vertex 12.738215446472168 1.939640998840332 0.09999999403953598
		endloop
	endfacet
	facet normal -0.25197818801101796 0.967732913962672 0
		outer loop
			vertex 13.032937049865723 1.9340848922729492 0.09999999403953598
			vertex 13.054275512695312 1.939640998840332 0.8999999761581425
			vertex 13.054275512695312 1.939640998840332 0.09999999403953598
		endloop
	endfacet
	facet normal -0.08480645427978477 0.9963974434493953 0
		outer loop
			vertex 13.054275512695312 1.939640998840332 0.8999999761581425
			vertex 13.076245307922363 1.9415109157562256 0.8999999761581425
			vertex 13.054275512695312 1.939640998840332 0.09999999403953598
		endloop
	endfacet
	facet normal 0.25198873499996016 0.9677301676774989 0
		outer loop
			vertex 13.09821605682373 1.939640998840332 0.8999999761581425
			vertex 13.119553565979004 1.9340848922729492 0.8999999761581425
			vertex 13.09821605682373 1.939640998840332 0.09999999403953598
		endloop
	endfacet
	facet normal 0.25198873499996016 0.9677301676774989 0
		outer loop
			vertex 13.119553565979004 1.9340848922729492 0.8999999761581425
			vertex 13.119553565979004 1.9340848922729492 0.09999999403953598
			vertex 13.09821605682373 1.939640998840332 0.09999999403953598
		endloop
	endfacet
	facet normal -0.25198873499996016 0.9677301676774989 0
		outer loop
			vertex 13.392937660217285 1.9340848922729492 0.09999999403953598
			vertex 13.414275169372559 1.939640998840332 0.8999999761581425
			vertex 13.414275169372559 1.939640998840332 0.09999999403953598
		endloop
	endfacet
	facet normal -0.0848027995982037 0.9963977545038464 0
		outer loop
			vertex 13.414275169372559 1.939640998840332 0.8999999761581425
			vertex 13.436245918273926 1.9415109157562256 0.8999999761581425
			vertex 13.414275169372559 1.939640998840332 0.09999999403953598
		endloop
	endfacet
	facet normal 0.25198873499996016 0.9677301676774989 0
		outer loop
			vertex 13.458216667175293 1.939640998840332 0.8999999761581425
			vertex 13.479554176330566 1.9340848922729492 0.8999999761581425
			vertex 13.458216667175293 1.939640998840332 0.09999999403953598
		endloop
	endfacet
	facet normal 0.25198873499996016 0.9677301676774989 0
		outer loop
			vertex 13.479554176330566 1.9340848922729492 0.8999999761581425
			vertex 13.479554176330566 1.9340848922729492 0.09999999403953598
			vertex 13.458216667175293 1.939640998840332 0.09999999403953598
		endloop
	endfacet
	facet normal -0.25198873499996016 0.9677301676774989 0
		outer loop
			vertex 13.752938270568848 1.9340848922729492 0.09999999403953598
			vertex 13.774275779724121 1.939640998840332 0.8999999761581425
			vertex 13.774275779724121 1.939640998840332 0.09999999403953598
		endloop
	endfacet
	facet normal -0.0848027995982037 0.9963977545038464 0
		outer loop
			vertex 13.774275779724121 1.939640998840332 0.8999999761581425
			vertex 13.796246528625488 1.9415109157562256 0.8999999761581425
			vertex 13.774275779724121 1.939640998840332 0.09999999403953598
		endloop
	endfacet
	facet normal 0.25198873499996016 0.9677301676774989 0
		outer loop
			vertex 13.818216323852539 1.939640998840332 0.8999999761581425
			vertex 13.839553833007812 1.9340848922729492 0.8999999761581425
			vertex 13.818216323852539 1.939640998840332 0.09999999403953598
		endloop
	endfacet
	facet normal 0.25198873499996016 0.9677301676774989 0
		outer loop
			vertex 13.839553833007812 1.9340848922729492 0.8999999761581425
			vertex 13.839553833007812 1.9340848922729492 0.09999999403953598
			vertex 13.818216323852539 1.939640998840332 0.09999999403953598
		endloop
	endfacet
	facet normal -0.25197818801101796 0.967732913962672 0
		outer loop
			vertex 14.112937927246094 1.9340848922729492 0.09999999403953598
			vertex 14.134276390075684 1.939640998840332 0.8999999761581425
			vertex 14.134276390075684 1.939640998840332 0.09999999403953598
		endloop
	endfacet
	facet normal -0.08480645427978477 0.9963974434493953 0
		outer loop
			vertex 14.134276390075684 1.939640998840332 0.8999999761581425
			vertex 14.156246185302734 1.9415109157562256 0.8999999761581425
			vertex 14.134276390075684 1.939640998840332 0.09999999403953598
		endloop
	endfacet
	facet normal 0.25197818801101796 0.967732913962672 0
		outer loop
			vertex 14.178215980529785 1.939640998840332 0.8999999761581425
			vertex 14.199554443359375 1.9340848922729492 0.8999999761581425
			vertex 14.178215980529785 1.939640998840332 0.09999999403953598
		endloop
	endfacet
	facet normal 0.25197818801101796 0.967732913962672 0
		outer loop
			vertex 14.199554443359375 1.9340848922729492 0.8999999761581425
			vertex 14.199554443359375 1.9340848922729492 0.09999999403953598
			vertex 14.178215980529785 1.939640998840332 0.09999999403953598
		endloop
	endfacet
	facet normal -0.41189088831568704 0.9112331733000694 0
		outer loop
			vertex 12.292844772338867 1.9250025749206543 0.09999999403953598
			vertex 12.31293773651123 1.9340848922729492 0.8999999761581425
			vertex 12.31293773651123 1.9340848922729492 0.09999999403953598
		endloop
	endfacet
	facet normal -0.25197818801101796 0.967732913962672 0
		outer loop
			vertex 12.31293773651123 1.9340848922729492 0.8999999761581425
			vertex 12.33427619934082 1.939640998840332 0.8999999761581425
			vertex 12.31293773651123 1.9340848922729492 0.09999999403953598
		endloop
	endfacet
	facet normal 0.4119071218346533 0.9112258353349583 0
		outer loop
			vertex 12.399554252624512 1.9340848922729492 0.8999999761581425
			vertex 12.419646263122559 1.9250025749206543 0.8999999761581425
			vertex 12.399554252624512 1.9340848922729492 0.09999999403953598
		endloop
	endfacet
	facet normal 0.4119071218346533 0.9112258353349583 0
		outer loop
			vertex 12.419646263122559 1.9250025749206543 0.8999999761581425
			vertex 12.419646263122559 1.9250025749206543 0.09999999403953598
			vertex 12.399554252624512 1.9340848922729492 0.09999999403953598
		endloop
	endfacet
	facet normal -0.4119071218346533 0.9112258353349583 0
		outer loop
			vertex 12.65284538269043 1.9250025749206543 0.09999999403953598
			vertex 12.672937393188477 1.9340848922729492 0.8999999761581425
			vertex 12.672937393188477 1.9340848922729492 0.09999999403953598
		endloop
	endfacet
	facet normal -0.25197818801101796 0.967732913962672 0
		outer loop
			vertex 12.672937393188477 1.9340848922729492 0.8999999761581425
			vertex 12.694275856018066 1.939640998840332 0.8999999761581425
			vertex 12.672937393188477 1.9340848922729492 0.09999999403953598
		endloop
	endfacet
	facet normal 0.4119071218346533 0.9112258353349583 0
		outer loop
			vertex 12.759553909301758 1.9340848922729492 0.8999999761581425
			vertex 12.779645919799805 1.9250025749206543 0.8999999761581425
			vertex 12.759553909301758 1.9340848922729492 0.09999999403953598
		endloop
	endfacet
	facet normal 0.4119071218346533 0.9112258353349583 0
		outer loop
			vertex 12.779645919799805 1.9250025749206543 0.8999999761581425
			vertex 12.779645919799805 1.9250025749206543 0.09999999403953598
			vertex 12.759553909301758 1.9340848922729492 0.09999999403953598
		endloop
	endfacet
	facet normal -0.41192335650251793 0.9112184965021836 0
		outer loop
			vertex 13.012845993041992 1.9250025749206543 0.09999999403953598
			vertex 13.032937049865723 1.9340848922729492 0.8999999761581425
			vertex 13.032937049865723 1.9340848922729492 0.09999999403953598
		endloop
	endfacet
	facet normal -0.25197818801101796 0.967732913962672 0
		outer loop
			vertex 13.032937049865723 1.9340848922729492 0.8999999761581425
			vertex 13.054275512695312 1.939640998840332 0.8999999761581425
			vertex 13.032937049865723 1.9340848922729492 0.09999999403953598
		endloop
	endfacet
	facet normal 0.41189088831568704 0.9112331733000694 0
		outer loop
			vertex 13.119553565979004 1.9340848922729492 0.8999999761581425
			vertex 13.139646530151367 1.9250025749206543 0.8999999761581425
			vertex 13.119553565979004 1.9340848922729492 0.09999999403953598
		endloop
	endfacet
	facet normal 0.41189088831568704 0.9112331733000694 0
		outer loop
			vertex 13.139646530151367 1.9250025749206543 0.8999999761581425
			vertex 13.139646530151367 1.9250025749206543 0.09999999403953598
			vertex 13.119553565979004 1.9340848922729492 0.09999999403953598
		endloop
	endfacet
	facet normal -0.4119071218346533 0.9112258353349583 0
		outer loop
			vertex 13.372845649719238 1.9250025749206543 0.09999999403953598
			vertex 13.392937660217285 1.9340848922729492 0.8999999761581425
			vertex 13.392937660217285 1.9340848922729492 0.09999999403953598
		endloop
	endfacet
	facet normal -0.25198873499996016 0.9677301676774989 0
		outer loop
			vertex 13.392937660217285 1.9340848922729492 0.8999999761581425
			vertex 13.414275169372559 1.939640998840332 0.8999999761581425
			vertex 13.392937660217285 1.9340848922729492 0.09999999403953598
		endloop
	endfacet
	facet normal 0.4119071218346533 0.9112258353349583 0
		outer loop
			vertex 13.479554176330566 1.9340848922729492 0.8999999761581425
			vertex 13.499646186828613 1.9250025749206543 0.8999999761581425
			vertex 13.479554176330566 1.9340848922729492 0.09999999403953598
		endloop
	endfacet
	facet normal 0.4119071218346533 0.9112258353349583 0
		outer loop
			vertex 13.499646186828613 1.9250025749206543 0.8999999761581425
			vertex 13.499646186828613 1.9250025749206543 0.09999999403953598
			vertex 13.479554176330566 1.9340848922729492 0.09999999403953598
		endloop
	endfacet
	facet normal -0.41189088831568704 0.9112331733000694 0
		outer loop
			vertex 13.732845306396484 1.9250025749206543 0.09999999403953598
			vertex 13.752938270568848 1.9340848922729492 0.8999999761581425
			vertex 13.752938270568848 1.9340848922729492 0.09999999403953598
		endloop
	endfacet
	facet normal -0.25198873499996016 0.9677301676774989 0
		outer loop
			vertex 13.752938270568848 1.9340848922729492 0.8999999761581425
			vertex 13.774275779724121 1.939640998840332 0.8999999761581425
			vertex 13.752938270568848 1.9340848922729492 0.09999999403953598
		endloop
	endfacet
	facet normal 0.4119071218346533 0.9112258353349583 0
		outer loop
			vertex 13.839553833007812 1.9340848922729492 0.8999999761581425
			vertex 13.85964584350586 1.9250025749206543 0.8999999761581425
			vertex 13.839553833007812 1.9340848922729492 0.09999999403953598
		endloop
	endfacet
	facet normal 0.4119071218346533 0.9112258353349583 0
		outer loop
			vertex 13.85964584350586 1.9250025749206543 0.8999999761581425
			vertex 13.85964584350586 1.9250025749206543 0.09999999403953598
			vertex 13.839553833007812 1.9340848922729492 0.09999999403953598
		endloop
	endfacet
	facet normal -0.4119071218346533 0.9112258353349583 0
		outer loop
			vertex 14.092845916748047 1.9250025749206543 0.09999999403953598
			vertex 14.112937927246094 1.9340848922729492 0.8999999761581425
			vertex 14.112937927246094 1.9340848922729492 0.09999999403953598
		endloop
	endfacet
	facet normal -0.25197818801101796 0.967732913962672 0
		outer loop
			vertex 14.112937927246094 1.9340848922729492 0.8999999761581425
			vertex 14.134276390075684 1.939640998840332 0.8999999761581425
			vertex 14.112937927246094 1.9340848922729492 0.09999999403953598
		endloop
	endfacet
	facet normal 0.4119071218346533 0.9112258353349583 0
		outer loop
			vertex 14.199554443359375 1.9340848922729492 0.8999999761581425
			vertex 14.219646453857422 1.9250025749206543 0.8999999761581425
			vertex 14.199554443359375 1.9340848922729492 0.09999999403953598
		endloop
	endfacet
	facet normal 0.4119071218346533 0.9112258353349583 0
		outer loop
			vertex 14.219646453857422 1.9250025749206543 0.8999999761581425
			vertex 14.219646453857422 1.9250025749206543 0.09999999403953598
			vertex 14.199554443359375 1.9340848922729492 0.09999999403953598
		endloop
	endfacet
	facet normal -0.5599816045969849 0.8285050407287733 0
		outer loop
			vertex 12.274577140808105 1.9126555919647217 0.09999999403953598
			vertex 12.292844772338867 1.9250025749206543 0.8999999761581425
			vertex 12.292844772338867 1.9250025749206543 0.09999999403953598
		endloop
	endfacet
	facet normal -0.41189088831568704 0.9112331733000694 0
		outer loop
			vertex 12.292844772338867 1.9250025749206543 0.8999999761581425
			vertex 12.31293773651123 1.9340848922729492 0.8999999761581425
			vertex 12.292844772338867 1.9250025749206543 0.09999999403953598
		endloop
	endfacet
	facet normal 0.5599816045969849 0.8285050407287733 0
		outer loop
			vertex 12.419646263122559 1.9250025749206543 0.8999999761581425
			vertex 12.43791389465332 1.9126555919647217 0.8999999761581425
			vertex 12.419646263122559 1.9250025749206543 0.09999999403953598
		endloop
	endfacet
	facet normal 0.5599816045969849 0.8285050407287733 0
		outer loop
			vertex 12.43791389465332 1.9126555919647217 0.8999999761581425
			vertex 12.43791389465332 1.9126555919647217 0.09999999403953598
			vertex 12.419646263122559 1.9250025749206543 0.09999999403953598
		endloop
	endfacet
	facet normal -0.5599615381765991 0.8285186031483526 0
		outer loop
			vertex 12.634576797485352 1.9126555919647217 0.09999999403953598
			vertex 12.65284538269043 1.9250025749206543 0.8999999761581425
			vertex 12.65284538269043 1.9250025749206543 0.09999999403953598
		endloop
	endfacet
	facet normal -0.4119071218346533 0.9112258353349583 0
		outer loop
			vertex 12.65284538269043 1.9250025749206543 0.8999999761581425
			vertex 12.672937393188477 1.9340848922729492 0.8999999761581425
			vertex 12.65284538269043 1.9250025749206543 0.09999999403953598
		endloop
	endfacet
	facet normal 0.5599615381765991 0.8285186031483526 0
		outer loop
			vertex 12.779645919799805 1.9250025749206543 0.8999999761581425
			vertex 12.797914505004883 1.9126555919647217 0.8999999761581425
			vertex 12.779645919799805 1.9250025749206543 0.09999999403953598
		endloop
	endfacet
	facet normal 0.5599615381765991 0.8285186031483526 0
		outer loop
			vertex 12.797914505004883 1.9126555919647217 0.8999999761581425
			vertex 12.797914505004883 1.9126555919647217 0.09999999403953598
			vertex 12.779645919799805 1.9250025749206543 0.09999999403953598
		endloop
	endfacet
	facet normal -0.5599615381765991 0.8285186031483526 0
		outer loop
			vertex 12.994577407836914 1.9126555919647217 0.09999999403953598
			vertex 13.012845993041992 1.9250025749206543 0.8999999761581425
			vertex 13.012845993041992 1.9250025749206543 0.09999999403953598
		endloop
	endfacet
	facet normal -0.41192335650251793 0.9112184965021836 0
		outer loop
			vertex 13.012845993041992 1.9250025749206543 0.8999999761581425
			vertex 13.032937049865723 1.9340848922729492 0.8999999761581425
			vertex 13.012845993041992 1.9250025749206543 0.09999999403953598
		endloop
	endfacet
	facet normal 0.5599816045969849 0.8285050407287733 0
		outer loop
			vertex 13.139646530151367 1.9250025749206543 0.8999999761581425
			vertex 13.157914161682129 1.9126555919647217 0.8999999761581425
			vertex 13.139646530151367 1.9250025749206543 0.09999999403953598
		endloop
	endfacet
	facet normal 0.5599816045969849 0.8285050407287733 0
		outer loop
			vertex 13.157914161682129 1.9126555919647217 0.8999999761581425
			vertex 13.157914161682129 1.9126555919647217 0.09999999403953598
			vertex 13.139646530151367 1.9250025749206543 0.09999999403953598
		endloop
	endfacet
	facet normal -0.5599615381765991 0.8285186031483526 0
		outer loop
			vertex 13.35457706451416 1.9126555919647217 0.09999999403953598
			vertex 13.372845649719238 1.9250025749206543 0.8999999761581425
			vertex 13.372845649719238 1.9250025749206543 0.09999999403953598
		endloop
	endfacet
	facet normal -0.4119071218346533 0.9112258353349583 0
		outer loop
			vertex 13.372845649719238 1.9250025749206543 0.8999999761581425
			vertex 13.392937660217285 1.9340848922729492 0.8999999761581425
			vertex 13.372845649719238 1.9250025749206543 0.09999999403953598
		endloop
	endfacet
	facet normal 0.5599816045969849 0.8285050407287733 0
		outer loop
			vertex 13.499646186828613 1.9250025749206543 0.8999999761581425
			vertex 13.517913818359375 1.9126555919647217 0.8999999761581425
			vertex 13.499646186828613 1.9250025749206543 0.09999999403953598
		endloop
	endfacet
	facet normal 0.5599816045969849 0.8285050407287733 0
		outer loop
			vertex 13.517913818359375 1.9126555919647217 0.8999999761581425
			vertex 13.517913818359375 1.9126555919647217 0.09999999403953598
			vertex 13.499646186828613 1.9250025749206543 0.09999999403953598
		endloop
	endfacet
	facet normal -0.5599816045969849 0.8285050407287733 0
		outer loop
			vertex 13.714577674865723 1.9126555919647217 0.09999999403953598
			vertex 13.732845306396484 1.9250025749206543 0.8999999761581425
			vertex 13.732845306396484 1.9250025749206543 0.09999999403953598
		endloop
	endfacet
	facet normal -0.41189088831568704 0.9112331733000694 0
		outer loop
			vertex 13.732845306396484 1.9250025749206543 0.8999999761581425
			vertex 13.752938270568848 1.9340848922729492 0.8999999761581425
			vertex 13.732845306396484 1.9250025749206543 0.09999999403953598
		endloop
	endfacet
	facet normal 0.5599414728658583 0.8285321641100081 0
		outer loop
			vertex 13.85964584350586 1.9250025749206543 0.8999999761581425
			vertex 13.877915382385254 1.9126555919647217 0.8999999761581425
			vertex 13.85964584350586 1.9250025749206543 0.09999999403953598
		endloop
	endfacet
	facet normal 0.5599414728658583 0.8285321641100081 0
		outer loop
			vertex 13.877915382385254 1.9126555919647217 0.8999999761581425
			vertex 13.877915382385254 1.9126555919647217 0.09999999403953598
			vertex 13.85964584350586 1.9250025749206543 0.09999999403953598
		endloop
	endfacet
	facet normal -0.5599615381765991 0.8285186031483526 0
		outer loop
			vertex 14.074577331542969 1.9126555919647217 0.09999999403953598
			vertex 14.092845916748047 1.9250025749206543 0.8999999761581425
			vertex 14.092845916748047 1.9250025749206543 0.09999999403953598
		endloop
	endfacet
	facet normal -0.4119071218346533 0.9112258353349583 0
		outer loop
			vertex 14.092845916748047 1.9250025749206543 0.8999999761581425
			vertex 14.112937927246094 1.9340848922729492 0.8999999761581425
			vertex 14.092845916748047 1.9250025749206543 0.09999999403953598
		endloop
	endfacet
	facet normal 0.5599615381765991 0.8285186031483526 0
		outer loop
			vertex 14.219646453857422 1.9250025749206543 0.8999999761581425
			vertex 14.2379150390625 1.9126555919647217 0.8999999761581425
			vertex 14.219646453857422 1.9250025749206543 0.09999999403953598
		endloop
	endfacet
	facet normal 0.5599615381765991 0.8285186031483526 0
		outer loop
			vertex 14.2379150390625 1.9126555919647217 0.8999999761581425
			vertex 14.2379150390625 1.9126555919647217 0.09999999403953598
			vertex 14.219646453857422 1.9250025749206543 0.09999999403953598
		endloop
	endfacet
	facet normal -0.6919448167653088 0.7219503934146883 0
		outer loop
			vertex 12.258658409118652 1.8973984718322754 0.099999994039536
			vertex 12.274577140808105 1.9126555919647217 0.8999999761581425
			vertex 12.274577140808105 1.9126555919647217 0.09999999403953598
		endloop
	endfacet
	facet normal -0.5599816045969849 0.8285050407287733 0
		outer loop
			vertex 12.274577140808105 1.9126555919647217 0.8999999761581425
			vertex 12.292844772338867 1.9250025749206543 0.8999999761581425
			vertex 12.274577140808105 1.9126555919647217 0.09999999403953598
		endloop
	endfacet
	facet normal 0.6919232109595885 0.7219711006234063 0
		outer loop
			vertex 12.43791389465332 1.9126555919647217 0.8999999761581425
			vertex 12.45383358001709 1.8973984718322754 0.8999999761581425
			vertex 12.43791389465332 1.9126555919647217 0.09999999403953598
		endloop
	endfacet
	facet normal 0.6919232109595885 0.7219711006234063 0
		outer loop
			vertex 12.45383358001709 1.8973984718322754 0.8999999761581425
			vertex 12.45383358001709 1.8973984718322754 0.099999994039536
			vertex 12.43791389465332 1.9126555919647217 0.09999999403953598
		endloop
	endfacet
	facet normal -0.6919448167653088 0.7219503934146883 0
		outer loop
			vertex 12.618658065795898 1.8973984718322754 0.099999994039536
			vertex 12.634576797485352 1.9126555919647217 0.8999999761581425
			vertex 12.634576797485352 1.9126555919647217 0.09999999403953598
		endloop
	endfacet
	facet normal -0.5599615381765991 0.8285186031483526 0
		outer loop
			vertex 12.634576797485352 1.9126555919647217 0.8999999761581425
			vertex 12.65284538269043 1.9250025749206543 0.8999999761581425
			vertex 12.634576797485352 1.9126555919647217 0.09999999403953598
		endloop
	endfacet
	facet normal 0.6919448167653088 0.7219503934146883 0
		outer loop
			vertex 12.797914505004883 1.9126555919647217 0.8999999761581425
			vertex 12.813833236694336 1.8973984718322754 0.8999999761581425
			vertex 12.797914505004883 1.9126555919647217 0.09999999403953598
		endloop
	endfacet
	facet normal 0.6919448167653088 0.7219503934146883 0
		outer loop
			vertex 12.813833236694336 1.8973984718322754 0.8999999761581425
			vertex 12.813833236694336 1.8973984718322754 0.099999994039536
			vertex 12.797914505004883 1.9126555919647217 0.09999999403953598
		endloop
	endfacet
	facet normal -0.6919448167653088 0.7219503934146883 0
		outer loop
			vertex 12.978658676147461 1.8973984718322754 0.099999994039536
			vertex 12.994577407836914 1.9126555919647217 0.8999999761581425
			vertex 12.994577407836914 1.9126555919647217 0.09999999403953598
		endloop
	endfacet
	facet normal -0.5599615381765991 0.8285186031483526 0
		outer loop
			vertex 12.994577407836914 1.9126555919647217 0.8999999761581425
			vertex 13.012845993041992 1.9250025749206543 0.8999999761581425
			vertex 12.994577407836914 1.9126555919647217 0.09999999403953598
		endloop
	endfacet
	facet normal 0.6919448167653088 0.7219503934146883 0
		outer loop
			vertex 13.157914161682129 1.9126555919647217 0.8999999761581425
			vertex 13.173832893371582 1.8973984718322754 0.8999999761581425
			vertex 13.157914161682129 1.9126555919647217 0.09999999403953598
		endloop
	endfacet
	facet normal 0.6919448167653088 0.7219503934146883 0
		outer loop
			vertex 13.173832893371582 1.8973984718322754 0.8999999761581425
			vertex 13.173832893371582 1.8973984718322754 0.099999994039536
			vertex 13.157914161682129 1.9126555919647217 0.09999999403953598
		endloop
	endfacet
	facet normal -0.6919448167653088 0.7219503934146883 0
		outer loop
			vertex 13.338658332824707 1.8973984718322754 0.099999994039536
			vertex 13.35457706451416 1.9126555919647217 0.8999999761581425
			vertex 13.35457706451416 1.9126555919647217 0.09999999403953598
		endloop
	endfacet
	facet normal -0.5599615381765991 0.8285186031483526 0
		outer loop
			vertex 13.35457706451416 1.9126555919647217 0.8999999761581425
			vertex 13.372845649719238 1.9250025749206543 0.8999999761581425
			vertex 13.35457706451416 1.9126555919647217 0.09999999403953598
		endloop
	endfacet
	facet normal 0.6919232109595885 0.7219711006234063 0
		outer loop
			vertex 13.517913818359375 1.9126555919647217 0.8999999761581425
			vertex 13.533833503723145 1.8973984718322754 0.8999999761581425
			vertex 13.517913818359375 1.9126555919647217 0.09999999403953598
		endloop
	endfacet
	facet normal 0.6919232109595885 0.7219711006234063 0
		outer loop
			vertex 13.533833503723145 1.8973984718322754 0.8999999761581425
			vertex 13.533833503723145 1.8973984718322754 0.099999994039536
			vertex 13.517913818359375 1.9126555919647217 0.09999999403953598
		endloop
	endfacet
	facet normal -0.6919448167653088 0.7219503934146883 0
		outer loop
			vertex 13.69865894317627 1.8973984718322754 0.099999994039536
			vertex 13.714577674865723 1.9126555919647217 0.8999999761581425
			vertex 13.714577674865723 1.9126555919647217 0.09999999403953598
		endloop
	endfacet
	facet normal -0.5599816045969849 0.8285050407287733 0
		outer loop
			vertex 13.714577674865723 1.9126555919647217 0.8999999761581425
			vertex 13.732845306396484 1.9250025749206543 0.8999999761581425
			vertex 13.714577674865723 1.9126555919647217 0.09999999403953598
		endloop
	endfacet
	facet normal 0.6919664233006027 0.721929684266114 0
		outer loop
			vertex 13.877915382385254 1.9126555919647217 0.8999999761581425
			vertex 13.89383316040039 1.8973984718322754 0.8999999761581425
			vertex 13.877915382385254 1.9126555919647217 0.09999999403953598
		endloop
	endfacet
	facet normal 0.6919664233006027 0.721929684266114 0
		outer loop
			vertex 13.89383316040039 1.8973984718322754 0.8999999761581425
			vertex 13.89383316040039 1.8973984718322754 0.099999994039536
			vertex 13.877915382385254 1.9126555919647217 0.09999999403953598
		endloop
	endfacet
	facet normal -0.6919448167653088 0.7219503934146883 0
		outer loop
			vertex 14.058658599853516 1.8973984718322754 0.099999994039536
			vertex 14.074577331542969 1.9126555919647217 0.8999999761581425
			vertex 14.074577331542969 1.9126555919647217 0.09999999403953598
		endloop
	endfacet
	facet normal -0.5599615381765991 0.8285186031483526 0
		outer loop
			vertex 14.074577331542969 1.9126555919647217 0.8999999761581425
			vertex 14.092845916748047 1.9250025749206543 0.8999999761581425
			vertex 14.074577331542969 1.9126555919647217 0.09999999403953598
		endloop
	endfacet
	facet normal 0.6919664233006027 0.721929684266114 0
		outer loop
			vertex 14.2379150390625 1.9126555919647217 0.8999999761581425
			vertex 14.253832817077637 1.8973984718322754 0.8999999761581425
			vertex 14.2379150390625 1.9126555919647217 0.09999999403953598
		endloop
	endfacet
	facet normal 0.6919664233006027 0.721929684266114 0
		outer loop
			vertex 14.253832817077637 1.8973984718322754 0.8999999761581425
			vertex 14.253832817077637 1.8973984718322754 0.099999994039536
			vertex 14.2379150390625 1.9126555919647217 0.09999999403953598
		endloop
	endfacet
	facet normal -0.8039799221135892 0.5946564426946264 0
		outer loop
			vertex 12.245546340942383 1.8796708583831787 0.099999994039536
			vertex 12.258658409118652 1.8973984718322754 0.8999999761581425
			vertex 12.258658409118652 1.8973984718322754 0.099999994039536
		endloop
	endfacet
	facet normal -0.6919448167653088 0.7219503934146883 0
		outer loop
			vertex 12.258658409118652 1.8973984718322754 0.8999999761581425
			vertex 12.274577140808105 1.9126555919647217 0.8999999761581425
			vertex 12.258658409118652 1.8973984718322754 0.099999994039536
		endloop
	endfacet
	facet normal 0.8040006000553976 0.5946284849471647 0
		outer loop
			vertex 12.45383358001709 1.8973984718322754 0.8999999761581425
			vertex 12.466944694519043 1.8796708583831787 0.8999999761581425
			vertex 12.45383358001709 1.8973984718322754 0.099999994039536
		endloop
	endfacet
	facet normal 0.8040006000553976 0.5946284849471647 0
		outer loop
			vertex 12.466944694519043 1.8796708583831787 0.8999999761581425
			vertex 12.466944694519043 1.8796708583831787 0.099999994039536
			vertex 12.45383358001709 1.8973984718322754 0.099999994039536
		endloop
	endfacet
	facet normal -0.8040006000553976 0.5946284849471647 0
		outer loop
			vertex 12.605546951293945 1.8796708583831787 0.099999994039536
			vertex 12.618658065795898 1.8973984718322754 0.8999999761581425
			vertex 12.618658065795898 1.8973984718322754 0.099999994039536
		endloop
	endfacet
	facet normal -0.6919448167653088 0.7219503934146883 0
		outer loop
			vertex 12.618658065795898 1.8973984718322754 0.8999999761581425
			vertex 12.634576797485352 1.9126555919647217 0.8999999761581425
			vertex 12.618658065795898 1.8973984718322754 0.099999994039536
		endloop
	endfacet
	facet normal 0.8040006000553976 0.5946284849471647 0
		outer loop
			vertex 12.813833236694336 1.8973984718322754 0.8999999761581425
			vertex 12.826944351196289 1.8796708583831787 0.8999999761581425
			vertex 12.813833236694336 1.8973984718322754 0.099999994039536
		endloop
	endfacet
	facet normal 0.8040006000553976 0.5946284849471647 0
		outer loop
			vertex 12.826944351196289 1.8796708583831787 0.8999999761581425
			vertex 12.826944351196289 1.8796708583831787 0.099999994039536
			vertex 12.813833236694336 1.8973984718322754 0.099999994039536
		endloop
	endfacet
	facet normal -0.8039799221135892 0.5946564426946264 0
		outer loop
			vertex 12.965546607971191 1.8796708583831787 0.099999994039536
			vertex 12.978658676147461 1.8973984718322754 0.8999999761581425
			vertex 12.978658676147461 1.8973984718322754 0.099999994039536
		endloop
	endfacet
	facet normal -0.6919448167653088 0.7219503934146883 0
		outer loop
			vertex 12.978658676147461 1.8973984718322754 0.8999999761581425
			vertex 12.994577407836914 1.9126555919647217 0.8999999761581425
			vertex 12.978658676147461 1.8973984718322754 0.099999994039536
		endloop
	endfacet
	facet normal 0.8040006000553976 0.5946284849471647 0
		outer loop
			vertex 13.173832893371582 1.8973984718322754 0.8999999761581425
			vertex 13.186944007873535 1.8796708583831787 0.8999999761581425
			vertex 13.173832893371582 1.8973984718322754 0.099999994039536
		endloop
	endfacet
	facet normal 0.8040006000553976 0.5946284849471647 0
		outer loop
			vertex 13.186944007873535 1.8796708583831787 0.8999999761581425
			vertex 13.186944007873535 1.8796708583831787 0.099999994039536
			vertex 13.173832893371582 1.8973984718322754 0.099999994039536
		endloop
	endfacet
	facet normal -0.8040006000553976 0.5946284849471647 0
		outer loop
			vertex 13.325547218322754 1.8796708583831787 0.099999994039536
			vertex 13.338658332824707 1.8973984718322754 0.8999999761581425
			vertex 13.338658332824707 1.8973984718322754 0.099999994039536
		endloop
	endfacet
	facet normal -0.6919448167653088 0.7219503934146883 0
		outer loop
			vertex 13.338658332824707 1.8973984718322754 0.8999999761581425
			vertex 13.35457706451416 1.9126555919647217 0.8999999761581425
			vertex 13.338658332824707 1.8973984718322754 0.099999994039536
		endloop
	endfacet
	facet normal 0.8040006000553976 0.5946284849471647 0
		outer loop
			vertex 13.533833503723145 1.8973984718322754 0.8999999761581425
			vertex 13.546944618225098 1.8796708583831787 0.8999999761581425
			vertex 13.533833503723145 1.8973984718322754 0.099999994039536
		endloop
	endfacet
	facet normal 0.8040006000553976 0.5946284849471647 0
		outer loop
			vertex 13.546944618225098 1.8796708583831787 0.8999999761581425
			vertex 13.546944618225098 1.8796708583831787 0.099999994039536
			vertex 13.533833503723145 1.8973984718322754 0.099999994039536
		endloop
	endfacet
	facet normal -0.8040006000553976 0.5946284849471647 0
		outer loop
			vertex 13.685547828674316 1.8796708583831787 0.099999994039536
			vertex 13.69865894317627 1.8973984718322754 0.8999999761581425
			vertex 13.69865894317627 1.8973984718322754 0.099999994039536
		endloop
	endfacet
	facet normal -0.6919448167653088 0.7219503934146883 0
		outer loop
			vertex 13.69865894317627 1.8973984718322754 0.8999999761581425
			vertex 13.714577674865723 1.9126555919647217 0.8999999761581425
			vertex 13.69865894317627 1.8973984718322754 0.099999994039536
		endloop
	endfacet
	facet normal 0.8039799221135892 0.5946564426946264 0
		outer loop
			vertex 13.89383316040039 1.8973984718322754 0.8999999761581425
			vertex 13.90694522857666 1.8796708583831787 0.8999999761581425
			vertex 13.89383316040039 1.8973984718322754 0.099999994039536
		endloop
	endfacet
	facet normal 0.8039799221135892 0.5946564426946264 0
		outer loop
			vertex 13.90694522857666 1.8796708583831787 0.8999999761581425
			vertex 13.90694522857666 1.8796708583831787 0.099999994039536
			vertex 13.89383316040039 1.8973984718322754 0.099999994039536
		endloop
	endfacet
	facet normal -0.8040006000553976 0.5946284849471647 0
		outer loop
			vertex 14.045547485351562 1.8796708583831787 0.099999994039536
			vertex 14.058658599853516 1.8973984718322754 0.8999999761581425
			vertex 14.058658599853516 1.8973984718322754 0.099999994039536
		endloop
	endfacet
	facet normal -0.6919448167653088 0.7219503934146883 0
		outer loop
			vertex 14.058658599853516 1.8973984718322754 0.8999999761581425
			vertex 14.074577331542969 1.9126555919647217 0.8999999761581425
			vertex 14.058658599853516 1.8973984718322754 0.099999994039536
		endloop
	endfacet
	facet normal 0.8039799221135892 0.5946564426946264 0
		outer loop
			vertex 14.253832817077637 1.8973984718322754 0.8999999761581425
			vertex 14.266944885253906 1.8796708583831787 0.8999999761581425
			vertex 14.253832817077637 1.8973984718322754 0.099999994039536
		endloop
	endfacet
	facet normal 0.8039799221135892 0.5946564426946264 0
		outer loop
			vertex 14.266944885253906 1.8796708583831787 0.8999999761581425
			vertex 14.266944885253906 1.8796708583831787 0.099999994039536
			vertex 14.253832817077637 1.8973984718322754 0.099999994039536
		endloop
	endfacet
	facet normal -0.892925683958894 0.4502040903040992 0
		outer loop
			vertex 12.23561954498291 1.8599822521209717 0.099999994039536
			vertex 12.245546340942383 1.8796708583831787 0.8999999761581425
			vertex 12.245546340942383 1.8796708583831787 0.099999994039536
		endloop
	endfacet
	facet normal -0.8039799221135892 0.5946564426946264 0
		outer loop
			vertex 12.245546340942383 1.8796708583831787 0.8999999761581425
			vertex 12.258658409118652 1.8973984718322754 0.8999999761581425
			vertex 12.245546340942383 1.8796708583831787 0.099999994039536
		endloop
	endfacet
	facet normal 0.892925683958894 0.4502040903040992 0
		outer loop
			vertex 12.466944694519043 1.8796708583831787 0.8999999761581425
			vertex 12.476871490478516 1.8599822521209717 0.8999999761581425
			vertex 12.466944694519043 1.8796708583831787 0.099999994039536
		endloop
	endfacet
	facet normal 0.892925683958894 0.4502040903040992 0
		outer loop
			vertex 12.476871490478516 1.8599822521209717 0.8999999761581425
			vertex 12.476871490478516 1.8599822521209717 0.099999994039536
			vertex 12.466944694519043 1.8796708583831787 0.099999994039536
		endloop
	endfacet
	facet normal -0.892925683958894 0.4502040903040992 0
		outer loop
			vertex 12.595620155334473 1.8599822521209717 0.099999994039536
			vertex 12.605546951293945 1.8796708583831787 0.8999999761581425
			vertex 12.605546951293945 1.8796708583831787 0.099999994039536
		endloop
	endfacet
	facet normal -0.8040006000553976 0.5946284849471647 0
		outer loop
			vertex 12.605546951293945 1.8796708583831787 0.8999999761581425
			vertex 12.618658065795898 1.8973984718322754 0.8999999761581425
			vertex 12.605546951293945 1.8796708583831787 0.099999994039536
		endloop
	endfacet
	facet normal 0.892925683958894 0.4502040903040992 0
		outer loop
			vertex 12.826944351196289 1.8796708583831787 0.8999999761581425
			vertex 12.836871147155762 1.8599822521209717 0.8999999761581425
			vertex 12.826944351196289 1.8796708583831787 0.099999994039536
		endloop
	endfacet
	facet normal 0.892925683958894 0.4502040903040992 0
		outer loop
			vertex 12.836871147155762 1.8599822521209717 0.8999999761581425
			vertex 12.836871147155762 1.8599822521209717 0.099999994039536
			vertex 12.826944351196289 1.8796708583831787 0.099999994039536
		endloop
	endfacet
	facet normal -0.8929430706525412 0.45016960423112856 0
		outer loop
			vertex 12.955620765686035 1.8599822521209717 0.099999994039536
			vertex 12.965546607971191 1.8796708583831787 0.8999999761581425
			vertex 12.965546607971191 1.8796708583831787 0.099999994039536
		endloop
	endfacet
	facet normal -0.8039799221135892 0.5946564426946264 0
		outer loop
			vertex 12.965546607971191 1.8796708583831787 0.8999999761581425
			vertex 12.978658676147461 1.8973984718322754 0.8999999761581425
			vertex 12.965546607971191 1.8796708583831787 0.099999994039536
		endloop
	endfacet
	facet normal 0.8929082966105418 0.45023857436259335 0
		outer loop
			vertex 13.186944007873535 1.8796708583831787 0.8999999761581425
			vertex 13.196871757507324 1.8599822521209717 0.8999999761581425
			vertex 13.186944007873535 1.8796708583831787 0.099999994039536
		endloop
	endfacet
	facet normal 0.8929082966105418 0.45023857436259335 0
		outer loop
			vertex 13.196871757507324 1.8599822521209717 0.8999999761581425
			vertex 13.196871757507324 1.8599822521209717 0.099999994039536
			vertex 13.186944007873535 1.8796708583831787 0.099999994039536
		endloop
	endfacet
	facet normal -0.892925683958894 0.4502040903040992 0
		outer loop
			vertex 13.315620422363281 1.8599822521209717 0.099999994039536
			vertex 13.325547218322754 1.8796708583831787 0.8999999761581425
			vertex 13.325547218322754 1.8796708583831787 0.099999994039536
		endloop
	endfacet
	facet normal -0.8040006000553976 0.5946284849471647 0
		outer loop
			vertex 13.325547218322754 1.8796708583831787 0.8999999761581425
			vertex 13.338658332824707 1.8973984718322754 0.8999999761581425
			vertex 13.325547218322754 1.8796708583831787 0.099999994039536
		endloop
	endfacet
	facet normal 0.892925683958894 0.4502040903040992 0
		outer loop
			vertex 13.546944618225098 1.8796708583831787 0.8999999761581425
			vertex 13.55687141418457 1.8599822521209717 0.8999999761581425
			vertex 13.546944618225098 1.8796708583831787 0.099999994039536
		endloop
	endfacet
	facet normal 0.892925683958894 0.4502040903040992 0
		outer loop
			vertex 13.55687141418457 1.8599822521209717 0.8999999761581425
			vertex 13.55687141418457 1.8599822521209717 0.099999994039536
			vertex 13.546944618225098 1.8796708583831787 0.099999994039536
		endloop
	endfacet
	facet normal -0.8929082966105418 0.45023857436259335 0
		outer loop
			vertex 13.675620079040527 1.8599822521209717 0.099999994039536
			vertex 13.685547828674316 1.8796708583831787 0.8999999761581425
			vertex 13.685547828674316 1.8796708583831787 0.099999994039536
		endloop
	endfacet
	facet normal -0.8040006000553976 0.5946284849471647 0
		outer loop
			vertex 13.685547828674316 1.8796708583831787 0.8999999761581425
			vertex 13.69865894317627 1.8973984718322754 0.8999999761581425
			vertex 13.685547828674316 1.8796708583831787 0.099999994039536
		endloop
	endfacet
	facet normal 0.8929430706525412 0.45016960423112856 0
		outer loop
			vertex 13.90694522857666 1.8796708583831787 0.8999999761581425
			vertex 13.916871070861816 1.8599822521209717 0.8999999761581425
			vertex 13.90694522857666 1.8796708583831787 0.099999994039536
		endloop
	endfacet
	facet normal 0.8929430706525412 0.45016960423112856 0
		outer loop
			vertex 13.916871070861816 1.8599822521209717 0.8999999761581425
			vertex 13.916871070861816 1.8599822521209717 0.099999994039536
			vertex 13.90694522857666 1.8796708583831787 0.099999994039536
		endloop
	endfacet
	facet normal -0.892925683958894 0.4502040903040992 0
		outer loop
			vertex 14.03562068939209 1.8599822521209717 0.099999994039536
			vertex 14.045547485351562 1.8796708583831787 0.8999999761581425
			vertex 14.045547485351562 1.8796708583831787 0.099999994039536
		endloop
	endfacet
	facet normal -0.8040006000553976 0.5946284849471647 0
		outer loop
			vertex 14.045547485351562 1.8796708583831787 0.8999999761581425
			vertex 14.058658599853516 1.8973984718322754 0.8999999761581425
			vertex 14.045547485351562 1.8796708583831787 0.099999994039536
		endloop
	endfacet
	facet normal 0.892925683958894 0.4502040903040992 0
		outer loop
			vertex 14.266944885253906 1.8796708583831787 0.8999999761581425
			vertex 14.276871681213379 1.8599822521209717 0.8999999761581425
			vertex 14.266944885253906 1.8796708583831787 0.099999994039536
		endloop
	endfacet
	facet normal 0.892925683958894 0.4502040903040992 0
		outer loop
			vertex 14.276871681213379 1.8599822521209717 0.8999999761581425
			vertex 14.276871681213379 1.8599822521209717 0.099999994039536
			vertex 14.266944885253906 1.8796708583831787 0.099999994039536
		endloop
	endfacet
	facet normal -0.9561821036449792 0.2927725818260012 0
		outer loop
			vertex 12.229164123535156 1.8388991355895996 0.09999999403953601
			vertex 12.23561954498291 1.8599822521209717 0.8999999761581425
			vertex 12.23561954498291 1.8599822521209717 0.099999994039536
		endloop
	endfacet
	facet normal -0.892925683958894 0.4502040903040992 0
		outer loop
			vertex 12.23561954498291 1.8599822521209717 0.8999999761581425
			vertex 12.245546340942383 1.8796708583831787 0.8999999761581425
			vertex 12.23561954498291 1.8599822521209717 0.099999994039536
		endloop
	endfacet
	facet normal 0.9561699948554415 0.29281212566788445 0
		outer loop
			vertex 12.476871490478516 1.8599822521209717 0.8999999761581425
			vertex 12.483327865600586 1.8388991355895996 0.8999999761581425
			vertex 12.476871490478516 1.8599822521209717 0.099999994039536
		endloop
	endfacet
	facet normal 0.9561699948554415 0.29281212566788445 0
		outer loop
			vertex 12.483327865600586 1.8388991355895996 0.8999999761581425
			vertex 12.483327865600586 1.8388991355895996 0.09999999403953601
			vertex 12.476871490478516 1.8599822521209717 0.099999994039536
		endloop
	endfacet
	facet normal -0.9561699948554415 0.29281212566788445 0
		outer loop
			vertex 12.589163780212402 1.8388991355895996 0.09999999403953601
			vertex 12.595620155334473 1.8599822521209717 0.8999999761581425
			vertex 12.595620155334473 1.8599822521209717 0.099999994039536
		endloop
	endfacet
	facet normal -0.892925683958894 0.4502040903040992 0
		outer loop
			vertex 12.595620155334473 1.8599822521209717 0.8999999761581425
			vertex 12.605546951293945 1.8796708583831787 0.8999999761581425
			vertex 12.595620155334473 1.8599822521209717 0.099999994039536
		endloop
	endfacet
	facet normal 0.9561578847372927 0.2928516680073826 0
		outer loop
			vertex 12.836871147155762 1.8599822521209717 0.8999999761581425
			vertex 12.843328475952148 1.8388991355895996 0.8999999761581425
			vertex 12.836871147155762 1.8599822521209717 0.099999994039536
		endloop
	endfacet
	facet normal 0.9561578847372927 0.2928516680073826 0
		outer loop
			vertex 12.843328475952148 1.8388991355895996 0.8999999761581425
			vertex 12.843328475952148 1.8388991355895996 0.09999999403953601
			vertex 12.836871147155762 1.8599822521209717 0.099999994039536
		endloop
	endfacet
	facet normal -0.9561578847372927 0.2928516680073826 0
		outer loop
			vertex 12.949163436889648 1.8388991355895996 0.09999999403953601
			vertex 12.955620765686035 1.8599822521209717 0.8999999761581425
			vertex 12.955620765686035 1.8599822521209717 0.099999994039536
		endloop
	endfacet
	facet normal -0.8929430706525412 0.45016960423112856 0
		outer loop
			vertex 12.955620765686035 1.8599822521209717 0.8999999761581425
			vertex 12.965546607971191 1.8796708583831787 0.8999999761581425
			vertex 12.955620765686035 1.8599822521209717 0.099999994039536
		endloop
	endfacet
	facet normal 0.9561699948554415 0.29281212566788445 0
		outer loop
			vertex 13.196871757507324 1.8599822521209717 0.8999999761581425
			vertex 13.203328132629395 1.8388991355895996 0.8999999761581425
			vertex 13.196871757507324 1.8599822521209717 0.099999994039536
		endloop
	endfacet
	facet normal 0.9561699948554415 0.29281212566788445 0
		outer loop
			vertex 13.203328132629395 1.8388991355895996 0.8999999761581425
			vertex 13.203328132629395 1.8388991355895996 0.09999999403953601
			vertex 13.196871757507324 1.8599822521209717 0.099999994039536
		endloop
	endfacet
	facet normal -0.9561699948554415 0.29281212566788445 0
		outer loop
			vertex 13.309164047241211 1.8388991355895996 0.09999999403953601
			vertex 13.315620422363281 1.8599822521209717 0.8999999761581425
			vertex 13.315620422363281 1.8599822521209717 0.099999994039536
		endloop
	endfacet
	facet normal -0.892925683958894 0.4502040903040992 0
		outer loop
			vertex 13.315620422363281 1.8599822521209717 0.8999999761581425
			vertex 13.325547218322754 1.8796708583831787 0.8999999761581425
			vertex 13.315620422363281 1.8599822521209717 0.099999994039536
		endloop
	endfacet
	facet normal 0.9561699948554415 0.29281212566788445 0
		outer loop
			vertex 13.55687141418457 1.8599822521209717 0.8999999761581425
			vertex 13.56332778930664 1.8388991355895996 0.8999999761581425
			vertex 13.55687141418457 1.8599822521209717 0.099999994039536
		endloop
	endfacet
	facet normal 0.9561699948554415 0.29281212566788445 0
		outer loop
			vertex 13.56332778930664 1.8388991355895996 0.8999999761581425
			vertex 13.56332778930664 1.8388991355895996 0.09999999403953601
			vertex 13.55687141418457 1.8599822521209717 0.099999994039536
		endloop
	endfacet
	facet normal -0.9561699948554415 0.29281212566788445 0
		outer loop
			vertex 13.669163703918457 1.8388991355895996 0.09999999403953601
			vertex 13.675620079040527 1.8599822521209717 0.8999999761581425
			vertex 13.675620079040527 1.8599822521209717 0.099999994039536
		endloop
	endfacet
	facet normal -0.8929082966105418 0.45023857436259335 0
		outer loop
			vertex 13.675620079040527 1.8599822521209717 0.8999999761581425
			vertex 13.685547828674316 1.8796708583831787 0.8999999761581425
			vertex 13.675620079040527 1.8599822521209717 0.099999994039536
		endloop
	endfacet
	facet normal 0.9561578847372927 0.2928516680073826 0
		outer loop
			vertex 13.916871070861816 1.8599822521209717 0.8999999761581425
			vertex 13.923328399658203 1.8388991355895996 0.8999999761581425
			vertex 13.916871070861816 1.8599822521209717 0.099999994039536
		endloop
	endfacet
	facet normal 0.9561578847372927 0.2928516680073826 0
		outer loop
			vertex 13.923328399658203 1.8388991355895996 0.8999999761581425
			vertex 13.923328399658203 1.8388991355895996 0.09999999403953601
			vertex 13.916871070861816 1.8599822521209717 0.099999994039536
		endloop
	endfacet
	facet normal -0.9561578847372927 0.2928516680073826 0
		outer loop
			vertex 14.029163360595703 1.8388991355895996 0.09999999403953601
			vertex 14.03562068939209 1.8599822521209717 0.8999999761581425
			vertex 14.03562068939209 1.8599822521209717 0.099999994039536
		endloop
	endfacet
	facet normal -0.892925683958894 0.4502040903040992 0
		outer loop
			vertex 14.03562068939209 1.8599822521209717 0.8999999761581425
			vertex 14.045547485351562 1.8796708583831787 0.8999999761581425
			vertex 14.03562068939209 1.8599822521209717 0.099999994039536
		endloop
	endfacet
	facet normal 0.9561699948554415 0.29281212566788445 0
		outer loop
			vertex 14.276871681213379 1.8599822521209717 0.8999999761581425
			vertex 14.28332805633545 1.8388991355895996 0.8999999761581425
			vertex 14.276871681213379 1.8599822521209717 0.099999994039536
		endloop
	endfacet
	facet normal 0.9561699948554415 0.29281212566788445 0
		outer loop
			vertex 14.28332805633545 1.8388991355895996 0.8999999761581425
			vertex 14.28332805633545 1.8388991355895996 0.09999999403953601
			vertex 14.276871681213379 1.8599822521209717 0.099999994039536
		endloop
	endfacet
	facet normal -0.9918934454331966 0.12707239238584725 0
		outer loop
			vertex 12.226362228393555 1.817028284072876 0.09999999403953601
			vertex 12.229164123535156 1.8388991355895996 0.8999999761581425
			vertex 12.229164123535156 1.8388991355895996 0.09999999403953601
		endloop
	endfacet
	facet normal -0.9561821036449792 0.2927725818260012 0
		outer loop
			vertex 12.229164123535156 1.8388991355895996 0.8999999761581425
			vertex 12.23561954498291 1.8599822521209717 0.8999999761581425
			vertex 12.229164123535156 1.8388991355895996 0.09999999403953601
		endloop
	endfacet
	facet normal 0.9918988960456656 0.12702983910636825 0
		outer loop
			vertex 12.483327865600586 1.8388991355895996 0.8999999761581425
			vertex 12.486128807067871 1.817028284072876 0.8999999761581425
			vertex 12.483327865600586 1.8388991355895996 0.09999999403953601
		endloop
	endfacet
	facet normal 0.9918988960456656 0.12702983910636825 0
		outer loop
			vertex 12.486128807067871 1.817028284072876 0.8999999761581425
			vertex 12.486128807067871 1.817028284072876 0.09999999403953601
			vertex 12.483327865600586 1.8388991355895996 0.09999999403953601
		endloop
	endfacet
	facet normal -0.9918988960456656 0.12702983910636825 0
		outer loop
			vertex 12.586362838745117 1.817028284072876 0.09999999403953601
			vertex 12.589163780212402 1.8388991355895996 0.8999999761581425
			vertex 12.589163780212402 1.8388991355895996 0.09999999403953601
		endloop
	endfacet
	facet normal -0.9561699948554415 0.29281212566788445 0
		outer loop
			vertex 12.589163780212402 1.8388991355895996 0.8999999761581425
			vertex 12.595620155334473 1.8599822521209717 0.8999999761581425
			vertex 12.589163780212402 1.8388991355895996 0.09999999403953601
		endloop
	endfacet
	facet normal 0.9919043448924184 0.12698728512548987 0
		outer loop
			vertex 12.843328475952148 1.8388991355895996 0.8999999761581425
			vertex 12.846128463745117 1.817028284072876 0.8999999761581425
			vertex 12.843328475952148 1.8388991355895996 0.09999999403953601
		endloop
	endfacet
	facet normal 0.9919043448924184 0.12698728512548987 0
		outer loop
			vertex 12.846128463745117 1.817028284072876 0.8999999761581425
			vertex 12.846128463745117 1.817028284072876 0.09999999403953601
			vertex 12.843328475952148 1.8388991355895996 0.09999999403953601
		endloop
	endfacet
	facet normal -0.9919043448924184 0.12698728512548987 0
		outer loop
			vertex 12.94636344909668 1.817028284072876 0.09999999403953601
			vertex 12.949163436889648 1.8388991355895996 0.8999999761581425
			vertex 12.949163436889648 1.8388991355895996 0.09999999403953601
		endloop
	endfacet
	facet normal -0.9561578847372927 0.2928516680073826 0
		outer loop
			vertex 12.949163436889648 1.8388991355895996 0.8999999761581425
			vertex 12.955620765686035 1.8599822521209717 0.8999999761581425
			vertex 12.949163436889648 1.8388991355895996 0.09999999403953601
		endloop
	endfacet
	facet normal 0.9918988960456656 0.12702983910636825 0
		outer loop
			vertex 13.203328132629395 1.8388991355895996 0.8999999761581425
			vertex 13.20612907409668 1.817028284072876 0.8999999761581425
			vertex 13.203328132629395 1.8388991355895996 0.09999999403953601
		endloop
	endfacet
	facet normal 0.9918988960456656 0.12702983910636825 0
		outer loop
			vertex 13.20612907409668 1.817028284072876 0.8999999761581425
			vertex 13.20612907409668 1.817028284072876 0.09999999403953601
			vertex 13.203328132629395 1.8388991355895996 0.09999999403953601
		endloop
	endfacet
	facet normal -0.9918988960456656 0.12702983910636825 0
		outer loop
			vertex 13.306363105773926 1.817028284072876 0.09999999403953601
			vertex 13.309164047241211 1.8388991355895996 0.8999999761581425
			vertex 13.309164047241211 1.8388991355895996 0.09999999403953601
		endloop
	endfacet
	facet normal -0.9561699948554415 0.29281212566788445 0
		outer loop
			vertex 13.309164047241211 1.8388991355895996 0.8999999761581425
			vertex 13.315620422363281 1.8599822521209717 0.8999999761581425
			vertex 13.309164047241211 1.8388991355895996 0.09999999403953601
		endloop
	endfacet
	facet normal 0.9918988960456656 0.12702983910636825 0
		outer loop
			vertex 13.56332778930664 1.8388991355895996 0.8999999761581425
			vertex 13.566128730773926 1.817028284072876 0.8999999761581425
			vertex 13.56332778930664 1.8388991355895996 0.09999999403953601
		endloop
	endfacet
	facet normal 0.9918988960456656 0.12702983910636825 0
		outer loop
			vertex 13.566128730773926 1.817028284072876 0.8999999761581425
			vertex 13.566128730773926 1.817028284072876 0.09999999403953601
			vertex 13.56332778930664 1.8388991355895996 0.09999999403953601
		endloop
	endfacet
	facet normal -0.9918988960456656 0.12702983910636825 0
		outer loop
			vertex 13.666362762451172 1.817028284072876 0.09999999403953601
			vertex 13.669163703918457 1.8388991355895996 0.8999999761581425
			vertex 13.669163703918457 1.8388991355895996 0.09999999403953601
		endloop
	endfacet
	facet normal -0.9561699948554415 0.29281212566788445 0
		outer loop
			vertex 13.669163703918457 1.8388991355895996 0.8999999761581425
			vertex 13.675620079040527 1.8599822521209717 0.8999999761581425
			vertex 13.669163703918457 1.8388991355895996 0.09999999403953601
		endloop
	endfacet
	facet normal 0.9919043448924184 0.12698728512548987 0
		outer loop
			vertex 13.923328399658203 1.8388991355895996 0.8999999761581425
			vertex 13.926128387451172 1.817028284072876 0.8999999761581425
			vertex 13.923328399658203 1.8388991355895996 0.09999999403953601
		endloop
	endfacet
	facet normal 0.9919043448924184 0.12698728512548987 0
		outer loop
			vertex 13.926128387451172 1.817028284072876 0.8999999761581425
			vertex 13.926128387451172 1.817028284072876 0.09999999403953601
			vertex 13.923328399658203 1.8388991355895996 0.09999999403953601
		endloop
	endfacet
	facet normal -0.9919043448924184 0.12698728512548987 0
		outer loop
			vertex 14.026363372802734 1.817028284072876 0.09999999403953601
			vertex 14.029163360595703 1.8388991355895996 0.8999999761581425
			vertex 14.029163360595703 1.8388991355895996 0.09999999403953601
		endloop
	endfacet
	facet normal -0.9561578847372927 0.2928516680073826 0
		outer loop
			vertex 14.029163360595703 1.8388991355895996 0.8999999761581425
			vertex 14.03562068939209 1.8599822521209717 0.8999999761581425
			vertex 14.029163360595703 1.8388991355895996 0.09999999403953601
		endloop
	endfacet
	facet normal 0.9918988960456656 0.12702983910636825 0
		outer loop
			vertex 14.28332805633545 1.8388991355895996 0.8999999761581425
			vertex 14.286128997802734 1.817028284072876 0.8999999761581425
			vertex 14.28332805633545 1.8388991355895996 0.09999999403953601
		endloop
	endfacet
	facet normal 0.9918988960456656 0.12702983910636825 0
		outer loop
			vertex 14.286128997802734 1.817028284072876 0.8999999761581425
			vertex 14.286128997802734 1.817028284072876 0.09999999403953601
			vertex 14.28332805633545 1.8388991355895996 0.09999999403953601
		endloop
	endfacet
	facet normal -0.9990976378420923 -0.042472462353287214 0
		outer loop
			vertex 12.227298736572266 1.7949984073638916 0.09999999403953601
			vertex 12.226362228393555 1.817028284072876 0.8999999761581425
			vertex 12.226362228393555 1.817028284072876 0.09999999403953601
		endloop
	endfacet
	facet normal -0.9918934454331966 0.12707239238584725 0
		outer loop
			vertex 12.226362228393555 1.817028284072876 0.8999999761581425
			vertex 12.229164123535156 1.8388991355895996 0.8999999761581425
			vertex 12.226362228393555 1.817028284072876 0.09999999403953601
		endloop
	endfacet
	facet normal 0.9990994722306669 -0.0424292892752504 0
		outer loop
			vertex 12.486128807067871 1.817028284072876 0.8999999761581425
			vertex 12.485193252563477 1.7949984073638916 0.8999999761581425
			vertex 12.486128807067871 1.817028284072876 0.09999999403953601
		endloop
	endfacet
	facet normal 0.9990994722306669 -0.0424292892752504 0
		outer loop
			vertex 12.485193252563477 1.7949984073638916 0.8999999761581425
			vertex 12.485193252563477 1.7949984073638916 0.09999999403953601
			vertex 12.486128807067871 1.817028284072876 0.09999999403953601
		endloop
	endfacet
	facet normal -0.9990994722306669 -0.0424292892752504 0
		outer loop
			vertex 12.587298393249512 1.7949984073638916 0.09999999403953601
			vertex 12.586362838745117 1.817028284072876 0.8999999761581425
			vertex 12.586362838745117 1.817028284072876 0.09999999403953601
		endloop
	endfacet
	facet normal -0.9918988960456656 0.12702983910636825 0
		outer loop
			vertex 12.586362838745117 1.817028284072876 0.8999999761581425
			vertex 12.589163780212402 1.8388991355895996 0.8999999761581425
			vertex 12.586362838745117 1.817028284072876 0.09999999403953601
		endloop
	endfacet
	facet normal 0.9990994722306669 -0.0424292892752504 0
		outer loop
			vertex 12.846128463745117 1.817028284072876 0.8999999761581425
			vertex 12.845192909240723 1.7949984073638916 0.8999999761581425
			vertex 12.846128463745117 1.817028284072876 0.09999999403953601
		endloop
	endfacet
	facet normal 0.9990994722306669 -0.0424292892752504 0
		outer loop
			vertex 12.845192909240723 1.7949984073638916 0.8999999761581425
			vertex 12.845192909240723 1.7949984073638916 0.09999999403953601
			vertex 12.846128463745117 1.817028284072876 0.09999999403953601
		endloop
	endfacet
	facet normal -0.9991013047603658 -0.04238611595953067 0
		outer loop
			vertex 12.947298049926758 1.7949984073638916 0.09999999403953601
			vertex 12.94636344909668 1.817028284072876 0.8999999761581425
			vertex 12.94636344909668 1.817028284072876 0.09999999403953601
		endloop
	endfacet
	facet normal -0.9919043448924184 0.12698728512548987 0
		outer loop
			vertex 12.94636344909668 1.817028284072876 0.8999999761581425
			vertex 12.949163436889648 1.8388991355895996 0.8999999761581425
			vertex 12.94636344909668 1.817028284072876 0.09999999403953601
		endloop
	endfacet
	facet normal 0.9990976378420923 -0.042472462353287214 0
		outer loop
			vertex 13.20612907409668 1.817028284072876 0.8999999761581425
			vertex 13.205192565917969 1.7949984073638916 0.8999999761581425
			vertex 13.20612907409668 1.817028284072876 0.09999999403953601
		endloop
	endfacet
	facet normal 0.9990976378420923 -0.042472462353287214 0
		outer loop
			vertex 13.205192565917969 1.7949984073638916 0.8999999761581425
			vertex 13.205192565917969 1.7949984073638916 0.09999999403953601
			vertex 13.20612907409668 1.817028284072876 0.09999999403953601
		endloop
	endfacet
	facet normal -0.9990976378420923 -0.042472462353287214 0
		outer loop
			vertex 13.307299613952637 1.7949984073638916 0.09999999403953601
			vertex 13.306363105773926 1.817028284072876 0.8999999761581425
			vertex 13.306363105773926 1.817028284072876 0.09999999403953601
		endloop
	endfacet
	facet normal -0.9918988960456656 0.12702983910636825 0
		outer loop
			vertex 13.306363105773926 1.817028284072876 0.8999999761581425
			vertex 13.309164047241211 1.8388991355895996 0.8999999761581425
			vertex 13.306363105773926 1.817028284072876 0.09999999403953601
		endloop
	endfacet
	facet normal 0.9990976378420923 -0.042472462353287214 0
		outer loop
			vertex 13.566128730773926 1.817028284072876 0.8999999761581425
			vertex 13.565192222595215 1.7949984073638916 0.8999999761581425
			vertex 13.566128730773926 1.817028284072876 0.09999999403953601
		endloop
	endfacet
	facet normal 0.9990976378420923 -0.042472462353287214 0
		outer loop
			vertex 13.565192222595215 1.7949984073638916 0.8999999761581425
			vertex 13.565192222595215 1.7949984073638916 0.09999999403953601
			vertex 13.566128730773926 1.817028284072876 0.09999999403953601
		endloop
	endfacet
	facet normal -0.9990976378420923 -0.042472462353287214 0
		outer loop
			vertex 13.667299270629883 1.7949984073638916 0.09999999403953601
			vertex 13.666362762451172 1.817028284072876 0.8999999761581425
			vertex 13.666362762451172 1.817028284072876 0.09999999403953601
		endloop
	endfacet
	facet normal -0.9918988960456656 0.12702983910636825 0
		outer loop
			vertex 13.666362762451172 1.817028284072876 0.8999999761581425
			vertex 13.669163703918457 1.8388991355895996 0.8999999761581425
			vertex 13.666362762451172 1.817028284072876 0.09999999403953601
		endloop
	endfacet
	facet normal 0.9990994722306669 -0.0424292892752504 0
		outer loop
			vertex 13.926128387451172 1.817028284072876 0.8999999761581425
			vertex 13.925192832946777 1.7949984073638916 0.8999999761581425
			vertex 13.926128387451172 1.817028284072876 0.09999999403953601
		endloop
	endfacet
	facet normal 0.9990994722306669 -0.0424292892752504 0
		outer loop
			vertex 13.925192832946777 1.7949984073638916 0.8999999761581425
			vertex 13.925192832946777 1.7949984073638916 0.09999999403953601
			vertex 13.926128387451172 1.817028284072876 0.09999999403953601
		endloop
	endfacet
	facet normal -0.9990994722306669 -0.0424292892752504 0
		outer loop
			vertex 14.027298927307129 1.7949984073638916 0.09999999403953601
			vertex 14.026363372802734 1.817028284072876 0.8999999761581425
			vertex 14.026363372802734 1.817028284072876 0.09999999403953601
		endloop
	endfacet
	facet normal -0.9919043448924184 0.12698728512548987 0
		outer loop
			vertex 14.026363372802734 1.817028284072876 0.8999999761581425
			vertex 14.029163360595703 1.8388991355895996 0.8999999761581425
			vertex 14.026363372802734 1.817028284072876 0.09999999403953601
		endloop
	endfacet
	facet normal 0.9990994722306669 -0.0424292892752504 0
		outer loop
			vertex 14.286128997802734 1.817028284072876 0.8999999761581425
			vertex 14.28519344329834 1.7949984073638916 0.8999999761581425
			vertex 14.286128997802734 1.817028284072876 0.09999999403953601
		endloop
	endfacet
	facet normal 0.9990994722306669 -0.0424292892752504 0
		outer loop
			vertex 14.28519344329834 1.7949984073638916 0.8999999761581425
			vertex 14.28519344329834 1.7949984073638916 0.09999999403953601
			vertex 14.286128997802734 1.817028284072876 0.09999999403953601
		endloop
	endfacet
	facet normal -1.7811315969523944e-15 2.599837718563696e-16 1
		outer loop
			vertex 12.191246032714844 0 0.09999999403953641
			vertex 12.23194408416748 1.7734439373016357 0.09999999403953602
			vertex 12.227298736572266 1.7949984073638916 0.09999999403953601
		endloop
	endfacet
	facet normal -0.9775552020603019 -0.2106794411537168 0
		outer loop
			vertex 12.23194408416748 1.7734439373016357 0.09999999403953602
			vertex 12.227298736572266 1.7949984073638916 0.8999999761581425
			vertex 12.227298736572266 1.7949984073638916 0.09999999403953601
		endloop
	endfacet
	facet normal -0.9990976378420923 -0.042472462353287214 0
		outer loop
			vertex 12.227298736572266 1.7949984073638916 0.8999999761581425
			vertex 12.226362228393555 1.817028284072876 0.8999999761581425
			vertex 12.227298736572266 1.7949984073638916 0.09999999403953601
		endloop
	endfacet
	facet normal 1.7198074195298712e-15 2.731240616957866e-16 1
		outer loop
			vertex 12.480546951293945 1.7734439373016357 0.09999999403953602
			vertex 12.536246299743652 0 0.09999999403953641
			vertex 12.485193252563477 1.7949984073638916 0.09999999403953601
		endloop
	endfacet
	facet normal 0.9775462935288507 -0.2107207726067987 0
		outer loop
			vertex 12.485193252563477 1.7949984073638916 0.8999999761581425
			vertex 12.480546951293945 1.7734439373016357 0.8999999761581425
			vertex 12.485193252563477 1.7949984073638916 0.09999999403953601
		endloop
	endfacet
	facet normal 0.9775462935288507 -0.2107207726067987 0
		outer loop
			vertex 12.480546951293945 1.7734439373016357 0.8999999761581425
			vertex 12.480546951293945 1.7734439373016357 0.09999999403953602
			vertex 12.485193252563477 1.7949984073638916 0.09999999403953601
		endloop
	endfacet
	facet normal -1.7201230736896185e-15 2.731321255856788e-16 1
		outer loop
			vertex 12.536246299743652 0 0.09999999403953641
			vertex 12.591943740844727 1.7734439373016357 0.09999999403953602
			vertex 12.587298393249512 1.7949984073638916 0.09999999403953601
		endloop
	endfacet
	facet normal -0.9775552020603019 -0.2106794411537168 0
		outer loop
			vertex 12.591943740844727 1.7734439373016357 0.09999999403953602
			vertex 12.587298393249512 1.7949984073638916 0.8999999761581425
			vertex 12.587298393249512 1.7949984073638916 0.09999999403953601
		endloop
	endfacet
	facet normal -0.9990994722306669 -0.0424292892752504 0
		outer loop
			vertex 12.587298393249512 1.7949984073638916 0.8999999761581425
			vertex 12.586362838745117 1.817028284072876 0.8999999761581425
			vertex 12.587298393249512 1.7949984073638916 0.09999999403953601
		endloop
	endfacet
	facet normal 1.7201193275877763e-15 2.7313293293307056e-16 1
		outer loop
			vertex 12.840547561645508 1.7734439373016357 0.09999999403953602
			vertex 12.896245956420898 0 0.09999999403953641
			vertex 12.845192909240723 1.7949984073638916 0.09999999403953601
		endloop
	endfacet
	facet normal 0.9775552020603019 -0.2106794411537168 0
		outer loop
			vertex 12.845192909240723 1.7949984073638916 0.8999999761581425
			vertex 12.840547561645508 1.7734439373016357 0.8999999761581425
			vertex 12.845192909240723 1.7949984073638916 0.09999999403953601
		endloop
	endfacet
	facet normal 0.9775552020603019 -0.2106794411537168 0
		outer loop
			vertex 12.840547561645508 1.7734439373016357 0.8999999761581425
			vertex 12.840547561645508 1.7734439373016357 0.09999999403953602
			vertex 12.845192909240723 1.7949984073638916 0.09999999403953601
		endloop
	endfacet
	facet normal -1.7201230736896185e-15 2.731321255856788e-16 1
		outer loop
			vertex 12.896245956420898 0 0.09999999403953641
			vertex 12.951943397521973 1.7734439373016357 0.09999999403953602
			vertex 12.947298049926758 1.7949984073638916 0.09999999403953601
		endloop
	endfacet
	facet normal -0.9775552020603019 -0.2106794411537168 0
		outer loop
			vertex 12.951943397521973 1.7734439373016357 0.09999999403953602
			vertex 12.947298049926758 1.7949984073638916 0.8999999761581425
			vertex 12.947298049926758 1.7949984073638916 0.09999999403953601
		endloop
	endfacet
	facet normal -0.9991013047603658 -0.04238611595953067 0
		outer loop
			vertex 12.947298049926758 1.7949984073638916 0.8999999761581425
			vertex 12.94636344909668 1.817028284072876 0.8999999761581425
			vertex 12.947298049926758 1.7949984073638916 0.09999999403953601
		endloop
	endfacet
	facet normal 1.7201193275877763e-15 2.7313293293307056e-16 1
		outer loop
			vertex 13.200547218322754 1.7734439373016357 0.09999999403953602
			vertex 13.256245613098145 0 0.09999999403953641
			vertex 13.205192565917969 1.7949984073638916 0.09999999403953601
		endloop
	endfacet
	facet normal 0.9775552020603019 -0.2106794411537168 0
		outer loop
			vertex 13.205192565917969 1.7949984073638916 0.8999999761581425
			vertex 13.200547218322754 1.7734439373016357 0.8999999761581425
			vertex 13.205192565917969 1.7949984073638916 0.09999999403953601
		endloop
	endfacet
	facet normal 0.9775552020603019 -0.2106794411537168 0
		outer loop
			vertex 13.200547218322754 1.7734439373016357 0.8999999761581425
			vertex 13.200547218322754 1.7734439373016357 0.09999999403953602
			vertex 13.205192565917969 1.7949984073638916 0.09999999403953601
		endloop
	endfacet
	facet normal -1.7201155815022505e-15 2.7313374027694577e-16 1
		outer loop
			vertex 13.256245613098145 0 0.09999999403953641
			vertex 13.311944961547852 1.7734439373016357 0.09999999403953602
			vertex 13.307299613952637 1.7949984073638916 0.09999999403953601
		endloop
	endfacet
	facet normal -0.9775552020603019 -0.2106794411537168 0
		outer loop
			vertex 13.311944961547852 1.7734439373016357 0.09999999403953602
			vertex 13.307299613952637 1.7949984073638916 0.8999999761581425
			vertex 13.307299613952637 1.7949984073638916 0.09999999403953601
		endloop
	endfacet
	facet normal -0.9990976378420923 -0.042472462353287214 0
		outer loop
			vertex 13.307299613952637 1.7949984073638916 0.8999999761581425
			vertex 13.306363105773926 1.817028284072876 0.8999999761581425
			vertex 13.307299613952637 1.7949984073638916 0.09999999403953601
		endloop
	endfacet
	facet normal 1.7201155815022505e-15 2.7313374027694577e-16 1
		outer loop
			vertex 13.560546875 1.7734439373016357 0.09999999403953602
			vertex 13.616246223449707 0 0.09999999403953641
			vertex 13.565192222595215 1.7949984073638916 0.09999999403953601
		endloop
	endfacet
	facet normal 0.9775552020603019 -0.2106794411537168 0
		outer loop
			vertex 13.565192222595215 1.7949984073638916 0.8999999761581425
			vertex 13.560546875 1.7734439373016357 0.8999999761581425
			vertex 13.565192222595215 1.7949984073638916 0.09999999403953601
		endloop
	endfacet
	facet normal 0.9775552020603019 -0.2106794411537168 0
		outer loop
			vertex 13.560546875 1.7734439373016357 0.8999999761581425
			vertex 13.560546875 1.7734439373016357 0.09999999403953602
			vertex 13.565192222595215 1.7949984073638916 0.09999999403953601
		endloop
	endfacet
	facet normal -1.7201193275877763e-15 2.7313293293307056e-16 1
		outer loop
			vertex 13.616246223449707 0 0.09999999403953641
			vertex 13.671944618225098 1.7734439373016357 0.09999999403953602
			vertex 13.667299270629883 1.7949984073638916 0.09999999403953601
		endloop
	endfacet
	facet normal -0.9775552020603019 -0.2106794411537168 0
		outer loop
			vertex 13.671944618225098 1.7734439373016357 0.09999999403953602
			vertex 13.667299270629883 1.7949984073638916 0.8999999761581425
			vertex 13.667299270629883 1.7949984073638916 0.09999999403953601
		endloop
	endfacet
	facet normal -0.9990976378420923 -0.042472462353287214 0
		outer loop
			vertex 13.667299270629883 1.7949984073638916 0.8999999761581425
			vertex 13.666362762451172 1.817028284072876 0.8999999761581425
			vertex 13.667299270629883 1.7949984073638916 0.09999999403953601
		endloop
	endfacet
	facet normal 1.7204313488028675e-15 2.731418073887525e-16 1
		outer loop
			vertex 13.920548439025879 1.7734439373016357 0.09999999403953602
			vertex 13.976245880126953 0 0.09999999403953641
			vertex 13.925192832946777 1.7949984073638916 0.09999999403953601
		endloop
	endfacet
	facet normal 0.9775641090065331 -0.21063810857075044 0
		outer loop
			vertex 13.925192832946777 1.7949984073638916 0.8999999761581425
			vertex 13.920548439025879 1.7734439373016357 0.8999999761581425
			vertex 13.925192832946777 1.7949984073638916 0.09999999403953601
		endloop
	endfacet
	facet normal 0.9775641090065331 -0.21063810857075044 0
		outer loop
			vertex 13.920548439025879 1.7734439373016357 0.8999999761581425
			vertex 13.920548439025879 1.7734439373016357 0.09999999403953602
			vertex 13.925192832946777 1.7949984073638916 0.09999999403953601
		endloop
	endfacet
	facet normal -1.7201193275877763e-15 2.7313293293307056e-16 1
		outer loop
			vertex 13.976245880126953 0 0.09999999403953641
			vertex 14.031944274902344 1.7734439373016357 0.09999999403953602
			vertex 14.027298927307129 1.7949984073638916 0.09999999403953601
		endloop
	endfacet
	facet normal -0.9775552020603019 -0.2106794411537168 0
		outer loop
			vertex 14.031944274902344 1.7734439373016357 0.09999999403953602
			vertex 14.027298927307129 1.7949984073638916 0.8999999761581425
			vertex 14.027298927307129 1.7949984073638916 0.09999999403953601
		endloop
	endfacet
	facet normal -0.9990994722306669 -0.0424292892752504 0
		outer loop
			vertex 14.027298927307129 1.7949984073638916 0.8999999761581425
			vertex 14.026363372802734 1.817028284072876 0.8999999761581425
			vertex 14.027298927307129 1.7949984073638916 0.09999999403953601
		endloop
	endfacet
	facet normal 1.5438457365361183e-15 3.111228301528403e-16 1
		outer loop
			vertex 14.280548095703125 1.7734439373016357 0.09999999403953602
			vertex 14.386245727539062 0 0.09999999403953641
			vertex 14.28519344329834 1.7949984073638916 0.09999999403953601
		endloop
	endfacet
	facet normal 0.9775552020603019 -0.2106794411537168 0
		outer loop
			vertex 14.28519344329834 1.7949984073638916 0.8999999761581425
			vertex 14.280548095703125 1.7734439373016357 0.8999999761581425
			vertex 14.28519344329834 1.7949984073638916 0.09999999403953601
		endloop
	endfacet
	facet normal 0.9775552020603019 -0.2106794411537168 0
		outer loop
			vertex 14.280548095703125 1.7734439373016357 0.8999999761581425
			vertex 14.280548095703125 1.7734439373016357 0.09999999403953602
			vertex 14.28519344329834 1.7949984073638916 0.09999999403953601
		endloop
	endfacet
	facet normal 5.15800757784901e-16 2.072723953137545e-16 1
		outer loop
			vertex 12.191246032714844 0 0.09999999403953641
			vertex 12.240165710449219 1.7529842853546143 0.09999999403953602
			vertex 12.23194408416748 1.7734439373016357 0.09999999403953602
		endloop
	endfacet
	facet normal -0.9278849172917062 -0.3728667057576525 0
		outer loop
			vertex 12.240165710449219 1.7529842853546143 0.09999999403953602
			vertex 12.23194408416748 1.7734439373016357 0.8999999761581425
			vertex 12.23194408416748 1.7734439373016357 0.09999999403953602
		endloop
	endfacet
	facet normal -0.9775552020603019 -0.2106794411537168 0
		outer loop
			vertex 12.23194408416748 1.7734439373016357 0.8999999761581425
			vertex 12.227298736572266 1.7949984073638916 0.8999999761581425
			vertex 12.23194408416748 1.7734439373016357 0.09999999403953602
		endloop
	endfacet
	facet normal -5.05730248339868e-16 2.0322560285911397e-16 1
		outer loop
			vertex 12.472325325012207 1.7529842853546143 0.09999999403953602
			vertex 12.536246299743652 0 0.09999999403953641
			vertex 12.480546951293945 1.7734439373016357 0.09999999403953602
		endloop
	endfacet
	facet normal 0.9278849172917062 -0.3728667057576525 0
		outer loop
			vertex 12.480546951293945 1.7734439373016357 0.8999999761581425
			vertex 12.472325325012207 1.7529842853546143 0.8999999761581425
			vertex 12.480546951293945 1.7734439373016357 0.09999999403953602
		endloop
	endfacet
	facet normal 0.9278849172917062 -0.3728667057576525 0
		outer loop
			vertex 12.472325325012207 1.7529842853546143 0.8999999761581425
			vertex 12.472325325012207 1.7529842853546143 0.09999999403953602
			vertex 12.480546951293945 1.7734439373016357 0.09999999403953602
		endloop
	endfacet
	facet normal 5.05731503764792e-16 2.0322610734641303e-16 1
		outer loop
			vertex 12.536246299743652 0 0.09999999403953641
			vertex 12.600165367126465 1.7529842853546143 0.09999999403953602
			vertex 12.591943740844727 1.7734439373016357 0.09999999403953602
		endloop
	endfacet
	facet normal -0.9278849172917062 -0.3728667057576525 0
		outer loop
			vertex 12.600165367126465 1.7529842853546143 0.09999999403953602
			vertex 12.591943740844727 1.7734439373016357 0.8999999761581425
			vertex 12.591943740844727 1.7734439373016357 0.09999999403953602
		endloop
	endfacet
	facet normal -0.9775552020603019 -0.2106794411537168 0
		outer loop
			vertex 12.591943740844727 1.7734439373016357 0.8999999761581425
			vertex 12.587298393249512 1.7949984073638916 0.8999999761581425
			vertex 12.591943740844727 1.7734439373016357 0.09999999403953602
		endloop
	endfacet
	facet normal -5.057308760515509e-16 2.032258551024504e-16 1
		outer loop
			vertex 12.83232593536377 1.7529842853546143 0.09999999403953602
			vertex 12.896245956420898 0 0.09999999403953641
			vertex 12.840547561645508 1.7734439373016357 0.09999999403953602
		endloop
	endfacet
	facet normal 0.9278849172917062 -0.3728667057576525 0
		outer loop
			vertex 12.840547561645508 1.7734439373016357 0.8999999761581425
			vertex 12.83232593536377 1.7529842853546143 0.8999999761581425
			vertex 12.840547561645508 1.7734439373016357 0.09999999403953602
		endloop
	endfacet
	facet normal 0.9278849172917062 -0.3728667057576525 0
		outer loop
			vertex 12.83232593536377 1.7529842853546143 0.8999999761581425
			vertex 12.83232593536377 1.7529842853546143 0.09999999403953602
			vertex 12.840547561645508 1.7734439373016357 0.09999999403953602
		endloop
	endfacet
	facet normal 5.056770993266562e-16 2.0322781599246884e-16 1
		outer loop
			vertex 12.896245956420898 0 0.09999999403953641
			vertex 12.960165977478027 1.7529842853546143 0.09999999403953602
			vertex 12.951943397521973 1.7734439373016357 0.09999999403953602
		endloop
	endfacet
	facet normal -0.9278699529242769 -0.37290394267197036 0
		outer loop
			vertex 12.960165977478027 1.7529842853546143 0.09999999403953602
			vertex 12.951943397521973 1.7734439373016357 0.8999999761581425
			vertex 12.951943397521973 1.7734439373016357 0.09999999403953602
		endloop
	endfacet
	facet normal -0.9775552020603019 -0.2106794411537168 0
		outer loop
			vertex 12.951943397521973 1.7734439373016357 0.8999999761581425
			vertex 12.947298049926758 1.7949984073638916 0.8999999761581425
			vertex 12.951943397521973 1.7734439373016357 0.09999999403953602
		endloop
	endfacet
	facet normal -5.057852920623106e-16 2.0322414606367807e-16 1
		outer loop
			vertex 13.192326545715332 1.7529842853546143 0.09999999403953602
			vertex 13.256245613098145 0 0.09999999403953641
			vertex 13.200547218322754 1.7734439373016357 0.09999999403953602
		endloop
	endfacet
	facet normal 0.9278998806473497 -0.37282946704174863 0
		outer loop
			vertex 13.200547218322754 1.7734439373016357 0.8999999761581425
			vertex 13.192326545715332 1.7529842853546143 0.8999999761581425
			vertex 13.200547218322754 1.7734439373016357 0.09999999403953602
		endloop
	endfacet
	facet normal 0.9278998806473497 -0.37282946704174863 0
		outer loop
			vertex 13.192326545715332 1.7529842853546143 0.8999999761581425
			vertex 13.192326545715332 1.7529842853546143 0.09999999403953602
			vertex 13.200547218322754 1.7734439373016357 0.09999999403953602
		endloop
	endfacet
	facet normal 5.057846642155385e-16 2.0322389379532207e-16 1
		outer loop
			vertex 13.256245613098145 0 0.09999999403953641
			vertex 13.320165634155273 1.7529842853546143 0.09999999403953602
			vertex 13.311944961547852 1.7734439373016357 0.09999999403953602
		endloop
	endfacet
	facet normal -0.9278998806473497 -0.37282946704174863 0
		outer loop
			vertex 13.320165634155273 1.7529842853546143 0.09999999403953602
			vertex 13.311944961547852 1.7734439373016357 0.8999999761581425
			vertex 13.311944961547852 1.7734439373016357 0.09999999403953602
		endloop
	endfacet
	facet normal -0.9775552020603019 -0.2106794411537168 0
		outer loop
			vertex 13.311944961547852 1.7734439373016357 0.8999999761581425
			vertex 13.307299613952637 1.7949984073638916 0.8999999761581425
			vertex 13.311944961547852 1.7734439373016357 0.09999999403953602
		endloop
	endfacet
	facet normal -5.057846642155385e-16 2.0322389379532207e-16 1
		outer loop
			vertex 13.552326202392578 1.7529842853546143 0.09999999403953602
			vertex 13.616246223449707 0 0.09999999403953641
			vertex 13.560546875 1.7734439373016357 0.09999999403953602
		endloop
	endfacet
	facet normal 0.9278998806473497 -0.37282946704174863 0
		outer loop
			vertex 13.560546875 1.7734439373016357 0.8999999761581425
			vertex 13.552326202392578 1.7529842853546143 0.8999999761581425
			vertex 13.560546875 1.7734439373016357 0.09999999403953602
		endloop
	endfacet
	facet normal 0.9278998806473497 -0.37282946704174863 0
		outer loop
			vertex 13.552326202392578 1.7529842853546143 0.8999999761581425
			vertex 13.552326202392578 1.7529842853546143 0.09999999403953602
			vertex 13.560546875 1.7734439373016357 0.09999999403953602
		endloop
	endfacet
	facet normal 5.057852920623106e-16 2.0322414606367807e-16 1
		outer loop
			vertex 13.616246223449707 0 0.09999999403953641
			vertex 13.68016529083252 1.7529842853546143 0.09999999403953602
			vertex 13.671944618225098 1.7734439373016357 0.09999999403953602
		endloop
	endfacet
	facet normal -0.9278998806473497 -0.37282946704174863 0
		outer loop
			vertex 13.68016529083252 1.7529842853546143 0.09999999403953602
			vertex 13.671944618225098 1.7734439373016357 0.8999999761581425
			vertex 13.671944618225098 1.7734439373016357 0.09999999403953602
		endloop
	endfacet
	facet normal -0.9775552020603019 -0.2106794411537168 0
		outer loop
			vertex 13.671944618225098 1.7734439373016357 0.8999999761581425
			vertex 13.667299270629883 1.7949984073638916 0.8999999761581425
			vertex 13.671944618225098 1.7734439373016357 0.09999999403953602
		endloop
	endfacet
	facet normal -5.05731503764792e-16 2.0322610734641303e-16 1
		outer loop
			vertex 13.91232681274414 1.7529842853546143 0.09999999403953602
			vertex 13.976245880126953 0 0.09999999403953641
			vertex 13.920548439025879 1.7734439373016357 0.09999999403953602
		endloop
	endfacet
	facet normal 0.9278849172917062 -0.3728667057576525 0
		outer loop
			vertex 13.920548439025879 1.7734439373016357 0.8999999761581425
			vertex 13.91232681274414 1.7529842853546143 0.8999999761581425
			vertex 13.920548439025879 1.7734439373016357 0.09999999403953602
		endloop
	endfacet
	facet normal 0.9278849172917062 -0.3728667057576525 0
		outer loop
			vertex 13.91232681274414 1.7529842853546143 0.8999999761581425
			vertex 13.91232681274414 1.7529842853546143 0.09999999403953602
			vertex 13.920548439025879 1.7734439373016357 0.09999999403953602
		endloop
	endfacet
	facet normal 5.057852920623106e-16 2.0322414606367807e-16 1
		outer loop
			vertex 13.976245880126953 0 0.09999999403953641
			vertex 14.040164947509766 1.7529842853546143 0.09999999403953602
			vertex 14.031944274902344 1.7734439373016357 0.09999999403953602
		endloop
	endfacet
	facet normal -0.9278998806473497 -0.37282946704174863 0
		outer loop
			vertex 14.040164947509766 1.7529842853546143 0.09999999403953602
			vertex 14.031944274902344 1.7734439373016357 0.8999999761581425
			vertex 14.031944274902344 1.7734439373016357 0.09999999403953602
		endloop
	endfacet
	facet normal -0.9775552020603019 -0.2106794411537168 0
		outer loop
			vertex 14.031944274902344 1.7734439373016357 0.8999999761581425
			vertex 14.027298927307129 1.7949984073638916 0.8999999761581425
			vertex 14.031944274902344 1.7734439373016357 0.09999999403953602
		endloop
	endfacet
	facet normal -4.748318751109613e-16 1.9080921972319655e-16 1
		outer loop
			vertex 14.272326469421387 1.7529842853546143 0.09999999403953602
			vertex 14.386245727539062 0 0.09999999403953641
			vertex 14.280548095703125 1.7734439373016357 0.09999999403953602
		endloop
	endfacet
	facet normal 0.9278849172917062 -0.3728667057576525 0
		outer loop
			vertex 14.280548095703125 1.7734439373016357 0.8999999761581425
			vertex 14.272326469421387 1.7529842853546143 0.8999999761581425
			vertex 14.280548095703125 1.7734439373016357 0.09999999403953602
		endloop
	endfacet
	facet normal 0.9278849172917062 -0.3728667057576525 0
		outer loop
			vertex 14.272326469421387 1.7529842853546143 0.8999999761581425
			vertex 14.272326469421387 1.7529842853546143 0.09999999403953602
			vertex 14.280548095703125 1.7734439373016357 0.09999999403953602
		endloop
	endfacet
	facet normal 3.444063682684923e-16 2.1205541497381184e-16 1
		outer loop
			vertex 12.191246032714844 0 0.09999999403953641
			vertex 12.251726150512695 1.734208583831787 0.09999999403953602
			vertex 12.240165710449219 1.7529842853546143 0.09999999403953602
		endloop
	endfacet
	facet normal -0.8515335487634526 -0.5243001195215589 0
		outer loop
			vertex 12.251726150512695 1.734208583831787 0.09999999403953602
			vertex 12.240165710449219 1.7529842853546143 0.8999999761581425
			vertex 12.240165710449219 1.7529842853546143 0.09999999403953602
		endloop
	endfacet
	facet normal -0.9278849172917062 -0.3728667057576525 0
		outer loop
			vertex 12.240165710449219 1.7529842853546143 0.8999999761581425
			vertex 12.23194408416748 1.7734439373016357 0.8999999761581425
			vertex 12.240165710449219 1.7529842853546143 0.09999999403953602
		endloop
	endfacet
	facet normal -3.398872204806824e-16 2.0927291776189925e-16 1
		outer loop
			vertex 12.46076488494873 1.734208583831787 0.09999999403953602
			vertex 12.536246299743652 0 0.09999999403953641
			vertex 12.472325325012207 1.7529842853546143 0.09999999403953602
		endloop
	endfacet
	facet normal 0.8515335487634527 -0.524300119521559 0
		outer loop
			vertex 12.472325325012207 1.7529842853546143 0.8999999761581425
			vertex 12.46076488494873 1.734208583831787 0.8999999761581426
			vertex 12.472325325012207 1.7529842853546143 0.09999999403953602
		endloop
	endfacet
	facet normal 0.8515335487634526 -0.5243001195215589 0
		outer loop
			vertex 12.46076488494873 1.734208583831787 0.8999999761581426
			vertex 12.46076488494873 1.734208583831787 0.09999999403953602
			vertex 12.472325325012207 1.7529842853546143 0.09999999403953602
		endloop
	endfacet
	facet normal 3.3988778753179153e-16 2.0927326690253465e-16 1
		outer loop
			vertex 12.536246299743652 0 0.09999999403953641
			vertex 12.611725807189941 1.734208583831787 0.09999999403953602
			vertex 12.600165367126465 1.7529842853546143 0.09999999403953602
		endloop
	endfacet
	facet normal -0.8515335487634526 -0.5243001195215589 0
		outer loop
			vertex 12.611725807189941 1.734208583831787 0.09999999403953602
			vertex 12.600165367126465 1.7529842853546143 0.8999999761581425
			vertex 12.600165367126465 1.7529842853546143 0.09999999403953602
		endloop
	endfacet
	facet normal -0.9278849172917062 -0.3728667057576525 0
		outer loop
			vertex 12.600165367126465 1.7529842853546143 0.8999999761581425
			vertex 12.591943740844727 1.7734439373016357 0.8999999761581425
			vertex 12.600165367126465 1.7529842853546143 0.09999999403953602
		endloop
	endfacet
	facet normal -3.3988750400600044e-16 2.0927309233207134e-16 1
		outer loop
			vertex 12.820765495300293 1.734208583831787 0.09999999403953602
			vertex 12.896245956420898 0 0.09999999403953641
			vertex 12.83232593536377 1.7529842853546143 0.09999999403953602
		endloop
	endfacet
	facet normal 0.8515335487634527 -0.524300119521559 0
		outer loop
			vertex 12.83232593536377 1.7529842853546143 0.8999999761581425
			vertex 12.820765495300293 1.734208583831787 0.8999999761581426
			vertex 12.83232593536377 1.7529842853546143 0.09999999403953602
		endloop
	endfacet
	facet normal 0.8515335487634526 -0.5243001195215589 0
		outer loop
			vertex 12.820765495300293 1.734208583831787 0.8999999761581426
			vertex 12.820765495300293 1.734208583831787 0.09999999403953602
			vertex 12.83232593536377 1.7529842853546143 0.09999999403953602
		endloop
	endfacet
	facet normal 3.3988750400600044e-16 2.0927309233207134e-16 1
		outer loop
			vertex 12.896245956420898 0 0.09999999403953641
			vertex 12.971726417541504 1.734208583831787 0.09999999403953602
			vertex 12.960165977478027 1.7529842853546143 0.09999999403953602
		endloop
	endfacet
	facet normal -0.8515335487634526 -0.5243001195215589 0
		outer loop
			vertex 12.971726417541504 1.734208583831787 0.09999999403953602
			vertex 12.960165977478027 1.7529842853546143 0.8999999761581425
			vertex 12.960165977478027 1.7529842853546143 0.09999999403953602
		endloop
	endfacet
	facet normal -0.9278699529242769 -0.37290394267197036 0
		outer loop
			vertex 12.960165977478027 1.7529842853546143 0.8999999761581425
			vertex 12.951943397521973 1.7734439373016357 0.8999999761581425
			vertex 12.960165977478027 1.7529842853546143 0.09999999403953602
		endloop
	endfacet
	facet normal -3.398613183229367e-16 2.0927423204931807e-16 1
		outer loop
			vertex 13.180765151977539 1.734208583831787 0.09999999403953602
			vertex 13.256245613098145 0 0.09999999403953641
			vertex 13.192326545715332 1.7529842853546143 0.09999999403953602
		endloop
	endfacet
	facet normal 0.8515142383960503 -0.5243314808485132 0
		outer loop
			vertex 13.192326545715332 1.7529842853546143 0.8999999761581425
			vertex 13.180765151977539 1.734208583831787 0.8999999761581426
			vertex 13.192326545715332 1.7529842853546143 0.09999999403953602
		endloop
	endfacet
	facet normal 0.8515142383960501 -0.5243314808485132 0
		outer loop
			vertex 13.180765151977539 1.734208583831787 0.8999999761581426
			vertex 13.180765151977539 1.734208583831787 0.09999999403953602
			vertex 13.192326545715332 1.7529842853546143 0.09999999403953602
		endloop
	endfacet
	facet normal 3.3988750400600044e-16 2.0927309233207134e-16 1
		outer loop
			vertex 13.256245613098145 0 0.09999999403953641
			vertex 13.33172607421875 1.734208583831787 0.09999999403953602
			vertex 13.320165634155273 1.7529842853546143 0.09999999403953602
		endloop
	endfacet
	facet normal -0.8515335487634526 -0.5243001195215589 0
		outer loop
			vertex 13.33172607421875 1.734208583831787 0.09999999403953602
			vertex 13.320165634155273 1.7529842853546143 0.8999999761581425
			vertex 13.320165634155273 1.7529842853546143 0.09999999403953602
		endloop
	endfacet
	facet normal -0.9278998806473497 -0.37282946704174863 0
		outer loop
			vertex 13.320165634155273 1.7529842853546143 0.8999999761581425
			vertex 13.311944961547852 1.7734439373016357 0.8999999761581425
			vertex 13.320165634155273 1.7529842853546143 0.09999999403953602
		endloop
	endfacet
	facet normal -3.3988750400600044e-16 2.0927309233207134e-16 1
		outer loop
			vertex 13.540765762329102 1.734208583831787 0.09999999403953602
			vertex 13.616246223449707 0 0.09999999403953641
			vertex 13.552326202392578 1.7529842853546143 0.09999999403953602
		endloop
	endfacet
	facet normal 0.8515335487634527 -0.524300119521559 0
		outer loop
			vertex 13.552326202392578 1.7529842853546143 0.8999999761581425
			vertex 13.540765762329102 1.734208583831787 0.8999999761581426
			vertex 13.552326202392578 1.7529842853546143 0.09999999403953602
		endloop
	endfacet
	facet normal 0.8515335487634526 -0.5243001195215589 0
		outer loop
			vertex 13.540765762329102 1.734208583831787 0.8999999761581426
			vertex 13.540765762329102 1.734208583831787 0.09999999403953602
			vertex 13.552326202392578 1.7529842853546143 0.09999999403953602
		endloop
	endfacet
	facet normal 3.398613183229367e-16 2.0927423204931807e-16 1
		outer loop
			vertex 13.616246223449707 0 0.09999999403953641
			vertex 13.691726684570312 1.734208583831787 0.09999999403953602
			vertex 13.68016529083252 1.7529842853546143 0.09999999403953602
		endloop
	endfacet
	facet normal -0.8515142383960501 -0.5243314808485132 0
		outer loop
			vertex 13.691726684570312 1.734208583831787 0.09999999403953602
			vertex 13.68016529083252 1.7529842853546143 0.8999999761581425
			vertex 13.68016529083252 1.7529842853546143 0.09999999403953602
		endloop
	endfacet
	facet normal -0.9278998806473497 -0.37282946704174863 0
		outer loop
			vertex 13.68016529083252 1.7529842853546143 0.8999999761581425
			vertex 13.671944618225098 1.7734439373016357 0.8999999761581425
			vertex 13.68016529083252 1.7529842853546143 0.09999999403953602
		endloop
	endfacet
	facet normal -3.3988778753179153e-16 2.0927326690253465e-16 1
		outer loop
			vertex 13.900766372680664 1.734208583831787 0.09999999403953602
			vertex 13.976245880126953 0 0.09999999403953641
			vertex 13.91232681274414 1.7529842853546143 0.09999999403953602
		endloop
	endfacet
	facet normal 0.8515335487634527 -0.524300119521559 0
		outer loop
			vertex 13.91232681274414 1.7529842853546143 0.8999999761581425
			vertex 13.900766372680664 1.734208583831787 0.8999999761581426
			vertex 13.91232681274414 1.7529842853546143 0.09999999403953602
		endloop
	endfacet
	facet normal 0.8515335487634526 -0.5243001195215589 0
		outer loop
			vertex 13.900766372680664 1.734208583831787 0.8999999761581426
			vertex 13.900766372680664 1.734208583831787 0.09999999403953602
			vertex 13.91232681274414 1.7529842853546143 0.09999999403953602
		endloop
	endfacet
	facet normal 3.398613183229367e-16 2.0927423204931807e-16 1
		outer loop
			vertex 13.976245880126953 0 0.09999999403953641
			vertex 14.051726341247559 1.734208583831787 0.09999999403953602
			vertex 14.040164947509766 1.7529842853546143 0.09999999403953602
		endloop
	endfacet
	facet normal -0.8515142383960501 -0.5243314808485132 0
		outer loop
			vertex 14.051726341247559 1.734208583831787 0.09999999403953602
			vertex 14.040164947509766 1.7529842853546143 0.8999999761581425
			vertex 14.040164947509766 1.7529842853546143 0.09999999403953602
		endloop
	endfacet
	facet normal -0.9278998806473497 -0.37282946704174863 0
		outer loop
			vertex 14.040164947509766 1.7529842853546143 0.8999999761581425
			vertex 14.031944274902344 1.7734439373016357 0.8999999761581425
			vertex 14.040164947509766 1.7529842853546143 0.09999999403953602
		endloop
	endfacet
	facet normal -3.256456797522382e-16 2.0050421861089415e-16 1
		outer loop
			vertex 14.26076602935791 1.734208583831787 0.09999999403953602
			vertex 14.386245727539062 0 0.09999999403953641
			vertex 14.272326469421387 1.7529842853546143 0.09999999403953602
		endloop
	endfacet
	facet normal 0.8515335487634527 -0.524300119521559 0
		outer loop
			vertex 14.272326469421387 1.7529842853546143 0.8999999761581425
			vertex 14.26076602935791 1.734208583831787 0.8999999761581426
			vertex 14.272326469421387 1.7529842853546143 0.09999999403953602
		endloop
	endfacet
	facet normal 0.8515335487634526 -0.5243001195215589 0
		outer loop
			vertex 14.26076602935791 1.734208583831787 0.8999999761581426
			vertex 14.26076602935791 1.734208583831787 0.09999999403953602
			vertex 14.272326469421387 1.7529842853546143 0.09999999403953602
		endloop
	endfacet
	facet normal -6.714625073573158e-16 2.474836038536446e-16 1
		outer loop
			vertex 12.191246032714844 0 0.09999999403953641
			vertex 12.2662935256958 1.7176566123962402 0.09999999403953604
			vertex 12.251726150512695 1.734208583831787 0.09999999403953602
		endloop
	endfacet
	facet normal -0.7506766211492139 -0.6606698195467989 0
		outer loop
			vertex 12.2662935256958 1.7176566123962402 0.09999999403953604
			vertex 12.251726150512695 1.734208583831787 0.8999999761581426
			vertex 12.251726150512695 1.734208583831787 0.09999999403953602
		endloop
	endfacet
	facet normal -0.8515335487634526 -0.524300119521559 0
		outer loop
			vertex 12.251726150512695 1.734208583831787 0.8999999761581426
			vertex 12.240165710449219 1.7529842853546143 0.8999999761581425
			vertex 12.251726150512695 1.734208583831787 0.09999999403953602
		endloop
	endfacet
	facet normal 6.651739070514789e-16 2.5301819533046275e-16 1
		outer loop
			vertex 12.446197509765625 1.7176566123962402 0.09999999403953604
			vertex 12.536246299743652 0 0.09999999403953641
			vertex 12.46076488494873 1.734208583831787 0.09999999403953602
		endloop
	endfacet
	facet normal 0.7506766211492139 -0.6606698195467989 0
		outer loop
			vertex 12.46076488494873 1.734208583831787 0.8999999761581426
			vertex 12.446197509765625 1.7176566123962402 0.8999999761581426
			vertex 12.46076488494873 1.734208583831787 0.09999999403953602
		endloop
	endfacet
	facet normal 0.7506766211492139 -0.6606698195467989 0
		outer loop
			vertex 12.446197509765625 1.7176566123962402 0.8999999761581426
			vertex 12.446197509765625 1.7176566123962402 0.09999999403953604
			vertex 12.46076488494873 1.734208583831787 0.09999999403953602
		endloop
	endfacet
	facet normal -6.651332071428703e-16 2.530156923284378e-16 1
		outer loop
			vertex 12.536246299743652 0 0.09999999403953641
			vertex 12.626294136047363 1.7176566123962402 0.09999999403953604
			vertex 12.611725807189941 1.734208583831787 0.09999999403953602
		endloop
	endfacet
	facet normal -0.750655170709062 -0.6606941915044728 0
		outer loop
			vertex 12.626294136047363 1.7176566123962402 0.09999999403953604
			vertex 12.611725807189941 1.734208583831787 0.8999999761581426
			vertex 12.611725807189941 1.734208583831787 0.09999999403953602
		endloop
	endfacet
	facet normal -0.8515335487634526 -0.524300119521559 0
		outer loop
			vertex 12.611725807189941 1.734208583831787 0.8999999761581426
			vertex 12.600165367126465 1.7529842853546143 0.8999999761581425
			vertex 12.611725807189941 1.734208583831787 0.09999999403953602
		endloop
	endfacet
	facet normal 6.651328111518842e-16 2.530160408625645e-16 1
		outer loop
			vertex 12.806197166442871 1.7176566123962402 0.09999999403953604
			vertex 12.896245956420898 0 0.09999999403953641
			vertex 12.820765495300293 1.734208583831787 0.09999999403953602
		endloop
	endfacet
	facet normal 0.750655170709062 -0.6606941915044728 0
		outer loop
			vertex 12.820765495300293 1.734208583831787 0.8999999761581426
			vertex 12.806197166442871 1.7176566123962402 0.8999999761581426
			vertex 12.820765495300293 1.734208583831787 0.09999999403953602
		endloop
	endfacet
	facet normal 0.750655170709062 -0.6606941915044728 0
		outer loop
			vertex 12.806197166442871 1.7176566123962402 0.8999999761581426
			vertex 12.806197166442871 1.7176566123962402 0.09999999403953604
			vertex 12.820765495300293 1.734208583831787 0.09999999403953602
		endloop
	endfacet
	facet normal -6.651743030914e-16 2.530178467760842e-16 1
		outer loop
			vertex 12.896245956420898 0 0.09999999403953641
			vertex 12.98629379272461 1.7176566123962402 0.09999999403953604
			vertex 12.971726417541504 1.734208583831787 0.09999999403953602
		endloop
	endfacet
	facet normal -0.7506766211492139 -0.6606698195467989 0
		outer loop
			vertex 12.98629379272461 1.7176566123962402 0.09999999403953604
			vertex 12.971726417541504 1.734208583831787 0.8999999761581426
			vertex 12.971726417541504 1.734208583831787 0.09999999403953602
		endloop
	endfacet
	facet normal -0.8515335487634526 -0.524300119521559 0
		outer loop
			vertex 12.971726417541504 1.734208583831787 0.8999999761581426
			vertex 12.960165977478027 1.7529842853546143 0.8999999761581425
			vertex 12.971726417541504 1.734208583831787 0.09999999403953602
		endloop
	endfacet
	facet normal 6.652158002078923e-16 2.5301965291492884e-16 1
		outer loop
			vertex 13.16619873046875 1.7176566123962402 0.09999999403953604
			vertex 13.256245613098145 0 0.09999999403953641
			vertex 13.180765151977539 1.734208583831787 0.09999999403953602
		endloop
	endfacet
	facet normal 0.7506980720239314 -0.6606454454997421 0
		outer loop
			vertex 13.180765151977539 1.734208583831787 0.8999999761581426
			vertex 13.16619873046875 1.7176566123962402 0.8999999761581426
			vertex 13.180765151977539 1.734208583831787 0.09999999403953602
		endloop
	endfacet
	facet normal 0.7506980720239314 -0.6606454454997421 0
		outer loop
			vertex 13.16619873046875 1.7176566123962402 0.8999999761581426
			vertex 13.16619873046875 1.7176566123962402 0.09999999403953604
			vertex 13.180765151977539 1.734208583831787 0.09999999403953602
		endloop
	endfacet
	facet normal -6.651743030914e-16 2.530178467760842e-16 1
		outer loop
			vertex 13.256245613098145 0 0.09999999403953641
			vertex 13.346293449401855 1.7176566123962402 0.09999999403953604
			vertex 13.33172607421875 1.734208583831787 0.09999999403953602
		endloop
	endfacet
	facet normal -0.7506766211492139 -0.6606698195467989 0
		outer loop
			vertex 13.346293449401855 1.7176566123962402 0.09999999403953604
			vertex 13.33172607421875 1.734208583831787 0.8999999761581426
			vertex 13.33172607421875 1.734208583831787 0.09999999403953602
		endloop
	endfacet
	facet normal -0.8515335487634526 -0.524300119521559 0
		outer loop
			vertex 13.33172607421875 1.734208583831787 0.8999999761581426
			vertex 13.320165634155273 1.7529842853546143 0.8999999761581425
			vertex 13.33172607421875 1.734208583831787 0.09999999403953602
		endloop
	endfacet
	facet normal 6.651743030914e-16 2.530178467760842e-16 1
		outer loop
			vertex 13.526198387145996 1.7176566123962402 0.09999999403953604
			vertex 13.616246223449707 0 0.09999999403953641
			vertex 13.540765762329102 1.734208583831787 0.09999999403953602
		endloop
	endfacet
	facet normal 0.7506766211492139 -0.6606698195467989 0
		outer loop
			vertex 13.540765762329102 1.734208583831787 0.8999999761581426
			vertex 13.526198387145996 1.7176566123962402 0.8999999761581426
			vertex 13.540765762329102 1.734208583831787 0.09999999403953602
		endloop
	endfacet
	facet normal 0.7506766211492139 -0.6606698195467989 0
		outer loop
			vertex 13.526198387145996 1.7176566123962402 0.8999999761581426
			vertex 13.526198387145996 1.7176566123962402 0.09999999403953604
			vertex 13.540765762329102 1.734208583831787 0.09999999403953602
		endloop
	endfacet
	facet normal -6.651743030914e-16 2.530178467760842e-16 1
		outer loop
			vertex 13.616246223449707 0 0.09999999403953641
			vertex 13.706294059753418 1.7176566123962402 0.09999999403953604
			vertex 13.691726684570312 1.734208583831787 0.09999999403953602
		endloop
	endfacet
	facet normal -0.7506766211492139 -0.6606698195467989 0
		outer loop
			vertex 13.706294059753418 1.7176566123962402 0.09999999403953604
			vertex 13.691726684570312 1.734208583831787 0.8999999761581426
			vertex 13.691726684570312 1.734208583831787 0.09999999403953602
		endloop
	endfacet
	facet normal -0.8515142383960501 -0.5243314808485132 0
		outer loop
			vertex 13.691726684570312 1.734208583831787 0.8999999761581426
			vertex 13.68016529083252 1.7529842853546143 0.8999999761581425
			vertex 13.691726684570312 1.734208583831787 0.09999999403953602
		endloop
	endfacet
	facet normal 6.651332071428703e-16 2.530156923284378e-16 1
		outer loop
			vertex 13.886198043823242 1.7176566123962402 0.09999999403953604
			vertex 13.976245880126953 0 0.09999999403953641
			vertex 13.900766372680664 1.734208583831787 0.09999999403953602
		endloop
	endfacet
	facet normal 0.750655170709062 -0.6606941915044728 0
		outer loop
			vertex 13.900766372680664 1.734208583831787 0.8999999761581426
			vertex 13.886198043823242 1.7176566123962402 0.8999999761581426
			vertex 13.900766372680664 1.734208583831787 0.09999999403953602
		endloop
	endfacet
	facet normal 0.750655170709062 -0.6606941915044728 0
		outer loop
			vertex 13.886198043823242 1.7176566123962402 0.8999999761581426
			vertex 13.886198043823242 1.7176566123962402 0.09999999403953604
			vertex 13.900766372680664 1.734208583831787 0.09999999403953602
		endloop
	endfacet
	facet normal -6.651743030914e-16 2.530178467760842e-16 1
		outer loop
			vertex 13.976245880126953 0 0.09999999403953641
			vertex 14.066293716430664 1.7176566123962402 0.09999999403953604
			vertex 14.051726341247559 1.734208583831787 0.09999999403953602
		endloop
	endfacet
	facet normal -0.7506766211492139 -0.6606698195467989 0
		outer loop
			vertex 14.066293716430664 1.7176566123962402 0.09999999403953604
			vertex 14.051726341247559 1.734208583831787 0.8999999761581426
			vertex 14.051726341247559 1.734208583831787 0.09999999403953602
		endloop
	endfacet
	facet normal -0.8515142383960501 -0.5243314808485132 0
		outer loop
			vertex 14.051726341247559 1.734208583831787 0.8999999761581426
			vertex 14.040164947509766 1.7529842853546143 0.8999999761581425
			vertex 14.051726341247559 1.734208583831787 0.09999999403953602
		endloop
	endfacet
	facet normal 6.450002133032973e-16 2.7073588211256525e-16 1
		outer loop
			vertex 14.246197700500488 1.7176566123962402 0.09999999403953604
			vertex 14.386245727539062 0 0.09999999403953641
			vertex 14.26076602935791 1.734208583831787 0.09999999403953602
		endloop
	endfacet
	facet normal 0.750655170709062 -0.6606941915044728 0
		outer loop
			vertex 14.26076602935791 1.734208583831787 0.8999999761581426
			vertex 14.246197700500488 1.7176566123962402 0.8999999761581426
			vertex 14.26076602935791 1.734208583831787 0.09999999403953602
		endloop
	endfacet
	facet normal 0.750655170709062 -0.6606941915044728 0
		outer loop
			vertex 14.246197700500488 1.7176566123962402 0.8999999761581426
			vertex 14.246197700500488 1.7176566123962402 0.09999999403953604
			vertex 14.26076602935791 1.734208583831787 0.09999999403953602
		endloop
	endfacet
	facet normal 1.7013733461009837e-16 2.1071259981418655e-16 1
		outer loop
			vertex 12.191246032714844 0 0.09999999403953641
			vertex 12.283449172973633 1.7038044929504395 0.09999999403953604
			vertex 12.2662935256958 1.7176566123962402 0.09999999403953604
		endloop
	endfacet
	facet normal -0.6282172985148535 -0.778037933424007 0
		outer loop
			vertex 12.283449172973633 1.7038044929504395 0.09999999403953604
			vertex 12.2662935256958 1.7176566123962402 0.8999999761581426
			vertex 12.2662935256958 1.7176566123962402 0.09999999403953604
		endloop
	endfacet
	facet normal -0.7506766211492139 -0.6606698195467989 0
		outer loop
			vertex 12.2662935256958 1.7176566123962402 0.8999999761581426
			vertex 12.251726150512695 1.734208583831787 0.8999999761581426
			vertex 12.2662935256958 1.7176566123962402 0.09999999403953604
		endloop
	endfacet
	facet normal -1.6899529299897237e-16 2.0928656319900274e-16 1
		outer loop
			vertex 12.42904281616211 1.7038044929504395 0.09999999403953604
			vertex 12.536246299743652 0 0.09999999403953641
			vertex 12.446197509765625 1.7176566123962402 0.09999999403953604
		endloop
	endfacet
	facet normal 0.6282384389665628 -0.7780208633480573 0
		outer loop
			vertex 12.446197509765625 1.7176566123962402 0.8999999761581426
			vertex 12.42904281616211 1.7038044929504395 0.8999999761581426
			vertex 12.446197509765625 1.7176566123962402 0.09999999403953604
		endloop
	endfacet
	facet normal 0.6282384389665628 -0.7780208633480573 0
		outer loop
			vertex 12.42904281616211 1.7038044929504395 0.8999999761581426
			vertex 12.42904281616211 1.7038044929504395 0.09999999403953604
			vertex 12.446197509765625 1.7176566123962402 0.09999999403953604
		endloop
	endfacet
	facet normal 1.68995365687435e-16 2.092866532175959e-16 1
		outer loop
			vertex 12.536246299743652 0 0.09999999403953641
			vertex 12.643448829650879 1.7038044929504395 0.09999999403953604
			vertex 12.626294136047363 1.7176566123962402 0.09999999403953604
		endloop
	endfacet
	facet normal -0.6282384389665628 -0.7780208633480573 0
		outer loop
			vertex 12.643448829650879 1.7038044929504395 0.09999999403953604
			vertex 12.626294136047363 1.7176566123962402 0.8999999761581426
			vertex 12.626294136047363 1.7176566123962402 0.09999999403953604
		endloop
	endfacet
	facet normal -0.750655170709062 -0.6606941915044728 0
		outer loop
			vertex 12.626294136047363 1.7176566123962402 0.8999999761581426
			vertex 12.611725807189941 1.734208583831787 0.8999999761581426
			vertex 12.626294136047363 1.7176566123962402 0.09999999403953604
		endloop
	endfacet
	facet normal -1.6899529299897237e-16 2.0928656319900274e-16 1
		outer loop
			vertex 12.789042472839355 1.7038044929504395 0.09999999403953604
			vertex 12.896245956420898 0 0.09999999403953641
			vertex 12.806197166442871 1.7176566123962402 0.09999999403953604
		endloop
	endfacet
	facet normal 0.6282384389665628 -0.7780208633480573 0
		outer loop
			vertex 12.806197166442871 1.7176566123962402 0.8999999761581426
			vertex 12.789042472839355 1.7038044929504395 0.8999999761581426
			vertex 12.806197166442871 1.7176566123962402 0.09999999403953604
		endloop
	endfacet
	facet normal 0.6282384389665628 -0.7780208633480573 0
		outer loop
			vertex 12.789042472839355 1.7038044929504395 0.8999999761581426
			vertex 12.789042472839355 1.7038044929504395 0.09999999403953604
			vertex 12.806197166442871 1.7176566123962402 0.09999999403953604
		endloop
	endfacet
	facet normal 1.68995365687435e-16 2.092866532175959e-16 1
		outer loop
			vertex 12.896245956420898 0 0.09999999403953641
			vertex 13.003448486328125 1.7038044929504395 0.09999999403953604
			vertex 12.98629379272461 1.7176566123962402 0.09999999403953604
		endloop
	endfacet
	facet normal -0.6282384389665628 -0.7780208633480573 0
		outer loop
			vertex 13.003448486328125 1.7038044929504395 0.09999999403953604
			vertex 12.98629379272461 1.7176566123962402 0.8999999761581426
			vertex 12.98629379272461 1.7176566123962402 0.09999999403953604
		endloop
	endfacet
	facet normal -0.7506766211492139 -0.6606698195467989 0
		outer loop
			vertex 12.98629379272461 1.7176566123962402 0.8999999761581426
			vertex 12.971726417541504 1.734208583831787 0.8999999761581426
			vertex 12.98629379272461 1.7176566123962402 0.09999999403953604
		endloop
	endfacet
	facet normal -1.689774136017274e-16 2.0928768817177804e-16 1
		outer loop
			vertex 13.149042129516602 1.7038044929504395 0.09999999403953604
			vertex 13.256245613098145 0 0.09999999403953641
			vertex 13.16619873046875 1.7176566123962402 0.09999999403953604
		endloop
	endfacet
	facet normal 0.6281961590221099 -0.7780550017767818 0
		outer loop
			vertex 13.16619873046875 1.7176566123962402 0.8999999761581426
			vertex 13.149042129516602 1.7038044929504395 0.8999999761581426
			vertex 13.16619873046875 1.7176566123962402 0.09999999403953604
		endloop
	endfacet
	facet normal 0.6281961590221099 -0.7780550017767818 0
		outer loop
			vertex 13.149042129516602 1.7038044929504395 0.8999999761581426
			vertex 13.149042129516602 1.7038044929504395 0.09999999403953604
			vertex 13.16619873046875 1.7176566123962402 0.09999999403953604
		endloop
	endfacet
	facet normal 1.6897734092870713e-16 2.092875981623023e-16 1
		outer loop
			vertex 13.256245613098145 0 0.09999999403953641
			vertex 13.363450050354004 1.7038044929504395 0.09999999403953604
			vertex 13.346293449401855 1.7176566123962402 0.09999999403953604
		endloop
	endfacet
	facet normal -0.6281961590221099 -0.7780550017767818 0
		outer loop
			vertex 13.363450050354004 1.7038044929504395 0.09999999403953604
			vertex 13.346293449401855 1.7176566123962402 0.8999999761581426
			vertex 13.346293449401855 1.7176566123962402 0.09999999403953604
		endloop
	endfacet
	facet normal -0.7506766211492139 -0.6606698195467989 0
		outer loop
			vertex 13.346293449401855 1.7176566123962402 0.8999999761581426
			vertex 13.33172607421875 1.734208583831787 0.8999999761581426
			vertex 13.346293449401855 1.7176566123962402 0.09999999403953604
		endloop
	endfacet
	facet normal -1.6898635282742288e-16 2.09287125715147e-16 1
		outer loop
			vertex 13.509042739868164 1.7038044929504395 0.09999999403953604
			vertex 13.616246223449707 0 0.09999999403953641
			vertex 13.526198387145996 1.7176566123962402 0.09999999403953604
		endloop
	endfacet
	facet normal 0.6282172985148535 -0.778037933424007 0
		outer loop
			vertex 13.526198387145996 1.7176566123962402 0.8999999761581426
			vertex 13.509042739868164 1.7038044929504395 0.8999999761581426
			vertex 13.526198387145996 1.7176566123962402 0.09999999403953604
		endloop
	endfacet
	facet normal 0.6282172985148535 -0.778037933424007 0
		outer loop
			vertex 13.509042739868164 1.7038044929504395 0.8999999761581426
			vertex 13.509042739868164 1.7038044929504395 0.09999999403953604
			vertex 13.526198387145996 1.7176566123962402 0.09999999403953604
		endloop
	endfacet
	facet normal 1.6898635282742288e-16 2.09287125715147e-16 1
		outer loop
			vertex 13.616246223449707 0 0.09999999403953641
			vertex 13.72344970703125 1.7038044929504395 0.09999999403953604
			vertex 13.706294059753418 1.7176566123962402 0.09999999403953604
		endloop
	endfacet
	facet normal -0.6282172985148535 -0.778037933424007 0
		outer loop
			vertex 13.72344970703125 1.7038044929504395 0.09999999403953604
			vertex 13.706294059753418 1.7176566123962402 0.8999999761581426
			vertex 13.706294059753418 1.7176566123962402 0.09999999403953604
		endloop
	endfacet
	facet normal -0.7506766211492139 -0.6606698195467989 0
		outer loop
			vertex 13.706294059753418 1.7176566123962402 0.8999999761581426
			vertex 13.691726684570312 1.734208583831787 0.8999999761581426
			vertex 13.706294059753418 1.7176566123962402 0.09999999403953604
		endloop
	endfacet
	facet normal -1.6898635282742288e-16 2.09287125715147e-16 1
		outer loop
			vertex 13.86904239654541 1.7038044929504395 0.09999999403953604
			vertex 13.976245880126953 0 0.09999999403953641
			vertex 13.886198043823242 1.7176566123962402 0.09999999403953604
		endloop
	endfacet
	facet normal 0.6282172985148535 -0.778037933424007 0
		outer loop
			vertex 13.886198043823242 1.7176566123962402 0.8999999761581426
			vertex 13.86904239654541 1.7038044929504395 0.8999999761581426
			vertex 13.886198043823242 1.7176566123962402 0.09999999403953604
		endloop
	endfacet
	facet normal 0.6282172985148535 -0.778037933424007 0
		outer loop
			vertex 13.86904239654541 1.7038044929504395 0.8999999761581426
			vertex 13.86904239654541 1.7038044929504395 0.09999999403953604
			vertex 13.886198043823242 1.7176566123962402 0.09999999403953604
		endloop
	endfacet
	facet normal 1.6898635282742288e-16 2.09287125715147e-16 1
		outer loop
			vertex 13.976245880126953 0 0.09999999403953641
			vertex 14.083449363708496 1.7038044929504395 0.09999999403953604
			vertex 14.066293716430664 1.7176566123962402 0.09999999403953604
		endloop
	endfacet
	facet normal -0.6282172985148535 -0.778037933424007 0
		outer loop
			vertex 14.083449363708496 1.7038044929504395 0.09999999403953604
			vertex 14.066293716430664 1.7176566123962402 0.8999999761581426
			vertex 14.066293716430664 1.7176566123962402 0.09999999403953604
		endloop
	endfacet
	facet normal -0.7506766211492139 -0.6606698195467989 0
		outer loop
			vertex 14.066293716430664 1.7176566123962402 0.8999999761581426
			vertex 14.051726341247559 1.734208583831787 0.8999999761581426
			vertex 14.066293716430664 1.7176566123962402 0.09999999403953604
		endloop
	endfacet
	facet normal -1.6526842620516032e-16 2.046711497816471e-16 1
		outer loop
			vertex 14.229043006896973 1.7038044929504395 0.09999999403953604
			vertex 14.386245727539062 0 0.09999999403953641
			vertex 14.246197700500488 1.7176566123962402 0.09999999403953604
		endloop
	endfacet
	facet normal 0.6282384389665628 -0.7780208633480573 0
		outer loop
			vertex 14.246197700500488 1.7176566123962402 0.8999999761581426
			vertex 14.229043006896973 1.7038044929504395 0.8999999761581426
			vertex 14.246197700500488 1.7176566123962402 0.09999999403953604
		endloop
	endfacet
	facet normal 0.6282384389665628 -0.7780208633480573 0
		outer loop
			vertex 14.229043006896973 1.7038044929504395 0.8999999761581426
			vertex 14.229043006896973 1.7038044929504395 0.09999999403953604
			vertex 14.246197700500488 1.7176566123962402 0.09999999403953604
		endloop
	endfacet
	facet normal 1.1925250026019774e-16 2.1346628519183482e-16 1
		outer loop
			vertex 12.191246032714844 0 0.09999999403953641
			vertex 12.302698135375977 1.6930510997772217 0.09999999403953604
			vertex 12.283449172973633 1.7038044929504395 0.09999999403953604
		endloop
	endfacet
	facet normal -0.48770454014519216 -0.8730087522595444 0
		outer loop
			vertex 12.302698135375977 1.6930510997772217 0.09999999403953604
			vertex 12.283449172973633 1.7038044929504395 0.8999999761581426
			vertex 12.283449172973633 1.7038044929504395 0.09999999403953604
		endloop
	endfacet
	facet normal -0.6282172985148535 -0.778037933424007 0
		outer loop
			vertex 12.283449172973633 1.7038044929504395 0.8999999761581426
			vertex 12.2662935256958 1.7176566123962402 0.8999999761581426
			vertex 12.283449172973633 1.7038044929504395 0.09999999403953604
		endloop
	endfacet
	facet normal -1.1868021060118313e-16 2.1245239128083553e-16 1
		outer loop
			vertex 12.40979290008545 1.6930510997772217 0.09999999403953604
			vertex 12.536246299743652 0 0.09999999403953641
			vertex 12.42904281616211 1.7038044929504395 0.09999999403953604
		endloop
	endfacet
	facet normal 0.4876861250945885 -0.8730190395347776 0
		outer loop
			vertex 12.42904281616211 1.7038044929504395 0.8999999761581426
			vertex 12.40979290008545 1.6930510997772217 0.8999999761581426
			vertex 12.42904281616211 1.7038044929504395 0.09999999403953604
		endloop
	endfacet
	facet normal 0.4876861250945885 -0.8730190395347776 0
		outer loop
			vertex 12.40979290008545 1.6930510997772217 0.8999999761581426
			vertex 12.40979290008545 1.6930510997772217 0.09999999403953604
			vertex 12.42904281616211 1.7038044929504395 0.09999999403953604
		endloop
	endfacet
	facet normal 1.1868024644983493e-16 2.124524554543971e-16 1
		outer loop
			vertex 12.536246299743652 0 0.09999999403953641
			vertex 12.662698745727539 1.6930510997772217 0.09999999403953604
			vertex 12.643448829650879 1.7038044929504395 0.09999999403953604
		endloop
	endfacet
	facet normal -0.4876861250945885 -0.8730190395347776 0
		outer loop
			vertex 12.662698745727539 1.6930510997772217 0.09999999403953604
			vertex 12.643448829650879 1.7038044929504395 0.8999999761581426
			vertex 12.643448829650879 1.7038044929504395 0.09999999403953604
		endloop
	endfacet
	facet normal -0.6282384389665628 -0.7780208633480573 0
		outer loop
			vertex 12.643448829650879 1.7038044929504395 0.8999999761581426
			vertex 12.626294136047363 1.7176566123962402 0.8999999761581426
			vertex 12.643448829650879 1.7038044929504395 0.09999999403953604
		endloop
	endfacet
	facet normal -1.1868021060118313e-16 2.1245239128083553e-16 1
		outer loop
			vertex 12.769792556762695 1.6930510997772217 0.09999999403953604
			vertex 12.896245956420898 0 0.09999999403953641
			vertex 12.789042472839355 1.7038044929504395 0.09999999403953604
		endloop
	endfacet
	facet normal 0.4876861250945885 -0.8730190395347776 0
		outer loop
			vertex 12.789042472839355 1.7038044929504395 0.8999999761581426
			vertex 12.769792556762695 1.6930510997772217 0.8999999761581426
			vertex 12.789042472839355 1.7038044929504395 0.09999999403953604
		endloop
	endfacet
	facet normal 0.4876861250945885 -0.8730190395347776 0
		outer loop
			vertex 12.769792556762695 1.6930510997772217 0.8999999761581426
			vertex 12.769792556762695 1.6930510997772217 0.09999999403953604
			vertex 12.789042472839355 1.7038044929504395 0.09999999403953604
		endloop
	endfacet
	facet normal 1.1868024644983493e-16 2.124524554543971e-16 1
		outer loop
			vertex 12.896245956420898 0 0.09999999403953641
			vertex 13.022698402404785 1.6930510997772217 0.09999999403953604
			vertex 13.003448486328125 1.7038044929504395 0.09999999403953604
		endloop
	endfacet
	facet normal -0.4876861250945885 -0.8730190395347776 0
		outer loop
			vertex 13.022698402404785 1.6930510997772217 0.09999999403953604
			vertex 13.003448486328125 1.7038044929504395 0.8999999761581426
			vertex 13.003448486328125 1.7038044929504395 0.09999999403953604
		endloop
	endfacet
	facet normal -0.6282384389665628 -0.7780208633480573 0
		outer loop
			vertex 13.003448486328125 1.7038044929504395 0.8999999761581426
			vertex 12.98629379272461 1.7176566123962402 0.8999999761581426
			vertex 13.003448486328125 1.7038044929504395 0.09999999403953604
		endloop
	endfacet
	facet normal -1.1868589085465845e-16 2.124520338789372e-16 1
		outer loop
			vertex 13.129793167114258 1.6930510997772217 0.09999999403953604
			vertex 13.256245613098145 0 0.09999999403953641
			vertex 13.149042129516602 1.7038044929504395 0.09999999403953604
		endloop
	endfacet
	facet normal 0.48770454014519216 -0.8730087522595444 0
		outer loop
			vertex 13.149042129516602 1.7038044929504395 0.8999999761581426
			vertex 13.129793167114258 1.6930510997772217 0.8999999761581426
			vertex 13.149042129516602 1.7038044929504395 0.09999999403953604
		endloop
	endfacet
	facet normal 0.48770454014519216 -0.8730087522595444 0
		outer loop
			vertex 13.129793167114258 1.6930510997772217 0.8999999761581426
			vertex 13.129793167114258 1.6930510997772217 0.09999999403953604
			vertex 13.149042129516602 1.7038044929504395 0.09999999403953604
		endloop
	endfacet
	facet normal 1.1868585500259663e-16 2.1245196970245088e-16 1
		outer loop
			vertex 13.256245613098145 0 0.09999999403953641
			vertex 13.382699012756348 1.6930510997772217 0.09999999403953604
			vertex 13.363450050354004 1.7038044929504395 0.09999999403953604
		endloop
	endfacet
	facet normal -0.48770454014519216 -0.8730087522595444 0
		outer loop
			vertex 13.382699012756348 1.6930510997772217 0.09999999403953604
			vertex 13.363450050354004 1.7038044929504395 0.8999999761581426
			vertex 13.363450050354004 1.7038044929504395 0.09999999403953604
		endloop
	endfacet
	facet normal -0.6281961590221099 -0.7780550017767818 0
		outer loop
			vertex 13.363450050354004 1.7038044929504395 0.8999999761581426
			vertex 13.346293449401855 1.7176566123962402 0.8999999761581426
			vertex 13.363450050354004 1.7038044929504395 0.09999999403953604
		endloop
	endfacet
	facet normal -1.1868021060118313e-16 2.1245239128083553e-16 1
		outer loop
			vertex 13.489792823791504 1.6930510997772217 0.09999999403953604
			vertex 13.616246223449707 0 0.09999999403953641
			vertex 13.509042739868164 1.7038044929504395 0.09999999403953604
		endloop
	endfacet
	facet normal 0.4876861250945885 -0.8730190395347776 0
		outer loop
			vertex 13.509042739868164 1.7038044929504395 0.8999999761581426
			vertex 13.489792823791504 1.6930510997772217 0.8999999761581426
			vertex 13.509042739868164 1.7038044929504395 0.09999999403953604
		endloop
	endfacet
	facet normal 0.4876861250945885 -0.8730190395347776 0
		outer loop
			vertex 13.489792823791504 1.6930510997772217 0.8999999761581426
			vertex 13.489792823791504 1.6930510997772217 0.09999999403953604
			vertex 13.509042739868164 1.7038044929504395 0.09999999403953604
		endloop
	endfacet
	facet normal 1.1868589085465845e-16 2.124520338789372e-16 1
		outer loop
			vertex 13.616246223449707 0 0.09999999403953641
			vertex 13.742698669433594 1.6930510997772217 0.09999999403953604
			vertex 13.72344970703125 1.7038044929504395 0.09999999403953604
		endloop
	endfacet
	facet normal -0.48770454014519216 -0.8730087522595444 0
		outer loop
			vertex 13.742698669433594 1.6930510997772217 0.09999999403953604
			vertex 13.72344970703125 1.7038044929504395 0.8999999761581426
			vertex 13.72344970703125 1.7038044929504395 0.09999999403953604
		endloop
	endfacet
	facet normal -0.6282172985148535 -0.778037933424007 0
		outer loop
			vertex 13.72344970703125 1.7038044929504395 0.8999999761581426
			vertex 13.706294059753418 1.7176566123962402 0.8999999761581426
			vertex 13.72344970703125 1.7038044929504395 0.09999999403953604
		endloop
	endfacet
	facet normal -1.1868021060118313e-16 2.1245239128083553e-16 1
		outer loop
			vertex 13.84979248046875 1.6930510997772217 0.09999999403953604
			vertex 13.976245880126953 0 0.09999999403953641
			vertex 13.86904239654541 1.7038044929504395 0.09999999403953604
		endloop
	endfacet
	facet normal 0.4876861250945885 -0.8730190395347776 0
		outer loop
			vertex 13.86904239654541 1.7038044929504395 0.8999999761581426
			vertex 13.84979248046875 1.6930510997772217 0.8999999761581426
			vertex 13.86904239654541 1.7038044929504395 0.09999999403953604
		endloop
	endfacet
	facet normal 0.4876861250945885 -0.8730190395347776 0
		outer loop
			vertex 13.84979248046875 1.6930510997772217 0.8999999761581426
			vertex 13.84979248046875 1.6930510997772217 0.09999999403953604
			vertex 13.86904239654541 1.7038044929504395 0.09999999403953604
		endloop
	endfacet
	facet normal 1.1868021060118313e-16 2.1245239128083553e-16 1
		outer loop
			vertex 13.976245880126953 0 0.09999999403953641
			vertex 14.102699279785156 1.6930510997772217 0.09999999403953604
			vertex 14.083449363708496 1.7038044929504395 0.09999999403953604
		endloop
	endfacet
	facet normal -0.4876861250945885 -0.8730190395347776 0
		outer loop
			vertex 14.102699279785156 1.6930510997772217 0.09999999403953604
			vertex 14.083449363708496 1.7038044929504395 0.8999999761581426
			vertex 14.083449363708496 1.7038044929504395 0.09999999403953604
		endloop
	endfacet
	facet normal -0.6282172985148535 -0.778037933424007 0
		outer loop
			vertex 14.083449363708496 1.7038044929504395 0.8999999761581426
			vertex 14.066293716430664 1.7176566123962402 0.8999999761581426
			vertex 14.083449363708496 1.7038044929504395 0.09999999403953604
		endloop
	endfacet
	facet normal -1.168355427280559e-16 2.0913984386165713e-16 1
		outer loop
			vertex 14.209794044494629 1.6930510997772217 0.09999999403953604
			vertex 14.386245727539062 0 0.09999999403953641
			vertex 14.229043006896973 1.7038044929504395 0.09999999403953604
		endloop
	endfacet
	facet normal 0.48770454014519216 -0.8730087522595444 0
		outer loop
			vertex 14.229043006896973 1.7038044929504395 0.8999999761581426
			vertex 14.209794044494629 1.6930510997772217 0.8999999761581426
			vertex 14.229043006896973 1.7038044929504395 0.09999999403953604
		endloop
	endfacet
	facet normal 0.48770454014519216 -0.8730087522595444 0
		outer loop
			vertex 14.209794044494629 1.6930510997772217 0.8999999761581426
			vertex 14.209794044494629 1.6930510997772217 0.09999999403953604
			vertex 14.229043006896973 1.7038044929504395 0.09999999403953604
		endloop
	endfacet
	facet normal 7.641695905155243e-17 2.1628611215214295e-16 1
		outer loop
			vertex 12.191246032714844 0 0.09999999403953641
			vertex 12.323488235473633 1.6857056617736816 0.09999999403953604
			vertex 12.302698135375977 1.6930510997772217 0.09999999403953604
		endloop
	endfacet
	facet normal -0.3331328733816853 -0.9428798909047018 0
		outer loop
			vertex 12.323488235473633 1.6857056617736816 0.09999999403953604
			vertex 12.302698135375977 1.6930510997772217 0.8999999761581426
			vertex 12.302698135375977 1.6930510997772217 0.09999999403953604
		endloop
	endfacet
	facet normal -0.48770454014519216 -0.8730087522595444 0
		outer loop
			vertex 12.302698135375977 1.6930510997772217 0.8999999761581426
			vertex 12.283449172973633 1.7038044929504395 0.8999999761581426
			vertex 12.302698135375977 1.6930510997772217 0.09999999403953604
		endloop
	endfacet
	facet normal -7.618388299691808e-17 2.1562642725603744e-16 1
		outer loop
			vertex 12.389002799987793 1.6857056617736816 0.09999999403953604
			vertex 12.536246299743652 0 0.09999999403953641
			vertex 12.40979290008545 1.6930510997772217 0.09999999403953604
		endloop
	endfacet
	facet normal 0.3331328733816853 -0.9428798909047018 0
		outer loop
			vertex 12.40979290008545 1.6930510997772217 0.8999999761581426
			vertex 12.389002799987793 1.6857056617736816 0.8999999761581426
			vertex 12.40979290008545 1.6930510997772217 0.09999999403953604
		endloop
	endfacet
	facet normal 0.3331328733816853 -0.9428798909047018 0
		outer loop
			vertex 12.389002799987793 1.6857056617736816 0.8999999761581426
			vertex 12.389002799987793 1.6857056617736816 0.09999999403953604
			vertex 12.40979290008545 1.6930510997772217 0.09999999403953604
		endloop
	endfacet
	facet normal 7.618730274643647e-17 2.156262147514776e-16 1
		outer loop
			vertex 12.536246299743652 0 0.09999999403953641
			vertex 12.683487892150879 1.6857056617736816 0.09999999403953604
			vertex 12.662698745727539 1.6930510997772217 0.09999999403953604
		endloop
	endfacet
	facet normal -0.33314645934225756 -0.9428750906815376 0
		outer loop
			vertex 12.683487892150879 1.6857056617736816 0.09999999403953604
			vertex 12.662698745727539 1.6930510997772217 0.8999999761581426
			vertex 12.662698745727539 1.6930510997772217 0.09999999403953604
		endloop
	endfacet
	facet normal -0.4876861250945885 -0.8730190395347776 0
		outer loop
			vertex 12.662698745727539 1.6930510997772217 0.8999999761581426
			vertex 12.643448829650879 1.7038044929504395 0.8999999761581426
			vertex 12.662698745727539 1.6930510997772217 0.09999999403953604
		endloop
	endfacet
	facet normal -7.618728797301143e-17 2.1562617293955353e-16 1
		outer loop
			vertex 12.749003410339355 1.6857056617736816 0.09999999403953604
			vertex 12.896245956420898 0 0.09999999403953641
			vertex 12.769792556762695 1.6930510997772217 0.09999999403953604
		endloop
	endfacet
	facet normal 0.33314645934225756 -0.9428750906815376 0
		outer loop
			vertex 12.769792556762695 1.6930510997772217 0.8999999761581426
			vertex 12.749003410339355 1.6857056617736816 0.8999999761581426
			vertex 12.769792556762695 1.6930510997772217 0.09999999403953604
		endloop
	endfacet
	facet normal 0.33314645934225756 -0.9428750906815376 0
		outer loop
			vertex 12.749003410339355 1.6857056617736816 0.8999999761581426
			vertex 12.749003410339355 1.6857056617736816 0.09999999403953604
			vertex 12.769792556762695 1.6930510997772217 0.09999999403953604
		endloop
	endfacet
	facet normal 7.6180493095947e-17 2.1562672335807597e-16 1
		outer loop
			vertex 12.896245956420898 0 0.09999999403953641
			vertex 13.043489456176758 1.6857056617736816 0.09999999403953604
			vertex 13.022698402404785 1.6930510997772217 0.09999999403953604
		endloop
	endfacet
	facet normal -0.333119288460005 -0.9428846905406302 0
		outer loop
			vertex 13.043489456176758 1.6857056617736816 0.09999999403953604
			vertex 13.022698402404785 1.6930510997772217 0.8999999761581426
			vertex 13.022698402404785 1.6930510997772217 0.09999999403953604
		endloop
	endfacet
	facet normal -0.4876861250945885 -0.8730190395347776 0
		outer loop
			vertex 13.022698402404785 1.6930510997772217 0.8999999761581426
			vertex 13.003448486328125 1.7038044929504395 0.8999999761581426
			vertex 13.022698402404785 1.6930510997772217 0.09999999403953604
		endloop
	endfacet
	facet normal -7.618389776902263e-17 2.1562646906614216e-16 1
		outer loop
			vertex 13.109003067016602 1.6857056617736816 0.09999999403953604
			vertex 13.256245613098145 0 0.09999999403953641
			vertex 13.129793167114258 1.6930510997772217 0.09999999403953604
		endloop
	endfacet
	facet normal 0.3331328733816853 -0.9428798909047018 0
		outer loop
			vertex 13.129793167114258 1.6930510997772217 0.8999999761581426
			vertex 13.109003067016602 1.6857056617736816 0.8999999761581426
			vertex 13.129793167114258 1.6930510997772217 0.09999999403953604
		endloop
	endfacet
	facet normal 0.3331328733816853 -0.9428798909047018 0
		outer loop
			vertex 13.109003067016602 1.6857056617736816 0.8999999761581426
			vertex 13.109003067016602 1.6857056617736816 0.09999999403953604
			vertex 13.129793167114258 1.6930510997772217 0.09999999403953604
		endloop
	endfacet
	facet normal 7.618388299691808e-17 2.1562642725603744e-16 1
		outer loop
			vertex 13.256245613098145 0 0.09999999403953641
			vertex 13.403489112854004 1.6857056617736816 0.09999999403953604
			vertex 13.382699012756348 1.6930510997772217 0.09999999403953604
		endloop
	endfacet
	facet normal -0.3331328733816853 -0.9428798909047018 0
		outer loop
			vertex 13.403489112854004 1.6857056617736816 0.09999999403953604
			vertex 13.382699012756348 1.6930510997772217 0.8999999761581426
			vertex 13.382699012756348 1.6930510997772217 0.09999999403953604
		endloop
	endfacet
	facet normal -0.48770454014519216 -0.8730087522595444 0
		outer loop
			vertex 13.382699012756348 1.6930510997772217 0.8999999761581426
			vertex 13.363450050354004 1.7038044929504395 0.8999999761581426
			vertex 13.382699012756348 1.6930510997772217 0.09999999403953604
		endloop
	endfacet
	facet normal -7.618388299691808e-17 2.1562642725603744e-16 1
		outer loop
			vertex 13.469002723693848 1.6857056617736816 0.09999999403953604
			vertex 13.616246223449707 0 0.09999999403953641
			vertex 13.489792823791504 1.6930510997772217 0.09999999403953604
		endloop
	endfacet
	facet normal 0.3331328733816853 -0.9428798909047018 0
		outer loop
			vertex 13.489792823791504 1.6930510997772217 0.8999999761581426
			vertex 13.469002723693848 1.6857056617736816 0.8999999761581426
			vertex 13.489792823791504 1.6930510997772217 0.09999999403953604
		endloop
	endfacet
	facet normal 0.3331328733816853 -0.9428798909047018 0
		outer loop
			vertex 13.469002723693848 1.6857056617736816 0.8999999761581426
			vertex 13.469002723693848 1.6857056617736816 0.09999999403953604
			vertex 13.489792823791504 1.6930510997772217 0.09999999403953604
		endloop
	endfacet
	facet normal 7.618389776902263e-17 2.1562646906614216e-16 1
		outer loop
			vertex 13.616246223449707 0 0.09999999403953641
			vertex 13.76348876953125 1.6857056617736816 0.09999999403953604
			vertex 13.742698669433594 1.6930510997772217 0.09999999403953604
		endloop
	endfacet
	facet normal -0.3331328733816853 -0.9428798909047018 0
		outer loop
			vertex 13.76348876953125 1.6857056617736816 0.09999999403953604
			vertex 13.742698669433594 1.6930510997772217 0.8999999761581426
			vertex 13.742698669433594 1.6930510997772217 0.09999999403953604
		endloop
	endfacet
	facet normal -0.48770454014519216 -0.8730087522595444 0
		outer loop
			vertex 13.742698669433594 1.6930510997772217 0.8999999761581426
			vertex 13.72344970703125 1.7038044929504395 0.8999999761581426
			vertex 13.742698669433594 1.6930510997772217 0.09999999403953604
		endloop
	endfacet
	facet normal -7.618388299691808e-17 2.1562642725603744e-16 1
		outer loop
			vertex 13.829002380371094 1.6857056617736816 0.09999999403953604
			vertex 13.976245880126953 0 0.09999999403953641
			vertex 13.84979248046875 1.6930510997772217 0.09999999403953604
		endloop
	endfacet
	facet normal 0.3331328733816853 -0.9428798909047018 0
		outer loop
			vertex 13.84979248046875 1.6930510997772217 0.8999999761581426
			vertex 13.829002380371094 1.6857056617736816 0.8999999761581426
			vertex 13.84979248046875 1.6930510997772217 0.09999999403953604
		endloop
	endfacet
	facet normal 0.3331328733816853 -0.9428798909047018 0
		outer loop
			vertex 13.829002380371094 1.6857056617736816 0.8999999761581426
			vertex 13.829002380371094 1.6857056617736816 0.09999999403953604
			vertex 13.84979248046875 1.6930510997772217 0.09999999403953604
		endloop
	endfacet
	facet normal 7.618388299691808e-17 2.1562642725603744e-16 1
		outer loop
			vertex 13.976245880126953 0 0.09999999403953641
			vertex 14.123489379882812 1.6857056617736816 0.09999999403953604
			vertex 14.102699279785156 1.6930510997772217 0.09999999403953604
		endloop
	endfacet
	facet normal -0.3331328733816853 -0.9428798909047018 0
		outer loop
			vertex 14.123489379882812 1.6857056617736816 0.09999999403953604
			vertex 14.102699279785156 1.6930510997772217 0.8999999761581426
			vertex 14.102699279785156 1.6930510997772217 0.09999999403953604
		endloop
	endfacet
	facet normal -0.4876861250945885 -0.8730190395347776 0
		outer loop
			vertex 14.102699279785156 1.6930510997772217 0.8999999761581426
			vertex 14.083449363708496 1.7038044929504395 0.8999999761581426
			vertex 14.102699279785156 1.6930510997772217 0.09999999403953604
		endloop
	endfacet
	facet normal -7.541388314275714e-17 2.1345685564546053e-16 1
		outer loop
			vertex 14.189002990722656 1.6857056617736816 0.09999999403953604
			vertex 14.386245727539062 0 0.09999999403953641
			vertex 14.209794044494629 1.6930510997772217 0.09999999403953604
		endloop
	endfacet
	facet normal 0.333119288460005 -0.9428846905406302 0
		outer loop
			vertex 14.209794044494629 1.6930510997772217 0.8999999761581426
			vertex 14.189002990722656 1.6857056617736816 0.8999999761581426
			vertex 14.209794044494629 1.6930510997772217 0.09999999403953604
		endloop
	endfacet
	facet normal 0.333119288460005 -0.9428846905406302 0
		outer loop
			vertex 14.189002990722656 1.6857056617736816 0.8999999761581426
			vertex 14.189002990722656 1.6857056617736816 0.09999999403953604
			vertex 14.209794044494629 1.6930510997772217 0.09999999403953604
		endloop
	endfacet
	facet normal 3.760901244718179e-17 2.1933056318525364e-16 1
		outer loop
			vertex 12.191246032714844 0 0.09999999403953641
			vertex 12.345220565795898 1.6819791793823242 0.09999999403953604
			vertex 12.323488235473633 1.6857056617736816 0.09999999403953604
		endloop
	endfacet
	facet normal -0.16900523144443674 -0.9856151539746192 0
		outer loop
			vertex 12.345220565795898 1.6819791793823242 0.09999999403953604
			vertex 12.323488235473633 1.6857056617736816 0.8999999761581426
			vertex 12.323488235473633 1.6857056617736816 0.09999999403953604
		endloop
	endfacet
	facet normal -0.3331328733816853 -0.9428798909047018 0
		outer loop
			vertex 12.323488235473633 1.6857056617736816 0.8999999761581426
			vertex 12.302698135375977 1.6930510997772217 0.8999999761581426
			vertex 12.323488235473633 1.6857056617736816 0.09999999403953604
		endloop
	endfacet
	facet normal -3.755246991694634e-17 2.1900081496285943e-16 1
		outer loop
			vertex 12.367270469665527 1.6819791793823242 0.09999999403953604
			vertex 12.536246299743652 0 0.09999999403953641
			vertex 12.389002799987793 1.6857056617736816 0.09999999403953604
		endloop
	endfacet
	facet normal 0.16900523144443674 -0.9856151539746192 0
		outer loop
			vertex 12.389002799987793 1.6857056617736816 0.8999999761581426
			vertex 12.367270469665527 1.6819791793823242 0.8999999761581426
			vertex 12.389002799987793 1.6857056617736816 0.09999999403953604
		endloop
	endfacet
	facet normal 0.16900523144443674 -0.9856151539746192 0
		outer loop
			vertex 12.367270469665527 1.6819791793823242 0.8999999761581426
			vertex 12.367270469665527 1.6819791793823242 0.09999999403953604
			vertex 12.389002799987793 1.6857056617736816 0.09999999403953604
		endloop
	endfacet
	facet normal 3.755247709527225e-17 2.190008568258641e-16 1
		outer loop
			vertex 12.536246299743652 0 0.09999999403953641
			vertex 12.705220222473145 1.6819791793823242 0.09999999403953604
			vertex 12.683487892150879 1.6857056617736816 0.09999999403953604
		endloop
	endfacet
	facet normal -0.16900523144443674 -0.9856151539746192 0
		outer loop
			vertex 12.705220222473145 1.6819791793823242 0.09999999403953604
			vertex 12.683487892150879 1.6857056617736816 0.8999999761581426
			vertex 12.683487892150879 1.6857056617736816 0.09999999403953604
		endloop
	endfacet
	facet normal -0.33314645934225756 -0.9428750906815376 0
		outer loop
			vertex 12.683487892150879 1.6857056617736816 0.8999999761581426
			vertex 12.662698745727539 1.6930510997772217 0.8999999761581426
			vertex 12.683487892150879 1.6857056617736816 0.09999999403953604
		endloop
	endfacet
	facet normal -3.75508499882429e-17 2.1900097770494368e-16 1
		outer loop
			vertex 12.727270126342773 1.6819791793823242 0.09999999403953604
			vertex 12.896245956420898 0 0.09999999403953641
			vertex 12.749003410339355 1.6857056617736816 0.09999999403953604
		endloop
	endfacet
	facet normal 0.16899802716680976 -0.9856163892781644 0
		outer loop
			vertex 12.749003410339355 1.6857056617736816 0.8999999761581426
			vertex 12.727270126342773 1.6819791793823242 0.8999999761581426
			vertex 12.749003410339355 1.6857056617736816 0.09999999403953604
		endloop
	endfacet
	facet normal 0.16899802716680976 -0.9856163892781644 0
		outer loop
			vertex 12.727270126342773 1.6819791793823242 0.8999999761581426
			vertex 12.727270126342773 1.6819791793823242 0.09999999403953604
			vertex 12.749003410339355 1.6857056617736816 0.09999999403953604
		endloop
	endfacet
	facet normal 3.755246991694634e-17 2.1900081496285943e-16 1
		outer loop
			vertex 12.896245956420898 0 0.09999999403953641
			vertex 13.065221786499023 1.6819791793823242 0.09999999403953604
			vertex 13.043489456176758 1.6857056617736816 0.09999999403953604
		endloop
	endfacet
	facet normal -0.16900523144443674 -0.9856151539746192 0
		outer loop
			vertex 13.065221786499023 1.6819791793823242 0.09999999403953604
			vertex 13.043489456176758 1.6857056617736816 0.8999999761581426
			vertex 13.043489456176758 1.6857056617736816 0.09999999403953604
		endloop
	endfacet
	facet normal -0.333119288460005 -0.9428846905406302 0
		outer loop
			vertex 13.043489456176758 1.6857056617736816 0.8999999761581426
			vertex 13.022698402404785 1.6930510997772217 0.8999999761581426
			vertex 13.043489456176758 1.6857056617736816 0.09999999403953604
		endloop
	endfacet
	facet normal -3.7552473506108946e-17 2.1900083589435974e-16 1
		outer loop
			vertex 13.087270736694336 1.6819791793823242 0.09999999403953604
			vertex 13.256245613098145 0 0.09999999403953641
			vertex 13.109003067016602 1.6857056617736816 0.09999999403953604
		endloop
	endfacet
	facet normal 0.16900523144443674 -0.9856151539746192 0
		outer loop
			vertex 13.109003067016602 1.6857056617736816 0.8999999761581426
			vertex 13.087270736694336 1.6819791793823242 0.8999999761581426
			vertex 13.109003067016602 1.6857056617736816 0.09999999403953604
		endloop
	endfacet
	facet normal 0.16900523144443674 -0.9856151539746192 0
		outer loop
			vertex 13.087270736694336 1.6819791793823242 0.8999999761581426
			vertex 13.087270736694336 1.6819791793823242 0.09999999403953604
			vertex 13.109003067016602 1.6857056617736816 0.09999999403953604
		endloop
	endfacet
	facet normal 3.755246991694634e-17 2.1900081496285943e-16 1
		outer loop
			vertex 13.256245613098145 0 0.09999999403953641
			vertex 13.42522144317627 1.6819791793823242 0.09999999403953604
			vertex 13.403489112854004 1.6857056617736816 0.09999999403953604
		endloop
	endfacet
	facet normal -0.16900523144443674 -0.9856151539746192 0
		outer loop
			vertex 13.42522144317627 1.6819791793823242 0.09999999403953604
			vertex 13.403489112854004 1.6857056617736816 0.8999999761581426
			vertex 13.403489112854004 1.6857056617736816 0.09999999403953604
		endloop
	endfacet
	facet normal -0.3331328733816853 -0.9428798909047018 0
		outer loop
			vertex 13.403489112854004 1.6857056617736816 0.8999999761581426
			vertex 13.382699012756348 1.6930510997772217 0.8999999761581426
			vertex 13.403489112854004 1.6857056617736816 0.09999999403953604
		endloop
	endfacet
	facet normal -3.755246991694634e-17 2.1900081496285943e-16 1
		outer loop
			vertex 13.447270393371582 1.6819791793823242 0.09999999403953604
			vertex 13.616246223449707 0 0.09999999403953641
			vertex 13.469002723693848 1.6857056617736816 0.09999999403953604
		endloop
	endfacet
	facet normal 0.16900523144443674 -0.9856151539746192 0
		outer loop
			vertex 13.469002723693848 1.6857056617736816 0.8999999761581426
			vertex 13.447270393371582 1.6819791793823242 0.8999999761581426
			vertex 13.469002723693848 1.6857056617736816 0.09999999403953604
		endloop
	endfacet
	facet normal 0.16900523144443674 -0.9856151539746192 0
		outer loop
			vertex 13.447270393371582 1.6819791793823242 0.8999999761581426
			vertex 13.447270393371582 1.6819791793823242 0.09999999403953604
			vertex 13.469002723693848 1.6857056617736816 0.09999999403953604
		endloop
	endfacet
	facet normal 3.7552473506108946e-17 2.1900083589435974e-16 1
		outer loop
			vertex 13.616246223449707 0 0.09999999403953641
			vertex 13.785221099853516 1.6819791793823242 0.09999999403953604
			vertex 13.76348876953125 1.6857056617736816 0.09999999403953604
		endloop
	endfacet
	facet normal -0.16900523144443674 -0.9856151539746192 0
		outer loop
			vertex 13.785221099853516 1.6819791793823242 0.09999999403953604
			vertex 13.76348876953125 1.6857056617736816 0.8999999761581426
			vertex 13.76348876953125 1.6857056617736816 0.09999999403953604
		endloop
	endfacet
	facet normal -0.3331328733816853 -0.9428798909047018 0
		outer loop
			vertex 13.76348876953125 1.6857056617736816 0.8999999761581426
			vertex 13.742698669433594 1.6930510997772217 0.8999999761581426
			vertex 13.76348876953125 1.6857056617736816 0.09999999403953604
		endloop
	endfacet
	facet normal -3.755246991694634e-17 2.1900081496285943e-16 1
		outer loop
			vertex 13.807270050048828 1.6819791793823242 0.09999999403953604
			vertex 13.976245880126953 0 0.09999999403953641
			vertex 13.829002380371094 1.6857056617736816 0.09999999403953604
		endloop
	endfacet
	facet normal 0.16900523144443674 -0.9856151539746192 0
		outer loop
			vertex 13.829002380371094 1.6857056617736816 0.8999999761581426
			vertex 13.807270050048828 1.6819791793823242 0.8999999761581426
			vertex 13.829002380371094 1.6857056617736816 0.09999999403953604
		endloop
	endfacet
	facet normal 0.16900523144443674 -0.9856151539746192 0
		outer loop
			vertex 13.807270050048828 1.6819791793823242 0.8999999761581426
			vertex 13.807270050048828 1.6819791793823242 0.09999999403953604
			vertex 13.829002380371094 1.6857056617736816 0.09999999403953604
		endloop
	endfacet
	facet normal 3.755246991694634e-17 2.1900081496285943e-16 1
		outer loop
			vertex 13.976245880126953 0 0.09999999403953641
			vertex 14.145221710205078 1.6819791793823242 0.09999999403953604
			vertex 14.123489379882812 1.6857056617736816 0.09999999403953604
		endloop
	endfacet
	facet normal -0.16900523144443674 -0.9856151539746192 0
		outer loop
			vertex 14.145221710205078 1.6819791793823242 0.09999999403953604
			vertex 14.123489379882812 1.6857056617736816 0.8999999761581426
			vertex 14.123489379882812 1.6857056617736816 0.09999999403953604
		endloop
	endfacet
	facet normal -0.3331328733816853 -0.9428798909047018 0
		outer loop
			vertex 14.123489379882812 1.6857056617736816 0.8999999761581426
			vertex 14.102699279785156 1.6930510997772217 0.8999999761581426
			vertex 14.123489379882812 1.6857056617736816 0.09999999403953604
		endloop
	endfacet
	facet normal -3.7366843041976604e-17 2.1790870182918e-16 1
		outer loop
			vertex 14.167271614074707 1.6819791793823242 0.09999999403953604
			vertex 14.386245727539062 0 0.09999999403953641
			vertex 14.189002990722656 1.6857056617736816 0.09999999403953604
		endloop
	endfacet
	facet normal 0.16901243632728633 -0.9856139185130834 0
		outer loop
			vertex 14.189002990722656 1.6857056617736816 0.8999999761581426
			vertex 14.167271614074707 1.6819791793823242 0.8999999761581426
			vertex 14.189002990722656 1.6857056617736816 0.09999999403953604
		endloop
	endfacet
	facet normal 0.16901243632728633 -0.9856139185130834 0
		outer loop
			vertex 14.167271614074707 1.6819791793823242 0.8999999761581426
			vertex 14.167271614074707 1.6819791793823242 0.09999999403953604
			vertex 14.189002990722656 1.6857056617736816 0.09999999403953604
		endloop
	endfacet
	facet normal 9.424629049331937e-18 2.2191066484587886e-16 1
		outer loop
			vertex 12.191246032714844 0 0.09999999403953641
			vertex 12.356245994567871 1.6815109252929688 0.09999999403953604
			vertex 12.345220565795898 1.6819791793823242 0.09999999403953604
		endloop
	endfacet
	facet normal -0.04243212367111054 -0.999099351856841 0
		outer loop
			vertex 12.356245994567871 1.6815109252929688 0.09999999403953604
			vertex 12.356245994567871 1.6815109252929688 0.8999999761581426
			vertex 12.345220565795898 1.6819791793823242 0.09999999403953604
		endloop
	endfacet
	facet normal -0.04243212367111054 -0.999099351856841 0
		outer loop
			vertex 12.356245994567871 1.6815109252929688 0.8999999761581426
			vertex 12.345220565795898 1.6819791793823242 0.8999999761581426
			vertex 12.345220565795898 1.6819791793823242 0.09999999403953604
		endloop
	endfacet
	facet normal -0.16900523144443674 -0.9856151539746192 0
		outer loop
			vertex 12.345220565795898 1.6819791793823242 0.8999999761581426
			vertex 12.323488235473633 1.6857056617736816 0.8999999761581426
			vertex 12.345220565795898 1.6819791793823242 0.09999999403953604
		endloop
	endfacet
	facet normal 0 2.2277342989976373e-16 1
		outer loop
			vertex 12.191246032714844 0 0.09999999403953641
			vertex 12.536246299743652 0 0.09999999403953641
			vertex 12.367270469665527 1.6819791793823242 0.09999999403953604
		endloop
	endfacet
	facet normal -9.504336642285587e-18 2.23768088767457e-16 1
		outer loop
			vertex 12.356245994567871 1.6815109252929688 0.09999999403953604
			vertex 12.191246032714844 0 0.09999999403953641
			vertex 12.367270469665527 1.6819791793823242 0.09999999403953604
		endloop
	endfacet
	facet normal 0.04243578766032923 -0.9990991962391159 0
		outer loop
			vertex 12.367270469665527 1.6819791793823242 0.8999999761581426
			vertex 12.356245994567871 1.6815109252929688 0.09999999403953604
			vertex 12.367270469665527 1.6819791793823242 0.09999999403953604
		endloop
	endfacet
	facet normal 9.421074747582836e-18 2.2182697587944023e-16 1
		outer loop
			vertex 12.536246299743652 0 0.09999999403953641
			vertex 12.716245651245117 1.6815109252929688 0.09999999403953604
			vertex 12.705220222473145 1.6819791793823242 0.09999999403953604
		endloop
	endfacet
	facet normal -0.04243212367111054 -0.999099351856841 0
		outer loop
			vertex 12.716245651245117 1.6815109252929688 0.09999999403953604
			vertex 12.716245651245117 1.6815109252929688 0.8999999761581426
			vertex 12.705220222473145 1.6819791793823242 0.09999999403953604
		endloop
	endfacet
	facet normal -0.04243212367111054 -0.999099351856841 0
		outer loop
			vertex 12.716245651245117 1.6815109252929688 0.8999999761581426
			vertex 12.705220222473145 1.6819791793823242 0.8999999761581426
			vertex 12.705220222473145 1.6819791793823242 0.09999999403953604
		endloop
	endfacet
	facet normal -0.16900523144443674 -0.9856151539746192 0
		outer loop
			vertex 12.705220222473145 1.6819791793823242 0.8999999761581426
			vertex 12.683487892150879 1.6857056617736816 0.8999999761581426
			vertex 12.705220222473145 1.6819791793823242 0.09999999403953604
		endloop
	endfacet
	facet normal -9.421885804857974e-18 2.2182688371518975e-16 1
		outer loop
			vertex 12.716245651245117 1.6815109252929688 0.09999999403953604
			vertex 12.896245956420898 0 0.09999999403953641
			vertex 12.727270126342773 1.6819791793823242 0.09999999403953604
		endloop
	endfacet
	facet normal 0.04243578766032923 -0.9990991962391159 0
		outer loop
			vertex 12.727270126342773 1.6819791793823242 0.8999999761581426
			vertex 12.716245651245117 1.6815109252929688 0.09999999403953604
			vertex 12.727270126342773 1.6819791793823242 0.09999999403953604
		endloop
	endfacet
	facet normal 9.42269745374886e-18 2.2182680217491464e-16 1
		outer loop
			vertex 12.896245956420898 0 0.09999999403953641
			vertex 13.076245307922363 1.6815109252929688 0.09999999403953604
			vertex 13.065221786499023 1.6819791793823242 0.09999999403953604
		endloop
	endfacet
	facet normal -0.04243945228179834 -0.9990990405810732 0
		outer loop
			vertex 13.076245307922363 1.6815109252929688 0.09999999403953604
			vertex 13.076245307922363 1.6815109252929688 0.8999999761581426
			vertex 13.065221786499023 1.6819791793823242 0.09999999403953604
		endloop
	endfacet
	facet normal -0.04243945228179834 -0.9990990405810732 0
		outer loop
			vertex 13.076245307922363 1.6815109252929688 0.8999999761581426
			vertex 13.065221786499023 1.6819791793823242 0.8999999761581426
			vertex 13.065221786499023 1.6819791793823242 0.09999999403953604
		endloop
	endfacet
	facet normal -0.16900523144443674 -0.9856151539746192 0
		outer loop
			vertex 13.065221786499023 1.6819791793823242 0.8999999761581426
			vertex 13.043489456176758 1.6857056617736816 0.8999999761581426
			vertex 13.065221786499023 1.6819791793823242 0.09999999403953604
		endloop
	endfacet
	facet normal -9.421074521682451e-18 2.2182697056042937e-16 1
		outer loop
			vertex 13.076245307922363 1.6815109252929688 0.09999999403953604
			vertex 13.256245613098145 0 0.09999999403953641
			vertex 13.087270736694336 1.6819791793823242 0.09999999403953604
		endloop
	endfacet
	facet normal 0.04243212367111054 -0.999099351856841 0
		outer loop
			vertex 13.087270736694336 1.6819791793823242 0.8999999761581426
			vertex 13.076245307922363 1.6815109252929688 0.09999999403953604
			vertex 13.087270736694336 1.6819791793823242 0.09999999403953604
		endloop
	endfacet
	facet normal 9.421885804857974e-18 2.2182688371518975e-16 1
		outer loop
			vertex 13.256245613098145 0 0.09999999403953641
			vertex 13.436245918273926 1.6815109252929688 0.09999999403953604
			vertex 13.42522144317627 1.6819791793823242 0.09999999403953604
		endloop
	endfacet
	facet normal -0.04243578766032923 -0.9990991962391159 0
		outer loop
			vertex 13.436245918273926 1.6815109252929688 0.09999999403953604
			vertex 13.436245918273926 1.6815109252929688 0.8999999761581426
			vertex 13.42522144317627 1.6819791793823242 0.09999999403953604
		endloop
	endfacet
	facet normal -0.04243578766032923 -0.9990991962391159 0
		outer loop
			vertex 13.436245918273926 1.6815109252929688 0.8999999761581426
			vertex 13.42522144317627 1.6819791793823242 0.8999999761581426
			vertex 13.42522144317627 1.6819791793823242 0.09999999403953604
		endloop
	endfacet
	facet normal -0.16900523144443674 -0.9856151539746192 0
		outer loop
			vertex 13.42522144317627 1.6819791793823242 0.8999999761581426
			vertex 13.403489112854004 1.6857056617736816 0.8999999761581426
			vertex 13.42522144317627 1.6819791793823242 0.09999999403953604
		endloop
	endfacet
	facet normal -9.421885804857974e-18 2.2182688371518975e-16 1
		outer loop
			vertex 13.436245918273926 1.6815109252929688 0.09999999403953604
			vertex 13.616246223449707 0 0.09999999403953641
			vertex 13.447270393371582 1.6819791793823242 0.09999999403953604
		endloop
	endfacet
	facet normal 0.04243578766032923 -0.9990991962391159 0
		outer loop
			vertex 13.447270393371582 1.6819791793823242 0.8999999761581426
			vertex 13.436245918273926 1.6815109252929688 0.09999999403953604
			vertex 13.447270393371582 1.6819791793823242 0.09999999403953604
		endloop
	endfacet
	facet normal 9.421074521682451e-18 2.2182697056042937e-16 1
		outer loop
			vertex 13.616246223449707 0 0.09999999403953641
			vertex 13.796246528625488 1.6815109252929688 0.09999999403953604
			vertex 13.785221099853516 1.6819791793823242 0.09999999403953604
		endloop
	endfacet
	facet normal -0.04243212367111054 -0.999099351856841 0
		outer loop
			vertex 13.796246528625488 1.6815109252929688 0.09999999403953604
			vertex 13.796246528625488 1.6815109252929688 0.8999999761581426
			vertex 13.785221099853516 1.6819791793823242 0.09999999403953604
		endloop
	endfacet
	facet normal -0.04243212367111054 -0.999099351856841 0
		outer loop
			vertex 13.796246528625488 1.6815109252929688 0.8999999761581426
			vertex 13.785221099853516 1.6819791793823242 0.8999999761581426
			vertex 13.785221099853516 1.6819791793823242 0.09999999403953604
		endloop
	endfacet
	facet normal -0.16900523144443674 -0.9856151539746192 0
		outer loop
			vertex 13.785221099853516 1.6819791793823242 0.8999999761581426
			vertex 13.76348876953125 1.6857056617736816 0.8999999761581426
			vertex 13.785221099853516 1.6819791793823242 0.09999999403953604
		endloop
	endfacet
	facet normal -9.42269745374886e-18 2.2182680217491464e-16 1
		outer loop
			vertex 13.796246528625488 1.6815109252929688 0.09999999403953604
			vertex 13.976245880126953 0 0.09999999403953641
			vertex 13.807270050048828 1.6819791793823242 0.09999999403953604
		endloop
	endfacet
	facet normal 0.04243945228179834 -0.9990990405810732 0
		outer loop
			vertex 13.807270050048828 1.6819791793823242 0.8999999761581426
			vertex 13.796246528625488 1.6815109252929688 0.09999999403953604
			vertex 13.807270050048828 1.6819791793823242 0.09999999403953604
		endloop
	endfacet
	facet normal 9.421885804857974e-18 2.2182688371518975e-16 1
		outer loop
			vertex 13.976245880126953 0 0.09999999403953641
			vertex 14.156246185302734 1.6815109252929688 0.09999999403953604
			vertex 14.145221710205078 1.6819791793823242 0.09999999403953604
		endloop
	endfacet
	facet normal -0.04243578766032923 -0.9990991962391159 0
		outer loop
			vertex 14.156246185302734 1.6815109252929688 0.09999999403953604
			vertex 14.156246185302734 1.6815109252929688 0.8999999761581426
			vertex 14.145221710205078 1.6819791793823242 0.09999999403953604
		endloop
	endfacet
	facet normal -0.04243578766032923 -0.9990991962391159 0
		outer loop
			vertex 14.156246185302734 1.6815109252929688 0.8999999761581426
			vertex 14.145221710205078 1.6819791793823242 0.8999999761581426
			vertex 14.145221710205078 1.6819791793823242 0.09999999403953604
		endloop
	endfacet
	facet normal -0.16900523144443674 -0.9856151539746192 0
		outer loop
			vertex 14.145221710205078 1.6819791793823242 0.8999999761581426
			vertex 14.123489379882812 1.6857056617736816 0.8999999761581426
			vertex 14.145221710205078 1.6819791793823242 0.09999999403953604
		endloop
	endfacet
	facet normal 0 2.2277342989976373e-16 1
		outer loop
			vertex 13.976245880126953 0 0.09999999403953641
			vertex 14.386245727539062 0 0.09999999403953641
			vertex 14.167271614074707 1.6819791793823242 0.09999999403953604
		endloop
	endfacet
	facet normal -9.507128116164342e-18 2.238531734235763e-16 1
		outer loop
			vertex 14.156246185302734 1.6815109252929688 0.09999999403953604
			vertex 13.976245880126953 0 0.09999999403953641
			vertex 14.167271614074707 1.6819791793823242 0.09999999403953604
		endloop
	endfacet
	facet normal 0.04243212367111054 -0.999099351856841 0
		outer loop
			vertex 14.167271614074707 1.6819791793823242 0.8999999761581426
			vertex 14.156246185302734 1.6815109252929688 0.09999999403953604
			vertex 14.167271614074707 1.6819791793823242 0.09999999403953604
		endloop
	endfacet
	facet normal 0.04243578766032923 -0.9990991962391159 0
		outer loop
			vertex 12.367270469665527 1.6819791793823242 0.8999999761581426
			vertex 12.356245994567871 1.6815109252929688 0.8999999761581426
			vertex 12.356245994567871 1.6815109252929688 0.09999999403953604
		endloop
	endfacet
	facet normal 0 2.2283546611254194e-16 1
		outer loop
			vertex 12.536246299743652 0 0.09999999403953641
			vertex 12.896245956420898 0 0.09999999403953641
			vertex 12.716245651245117 1.6815109252929688 0.09999999403953604
		endloop
	endfacet
	facet normal 0.04243578766032923 -0.9990991962391159 0
		outer loop
			vertex 12.727270126342773 1.6819791793823242 0.8999999761581426
			vertex 12.716245651245117 1.6815109252929688 0.8999999761581426
			vertex 12.716245651245117 1.6815109252929688 0.09999999403953604
		endloop
	endfacet
	facet normal 0 2.2283546611254194e-16 1
		outer loop
			vertex 12.896245956420898 0 0.09999999403953641
			vertex 13.256245613098145 0 0.09999999403953641
			vertex 13.076245307922363 1.6815109252929688 0.09999999403953604
		endloop
	endfacet
	facet normal 0.04243212367111054 -0.999099351856841 0
		outer loop
			vertex 13.087270736694336 1.6819791793823242 0.8999999761581426
			vertex 13.076245307922363 1.6815109252929688 0.8999999761581426
			vertex 13.076245307922363 1.6815109252929688 0.09999999403953604
		endloop
	endfacet
	facet normal 0 2.2283546611254194e-16 1
		outer loop
			vertex 13.256245613098145 0 0.09999999403953641
			vertex 13.616246223449707 0 0.09999999403953641
			vertex 13.436245918273926 1.6815109252929688 0.09999999403953604
		endloop
	endfacet
	facet normal 0.04243578766032923 -0.9990991962391159 0
		outer loop
			vertex 13.447270393371582 1.6819791793823242 0.8999999761581426
			vertex 13.436245918273926 1.6815109252929688 0.8999999761581426
			vertex 13.436245918273926 1.6815109252929688 0.09999999403953604
		endloop
	endfacet
	facet normal 0 2.2283546611254194e-16 1
		outer loop
			vertex 13.616246223449707 0 0.09999999403953641
			vertex 13.976245880126953 0 0.09999999403953641
			vertex 13.796246528625488 1.6815109252929688 0.09999999403953604
		endloop
	endfacet
	facet normal 0.04243945228179834 -0.9990990405810732 0
		outer loop
			vertex 13.807270050048828 1.6819791793823242 0.8999999761581426
			vertex 13.796246528625488 1.6815109252929688 0.8999999761581426
			vertex 13.796246528625488 1.6815109252929688 0.09999999403953604
		endloop
	endfacet
	facet normal 0.04243212367111054 -0.999099351856841 0
		outer loop
			vertex 14.167271614074707 1.6819791793823242 0.8999999761581426
			vertex 14.156246185302734 1.6815109252929688 0.8999999761581426
			vertex 14.156246185302734 1.6815109252929688 0.09999999403953604
		endloop
	endfacet
	facet normal 0 -1 0
		outer loop
			vertex 8.032934188842773 0 0.09999999403953641
			vertex 7.932933807373047 0 0.2500000000000009
			vertex 7.932933807373047 0 0.09999999403953641
		endloop
	endfacet
	facet normal 0 -1 0
		outer loop
			vertex 8.032934188842773 0 0.2500000000000009
			vertex 7.932933807373047 0 0.2500000000000009
			vertex 8.032934188842773 0 0.09999999403953641
		endloop
	endfacet
	facet normal 0 -1 0
		outer loop
			vertex 8.336560249328613 0 0.09999999403953641
			vertex 8.236560821533203 0 0.2500000000000009
			vertex 8.236560821533203 0 0.09999999403953641
		endloop
	endfacet
	facet normal -1 0 0
		outer loop
			vertex 8.236560821533203 0 0.2500000000000009
			vertex 8.236560821533203 3.9360478222370148 0.25
			vertex 8.236560821533203 0 0.09999999403953641
		endloop
	endfacet
	facet normal 0 -1 0
		outer loop
			vertex 8.336560249328613 0 0.2500000000000009
			vertex 8.236560821533203 0 0.2500000000000009
			vertex 8.336560249328613 0 0.09999999403953641
		endloop
	endfacet
	facet normal 1 0 0
		outer loop
			vertex 8.336560249328613 3.9360478222370148 0.25
			vertex 8.336560249328613 0 0.2500000000000009
			vertex 8.336560249328613 0 0.09999999403953641
		endloop
	endfacet
	facet normal 0 -1 0
		outer loop
			vertex 12.156246185302734 0 0.09999999403953641
			vertex 10.256245613098145 0 0.19999998807907193
			vertex 10.036245346069336 0 0.09999999403953641
		endloop
	endfacet
	facet normal 0 -1 0
		outer loop
			vertex 10.256245613098145 0 0.19999998807907193
			vertex 10.036245346069336 0 0.19999998807907193
			vertex 10.036245346069336 0 0.09999999403953641
		endloop
	endfacet
	facet normal 0 -1 0
		outer loop
			vertex 12.156246185302734 0 0.899999976158143
			vertex 11.356245040893555 0 0.899999976158143
			vertex 12.156246185302734 0 0.09999999403953641
		endloop
	endfacet
	facet normal 0 -1 0
		outer loop
			vertex 11.356245040893555 0 0.899999976158143
			vertex 11.356245040893555 0 0.6999999880790719
			vertex 12.156246185302734 0 0.09999999403953641
		endloop
	endfacet
	facet normal 0 -1 0
		outer loop
			vertex 11.356245040893555 0 0.6999999880790719
			vertex 11.136245727539062 0 0.6999999880790719
			vertex 12.156246185302734 0 0.09999999403953641
		endloop
	endfacet
	facet normal 0 -1 0
		outer loop
			vertex 11.136245727539062 0 0.6999999880790719
			vertex 11.136245727539062 0 0.6000000238418588
			vertex 12.156246185302734 0 0.09999999403953641
		endloop
	endfacet
	facet normal 0 -1 0
		outer loop
			vertex 11.136245727539062 0 0.6000000238418588
			vertex 10.916245460510254 0 0.6000000238418588
			vertex 12.156246185302734 0 0.09999999403953641
		endloop
	endfacet
	facet normal 0 -1 0
		outer loop
			vertex 10.916245460510254 0 0.6000000238418588
			vertex 10.916245460510254 0 0.5000000000000009
			vertex 12.156246185302734 0 0.09999999403953641
		endloop
	endfacet
	facet normal 0 -1 0
		outer loop
			vertex 10.476244926452637 0 0.30000001192092984
			vertex 10.256245613098145 0 0.19999998807907193
			vertex 12.156246185302734 0 0.09999999403953641
		endloop
	endfacet
	facet normal 0 -1 0
		outer loop
			vertex 10.696246147155762 0 0.399999976158143
			vertex 10.476244926452637 0 0.30000001192092984
			vertex 12.156246185302734 0 0.09999999403953641
		endloop
	endfacet
	facet normal 0 -1 0
		outer loop
			vertex 10.916245460510254 0 0.5000000000000009
			vertex 10.696246147155762 0 0.399999976158143
			vertex 12.156246185302734 0 0.09999999403953641
		endloop
	endfacet
	facet normal 1 0 0
		outer loop
			vertex 12.156246185302734 4 0.8999999761581421
			vertex 12.156246185302734 0 0.899999976158143
			vertex 12.156246185302734 0 0.09999999403953641
		endloop
	endfacet
	facet normal 0 2.220446049250313e-16 1
		outer loop
			vertex 10.036245346069336 0 0.19999998807907193
			vertex 10.256245613098145 4 0.19999998807907104
			vertex 10.036245346069336 4 0.19999998807907104
		endloop
	endfacet
	facet normal 0 1 0
		outer loop
			vertex 10.256245613098145 4 0.30000001192092896
			vertex 10.476244926452637 4 0.30000001192092896
			vertex 10.256245613098145 4 0.19999998807907104
		endloop
	endfacet
	facet normal 0 2.220446049250313e-16 1
		outer loop
			vertex 10.036245346069336 0 0.19999998807907193
			vertex 10.256245613098145 0 0.19999998807907193
			vertex 10.256245613098145 4 0.19999998807907104
		endloop
	endfacet
	facet normal -1 0 0
		outer loop
			vertex 10.256245613098145 0 0.19999998807907193
			vertex 10.256245613098145 0 0.30000001192092984
			vertex 10.256245613098145 4 0.19999998807907104
		endloop
	endfacet
	facet normal -1 0 0
		outer loop
			vertex 10.256245613098145 0 0.30000001192092984
			vertex 10.256245613098145 4 0.30000001192092896
			vertex 10.256245613098145 4 0.19999998807907104
		endloop
	endfacet
	facet normal 0 -1 0
		outer loop
			vertex 10.476244926452637 0 0.30000001192092984
			vertex 10.256245613098145 0 0.30000001192092984
			vertex 10.256245613098145 0 0.19999998807907193
		endloop
	endfacet
	facet normal 0 2.220446049250313e-16 1
		outer loop
			vertex 7.932933807373047 0 0.2500000000000009
			vertex 8.032934188842773 0 0.2500000000000009
			vertex 7.932933807373047 4 0.25
		endloop
	endfacet
	facet normal 0 2.220446049250313e-16 1
		outer loop
			vertex 8.032934188842773 0 0.2500000000000009
			vertex 8.032934188842773 4 0.25
			vertex 7.932933807373047 4 0.25
		endloop
	endfacet
	facet normal 0 2.256523446392828e-16 1
		outer loop
			vertex 8.236560821533203 0 0.2500000000000009
			vertex 8.336560249328613 0 0.2500000000000009
			vertex 8.236560821533203 3.9360478222370148 0.25
		endloop
	endfacet
	facet normal 0 2.256523446392828e-16 1
		outer loop
			vertex 8.336560249328613 0 0.2500000000000009
			vertex 8.336560249328613 3.9360478222370148 0.25
			vertex 8.236560821533203 3.9360478222370148 0.25
		endloop
	endfacet
	facet normal 0 2.220446049250313e-16 1
		outer loop
			vertex 10.256245613098145 0 0.30000001192092984
			vertex 10.476244926452637 4 0.30000001192092896
			vertex 10.256245613098145 4 0.30000001192092896
		endloop
	endfacet
	facet normal 0 1 0
		outer loop
			vertex 10.476244926452637 4 0.3999999761581421
			vertex 10.696246147155762 4 0.3999999761581421
			vertex 10.476244926452637 4 0.30000001192092896
		endloop
	endfacet
	facet normal 0 2.220446049250313e-16 1
		outer loop
			vertex 10.256245613098145 0 0.30000001192092984
			vertex 10.476244926452637 0 0.30000001192092984
			vertex 10.476244926452637 4 0.30000001192092896
		endloop
	endfacet
	facet normal -1 0 0
		outer loop
			vertex 10.476244926452637 0 0.30000001192092984
			vertex 10.476244926452637 0 0.399999976158143
			vertex 10.476244926452637 4 0.30000001192092896
		endloop
	endfacet
	facet normal -1 0 0
		outer loop
			vertex 10.476244926452637 0 0.399999976158143
			vertex 10.476244926452637 4 0.3999999761581421
			vertex 10.476244926452637 4 0.30000001192092896
		endloop
	endfacet
	facet normal 0 -1 0
		outer loop
			vertex 10.696246147155762 0 0.399999976158143
			vertex 10.476244926452637 0 0.399999976158143
			vertex 10.476244926452637 0 0.30000001192092984
		endloop
	endfacet
	facet normal 0 2.220446049250313e-16 1
		outer loop
			vertex 10.476244926452637 0 0.399999976158143
			vertex 10.696246147155762 4 0.3999999761581421
			vertex 10.476244926452637 4 0.3999999761581421
		endloop
	endfacet
	facet normal 0 1 0
		outer loop
			vertex 10.696246147155762 4 0.5
			vertex 10.916245460510254 4 0.5
			vertex 10.696246147155762 4 0.3999999761581421
		endloop
	endfacet
	facet normal 0 2.220446049250313e-16 1
		outer loop
			vertex 10.476244926452637 0 0.399999976158143
			vertex 10.696246147155762 0 0.399999976158143
			vertex 10.696246147155762 4 0.3999999761581421
		endloop
	endfacet
	facet normal -1 0 0
		outer loop
			vertex 10.696246147155762 0 0.399999976158143
			vertex 10.696246147155762 0 0.5000000000000009
			vertex 10.696246147155762 4 0.3999999761581421
		endloop
	endfacet
	facet normal -1 0 0
		outer loop
			vertex 10.696246147155762 0 0.5000000000000009
			vertex 10.696246147155762 4 0.5
			vertex 10.696246147155762 4 0.3999999761581421
		endloop
	endfacet
	facet normal 0 -1 0
		outer loop
			vertex 10.916245460510254 0 0.5000000000000009
			vertex 10.696246147155762 0 0.5000000000000009
			vertex 10.696246147155762 0 0.399999976158143
		endloop
	endfacet
	facet normal 0 2.220446049250313e-16 1
		outer loop
			vertex 10.696246147155762 0 0.5000000000000009
			vertex 10.916245460510254 4 0.5
			vertex 10.696246147155762 4 0.5
		endloop
	endfacet
	facet normal 0 2.220446049250313e-16 1
		outer loop
			vertex 10.696246147155762 0 0.5000000000000009
			vertex 10.916245460510254 0 0.5000000000000009
			vertex 10.916245460510254 4 0.5
		endloop
	endfacet
	facet normal -1 0 0
		outer loop
			vertex 10.916245460510254 0 0.5000000000000009
			vertex 10.916245460510254 0 0.6000000238418588
			vertex 10.916245460510254 4 0.5
		endloop
	endfacet
	facet normal -1 0 0
		outer loop
			vertex 10.916245460510254 0 0.6000000238418588
			vertex 10.916245460510254 4 0.6000000238418579
			vertex 10.916245460510254 4 0.5
		endloop
	endfacet
	facet normal 0 2.220446049250313e-16 1
		outer loop
			vertex 10.916245460510254 0 0.6000000238418588
			vertex 11.136245727539062 4 0.6000000238418579
			vertex 10.916245460510254 4 0.6000000238418579
		endloop
	endfacet
	facet normal -1 0 0
		outer loop
			vertex 11.136245727539062 0 0.6000000238418588
			vertex 11.136245727539062 0 0.6999999880790719
			vertex 11.136245727539062 4 0.6000000238418579
		endloop
	endfacet
	facet normal -1 0 0
		outer loop
			vertex 11.136245727539062 0 0.6999999880790719
			vertex 11.136245727539062 4 0.699999988079071
			vertex 11.136245727539062 4 0.6000000238418579
		endloop
	endfacet
	facet normal 0 2.220446049250313e-16 1
		outer loop
			vertex 10.916245460510254 0 0.6000000238418588
			vertex 11.136245727539062 0 0.6000000238418588
			vertex 11.136245727539062 4 0.6000000238418579
		endloop
	endfacet
	facet normal 0 2.220446049250313e-16 1
		outer loop
			vertex 11.136245727539062 0 0.6999999880790719
			vertex 11.356245040893555 4 0.699999988079071
			vertex 11.136245727539062 4 0.699999988079071
		endloop
	endfacet
	facet normal 0 1 0
		outer loop
			vertex 11.356245040893555 4 0.8999999761581421
			vertex 12.156246185302734 4 0.8999999761581421
			vertex 11.356245040893555 4 0.699999988079071
		endloop
	endfacet
	facet normal 0 2.220446049250313e-16 1
		outer loop
			vertex 11.136245727539062 0 0.6999999880790719
			vertex 11.356245040893555 0 0.6999999880790719
			vertex 11.356245040893555 4 0.699999988079071
		endloop
	endfacet
	facet normal -1 0 0
		outer loop
			vertex 11.356245040893555 0 0.6999999880790719
			vertex 11.356245040893555 4 0.8999999761581421
			vertex 11.356245040893555 4 0.699999988079071
		endloop
	endfacet
	facet normal -1 0 0
		outer loop
			vertex 11.356245040893555 0 0.899999976158143
			vertex 11.356245040893555 4 0.8999999761581421
			vertex 11.356245040893555 0 0.6999999880790719
		endloop
	endfacet
	facet normal 0 2.220446049250313e-16 1
		outer loop
			vertex 12.156246185302734 0 0.899999976158143
			vertex 12.156246185302734 4 0.8999999761581421
			vertex 11.356245040893555 4 0.8999999761581421
		endloop
	endfacet
	facet normal 0 2.220446049250313e-16 1
		outer loop
			vertex 11.356245040893555 0 0.899999976158143
			vertex 12.156246185302734 0 0.899999976158143
			vertex 11.356245040893555 4 0.8999999761581421
		endloop
	endfacet
	facet normal 0 2.220446049250313e-16 1
		outer loop
			vertex 15 0 0.899999976158143
			vertex 15 4 0.8999999761581421
			vertex 14.386245727539062 4 0.8999999761581421
		endloop
	endfacet
	facet normal 0 2.220446049250313e-16 1
		outer loop
			vertex 14.386245727539062 0 0.899999976158143
			vertex 15 0 0.899999976158143
			vertex 14.386245727539062 4 0.8999999761581421
		endloop
	endfacet
	facet normal -7.26880795569965e-17 8.540177425753046e-16 1
		outer loop
			vertex 12.33427619934082 2.328130006790161 0.8999999761581424
			vertex 12.356245994567871 2.1999999284744263 0.8999999761581425
			vertex 12.356245994567871 2.3299999237060547 0.8999999761581424
		endloop
	endfacet
	facet normal 7.26880795569965e-17 8.540177425753046e-16 1
		outer loop
			vertex 12.356245994567871 2.1999999284744263 0.8999999761581425
			vertex 12.378215789794922 2.328130006790161 0.8999999761581424
			vertex 12.356245994567871 2.3299999237060547 0.8999999761581424
		endloop
	endfacet
	facet normal -7.26880795569965e-17 8.540177425753046e-16 1
		outer loop
			vertex 12.694275856018066 2.328130006790161 0.8999999761581424
			vertex 12.716245651245117 2.1999999284744263 0.8999999761581425
			vertex 12.716245651245117 2.3299999237060547 0.8999999761581424
		endloop
	endfacet
	facet normal 7.26880795569965e-17 8.540177425753046e-16 1
		outer loop
			vertex 12.716245651245117 2.1999999284744263 0.8999999761581425
			vertex 12.738215446472168 2.328130006790161 0.8999999761581424
			vertex 12.716245651245117 2.3299999237060547 0.8999999761581424
		endloop
	endfacet
	facet normal -7.26880795569965e-17 8.540177425753046e-16 1
		outer loop
			vertex 13.054275512695312 2.328130006790161 0.8999999761581424
			vertex 13.076245307922363 2.1999999284744263 0.8999999761581425
			vertex 13.076245307922363 2.3299999237060547 0.8999999761581424
		endloop
	endfacet
	facet normal 7.268492441854885e-17 8.540177425753047e-16 1
		outer loop
			vertex 13.076245307922363 2.1999999284744263 0.8999999761581425
			vertex 13.09821605682373 2.328130006790161 0.8999999761581424
			vertex 13.076245307922363 2.3299999237060547 0.8999999761581424
		endloop
	endfacet
	facet normal -7.268492441854885e-17 8.540177425753047e-16 1
		outer loop
			vertex 13.414275169372559 2.328130006790161 0.8999999761581424
			vertex 13.436245918273926 2.1999999284744263 0.8999999761581425
			vertex 13.436245918273926 2.3299999237060547 0.8999999761581424
		endloop
	endfacet
	facet normal 7.268492441854885e-17 8.540177425753047e-16 1
		outer loop
			vertex 13.436245918273926 2.1999999284744263 0.8999999761581425
			vertex 13.458216667175293 2.328130006790161 0.8999999761581424
			vertex 13.436245918273926 2.3299999237060547 0.8999999761581424
		endloop
	endfacet
	facet normal -7.268492441854885e-17 8.540177425753047e-16 1
		outer loop
			vertex 13.774275779724121 2.328130006790161 0.8999999761581424
			vertex 13.796246528625488 2.1999999284744263 0.8999999761581425
			vertex 13.796246528625488 2.3299999237060547 0.8999999761581424
		endloop
	endfacet
	facet normal 7.26880795569965e-17 8.540177425753046e-16 1
		outer loop
			vertex 13.796246528625488 2.1999999284744263 0.8999999761581425
			vertex 13.818216323852539 2.328130006790161 0.8999999761581424
			vertex 13.796246528625488 2.3299999237060547 0.8999999761581424
		endloop
	endfacet
	facet normal -7.26880795569965e-17 8.540177425753046e-16 1
		outer loop
			vertex 14.134276390075684 2.328130006790161 0.8999999761581424
			vertex 14.156246185302734 2.1999999284744263 0.8999999761581425
			vertex 14.156246185302734 2.3299999237060547 0.8999999761581424
		endloop
	endfacet
	facet normal 7.26880795569965e-17 8.540177425753046e-16 1
		outer loop
			vertex 14.156246185302734 2.1999999284744263 0.8999999761581425
			vertex 14.178215980529785 2.328130006790161 0.8999999761581424
			vertex 14.156246185302734 2.3299999237060547 0.8999999761581424
		endloop
	endfacet
	facet normal -2.159675579604059e-16 8.294503588498006e-16 1
		outer loop
			vertex 12.31293773651123 2.322574019432068 0.8999999761581424
			vertex 12.356245994567871 2.1999999284744263 0.8999999761581425
			vertex 12.33427619934082 2.328130006790161 0.8999999761581424
		endloop
	endfacet
	facet normal 2.159675579604059e-16 8.294503588498006e-16 1
		outer loop
			vertex 12.356245994567871 2.1999999284744263 0.8999999761581425
			vertex 12.399554252624512 2.322574019432068 0.8999999761581424
			vertex 12.378215789794922 2.328130006790161 0.8999999761581424
		endloop
	endfacet
	facet normal -2.159675579604059e-16 8.294503588498006e-16 1
		outer loop
			vertex 12.672937393188477 2.322574019432068 0.8999999761581424
			vertex 12.716245651245117 2.1999999284744263 0.8999999761581425
			vertex 12.694275856018066 2.328130006790161 0.8999999761581424
		endloop
	endfacet
	facet normal 2.159675579604059e-16 8.294503588498006e-16 1
		outer loop
			vertex 12.716245651245117 2.1999999284744263 0.8999999761581425
			vertex 12.759553909301758 2.322574019432068 0.8999999761581424
			vertex 12.738215446472168 2.328130006790161 0.8999999761581424
		endloop
	endfacet
	facet normal -2.159675579604059e-16 8.294503588498006e-16 1
		outer loop
			vertex 13.032937049865723 2.322574019432068 0.8999999761581424
			vertex 13.076245307922363 2.1999999284744263 0.8999999761581425
			vertex 13.054275512695312 2.328130006790161 0.8999999761581424
		endloop
	endfacet
	facet normal 2.1597639734640638e-16 8.29447235690518e-16 1
		outer loop
			vertex 13.076245307922363 2.1999999284744263 0.8999999761581425
			vertex 13.119553565979004 2.322574019432068 0.8999999761581424
			vertex 13.09821605682373 2.328130006790161 0.8999999761581424
		endloop
	endfacet
	facet normal -2.1597639734640638e-16 8.29447235690518e-16 1
		outer loop
			vertex 13.392937660217285 2.322574019432068 0.8999999761581424
			vertex 13.436245918273926 2.1999999284744263 0.8999999761581425
			vertex 13.414275169372559 2.328130006790161 0.8999999761581424
		endloop
	endfacet
	facet normal 2.1597639734640638e-16 8.29447235690518e-16 1
		outer loop
			vertex 13.436245918273926 2.1999999284744263 0.8999999761581425
			vertex 13.479554176330566 2.322574019432068 0.8999999761581424
			vertex 13.458216667175293 2.328130006790161 0.8999999761581424
		endloop
	endfacet
	facet normal -2.1597639734640638e-16 8.29447235690518e-16 1
		outer loop
			vertex 13.752938270568848 2.322574019432068 0.8999999761581424
			vertex 13.796246528625488 2.1999999284744263 0.8999999761581425
			vertex 13.774275779724121 2.328130006790161 0.8999999761581424
		endloop
	endfacet
	facet normal 2.159767980315569e-16 8.294487745030668e-16 1
		outer loop
			vertex 13.796246528625488 2.1999999284744263 0.8999999761581425
			vertex 13.839553833007812 2.322574019432068 0.8999999761581424
			vertex 13.818216323852539 2.328130006790161 0.8999999761581424
		endloop
	endfacet
	facet normal -2.159675579604059e-16 8.294503588498006e-16 1
		outer loop
			vertex 14.112937927246094 2.322574019432068 0.8999999761581424
			vertex 14.156246185302734 2.1999999284744263 0.8999999761581425
			vertex 14.134276390075684 2.328130006790161 0.8999999761581424
		endloop
	endfacet
	facet normal 2.159675579604059e-16 8.294503588498006e-16 1
		outer loop
			vertex 14.156246185302734 2.1999999284744263 0.8999999761581425
			vertex 14.199554443359375 2.322574019432068 0.8999999761581424
			vertex 14.178215980529785 2.328130006790161 0.8999999761581424
		endloop
	endfacet
	facet normal -3.530334285135993e-16 7.810218202712263e-16 1
		outer loop
			vertex 12.292844772338867 2.313491702079773 0.8999999761581424
			vertex 12.356245994567871 2.1999999284744263 0.8999999761581425
			vertex 12.31293773651123 2.322574019432068 0.8999999761581424
		endloop
	endfacet
	facet normal 3.530478776303621e-16 7.810167150644688e-16 1
		outer loop
			vertex 12.356245994567871 2.1999999284744263 0.8999999761581425
			vertex 12.419646263122559 2.313491702079773 0.8999999761581424
			vertex 12.399554252624512 2.322574019432068 0.8999999761581424
		endloop
	endfacet
	facet normal -3.530478776303621e-16 7.810167150644688e-16 1
		outer loop
			vertex 12.65284538269043 2.313491702079773 0.8999999761581424
			vertex 12.716245651245117 2.1999999284744263 0.8999999761581425
			vertex 12.672937393188477 2.322574019432068 0.8999999761581424
		endloop
	endfacet
	facet normal 3.530478776303621e-16 7.810167150644688e-16 1
		outer loop
			vertex 12.716245651245117 2.1999999284744263 0.8999999761581425
			vertex 12.779645919799805 2.313491702079773 0.8999999761581424
			vertex 12.759553909301758 2.322574019432068 0.8999999761581424
		endloop
	endfacet
	facet normal -3.5306232792993367e-16 7.810116094397976e-16 1
		outer loop
			vertex 13.012845993041992 2.313491702079773 0.8999999761581424
			vertex 13.076245307922363 2.1999999284744263 0.8999999761581425
			vertex 13.032937049865723 2.322574019432068 0.8999999761581424
		endloop
	endfacet
	facet normal 3.530334285135993e-16 7.810218202712263e-16 1
		outer loop
			vertex 13.076245307922363 2.1999999284744263 0.8999999761581425
			vertex 13.139646530151367 2.313491702079773 0.8999999761581424
			vertex 13.119553565979004 2.322574019432068 0.8999999761581424
		endloop
	endfacet
	facet normal -3.530478776303621e-16 7.810167150644688e-16 1
		outer loop
			vertex 13.372845649719238 2.313491702079773 0.8999999761581424
			vertex 13.436245918273926 2.1999999284744263 0.8999999761581425
			vertex 13.392937660217285 2.322574019432068 0.8999999761581424
		endloop
	endfacet
	facet normal 3.530478776303621e-16 7.810167150644688e-16 1
		outer loop
			vertex 13.436245918273926 2.1999999284744263 0.8999999761581425
			vertex 13.499646186828613 2.313491702079773 0.8999999761581424
			vertex 13.479554176330566 2.322574019432068 0.8999999761581424
		endloop
	endfacet
	facet normal -3.530334285135993e-16 7.810218202712263e-16 1
		outer loop
			vertex 13.732845306396484 2.313491702079773 0.8999999761581424
			vertex 13.796246528625488 2.1999999284744263 0.8999999761581425
			vertex 13.752938270568848 2.322574019432068 0.8999999761581424
		endloop
	endfacet
	facet normal 3.53048948307142e-16 7.810190836283789e-16 1
		outer loop
			vertex 13.796246528625488 2.1999999284744263 0.8999999761581425
			vertex 13.85964584350586 2.313491702079773 0.8999999761581424
			vertex 13.839553833007812 2.322574019432068 0.8999999761581424
		endloop
	endfacet
	facet normal -3.530478776303621e-16 7.810167150644688e-16 1
		outer loop
			vertex 14.092845916748047 2.313491702079773 0.8999999761581424
			vertex 14.156246185302734 2.1999999284744263 0.8999999761581425
			vertex 14.112937927246094 2.322574019432068 0.8999999761581424
		endloop
	endfacet
	facet normal 3.530478776303621e-16 7.810167150644688e-16 1
		outer loop
			vertex 14.156246185302734 2.1999999284744263 0.8999999761581425
			vertex 14.219646453857422 2.313491702079773 0.8999999761581424
			vertex 14.199554443359375 2.322574019432068 0.8999999761581424
		endloop
	endfacet
	facet normal -4.799653442009501e-16 7.101123760111377e-16 1
		outer loop
			vertex 12.274577140808105 2.301144599914551 0.8999999761581424
			vertex 12.356245994567871 2.1999999284744263 0.8999999761581425
			vertex 12.292844772338867 2.313491702079773 0.8999999761581424
		endloop
	endfacet
	facet normal 4.799673230442656e-16 7.101153037248685e-16 1
		outer loop
			vertex 12.356245994567871 2.1999999284744263 0.8999999761581425
			vertex 12.43791389465332 2.301144599914551 0.8999999761581424
			vertex 12.419646263122559 2.313491702079773 0.8999999761581424
		endloop
	endfacet
	facet normal -4.799491345778674e-16 7.101254644053973e-16 1
		outer loop
			vertex 12.634576797485352 2.301144599914551 0.8999999761581424
			vertex 12.716245651245117 2.1999999284744263 0.8999999761581425
			vertex 12.65284538269043 2.313491702079773 0.8999999761581424
		endloop
	endfacet
	facet normal 4.799491345778674e-16 7.101254644053973e-16 1
		outer loop
			vertex 12.716245651245117 2.1999999284744263 0.8999999761581425
			vertex 12.797914505004883 2.301144599914551 0.8999999761581424
			vertex 12.779645919799805 2.313491702079773 0.8999999761581424
		endloop
	endfacet
	facet normal -4.799511132875238e-16 7.101283920742115e-16 1
		outer loop
			vertex 12.994577407836914 2.301144599914551 0.8999999761581424
			vertex 13.076245307922363 2.1999999284744263 0.8999999761581425
			vertex 13.012845993041992 2.313491702079773 0.8999999761581424
		endloop
	endfacet
	facet normal 4.799653442009501e-16 7.101123760111377e-16 1
		outer loop
			vertex 13.076245307922363 2.1999999284744263 0.8999999761581425
			vertex 13.157914161682129 2.301144599914551 0.8999999761581424
			vertex 13.139646530151367 2.313491702079773 0.8999999761581424
		endloop
	endfacet
	facet normal -4.799491345778674e-16 7.101254644053973e-16 1
		outer loop
			vertex 13.35457706451416 2.301144599914551 0.8999999761581424
			vertex 13.436245918273926 2.1999999284744263 0.8999999761581425
			vertex 13.372845649719238 2.313491702079773 0.8999999761581424
		endloop
	endfacet
	facet normal 4.799673230442656e-16 7.101153037248685e-16 1
		outer loop
			vertex 13.436245918273926 2.1999999284744263 0.8999999761581425
			vertex 13.517913818359375 2.301144599914551 0.8999999761581424
			vertex 13.499646186828613 2.313491702079773 0.8999999761581424
		endloop
	endfacet
	facet normal -4.799653442009501e-16 7.101123760111377e-16 1
		outer loop
			vertex 13.714577674865723 2.301144599914551 0.8999999761581424
			vertex 13.796246528625488 2.1999999284744263 0.8999999761581425
			vertex 13.732845306396484 2.313491702079773 0.8999999761581424
		endloop
	endfacet
	facet normal 4.799329260496261e-16 7.101385519156313e-16 1
		outer loop
			vertex 13.796246528625488 2.1999999284744263 0.8999999761581425
			vertex 13.877915382385254 2.301144599914551 0.8999999761581424
			vertex 13.85964584350586 2.313491702079773 0.8999999761581424
		endloop
	endfacet
	facet normal -4.799491345778674e-16 7.101254644053973e-16 1
		outer loop
			vertex 14.074577331542969 2.301144599914551 0.8999999761581424
			vertex 14.156246185302734 2.1999999284744263 0.8999999761581425
			vertex 14.092845916748047 2.313491702079773 0.8999999761581424
		endloop
	endfacet
	facet normal 4.799491345778674e-16 7.101254644053973e-16 1
		outer loop
			vertex 14.156246185302734 2.1999999284744263 0.8999999761581425
			vertex 14.2379150390625 2.301144599914551 0.8999999761581424
			vertex 14.219646453857422 2.313491702079773 0.8999999761581424
		endloop
	endfacet
	facet normal -5.930665902770296e-16 6.18789234669949e-16 1
		outer loop
			vertex 12.258658409118652 2.285887598991394 0.8999999761581424
			vertex 12.356245994567871 2.1999999284744263 0.8999999761581425
			vertex 12.274577140808105 2.301144599914551 0.8999999761581424
		endloop
	endfacet
	facet normal 5.930495825619416e-16 6.18808559234691e-16 1
		outer loop
			vertex 12.356245994567871 2.1999999284744263 0.8999999761581425
			vertex 12.45383358001709 2.285887598991394 0.8999999761581424
			vertex 12.43791389465332 2.301144599914551 0.8999999761581424
		endloop
	endfacet
	facet normal -5.930665902770296e-16 6.18789234669949e-16 1
		outer loop
			vertex 12.618658065795898 2.285887598991394 0.8999999761581424
			vertex 12.716245651245117 2.1999999284744263 0.8999999761581425
			vertex 12.634576797485352 2.301144599914551 0.8999999761581424
		endloop
	endfacet
	facet normal 5.930665902770296e-16 6.18789234669949e-16 1
		outer loop
			vertex 12.716245651245117 2.1999999284744263 0.8999999761581425
			vertex 12.813833236694336 2.285887598991394 0.8999999761581424
			vertex 12.797914505004883 2.301144599914551 0.8999999761581424
		endloop
	endfacet
	facet normal -5.930696116127681e-16 6.187923870478776e-16 1
		outer loop
			vertex 12.978658676147461 2.285887598991394 0.8999999761581424
			vertex 13.076245307922363 2.1999999284744263 0.8999999761581425
			vertex 12.994577407836914 2.301144599914551 0.8999999761581424
		endloop
	endfacet
	facet normal 5.930665902770296e-16 6.18789234669949e-16 1
		outer loop
			vertex 13.076245307922363 2.1999999284744263 0.8999999761581425
			vertex 13.173832893371582 2.285887598991394 0.8999999761581424
			vertex 13.157914161682129 2.301144599914551 0.8999999761581424
		endloop
	endfacet
	facet normal -5.930665902770296e-16 6.18789234669949e-16 1
		outer loop
			vertex 13.338658332824707 2.285887598991394 0.8999999761581424
			vertex 13.436245918273926 2.1999999284744263 0.8999999761581425
			vertex 13.35457706451416 2.301144599914551 0.8999999761581424
		endloop
	endfacet
	facet normal 5.930495825619416e-16 6.18808559234691e-16 1
		outer loop
			vertex 13.436245918273926 2.1999999284744263 0.8999999761581425
			vertex 13.533833503723145 2.285887598991394 0.8999999761581424
			vertex 13.517913818359375 2.301144599914551 0.8999999761581424
		endloop
	endfacet
	facet normal -5.930665902770296e-16 6.18789234669949e-16 1
		outer loop
			vertex 13.69865894317627 2.285887598991394 0.8999999761581424
			vertex 13.796246528625488 2.1999999284744263 0.8999999761581425
			vertex 13.714577674865723 2.301144599914551 0.8999999761581424
		endloop
	endfacet
	facet normal 5.930866204766944e-16 6.187730613666605e-16 1
		outer loop
			vertex 13.796246528625488 2.1999999284744263 0.8999999761581425
			vertex 13.89383316040039 2.285887598991394 0.8999999761581424
			vertex 13.877915382385254 2.301144599914551 0.8999999761581424
		endloop
	endfacet
	facet normal -5.930665902770296e-16 6.18789234669949e-16 1
		outer loop
			vertex 14.058658599853516 2.285887598991394 0.8999999761581424
			vertex 14.156246185302734 2.1999999284744263 0.8999999761581425
			vertex 14.074577331542969 2.301144599914551 0.8999999761581424
		endloop
	endfacet
	facet normal 5.930866204766944e-16 6.187730613666605e-16 1
		outer loop
			vertex 14.156246185302734 2.1999999284744263 0.8999999761581425
			vertex 14.253832817077637 2.285887598991394 0.8999999761581424
			vertex 14.2379150390625 2.301144599914551 0.8999999761581424
		endloop
	endfacet
	facet normal -6.890950408932957e-16 5.09679457053852e-16 1
		outer loop
			vertex 12.245546340942383 2.268159866333008 0.8999999761581424
			vertex 12.356245994567871 2.1999999284744263 0.8999999761581425
			vertex 12.258658409118652 2.285887598991394 0.8999999761581424
		endloop
	endfacet
	facet normal 6.89114803225284e-16 5.096570026287876e-16 1
		outer loop
			vertex 12.356245994567871 2.1999999284744263 0.8999999761581425
			vertex 12.466944694519043 2.268159866333008 0.8999999761581424
			vertex 12.45383358001709 2.285887598991394 0.8999999761581424
		endloop
	endfacet
	facet normal -6.89114803225284e-16 5.096570026287876e-16 1
		outer loop
			vertex 12.605546951293945 2.268159866333008 0.8999999761581424
			vertex 12.716245651245117 2.1999999284744263 0.8999999761581425
			vertex 12.618658065795898 2.285887598991394 0.8999999761581424
		endloop
	endfacet
	facet normal 6.89114803225284e-16 5.096570026287876e-16 1
		outer loop
			vertex 12.716245651245117 2.1999999284744263 0.8999999761581425
			vertex 12.826944351196289 2.268159866333008 0.8999999761581424
			vertex 12.813833236694336 2.285887598991394 0.8999999761581424
		endloop
	endfacet
	facet normal -6.890991198648497e-16 5.096824740078041e-16 1
		outer loop
			vertex 12.965546607971191 2.268159866333008 0.8999999761581424
			vertex 13.076245307922363 2.1999999284744263 0.8999999761581425
			vertex 12.978658676147461 2.285887598991394 0.8999999761581424
		endloop
	endfacet
	facet normal 6.89114803225284e-16 5.096570026287876e-16 1
		outer loop
			vertex 13.076245307922363 2.1999999284744263 0.8999999761581425
			vertex 13.186944007873535 2.268159866333008 0.8999999761581424
			vertex 13.173832893371582 2.285887598991394 0.8999999761581424
		endloop
	endfacet
	facet normal -6.89114803225284e-16 5.096570026287876e-16 1
		outer loop
			vertex 13.325547218322754 2.268159866333008 0.8999999761581424
			vertex 13.436245918273926 2.1999999284744263 0.8999999761581425
			vertex 13.338658332824707 2.285887598991394 0.8999999761581424
		endloop
	endfacet
	facet normal 6.89114803225284e-16 5.096570026287876e-16 1
		outer loop
			vertex 13.436245918273926 2.1999999284744263 0.8999999761581425
			vertex 13.546944618225098 2.268159866333008 0.8999999761581424
			vertex 13.533833503723145 2.285887598991394 0.8999999761581424
		endloop
	endfacet
	facet normal -6.89114803225284e-16 5.096570026287876e-16 1
		outer loop
			vertex 13.685547828674316 2.268159866333008 0.8999999761581424
			vertex 13.796246528625488 2.1999999284744263 0.8999999761581425
			vertex 13.69865894317627 2.285887598991394 0.8999999761581424
		endloop
	endfacet
	facet normal 6.890991198648497e-16 5.096824740078041e-16 1
		outer loop
			vertex 13.796246528625488 2.1999999284744263 0.8999999761581425
			vertex 13.90694522857666 2.268159866333008 0.8999999761581424
			vertex 13.89383316040039 2.285887598991394 0.8999999761581424
		endloop
	endfacet
	facet normal -6.89114803225284e-16 5.096570026287876e-16 1
		outer loop
			vertex 14.045547485351562 2.268159866333008 0.8999999761581424
			vertex 14.156246185302734 2.1999999284744263 0.8999999761581425
			vertex 14.058658599853516 2.285887598991394 0.8999999761581424
		endloop
	endfacet
	facet normal 6.890991198648497e-16 5.096824740078041e-16 1
		outer loop
			vertex 14.156246185302734 2.1999999284744263 0.8999999761581425
			vertex 14.266944885253906 2.268159866333008 0.8999999761581424
			vertex 14.253832817077637 2.285887598991394 0.8999999761581424
		endloop
	endfacet
	facet normal 1.884156412451991e-15 4.68893861611635e-15 1
		outer loop
			vertex 12.23561954498291 2.248471260070801 0.8999999761581425
			vertex 12.356245994567871 2.1999999284744263 0.8999999761581425
			vertex 12.245546340942383 2.268159866333008 0.8999999761581424
		endloop
	endfacet
	facet normal -1.8841687991811216e-15 4.68893237085292e-15 1
		outer loop
			vertex 12.356245994567871 2.1999999284744263 0.8999999761581425
			vertex 12.476871490478516 2.248471260070801 0.8999999761581425
			vertex 12.466944694519043 2.268159866333008 0.8999999761581424
		endloop
	endfacet
	facet normal 1.8841687991811216e-15 4.68893237085292e-15 1
		outer loop
			vertex 12.595620155334473 2.248471260070801 0.8999999761581425
			vertex 12.716245651245117 2.1999999284744263 0.8999999761581425
			vertex 12.605546951293945 2.268159866333008 0.8999999761581424
		endloop
	endfacet
	facet normal -1.8841687991811216e-15 4.68893237085292e-15 1
		outer loop
			vertex 12.716245651245117 2.1999999284744263 0.8999999761581425
			vertex 12.836871147155762 2.248471260070801 0.8999999761581425
			vertex 12.826944351196289 2.268159866333008 0.8999999761581424
		endloop
	endfacet
	facet normal 1.8842116820262796e-15 4.68900201697289e-15 1
		outer loop
			vertex 12.955620765686035 2.248471260070801 0.8999999761581425
			vertex 13.076245307922363 2.1999999284744263 0.8999999761581425
			vertex 12.965546607971191 2.268159866333008 0.8999999761581424
		endloop
	endfacet
	facet normal -1.8841259182878634e-15 4.688862727903035e-15 1
		outer loop
			vertex 13.076245307922363 2.1999999284744263 0.8999999761581425
			vertex 13.196871757507324 2.248471260070801 0.8999999761581425
			vertex 13.186944007873535 2.268159866333008 0.8999999761581424
		endloop
	endfacet
	facet normal 1.8841687991811216e-15 4.68893237085292e-15 1
		outer loop
			vertex 13.315620422363281 2.248471260070801 0.8999999761581425
			vertex 13.436245918273926 2.1999999284744263 0.8999999761581425
			vertex 13.325547218322754 2.268159866333008 0.8999999761581424
		endloop
	endfacet
	facet normal -1.8841687991811216e-15 4.68893237085292e-15 1
		outer loop
			vertex 13.436245918273926 2.1999999284744263 0.8999999761581425
			vertex 13.55687141418457 2.248471260070801 0.8999999761581425
			vertex 13.546944618225098 2.268159866333008 0.8999999761581424
		endloop
	endfacet
	facet normal 1.8841259182878634e-15 4.688862727903035e-15 1
		outer loop
			vertex 13.675620079040527 2.248471260070801 0.8999999761581425
			vertex 13.796246528625488 2.1999999284744263 0.8999999761581425
			vertex 13.685547828674316 2.268159866333008 0.8999999761581424
		endloop
	endfacet
	facet normal -1.8842116820262796e-15 4.68900201697289e-15 1
		outer loop
			vertex 13.796246528625488 2.1999999284744263 0.8999999761581425
			vertex 13.916871070861816 2.248471260070801 0.8999999761581425
			vertex 13.90694522857666 2.268159866333008 0.8999999761581424
		endloop
	endfacet
	facet normal 1.8841687991811216e-15 4.68893237085292e-15 1
		outer loop
			vertex 14.03562068939209 2.248471260070801 0.8999999761581425
			vertex 14.156246185302734 2.1999999284744263 0.8999999761581425
			vertex 14.045547485351562 2.268159866333008 0.8999999761581424
		endloop
	endfacet
	facet normal -1.8841687991811216e-15 4.68893237085292e-15 1
		outer loop
			vertex 14.156246185302734 2.1999999284744263 0.8999999761581425
			vertex 14.276871681213379 2.248471260070801 0.8999999761581425
			vertex 14.266944885253906 2.268159866333008 0.8999999761581424
		endloop
	endfacet
	facet normal 0 0 1
		outer loop
			vertex 12.229164123535156 2.2273882627487183 0.8999999761581425
			vertex 12.356245994567871 2.1999999284744263 0.8999999761581425
			vertex 12.23561954498291 2.248471260070801 0.8999999761581425
		endloop
	endfacet
	facet normal 0 0 1
		outer loop
			vertex 12.356245994567871 2.1999999284744263 0.8999999761581425
			vertex 12.483327865600586 2.2273882627487183 0.8999999761581425
			vertex 12.476871490478516 2.248471260070801 0.8999999761581425
		endloop
	endfacet
	facet normal 0 0 1
		outer loop
			vertex 12.589163780212402 2.2273882627487183 0.8999999761581425
			vertex 12.716245651245117 2.1999999284744263 0.8999999761581425
			vertex 12.595620155334473 2.248471260070801 0.8999999761581425
		endloop
	endfacet
	facet normal 0 0 1
		outer loop
			vertex 12.716245651245117 2.1999999284744263 0.8999999761581425
			vertex 12.843328475952148 2.2273882627487183 0.8999999761581425
			vertex 12.836871147155762 2.248471260070801 0.8999999761581425
		endloop
	endfacet
	facet normal 0 0 1
		outer loop
			vertex 12.949163436889648 2.2273882627487183 0.8999999761581425
			vertex 13.076245307922363 2.1999999284744263 0.8999999761581425
			vertex 12.955620765686035 2.248471260070801 0.8999999761581425
		endloop
	endfacet
	facet normal 0 0 1
		outer loop
			vertex 13.076245307922363 2.1999999284744263 0.8999999761581425
			vertex 13.203328132629395 2.2273882627487183 0.8999999761581425
			vertex 13.196871757507324 2.248471260070801 0.8999999761581425
		endloop
	endfacet
	facet normal 0 0 1
		outer loop
			vertex 13.309164047241211 2.2273882627487183 0.8999999761581425
			vertex 13.436245918273926 2.1999999284744263 0.8999999761581425
			vertex 13.315620422363281 2.248471260070801 0.8999999761581425
		endloop
	endfacet
	facet normal 0 0 1
		outer loop
			vertex 13.436245918273926 2.1999999284744263 0.8999999761581425
			vertex 13.56332778930664 2.2273882627487183 0.8999999761581425
			vertex 13.55687141418457 2.248471260070801 0.8999999761581425
		endloop
	endfacet
	facet normal 0 0 1
		outer loop
			vertex 13.669163703918457 2.2273882627487183 0.8999999761581425
			vertex 13.796246528625488 2.1999999284744263 0.8999999761581425
			vertex 13.675620079040527 2.248471260070801 0.8999999761581425
		endloop
	endfacet
	facet normal 0 0 1
		outer loop
			vertex 13.796246528625488 2.1999999284744263 0.8999999761581425
			vertex 13.923328399658203 2.2273882627487183 0.8999999761581425
			vertex 13.916871070861816 2.248471260070801 0.8999999761581425
		endloop
	endfacet
	facet normal 0 0 1
		outer loop
			vertex 14.029163360595703 2.2273882627487183 0.8999999761581425
			vertex 14.156246185302734 2.1999999284744263 0.8999999761581425
			vertex 14.03562068939209 2.248471260070801 0.8999999761581425
		endloop
	endfacet
	facet normal 0 0 1
		outer loop
			vertex 14.156246185302734 2.1999999284744263 0.8999999761581425
			vertex 14.28332805633545 2.2273882627487183 0.8999999761581425
			vertex 14.276871681213379 2.248471260070801 0.8999999761581425
		endloop
	endfacet
	facet normal 0 0 1
		outer loop
			vertex 12.226362228393555 2.205517292022705 0.8999999761581425
			vertex 12.356245994567871 2.1999999284744263 0.8999999761581425
			vertex 12.229164123535156 2.2273882627487183 0.8999999761581425
		endloop
	endfacet
	facet normal 0 0 1
		outer loop
			vertex 12.356245994567871 2.1999999284744263 0.8999999761581425
			vertex 12.486128807067871 2.205517292022705 0.8999999761581425
			vertex 12.483327865600586 2.2273882627487183 0.8999999761581425
		endloop
	endfacet
	facet normal 0 0 1
		outer loop
			vertex 12.586362838745117 2.205517292022705 0.8999999761581425
			vertex 12.716245651245117 2.1999999284744263 0.8999999761581425
			vertex 12.589163780212402 2.2273882627487183 0.8999999761581425
		endloop
	endfacet
	facet normal 0 0 1
		outer loop
			vertex 12.716245651245117 2.1999999284744263 0.8999999761581425
			vertex 12.846128463745117 2.205517292022705 0.8999999761581425
			vertex 12.843328475952148 2.2273882627487183 0.8999999761581425
		endloop
	endfacet
	facet normal 0 0 1
		outer loop
			vertex 12.94636344909668 2.205517292022705 0.8999999761581425
			vertex 13.076245307922363 2.1999999284744263 0.8999999761581425
			vertex 12.949163436889648 2.2273882627487183 0.8999999761581425
		endloop
	endfacet
	facet normal 0 0 1
		outer loop
			vertex 13.076245307922363 2.1999999284744263 0.8999999761581425
			vertex 13.20612907409668 2.205517292022705 0.8999999761581425
			vertex 13.203328132629395 2.2273882627487183 0.8999999761581425
		endloop
	endfacet
	facet normal 0 0 1
		outer loop
			vertex 13.306363105773926 2.205517292022705 0.8999999761581425
			vertex 13.436245918273926 2.1999999284744263 0.8999999761581425
			vertex 13.309164047241211 2.2273882627487183 0.8999999761581425
		endloop
	endfacet
	facet normal 0 0 1
		outer loop
			vertex 13.436245918273926 2.1999999284744263 0.8999999761581425
			vertex 13.566128730773926 2.205517292022705 0.8999999761581425
			vertex 13.56332778930664 2.2273882627487183 0.8999999761581425
		endloop
	endfacet
	facet normal 0 0 1
		outer loop
			vertex 13.666362762451172 2.205517292022705 0.8999999761581425
			vertex 13.796246528625488 2.1999999284744263 0.8999999761581425
			vertex 13.669163703918457 2.2273882627487183 0.8999999761581425
		endloop
	endfacet
	facet normal 0 0 1
		outer loop
			vertex 13.796246528625488 2.1999999284744263 0.8999999761581425
			vertex 13.926128387451172 2.205517292022705 0.8999999761581425
			vertex 13.923328399658203 2.2273882627487183 0.8999999761581425
		endloop
	endfacet
	facet normal 0 0 1
		outer loop
			vertex 14.026363372802734 2.205517292022705 0.8999999761581425
			vertex 14.156246185302734 2.1999999284744263 0.8999999761581425
			vertex 14.029163360595703 2.2273882627487183 0.8999999761581425
		endloop
	endfacet
	facet normal 0 0 1
		outer loop
			vertex 14.156246185302734 2.1999999284744263 0.8999999761581425
			vertex 14.286128997802734 2.205517292022705 0.8999999761581425
			vertex 14.28332805633545 2.2273882627487183 0.8999999761581425
		endloop
	endfacet
	facet normal 0 0 1
		outer loop
			vertex 12.227298736572266 2.1834876537323 0.8999999761581425
			vertex 12.356245994567871 2.1999999284744263 0.8999999761581425
			vertex 12.226362228393555 2.205517292022705 0.8999999761581425
		endloop
	endfacet
	facet normal 0 0 1
		outer loop
			vertex 12.356245994567871 2.1999999284744263 0.8999999761581425
			vertex 12.485193252563477 2.1834876537323 0.8999999761581425
			vertex 12.486128807067871 2.205517292022705 0.8999999761581425
		endloop
	endfacet
	facet normal 0 0 1
		outer loop
			vertex 12.587298393249512 2.1834876537323 0.8999999761581425
			vertex 12.716245651245117 2.1999999284744263 0.8999999761581425
			vertex 12.586362838745117 2.205517292022705 0.8999999761581425
		endloop
	endfacet
	facet normal 0 0 1
		outer loop
			vertex 12.716245651245117 2.1999999284744263 0.8999999761581425
			vertex 12.845192909240723 2.1834876537323 0.8999999761581425
			vertex 12.846128463745117 2.205517292022705 0.8999999761581425
		endloop
	endfacet
	facet normal 0 0 1
		outer loop
			vertex 12.947298049926758 2.1834876537323 0.8999999761581425
			vertex 13.076245307922363 2.1999999284744263 0.8999999761581425
			vertex 12.94636344909668 2.205517292022705 0.8999999761581425
		endloop
	endfacet
	facet normal 0 0 1
		outer loop
			vertex 13.076245307922363 2.1999999284744263 0.8999999761581425
			vertex 13.205192565917969 2.1834876537323 0.8999999761581425
			vertex 13.20612907409668 2.205517292022705 0.8999999761581425
		endloop
	endfacet
	facet normal 0 0 1
		outer loop
			vertex 13.307299613952637 2.1834876537323 0.8999999761581425
			vertex 13.436245918273926 2.1999999284744263 0.8999999761581425
			vertex 13.306363105773926 2.205517292022705 0.8999999761581425
		endloop
	endfacet
	facet normal 0 0 1
		outer loop
			vertex 13.436245918273926 2.1999999284744263 0.8999999761581425
			vertex 13.565192222595215 2.1834876537323 0.8999999761581425
			vertex 13.566128730773926 2.205517292022705 0.8999999761581425
		endloop
	endfacet
	facet normal 0 0 1
		outer loop
			vertex 13.667299270629883 2.1834876537323 0.8999999761581425
			vertex 13.796246528625488 2.1999999284744263 0.8999999761581425
			vertex 13.666362762451172 2.205517292022705 0.8999999761581425
		endloop
	endfacet
	facet normal 0 0 1
		outer loop
			vertex 13.796246528625488 2.1999999284744263 0.8999999761581425
			vertex 13.925192832946777 2.1834876537323 0.8999999761581425
			vertex 13.926128387451172 2.205517292022705 0.8999999761581425
		endloop
	endfacet
	facet normal 0 0 1
		outer loop
			vertex 14.027298927307129 2.1834876537323 0.8999999761581425
			vertex 14.156246185302734 2.1999999284744263 0.8999999761581425
			vertex 14.026363372802734 2.205517292022705 0.8999999761581425
		endloop
	endfacet
	facet normal 0 0 1
		outer loop
			vertex 14.156246185302734 2.1999999284744263 0.8999999761581425
			vertex 14.28519344329834 2.1834876537323 0.8999999761581425
			vertex 14.286128997802734 2.205517292022705 0.8999999761581425
		endloop
	endfacet
	facet normal 0 0 1
		outer loop
			vertex 12.356245994567871 2.069999933242798 0.8999999761581425
			vertex 12.367270469665527 2.0704681873321533 0.8999999761581425
			vertex 12.356245994567871 2.1999999284744263 0.8999999761581425
		endloop
	endfacet
	facet normal 0 0 1
		outer loop
			vertex 12.345220565795898 2.0704681873321533 0.8999999761581425
			vertex 12.356245994567871 2.069999933242798 0.8999999761581425
			vertex 12.356245994567871 2.1999999284744263 0.8999999761581425
		endloop
	endfacet
	facet normal 0 0 1
		outer loop
			vertex 12.283449172973633 2.092293620109558 0.8999999761581425
			vertex 12.302698135375977 2.0815402269363403 0.8999999761581425
			vertex 12.356245994567871 2.1999999284744263 0.8999999761581425
		endloop
	endfacet
	facet normal 0 0 1
		outer loop
			vertex 12.302698135375977 2.0815402269363403 0.8999999761581425
			vertex 12.323488235473633 2.0741946697235107 0.8999999761581425
			vertex 12.356245994567871 2.1999999284744263 0.8999999761581425
		endloop
	endfacet
	facet normal 0 0 1
		outer loop
			vertex 12.323488235473633 2.0741946697235107 0.8999999761581425
			vertex 12.345220565795898 2.0704681873321533 0.8999999761581425
			vertex 12.356245994567871 2.1999999284744263 0.8999999761581425
		endloop
	endfacet
	facet normal 0 0 1
		outer loop
			vertex 12.240165710449219 2.141473412513733 0.8999999761581425
			vertex 12.251726150512695 2.122697591781616 0.8999999761581425
			vertex 12.356245994567871 2.1999999284744263 0.8999999761581425
		endloop
	endfacet
	facet normal 0 0 1
		outer loop
			vertex 12.251726150512695 2.122697591781616 0.8999999761581425
			vertex 12.2662935256958 2.1061456203460693 0.8999999761581425
			vertex 12.356245994567871 2.1999999284744263 0.8999999761581425
		endloop
	endfacet
	facet normal 0 0 1
		outer loop
			vertex 12.2662935256958 2.1061456203460693 0.8999999761581425
			vertex 12.283449172973633 2.092293620109558 0.8999999761581425
			vertex 12.356245994567871 2.1999999284744263 0.8999999761581425
		endloop
	endfacet
	facet normal 0 0 1
		outer loop
			vertex 12.227298736572266 2.1834876537323 0.8999999761581425
			vertex 12.23194408416748 2.161932945251465 0.8999999761581425
			vertex 12.356245994567871 2.1999999284744263 0.8999999761581425
		endloop
	endfacet
	facet normal 0 0 1
		outer loop
			vertex 12.23194408416748 2.161932945251465 0.8999999761581425
			vertex 12.240165710449219 2.141473412513733 0.8999999761581425
			vertex 12.356245994567871 2.1999999284744263 0.8999999761581425
		endloop
	endfacet
	facet normal 0 0 1
		outer loop
			vertex 12.472325325012207 2.141473412513733 0.8999999761581425
			vertex 12.480546951293945 2.161932945251465 0.8999999761581425
			vertex 12.356245994567871 2.1999999284744263 0.8999999761581425
		endloop
	endfacet
	facet normal 0 0 1
		outer loop
			vertex 12.480546951293945 2.161932945251465 0.8999999761581425
			vertex 12.485193252563477 2.1834876537323 0.8999999761581425
			vertex 12.356245994567871 2.1999999284744263 0.8999999761581425
		endloop
	endfacet
	facet normal 0 0 1
		outer loop
			vertex 12.42904281616211 2.092293620109558 0.8999999761581425
			vertex 12.446197509765625 2.1061456203460693 0.8999999761581425
			vertex 12.356245994567871 2.1999999284744263 0.8999999761581425
		endloop
	endfacet
	facet normal 0 0 1
		outer loop
			vertex 12.446197509765625 2.1061456203460693 0.8999999761581425
			vertex 12.46076488494873 2.122697591781616 0.8999999761581425
			vertex 12.356245994567871 2.1999999284744263 0.8999999761581425
		endloop
	endfacet
	facet normal 0 0 1
		outer loop
			vertex 12.46076488494873 2.122697591781616 0.8999999761581425
			vertex 12.472325325012207 2.141473412513733 0.8999999761581425
			vertex 12.356245994567871 2.1999999284744263 0.8999999761581425
		endloop
	endfacet
	facet normal 0 0 1
		outer loop
			vertex 12.367270469665527 2.0704681873321533 0.8999999761581425
			vertex 12.389002799987793 2.0741946697235107 0.8999999761581425
			vertex 12.356245994567871 2.1999999284744263 0.8999999761581425
		endloop
	endfacet
	facet normal 0 0 1
		outer loop
			vertex 12.389002799987793 2.0741946697235107 0.8999999761581425
			vertex 12.40979290008545 2.0815402269363403 0.8999999761581425
			vertex 12.356245994567871 2.1999999284744263 0.8999999761581425
		endloop
	endfacet
	facet normal 0 0 1
		outer loop
			vertex 12.40979290008545 2.0815402269363403 0.8999999761581425
			vertex 12.42904281616211 2.092293620109558 0.8999999761581425
			vertex 12.356245994567871 2.1999999284744263 0.8999999761581425
		endloop
	endfacet
	facet normal 0 0 1
		outer loop
			vertex 12.716245651245117 2.069999933242798 0.8999999761581425
			vertex 12.727270126342773 2.0704681873321533 0.8999999761581425
			vertex 12.716245651245117 2.1999999284744263 0.8999999761581425
		endloop
	endfacet
	facet normal 0 0 1
		outer loop
			vertex 12.705220222473145 2.0704681873321533 0.8999999761581425
			vertex 12.716245651245117 2.069999933242798 0.8999999761581425
			vertex 12.716245651245117 2.1999999284744263 0.8999999761581425
		endloop
	endfacet
	facet normal 0 0 1
		outer loop
			vertex 12.643448829650879 2.092293620109558 0.8999999761581425
			vertex 12.662698745727539 2.0815402269363403 0.8999999761581425
			vertex 12.716245651245117 2.1999999284744263 0.8999999761581425
		endloop
	endfacet
	facet normal 0 0 1
		outer loop
			vertex 12.662698745727539 2.0815402269363403 0.8999999761581425
			vertex 12.683487892150879 2.0741946697235107 0.8999999761581425
			vertex 12.716245651245117 2.1999999284744263 0.8999999761581425
		endloop
	endfacet
	facet normal 0 0 1
		outer loop
			vertex 12.683487892150879 2.0741946697235107 0.8999999761581425
			vertex 12.705220222473145 2.0704681873321533 0.8999999761581425
			vertex 12.716245651245117 2.1999999284744263 0.8999999761581425
		endloop
	endfacet
	facet normal 0 0 1
		outer loop
			vertex 12.600165367126465 2.141473412513733 0.8999999761581425
			vertex 12.611725807189941 2.122697591781616 0.8999999761581425
			vertex 12.716245651245117 2.1999999284744263 0.8999999761581425
		endloop
	endfacet
	facet normal 0 0 1
		outer loop
			vertex 12.611725807189941 2.122697591781616 0.8999999761581425
			vertex 12.626294136047363 2.1061456203460693 0.8999999761581425
			vertex 12.716245651245117 2.1999999284744263 0.8999999761581425
		endloop
	endfacet
	facet normal 0 0 1
		outer loop
			vertex 12.626294136047363 2.1061456203460693 0.8999999761581425
			vertex 12.643448829650879 2.092293620109558 0.8999999761581425
			vertex 12.716245651245117 2.1999999284744263 0.8999999761581425
		endloop
	endfacet
	facet normal 0 0 1
		outer loop
			vertex 12.587298393249512 2.1834876537323 0.8999999761581425
			vertex 12.591943740844727 2.161932945251465 0.8999999761581425
			vertex 12.716245651245117 2.1999999284744263 0.8999999761581425
		endloop
	endfacet
	facet normal 0 0 1
		outer loop
			vertex 12.591943740844727 2.161932945251465 0.8999999761581425
			vertex 12.600165367126465 2.141473412513733 0.8999999761581425
			vertex 12.716245651245117 2.1999999284744263 0.8999999761581425
		endloop
	endfacet
	facet normal 0 0 1
		outer loop
			vertex 12.83232593536377 2.141473412513733 0.8999999761581425
			vertex 12.840547561645508 2.161932945251465 0.8999999761581425
			vertex 12.716245651245117 2.1999999284744263 0.8999999761581425
		endloop
	endfacet
	facet normal 0 0 1
		outer loop
			vertex 12.840547561645508 2.161932945251465 0.8999999761581425
			vertex 12.845192909240723 2.1834876537323 0.8999999761581425
			vertex 12.716245651245117 2.1999999284744263 0.8999999761581425
		endloop
	endfacet
	facet normal 0 0 1
		outer loop
			vertex 12.789042472839355 2.092293620109558 0.8999999761581425
			vertex 12.806197166442871 2.1061456203460693 0.8999999761581425
			vertex 12.716245651245117 2.1999999284744263 0.8999999761581425
		endloop
	endfacet
	facet normal 0 0 1
		outer loop
			vertex 12.806197166442871 2.1061456203460693 0.8999999761581425
			vertex 12.820765495300293 2.122697591781616 0.8999999761581425
			vertex 12.716245651245117 2.1999999284744263 0.8999999761581425
		endloop
	endfacet
	facet normal 0 0 1
		outer loop
			vertex 12.820765495300293 2.122697591781616 0.8999999761581425
			vertex 12.83232593536377 2.141473412513733 0.8999999761581425
			vertex 12.716245651245117 2.1999999284744263 0.8999999761581425
		endloop
	endfacet
	facet normal 0 0 1
		outer loop
			vertex 12.727270126342773 2.0704681873321533 0.8999999761581425
			vertex 12.749003410339355 2.0741946697235107 0.8999999761581425
			vertex 12.716245651245117 2.1999999284744263 0.8999999761581425
		endloop
	endfacet
	facet normal 0 0 1
		outer loop
			vertex 12.749003410339355 2.0741946697235107 0.8999999761581425
			vertex 12.769792556762695 2.0815402269363403 0.8999999761581425
			vertex 12.716245651245117 2.1999999284744263 0.8999999761581425
		endloop
	endfacet
	facet normal 0 0 1
		outer loop
			vertex 12.769792556762695 2.0815402269363403 0.8999999761581425
			vertex 12.789042472839355 2.092293620109558 0.8999999761581425
			vertex 12.716245651245117 2.1999999284744263 0.8999999761581425
		endloop
	endfacet
	facet normal 0 0 1
		outer loop
			vertex 13.076245307922363 2.069999933242798 0.8999999761581425
			vertex 13.087270736694336 2.0704681873321533 0.8999999761581425
			vertex 13.076245307922363 2.1999999284744263 0.8999999761581425
		endloop
	endfacet
	facet normal 0 0 1
		outer loop
			vertex 13.065221786499023 2.0704681873321533 0.8999999761581425
			vertex 13.076245307922363 2.069999933242798 0.8999999761581425
			vertex 13.076245307922363 2.1999999284744263 0.8999999761581425
		endloop
	endfacet
	facet normal 0 0 1
		outer loop
			vertex 13.003448486328125 2.092293620109558 0.8999999761581425
			vertex 13.022698402404785 2.0815402269363403 0.8999999761581425
			vertex 13.076245307922363 2.1999999284744263 0.8999999761581425
		endloop
	endfacet
	facet normal 0 0 1
		outer loop
			vertex 13.022698402404785 2.0815402269363403 0.8999999761581425
			vertex 13.043489456176758 2.0741946697235107 0.8999999761581425
			vertex 13.076245307922363 2.1999999284744263 0.8999999761581425
		endloop
	endfacet
	facet normal 0 0 1
		outer loop
			vertex 13.043489456176758 2.0741946697235107 0.8999999761581425
			vertex 13.065221786499023 2.0704681873321533 0.8999999761581425
			vertex 13.076245307922363 2.1999999284744263 0.8999999761581425
		endloop
	endfacet
	facet normal 0 0 1
		outer loop
			vertex 12.960165977478027 2.141473412513733 0.8999999761581425
			vertex 12.971726417541504 2.122697591781616 0.8999999761581425
			vertex 13.076245307922363 2.1999999284744263 0.8999999761581425
		endloop
	endfacet
	facet normal 0 0 1
		outer loop
			vertex 12.971726417541504 2.122697591781616 0.8999999761581425
			vertex 12.98629379272461 2.1061456203460693 0.8999999761581425
			vertex 13.076245307922363 2.1999999284744263 0.8999999761581425
		endloop
	endfacet
	facet normal 0 0 1
		outer loop
			vertex 12.98629379272461 2.1061456203460693 0.8999999761581425
			vertex 13.003448486328125 2.092293620109558 0.8999999761581425
			vertex 13.076245307922363 2.1999999284744263 0.8999999761581425
		endloop
	endfacet
	facet normal 0 0 1
		outer loop
			vertex 12.947298049926758 2.1834876537323 0.8999999761581425
			vertex 12.951943397521973 2.161932945251465 0.8999999761581425
			vertex 13.076245307922363 2.1999999284744263 0.8999999761581425
		endloop
	endfacet
	facet normal 0 0 1
		outer loop
			vertex 12.951943397521973 2.161932945251465 0.8999999761581425
			vertex 12.960165977478027 2.141473412513733 0.8999999761581425
			vertex 13.076245307922363 2.1999999284744263 0.8999999761581425
		endloop
	endfacet
	facet normal 0 0 1
		outer loop
			vertex 13.192326545715332 2.141473412513733 0.8999999761581425
			vertex 13.200547218322754 2.161932945251465 0.8999999761581425
			vertex 13.076245307922363 2.1999999284744263 0.8999999761581425
		endloop
	endfacet
	facet normal 0 0 1
		outer loop
			vertex 13.200547218322754 2.161932945251465 0.8999999761581425
			vertex 13.205192565917969 2.1834876537323 0.8999999761581425
			vertex 13.076245307922363 2.1999999284744263 0.8999999761581425
		endloop
	endfacet
	facet normal 0 0 1
		outer loop
			vertex 13.149042129516602 2.092293620109558 0.8999999761581425
			vertex 13.16619873046875 2.1061456203460693 0.8999999761581425
			vertex 13.076245307922363 2.1999999284744263 0.8999999761581425
		endloop
	endfacet
	facet normal 0 0 1
		outer loop
			vertex 13.16619873046875 2.1061456203460693 0.8999999761581425
			vertex 13.180765151977539 2.122697591781616 0.8999999761581425
			vertex 13.076245307922363 2.1999999284744263 0.8999999761581425
		endloop
	endfacet
	facet normal 0 0 1
		outer loop
			vertex 13.180765151977539 2.122697591781616 0.8999999761581425
			vertex 13.192326545715332 2.141473412513733 0.8999999761581425
			vertex 13.076245307922363 2.1999999284744263 0.8999999761581425
		endloop
	endfacet
	facet normal 0 0 1
		outer loop
			vertex 13.087270736694336 2.0704681873321533 0.8999999761581425
			vertex 13.109003067016602 2.0741946697235107 0.8999999761581425
			vertex 13.076245307922363 2.1999999284744263 0.8999999761581425
		endloop
	endfacet
	facet normal 0 0 1
		outer loop
			vertex 13.109003067016602 2.0741946697235107 0.8999999761581425
			vertex 13.129793167114258 2.0815402269363403 0.8999999761581425
			vertex 13.076245307922363 2.1999999284744263 0.8999999761581425
		endloop
	endfacet
	facet normal 0 0 1
		outer loop
			vertex 13.129793167114258 2.0815402269363403 0.8999999761581425
			vertex 13.149042129516602 2.092293620109558 0.8999999761581425
			vertex 13.076245307922363 2.1999999284744263 0.8999999761581425
		endloop
	endfacet
	facet normal 0 0 1
		outer loop
			vertex 13.436245918273926 2.069999933242798 0.8999999761581425
			vertex 13.447270393371582 2.0704681873321533 0.8999999761581425
			vertex 13.436245918273926 2.1999999284744263 0.8999999761581425
		endloop
	endfacet
	facet normal 0 0 1
		outer loop
			vertex 13.42522144317627 2.0704681873321533 0.8999999761581425
			vertex 13.436245918273926 2.069999933242798 0.8999999761581425
			vertex 13.436245918273926 2.1999999284744263 0.8999999761581425
		endloop
	endfacet
	facet normal 0 0 1
		outer loop
			vertex 13.363450050354004 2.092293620109558 0.8999999761581425
			vertex 13.382699012756348 2.0815402269363403 0.8999999761581425
			vertex 13.436245918273926 2.1999999284744263 0.8999999761581425
		endloop
	endfacet
	facet normal 0 0 1
		outer loop
			vertex 13.382699012756348 2.0815402269363403 0.8999999761581425
			vertex 13.403489112854004 2.0741946697235107 0.8999999761581425
			vertex 13.436245918273926 2.1999999284744263 0.8999999761581425
		endloop
	endfacet
	facet normal 0 0 1
		outer loop
			vertex 13.403489112854004 2.0741946697235107 0.8999999761581425
			vertex 13.42522144317627 2.0704681873321533 0.8999999761581425
			vertex 13.436245918273926 2.1999999284744263 0.8999999761581425
		endloop
	endfacet
	facet normal 0 0 1
		outer loop
			vertex 13.320165634155273 2.141473412513733 0.8999999761581425
			vertex 13.33172607421875 2.122697591781616 0.8999999761581425
			vertex 13.436245918273926 2.1999999284744263 0.8999999761581425
		endloop
	endfacet
	facet normal 0 0 1
		outer loop
			vertex 13.33172607421875 2.122697591781616 0.8999999761581425
			vertex 13.346293449401855 2.1061456203460693 0.8999999761581425
			vertex 13.436245918273926 2.1999999284744263 0.8999999761581425
		endloop
	endfacet
	facet normal 0 0 1
		outer loop
			vertex 13.346293449401855 2.1061456203460693 0.8999999761581425
			vertex 13.363450050354004 2.092293620109558 0.8999999761581425
			vertex 13.436245918273926 2.1999999284744263 0.8999999761581425
		endloop
	endfacet
	facet normal 0 0 1
		outer loop
			vertex 13.307299613952637 2.1834876537323 0.8999999761581425
			vertex 13.311944961547852 2.161932945251465 0.8999999761581425
			vertex 13.436245918273926 2.1999999284744263 0.8999999761581425
		endloop
	endfacet
	facet normal 0 0 1
		outer loop
			vertex 13.311944961547852 2.161932945251465 0.8999999761581425
			vertex 13.320165634155273 2.141473412513733 0.8999999761581425
			vertex 13.436245918273926 2.1999999284744263 0.8999999761581425
		endloop
	endfacet
	facet normal 0 0 1
		outer loop
			vertex 13.552326202392578 2.141473412513733 0.8999999761581425
			vertex 13.560546875 2.161932945251465 0.8999999761581425
			vertex 13.436245918273926 2.1999999284744263 0.8999999761581425
		endloop
	endfacet
	facet normal 0 0 1
		outer loop
			vertex 13.560546875 2.161932945251465 0.8999999761581425
			vertex 13.565192222595215 2.1834876537323 0.8999999761581425
			vertex 13.436245918273926 2.1999999284744263 0.8999999761581425
		endloop
	endfacet
	facet normal 0 0 1
		outer loop
			vertex 13.509042739868164 2.092293620109558 0.8999999761581425
			vertex 13.526198387145996 2.1061456203460693 0.8999999761581425
			vertex 13.436245918273926 2.1999999284744263 0.8999999761581425
		endloop
	endfacet
	facet normal 0 0 1
		outer loop
			vertex 13.526198387145996 2.1061456203460693 0.8999999761581425
			vertex 13.540765762329102 2.122697591781616 0.8999999761581425
			vertex 13.436245918273926 2.1999999284744263 0.8999999761581425
		endloop
	endfacet
	facet normal 0 0 1
		outer loop
			vertex 13.540765762329102 2.122697591781616 0.8999999761581425
			vertex 13.552326202392578 2.141473412513733 0.8999999761581425
			vertex 13.436245918273926 2.1999999284744263 0.8999999761581425
		endloop
	endfacet
	facet normal 0 0 1
		outer loop
			vertex 13.447270393371582 2.0704681873321533 0.8999999761581425
			vertex 13.469002723693848 2.0741946697235107 0.8999999761581425
			vertex 13.436245918273926 2.1999999284744263 0.8999999761581425
		endloop
	endfacet
	facet normal 0 0 1
		outer loop
			vertex 13.469002723693848 2.0741946697235107 0.8999999761581425
			vertex 13.489792823791504 2.0815402269363403 0.8999999761581425
			vertex 13.436245918273926 2.1999999284744263 0.8999999761581425
		endloop
	endfacet
	facet normal 0 0 1
		outer loop
			vertex 13.489792823791504 2.0815402269363403 0.8999999761581425
			vertex 13.509042739868164 2.092293620109558 0.8999999761581425
			vertex 13.436245918273926 2.1999999284744263 0.8999999761581425
		endloop
	endfacet
	facet normal 0 0 1
		outer loop
			vertex 13.796246528625488 2.069999933242798 0.8999999761581425
			vertex 13.807270050048828 2.0704681873321533 0.8999999761581425
			vertex 13.796246528625488 2.1999999284744263 0.8999999761581425
		endloop
	endfacet
	facet normal 0 0 1
		outer loop
			vertex 13.785221099853516 2.0704681873321533 0.8999999761581425
			vertex 13.796246528625488 2.069999933242798 0.8999999761581425
			vertex 13.796246528625488 2.1999999284744263 0.8999999761581425
		endloop
	endfacet
	facet normal 0 0 1
		outer loop
			vertex 13.72344970703125 2.092293620109558 0.8999999761581425
			vertex 13.742698669433594 2.0815402269363403 0.8999999761581425
			vertex 13.796246528625488 2.1999999284744263 0.8999999761581425
		endloop
	endfacet
	facet normal 0 0 1
		outer loop
			vertex 13.742698669433594 2.0815402269363403 0.8999999761581425
			vertex 13.76348876953125 2.0741946697235107 0.8999999761581425
			vertex 13.796246528625488 2.1999999284744263 0.8999999761581425
		endloop
	endfacet
	facet normal 0 0 1
		outer loop
			vertex 13.76348876953125 2.0741946697235107 0.8999999761581425
			vertex 13.785221099853516 2.0704681873321533 0.8999999761581425
			vertex 13.796246528625488 2.1999999284744263 0.8999999761581425
		endloop
	endfacet
	facet normal 0 0 1
		outer loop
			vertex 13.68016529083252 2.141473412513733 0.8999999761581425
			vertex 13.691726684570312 2.122697591781616 0.8999999761581425
			vertex 13.796246528625488 2.1999999284744263 0.8999999761581425
		endloop
	endfacet
	facet normal 0 0 1
		outer loop
			vertex 13.691726684570312 2.122697591781616 0.8999999761581425
			vertex 13.706294059753418 2.1061456203460693 0.8999999761581425
			vertex 13.796246528625488 2.1999999284744263 0.8999999761581425
		endloop
	endfacet
	facet normal 0 0 1
		outer loop
			vertex 13.706294059753418 2.1061456203460693 0.8999999761581425
			vertex 13.72344970703125 2.092293620109558 0.8999999761581425
			vertex 13.796246528625488 2.1999999284744263 0.8999999761581425
		endloop
	endfacet
	facet normal 0 0 1
		outer loop
			vertex 13.667299270629883 2.1834876537323 0.8999999761581425
			vertex 13.671944618225098 2.161932945251465 0.8999999761581425
			vertex 13.796246528625488 2.1999999284744263 0.8999999761581425
		endloop
	endfacet
	facet normal 0 0 1
		outer loop
			vertex 13.671944618225098 2.161932945251465 0.8999999761581425
			vertex 13.68016529083252 2.141473412513733 0.8999999761581425
			vertex 13.796246528625488 2.1999999284744263 0.8999999761581425
		endloop
	endfacet
	facet normal 0 0 1
		outer loop
			vertex 13.91232681274414 2.141473412513733 0.8999999761581425
			vertex 13.920548439025879 2.161932945251465 0.8999999761581425
			vertex 13.796246528625488 2.1999999284744263 0.8999999761581425
		endloop
	endfacet
	facet normal 0 0 1
		outer loop
			vertex 13.920548439025879 2.161932945251465 0.8999999761581425
			vertex 13.925192832946777 2.1834876537323 0.8999999761581425
			vertex 13.796246528625488 2.1999999284744263 0.8999999761581425
		endloop
	endfacet
	facet normal 0 0 1
		outer loop
			vertex 13.86904239654541 2.092293620109558 0.8999999761581425
			vertex 13.886198043823242 2.1061456203460693 0.8999999761581425
			vertex 13.796246528625488 2.1999999284744263 0.8999999761581425
		endloop
	endfacet
	facet normal 0 0 1
		outer loop
			vertex 13.886198043823242 2.1061456203460693 0.8999999761581425
			vertex 13.900766372680664 2.122697591781616 0.8999999761581425
			vertex 13.796246528625488 2.1999999284744263 0.8999999761581425
		endloop
	endfacet
	facet normal 0 0 1
		outer loop
			vertex 13.900766372680664 2.122697591781616 0.8999999761581425
			vertex 13.91232681274414 2.141473412513733 0.8999999761581425
			vertex 13.796246528625488 2.1999999284744263 0.8999999761581425
		endloop
	endfacet
	facet normal 0 0 1
		outer loop
			vertex 13.807270050048828 2.0704681873321533 0.8999999761581425
			vertex 13.829002380371094 2.0741946697235107 0.8999999761581425
			vertex 13.796246528625488 2.1999999284744263 0.8999999761581425
		endloop
	endfacet
	facet normal 0 0 1
		outer loop
			vertex 13.829002380371094 2.0741946697235107 0.8999999761581425
			vertex 13.84979248046875 2.0815402269363403 0.8999999761581425
			vertex 13.796246528625488 2.1999999284744263 0.8999999761581425
		endloop
	endfacet
	facet normal 0 0 1
		outer loop
			vertex 13.84979248046875 2.0815402269363403 0.8999999761581425
			vertex 13.86904239654541 2.092293620109558 0.8999999761581425
			vertex 13.796246528625488 2.1999999284744263 0.8999999761581425
		endloop
	endfacet
	facet normal 0 0 1
		outer loop
			vertex 14.156246185302734 2.069999933242798 0.8999999761581425
			vertex 14.167271614074707 2.0704681873321533 0.8999999761581425
			vertex 14.156246185302734 2.1999999284744263 0.8999999761581425
		endloop
	endfacet
	facet normal 0 0 1
		outer loop
			vertex 14.145221710205078 2.0704681873321533 0.8999999761581425
			vertex 14.156246185302734 2.069999933242798 0.8999999761581425
			vertex 14.156246185302734 2.1999999284744263 0.8999999761581425
		endloop
	endfacet
	facet normal 0 0 1
		outer loop
			vertex 14.083449363708496 2.092293620109558 0.8999999761581425
			vertex 14.102699279785156 2.0815402269363403 0.8999999761581425
			vertex 14.156246185302734 2.1999999284744263 0.8999999761581425
		endloop
	endfacet
	facet normal 0 0 1
		outer loop
			vertex 14.102699279785156 2.0815402269363403 0.8999999761581425
			vertex 14.123489379882812 2.0741946697235107 0.8999999761581425
			vertex 14.156246185302734 2.1999999284744263 0.8999999761581425
		endloop
	endfacet
	facet normal 0 0 1
		outer loop
			vertex 14.123489379882812 2.0741946697235107 0.8999999761581425
			vertex 14.145221710205078 2.0704681873321533 0.8999999761581425
			vertex 14.156246185302734 2.1999999284744263 0.8999999761581425
		endloop
	endfacet
	facet normal 0 0 1
		outer loop
			vertex 14.040164947509766 2.141473412513733 0.8999999761581425
			vertex 14.051726341247559 2.122697591781616 0.8999999761581425
			vertex 14.156246185302734 2.1999999284744263 0.8999999761581425
		endloop
	endfacet
	facet normal 0 0 1
		outer loop
			vertex 14.051726341247559 2.122697591781616 0.8999999761581425
			vertex 14.066293716430664 2.1061456203460693 0.8999999761581425
			vertex 14.156246185302734 2.1999999284744263 0.8999999761581425
		endloop
	endfacet
	facet normal 0 0 1
		outer loop
			vertex 14.066293716430664 2.1061456203460693 0.8999999761581425
			vertex 14.083449363708496 2.092293620109558 0.8999999761581425
			vertex 14.156246185302734 2.1999999284744263 0.8999999761581425
		endloop
	endfacet
	facet normal 0 0 1
		outer loop
			vertex 14.027298927307129 2.1834876537323 0.8999999761581425
			vertex 14.031944274902344 2.161932945251465 0.8999999761581425
			vertex 14.156246185302734 2.1999999284744263 0.8999999761581425
		endloop
	endfacet
	facet normal 0 0 1
		outer loop
			vertex 14.031944274902344 2.161932945251465 0.8999999761581425
			vertex 14.040164947509766 2.141473412513733 0.8999999761581425
			vertex 14.156246185302734 2.1999999284744263 0.8999999761581425
		endloop
	endfacet
	facet normal 0 0 1
		outer loop
			vertex 14.272326469421387 2.141473412513733 0.8999999761581425
			vertex 14.280548095703125 2.161932945251465 0.8999999761581425
			vertex 14.156246185302734 2.1999999284744263 0.8999999761581425
		endloop
	endfacet
	facet normal 0 0 1
		outer loop
			vertex 14.280548095703125 2.161932945251465 0.8999999761581425
			vertex 14.28519344329834 2.1834876537323 0.8999999761581425
			vertex 14.156246185302734 2.1999999284744263 0.8999999761581425
		endloop
	endfacet
	facet normal 0 0 1
		outer loop
			vertex 14.229043006896973 2.092293620109558 0.8999999761581425
			vertex 14.246197700500488 2.1061456203460693 0.8999999761581425
			vertex 14.156246185302734 2.1999999284744263 0.8999999761581425
		endloop
	endfacet
	facet normal 0 0 1
		outer loop
			vertex 14.246197700500488 2.1061456203460693 0.8999999761581425
			vertex 14.26076602935791 2.122697591781616 0.8999999761581425
			vertex 14.156246185302734 2.1999999284744263 0.8999999761581425
		endloop
	endfacet
	facet normal 0 0 1
		outer loop
			vertex 14.26076602935791 2.122697591781616 0.8999999761581425
			vertex 14.272326469421387 2.141473412513733 0.8999999761581425
			vertex 14.156246185302734 2.1999999284744263 0.8999999761581425
		endloop
	endfacet
	facet normal 0 0 1
		outer loop
			vertex 14.167271614074707 2.0704681873321533 0.8999999761581425
			vertex 14.189002990722656 2.0741946697235107 0.8999999761581425
			vertex 14.156246185302734 2.1999999284744263 0.8999999761581425
		endloop
	endfacet
	facet normal 0 0 1
		outer loop
			vertex 14.189002990722656 2.0741946697235107 0.8999999761581425
			vertex 14.209794044494629 2.0815402269363403 0.8999999761581425
			vertex 14.156246185302734 2.1999999284744263 0.8999999761581425
		endloop
	endfacet
	facet normal 0 0 1
		outer loop
			vertex 14.209794044494629 2.0815402269363403 0.8999999761581425
			vertex 14.229043006896973 2.092293620109558 0.8999999761581425
			vertex 14.156246185302734 2.1999999284744263 0.8999999761581425
		endloop
	endfacet
	facet normal 0 0 1
		outer loop
			vertex 12.33427619934082 1.939640998840332 0.8999999761581425
			vertex 12.356245994567871 1.8115108013153076 0.8999999761581425
			vertex 12.356245994567871 1.9415109157562256 0.8999999761581425
		endloop
	endfacet
	facet normal 0 0 1
		outer loop
			vertex 12.356245994567871 1.8115108013153076 0.8999999761581425
			vertex 12.378215789794922 1.939640998840332 0.8999999761581425
			vertex 12.356245994567871 1.9415109157562256 0.8999999761581425
		endloop
	endfacet
	facet normal 0 0 1
		outer loop
			vertex 12.694275856018066 1.939640998840332 0.8999999761581425
			vertex 12.716245651245117 1.8115108013153076 0.8999999761581425
			vertex 12.716245651245117 1.9415109157562256 0.8999999761581425
		endloop
	endfacet
	facet normal 0 0 1
		outer loop
			vertex 12.716245651245117 1.8115108013153076 0.8999999761581425
			vertex 12.738215446472168 1.939640998840332 0.8999999761581425
			vertex 12.716245651245117 1.9415109157562256 0.8999999761581425
		endloop
	endfacet
	facet normal 0 0 1
		outer loop
			vertex 13.054275512695312 1.939640998840332 0.8999999761581425
			vertex 13.076245307922363 1.8115108013153076 0.8999999761581425
			vertex 13.076245307922363 1.9415109157562256 0.8999999761581425
		endloop
	endfacet
	facet normal 0 0 1
		outer loop
			vertex 13.076245307922363 1.8115108013153076 0.8999999761581425
			vertex 13.09821605682373 1.939640998840332 0.8999999761581425
			vertex 13.076245307922363 1.9415109157562256 0.8999999761581425
		endloop
	endfacet
	facet normal 0 0 1
		outer loop
			vertex 13.414275169372559 1.939640998840332 0.8999999761581425
			vertex 13.436245918273926 1.8115108013153076 0.8999999761581425
			vertex 13.436245918273926 1.9415109157562256 0.8999999761581425
		endloop
	endfacet
	facet normal 0 0 1
		outer loop
			vertex 13.436245918273926 1.8115108013153076 0.8999999761581425
			vertex 13.458216667175293 1.939640998840332 0.8999999761581425
			vertex 13.436245918273926 1.9415109157562256 0.8999999761581425
		endloop
	endfacet
	facet normal 0 0 1
		outer loop
			vertex 13.774275779724121 1.939640998840332 0.8999999761581425
			vertex 13.796246528625488 1.8115108013153076 0.8999999761581425
			vertex 13.796246528625488 1.9415109157562256 0.8999999761581425
		endloop
	endfacet
	facet normal 0 0 1
		outer loop
			vertex 13.796246528625488 1.8115108013153076 0.8999999761581425
			vertex 13.818216323852539 1.939640998840332 0.8999999761581425
			vertex 13.796246528625488 1.9415109157562256 0.8999999761581425
		endloop
	endfacet
	facet normal 0 0 1
		outer loop
			vertex 14.134276390075684 1.939640998840332 0.8999999761581425
			vertex 14.156246185302734 1.8115108013153076 0.8999999761581425
			vertex 14.156246185302734 1.9415109157562256 0.8999999761581425
		endloop
	endfacet
	facet normal 0 0 1
		outer loop
			vertex 14.156246185302734 1.8115108013153076 0.8999999761581425
			vertex 14.178215980529785 1.939640998840332 0.8999999761581425
			vertex 14.156246185302734 1.9415109157562256 0.8999999761581425
		endloop
	endfacet
	facet normal 0 0 1
		outer loop
			vertex 12.31293773651123 1.9340848922729492 0.8999999761581425
			vertex 12.356245994567871 1.8115108013153076 0.8999999761581425
			vertex 12.33427619934082 1.939640998840332 0.8999999761581425
		endloop
	endfacet
	facet normal 0 0 1
		outer loop
			vertex 12.356245994567871 1.8115108013153076 0.8999999761581425
			vertex 12.399554252624512 1.9340848922729492 0.8999999761581425
			vertex 12.378215789794922 1.939640998840332 0.8999999761581425
		endloop
	endfacet
	facet normal 0 0 1
		outer loop
			vertex 12.672937393188477 1.9340848922729492 0.8999999761581425
			vertex 12.716245651245117 1.8115108013153076 0.8999999761581425
			vertex 12.694275856018066 1.939640998840332 0.8999999761581425
		endloop
	endfacet
	facet normal 0 0 1
		outer loop
			vertex 12.716245651245117 1.8115108013153076 0.8999999761581425
			vertex 12.759553909301758 1.9340848922729492 0.8999999761581425
			vertex 12.738215446472168 1.939640998840332 0.8999999761581425
		endloop
	endfacet
	facet normal 0 0 1
		outer loop
			vertex 13.032937049865723 1.9340848922729492 0.8999999761581425
			vertex 13.076245307922363 1.8115108013153076 0.8999999761581425
			vertex 13.054275512695312 1.939640998840332 0.8999999761581425
		endloop
	endfacet
	facet normal 0 0 1
		outer loop
			vertex 13.076245307922363 1.8115108013153076 0.8999999761581425
			vertex 13.119553565979004 1.9340848922729492 0.8999999761581425
			vertex 13.09821605682373 1.939640998840332 0.8999999761581425
		endloop
	endfacet
	facet normal 0 0 1
		outer loop
			vertex 13.392937660217285 1.9340848922729492 0.8999999761581425
			vertex 13.436245918273926 1.8115108013153076 0.8999999761581425
			vertex 13.414275169372559 1.939640998840332 0.8999999761581425
		endloop
	endfacet
	facet normal 0 0 1
		outer loop
			vertex 13.436245918273926 1.8115108013153076 0.8999999761581425
			vertex 13.479554176330566 1.9340848922729492 0.8999999761581425
			vertex 13.458216667175293 1.939640998840332 0.8999999761581425
		endloop
	endfacet
	facet normal 0 0 1
		outer loop
			vertex 13.752938270568848 1.9340848922729492 0.8999999761581425
			vertex 13.796246528625488 1.8115108013153076 0.8999999761581425
			vertex 13.774275779724121 1.939640998840332 0.8999999761581425
		endloop
	endfacet
	facet normal 0 0 1
		outer loop
			vertex 13.796246528625488 1.8115108013153076 0.8999999761581425
			vertex 13.839553833007812 1.9340848922729492 0.8999999761581425
			vertex 13.818216323852539 1.939640998840332 0.8999999761581425
		endloop
	endfacet
	facet normal 0 0 1
		outer loop
			vertex 14.112937927246094 1.9340848922729492 0.8999999761581425
			vertex 14.156246185302734 1.8115108013153076 0.8999999761581425
			vertex 14.134276390075684 1.939640998840332 0.8999999761581425
		endloop
	endfacet
	facet normal 0 0 1
		outer loop
			vertex 14.156246185302734 1.8115108013153076 0.8999999761581425
			vertex 14.199554443359375 1.9340848922729492 0.8999999761581425
			vertex 14.178215980529785 1.939640998840332 0.8999999761581425
		endloop
	endfacet
	facet normal 0 0 1
		outer loop
			vertex 12.292844772338867 1.9250025749206543 0.8999999761581425
			vertex 12.356245994567871 1.8115108013153076 0.8999999761581425
			vertex 12.31293773651123 1.9340848922729492 0.8999999761581425
		endloop
	endfacet
	facet normal 0 0 1
		outer loop
			vertex 12.356245994567871 1.8115108013153076 0.8999999761581425
			vertex 12.419646263122559 1.9250025749206543 0.8999999761581425
			vertex 12.399554252624512 1.9340848922729492 0.8999999761581425
		endloop
	endfacet
	facet normal 0 0 1
		outer loop
			vertex 12.65284538269043 1.9250025749206543 0.8999999761581425
			vertex 12.716245651245117 1.8115108013153076 0.8999999761581425
			vertex 12.672937393188477 1.9340848922729492 0.8999999761581425
		endloop
	endfacet
	facet normal 0 0 1
		outer loop
			vertex 12.716245651245117 1.8115108013153076 0.8999999761581425
			vertex 12.779645919799805 1.9250025749206543 0.8999999761581425
			vertex 12.759553909301758 1.9340848922729492 0.8999999761581425
		endloop
	endfacet
	facet normal 0 0 1
		outer loop
			vertex 13.012845993041992 1.9250025749206543 0.8999999761581425
			vertex 13.076245307922363 1.8115108013153076 0.8999999761581425
			vertex 13.032937049865723 1.9340848922729492 0.8999999761581425
		endloop
	endfacet
	facet normal 0 0 1
		outer loop
			vertex 13.076245307922363 1.8115108013153076 0.8999999761581425
			vertex 13.139646530151367 1.9250025749206543 0.8999999761581425
			vertex 13.119553565979004 1.9340848922729492 0.8999999761581425
		endloop
	endfacet
	facet normal 0 0 1
		outer loop
			vertex 13.372845649719238 1.9250025749206543 0.8999999761581425
			vertex 13.436245918273926 1.8115108013153076 0.8999999761581425
			vertex 13.392937660217285 1.9340848922729492 0.8999999761581425
		endloop
	endfacet
	facet normal 0 0 1
		outer loop
			vertex 13.436245918273926 1.8115108013153076 0.8999999761581425
			vertex 13.499646186828613 1.9250025749206543 0.8999999761581425
			vertex 13.479554176330566 1.9340848922729492 0.8999999761581425
		endloop
	endfacet
	facet normal 0 0 1
		outer loop
			vertex 13.732845306396484 1.9250025749206543 0.8999999761581425
			vertex 13.796246528625488 1.8115108013153076 0.8999999761581425
			vertex 13.752938270568848 1.9340848922729492 0.8999999761581425
		endloop
	endfacet
	facet normal 0 0 1
		outer loop
			vertex 13.796246528625488 1.8115108013153076 0.8999999761581425
			vertex 13.85964584350586 1.9250025749206543 0.8999999761581425
			vertex 13.839553833007812 1.9340848922729492 0.8999999761581425
		endloop
	endfacet
	facet normal 0 0 1
		outer loop
			vertex 14.092845916748047 1.9250025749206543 0.8999999761581425
			vertex 14.156246185302734 1.8115108013153076 0.8999999761581425
			vertex 14.112937927246094 1.9340848922729492 0.8999999761581425
		endloop
	endfacet
	facet normal 0 0 1
		outer loop
			vertex 14.156246185302734 1.8115108013153076 0.8999999761581425
			vertex 14.219646453857422 1.9250025749206543 0.8999999761581425
			vertex 14.199554443359375 1.9340848922729492 0.8999999761581425
		endloop
	endfacet
	facet normal 0 0 1
		outer loop
			vertex 12.274577140808105 1.9126555919647217 0.8999999761581425
			vertex 12.356245994567871 1.8115108013153076 0.8999999761581425
			vertex 12.292844772338867 1.9250025749206543 0.8999999761581425
		endloop
	endfacet
	facet normal 0 0 1
		outer loop
			vertex 12.356245994567871 1.8115108013153076 0.8999999761581425
			vertex 12.43791389465332 1.9126555919647217 0.8999999761581425
			vertex 12.419646263122559 1.9250025749206543 0.8999999761581425
		endloop
	endfacet
	facet normal 0 0 1
		outer loop
			vertex 12.634576797485352 1.9126555919647217 0.8999999761581425
			vertex 12.716245651245117 1.8115108013153076 0.8999999761581425
			vertex 12.65284538269043 1.9250025749206543 0.8999999761581425
		endloop
	endfacet
	facet normal 0 0 1
		outer loop
			vertex 12.716245651245117 1.8115108013153076 0.8999999761581425
			vertex 12.797914505004883 1.9126555919647217 0.8999999761581425
			vertex 12.779645919799805 1.9250025749206543 0.8999999761581425
		endloop
	endfacet
	facet normal 0 0 1
		outer loop
			vertex 12.994577407836914 1.9126555919647217 0.8999999761581425
			vertex 13.076245307922363 1.8115108013153076 0.8999999761581425
			vertex 13.012845993041992 1.9250025749206543 0.8999999761581425
		endloop
	endfacet
	facet normal 0 0 1
		outer loop
			vertex 13.076245307922363 1.8115108013153076 0.8999999761581425
			vertex 13.157914161682129 1.9126555919647217 0.8999999761581425
			vertex 13.139646530151367 1.9250025749206543 0.8999999761581425
		endloop
	endfacet
	facet normal 0 0 1
		outer loop
			vertex 13.35457706451416 1.9126555919647217 0.8999999761581425
			vertex 13.436245918273926 1.8115108013153076 0.8999999761581425
			vertex 13.372845649719238 1.9250025749206543 0.8999999761581425
		endloop
	endfacet
	facet normal 0 0 1
		outer loop
			vertex 13.436245918273926 1.8115108013153076 0.8999999761581425
			vertex 13.517913818359375 1.9126555919647217 0.8999999761581425
			vertex 13.499646186828613 1.9250025749206543 0.8999999761581425
		endloop
	endfacet
	facet normal 0 0 1
		outer loop
			vertex 13.714577674865723 1.9126555919647217 0.8999999761581425
			vertex 13.796246528625488 1.8115108013153076 0.8999999761581425
			vertex 13.732845306396484 1.9250025749206543 0.8999999761581425
		endloop
	endfacet
	facet normal 0 0 1
		outer loop
			vertex 13.796246528625488 1.8115108013153076 0.8999999761581425
			vertex 13.877915382385254 1.9126555919647217 0.8999999761581425
			vertex 13.85964584350586 1.9250025749206543 0.8999999761581425
		endloop
	endfacet
	facet normal 0 0 1
		outer loop
			vertex 14.074577331542969 1.9126555919647217 0.8999999761581425
			vertex 14.156246185302734 1.8115108013153076 0.8999999761581425
			vertex 14.092845916748047 1.9250025749206543 0.8999999761581425
		endloop
	endfacet
	facet normal 0 0 1
		outer loop
			vertex 14.156246185302734 1.8115108013153076 0.8999999761581425
			vertex 14.2379150390625 1.9126555919647217 0.8999999761581425
			vertex 14.219646453857422 1.9250025749206543 0.8999999761581425
		endloop
	endfacet
	facet normal 0 0 1
		outer loop
			vertex 12.258658409118652 1.8973984718322754 0.8999999761581425
			vertex 12.356245994567871 1.8115108013153076 0.8999999761581425
			vertex 12.274577140808105 1.9126555919647217 0.8999999761581425
		endloop
	endfacet
	facet normal 0 0 1
		outer loop
			vertex 12.356245994567871 1.8115108013153076 0.8999999761581425
			vertex 12.45383358001709 1.8973984718322754 0.8999999761581425
			vertex 12.43791389465332 1.9126555919647217 0.8999999761581425
		endloop
	endfacet
	facet normal 0 0 1
		outer loop
			vertex 12.618658065795898 1.8973984718322754 0.8999999761581425
			vertex 12.716245651245117 1.8115108013153076 0.8999999761581425
			vertex 12.634576797485352 1.9126555919647217 0.8999999761581425
		endloop
	endfacet
	facet normal 0 0 1
		outer loop
			vertex 12.716245651245117 1.8115108013153076 0.8999999761581425
			vertex 12.813833236694336 1.8973984718322754 0.8999999761581425
			vertex 12.797914505004883 1.9126555919647217 0.8999999761581425
		endloop
	endfacet
	facet normal 0 0 1
		outer loop
			vertex 12.978658676147461 1.8973984718322754 0.8999999761581425
			vertex 13.076245307922363 1.8115108013153076 0.8999999761581425
			vertex 12.994577407836914 1.9126555919647217 0.8999999761581425
		endloop
	endfacet
	facet normal 0 0 1
		outer loop
			vertex 13.076245307922363 1.8115108013153076 0.8999999761581425
			vertex 13.173832893371582 1.8973984718322754 0.8999999761581425
			vertex 13.157914161682129 1.9126555919647217 0.8999999761581425
		endloop
	endfacet
	facet normal 0 0 1
		outer loop
			vertex 13.338658332824707 1.8973984718322754 0.8999999761581425
			vertex 13.436245918273926 1.8115108013153076 0.8999999761581425
			vertex 13.35457706451416 1.9126555919647217 0.8999999761581425
		endloop
	endfacet
	facet normal 0 0 1
		outer loop
			vertex 13.436245918273926 1.8115108013153076 0.8999999761581425
			vertex 13.533833503723145 1.8973984718322754 0.8999999761581425
			vertex 13.517913818359375 1.9126555919647217 0.8999999761581425
		endloop
	endfacet
	facet normal 0 0 1
		outer loop
			vertex 13.69865894317627 1.8973984718322754 0.8999999761581425
			vertex 13.796246528625488 1.8115108013153076 0.8999999761581425
			vertex 13.714577674865723 1.9126555919647217 0.8999999761581425
		endloop
	endfacet
	facet normal 0 0 1
		outer loop
			vertex 13.796246528625488 1.8115108013153076 0.8999999761581425
			vertex 13.89383316040039 1.8973984718322754 0.8999999761581425
			vertex 13.877915382385254 1.9126555919647217 0.8999999761581425
		endloop
	endfacet
	facet normal 0 0 1
		outer loop
			vertex 14.058658599853516 1.8973984718322754 0.8999999761581425
			vertex 14.156246185302734 1.8115108013153076 0.8999999761581425
			vertex 14.074577331542969 1.9126555919647217 0.8999999761581425
		endloop
	endfacet
	facet normal 0 0 1
		outer loop
			vertex 14.156246185302734 1.8115108013153076 0.8999999761581425
			vertex 14.253832817077637 1.8973984718322754 0.8999999761581425
			vertex 14.2379150390625 1.9126555919647217 0.8999999761581425
		endloop
	endfacet
	facet normal 0 0 1
		outer loop
			vertex 12.245546340942383 1.8796708583831787 0.8999999761581425
			vertex 12.356245994567871 1.8115108013153076 0.8999999761581425
			vertex 12.258658409118652 1.8973984718322754 0.8999999761581425
		endloop
	endfacet
	facet normal 0 0 1
		outer loop
			vertex 12.356245994567871 1.8115108013153076 0.8999999761581425
			vertex 12.466944694519043 1.8796708583831787 0.8999999761581425
			vertex 12.45383358001709 1.8973984718322754 0.8999999761581425
		endloop
	endfacet
	facet normal 0 0 1
		outer loop
			vertex 12.605546951293945 1.8796708583831787 0.8999999761581425
			vertex 12.716245651245117 1.8115108013153076 0.8999999761581425
			vertex 12.618658065795898 1.8973984718322754 0.8999999761581425
		endloop
	endfacet
	facet normal 0 0 1
		outer loop
			vertex 12.716245651245117 1.8115108013153076 0.8999999761581425
			vertex 12.826944351196289 1.8796708583831787 0.8999999761581425
			vertex 12.813833236694336 1.8973984718322754 0.8999999761581425
		endloop
	endfacet
	facet normal 0 0 1
		outer loop
			vertex 12.965546607971191 1.8796708583831787 0.8999999761581425
			vertex 13.076245307922363 1.8115108013153076 0.8999999761581425
			vertex 12.978658676147461 1.8973984718322754 0.8999999761581425
		endloop
	endfacet
	facet normal 0 0 1
		outer loop
			vertex 13.076245307922363 1.8115108013153076 0.8999999761581425
			vertex 13.186944007873535 1.8796708583831787 0.8999999761581425
			vertex 13.173832893371582 1.8973984718322754 0.8999999761581425
		endloop
	endfacet
	facet normal 0 0 1
		outer loop
			vertex 13.325547218322754 1.8796708583831787 0.8999999761581425
			vertex 13.436245918273926 1.8115108013153076 0.8999999761581425
			vertex 13.338658332824707 1.8973984718322754 0.8999999761581425
		endloop
	endfacet
	facet normal 0 0 1
		outer loop
			vertex 13.436245918273926 1.8115108013153076 0.8999999761581425
			vertex 13.546944618225098 1.8796708583831787 0.8999999761581425
			vertex 13.533833503723145 1.8973984718322754 0.8999999761581425
		endloop
	endfacet
	facet normal 0 0 1
		outer loop
			vertex 13.685547828674316 1.8796708583831787 0.8999999761581425
			vertex 13.796246528625488 1.8115108013153076 0.8999999761581425
			vertex 13.69865894317627 1.8973984718322754 0.8999999761581425
		endloop
	endfacet
	facet normal 0 0 1
		outer loop
			vertex 13.796246528625488 1.8115108013153076 0.8999999761581425
			vertex 13.90694522857666 1.8796708583831787 0.8999999761581425
			vertex 13.89383316040039 1.8973984718322754 0.8999999761581425
		endloop
	endfacet
	facet normal 0 0 1
		outer loop
			vertex 14.045547485351562 1.8796708583831787 0.8999999761581425
			vertex 14.156246185302734 1.8115108013153076 0.8999999761581425
			vertex 14.058658599853516 1.8973984718322754 0.8999999761581425
		endloop
	endfacet
	facet normal 0 0 1
		outer loop
			vertex 14.156246185302734 1.8115108013153076 0.8999999761581425
			vertex 14.266944885253906 1.8796708583831787 0.8999999761581425
			vertex 14.253832817077637 1.8973984718322754 0.8999999761581425
		endloop
	endfacet
	facet normal 0 0 1
		outer loop
			vertex 12.23561954498291 1.8599822521209717 0.8999999761581425
			vertex 12.356245994567871 1.8115108013153076 0.8999999761581425
			vertex 12.245546340942383 1.8796708583831787 0.8999999761581425
		endloop
	endfacet
	facet normal 0 0 1
		outer loop
			vertex 12.356245994567871 1.8115108013153076 0.8999999761581425
			vertex 12.476871490478516 1.8599822521209717 0.8999999761581425
			vertex 12.466944694519043 1.8796708583831787 0.8999999761581425
		endloop
	endfacet
	facet normal 0 0 1
		outer loop
			vertex 12.595620155334473 1.8599822521209717 0.8999999761581425
			vertex 12.716245651245117 1.8115108013153076 0.8999999761581425
			vertex 12.605546951293945 1.8796708583831787 0.8999999761581425
		endloop
	endfacet
	facet normal 0 0 1
		outer loop
			vertex 12.716245651245117 1.8115108013153076 0.8999999761581425
			vertex 12.836871147155762 1.8599822521209717 0.8999999761581425
			vertex 12.826944351196289 1.8796708583831787 0.8999999761581425
		endloop
	endfacet
	facet normal 0 0 1
		outer loop
			vertex 12.955620765686035 1.8599822521209717 0.8999999761581425
			vertex 13.076245307922363 1.8115108013153076 0.8999999761581425
			vertex 12.965546607971191 1.8796708583831787 0.8999999761581425
		endloop
	endfacet
	facet normal 0 0 1
		outer loop
			vertex 13.076245307922363 1.8115108013153076 0.8999999761581425
			vertex 13.196871757507324 1.8599822521209717 0.8999999761581425
			vertex 13.186944007873535 1.8796708583831787 0.8999999761581425
		endloop
	endfacet
	facet normal 0 0 1
		outer loop
			vertex 13.315620422363281 1.8599822521209717 0.8999999761581425
			vertex 13.436245918273926 1.8115108013153076 0.8999999761581425
			vertex 13.325547218322754 1.8796708583831787 0.8999999761581425
		endloop
	endfacet
	facet normal 0 0 1
		outer loop
			vertex 13.436245918273926 1.8115108013153076 0.8999999761581425
			vertex 13.55687141418457 1.8599822521209717 0.8999999761581425
			vertex 13.546944618225098 1.8796708583831787 0.8999999761581425
		endloop
	endfacet
	facet normal 0 0 1
		outer loop
			vertex 13.675620079040527 1.8599822521209717 0.8999999761581425
			vertex 13.796246528625488 1.8115108013153076 0.8999999761581425
			vertex 13.685547828674316 1.8796708583831787 0.8999999761581425
		endloop
	endfacet
	facet normal 0 0 1
		outer loop
			vertex 13.796246528625488 1.8115108013153076 0.8999999761581425
			vertex 13.916871070861816 1.8599822521209717 0.8999999761581425
			vertex 13.90694522857666 1.8796708583831787 0.8999999761581425
		endloop
	endfacet
	facet normal 0 0 1
		outer loop
			vertex 14.03562068939209 1.8599822521209717 0.8999999761581425
			vertex 14.156246185302734 1.8115108013153076 0.8999999761581425
			vertex 14.045547485351562 1.8796708583831787 0.8999999761581425
		endloop
	endfacet
	facet normal 0 0 1
		outer loop
			vertex 14.156246185302734 1.8115108013153076 0.8999999761581425
			vertex 14.276871681213379 1.8599822521209717 0.8999999761581425
			vertex 14.266944885253906 1.8796708583831787 0.8999999761581425
		endloop
	endfacet
	facet normal 0 0 1
		outer loop
			vertex 12.229164123535156 1.8388991355895996 0.8999999761581425
			vertex 12.356245994567871 1.8115108013153076 0.8999999761581425
			vertex 12.23561954498291 1.8599822521209717 0.8999999761581425
		endloop
	endfacet
	facet normal 0 0 1
		outer loop
			vertex 12.356245994567871 1.8115108013153076 0.8999999761581425
			vertex 12.483327865600586 1.8388991355895996 0.8999999761581425
			vertex 12.476871490478516 1.8599822521209717 0.8999999761581425
		endloop
	endfacet
	facet normal 0 0 1
		outer loop
			vertex 12.589163780212402 1.8388991355895996 0.8999999761581425
			vertex 12.716245651245117 1.8115108013153076 0.8999999761581425
			vertex 12.595620155334473 1.8599822521209717 0.8999999761581425
		endloop
	endfacet
	facet normal 0 0 1
		outer loop
			vertex 12.716245651245117 1.8115108013153076 0.8999999761581425
			vertex 12.843328475952148 1.8388991355895996 0.8999999761581425
			vertex 12.836871147155762 1.8599822521209717 0.8999999761581425
		endloop
	endfacet
	facet normal 0 0 1
		outer loop
			vertex 12.949163436889648 1.8388991355895996 0.8999999761581425
			vertex 13.076245307922363 1.8115108013153076 0.8999999761581425
			vertex 12.955620765686035 1.8599822521209717 0.8999999761581425
		endloop
	endfacet
	facet normal 0 0 1
		outer loop
			vertex 13.076245307922363 1.8115108013153076 0.8999999761581425
			vertex 13.203328132629395 1.8388991355895996 0.8999999761581425
			vertex 13.196871757507324 1.8599822521209717 0.8999999761581425
		endloop
	endfacet
	facet normal 0 0 1
		outer loop
			vertex 13.309164047241211 1.8388991355895996 0.8999999761581425
			vertex 13.436245918273926 1.8115108013153076 0.8999999761581425
			vertex 13.315620422363281 1.8599822521209717 0.8999999761581425
		endloop
	endfacet
	facet normal 0 0 1
		outer loop
			vertex 13.436245918273926 1.8115108013153076 0.8999999761581425
			vertex 13.56332778930664 1.8388991355895996 0.8999999761581425
			vertex 13.55687141418457 1.8599822521209717 0.8999999761581425
		endloop
	endfacet
	facet normal 0 0 1
		outer loop
			vertex 13.669163703918457 1.8388991355895996 0.8999999761581425
			vertex 13.796246528625488 1.8115108013153076 0.8999999761581425
			vertex 13.675620079040527 1.8599822521209717 0.8999999761581425
		endloop
	endfacet
	facet normal 0 0 1
		outer loop
			vertex 13.796246528625488 1.8115108013153076 0.8999999761581425
			vertex 13.923328399658203 1.8388991355895996 0.8999999761581425
			vertex 13.916871070861816 1.8599822521209717 0.8999999761581425
		endloop
	endfacet
	facet normal 0 0 1
		outer loop
			vertex 14.029163360595703 1.8388991355895996 0.8999999761581425
			vertex 14.156246185302734 1.8115108013153076 0.8999999761581425
			vertex 14.03562068939209 1.8599822521209717 0.8999999761581425
		endloop
	endfacet
	facet normal 0 0 1
		outer loop
			vertex 14.156246185302734 1.8115108013153076 0.8999999761581425
			vertex 14.28332805633545 1.8388991355895996 0.8999999761581425
			vertex 14.276871681213379 1.8599822521209717 0.8999999761581425
		endloop
	endfacet
	facet normal 0 0 1
		outer loop
			vertex 12.226362228393555 1.817028284072876 0.8999999761581425
			vertex 12.356245994567871 1.8115108013153076 0.8999999761581425
			vertex 12.229164123535156 1.8388991355895996 0.8999999761581425
		endloop
	endfacet
	facet normal 0 0 1
		outer loop
			vertex 12.356245994567871 1.8115108013153076 0.8999999761581425
			vertex 12.486128807067871 1.817028284072876 0.8999999761581425
			vertex 12.483327865600586 1.8388991355895996 0.8999999761581425
		endloop
	endfacet
	facet normal 0 0 1
		outer loop
			vertex 12.586362838745117 1.817028284072876 0.8999999761581425
			vertex 12.716245651245117 1.8115108013153076 0.8999999761581425
			vertex 12.589163780212402 1.8388991355895996 0.8999999761581425
		endloop
	endfacet
	facet normal 0 0 1
		outer loop
			vertex 12.716245651245117 1.8115108013153076 0.8999999761581425
			vertex 12.846128463745117 1.817028284072876 0.8999999761581425
			vertex 12.843328475952148 1.8388991355895996 0.8999999761581425
		endloop
	endfacet
	facet normal 0 0 1
		outer loop
			vertex 12.94636344909668 1.817028284072876 0.8999999761581425
			vertex 13.076245307922363 1.8115108013153076 0.8999999761581425
			vertex 12.949163436889648 1.8388991355895996 0.8999999761581425
		endloop
	endfacet
	facet normal 0 0 1
		outer loop
			vertex 13.076245307922363 1.8115108013153076 0.8999999761581425
			vertex 13.20612907409668 1.817028284072876 0.8999999761581425
			vertex 13.203328132629395 1.8388991355895996 0.8999999761581425
		endloop
	endfacet
	facet normal 0 0 1
		outer loop
			vertex 13.306363105773926 1.817028284072876 0.8999999761581425
			vertex 13.436245918273926 1.8115108013153076 0.8999999761581425
			vertex 13.309164047241211 1.8388991355895996 0.8999999761581425
		endloop
	endfacet
	facet normal 0 0 1
		outer loop
			vertex 13.436245918273926 1.8115108013153076 0.8999999761581425
			vertex 13.566128730773926 1.817028284072876 0.8999999761581425
			vertex 13.56332778930664 1.8388991355895996 0.8999999761581425
		endloop
	endfacet
	facet normal 0 0 1
		outer loop
			vertex 13.666362762451172 1.817028284072876 0.8999999761581425
			vertex 13.796246528625488 1.8115108013153076 0.8999999761581425
			vertex 13.669163703918457 1.8388991355895996 0.8999999761581425
		endloop
	endfacet
	facet normal 0 0 1
		outer loop
			vertex 13.796246528625488 1.8115108013153076 0.8999999761581425
			vertex 13.926128387451172 1.817028284072876 0.8999999761581425
			vertex 13.923328399658203 1.8388991355895996 0.8999999761581425
		endloop
	endfacet
	facet normal 0 0 1
		outer loop
			vertex 14.026363372802734 1.817028284072876 0.8999999761581425
			vertex 14.156246185302734 1.8115108013153076 0.8999999761581425
			vertex 14.029163360595703 1.8388991355895996 0.8999999761581425
		endloop
	endfacet
	facet normal 0 0 1
		outer loop
			vertex 14.156246185302734 1.8115108013153076 0.8999999761581425
			vertex 14.286128997802734 1.817028284072876 0.8999999761581425
			vertex 14.28332805633545 1.8388991355895996 0.8999999761581425
		endloop
	endfacet
	facet normal 0 0 1
		outer loop
			vertex 12.227298736572266 1.7949984073638916 0.8999999761581425
			vertex 12.356245994567871 1.8115108013153076 0.8999999761581425
			vertex 12.226362228393555 1.817028284072876 0.8999999761581425
		endloop
	endfacet
	facet normal 0 0 1
		outer loop
			vertex 12.356245994567871 1.8115108013153076 0.8999999761581425
			vertex 12.485193252563477 1.7949984073638916 0.8999999761581425
			vertex 12.486128807067871 1.817028284072876 0.8999999761581425
		endloop
	endfacet
	facet normal 0 0 1
		outer loop
			vertex 12.587298393249512 1.7949984073638916 0.8999999761581425
			vertex 12.716245651245117 1.8115108013153076 0.8999999761581425
			vertex 12.586362838745117 1.817028284072876 0.8999999761581425
		endloop
	endfacet
	facet normal 0 0 1
		outer loop
			vertex 12.716245651245117 1.8115108013153076 0.8999999761581425
			vertex 12.845192909240723 1.7949984073638916 0.8999999761581425
			vertex 12.846128463745117 1.817028284072876 0.8999999761581425
		endloop
	endfacet
	facet normal 0 0 1
		outer loop
			vertex 12.947298049926758 1.7949984073638916 0.8999999761581425
			vertex 13.076245307922363 1.8115108013153076 0.8999999761581425
			vertex 12.94636344909668 1.817028284072876 0.8999999761581425
		endloop
	endfacet
	facet normal 0 0 1
		outer loop
			vertex 13.076245307922363 1.8115108013153076 0.8999999761581425
			vertex 13.205192565917969 1.7949984073638916 0.8999999761581425
			vertex 13.20612907409668 1.817028284072876 0.8999999761581425
		endloop
	endfacet
	facet normal 0 0 1
		outer loop
			vertex 13.307299613952637 1.7949984073638916 0.8999999761581425
			vertex 13.436245918273926 1.8115108013153076 0.8999999761581425
			vertex 13.306363105773926 1.817028284072876 0.8999999761581425
		endloop
	endfacet
	facet normal 0 0 1
		outer loop
			vertex 13.436245918273926 1.8115108013153076 0.8999999761581425
			vertex 13.565192222595215 1.7949984073638916 0.8999999761581425
			vertex 13.566128730773926 1.817028284072876 0.8999999761581425
		endloop
	endfacet
	facet normal 0 0 1
		outer loop
			vertex 13.667299270629883 1.7949984073638916 0.8999999761581425
			vertex 13.796246528625488 1.8115108013153076 0.8999999761581425
			vertex 13.666362762451172 1.817028284072876 0.8999999761581425
		endloop
	endfacet
	facet normal 0 0 1
		outer loop
			vertex 13.796246528625488 1.8115108013153076 0.8999999761581425
			vertex 13.925192832946777 1.7949984073638916 0.8999999761581425
			vertex 13.926128387451172 1.817028284072876 0.8999999761581425
		endloop
	endfacet
	facet normal 0 0 1
		outer loop
			vertex 14.027298927307129 1.7949984073638916 0.8999999761581425
			vertex 14.156246185302734 1.8115108013153076 0.8999999761581425
			vertex 14.026363372802734 1.817028284072876 0.8999999761581425
		endloop
	endfacet
	facet normal 0 0 1
		outer loop
			vertex 14.156246185302734 1.8115108013153076 0.8999999761581425
			vertex 14.28519344329834 1.7949984073638916 0.8999999761581425
			vertex 14.286128997802734 1.817028284072876 0.8999999761581425
		endloop
	endfacet
	facet normal -3.6273624231961605e-17 8.540185257056541e-16 1
		outer loop
			vertex 12.356245994567871 1.6815109252929688 0.8999999761581426
			vertex 12.367270469665527 1.6819791793823242 0.8999999761581426
			vertex 12.356245994567871 1.8115108013153076 0.8999999761581425
		endloop
	endfacet
	facet normal 3.6270486646611555e-17 8.540185257056541e-16 1
		outer loop
			vertex 12.345220565795898 1.6819791793823242 0.8999999761581426
			vertex 12.356245994567871 1.6815109252929688 0.8999999761581426
			vertex 12.356245994567871 1.8115108013153076 0.8999999761581425
		endloop
	endfacet
	facet normal 4.180135166180046e-16 7.482593015469309e-16 1
		outer loop
			vertex 12.283449172973633 1.7038044929504395 0.8999999761581426
			vertex 12.302698135375977 1.6930510997772217 0.8999999761581426
			vertex 12.356245994567871 1.8115108013153076 0.8999999761581425
		endloop
	endfacet
	facet normal 2.8552967038989163e-16 8.081465564607274e-16 1
		outer loop
			vertex 12.302698135375977 1.6930510997772217 0.8999999761581426
			vertex 12.323488235473633 1.6857056617736816 0.8999999761581426
			vertex 12.356245994567871 1.8115108013153076 0.8999999761581425
		endloop
	endfacet
	facet normal 1.448552913960033e-16 8.447760410318934e-16 1
		outer loop
			vertex 12.323488235473633 1.6857056617736816 0.8999999761581426
			vertex 12.345220565795898 1.6819791793823242 0.8999999761581426
			vertex 12.356245994567871 1.8115108013153076 0.8999999761581425
		endloop
	endfacet
	facet normal -2.27505748251465e-15 4.512302067219069e-15 1
		outer loop
			vertex 12.240165710449219 1.7529842853546143 0.8999999761581425
			vertex 12.251726150512695 1.734208583831787 0.8999999761581426
			vertex 12.356245994567871 1.8115108013153076 0.8999999761581425
		endloop
	endfacet
	facet normal 6.434081641684099e-16 5.662629469735228e-16 1
		outer loop
			vertex 12.251726150512695 1.734208583831787 0.8999999761581426
			vertex 12.2662935256958 1.7176566123962402 0.8999999761581426
			vertex 12.356245994567871 1.8115108013153076 0.8999999761581425
		endloop
	endfacet
	facet normal 5.384478731568171e-16 6.668598134401365e-16 1
		outer loop
			vertex 12.2662935256958 1.7176566123962402 0.8999999761581426
			vertex 12.283449172973633 1.7038044929504395 0.8999999761581426
			vertex 12.356245994567871 1.8115108013153076 0.8999999761581425
		endloop
	endfacet
	facet normal 0 0 1
		outer loop
			vertex 12.227298736572266 1.7949984073638916 0.8999999761581425
			vertex 12.23194408416748 1.7734439373016357 0.8999999761581425
			vertex 12.356245994567871 1.8115108013153076 0.8999999761581425
		endloop
	endfacet
	facet normal 0 0 1
		outer loop
			vertex 12.23194408416748 1.7734439373016357 0.8999999761581425
			vertex 12.240165710449219 1.7529842853546143 0.8999999761581425
			vertex 12.356245994567871 1.8115108013153076 0.8999999761581425
		endloop
	endfacet
	facet normal 0 0 1
		outer loop
			vertex 12.472325325012207 1.7529842853546143 0.8999999761581425
			vertex 12.480546951293945 1.7734439373016357 0.8999999761581425
			vertex 12.356245994567871 1.8115108013153076 0.8999999761581425
		endloop
	endfacet
	facet normal 0 0 1
		outer loop
			vertex 12.480546951293945 1.7734439373016357 0.8999999761581425
			vertex 12.485193252563477 1.7949984073638916 0.8999999761581425
			vertex 12.356245994567871 1.8115108013153076 0.8999999761581425
		endloop
	endfacet
	facet normal -5.384672381665877e-16 6.668467249666492e-16 1
		outer loop
			vertex 12.42904281616211 1.7038044929504395 0.8999999761581426
			vertex 12.446197509765625 1.7176566123962402 0.8999999761581426
			vertex 12.356245994567871 1.8115108013153076 0.8999999761581425
		endloop
	endfacet
	facet normal -6.434117201982109e-16 5.662660766321543e-16 1
		outer loop
			vertex 12.446197509765625 1.7176566123962402 0.8999999761581426
			vertex 12.46076488494873 1.734208583831787 0.8999999761581426
			vertex 12.356245994567871 1.8115108013153076 0.8999999761581425
		endloop
	endfacet
	facet normal 2.2750717458413263e-15 4.512293285106031e-15 1
		outer loop
			vertex 12.46076488494873 1.734208583831787 0.8999999761581426
			vertex 12.472325325012207 1.7529842853546143 0.8999999761581425
			vertex 12.356245994567871 1.8115108013153076 0.8999999761581425
		endloop
	endfacet
	facet normal -1.448554716393014e-16 8.44777092185899e-16 1
		outer loop
			vertex 12.367270469665527 1.6819791793823242 0.8999999761581426
			vertex 12.389002799987793 1.6857056617736816 0.8999999761581426
			vertex 12.356245994567871 1.8115108013153076 0.8999999761581425
		endloop
	endfacet
	facet normal -2.855303707048618e-16 8.081485385914489e-16 1
		outer loop
			vertex 12.389002799987793 1.6857056617736816 0.8999999761581426
			vertex 12.40979290008545 1.6930510997772217 0.8999999761581426
			vertex 12.356245994567871 1.8115108013153076 0.8999999761581425
		endloop
	endfacet
	facet normal -4.179984834502522e-16 7.482694622036974e-16 1
		outer loop
			vertex 12.40979290008545 1.6930510997772217 0.8999999761581426
			vertex 12.42904281616211 1.7038044929504395 0.8999999761581426
			vertex 12.356245994567871 1.8115108013153076 0.8999999761581425
		endloop
	endfacet
	facet normal -3.6273624231961605e-17 8.540185257056541e-16 1
		outer loop
			vertex 12.716245651245117 1.6815109252929688 0.8999999761581426
			vertex 12.727270126342773 1.6819791793823242 0.8999999761581426
			vertex 12.716245651245117 1.8115108013153076 0.8999999761581425
		endloop
	endfacet
	facet normal 3.6270486646611555e-17 8.540185257056541e-16 1
		outer loop
			vertex 12.705220222473145 1.6819791793823242 0.8999999761581426
			vertex 12.716245651245117 1.6815109252929688 0.8999999761581426
			vertex 12.716245651245117 1.8115108013153076 0.8999999761581425
		endloop
	endfacet
	facet normal 4.179984834502522e-16 7.482694622036974e-16 1
		outer loop
			vertex 12.643448829650879 1.7038044929504395 0.8999999761581426
			vertex 12.662698745727539 1.6930510997772217 0.8999999761581426
			vertex 12.716245651245117 1.8115108013153076 0.8999999761581425
		endloop
	endfacet
	facet normal 2.855416651419424e-16 8.081434332083745e-16 1
		outer loop
			vertex 12.662698745727539 1.6930510997772217 0.8999999761581426
			vertex 12.683487892150879 1.6857056617736816 0.8999999761581426
			vertex 12.716245651245117 1.8115108013153076 0.8999999761581425
		endloop
	endfacet
	facet normal 1.448552913960033e-16 8.447760410318934e-16 1
		outer loop
			vertex 12.683487892150879 1.6857056617736816 0.8999999761581426
			vertex 12.705220222473145 1.6819791793823242 0.8999999761581426
			vertex 12.716245651245117 1.8115108013153076 0.8999999761581425
		endloop
	endfacet
	facet normal -2.27505748251465e-15 4.512302067219069e-15 1
		outer loop
			vertex 12.600165367126465 1.7529842853546143 0.8999999761581425
			vertex 12.611725807189941 1.734208583831787 0.8999999761581426
			vertex 12.716245651245117 1.8115108013153076 0.8999999761581425
		endloop
	endfacet
	facet normal 6.433915570605687e-16 5.662854013400119e-16 1
		outer loop
			vertex 12.611725807189941 1.734208583831787 0.8999999761581426
			vertex 12.626294136047363 1.7176566123962402 0.8999999761581426
			vertex 12.716245651245117 1.8115108013153076 0.8999999761581425
		endloop
	endfacet
	facet normal 5.384672381665877e-16 6.668467249666492e-16 1
		outer loop
			vertex 12.626294136047363 1.7176566123962402 0.8999999761581426
			vertex 12.643448829650879 1.7038044929504395 0.8999999761581426
			vertex 12.716245651245117 1.8115108013153076 0.8999999761581425
		endloop
	endfacet
	facet normal 0 0 1
		outer loop
			vertex 12.587298393249512 1.7949984073638916 0.8999999761581425
			vertex 12.591943740844727 1.7734439373016357 0.8999999761581425
			vertex 12.716245651245117 1.8115108013153076 0.8999999761581425
		endloop
	endfacet
	facet normal 0 0 1
		outer loop
			vertex 12.591943740844727 1.7734439373016357 0.8999999761581425
			vertex 12.600165367126465 1.7529842853546143 0.8999999761581425
			vertex 12.716245651245117 1.8115108013153076 0.8999999761581425
		endloop
	endfacet
	facet normal 0 0 1
		outer loop
			vertex 12.83232593536377 1.7529842853546143 0.8999999761581425
			vertex 12.840547561645508 1.7734439373016357 0.8999999761581425
			vertex 12.716245651245117 1.8115108013153076 0.8999999761581425
		endloop
	endfacet
	facet normal 0 0 1
		outer loop
			vertex 12.840547561645508 1.7734439373016357 0.8999999761581425
			vertex 12.845192909240723 1.7949984073638916 0.8999999761581425
			vertex 12.716245651245117 1.8115108013153076 0.8999999761581425
		endloop
	endfacet
	facet normal -5.384672381665877e-16 6.668467249666492e-16 1
		outer loop
			vertex 12.789042472839355 1.7038044929504395 0.8999999761581426
			vertex 12.806197166442871 1.7176566123962402 0.8999999761581426
			vertex 12.716245651245117 1.8115108013153076 0.8999999761581425
		endloop
	endfacet
	facet normal -6.433915570605687e-16 5.662854013400119e-16 1
		outer loop
			vertex 12.806197166442871 1.7176566123962402 0.8999999761581426
			vertex 12.820765495300293 1.734208583831787 0.8999999761581426
			vertex 12.716245651245117 1.8115108013153076 0.8999999761581425
		endloop
	endfacet
	facet normal 2.27505748251465e-15 4.512302067219069e-15 1
		outer loop
			vertex 12.820765495300293 1.734208583831787 0.8999999761581426
			vertex 12.83232593536377 1.7529842853546143 0.8999999761581425
			vertex 12.716245651245117 1.8115108013153076 0.8999999761581425
		endloop
	endfacet
	facet normal -1.4484920668925372e-16 8.447776253976719e-16 1
		outer loop
			vertex 12.727270126342773 1.6819791793823242 0.8999999761581426
			vertex 12.749003410339355 1.6857056617736816 0.8999999761581426
			vertex 12.716245651245117 1.8115108013153076 0.8999999761581425
		endloop
	endfacet
	facet normal -2.855416651419424e-16 8.081434332083745e-16 1
		outer loop
			vertex 12.749003410339355 1.6857056617736816 0.8999999761581426
			vertex 12.769792556762695 1.6930510997772217 0.8999999761581426
			vertex 12.716245651245117 1.8115108013153076 0.8999999761581425
		endloop
	endfacet
	facet normal -4.179984834502522e-16 7.482694622036974e-16 1
		outer loop
			vertex 12.769792556762695 1.6930510997772217 0.8999999761581426
			vertex 12.789042472839355 1.7038044929504395 0.8999999761581426
			vertex 12.716245651245117 1.8115108013153076 0.8999999761581425
		endloop
	endfacet
	facet normal -3.6270486646611555e-17 8.540185257056541e-16 1
		outer loop
			vertex 13.076245307922363 1.6815109252929688 0.8999999761581426
			vertex 13.087270736694336 1.6819791793823242 0.8999999761581426
			vertex 13.076245307922363 1.8115108013153076 0.8999999761581425
		endloop
	endfacet
	facet normal 3.627676236019346e-17 8.540185257056543e-16 1
		outer loop
			vertex 13.065221786499023 1.6819791793823242 0.8999999761581426
			vertex 13.076245307922363 1.6815109252929688 0.8999999761581426
			vertex 13.076245307922363 1.8115108013153076 0.8999999761581425
		endloop
	endfacet
	facet normal 4.179984834502522e-16 7.482694622036974e-16 1
		outer loop
			vertex 13.003448486328125 1.7038044929504395 0.8999999761581426
			vertex 13.022698402404785 1.6930510997772217 0.8999999761581426
			vertex 13.076245307922363 1.8115108013153076 0.8999999761581425
		endloop
	endfacet
	facet normal 2.855190771612359e-16 8.081536435706584e-16 1
		outer loop
			vertex 13.022698402404785 1.6930510997772217 0.8999999761581426
			vertex 13.043489456176758 1.6857056617736816 0.8999999761581426
			vertex 13.076245307922363 1.8115108013153076 0.8999999761581425
		endloop
	endfacet
	facet normal 1.4485565188304803e-16 8.447781433425204e-16 1
		outer loop
			vertex 13.043489456176758 1.6857056617736816 0.8999999761581426
			vertex 13.065221786499023 1.6819791793823242 0.8999999761581426
			vertex 13.076245307922363 1.8115108013153076 0.8999999761581425
		endloop
	endfacet
	facet normal -2.2750717458413263e-15 4.512293285106031e-15 1
		outer loop
			vertex 12.960165977478027 1.7529842853546143 0.8999999761581425
			vertex 12.971726417541504 1.734208583831787 0.8999999761581426
			vertex 13.076245307922363 1.8115108013153076 0.8999999761581425
		endloop
	endfacet
	facet normal 6.434117201982109e-16 5.662660766321543e-16 1
		outer loop
			vertex 12.971726417541504 1.734208583831787 0.8999999761581426
			vertex 12.98629379272461 1.7176566123962402 0.8999999761581426
			vertex 13.076245307922363 1.8115108013153076 0.8999999761581425
		endloop
	endfacet
	facet normal 5.384672381665877e-16 6.668467249666492e-16 1
		outer loop
			vertex 12.98629379272461 1.7176566123962402 0.8999999761581426
			vertex 13.003448486328125 1.7038044929504395 0.8999999761581426
			vertex 13.076245307922363 1.8115108013153076 0.8999999761581425
		endloop
	endfacet
	facet normal 0 0 1
		outer loop
			vertex 12.947298049926758 1.7949984073638916 0.8999999761581425
			vertex 12.951943397521973 1.7734439373016357 0.8999999761581425
			vertex 13.076245307922363 1.8115108013153076 0.8999999761581425
		endloop
	endfacet
	facet normal 0 0 1
		outer loop
			vertex 12.951943397521973 1.7734439373016357 0.8999999761581425
			vertex 12.960165977478027 1.7529842853546143 0.8999999761581425
			vertex 13.076245307922363 1.8115108013153076 0.8999999761581425
		endloop
	endfacet
	facet normal 0 0 1
		outer loop
			vertex 13.192326545715332 1.7529842853546143 0.8999999761581425
			vertex 13.200547218322754 1.7734439373016357 0.8999999761581425
			vertex 13.076245307922363 1.8115108013153076 0.8999999761581425
		endloop
	endfacet
	facet normal 0 0 1
		outer loop
			vertex 13.200547218322754 1.7734439373016357 0.8999999761581425
			vertex 13.205192565917969 1.7949984073638916 0.8999999761581425
			vertex 13.076245307922363 1.8115108013153076 0.8999999761581425
		endloop
	endfacet
	facet normal -5.384285095398521e-16 6.668729009722507e-16 1
		outer loop
			vertex 13.149042129516602 1.7038044929504395 0.8999999761581426
			vertex 13.16619873046875 1.7176566123962402 0.8999999761581426
			vertex 13.076245307922363 1.8115108013153076 0.8999999761581425
		endloop
	endfacet
	facet normal -6.434247721335929e-16 5.662404914478277e-16 1
		outer loop
			vertex 13.16619873046875 1.7176566123962402 0.8999999761581426
			vertex 13.180765151977539 1.734208583831787 0.8999999761581426
			vertex 13.076245307922363 1.8115108013153076 0.8999999761581425
		endloop
	endfacet
	facet normal 2.2749987602662247e-15 4.512222669234797e-15 1
		outer loop
			vertex 13.180765151977539 1.734208583831787 0.8999999761581426
			vertex 13.192326545715332 1.7529842853546143 0.8999999761581425
			vertex 13.076245307922363 1.8115108013153076 0.8999999761581425
		endloop
	endfacet
	facet normal -1.448552913960033e-16 8.447760410318934e-16 1
		outer loop
			vertex 13.087270736694336 1.6819791793823242 0.8999999761581426
			vertex 13.109003067016602 1.6857056617736816 0.8999999761581426
			vertex 13.076245307922363 1.8115108013153076 0.8999999761581425
		endloop
	endfacet
	facet normal -2.8552967038989163e-16 8.081465564607274e-16 1
		outer loop
			vertex 13.109003067016602 1.6857056617736816 0.8999999761581426
			vertex 13.129793167114258 1.6930510997772217 0.8999999761581426
			vertex 13.076245307922363 1.8115108013153076 0.8999999761581425
		endloop
	endfacet
	facet normal -4.180135166180046e-16 7.482593015469309e-16 1
		outer loop
			vertex 13.129793167114258 1.6930510997772217 0.8999999761581426
			vertex 13.149042129516602 1.7038044929504395 0.8999999761581426
			vertex 13.076245307922363 1.8115108013153076 0.8999999761581425
		endloop
	endfacet
	facet normal -3.6273624231961605e-17 8.540185257056541e-16 1
		outer loop
			vertex 13.436245918273926 1.6815109252929688 0.8999999761581426
			vertex 13.447270393371582 1.6819791793823242 0.8999999761581426
			vertex 13.436245918273926 1.8115108013153076 0.8999999761581425
		endloop
	endfacet
	facet normal 3.6273624231961605e-17 8.540185257056541e-16 1
		outer loop
			vertex 13.42522144317627 1.6819791793823242 0.8999999761581426
			vertex 13.436245918273926 1.6815109252929688 0.8999999761581426
			vertex 13.436245918273926 1.8115108013153076 0.8999999761581425
		endloop
	endfacet
	facet normal 4.180150175881927e-16 7.482619883378119e-16 1
		outer loop
			vertex 13.363450050354004 1.7038044929504395 0.8999999761581426
			vertex 13.382699012756348 1.6930510997772217 0.8999999761581426
			vertex 13.436245918273926 1.8115108013153076 0.8999999761581425
		endloop
	endfacet
	facet normal 2.855303707048618e-16 8.081485385914489e-16 1
		outer loop
			vertex 13.382699012756348 1.6930510997772217 0.8999999761581426
			vertex 13.403489112854004 1.6857056617736816 0.8999999761581426
			vertex 13.436245918273926 1.8115108013153076 0.8999999761581425
		endloop
	endfacet
	facet normal 1.448554716393014e-16 8.44777092185899e-16 1
		outer loop
			vertex 13.403489112854004 1.6857056617736816 0.8999999761581426
			vertex 13.42522144317627 1.6819791793823242 0.8999999761581426
			vertex 13.436245918273926 1.8115108013153076 0.8999999761581425
		endloop
	endfacet
	facet normal -2.27505748251465e-15 4.512302067219069e-15 1
		outer loop
			vertex 13.320165634155273 1.7529842853546143 0.8999999761581425
			vertex 13.33172607421875 1.734208583831787 0.8999999761581426
			vertex 13.436245918273926 1.8115108013153076 0.8999999761581425
		endloop
	endfacet
	facet normal 6.434081641684099e-16 5.662629469735228e-16 1
		outer loop
			vertex 13.33172607421875 1.734208583831787 0.8999999761581426
			vertex 13.346293449401855 1.7176566123962402 0.8999999761581426
			vertex 13.436245918273926 1.8115108013153076 0.8999999761581425
		endloop
	endfacet
	facet normal 5.384309998185902e-16 6.668759853174827e-16 1
		outer loop
			vertex 13.346293449401855 1.7176566123962402 0.8999999761581426
			vertex 13.363450050354004 1.7038044929504395 0.8999999761581426
			vertex 13.436245918273926 1.8115108013153076 0.8999999761581425
		endloop
	endfacet
	facet normal 0 0 1
		outer loop
			vertex 13.307299613952637 1.7949984073638916 0.8999999761581425
			vertex 13.311944961547852 1.7734439373016357 0.8999999761581425
			vertex 13.436245918273926 1.8115108013153076 0.8999999761581425
		endloop
	endfacet
	facet normal 0 0 1
		outer loop
			vertex 13.311944961547852 1.7734439373016357 0.8999999761581425
			vertex 13.320165634155273 1.7529842853546143 0.8999999761581425
			vertex 13.436245918273926 1.8115108013153076 0.8999999761581425
		endloop
	endfacet
	facet normal 0 0 1
		outer loop
			vertex 13.552326202392578 1.7529842853546143 0.8999999761581425
			vertex 13.560546875 1.7734439373016357 0.8999999761581425
			vertex 13.436245918273926 1.8115108013153076 0.8999999761581425
		endloop
	endfacet
	facet normal 0 0 1
		outer loop
			vertex 13.560546875 1.7734439373016357 0.8999999761581425
			vertex 13.565192222595215 1.7949984073638916 0.8999999761581425
			vertex 13.436245918273926 1.8115108013153076 0.8999999761581425
		endloop
	endfacet
	facet normal -5.384478731568171e-16 6.668598134401365e-16 1
		outer loop
			vertex 13.509042739868164 1.7038044929504395 0.8999999761581426
			vertex 13.526198387145996 1.7176566123962402 0.8999999761581426
			vertex 13.436245918273926 1.8115108013153076 0.8999999761581425
		endloop
	endfacet
	facet normal -6.434081641684099e-16 5.662629469735228e-16 1
		outer loop
			vertex 13.526198387145996 1.7176566123962402 0.8999999761581426
			vertex 13.540765762329102 1.734208583831787 0.8999999761581426
			vertex 13.436245918273926 1.8115108013153076 0.8999999761581425
		endloop
	endfacet
	facet normal 2.27505748251465e-15 4.512302067219069e-15 1
		outer loop
			vertex 13.540765762329102 1.734208583831787 0.8999999761581426
			vertex 13.552326202392578 1.7529842853546143 0.8999999761581425
			vertex 13.436245918273926 1.8115108013153076 0.8999999761581425
		endloop
	endfacet
	facet normal -1.448554716393014e-16 8.44777092185899e-16 1
		outer loop
			vertex 13.447270393371582 1.6819791793823242 0.8999999761581426
			vertex 13.469002723693848 1.6857056617736816 0.8999999761581426
			vertex 13.436245918273926 1.8115108013153076 0.8999999761581425
		endloop
	endfacet
	facet normal -2.855303707048618e-16 8.081485385914489e-16 1
		outer loop
			vertex 13.469002723693848 1.6857056617736816 0.8999999761581426
			vertex 13.489792823791504 1.6930510997772217 0.8999999761581426
			vertex 13.436245918273926 1.8115108013153076 0.8999999761581425
		endloop
	endfacet
	facet normal -4.179984834502522e-16 7.482694622036974e-16 1
		outer loop
			vertex 13.489792823791504 1.6930510997772217 0.8999999761581426
			vertex 13.509042739868164 1.7038044929504395 0.8999999761581426
			vertex 13.436245918273926 1.8115108013153076 0.8999999761581425
		endloop
	endfacet
	facet normal -3.627676236019346e-17 8.540185257056543e-16 1
		outer loop
			vertex 13.796246528625488 1.6815109252929688 0.8999999761581426
			vertex 13.807270050048828 1.6819791793823242 0.8999999761581426
			vertex 13.796246528625488 1.8115108013153076 0.8999999761581425
		endloop
	endfacet
	facet normal 3.6270486646611555e-17 8.540185257056541e-16 1
		outer loop
			vertex 13.785221099853516 1.6819791793823242 0.8999999761581426
			vertex 13.796246528625488 1.6815109252929688 0.8999999761581426
			vertex 13.796246528625488 1.8115108013153076 0.8999999761581425
		endloop
	endfacet
	facet normal 4.180135166180046e-16 7.482593015469309e-16 1
		outer loop
			vertex 13.72344970703125 1.7038044929504395 0.8999999761581426
			vertex 13.742698669433594 1.6930510997772217 0.8999999761581426
			vertex 13.796246528625488 1.8115108013153076 0.8999999761581425
		endloop
	endfacet
	facet normal 2.8552967038989163e-16 8.081465564607274e-16 1
		outer loop
			vertex 13.742698669433594 1.6930510997772217 0.8999999761581426
			vertex 13.76348876953125 1.6857056617736816 0.8999999761581426
			vertex 13.796246528625488 1.8115108013153076 0.8999999761581425
		endloop
	endfacet
	facet normal 1.448552913960033e-16 8.447760410318934e-16 1
		outer loop
			vertex 13.76348876953125 1.6857056617736816 0.8999999761581426
			vertex 13.785221099853516 1.6819791793823242 0.8999999761581426
			vertex 13.796246528625488 1.8115108013153076 0.8999999761581425
		endloop
	endfacet
	facet normal -2.2749987602662247e-15 4.512222669234797e-15 1
		outer loop
			vertex 13.68016529083252 1.7529842853546143 0.8999999761581425
			vertex 13.691726684570312 1.734208583831787 0.8999999761581426
			vertex 13.796246528625488 1.8115108013153076 0.8999999761581425
		endloop
	endfacet
	facet normal 6.434081641684099e-16 5.662629469735228e-16 1
		outer loop
			vertex 13.691726684570312 1.734208583831787 0.8999999761581426
			vertex 13.706294059753418 1.7176566123962402 0.8999999761581426
			vertex 13.796246528625488 1.8115108013153076 0.8999999761581425
		endloop
	endfacet
	facet normal 5.384478731568171e-16 6.668598134401365e-16 1
		outer loop
			vertex 13.706294059753418 1.7176566123962402 0.8999999761581426
			vertex 13.72344970703125 1.7038044929504395 0.8999999761581426
			vertex 13.796246528625488 1.8115108013153076 0.8999999761581425
		endloop
	endfacet
	facet normal 0 0 1
		outer loop
			vertex 13.667299270629883 1.7949984073638916 0.8999999761581425
			vertex 13.671944618225098 1.7734439373016357 0.8999999761581425
			vertex 13.796246528625488 1.8115108013153076 0.8999999761581425
		endloop
	endfacet
	facet normal 0 0 1
		outer loop
			vertex 13.671944618225098 1.7734439373016357 0.8999999761581425
			vertex 13.68016529083252 1.7529842853546143 0.8999999761581425
			vertex 13.796246528625488 1.8115108013153076 0.8999999761581425
		endloop
	endfacet
	facet normal 0 0 1
		outer loop
			vertex 13.91232681274414 1.7529842853546143 0.8999999761581425
			vertex 13.920548439025879 1.7734439373016357 0.8999999761581425
			vertex 13.796246528625488 1.8115108013153076 0.8999999761581425
		endloop
	endfacet
	facet normal 0 0 1
		outer loop
			vertex 13.920548439025879 1.7734439373016357 0.8999999761581425
			vertex 13.925192832946777 1.7949984073638916 0.8999999761581425
			vertex 13.796246528625488 1.8115108013153076 0.8999999761581425
		endloop
	endfacet
	facet normal -5.384503636146756e-16 6.66862897835759e-16 1
		outer loop
			vertex 13.86904239654541 1.7038044929504395 0.8999999761581426
			vertex 13.886198043823242 1.7176566123962402 0.8999999761581426
			vertex 13.796246528625488 1.8115108013153076 0.8999999761581425
		endloop
	endfacet
	facet normal -6.433915570605687e-16 5.662854013400119e-16 1
		outer loop
			vertex 13.886198043823242 1.7176566123962402 0.8999999761581426
			vertex 13.900766372680664 1.734208583831787 0.8999999761581426
			vertex 13.796246528625488 1.8115108013153076 0.8999999761581425
		endloop
	endfacet
	facet normal 2.27505748251465e-15 4.512302067219069e-15 1
		outer loop
			vertex 13.900766372680664 1.734208583831787 0.8999999761581426
			vertex 13.91232681274414 1.7529842853546143 0.8999999761581425
			vertex 13.796246528625488 1.8115108013153076 0.8999999761581425
		endloop
	endfacet
	facet normal -1.4485565188304803e-16 8.447781433425204e-16 1
		outer loop
			vertex 13.807270050048828 1.6819791793823242 0.8999999761581426
			vertex 13.829002380371094 1.6857056617736816 0.8999999761581426
			vertex 13.796246528625488 1.8115108013153076 0.8999999761581425
		endloop
	endfacet
	facet normal -2.855310710232673e-16 8.081505207318935e-16 1
		outer loop
			vertex 13.829002380371094 1.6857056617736816 0.8999999761581426
			vertex 13.84979248046875 1.6930510997772217 0.8999999761581426
			vertex 13.796246528625488 1.8115108013153076 0.8999999761581425
		endloop
	endfacet
	facet normal -4.1799998431248217e-16 7.482721489344347e-16 1
		outer loop
			vertex 13.84979248046875 1.6930510997772217 0.8999999761581426
			vertex 13.86904239654541 1.7038044929504395 0.8999999761581426
			vertex 13.796246528625488 1.8115108013153076 0.8999999761581425
		endloop
	endfacet
	facet normal -3.6270486646611555e-17 8.540185257056541e-16 1
		outer loop
			vertex 14.156246185302734 1.6815109252929688 0.8999999761581426
			vertex 14.167271614074707 1.6819791793823242 0.8999999761581426
			vertex 14.156246185302734 1.8115108013153076 0.8999999761581425
		endloop
	endfacet
	facet normal 3.6273624231961605e-17 8.540185257056541e-16 1
		outer loop
			vertex 14.145221710205078 1.6819791793823242 0.8999999761581426
			vertex 14.156246185302734 1.6815109252929688 0.8999999761581426
			vertex 14.156246185302734 1.8115108013153076 0.8999999761581425
		endloop
	endfacet
	facet normal 4.179984834502522e-16 7.482694622036974e-16 1
		outer loop
			vertex 14.083449363708496 1.7038044929504395 0.8999999761581426
			vertex 14.102699279785156 1.6930510997772217 0.8999999761581426
			vertex 14.156246185302734 1.8115108013153076 0.8999999761581425
		endloop
	endfacet
	facet normal 2.855303707048618e-16 8.081485385914489e-16 1
		outer loop
			vertex 14.102699279785156 1.6930510997772217 0.8999999761581426
			vertex 14.123489379882812 1.6857056617736816 0.8999999761581426
			vertex 14.156246185302734 1.8115108013153076 0.8999999761581425
		endloop
	endfacet
	facet normal 1.448554716393014e-16 8.44777092185899e-16 1
		outer loop
			vertex 14.123489379882812 1.6857056617736816 0.8999999761581426
			vertex 14.145221710205078 1.6819791793823242 0.8999999761581426
			vertex 14.156246185302734 1.8115108013153076 0.8999999761581425
		endloop
	endfacet
	facet normal -2.2749987602662247e-15 4.512222669234797e-15 1
		outer loop
			vertex 14.040164947509766 1.7529842853546143 0.8999999761581425
			vertex 14.051726341247559 1.734208583831787 0.8999999761581426
			vertex 14.156246185302734 1.8115108013153076 0.8999999761581425
		endloop
	endfacet
	facet normal 6.434081641684099e-16 5.662629469735228e-16 1
		outer loop
			vertex 14.051726341247559 1.734208583831787 0.8999999761581426
			vertex 14.066293716430664 1.7176566123962402 0.8999999761581426
			vertex 14.156246185302734 1.8115108013153076 0.8999999761581425
		endloop
	endfacet
	facet normal 5.384478731568171e-16 6.668598134401365e-16 1
		outer loop
			vertex 14.066293716430664 1.7176566123962402 0.8999999761581426
			vertex 14.083449363708496 1.7038044929504395 0.8999999761581426
			vertex 14.156246185302734 1.8115108013153076 0.8999999761581425
		endloop
	endfacet
	facet normal 0 0 1
		outer loop
			vertex 14.027298927307129 1.7949984073638916 0.8999999761581425
			vertex 14.031944274902344 1.7734439373016357 0.8999999761581425
			vertex 14.156246185302734 1.8115108013153076 0.8999999761581425
		endloop
	endfacet
	facet normal 0 0 1
		outer loop
			vertex 14.031944274902344 1.7734439373016357 0.8999999761581425
			vertex 14.040164947509766 1.7529842853546143 0.8999999761581425
			vertex 14.156246185302734 1.8115108013153076 0.8999999761581425
		endloop
	endfacet
	facet normal 0 0 1
		outer loop
			vertex 14.272326469421387 1.7529842853546143 0.8999999761581425
			vertex 14.280548095703125 1.7734439373016357 0.8999999761581425
			vertex 14.156246185302734 1.8115108013153076 0.8999999761581425
		endloop
	endfacet
	facet normal 0 0 1
		outer loop
			vertex 14.280548095703125 1.7734439373016357 0.8999999761581425
			vertex 14.28519344329834 1.7949984073638916 0.8999999761581425
			vertex 14.156246185302734 1.8115108013153076 0.8999999761581425
		endloop
	endfacet
	facet normal -5.384672381665877e-16 6.668467249666492e-16 1
		outer loop
			vertex 14.229043006896973 1.7038044929504395 0.8999999761581426
			vertex 14.246197700500488 1.7176566123962402 0.8999999761581426
			vertex 14.156246185302734 1.8115108013153076 0.8999999761581425
		endloop
	endfacet
	facet normal -6.433915570605687e-16 5.662854013400119e-16 1
		outer loop
			vertex 14.246197700500488 1.7176566123962402 0.8999999761581426
			vertex 14.26076602935791 1.734208583831787 0.8999999761581426
			vertex 14.156246185302734 1.8115108013153076 0.8999999761581425
		endloop
	endfacet
	facet normal 2.27505748251465e-15 4.512302067219069e-15 1
		outer loop
			vertex 14.26076602935791 1.734208583831787 0.8999999761581426
			vertex 14.272326469421387 1.7529842853546143 0.8999999761581425
			vertex 14.156246185302734 1.8115108013153076 0.8999999761581425
		endloop
	endfacet
	facet normal -1.4486155687241918e-16 8.447755077291916e-16 1
		outer loop
			vertex 14.167271614074707 1.6819791793823242 0.8999999761581426
			vertex 14.189002990722656 1.6857056617736816 0.8999999761581426
			vertex 14.156246185302734 1.8115108013153076 0.8999999761581425
		endloop
	endfacet
	facet normal -2.855183769016634e-16 8.081516615058151e-16 1
		outer loop
			vertex 14.189002990722656 1.6857056617736816 0.8999999761581426
			vertex 14.209794044494629 1.6930510997772217 0.8999999761581426
			vertex 14.156246185302734 1.8115108013153076 0.8999999761581425
		endloop
	endfacet
	facet normal -4.180135166180046e-16 7.482593015469309e-16 1
		outer loop
			vertex 14.209794044494629 1.6930510997772217 0.8999999761581426
			vertex 14.229043006896973 1.7038044929504395 0.8999999761581426
			vertex 14.156246185302734 1.8115108013153076 0.8999999761581425
		endloop
	endfacet
endsolid exported
