# Exported by SolidWorks
g 
v 0.00787135 -0.00082500 -0.00142894
v 0.00783964 -0.00042717 -0.00159374
v 0.00776753 -0.00970000 -0.00191453
v 0.00800000 -0.00970000 0.00000000
v 0.00800000 -0.00165000 0.00000000
v 0.00798855 -0.00159356 -0.00042785
v 0.00795735 -0.00142894 -0.00082500
v 0.00791449 -0.00116692 -0.00116653
v 0.00782799 -0.00000000 -0.00165000
v 0.00783964 0.00042707 -0.00159377
v 0.00776753 0.00970000 -0.00191453
v 0.00787135 0.00082500 -0.00142894
v 0.00791447 0.00116680 -0.00116665
v 0.00800000 0.00165000 0.00000000
v 0.00800000 0.00970000 0.00000000
v 0.00798850 0.00159333 -0.00042873
v 0.00795735 0.00142894 -0.00082500
v -0.00800000 -0.00500000 0.00000000
v -0.00800000 -0.00970000 0.00000000
v -0.00793984 -0.00490318 -0.00097922
v -0.00776753 -0.00970000 -0.00191453
v -0.00792210 -0.00487439 -0.00111368
v -0.00711094 -0.00340081 -0.00366531
v -0.00727510 -0.00373190 -0.00332760
v -0.00708365 -0.00970000 -0.00371779
v -0.00754462 -0.00423335 -0.00266058
v -0.00759899 -0.00432951 -0.00250107
v -0.00776753 -0.00461894 -0.00191453
v -0.00661151 0.00217074 -0.00450421
v -0.00653611 0.00192892 -0.00461294
v -0.00598809 0.00970000 -0.00530498
v -0.00637098 0.00126070 -0.00483845
v -0.00628937 0.00074576 -0.00494407
v -0.00624566 0.00009073 -0.00499918
v -0.00628936 -0.00074570 -0.00494408
v -0.00598809 -0.00970000 -0.00530498
v -0.00630507 -0.00086829 -0.00492403
v -0.00643679 -0.00155956 -0.00475055
v -0.00657296 -0.00205032 -0.00456028
v -0.00661134 -0.00217020 -0.00450447
v -0.00681673 -0.00273273 -0.00418714
v -0.00759916 0.00432981 -0.00250055
v -0.00736772 0.00390939 -0.00311715
v -0.00708365 0.00970000 -0.00371779
v -0.00711091 0.00340074 -0.00366537
v -0.00677633 0.00263034 -0.00425221
v -0.00800000 0.00970000 0.00000000
v -0.00800000 0.00500000 0.00000000
v -0.00776753 0.00970000 -0.00191453
v -0.00793978 0.00490307 -0.00097974
v -0.00792210 0.00487439 -0.00111368
v -0.00776753 0.00461894 -0.00191453
v -0.00454452 0.00970000 -0.00658387
v -0.00454452 -0.00970000 -0.00658387
v -0.00283684 0.00970000 -0.00748013
v -0.00283684 -0.00970000 -0.00748013
v -0.00096429 0.00970000 -0.00794167
v -0.00096429 -0.00970000 -0.00794167
v 0.00096429 0.00970000 -0.00794167
v 0.00096429 -0.00970000 -0.00794167
v 0.00283684 0.00970000 -0.00748013
v 0.00283684 -0.00970000 -0.00748013
v 0.00454452 0.00970000 -0.00658387
v 0.00454452 -0.00970000 -0.00658387
v 0.00598809 0.00970000 -0.00530498
v 0.00598809 -0.00970000 -0.00530498
v 0.00708365 0.00970000 -0.00371779
v 0.00708365 -0.00970000 -0.00371779
v 0.01237522 -0.00686457 -0.00137029
v 0.01228085 -0.00676127 -0.00181252
v 0.01850000 -0.00676148 -0.00181173
v 0.01087633 -0.00510287 -0.00479174
v 0.01075845 -0.00494940 -0.00495009
v 0.01850000 -0.00494975 -0.00494975
v 0.00867468 -0.00000000 0.00700000
v 0.01850000 -0.00000000 0.00700000
v 0.00867709 0.00015907 0.00699819
v 0.00872094 0.00069778 0.00696514
v 0.01850000 0.00233198 0.00660014
v 0.00900893 0.00189094 0.00673976
v 0.01850000 0.00181173 0.00676148
v 0.01850000 0.00118301 0.00689931
v 0.00884740 0.00135308 0.00686798
v 0.00873722 0.00081168 0.00695278
v 0.01011343 0.00404380 0.00571381
v 0.00978023 0.00351318 0.00605455
v 0.01850000 0.00350000 0.00606218
v 0.00947268 0.00295982 0.00634346
v 0.00921801 0.00242508 0.00656651
v 0.01153219 0.00591016 0.00375100
v 0.01121880 0.00553325 0.00428756
v 0.01850000 0.00494975 0.00494975
v 0.01087841 0.00510555 0.00478887
v 0.01075845 0.00494940 0.00495010
v 0.01850000 0.00439754 0.00544625
v 0.01051905 0.00462764 0.00525214
v 0.01850000 0.00676148 0.00181173
v 0.01228097 0.00676140 0.00181205
v 0.01850000 0.00649522 0.00261000
v 0.01226896 0.00674820 0.00186059
v 0.01850000 0.00606218 0.00350000
v 0.01222208 0.00669654 0.00203871
v 0.01203733 0.00649094 0.00262063
v 0.01850000 0.00525471 0.00462472
v 0.01850000 0.00596070 0.00367015
v 0.01166119 0.00606135 0.00350144
v 0.01181090 0.00623424 0.00318344
v 0.01228077 0.00676117 -0.00181288
v 0.01234185 0.00682813 -0.00154165
v 0.01850000 0.00676148 -0.00181173
v 0.01243820 0.00693309 -0.00096553
v 0.01850000 0.00694330 -0.00088912
v 0.01249022 0.00698943 -0.00038458
v 0.01850000 0.00700000 0.00000000
v 0.01250000 0.00700000 -0.00000005
v 0.01850000 0.00699369 0.00029709
v 0.01249922 0.00699916 0.00010876
v 0.01850000 0.00684289 0.00147475
v 0.01246751 0.00696485 0.00070057
v 0.01239050 0.00688122 0.00128404
v 0.01850000 0.00625048 -0.00315143
v 0.01850000 0.00606218 -0.00350000
v 0.01220152 0.00667382 -0.00211190
v 0.01210721 0.00656909 -0.00241807
v 0.01850000 0.00669317 -0.00204976
v 0.01119609 0.00550536 -0.00432332
v 0.01137151 0.00571871 -0.00403687
v 0.01850000 0.00494975 -0.00494975
v 0.01165225 0.00605094 -0.00351939
v 0.01850000 0.00562798 -0.00416243
v 0.01189862 0.00633434 -0.00297929
v 0.01850000 0.00391982 -0.00579957
v 0.01050363 0.00460640 -0.00527077
v 0.01850000 0.00484357 -0.00505369
v 0.01075849 0.00494945 -0.00495004
v 0.01085763 0.00507873 -0.00481731
v 0.01850000 0.00350000 -0.00606218
v 0.00979444 0.00353705 -0.00604064
v 0.01014324 0.00408873 -0.00568175
v 0.01850000 0.00181173 -0.00676148
v 0.00919979 0.00238287 -0.00658194
v 0.01850000 0.00288331 -0.00637860
v 0.00947654 0.00296728 -0.00633997
v 0.00868833 0.00037865 -0.00698975
v 0.00875706 0.00093208 -0.00693767
v 0.01850000 0.00059364 -0.00697478
v 0.00888154 0.00148223 -0.00684127
v 0.00898252 0.00181334 -0.00676105
v 0.00906025 0.00203389 -0.00669801
v 0.00867475 0.00002702 -0.00699995
v 0.01850000 -0.00000000 -0.00700000
v 0.00869891 -0.00050473 -0.00698178
v 0.01850000 -0.00059364 -0.00697478
v 0.00877655 -0.00103703 -0.00692276
v 0.01850000 -0.00288331 -0.00637860
v 0.00918764 -0.00235433 -0.00659220
v 0.01850000 -0.00181173 -0.00676148
v 0.00898204 -0.00181190 -0.00676144
v 0.00897767 -0.00179876 -0.00676494
v 0.00890628 -0.00156948 -0.00682178
v 0.01004781 -0.00394361 -0.00578342
v 0.00977264 -0.00350039 -0.00606195
v 0.01850000 -0.00350000 -0.00606218
v 0.00944107 -0.00289808 -0.00637190
v 0.01850000 -0.00484357 -0.00505369
v 0.01051591 -0.00462332 -0.00525594
v 0.01850000 -0.00391982 -0.00579957
v 0.01015148 -0.00410107 -0.00567285
v 0.01203868 -0.00649245 -0.00261688
v 0.01180805 -0.00623096 -0.00318984
v 0.01850000 -0.00606218 -0.00350000
v 0.01166124 -0.00606140 -0.00350134
v 0.01850000 -0.00562798 -0.00416243
v 0.01153874 -0.00591789 -0.00373879
v 0.01122071 -0.00553559 -0.00428454
v 0.01850000 -0.00669317 -0.00204976
v 0.01224607 -0.00672299 -0.00194971
v 0.01850000 -0.00625048 -0.00315143
v 0.01850000 -0.00676148 0.00181173
v 0.01238507 -0.00687530 0.00131538
v 0.01850000 -0.00684289 0.00147475
v 0.01246459 -0.00696169 0.00073130
v 0.01850000 -0.00699369 0.00029709
v 0.01249858 -0.00699846 0.00014680
v 0.01850000 -0.00700000 0.00000000
v 0.01250000 -0.00700000 -0.00000008
v 0.01850000 -0.00694330 -0.00088912
v 0.01248739 -0.00698638 -0.00043650
v 0.01245975 -0.00695646 -0.00077954
v 0.01850000 -0.00606218 0.00350000
v 0.01166138 -0.00606156 0.00350106
v 0.01178598 -0.00620564 0.00323883
v 0.01201044 -0.00646073 0.00269424
v 0.01219506 -0.00666667 0.00213435
v 0.01850000 -0.00649522 0.00261000
v 0.01228076 -0.00676117 0.00181289
v 0.01233803 -0.00682395 0.00156002
v 0.01850000 -0.00525471 0.00462472
v 0.01850000 -0.00494975 0.00494975
v 0.01154623 -0.00592671 0.00372479
v 0.01124549 -0.00556592 0.00424506
v 0.01850000 -0.00596070 0.00367015
v 0.00997219 -0.00382572 0.00586207
v 0.01033166 -0.00436480 0.00547252
v 0.01850000 -0.00350000 0.00606218
v 0.01057272 -0.00470104 0.00518654
v 0.01850000 -0.00439754 0.00544625
v 0.01075841 -0.00494935 0.00495015
v 0.01091883 -0.00515749 0.00473290
v 0.00977302 -0.00350104 0.00606158
v 0.00963368 -0.00325904 0.00619505
v 0.01850000 -0.00233198 0.00660014
v 0.00932907 -0.00266968 0.00647092
v 0.01850000 -0.00118301 0.00689931
v 0.00894107 -0.00168488 0.00679420
v 0.01850000 -0.00181173 0.00676148
v 0.00898240 -0.00181300 0.00676114
v 0.00914144 -0.00224291 0.00663094
v 0.00868803 -0.00037458 0.00698997
v 0.00875270 -0.00090698 0.00694099
v 0.00879447 -0.00112513 0.00690899
v 0.01300000 -0.00000000 0.00165000
v 0.01300000 0.00082500 0.00142894
v 0.01300000 0.00147378 0.00477786
v 0.01300000 0.00142894 0.00082500
v 0.01300000 0.00390916 0.00311745
v 0.01300000 0.00281660 0.00413119
v 0.01300000 0.00142894 -0.00082500
v 0.01300000 0.00487464 -0.00111260
v 0.01300000 0.00165000 0.00000000
v 0.01300000 0.00498602 0.00037365
v 0.01300000 0.00465437 0.00182671
v 0.01300000 -0.00142894 -0.00082500
v 0.01300000 -0.00340086 -0.00366526
v 0.01300000 -0.00082500 -0.00142894
v 0.01300000 -0.00216942 -0.00450484
v 0.01300000 -0.00000000 -0.00165000
v 0.01300000 0.00082500 -0.00142894
v 0.01300000 0.00340086 -0.00366526
v 0.01300000 0.00433013 -0.00250000
v 0.01300000 -0.00074521 -0.00494415
v 0.01300000 0.00074521 -0.00494415
v 0.01300000 0.00216942 -0.00450484
v 0.01300000 -0.00165000 0.00000000
v 0.01300000 -0.00487464 -0.00111260
v 0.01300000 -0.00433013 -0.00250000
v 0.01300000 -0.00142894 0.00082500
v 0.01300000 -0.00465437 0.00182671
v 0.01300000 -0.00498602 0.00037365
v 0.01300000 -0.00000000 0.00500000
v 0.01300000 -0.00147378 0.00477786
v 0.01300000 -0.00082500 0.00142894
v 0.01300000 -0.00281660 0.00413119
v 0.01300000 -0.00390916 0.00311745
v 0.02070000 -0.00216942 -0.00450484
v 0.02070000 -0.00074521 -0.00494415
v 0.02070000 -0.00000000 -0.00500000
v 0.02070000 0.00074521 -0.00494415
v 0.02070000 0.00216942 -0.00450484
v 0.02070000 0.00340086 -0.00366526
v 0.02070000 0.00433013 -0.00250000
v 0.02070000 0.00487464 -0.00111260
v 0.02070000 0.00498602 0.00037365
v 0.02070000 0.00465437 0.00182671
v 0.02070000 0.00390916 0.00311745
v 0.02070000 0.00281660 0.00413119
v 0.02070000 0.00147378 0.00477786
v 0.02070000 -0.00000000 0.00500000
v 0.02070000 -0.00147378 0.00477786
v 0.02070000 -0.00281660 0.00413119
v 0.02070000 -0.00390916 0.00311745
v 0.02070000 -0.00465437 0.00182671
v 0.02070000 -0.00498602 0.00037365
v 0.02070000 -0.00487464 -0.00111260
v 0.02070000 -0.00433013 -0.00250000
v 0.02070000 -0.00340086 -0.00366526
v 0.02100000 0.00156220 0.00506454
v 0.02100000 0.00104875 0.00964314
v 0.02100000 -0.00000000 0.00530000
v 0.02100000 -0.00104875 0.00964314
v 0.02100000 -0.00156220 0.00506454
v 0.02100000 -0.00309722 0.00919224
v 0.02100000 -0.00298560 0.00437907
v 0.02100000 0.00516712 -0.00117936
v 0.02100000 0.00968577 -0.00052515
v 0.02100000 0.00528518 0.00039607
v 0.02100000 0.00957222 0.00156929
v 0.02100000 0.00493363 0.00193631
v 0.02100000 0.00901107 0.00359034
v 0.02100000 0.00414371 0.00330450
v 0.02100000 0.00360492 -0.00388517
v 0.02100000 0.00739297 -0.00627965
v 0.02100000 0.00458993 -0.00265000
v 0.02100000 0.00857007 -0.00454356
v 0.02100000 0.00934644 -0.00259502
v 0.02100000 0.00802858 0.00544351
v 0.02100000 0.00667068 0.00704216
v 0.02100000 0.00298560 0.00437907
v 0.02100000 0.00500087 0.00831151
v 0.02100000 0.00309722 0.00919224
v 0.02100000 -0.00528518 0.00039607
v 0.02100000 -0.00968577 -0.00052515
v 0.02100000 -0.00516712 -0.00117936
v 0.02100000 -0.00934644 -0.00259502
v 0.02100000 -0.00458993 -0.00265000
v 0.02100000 -0.00500087 0.00831151
v 0.02100000 -0.00667068 0.00704216
v 0.02100000 -0.00414371 0.00330450
v 0.02100000 -0.00802858 0.00544351
v 0.02100000 -0.00493363 0.00193631
v 0.02100000 -0.00901107 0.00359034
v 0.02100000 -0.00957222 0.00156929
v 0.02100000 -0.00857007 -0.00454356
v 0.02100000 -0.00739297 -0.00627965
v 0.02100000 -0.00360492 -0.00388517
v 0.02100000 -0.00587019 -0.00772210
v 0.02100000 -0.00229958 -0.00477514
v 0.02100000 -0.00407292 -0.00880348
v 0.02100000 -0.00078992 -0.00524080
v 0.02100000 -0.00208521 -0.00947322
v 0.02100000 -0.00000000 -0.00530000
v 0.02100000 -0.00000000 -0.00970000
v 0.02100000 0.00078992 -0.00524080
v 0.02100000 0.00208521 -0.00947322
v 0.02100000 0.00229958 -0.00477514
v 0.02100000 0.00407292 -0.00880348
v 0.02100000 0.00587019 -0.00772210
v 0.01980000 0.00214970 0.00976621
v 0.01980000 -0.00000000 0.01000000
v 0.02070000 -0.00000000 0.01000000
v 0.02070000 0.00108119 0.00994138
v 0.02070000 0.00214970 0.00976621
v 0.01980000 0.00419889 0.00907575
v 0.02070000 0.00319302 0.00947653
v 0.02070000 0.00419889 0.00907575
v 0.01980000 0.00605174 0.00796093
v 0.02070000 0.00515554 0.00856857
v 0.02070000 0.00605174 0.00796093
v 0.01980000 0.00762162 0.00647386
v 0.02070000 0.00687699 0.00725995
v 0.02070000 0.00762162 0.00647386
v 0.01980000 0.00883512 0.00468408
v 0.02070000 0.00827689 0.00561187
v 0.02070000 0.00883512 0.00468408
v 0.01980000 0.00963550 0.00267528
v 0.02070000 0.00928977 0.00370138
v 0.02070000 0.00963550 0.00267528
v 0.01980000 0.00998533 0.00054139
v 0.02070000 0.00986826 0.00161782
v 0.02070000 0.00998533 0.00054139
v 0.01980000 0.00986826 -0.00161782
v 0.02070000 0.00998533 -0.00054139
v 0.02070000 0.00986826 -0.00161782
v 0.01980000 0.00928977 -0.00370138
v 0.02070000 0.00963550 -0.00267528
v 0.02070000 0.00928977 -0.00370138
v 0.01980000 0.00827689 -0.00561187
v 0.02070000 0.00883512 -0.00468408
v 0.02070000 0.00827689 -0.00561187
v 0.01980000 0.00687699 -0.00725995
v 0.02070000 0.00762162 -0.00647386
v 0.02070000 0.00687699 -0.00725995
v 0.01980000 0.00515554 -0.00856857
v 0.02070000 0.00605174 -0.00796093
v 0.02070000 0.00515554 -0.00856857
v 0.01980000 0.00319302 -0.00947653
v 0.02070000 0.00419889 -0.00907575
v 0.02070000 0.00319302 -0.00947653
v 0.01980000 0.00108119 -0.00994138
v 0.02070000 0.00214970 -0.00976621
v 0.02070000 0.00108119 -0.00994138
v 0.01980000 -0.00108119 -0.00994138
v 0.02070000 -0.00000000 -0.01000000
v 0.02070000 -0.00108119 -0.00994138
v 0.02070000 -0.00214970 -0.00976621
v 0.01980000 -0.00319302 -0.00947653
v 0.02070000 -0.00319302 -0.00947653
v 0.02070000 -0.00419889 -0.00907575
v 0.01980000 -0.00515554 -0.00856857
v 0.02070000 -0.00515554 -0.00856857
v 0.01980000 -0.00687699 -0.00725995
v 0.02070000 -0.00605174 -0.00796093
v 0.02070000 -0.00687699 -0.00725995
v 0.02070000 -0.00762162 -0.00647386
v 0.01980000 -0.00827689 -0.00561187
v 0.02070000 -0.00827689 -0.00561187
v 0.01980000 -0.00928977 -0.00370138
v 0.02070000 -0.00883512 -0.00468408
v 0.02070000 -0.00928977 -0.00370138
v 0.01980000 -0.00986826 -0.00161782
v 0.02070000 -0.00963550 -0.00267528
v 0.02070000 -0.00986826 -0.00161782
v 0.01980000 -0.00998533 0.00054139
v 0.02070000 -0.00998533 -0.00054139
v 0.02070000 -0.00998533 0.00054139
v 0.01980000 -0.00963550 0.00267528
v 0.02070000 -0.00986826 0.00161782
v 0.02070000 -0.00963550 0.00267528
v 0.01980000 -0.00883512 0.00468408
v 0.02070000 -0.00928977 0.00370138
v 0.02070000 -0.00883512 0.00468408
v 0.01980000 -0.00762162 0.00647386
v 0.02070000 -0.00827689 0.00561187
v 0.02070000 -0.00762162 0.00647386
v 0.01980000 -0.00605174 0.00796093
v 0.02070000 -0.00687699 0.00725995
v 0.02070000 -0.00605174 0.00796093
v 0.01980000 -0.00419889 0.00907575
v 0.02070000 -0.00515554 0.00856857
v 0.02070000 -0.00419889 0.00907575
v 0.01980000 -0.00214970 0.00976621
v 0.02070000 -0.00319302 0.00947653
v 0.02070000 -0.00214970 0.00976621
v 0.02070000 -0.00108119 0.00994138
v 0.01950000 0.00309722 -0.00919224
v 0.01950000 0.00329521 -0.00728983
v 0.01950000 0.00500087 -0.00831151
v 0.01950000 0.00447980 -0.00662808
v 0.01950000 0.00667068 -0.00704216
v 0.01950000 0.00553551 -0.00577565
v 0.01950000 0.00802858 -0.00544351
v 0.01950000 0.00643198 -0.00475707
v 0.01950000 0.00901107 -0.00359034
v 0.01950000 0.00714341 -0.00360163
v 0.01950000 0.00764933 -0.00234258
v 0.01950000 0.00957222 -0.00156929
v 0.01950000 0.00793520 -0.00101614
v 0.01950000 0.00968577 0.00052515
v 0.01950000 0.00799279 0.00033953
v 0.01950000 0.00934644 0.00259502
v 0.01950000 0.00782044 0.00168543
v 0.01950000 0.00857007 0.00454356
v 0.01950000 0.00742311 0.00298285
v 0.01950000 0.00681223 0.00419446
v 0.01950000 0.00739297 0.00627965
v 0.01950000 0.00600538 0.00528540
v 0.01950000 0.00587019 0.00772210
v 0.01950000 0.00502576 0.00622429
v 0.01950000 0.00407292 0.00880348
v 0.01950000 -0.00309722 -0.00919224
v 0.01950000 -0.00201582 -0.00774186
v 0.01950000 -0.00104875 -0.00964314
v 0.01950000 -0.00067845 -0.00797118
v 0.01950000 0.00104875 -0.00964314
v 0.01950000 0.00067845 -0.00797118
v 0.01950000 0.00201582 -0.00774186
v 0.01950000 -0.00407292 0.00880348
v 0.01950000 -0.00390156 0.00698411
v 0.01950000 -0.00587019 0.00772210
v 0.01950000 -0.00502576 0.00622429
v 0.01950000 -0.00739297 0.00627965
v 0.01950000 -0.00600538 0.00528540
v 0.01950000 -0.00857007 0.00454356
v 0.01950000 -0.00681223 0.00419446
v 0.01950000 -0.00742311 0.00298285
v 0.01950000 -0.00934644 0.00259502
v 0.01950000 -0.00782044 0.00168543
v 0.01950000 -0.00968577 0.00052515
v 0.01950000 -0.00799279 0.00033953
v 0.01950000 -0.00957222 -0.00156929
v 0.01950000 -0.00793520 -0.00101614
v 0.01950000 -0.00901107 -0.00359034
v 0.01950000 0.00390156 0.00698411
v 0.01950000 0.00266512 0.00754302
v 0.01950000 0.00208521 0.00947322
v 0.01950000 0.00135201 0.00788493
v 0.01950000 -0.00000000 0.00970000
v 0.01950000 -0.00000000 0.00800000
v 0.01950000 -0.00208521 0.00947322
v 0.01950000 -0.00135201 0.00788493
v 0.01950000 -0.00266512 0.00754302
v 0.01950000 -0.00764933 -0.00234258
v 0.01950000 -0.00714341 -0.00360163
v 0.01950000 -0.00802858 -0.00544351
v 0.01950000 -0.00643198 -0.00475707
v 0.01950000 -0.00667068 -0.00704216
v 0.01950000 -0.00553551 -0.00577565
v 0.01950000 -0.00500087 -0.00831151
v 0.01950000 -0.00447980 -0.00662808
v 0.01950000 -0.00329521 -0.00728983
v -0.00621264 0.01000000 -0.00550392
v -0.00825197 0.01000000 -0.00599541
v -0.00734928 0.01000000 -0.00385720
v -0.00931816 0.01000000 -0.00414871
v -0.00805882 0.01000000 -0.00198632
v -0.00997711 0.01000000 -0.00212070
v -0.00830000 0.01000000 0.00000000
v -0.01020000 0.01000000 0.00000000
v -0.00805882 0.01000000 0.00198632
v -0.00997711 0.01000000 0.00212070
v -0.00734928 0.01000000 0.00385720
v -0.00931816 0.01000000 0.00414871
v -0.00621264 0.01000000 0.00550392
v 0.00621264 0.01000000 -0.00550392
v 0.00682513 0.01000000 -0.00758008
v 0.00471494 0.01000000 -0.00683077
v 0.00510000 0.01000000 -0.00883346
v 0.00294322 0.01000000 -0.00776063
v 0.00315197 0.01000000 -0.00970078
v 0.00100045 0.01000000 -0.00823948
v 0.00106619 0.01000000 -0.01014412
v -0.00100045 0.01000000 -0.00823948
v -0.00106619 0.01000000 -0.01014412
v -0.00294322 0.01000000 -0.00776063
v -0.00315197 0.01000000 -0.00970078
v -0.00471494 0.01000000 -0.00683077
v -0.00510000 0.01000000 -0.00883346
v -0.00682513 0.01000000 -0.00758008
v 0.00621264 0.01000000 0.00550392
v 0.00825197 0.01000000 0.00599541
v 0.00734928 0.01000000 0.00385720
v 0.00931816 0.01000000 0.00414871
v 0.00805882 0.01000000 0.00198632
v 0.00997711 0.01000000 0.00212070
v 0.00830000 0.01000000 0.00000000
v 0.01020000 0.01000000 0.00000000
v 0.00805882 0.01000000 -0.00198632
v 0.00997711 0.01000000 -0.00212070
v 0.00734928 0.01000000 -0.00385720
v 0.00931816 0.01000000 -0.00414871
v 0.00825197 0.01000000 -0.00599541
v -0.00825197 0.01000000 0.00599541
v -0.00682513 0.01000000 0.00758008
v -0.00471494 0.01000000 0.00683077
v -0.00510000 0.01000000 0.00883346
v -0.00294322 0.01000000 0.00776063
v -0.00315197 0.01000000 0.00970078
v -0.00100045 0.01000000 0.00823948
v -0.00106619 0.01000000 0.01014412
v 0.00100045 0.01000000 0.00823948
v 0.00106619 0.01000000 0.01014412
v 0.00294322 0.01000000 0.00776063
v 0.00315197 0.01000000 0.00970078
v 0.00471494 0.01000000 0.00683077
v 0.00510000 0.01000000 0.00883346
v 0.00682513 0.01000000 0.00758008
v 0.00621264 -0.01000000 -0.00550392
v 0.00825197 -0.01000000 -0.00599541
v 0.00734928 -0.01000000 -0.00385720
v 0.00931816 -0.01000000 -0.00414871
v 0.00805882 -0.01000000 -0.00198632
v 0.00997711 -0.01000000 -0.00212070
v 0.00830000 -0.01000000 0.00000000
v 0.01020000 -0.01000000 0.00000000
v 0.00805882 -0.01000000 0.00198632
v 0.00997711 -0.01000000 0.00212070
v 0.00734928 -0.01000000 0.00385720
v 0.00931816 -0.01000000 0.00414871
v 0.00621264 -0.01000000 0.00550392
v 0.00825197 -0.01000000 0.00599541
v 0.00682513 -0.01000000 0.00758008
v 0.00471494 -0.01000000 0.00683077
v 0.00510000 -0.01000000 0.00883346
v 0.00294322 -0.01000000 0.00776063
v 0.00315197 -0.01000000 0.00970078
v 0.00100045 -0.01000000 0.00823948
v 0.00106619 -0.01000000 0.01014412
v -0.00100045 -0.01000000 0.00823948
v -0.00106619 -0.01000000 0.01014412
v -0.00294322 -0.01000000 0.00776063
v -0.00315197 -0.01000000 0.00970078
v -0.00471494 -0.01000000 0.00683077
v -0.00510000 -0.01000000 0.00883346
v -0.00621264 -0.01000000 0.00550392
v -0.00621264 -0.01000000 -0.00550392
v -0.00682513 -0.01000000 -0.00758008
v -0.00471494 -0.01000000 -0.00683077
v -0.00510000 -0.01000000 -0.00883346
v -0.00294322 -0.01000000 -0.00776063
v -0.00315197 -0.01000000 -0.00970078
v -0.00100045 -0.01000000 -0.00823948
v -0.00106619 -0.01000000 -0.01014412
v 0.00100045 -0.01000000 -0.00823948
v 0.00106619 -0.01000000 -0.01014412
v 0.00294322 -0.01000000 -0.00776063
v 0.00315197 -0.01000000 -0.00970078
v 0.00471494 -0.01000000 -0.00683077
v 0.00510000 -0.01000000 -0.00883346
v 0.00682513 -0.01000000 -0.00758008
v -0.00682513 -0.01000000 0.00758008
v -0.00825197 -0.01000000 0.00599541
v -0.00734928 -0.01000000 0.00385720
v -0.00931816 -0.01000000 0.00414871
v -0.00805882 -0.01000000 0.00198632
v -0.00997711 -0.01000000 0.00212070
v -0.00830000 -0.01000000 0.00000000
v -0.01020000 -0.01000000 0.00000000
v -0.00805882 -0.01000000 -0.00198632
v -0.00997711 -0.01000000 -0.00212070
v -0.00734928 -0.01000000 -0.00385720
v -0.00931816 -0.01000000 -0.00414871
v -0.00825197 -0.01000000 -0.00599541
v -0.00702587 0.00970000 0.00780302
v -0.00809229 0.00419020 0.00669065
v -0.00783642 0.00343244 0.00698860
v -0.00767881 0.00288374 0.00716141
v -0.00751050 0.00216628 0.00733774
v -0.00738735 0.00144659 0.00746170
v -0.00735227 0.00116612 0.00749627
v -0.00729795 0.00048160 0.00754917
v -0.00728673 -0.00000000 0.00756000
v -0.00728875 -0.00020452 0.00755805
v -0.00702587 -0.00970000 0.00780302
v -0.00732559 -0.00089714 0.00752235
v -0.00733927 -0.00104359 0.00750900
v -0.00743182 -0.00173968 0.00741742
v -0.00756750 -0.00243121 0.00727894
v -0.00774313 -0.00311795 0.00709183
v -0.00849468 0.00970000 0.00617175
v -0.00917182 0.00663105 0.00511153
v -0.00888108 0.00604420 0.00560146
v -0.00867860 0.00561188 0.00591033
v -0.00849087 0.00518896 0.00617698
v -0.00837664 0.00491879 0.00633103
v -0.01036395 0.00877365 0.00168482
v -0.01027024 0.00861607 0.00218453
v -0.01027055 0.00970000 0.00218307
v -0.01024385 0.00857144 0.00230510
v -0.00959223 0.00970000 0.00427073
v -0.01008876 0.00830666 0.00290978
v -0.00990022 0.00797868 0.00349794
v -0.00969883 0.00762006 0.00402277
v -0.00959036 0.00742294 0.00427492
v -0.00944621 0.00715619 0.00458466
v -0.01050000 0.00900000 -0.00000015
v -0.01049880 0.00899802 0.00015854
v -0.01050000 0.00970000 0.00000000
v -0.01047025 0.00895075 0.00078981
v -0.01040345 0.00883967 0.00142061
v -0.01028669 0.00864385 -0.00210569
v -0.01039519 0.00882587 -0.00147991
v -0.01027055 0.00970000 -0.00218307
v -0.01046619 0.00894402 -0.00084191
v -0.01048941 0.00898249 -0.00047142
v -0.00969254 0.00760872 -0.00403790
v -0.00991876 0.00801124 -0.00344503
v -0.00959223 0.00970000 -0.00427073
v -0.01011249 0.00834744 -0.00282623
v -0.01014142 0.00839704 -0.00272058
v -0.00883336 0.00594427 -0.00567642
v -0.00913611 0.00656083 -0.00517508
v -0.00849468 0.00970000 -0.00617175
v -0.00942540 0.00711718 -0.00462730
v -0.00959022 0.00742268 -0.00427525
v -0.00849468 -0.00970000 -0.00617175
v -0.00852032 -0.00525694 -0.00613629
v -0.00702587 -0.00970000 -0.00780302
v -0.00822733 -0.00454763 -0.00652389
v -0.00796029 -0.00381508 -0.00684717
v -0.00772782 -0.00306368 -0.00710850
v -0.00761061 -0.00261500 -0.00723385
v -0.00746050 -0.00190573 -0.00738857
v -0.00735593 -0.00119839 -0.00749268
v -0.00729819 -0.00048683 -0.00754893
v -0.00728679 -0.00003474 -0.00755994
v -0.00730709 0.00064894 -0.00754032
v -0.00737230 0.00133332 -0.00747658
v -0.00702587 0.00970000 -0.00780302
v -0.00748128 0.00201790 -0.00736753
v -0.00754124 0.00231269 -0.00730614
v -0.00771762 0.00302699 -0.00711958
v -0.00793050 0.00372610 -0.00688166
v -0.00817361 0.00440823 -0.00659106
v -0.00844016 0.00507036 -0.00624609
v -0.00852724 0.00527281 -0.00612668
v -0.00940472 -0.00707831 -0.00466918
v -0.00912041 -0.00652979 -0.00520270
v -0.00882305 -0.00592252 -0.00569244
v -0.01036715 -0.00877902 -0.00166499
v -0.01027029 -0.00861617 -0.00218427
v -0.01027055 -0.00970000 -0.00218307
v -0.00959223 -0.00970000 -0.00427073
v -0.01017005 -0.00844597 -0.00261151
v -0.00999484 -0.00814415 -0.00321763
v -0.00978789 -0.00777978 -0.00380095
v -0.00959130 -0.00742467 -0.00427281
v -0.01049934 -0.00899891 0.00011746
v -0.01050000 -0.00900000 -0.00000009
v -0.01050000 -0.00970000 0.00000000
v -0.01049178 -0.00898641 -0.00041535
v -0.01044809 -0.00891397 -0.00104278
v -0.01030593 -0.00867626 0.00200944
v -0.01040802 -0.00884729 0.00138677
v -0.01027055 -0.00970000 0.00218307
v -0.01047271 -0.00895481 0.00075661
v -0.00968704 -0.00759878 0.00405108
v -0.00992116 -0.00801545 0.00343812
v -0.00959223 -0.00970000 0.00427073
v -0.01011136 -0.00834549 0.00283028
v -0.01026655 -0.00860984 0.00220181
v -0.00878852 -0.00584930 0.00574560
v -0.00883600 -0.00594983 0.00567231
v -0.00849468 -0.00970000 0.00617175
v -0.00795705 -0.00380548 0.00685094
v -0.00821539 -0.00451695 0.00653891
v -0.00849528 -0.00519917 0.00617092
v -0.00913787 -0.00656428 0.00517198
v -0.00942379 -0.00711417 0.00463057
v -0.00959031 -0.00742284 0.00427505
v 0.00702587 -0.00970000 0.00780302
v 0.00809229 -0.00419020 0.00669065
v 0.00783642 -0.00343244 0.00698860
v 0.00767881 -0.00288374 0.00716141
v 0.00751050 -0.00216628 0.00733774
v 0.00738735 -0.00144659 0.00746170
v 0.00735227 -0.00116612 0.00749627
v 0.00729795 -0.00048160 0.00754917
v 0.00728673 -0.00000000 0.00756000
v 0.00728875 0.00020452 0.00755805
v 0.00732559 0.00089714 0.00752235
v 0.00702587 0.00970000 0.00780302
v 0.00733927 0.00104359 0.00750900
v 0.00743182 0.00173968 0.00741742
v 0.00756750 0.00243121 0.00727894
v 0.00774313 0.00311795 0.00709183
v 0.00849468 -0.00970000 0.00617175
v 0.00917182 -0.00663105 0.00511153
v 0.00888108 -0.00604420 0.00560146
v 0.00867860 -0.00561188 0.00591033
v 0.00849087 -0.00518896 0.00617698
v 0.00837664 -0.00491879 0.00633103
v 0.01036395 -0.00877365 0.00168482
v 0.01027024 -0.00861607 0.00218453
v 0.01027055 -0.00970000 0.00218307
v 0.01024385 -0.00857144 0.00230510
v 0.00959223 -0.00970000 0.00427073
v 0.01008876 -0.00830666 0.00290978
v 0.00990022 -0.00797868 0.00349794
v 0.00969883 -0.00762006 0.00402277
v 0.00959036 -0.00742294 0.00427492
v 0.00944621 -0.00715619 0.00458466
v 0.01050000 -0.00900000 -0.00000015
v 0.01049880 -0.00899802 0.00015854
v 0.01050000 -0.00970000 0.00000000
v 0.01047025 -0.00895075 0.00078981
v 0.01040345 -0.00883967 0.00142061
v 0.01028669 -0.00864385 -0.00210569
v 0.01039519 -0.00882587 -0.00147991
v 0.01027055 -0.00970000 -0.00218307
v 0.01046619 -0.00894402 -0.00084191
v 0.01048941 -0.00898249 -0.00047142
v 0.00969254 -0.00760872 -0.00403790
v 0.00991876 -0.00801124 -0.00344503
v 0.00959223 -0.00970000 -0.00427073
v 0.01011249 -0.00834744 -0.00282623
v 0.01014142 -0.00839704 -0.00272058
v 0.00883336 -0.00594427 -0.00567642
v 0.00913611 -0.00656083 -0.00517508
v 0.00849468 -0.00970000 -0.00617175
v 0.00942540 -0.00711718 -0.00462730
v 0.00959022 -0.00742268 -0.00427525
v 0.00849468 0.00970000 -0.00617175
v 0.00852032 0.00525694 -0.00613629
v 0.00702587 0.00970000 -0.00780302
v 0.00822733 0.00454763 -0.00652389
v 0.00796029 0.00381508 -0.00684717
v 0.00772782 0.00306368 -0.00710850
v 0.00761061 0.00261500 -0.00723385
v 0.00746050 0.00190573 -0.00738857
v 0.00735593 0.00119839 -0.00749268
v 0.00729819 0.00048683 -0.00754893
v 0.00728679 0.00003474 -0.00755994
v 0.00730709 -0.00064894 -0.00754032
v 0.00702587 -0.00970000 -0.00780302
v 0.00737230 -0.00133332 -0.00747658
v 0.00748128 -0.00201790 -0.00736753
v 0.00754124 -0.00231269 -0.00730614
v 0.00771762 -0.00302699 -0.00711958
v 0.00793050 -0.00372610 -0.00688166
v 0.00817361 -0.00440823 -0.00659106
v 0.00844016 -0.00507036 -0.00624609
v 0.00852724 -0.00527281 -0.00612668
v 0.00940472 0.00707831 -0.00466918
v 0.00912041 0.00652979 -0.00520270
v 0.00882305 0.00592252 -0.00569244
v 0.01036715 0.00877902 -0.00166499
v 0.01027029 0.00861617 -0.00218427
v 0.01027055 0.00970000 -0.00218307
v 0.00959223 0.00970000 -0.00427073
v 0.01017005 0.00844597 -0.00261151
v 0.00999484 0.00814415 -0.00321763
v 0.00978789 0.00777978 -0.00380095
v 0.00959130 0.00742467 -0.00427281
v 0.01049934 0.00899891 0.00011746
v 0.01050000 0.00900000 -0.00000009
v 0.01050000 0.00970000 0.00000000
v 0.01049178 0.00898641 -0.00041535
v 0.01044809 0.00891397 -0.00104278
v 0.01030593 0.00867626 0.00200944
v 0.01040802 0.00884729 0.00138677
v 0.01027055 0.00970000 0.00218307
v 0.01047271 0.00895481 0.00075661
v 0.00968704 0.00759878 0.00405108
v 0.00992116 0.00801545 0.00343812
v 0.00959223 0.00970000 0.00427073
v 0.01011136 0.00834549 0.00283028
v 0.01026655 0.00860984 0.00220181
v 0.00878852 0.00584930 0.00574560
v 0.00883600 0.00594983 0.00567231
v 0.00849468 0.00970000 0.00617175
v 0.00795705 0.00380548 0.00685094
v 0.00821539 0.00451695 0.00653891
v 0.00849528 0.00519917 0.00617092
v 0.00913787 0.00656428 0.00517198
v 0.00942379 0.00711417 0.00463057
v 0.00959031 0.00742284 0.00427505
v 0.00525000 -0.00970000 -0.00909327
v 0.00525000 0.00970000 -0.00909327
v 0.00324468 -0.00970000 -0.00998609
v 0.00324468 0.00970000 -0.00998609
v 0.00109755 -0.00970000 -0.01044248
v 0.00109755 0.00970000 -0.01044248
v -0.00109755 -0.00970000 -0.01044248
v -0.00109755 0.00970000 -0.01044248
v -0.00324468 -0.00970000 -0.00998609
v -0.00324468 0.00970000 -0.00998609
v -0.00525000 -0.00970000 -0.00909327
v -0.00525000 0.00970000 -0.00909327
v -0.00525000 -0.00970000 0.00909327
v -0.00525000 0.00970000 0.00909327
v -0.00324468 -0.00970000 0.00998609
v -0.00324468 0.00970000 0.00998609
v -0.00109755 -0.00970000 0.01044248
v -0.00109755 0.00970000 0.01044248
v 0.00109755 -0.00970000 0.01044248
v 0.00109755 0.00970000 0.01044248
v 0.00324468 -0.00970000 0.00998609
v 0.00324468 0.00970000 0.00998609
v 0.00525000 -0.00970000 0.00909327
v 0.00525000 0.00970000 0.00909327
v -0.02100000 0.00516712 0.00117936
v -0.02100000 0.00968577 0.00052515
v -0.02100000 0.00528518 -0.00039607
v -0.02100000 0.00957222 -0.00156929
v -0.02100000 0.00493363 -0.00193631
v -0.02100000 0.00901107 -0.00359034
v -0.02100000 0.00414371 -0.00330450
v -0.02100000 0.00156220 -0.00506454
v -0.02100000 0.00104875 -0.00964314
v -0.02100000 -0.00000000 -0.00530000
v -0.02100000 -0.00104875 -0.00964314
v -0.02100000 -0.00156220 -0.00506454
v -0.02100000 -0.00309722 -0.00919224
v -0.02100000 -0.00298560 -0.00437907
v -0.02100000 0.00802858 -0.00544351
v -0.02100000 0.00667068 -0.00704216
v -0.02100000 0.00298560 -0.00437907
v -0.02100000 0.00500087 -0.00831151
v -0.02100000 0.00309722 -0.00919224
v -0.02100000 -0.00528518 -0.00039607
v -0.02100000 -0.00968577 0.00052515
v -0.02100000 -0.00516712 0.00117936
v -0.02100000 -0.00934644 0.00259502
v -0.02100000 -0.00458993 0.00265000
v -0.02100000 -0.00500087 -0.00831151
v -0.02100000 -0.00667068 -0.00704216
v -0.02100000 -0.00414371 -0.00330450
v -0.02100000 -0.00802858 -0.00544351
v -0.02100000 -0.00493363 -0.00193631
v -0.02100000 -0.00901107 -0.00359034
v -0.02100000 -0.00957222 -0.00156929
v -0.02100000 0.00360492 0.00388517
v -0.02100000 0.00739297 0.00627965
v -0.02100000 0.00458993 0.00265000
v -0.02100000 0.00857007 0.00454356
v -0.02100000 0.00934644 0.00259502
v -0.02100000 -0.00857007 0.00454356
v -0.02100000 -0.00739297 0.00627965
v -0.02100000 -0.00360492 0.00388517
v -0.02100000 -0.00587019 0.00772210
v -0.02100000 -0.00229958 0.00477514
v -0.02100000 -0.00407292 0.00880348
v -0.02100000 -0.00078992 0.00524080
v -0.02100000 -0.00208521 0.00947322
v -0.02100000 -0.00000000 0.00530000
v -0.02100000 -0.00000000 0.00970000
v -0.02100000 0.00078992 0.00524080
v -0.02100000 0.00208521 0.00947322
v -0.02100000 0.00229958 0.00477514
v -0.02100000 0.00407292 0.00880348
v -0.02100000 0.00587019 0.00772210
v -0.02070000 0.00216942 0.00450484
v -0.02070000 0.00281660 0.00413119
v -0.01405099 0.00170159 0.00470155
v -0.02070000 0.00340086 -0.00366526
v -0.02070000 0.00390916 -0.00311745
v -0.02070000 0.00433013 -0.00250000
v -0.02070000 0.00281660 -0.00413119
v -0.02070000 0.00074521 -0.00494415
v -0.01485598 0.00074521 -0.00494415
v -0.02070000 0.00147378 -0.00477786
v -0.01449702 0.00132625 -0.00482090
v -0.02070000 0.00216942 -0.00450484
v -0.01413739 0.00164510 -0.00472162
v -0.01370921 0.00187003 -0.00463713
v -0.01324280 0.00198521 -0.00458900
v -0.01275893 0.00198542 -0.00458891
v -0.01228860 0.00186920 -0.00463747
v -0.01186387 0.00164597 -0.00472131
v -0.01150316 0.00132644 -0.00482084
v -0.01122951 0.00093025 -0.00491270
v -0.01114402 0.00074521 -0.00494415
v -0.01100000 -0.00000000 -0.00500000
v -0.01103666 0.00038119 -0.00498545
v -0.01228786 -0.00186892 -0.00463758
v -0.01275893 -0.00198542 -0.00458891
v -0.01122909 -0.00092945 -0.00491285
v -0.01150386 -0.00132724 -0.00482063
v -0.01186387 -0.00164597 -0.00472131
v -0.01103641 -0.00037988 -0.00498555
v -0.01114647 -0.00075129 -0.00494323
v -0.02070000 -0.00216942 -0.00450484
v -0.01324237 -0.00198526 -0.00458898
v -0.01370921 -0.00187003 -0.00463713
v -0.01413713 -0.00164528 -0.00472155
v -0.01449702 -0.00132625 -0.00482090
v -0.02070000 -0.00147378 -0.00477786
v -0.02070000 -0.00074521 -0.00494415
v -0.02070000 -0.00281660 -0.00413119
v -0.02070000 -0.00340086 -0.00366526
v -0.00799123 -0.00498595 0.00037451
v -0.02070000 -0.00498602 -0.00037365
v -0.02070000 -0.00487464 -0.00111260
v -0.02070000 -0.00465437 -0.00182671
v -0.02070000 -0.00433013 -0.00250000
v -0.02070000 -0.00390916 -0.00311745
v -0.02070000 -0.00498602 0.00037365
v -0.02070000 -0.00487464 0.00111260
v -0.00793954 -0.00490268 0.00098172
v -0.02070000 -0.00465437 0.00182671
v -0.00778849 -0.00465409 0.00182741
v -0.02070000 -0.00433013 0.00250000
v -0.02070000 -0.00390916 0.00311745
v -0.00762450 -0.00437413 0.00242219
v -0.00736729 -0.00390857 0.00311818
v -0.02070000 -0.00340086 0.00366526
v -0.00708365 -0.00334336 0.00371779
v -0.02070000 -0.00281660 0.00413119
v -0.00685100 -0.00281713 0.00413083
v -0.01324190 -0.00198532 0.00458896
v -0.01275893 -0.00198542 0.00458891
v -0.01228904 -0.00186937 0.00463740
v -0.01186387 -0.00164597 0.00472131
v -0.00677590 -0.00262923 0.00425290
v -0.01164797 -0.00147378 0.00477786
v -0.00653720 -0.00193260 0.00461141
v -0.00641685 -0.00147509 0.00477746
v -0.01122909 -0.00092945 0.00491285
v -0.01105881 -0.00048144 0.00497677
v -0.00624500 0.00000042 0.00500000
v -0.00624582 -0.00010136 0.00499897
v -0.01100000 -0.00000000 0.00500000
v -0.00627905 -0.00065305 0.00495717
v -0.00637187 -0.00126519 0.00483728
v -0.00630386 0.00085947 0.00492558
v -0.01105860 0.00048059 0.00497685
v -0.00641668 0.00147436 0.00477768
v -0.01186387 0.00164597 0.00472131
v -0.01228956 0.00186956 0.00463732
v -0.00685087 0.00281682 0.00413104
v -0.01122909 0.00092945 0.00491285
v -0.01164797 0.00147378 0.00477786
v -0.00657171 0.00204630 0.00456209
v -0.01275893 0.00198542 0.00458891
v -0.01324153 0.00198536 0.00458894
v -0.01370921 0.00187003 0.00463713
v -0.02070000 0.00390916 0.00311745
v -0.00736724 0.00390848 0.00311830
v -0.02070000 0.00340086 0.00366526
v -0.00727588 0.00373342 0.00332590
v -0.00708365 0.00334336 0.00371779
v -0.00762443 0.00437400 -0.00242242
v -0.02070000 0.00465437 -0.00182671
v -0.02070000 0.00487464 -0.00111260
v -0.02070000 0.00498602 -0.00037365
v -0.02070000 0.00498602 0.00037365
v -0.00799123 0.00498595 0.00037452
v -0.02070000 0.00487464 0.00111260
v -0.00793922 0.00490216 0.00098428
v -0.02070000 0.00465437 0.00182671
v -0.00778849 0.00465409 0.00182741
v -0.02070000 0.00433013 0.00250000
v -0.00754355 0.00423144 0.00266362
v -0.01485598 -0.00074521 -0.00494415
v -0.01494188 -0.00047863 -0.00497704
v -0.02070000 -0.00000000 -0.00500000
v -0.01500000 -0.00000024 -0.00500000
v -0.01494188 0.00047863 -0.00497704
v -0.02070000 0.00147378 0.00477786
v -0.01433626 0.00148809 0.00477343
v -0.01449702 0.00132625 0.00482090
v -0.01476957 0.00093199 0.00491237
v -0.01494188 0.00047863 0.00497704
v -0.02070000 0.00074521 0.00494415
v -0.01500000 -0.00000000 0.00500000
v -0.01476992 -0.00093133 0.00491250
v -0.02070000 -0.00147378 0.00477786
v -0.01494188 -0.00047863 0.00497704
v -0.02070000 -0.00074521 0.00494415
v -0.02070000 -0.00000000 0.00500000
v -0.01449670 -0.00132661 0.00482080
v -0.01435203 -0.00147378 0.00477786
v -0.02070000 -0.00216942 0.00450484
v -0.01404942 -0.00170256 0.00470120
v -0.01370921 -0.00187003 0.00463713
v -0.02070000 0.00214970 0.00976621
v -0.02070000 -0.00000000 0.01000000
v -0.01980000 -0.00000000 0.01000000
v -0.01980000 0.00108119 0.00994138
v -0.01980000 0.00214970 0.00976621
v -0.02070000 0.00419889 0.00907575
v -0.01980000 0.00319302 0.00947653
v -0.01980000 0.00419889 0.00907575
v -0.02070000 0.00605174 0.00796093
v -0.01980000 0.00515554 0.00856857
v -0.01980000 0.00605174 0.00796093
v -0.02070000 0.00762162 0.00647386
v -0.01980000 0.00687699 0.00725995
v -0.01980000 0.00762162 0.00647386
v -0.02070000 0.00883512 0.00468408
v -0.01980000 0.00827689 0.00561187
v -0.01980000 0.00883512 0.00468408
v -0.02070000 0.00963550 0.00267528
v -0.01980000 0.00928977 0.00370138
v -0.01980000 0.00963550 0.00267528
v -0.02070000 0.00998533 0.00054139
v -0.01980000 0.00986826 0.00161782
v -0.01980000 0.00998533 0.00054139
v -0.02070000 0.00986826 -0.00161782
v -0.01980000 0.00998533 -0.00054139
v -0.01980000 0.00986826 -0.00161782
v -0.02070000 0.00928977 -0.00370138
v -0.01980000 0.00963550 -0.00267528
v -0.01980000 0.00928977 -0.00370138
v -0.02070000 0.00827689 -0.00561187
v -0.01980000 0.00883512 -0.00468408
v -0.01980000 0.00827689 -0.00561187
v -0.02070000 0.00687699 -0.00725995
v -0.01980000 0.00762162 -0.00647386
v -0.01980000 0.00687699 -0.00725995
v -0.02070000 0.00515554 -0.00856857
v -0.01980000 0.00605174 -0.00796093
v -0.01980000 0.00515554 -0.00856857
v -0.02070000 0.00319302 -0.00947653
v -0.01980000 0.00419889 -0.00907575
v -0.01980000 0.00319302 -0.00947653
v -0.02070000 0.00108119 -0.00994138
v -0.01980000 0.00214970 -0.00976621
v -0.01980000 0.00108119 -0.00994138
v -0.02070000 -0.00108119 -0.00994138
v -0.01980000 -0.00000000 -0.01000000
v -0.01980000 -0.00108119 -0.00994138
v -0.02070000 -0.00319302 -0.00947653
v -0.01980000 -0.00214970 -0.00976621
v -0.01980000 -0.00319302 -0.00947653
v -0.02070000 -0.00515554 -0.00856857
v -0.01980000 -0.00419889 -0.00907575
v -0.01980000 -0.00515554 -0.00856857
v -0.01980000 -0.00605174 -0.00796093
v -0.02070000 -0.00687699 -0.00725995
v -0.01980000 -0.00687699 -0.00725995
v -0.02070000 -0.00827689 -0.00561187
v -0.01980000 -0.00762162 -0.00647386
v -0.01980000 -0.00827689 -0.00561187
v -0.02070000 -0.00928977 -0.00370138
v -0.01980000 -0.00883512 -0.00468408
v -0.01980000 -0.00928977 -0.00370138
v -0.02070000 -0.00986826 -0.00161782
v -0.01980000 -0.00963550 -0.00267528
v -0.01980000 -0.00986826 -0.00161782
v -0.02070000 -0.00998533 0.00054139
v -0.01980000 -0.00998533 -0.00054139
v -0.01980000 -0.00998533 0.00054139
v -0.02070000 -0.00963550 0.00267528
v -0.01980000 -0.00986826 0.00161782
v -0.01980000 -0.00963550 0.00267528
v -0.02070000 -0.00883512 0.00468408
v -0.01980000 -0.00928977 0.00370138
v -0.01980000 -0.00883512 0.00468408
v -0.02070000 -0.00762162 0.00647386
v -0.01980000 -0.00827689 0.00561187
v -0.01980000 -0.00762162 0.00647386
v -0.02070000 -0.00605174 0.00796093
v -0.01980000 -0.00687699 0.00725995
v -0.01980000 -0.00605174 0.00796093
v -0.02070000 -0.00419889 0.00907575
v -0.01980000 -0.00515554 0.00856857
v -0.01980000 -0.00419889 0.00907575
v -0.02070000 -0.00214970 0.00976621
v -0.01980000 -0.00319302 0.00947653
v -0.01980000 -0.00214970 0.00976621
v -0.01980000 -0.00108119 0.00994138
v -0.01950000 0.00309722 0.00919224
v -0.01950000 0.00329521 0.00728983
v -0.01950000 0.00500087 0.00831151
v -0.01950000 0.00447980 0.00662808
v -0.01950000 0.00667068 0.00704216
v -0.01950000 0.00553551 0.00577565
v -0.01950000 0.00802858 0.00544351
v -0.01950000 0.00643198 0.00475707
v -0.01950000 0.00901107 0.00359034
v -0.01950000 0.00714341 0.00360163
v -0.01950000 0.00764933 0.00234258
v -0.01950000 0.00957222 0.00156929
v -0.01950000 0.00793520 0.00101614
v -0.01950000 0.00968577 -0.00052515
v -0.01950000 0.00799279 -0.00033953
v -0.01950000 0.00934644 -0.00259502
v -0.01950000 0.00782044 -0.00168543
v -0.01950000 0.00857007 -0.00454356
v -0.01950000 -0.00309722 0.00919224
v -0.01950000 -0.00201582 0.00774186
v -0.01950000 -0.00104875 0.00964314
v -0.01950000 -0.00067845 0.00797118
v -0.01950000 0.00104875 0.00964314
v -0.01950000 0.00067845 0.00797118
v -0.01950000 0.00201582 0.00774186
v -0.01950000 0.00742311 -0.00298285
v -0.01950000 0.00681223 -0.00419446
v -0.01950000 0.00739297 -0.00627965
v -0.01950000 0.00600538 -0.00528540
v -0.01950000 0.00587019 -0.00772210
v -0.01950000 0.00502576 -0.00622429
v -0.01950000 0.00407292 -0.00880348
v -0.01950000 -0.00407292 -0.00880348
v -0.01950000 -0.00390156 -0.00698411
v -0.01950000 -0.00587019 -0.00772210
v -0.01950000 -0.00502576 -0.00622429
v -0.01950000 -0.00739297 -0.00627965
v -0.01950000 -0.00600538 -0.00528540
v -0.01950000 -0.00857007 -0.00454356
v -0.01950000 -0.00681223 -0.00419446
v -0.01950000 -0.00742311 -0.00298285
v -0.01950000 -0.00934644 -0.00259502
v -0.01950000 -0.00782044 -0.00168543
v -0.01950000 -0.00968577 -0.00052515
v -0.01950000 -0.00799279 -0.00033953
v -0.01950000 -0.00957222 0.00156929
v -0.01950000 -0.00793520 0.00101614
v -0.01950000 -0.00901107 0.00359034
v -0.01950000 0.00390156 -0.00698411
v -0.01950000 0.00266512 -0.00754302
v -0.01950000 0.00208521 -0.00947322
v -0.01950000 0.00135201 -0.00788493
v -0.01950000 -0.00000000 -0.00970000
v -0.01950000 -0.00000000 -0.00800000
v -0.01950000 -0.00208521 -0.00947322
v -0.01950000 -0.00135201 -0.00788493
v -0.01950000 -0.00266512 -0.00754302
v -0.01950000 -0.00764933 0.00234258
v -0.01950000 -0.00714341 0.00360163
v -0.01950000 -0.00802858 0.00544351
v -0.01950000 -0.00643198 0.00475707
v -0.01950000 -0.00667068 0.00704216
v -0.01950000 -0.00553551 0.00577565
v -0.01950000 -0.00500087 0.00831151
v -0.01950000 -0.00447980 0.00662808
v -0.01950000 -0.00329521 0.00728983
v -0.01004781 0.00394361 -0.00578342
v -0.00977264 0.00350039 -0.00606195
v -0.01850000 0.00350000 -0.00606218
v -0.01087841 -0.00510555 0.00478887
v -0.01075845 -0.00494940 0.00495010
v -0.01850000 -0.00494975 0.00494975
v -0.01186387 -0.00164597 0.00680373
v -0.01215287 -0.00181173 0.00676148
v -0.00898223 -0.00181250 0.00676128
v -0.00873722 -0.00081168 0.00695278
v -0.00872094 -0.00069778 0.00696514
v -0.01105846 -0.00048003 0.00698352
v -0.00867709 -0.00015907 0.00699819
v -0.01100000 -0.00000000 0.00700000
v -0.00884740 -0.00135308 0.00686798
v -0.01122909 -0.00092945 0.00693802
v -0.01150297 -0.00132624 0.00687322
v -0.01275893 -0.00198542 0.00671253
v -0.00977247 -0.00350011 0.00606212
v -0.00947268 -0.00295982 0.00634346
v -0.00921801 -0.00242508 0.00656651
v -0.01850000 -0.00288331 0.00637860
v -0.01850000 -0.00350000 0.00606218
v -0.01370952 -0.00186991 0.00674562
v -0.01324152 -0.00198536 0.00671255
v -0.01850000 -0.00484357 0.00505369
v -0.01051905 -0.00462764 0.00525214
v -0.01850000 -0.00391982 0.00579957
v -0.01011343 -0.00404380 0.00571381
v -0.01046252 -0.00454946 0.00532000
v -0.01222208 -0.00669654 0.00203871
v -0.01203733 -0.00649094 0.00262063
v -0.01850000 -0.00606218 0.00350000
v -0.01850000 -0.00676148 0.00181173
v -0.01228097 -0.00676140 0.00181205
v -0.01850000 -0.00669317 0.00204976
v -0.01850000 -0.00625048 0.00315143
v -0.01181090 -0.00623424 0.00318344
v -0.01166119 -0.00606135 0.00350144
v -0.01850000 -0.00562798 0.00416243
v -0.01153219 -0.00591016 0.00375100
v -0.01121880 -0.00553325 0.00428756
v -0.01850000 -0.00700000 0.00000000
v -0.01250000 -0.00700000 -0.00000005
v -0.01249922 -0.00699916 0.00010876
v -0.01850000 -0.00694330 0.00088912
v -0.01246751 -0.00696485 0.00070057
v -0.01239050 -0.00688122 0.00128404
v -0.01850000 -0.00676148 -0.00181173
v -0.01243820 -0.00693309 -0.00096553
v -0.01850000 -0.00684289 -0.00147475
v -0.01249022 -0.00698943 -0.00038458
v -0.01850000 -0.00699369 -0.00029709
v -0.01189862 -0.00633434 -0.00297929
v -0.01210721 -0.00656909 -0.00241807
v -0.01850000 -0.00606218 -0.00350000
v -0.01220152 -0.00667382 -0.00211190
v -0.01850000 -0.00649522 -0.00261000
v -0.01228077 -0.00676117 -0.00181288
v -0.01234185 -0.00682813 -0.00154165
v -0.01085763 -0.00507873 -0.00481731
v -0.01119609 -0.00550536 -0.00432332
v -0.01850000 -0.00494975 -0.00494975
v -0.01850000 -0.00596070 -0.00367015
v -0.01165225 -0.00605094 -0.00351939
v -0.01137151 -0.00571871 -0.00403687
v -0.01850000 -0.00525471 -0.00462472
v -0.00977259 -0.00350030 -0.00606201
v -0.00979444 -0.00353705 -0.00604064
v -0.01850000 -0.00350000 -0.00606218
v -0.01014324 -0.00408873 -0.00568175
v -0.01850000 -0.00439754 -0.00544625
v -0.01050363 -0.00460640 -0.00527077
v -0.01075849 -0.00494945 -0.00495004
v -0.01370921 -0.00187003 -0.00674559
v -0.01324261 -0.00198523 -0.00671259
v -0.01275893 -0.00198542 -0.00671253
v -0.00947654 -0.00296728 -0.00633997
v -0.01215287 -0.00181173 -0.00676148
v -0.00919979 -0.00238287 -0.00658194
v -0.01186387 -0.00164597 -0.00680373
v -0.00898252 -0.00181334 -0.00676105
v -0.00906025 -0.00203389 -0.00669801
v -0.01150356 -0.00132690 -0.00687309
v -0.01122909 -0.00092945 -0.00693802
v -0.00888154 -0.00148223 -0.00684127
v -0.01105834 -0.00047955 -0.00698355
v -0.00875706 -0.00093208 -0.00693767
v -0.00868833 -0.00037865 -0.00698975
v -0.01100000 -0.00000000 -0.00700000
v -0.00867475 -0.00002702 -0.00699995
v -0.01105817 0.00047886 -0.00698360
v -0.00869891 0.00050473 -0.00698178
v -0.01122909 0.00092945 -0.00693802
v -0.00890628 0.00156948 -0.00682178
v -0.00877655 0.00103703 -0.00692276
v -0.01150369 0.00132704 -0.00687306
v -0.00898204 0.00181190 -0.00676144
v -0.01186387 0.00164597 -0.00680373
v -0.01215287 0.00181173 -0.00676148
v -0.00918764 0.00235433 -0.00659220
v -0.01850000 0.00233198 -0.00660014
v -0.01370952 0.00186991 -0.00674562
v -0.01324184 0.00198532 -0.00671256
v -0.01275893 0.00198542 -0.00671253
v -0.00944107 0.00289808 -0.00637190
v -0.01153874 0.00591789 -0.00373879
v -0.01122071 0.00553559 -0.00428454
v -0.01850000 0.00494975 -0.00494975
v -0.01087633 0.00510287 -0.00479174
v -0.01075845 0.00494940 -0.00495009
v -0.01850000 0.00439754 -0.00544625
v -0.01051591 0.00462332 -0.00525594
v -0.01015148 0.00410107 -0.00567285
v -0.01850000 0.00525471 -0.00462472
v -0.01850000 0.00596070 -0.00367015
v -0.01166124 0.00606140 -0.00350134
v -0.01850000 0.00606218 -0.00350000
v -0.01180805 0.00623096 -0.00318984
v -0.01203868 0.00649245 -0.00261688
v -0.01850000 0.00676148 -0.00181173
v -0.01228085 0.00676127 -0.00181252
v -0.01850000 0.00649522 -0.00261000
v -0.01224607 0.00672299 -0.00194971
v -0.01228076 0.00676117 0.00181289
v -0.01233803 0.00682395 0.00156002
v -0.01850000 0.00676148 0.00181173
v -0.01238507 0.00687530 0.00131538
v -0.01850000 0.00694330 0.00088912
v -0.01246459 0.00696169 0.00073130
v -0.01850000 0.00700000 0.00000000
v -0.01249858 0.00699846 0.00014680
v -0.01250000 0.00700000 -0.00000008
v -0.01850000 0.00699369 -0.00029709
v -0.01248739 0.00698638 -0.00043650
v -0.01850000 0.00684289 -0.00147475
v -0.01245975 0.00695646 -0.00077954
v -0.01237522 0.00686457 -0.00137029
v -0.01850000 0.00625048 0.00315143
v -0.01850000 0.00606218 0.00350000
v -0.01219506 0.00666667 0.00213435
v -0.01201044 0.00646073 0.00269424
v -0.01850000 0.00669317 0.00204976
v -0.01850000 0.00494975 0.00494975
v -0.01075841 0.00494935 0.00495015
v -0.01091883 0.00515749 0.00473290
v -0.01124549 0.00556592 0.00424506
v -0.01154623 0.00592671 0.00372479
v -0.01850000 0.00562798 0.00416243
v -0.01166138 0.00606156 0.00350106
v -0.01178598 0.00620564 0.00323883
v -0.01850000 0.00350000 0.00606218
v -0.00977302 0.00350104 0.00606158
v -0.00997219 0.00382572 0.00586207
v -0.01033166 0.00436480 0.00547252
v -0.01057272 0.00470104 0.00518654
v -0.01850000 0.00391982 0.00579957
v -0.01850000 0.00484357 0.00505369
v -0.01275893 0.00198542 0.00671253
v -0.01215287 0.00181173 0.00676148
v -0.00932907 0.00266968 0.00647092
v -0.01186387 0.00164597 0.00680373
v -0.00898240 0.00181300 0.00676114
v -0.00914144 0.00224291 0.00663094
v -0.01150273 0.00132597 0.00687327
v -0.01122909 0.00092945 0.00693802
v -0.00894107 0.00168488 0.00679420
v -0.01105853 0.00048032 0.00698350
v -0.00879447 0.00112513 0.00690899
v -0.00867468 -0.00000000 0.00700000
v -0.00868803 0.00037458 0.00698997
v -0.00875270 0.00090698 0.00694099
v -0.01850000 -0.00233198 -0.00660014
v -0.01382251 -0.00182304 -0.00675844
v -0.01850000 -0.00181173 -0.00676148
v -0.01419637 -0.00160272 -0.00681405
v -0.01449702 -0.00132625 -0.00687321
v -0.01850000 0.00181173 -0.00676148
v -0.01384713 0.00181173 -0.00676148
v -0.01419667 0.00160249 -0.00681410
v -0.01449702 0.00132625 -0.00687321
v -0.01477052 0.00093020 -0.00693792
v -0.01850000 0.00118301 -0.00689931
v -0.01494188 0.00047863 -0.00698362
v -0.01850000 -0.00000000 -0.00700000
v -0.01500000 -0.00000000 -0.00700000
v -0.01850000 -0.00118301 -0.00689931
v -0.01494188 -0.00047863 -0.00698362
v -0.01477061 -0.00093002 -0.00693794
v -0.01850000 -0.00181173 0.00676148
v -0.01384713 -0.00181173 0.00676148
v -0.01419796 -0.00160153 0.00681433
v -0.01449702 -0.00132625 0.00687321
v -0.01477047 -0.00093028 0.00693791
v -0.01494188 -0.00047863 0.00698362
v -0.01850000 -0.00059364 0.00697478
v -0.01500000 -0.00000000 0.00700000
v -0.01850000 -0.00000000 0.00700000
v -0.01850000 0.00059364 0.00697478
v -0.01494188 0.00047863 0.00698362
v -0.01850000 0.00176385 0.00677413
v -0.01477039 0.00093045 0.00693789
v -0.01449702 0.00132625 0.00687321
v -0.00963368 0.00325904 0.00619505
v -0.01324115 0.00198541 0.00671254
v -0.01370921 0.00187003 0.00674559
v -0.01850000 0.00288331 0.00637860
v -0.01382242 0.00182308 0.00675843
v -0.01419802 0.00160149 0.00681434
v -0.00776753 0.00970000 0.00191453
v -0.00708365 0.00970000 0.00371779
v -0.00598809 0.00970000 0.00530498
v -0.00598809 -0.00970000 0.00530498
v -0.00708365 -0.00970000 0.00371779
v -0.00776753 -0.00970000 0.00191453
v 0.00787135 0.00082500 0.00142894
v 0.00783968 0.00042793 0.00159354
v 0.00776753 0.00970000 0.00191453
v 0.00798859 0.00159377 0.00042708
v 0.00795735 0.00142894 0.00082500
v 0.00791444 0.00116656 0.00116689
v 0.00782799 -0.00000000 0.00165000
v 0.00783966 -0.00042754 0.00159365
v 0.00776753 -0.00970000 0.00191453
v 0.00787135 -0.00082500 0.00142894
v 0.00791450 -0.00116695 0.00116650
v 0.00798856 -0.00159361 0.00042769
v 0.00795735 -0.00142894 0.00082500
v 0.00708365 0.00970000 0.00371779
v 0.00708365 -0.00970000 0.00371779
v 0.00598809 0.00970000 0.00530498
v 0.00598809 -0.00970000 0.00530498
v 0.00454452 0.00970000 0.00658387
v 0.00454452 -0.00970000 0.00658387
v 0.00283684 0.00970000 0.00748013
v 0.00283684 -0.00970000 0.00748013
v 0.00096429 0.00970000 0.00794167
v 0.00096429 -0.00970000 0.00794167
v -0.00096429 0.00970000 0.00794167
v -0.00096429 -0.00970000 0.00794167
v -0.00283684 0.00970000 0.00748013
v -0.00283684 -0.00970000 0.00748013
v -0.00454452 0.00970000 0.00658387
v -0.00454452 -0.00970000 0.00658387
v 0.00860541 0.00200377 0.00675374
v 0.00879984 0.00256642 0.00656623
v 0.00931984 0.00370358 0.00601623
v 0.00903593 0.00312706 0.00632585
v 0.00962576 0.00425197 0.00565371
v 0.00994415 0.00476946 0.00523837
v 0.01032014 0.00533132 0.00468466
v 0.01062471 0.00575700 0.00416903
v 0.01090214 0.00612640 0.00362475
v 0.01114604 0.00643883 0.00305751
v 0.01134194 0.00668229 0.00250324
v 0.01150007 0.00687434 0.00193800
v 0.01153993 0.00692214 0.00176641
v 0.01164273 0.00704432 0.00121485
v 0.01065167 0.00823372 0.00010728
v 0.01062866 0.00819659 0.00069161
v 0.01057248 0.00810571 0.00127030
v 0.01048303 0.00796022 0.00184655
v 0.01044828 0.00790342 0.00202572
v 0.01031008 0.00767589 0.00261556
v 0.01013821 0.00738877 0.00319333
v 0.00992332 0.00702218 0.00378393
v 0.00967784 0.00659094 0.00434996
v 0.01170743 0.00712043 0.00066130
v 0.01173398 0.00715148 0.00010257
v 0.01172645 0.00714268 -0.00036278
v 0.01053679 0.00804777 -0.00152713
v 0.01060733 0.00816212 -0.00095396
v 0.01064515 0.00822320 -0.00037942
v 0.01168285 0.00709159 -0.00091222
v 0.01160167 0.00699572 -0.00146062
v 0.01148256 0.00685326 -0.00200869
v 0.01140194 0.00675562 -0.00230563
v 0.01122219 0.00653422 -0.00285554
v 0.01100755 0.00626276 -0.00339224
v 0.01001631 0.00718194 -0.00354193
v 0.01020510 0.00750111 -0.00298287
v 0.01036258 0.00776265 -0.00240942
v 0.01043300 0.00787839 -0.00209952
v 0.01076028 0.00593951 -0.00391375
v 0.01060449 0.00572944 -0.00420557
v 0.01030145 0.00530442 -0.00471412
v 0.00998148 0.00482737 -0.00518674
v 0.00965304 0.00429816 -0.00561974
v 0.00933292 0.00372835 -0.00600138
v 0.00977259 0.00350030 -0.00606201
v 0.00903950 0.00313486 -0.00632210
v 0.00878292 0.00252204 -0.00658291
v 0.00865319 0.00215456 -0.00670849
v 0.00848669 0.00157187 -0.00686392
v 0.00837051 0.00098916 -0.00696876
v 0.00830628 0.00040199 -0.00702549
v 0.00829359 0.00002869 -0.00703660
v 0.00831618 -0.00053581 -0.00701680
v 0.00838870 -0.00110041 -0.00695253
v 0.00850976 -0.00166414 -0.00684275
v 0.00857629 -0.00190644 -0.00678105
v 0.00877163 -0.00249203 -0.00659400
v 0.00900668 -0.00306249 -0.00635644
v 0.00973049 -0.00342863 -0.00610283
v 0.00927402 -0.00361576 -0.00606784
v 0.00956566 -0.00414880 -0.00572753
v 0.00966057 -0.00431085 -0.00561032
v 0.00999263 -0.00484456 -0.00517119
v 0.01031827 -0.00532863 -0.00468763
v 0.00967935 -0.00659363 -0.00434675
v 0.00913611 -0.00656083 -0.00517508
v 0.00940558 -0.00609328 -0.00488868
v 0.00911517 -0.00553345 -0.00539047
v 0.00881803 -0.00491866 -0.00584573
v 0.00873293 -0.00473243 -0.00596719
v 0.00847103 -0.00412102 -0.00631965
v 0.00823043 -0.00348798 -0.00661839
v 0.00801854 -0.00283663 -0.00686417
v 0.00784221 -0.00216909 -0.00705763
v 0.00778210 -0.00189312 -0.00712143
v 0.00767268 -0.00125149 -0.00723492
v 0.00760709 -0.00060928 -0.00730136
v 0.00758665 0.00003262 -0.00732182
v 0.00759814 0.00045710 -0.00731034
v 0.00765623 0.00112492 -0.00725170
v 0.00776125 0.00178806 -0.00714331
v 0.00791165 0.00245182 -0.00698259
v 0.00802873 0.00287087 -0.00685270
v 0.00826000 0.00357071 -0.00658285
v 0.00852397 0.00425002 -0.00625083
v 0.00881128 0.00490408 -0.00585550
v 0.00910521 0.00551361 -0.00540659
v 0.00939061 0.00606523 -0.00491618
v 0.00965992 0.00655885 -0.00438795
v 0.00955207 0.00735263 -0.00435982
v 0.00979793 0.00680373 -0.00408456
v 0.01062641 -0.00575931 -0.00416594
v 0.01090790 -0.00613391 -0.00361246
v 0.01114356 -0.00643570 -0.00306386
v 0.01033700 -0.00772043 -0.00251208
v 0.01013603 -0.00738509 -0.00319995
v 0.00992841 -0.00703097 -0.00377115
v 0.01134310 -0.00668372 -0.00249957
v 0.01152048 -0.00689884 -0.00185218
v 0.01162985 -0.00702910 -0.00129702
v 0.01064310 -0.00821990 -0.00043068
v 0.01062302 -0.00818748 -0.00076975
v 0.01056129 -0.00808755 -0.00135618
v 0.01046607 -0.00793252 -0.00193612
v 0.01170093 -0.00711281 -0.00073603
v 0.01172409 -0.00713992 -0.00041179
v 0.01173344 -0.00715085 0.00013844
v 0.01053398 -0.00804321 0.00154548
v 0.01056850 -0.00809925 0.00130149
v 0.01062654 -0.00819316 0.00072201
v 0.01065121 -0.00823297 0.00014479
v 0.01170499 -0.00711756 0.00069038
v 0.01163815 -0.00703891 0.00124469
v 0.01159845 -0.00699189 0.00147818
v 0.01147705 -0.00684662 0.00203039
v 0.01131879 -0.00665385 0.00257529
v 0.01112435 -0.00641147 0.00311250
v 0.01091448 -0.00614248 0.00359837
v 0.00993422 -0.00704100 0.00375648
v 0.01011914 -0.00735660 0.00325062
v 0.01028980 -0.00764227 0.00269070
v 0.01042819 -0.00787052 0.00212218
v 0.01064846 -0.00578925 0.00412562
v 0.01035647 -0.00538334 0.00462675
v 0.01004415 -0.00492344 0.00509853
v 0.00896535 -0.00522971 0.00562645
v 0.00916118 -0.00562452 0.00531510
v 0.00943958 -0.00615671 0.00482547
v 0.00969889 -0.00662851 0.00430485
v 0.00982507 -0.00458113 0.00539876
v 0.00918473 -0.00343932 0.00616656
v 0.00949631 -0.00402718 0.00581109
v 0.00890291 -0.00282324 0.00646308
v 0.00854219 -0.00178614 0.00681280
v 0.00872870 -0.00237479 0.00663589
v 0.00840544 -0.00119377 0.00693754
v 0.00836644 -0.00096254 0.00697238
v 0.00759789 -0.00045219 0.00731058
v 0.00765254 -0.00109464 0.00725544
v 0.00768781 -0.00135772 0.00721943
v 0.00781140 -0.00203205 0.00709046
v 0.00797981 -0.00270290 0.00690750
v 0.00813693 -0.00321466 0.00672873
v 0.00839072 -0.00391898 0.00642185
v 0.00867070 -0.00459278 0.00605375
v 0.00829578 0.00016889 0.00703469
v 0.00830601 -0.00039767 0.00702572
v 0.00833677 0.00074066 0.00699867
v 0.00835198 0.00086148 0.00698521
v 0.00845484 0.00143519 0.00689295
v 0.00792847 0.00018001 0.00714323
v 0.00793810 -0.00042387 0.00713393
v 0.00799497 -0.00102591 0.00707855
v 0.00803166 -0.00127233 0.00704239
v 0.00816023 -0.00190352 0.00691297
v 0.00833533 -0.00253055 0.00672954
v 0.00849861 -0.00300806 0.00655051
v 0.00876214 -0.00366370 0.00624367
v 0.00905251 -0.00428874 0.00587645
v 0.00935760 -0.00487705 0.00545142
v 0.00956006 -0.00524015 0.00514262
v 0.00984733 -0.00572726 0.00465861
v 0.01011420 -0.00615631 0.00414627
v 0.01035565 -0.00652877 0.00360935
v 0.01054478 -0.00681167 0.00311659
v 0.01071875 -0.00706589 0.00257406
v 0.01085933 -0.00726750 0.00202614
v 0.01096645 -0.00741902 0.00147309
v 0.01100133 -0.00746798 0.00123982
v 0.01105989 -0.00754977 0.00068712
v 0.01108475 -0.00758434 0.00013774
v 0.01107658 -0.00757300 -0.00040975
v 0.01105635 -0.00754483 -0.00073259
v 0.01162985 -0.00702910 -0.00129702
v 0.01099405 -0.00745777 -0.00129207
v 0.01089773 -0.00732201 -0.00184742
v 0.01076675 -0.00713509 -0.00240160
v 0.01074041 -0.00709716 -0.00249778
v 0.01056202 -0.00683711 -0.00306737
v 0.01034970 -0.00651974 -0.00362367
v 0.01009411 -0.00612470 -0.00418742
v 0.00981228 -0.00566937 -0.00472098
v 0.00951251 -0.00515651 -0.00521730
v 0.00920513 -0.00459010 -0.00566937
v 0.00911699 -0.00441797 -0.00579024
v 0.00884547 -0.00385136 -0.00614161
v 0.00859573 -0.00326273 -0.00644011
v 0.00837560 -0.00265541 -0.00668613
v 0.00819227 -0.00203169 -0.00688004
v 0.00812976 -0.00177354 -0.00694404
v 0.00801592 -0.00117283 -0.00705795
v 0.00794767 -0.00057110 -0.00712466
v 0.00792641 0.00003058 -0.00714522
v 0.00793836 0.00042847 -0.00713368
v 0.00799880 0.00105427 -0.00707479
v 0.00810807 0.00167522 -0.00696600
v 0.00826447 0.00229600 -0.00680480
v 0.00838618 0.00268737 -0.00667464
v 0.00862644 0.00333975 -0.00640457
v 0.00890038 0.00397108 -0.00607294
v 0.00919814 0.00457663 -0.00567908
v 0.00950222 0.00513828 -0.00523328
v 0.00979685 0.00564374 -0.00474813
v 0.01007413 0.00609315 -0.00422789
v 0.01021591 0.00631487 -0.00393025
v 0.01043968 0.00665535 -0.00340006
v 0.01063248 0.00694051 -0.00285679
v 0.01079274 0.00717240 -0.00230261
v 0.01086420 0.00727443 -0.00200436
v 0.01160167 0.00699572 -0.00146062
v 0.01096929 0.00742300 -0.00145553
v 0.01104052 0.00752277 -0.00090816
v 0.01107864 0.00757586 -0.00036097
v 0.01108522 0.00758499 0.00010205
v 0.01106203 0.00755275 0.00065816
v 0.01100535 0.00747361 0.00121003
v 0.01091490 0.00734632 0.00176149
v 0.01087970 0.00729644 0.00193345
v 0.01073938 0.00709567 0.00250147
v 0.01056425 0.00684039 0.00306095
v 0.01034449 0.00651183 0.00363616
v 0.01009256 0.00612226 0.00419058
v 0.00981400 0.00567222 0.00471794
v 0.00951515 0.00516117 0.00521320
v 0.00946774 0.00507686 0.00528638
v 0.00917281 0.00452756 0.00571410
v 0.00888819 0.00394475 0.00608829
v 0.00862310 0.00333145 0.00640845
v 0.00840204 0.00273463 0.00665736
v 0.00821961 0.00213537 0.00685172
v 0.00807813 0.00152959 0.00699612
v 0.00798137 0.00091820 0.00709187
v 0.00796705 0.00078943 0.00710584
v 0.00758863 0.00019204 0.00731985
v 0.01100133 -0.00746798 0.00123982
v 0.01031110 -0.00767757 -0.00261174
v 0.00910521 0.00551361 -0.00540659
v 0.01053679 0.00804777 -0.00152713
v 0.01062866 0.00819659 0.00069161
v 0.01057248 0.00810571 0.00127030
v 0.00967784 0.00659094 0.00434996
v 0.00940725 0.00609641 0.00488560
v 0.00911771 0.00553851 0.00538634
v 0.00907184 0.00544679 0.00546015
v 0.00878682 0.00485097 0.00589070
v 0.00851221 0.00422163 0.00626622
v 0.00825679 0.00356179 0.00658673
v 0.00804399 0.00292151 0.00683545
v 0.00786850 0.00227997 0.00702938
v 0.00773247 0.00163247 0.00717333
v 0.00763947 0.00097968 0.00726871
v 0.00762571 0.00084225 0.00728262
v 0.00743182 0.00173968 0.00741742
v -0.00860541 -0.00200377 0.00675374
v -0.00879984 -0.00256642 0.00656623
v -0.00931984 -0.00370358 0.00601623
v -0.00903593 -0.00312706 0.00632585
v -0.00962576 -0.00425197 0.00565371
v -0.00994415 -0.00476946 0.00523837
v -0.01032014 -0.00533132 0.00468466
v -0.01062471 -0.00575700 0.00416903
v -0.01090214 -0.00612640 0.00362475
v -0.01114604 -0.00643883 0.00305751
v -0.01134194 -0.00668229 0.00250324
v -0.01150007 -0.00687434 0.00193800
v -0.01153993 -0.00692214 0.00176641
v -0.01164273 -0.00704432 0.00121485
v -0.01065167 -0.00823372 0.00010728
v -0.01062866 -0.00819659 0.00069161
v -0.01057248 -0.00810571 0.00127030
v -0.01048303 -0.00796022 0.00184655
v -0.01044828 -0.00790342 0.00202572
v -0.01031008 -0.00767589 0.00261556
v -0.01013821 -0.00738877 0.00319333
v -0.00992332 -0.00702218 0.00378393
v -0.00967784 -0.00659094 0.00434996
v -0.01170743 -0.00712043 0.00066130
v -0.01173398 -0.00715148 0.00010257
v -0.01172645 -0.00714268 -0.00036278
v -0.01053679 -0.00804777 -0.00152713
v -0.01060733 -0.00816212 -0.00095396
v -0.01064515 -0.00822320 -0.00037942
v -0.01168285 -0.00709159 -0.00091222
v -0.01160167 -0.00699572 -0.00146062
v -0.01148256 -0.00685326 -0.00200869
v -0.01140194 -0.00675562 -0.00230563
v -0.01122219 -0.00653422 -0.00285554
v -0.01100755 -0.00626276 -0.00339224
v -0.01001631 -0.00718194 -0.00354193
v -0.01020510 -0.00750111 -0.00298287
v -0.01036258 -0.00776265 -0.00240942
v -0.01043300 -0.00787839 -0.00209952
v -0.01076028 -0.00593951 -0.00391375
v -0.01060449 -0.00572944 -0.00420557
v -0.01030145 -0.00530442 -0.00471412
v -0.00998148 -0.00482737 -0.00518674
v -0.00965304 -0.00429816 -0.00561974
v -0.00933292 -0.00372835 -0.00600138
v -0.00903950 -0.00313486 -0.00632210
v -0.00878292 -0.00252204 -0.00658291
v -0.00865319 -0.00215456 -0.00670849
v -0.00848669 -0.00157187 -0.00686392
v -0.00837051 -0.00098916 -0.00696876
v -0.00830628 -0.00040199 -0.00702549
v -0.00829359 -0.00002869 -0.00703660
v -0.00831618 0.00053581 -0.00701680
v -0.00838870 0.00110041 -0.00695253
v -0.00850976 0.00166414 -0.00684275
v -0.00857629 0.00190644 -0.00678105
v -0.00877163 0.00249203 -0.00659400
v -0.00900668 0.00306249 -0.00635644
v -0.00927402 0.00361576 -0.00606784
v -0.00956566 0.00414880 -0.00572753
v -0.00966057 0.00431085 -0.00561032
v -0.00999263 0.00484456 -0.00517119
v -0.01031827 0.00532863 -0.00468763
v -0.00967935 0.00659363 -0.00434675
v -0.00940558 0.00609328 -0.00488868
v -0.00911517 0.00553345 -0.00539047
v -0.00881803 0.00491866 -0.00584573
v -0.00873293 0.00473243 -0.00596719
v -0.00847103 0.00412102 -0.00631965
v -0.00823043 0.00348798 -0.00661839
v -0.00801854 0.00283663 -0.00686417
v -0.00784221 0.00216909 -0.00705763
v -0.00778210 0.00189312 -0.00712143
v -0.00767268 0.00125149 -0.00723492
v -0.00760709 0.00060928 -0.00730136
v -0.00758665 -0.00003262 -0.00732182
v -0.00759814 -0.00045710 -0.00731034
v -0.00765623 -0.00112492 -0.00725170
v -0.00776125 -0.00178806 -0.00714331
v -0.00791165 -0.00245182 -0.00698259
v -0.00772782 -0.00306368 -0.00710850
v -0.00802873 -0.00287087 -0.00685270
v -0.00826000 -0.00357071 -0.00658285
v -0.00852397 -0.00425002 -0.00625083
v -0.00881128 -0.00490408 -0.00585550
v -0.00910521 -0.00551361 -0.00540659
v -0.00939061 -0.00606523 -0.00491618
v -0.00940472 -0.00707831 -0.00466918
v -0.00965992 -0.00655885 -0.00438795
v -0.00979793 -0.00680373 -0.00408456
v -0.01062641 0.00575931 -0.00416594
v -0.01090790 0.00613391 -0.00361246
v -0.01114356 0.00643570 -0.00306386
v -0.01033700 0.00772043 -0.00251208
v -0.01013603 0.00738509 -0.00319995
v -0.00992841 0.00703097 -0.00377115
v -0.01134310 0.00668372 -0.00249957
v -0.01152048 0.00689884 -0.00185218
v -0.01162985 0.00702910 -0.00129702
v -0.01064310 0.00821990 -0.00043068
v -0.01062302 0.00818748 -0.00076975
v -0.01056129 0.00808755 -0.00135618
v -0.01046607 0.00793252 -0.00193612
v -0.01170093 0.00711281 -0.00073603
v -0.01172409 0.00713992 -0.00041179
v -0.01173344 0.00715085 0.00013844
v -0.01053398 0.00804321 0.00154548
v -0.01056850 0.00809925 0.00130149
v -0.01062654 0.00819316 0.00072201
v -0.01065121 0.00823297 0.00014479
v -0.01170499 0.00711756 0.00069038
v -0.01163815 0.00703891 0.00124469
v -0.01159845 0.00699189 0.00147818
v -0.01147705 0.00684662 0.00203039
v -0.01131879 0.00665385 0.00257529
v -0.01112435 0.00641147 0.00311250
v -0.01091448 0.00614248 0.00359837
v -0.00993422 0.00704100 0.00375648
v -0.01011914 0.00735660 0.00325062
v -0.01008876 0.00830666 0.00290978
v -0.01028980 0.00764227 0.00269070
v -0.01042819 0.00787052 0.00212218
v -0.01064846 0.00578925 0.00412562
v -0.01035647 0.00538334 0.00462675
v -0.01004415 0.00492344 0.00509853
v -0.00896535 0.00522971 0.00562645
v -0.00916118 0.00562452 0.00531510
v -0.00943958 0.00615671 0.00482547
v -0.00969889 0.00662851 0.00430485
v -0.00982507 0.00458113 0.00539876
v -0.00918473 0.00343932 0.00616656
v -0.00949631 0.00402718 0.00581109
v -0.00890291 0.00282324 0.00646308
v -0.00854219 0.00178614 0.00681280
v -0.00872870 0.00237479 0.00663589
v -0.00840544 0.00119377 0.00693754
v -0.00836644 0.00096254 0.00697238
v -0.00759789 0.00045219 0.00731058
v -0.00765254 0.00109464 0.00725544
v -0.00768781 0.00135772 0.00721943
v -0.00781140 0.00203205 0.00709046
v -0.00797981 0.00270290 0.00690750
v -0.00813693 0.00321466 0.00672873
v -0.00839072 0.00391898 0.00642185
v -0.00867070 0.00459278 0.00605375
v -0.00829578 -0.00016889 0.00703469
v -0.00830601 0.00039767 0.00702572
v -0.00833677 -0.00074066 0.00699867
v -0.00835198 -0.00086148 0.00698521
v -0.00845484 -0.00143519 0.00689295
v -0.00792847 -0.00018001 0.00714323
v -0.00793810 0.00042387 0.00713393
v -0.00799497 0.00102591 0.00707855
v -0.00803166 0.00127233 0.00704239
v -0.00816023 0.00190352 0.00691297
v -0.00833533 0.00253055 0.00672954
v -0.00849861 0.00300806 0.00655051
v -0.00876214 0.00366370 0.00624367
v -0.00905251 0.00428874 0.00587645
v -0.00935760 0.00487705 0.00545142
v -0.00956006 0.00524015 0.00514262
v -0.00984733 0.00572726 0.00465861
v -0.01011420 0.00615631 0.00414627
v -0.01035565 0.00652877 0.00360935
v -0.01054478 0.00681167 0.00311659
v -0.01071875 0.00706589 0.00257406
v -0.01085933 0.00726750 0.00202614
v -0.01096645 0.00741902 0.00147309
v -0.01100133 0.00746798 0.00123982
v -0.01105989 0.00754977 0.00068712
v -0.01108475 0.00758434 0.00013774
v -0.01107658 0.00757300 -0.00040975
v -0.01105635 0.00754483 -0.00073259
v -0.01099405 0.00745777 -0.00129207
v -0.01089773 0.00732201 -0.00184742
v -0.01076675 0.00713509 -0.00240160
v -0.01074041 0.00709716 -0.00249778
v -0.01056202 0.00683711 -0.00306737
v -0.01034970 0.00651974 -0.00362367
v -0.01009411 0.00612470 -0.00418742
v -0.00981228 0.00566937 -0.00472098
v -0.00951251 0.00515651 -0.00521730
v -0.00920513 0.00459010 -0.00566937
v -0.00911699 0.00441797 -0.00579024
v -0.00884547 0.00385136 -0.00614161
v -0.00859573 0.00326273 -0.00644011
v -0.00837560 0.00265541 -0.00668613
v -0.00819227 0.00203169 -0.00688004
v -0.00812976 0.00177354 -0.00694404
v -0.00838870 0.00110041 -0.00695253
v -0.00801592 0.00117283 -0.00705795
v -0.00831618 0.00053581 -0.00701680
v -0.00794767 0.00057110 -0.00712466
v -0.00792641 -0.00003058 -0.00714522
v -0.00793836 -0.00042847 -0.00713368
v -0.00799880 -0.00105427 -0.00707479
v -0.00810807 -0.00167522 -0.00696600
v -0.00826447 -0.00229600 -0.00680480
v -0.00838618 -0.00268737 -0.00667464
v -0.00862644 -0.00333975 -0.00640457
v -0.00890038 -0.00397108 -0.00607294
v -0.00919814 -0.00457663 -0.00567908
v -0.00950222 -0.00513828 -0.00523328
v -0.00979685 -0.00564374 -0.00474813
v -0.01007413 -0.00609315 -0.00422789
v -0.01021591 -0.00631487 -0.00393025
v -0.01043968 -0.00665535 -0.00340006
v -0.01063248 -0.00694051 -0.00285679
v -0.01079274 -0.00717240 -0.00230261
v -0.01086420 -0.00727443 -0.00200436
v -0.01096929 -0.00742300 -0.00145553
v -0.01104052 -0.00752277 -0.00090816
v -0.01107864 -0.00757586 -0.00036097
v -0.01108522 -0.00758499 0.00010205
v -0.01106203 -0.00755275 0.00065816
v -0.01100535 -0.00747361 0.00121003
v -0.01091490 -0.00734632 0.00176149
v -0.01087970 -0.00729644 0.00193345
v -0.01073938 -0.00709567 0.00250147
v -0.01056425 -0.00684039 0.00306095
v -0.01034449 -0.00651183 0.00363616
v -0.01009256 -0.00612226 0.00419058
v -0.00981400 -0.00567222 0.00471794
v -0.00951515 -0.00516117 0.00521320
v -0.00946774 -0.00507686 0.00528638
v -0.00917281 -0.00452756 0.00571410
v -0.00888819 -0.00394475 0.00608829
v -0.00862310 -0.00333145 0.00640845
v -0.00840204 -0.00273463 0.00665736
v -0.00821961 -0.00213537 0.00685172
v -0.00807813 -0.00152959 0.00699612
v -0.00798137 -0.00091820 0.00709187
v -0.00796705 -0.00078943 0.00710584
v -0.00792847 -0.00018001 0.00714323
v -0.00758863 -0.00019204 0.00731985
v -0.00839072 0.00391898 0.00642185
v -0.01105989 0.00754977 0.00068712
v -0.00837560 0.00265541 -0.00668613
v -0.00940725 -0.00609641 0.00488560
v -0.00911771 -0.00553851 0.00538634
v -0.00907184 -0.00544679 0.00546015
v -0.00878682 -0.00485097 0.00589070
v -0.00851221 -0.00422163 0.00626622
v -0.00825679 -0.00356179 0.00658673
v -0.00804399 -0.00292151 0.00683545
v -0.00786850 -0.00227997 0.00702938
v -0.00773247 -0.00163247 0.00717333
v -0.00763947 -0.00097968 0.00726871
v -0.00762571 -0.00084225 0.00728262
v -0.00743182 -0.00173968 0.00741742
v -0.01114647 -0.00075129 -0.00494323
v -0.01114402 0.00074521 -0.00494415
v -0.00825197 -0.01000000 -0.00599541
v 0.01888268 -0.00531185 0.00467501
v 0.01888268 -0.00691730 0.00149079
v 0.01888268 -0.00676595 -0.00207205
v 0.01888268 -0.00489624 -0.00510865
v 0.01888268 -0.00178303 -0.00684780
v 0.01888268 0.00396245 -0.00586263
v 0.01888268 0.00631845 -0.00318570
v 0.01888268 0.00706974 0.00030032
v 0.01888268 0.00602552 0.00371006
v 0.01888268 0.00345099 0.00617755
v 0.01888268 0.00235734 0.00667191
v 0.01942388 -0.00371493 0.00665003
v 0.01942388 -0.00478535 0.00592654
v 0.01942388 -0.00571811 0.00503257
v 0.01942388 -0.00648637 0.00399381
v 0.01942388 -0.00706802 0.00284017
v 0.01942388 -0.00744635 0.00160481
v 0.01942388 -0.00761045 0.00032329
v 0.01942388 -0.00755562 -0.00096753
v 0.01942388 -0.00728342 -0.00223052
v 0.01942388 -0.00680170 -0.00342934
v 0.01942388 -0.00612430 -0.00452951
v 0.01942388 -0.00527072 -0.00549937
v 0.01942388 -0.00426551 -0.00631102
v 0.01942388 -0.00313758 -0.00694112
v 0.01942388 -0.00191940 -0.00737153
v 0.01942388 -0.00064599 -0.00758988
v 0.01942388 0.00064599 -0.00758988
v 0.01942388 0.00191940 -0.00737153
v 0.01942388 0.00313758 -0.00694112
v 0.01942388 0.00426551 -0.00631102
v 0.01942388 0.00527072 -0.00549937
v 0.01942388 0.00612430 -0.00452951
v 0.01942388 0.00680170 -0.00342934
v 0.01942388 0.00728342 -0.00223052
v 0.01942388 0.00755562 -0.00096753
v 0.01942388 0.00761045 0.00032329
v 0.01942388 0.00744635 0.00160481
v 0.01942388 0.00706802 0.00284017
v 0.01942388 0.00648637 0.00399381
v 0.01942388 0.00571811 0.00503257
v 0.01942388 0.00478535 0.00592654
v 0.01942388 0.00371493 0.00665003
v 0.01942388 0.00253763 0.00718220
v 0.01942388 0.00128733 0.00750775
v 0.01942388 -0.00000000 0.00761732
v 0.01942388 -0.00128733 0.00750775
v 0.01942388 -0.00253763 0.00718220
v 0.01920711 0.00355671 0.00636680
v 0.01920711 0.00242955 0.00687630
v 0.01920711 0.00123250 0.00718799
v 0.01920711 -0.00000000 0.00729289
v 0.01920711 -0.00123250 0.00718799
v 0.01920711 -0.00242955 0.00687630
v 0.01888268 0.00119587 0.00697434
v 0.01888268 -0.00000000 0.00707612
v 0.01888268 -0.00119587 0.00697434
v 0.01888268 -0.00235734 0.00667191
v 0.01920711 0.00458154 0.00567413
v 0.01888268 0.00444536 0.00550547
v 0.01888268 0.00531185 0.00467501
v 0.01920711 0.00547457 0.00481823
v 0.01920711 0.00621011 0.00382372
v 0.01920711 0.00676700 0.00271920
v 0.01888268 0.00656585 0.00263838
v 0.01888268 0.00691730 0.00149079
v 0.01920711 0.00712921 0.00153646
v 0.01920711 0.00728632 0.00030952
v 0.01920711 0.00723382 -0.00092633
v 0.01888268 0.00701881 -0.00089879
v 0.01888268 0.00676595 -0.00207205
v 0.01920711 0.00697322 -0.00213553
v 0.01920711 0.00651201 -0.00328329
v 0.01920711 0.00586347 -0.00433660
v 0.01888268 0.00568918 -0.00420770
v 0.01888268 0.00489624 -0.00510865
v 0.01920711 0.00504624 -0.00526515
v 0.01920711 0.00408384 -0.00604223
v 0.01920711 0.00300395 -0.00664549
v 0.01888268 0.00291466 -0.00644796
v 0.01888268 0.00178303 -0.00684780
v 0.01920711 0.00183765 -0.00705757
v 0.01920711 0.00061848 -0.00726662
v 0.01888268 0.00060010 -0.00705063
v 0.01888268 -0.00060010 -0.00705063
v 0.01920711 -0.00061848 -0.00726662
v 0.01920711 -0.00183765 -0.00705757
v 0.01920711 -0.00300395 -0.00664549
v 0.01888268 -0.00291466 -0.00644796
v 0.01888268 -0.00396245 -0.00586263
v 0.01920711 -0.00408384 -0.00604223
v 0.01920711 -0.00504624 -0.00526515
v 0.01920711 -0.00586347 -0.00433660
v 0.01888268 -0.00568918 -0.00420770
v 0.01888268 -0.00631845 -0.00318570
v 0.01920711 -0.00651201 -0.00328329
v 0.01920711 -0.00697322 -0.00213553
v 0.01920711 -0.00723382 -0.00092633
v 0.01888268 -0.00701881 -0.00089879
v 0.01888268 -0.00706974 0.00030032
v 0.01920711 -0.00728632 0.00030952
v 0.01920711 -0.00712921 0.00153646
v 0.01920711 -0.00676700 0.00271920
v 0.01888268 -0.00656585 0.00263838
v 0.01888268 -0.00602552 0.00371006
v 0.01920711 -0.00621011 0.00382372
v 0.01920711 -0.00547457 0.00481823
v 0.01920711 -0.00458154 0.00567413
v 0.01888268 -0.00444536 0.00550547
v 0.01888268 -0.00345099 0.00617755
v 0.01920711 -0.00355671 0.00636680
v -0.01888268 -0.00531185 -0.00467501
v -0.01888268 -0.00691730 -0.00149079
v -0.01888268 -0.00676595 0.00207205
v -0.01888268 -0.00489624 0.00510865
v -0.01888268 -0.00178303 0.00684780
v -0.01888268 0.00396245 0.00586263
v -0.01888268 0.00631845 0.00318570
v -0.01888268 0.00706974 -0.00030032
v -0.01888268 0.00602552 -0.00371006
v -0.01888268 0.00345099 -0.00617755
v -0.01888268 0.00235734 -0.00667191
v -0.01942388 -0.00371493 -0.00665003
v -0.01942388 -0.00478535 -0.00592654
v -0.01942388 -0.00571811 -0.00503257
v -0.01942388 -0.00648637 -0.00399381
v -0.01942388 -0.00706802 -0.00284017
v -0.01942388 -0.00744635 -0.00160481
v -0.01942388 -0.00761045 -0.00032329
v -0.01942388 -0.00755562 0.00096753
v -0.01942388 -0.00728342 0.00223052
v -0.01942388 -0.00680170 0.00342934
v -0.01942388 -0.00612430 0.00452951
v -0.01942388 -0.00527072 0.00549937
v -0.01942388 -0.00426551 0.00631102
v -0.01942388 -0.00313758 0.00694112
v -0.01942388 -0.00191940 0.00737153
v -0.01942388 -0.00064599 0.00758988
v -0.01942388 0.00064599 0.00758988
v -0.01942388 0.00191940 0.00737153
v -0.01942388 0.00313758 0.00694112
v -0.01942388 0.00426551 0.00631102
v -0.01942388 0.00527072 0.00549937
v -0.01942388 0.00612430 0.00452951
v -0.01942388 0.00680170 0.00342934
v -0.01942388 0.00728342 0.00223052
v -0.01942388 0.00755562 0.00096753
v -0.01942388 0.00761045 -0.00032329
v -0.01942388 0.00744635 -0.00160481
v -0.01942388 0.00706802 -0.00284017
v -0.01942388 0.00648637 -0.00399381
v -0.01942388 0.00571811 -0.00503257
v -0.01942388 0.00478535 -0.00592654
v -0.01942388 0.00371493 -0.00665003
v -0.01942388 0.00253763 -0.00718220
v -0.01942388 0.00128733 -0.00750775
v -0.01942388 -0.00000000 -0.00761732
v -0.01942388 -0.00128733 -0.00750775
v -0.01942388 -0.00253763 -0.00718220
v -0.01920711 0.00355671 -0.00636680
v -0.01920711 0.00242955 -0.00687630
v -0.01920711 0.00123250 -0.00718799
v -0.01920711 -0.00000000 -0.00729289
v -0.01920711 -0.00123250 -0.00718799
v -0.01920711 -0.00242955 -0.00687630
v -0.01888268 0.00119587 -0.00697434
v -0.01888268 -0.00000000 -0.00707612
v -0.01888268 -0.00119587 -0.00697434
v -0.01888268 -0.00235734 -0.00667191
v -0.01920711 0.00458154 -0.00567413
v -0.01888268 0.00444536 -0.00550547
v -0.01888268 0.00531185 -0.00467501
v -0.01920711 0.00547457 -0.00481823
v -0.01920711 0.00621011 -0.00382372
v -0.01920711 0.00676700 -0.00271920
v -0.01888268 0.00656585 -0.00263838
v -0.01888268 0.00691730 -0.00149079
v -0.01920711 0.00712921 -0.00153646
v -0.01920711 0.00728632 -0.00030952
v -0.01920711 0.00723382 0.00092633
v -0.01888268 0.00701881 0.00089879
v -0.01888268 0.00676595 0.00207205
v -0.01920711 0.00697322 0.00213553
v -0.01920711 0.00651201 0.00328329
v -0.01920711 0.00586347 0.00433660
v -0.01888268 0.00568918 0.00420770
v -0.01888268 0.00489624 0.00510865
v -0.01920711 0.00504624 0.00526515
v -0.01920711 0.00408384 0.00604223
v -0.01920711 0.00300395 0.00664549
v -0.01888268 0.00291466 0.00644796
v -0.01888268 0.00178303 0.00684780
v -0.01920711 0.00183765 0.00705757
v -0.01920711 0.00061848 0.00726662
v -0.01888268 0.00060010 0.00705063
v -0.01888268 -0.00060010 0.00705063
v -0.01920711 -0.00061848 0.00726662
v -0.01920711 -0.00183765 0.00705757
v -0.01920711 -0.00300395 0.00664549
v -0.01888268 -0.00291466 0.00644796
v -0.01888268 -0.00396245 0.00586263
v -0.01920711 -0.00408384 0.00604223
v -0.01920711 -0.00504624 0.00526515
v -0.01920711 -0.00586347 0.00433660
v -0.01888268 -0.00568918 0.00420770
v -0.01888268 -0.00631845 0.00318570
v -0.01920711 -0.00651201 0.00328329
v -0.01920711 -0.00697322 0.00213553
v -0.01920711 -0.00723382 0.00092633
v -0.01888268 -0.00701881 0.00089879
v -0.01888268 -0.00706974 -0.00030032
v -0.01920711 -0.00728632 -0.00030952
v -0.01920711 -0.00712921 -0.00153646
v -0.01920711 -0.00676700 -0.00271920
v -0.01888268 -0.00656585 -0.00263838
v -0.01888268 -0.00602552 -0.00371006
v -0.01920711 -0.00621011 -0.00382372
v -0.01920711 -0.00547457 -0.00481823
v -0.01920711 -0.00458154 -0.00567413
v -0.01888268 -0.00444536 -0.00550547
v -0.01888268 -0.00345099 -0.00617755
v -0.01920711 -0.00355671 -0.00636680
f 1 2 3
f 4 5 3
f 3 5 6
f 6 7 3
f 3 7 8
f 3 8 1
f 9 10 11
f 11 10 12
f 11 12 13
f 14 15 16
f 16 15 11
f 16 11 17
f 17 11 13
f 18 19 20
f 20 19 21
f 20 21 22
f 23 24 25
f 24 26 25
f 25 26 27
f 25 27 21
f 21 27 28
f 21 28 22
f 29 30 31
f 30 32 31
f 31 32 33
f 34 35 36
f 35 37 36
f 36 37 38
f 36 38 39
f 39 40 36
f 36 40 41
f 36 41 25
f 25 41 23
f 42 43 44
f 43 45 44
f 44 45 31
f 31 45 46
f 31 46 29
f 47 48 49
f 49 48 50
f 50 51 49
f 49 51 52
f 49 52 44
f 44 52 42
f 33 34 31
f 31 34 36
f 31 36 53
f 53 36 54
f 53 54 55
f 55 54 56
f 55 56 57
f 57 56 58
f 57 58 59
f 59 58 60
f 59 60 61
f 61 60 62
f 61 62 63
f 63 62 64
f 63 64 65
f 65 64 66
f 65 66 67
f 67 66 68
f 67 68 11
f 11 68 3
f 11 3 9
f 9 3 2
f 69 70 71
f 72 73 74
f 75 76 77
f 77 76 78
f 79 80 81
f 81 80 82
f 82 80 83
f 82 83 76
f 76 83 84
f 76 84 78
f 85 86 87
f 87 86 88
f 87 88 79
f 79 88 89
f 79 89 80
f 90 91 92
f 91 93 92
f 92 93 94
f 92 94 95
f 95 94 96
f 95 96 87
f 87 96 85
f 97 98 99
f 99 98 100
f 99 100 101
f 101 100 102
f 101 102 103
f 92 104 90
f 90 104 105
f 90 105 106
f 106 105 101
f 106 101 107
f 107 101 103
f 108 109 110
f 110 109 111
f 110 111 112
f 112 111 113
f 112 113 114
f 114 113 115
f 114 115 116
f 116 115 117
f 116 117 118
f 118 117 119
f 118 119 97
f 97 119 120
f 97 120 98
f 121 122 123
f 123 122 124
f 108 110 123
f 123 110 125
f 123 125 121
f 126 127 128
f 128 127 129
f 128 129 130
f 130 129 122
f 122 129 131
f 122 131 124
f 132 133 134
f 134 133 135
f 134 135 128
f 128 135 136
f 128 136 126
f 137 138 132
f 132 138 139
f 132 139 133
f 140 141 142
f 142 141 143
f 142 143 137
f 137 143 138
f 144 145 146
f 146 145 147
f 146 147 140
f 140 147 148
f 140 148 149
f 140 149 141
f 144 146 150
f 150 146 151
f 150 151 152
f 152 151 153
f 152 153 154
f 155 156 157
f 157 156 158
f 157 158 159
f 157 159 153
f 153 159 160
f 153 160 154
f 161 162 163
f 163 162 155
f 155 162 164
f 155 164 156
f 74 73 165
f 165 73 166
f 165 166 167
f 167 166 163
f 163 166 168
f 163 168 161
f 169 170 171
f 171 170 172
f 171 172 173
f 173 172 174
f 173 174 74
f 74 174 175
f 74 175 72
f 71 70 176
f 176 70 177
f 176 177 178
f 178 177 171
f 171 177 169
f 179 180 181
f 181 180 182
f 181 182 183
f 183 182 184
f 183 184 185
f 185 184 186
f 185 186 187
f 187 186 188
f 187 188 71
f 71 188 189
f 71 189 69
f 190 191 192
f 192 193 190
f 190 193 194
f 190 194 195
f 195 194 196
f 195 196 179
f 179 196 197
f 179 197 180
f 198 199 200
f 200 199 201
f 191 190 200
f 200 190 202
f 200 202 198
f 203 204 205
f 205 204 206
f 205 206 207
f 207 206 208
f 207 208 199
f 199 208 209
f 199 209 201
f 203 205 210
f 210 205 211
f 211 205 212
f 211 212 213
f 214 215 216
f 216 215 217
f 216 217 212
f 212 217 218
f 212 218 213
f 75 219 76
f 76 219 220
f 76 220 214
f 214 220 221
f 214 221 215
f 222 223 224
f 225 226 223
f 223 226 227
f 223 227 224
f 228 229 230
f 230 229 231
f 230 231 225
f 225 231 232
f 225 232 226
f 233 234 235
f 235 234 236
f 235 236 237
f 238 239 228
f 228 239 240
f 228 240 229
f 236 241 237
f 237 241 242
f 237 242 238
f 238 242 243
f 238 243 239
f 244 245 233
f 233 245 246
f 233 246 234
f 247 248 244
f 244 248 249
f 244 249 245
f 224 250 222
f 222 250 251
f 222 251 252
f 252 251 253
f 252 253 247
f 247 253 254
f 247 254 248
f 255 256 241
f 241 256 257
f 241 257 242
f 242 257 258
f 242 258 243
f 243 258 259
f 243 259 239
f 239 259 260
f 239 260 240
f 240 260 261
f 240 261 229
f 229 261 262
f 229 262 231
f 231 262 263
f 231 263 232
f 232 263 264
f 232 264 226
f 226 264 265
f 226 265 227
f 227 265 266
f 227 266 224
f 224 266 267
f 224 267 250
f 250 267 268
f 250 268 251
f 251 268 269
f 251 269 253
f 253 269 270
f 253 270 254
f 254 270 271
f 254 271 248
f 248 271 272
f 248 272 249
f 249 272 273
f 249 273 245
f 245 273 274
f 245 274 246
f 246 274 275
f 246 275 234
f 234 275 276
f 234 276 236
f 236 276 255
f 236 255 241
f 277 278 279
f 279 278 280
f 279 280 281
f 281 280 282
f 281 282 283
f 284 285 286
f 286 285 287
f 286 287 288
f 288 287 289
f 288 289 290
f 291 292 293
f 293 292 294
f 293 294 284
f 284 294 295
f 284 295 285
f 289 296 290
f 290 296 297
f 290 297 298
f 298 297 299
f 298 299 277
f 277 299 300
f 277 300 278
f 301 302 303
f 303 302 304
f 303 304 305
f 282 306 283
f 283 306 307
f 283 307 308
f 308 307 309
f 308 309 310
f 310 309 311
f 310 311 301
f 301 311 312
f 301 312 302
f 304 313 305
f 305 313 314
f 305 314 315
f 315 314 316
f 315 316 317
f 317 316 318
f 317 318 319
f 319 318 320
f 319 320 321
f 321 320 322
f 321 322 323
f 323 322 324
f 323 324 325
f 325 324 326
f 325 326 291
f 291 326 327
f 291 327 292
f 328 329 330
f 330 331 328
f 328 331 332
f 328 332 333
f 332 334 333
f 333 334 335
f 333 335 336
f 335 337 336
f 336 337 338
f 336 338 339
f 338 340 339
f 339 340 341
f 339 341 342
f 341 343 342
f 342 343 344
f 342 344 345
f 344 346 345
f 345 346 347
f 345 347 348
f 347 349 348
f 348 349 350
f 348 350 351
f 350 352 351
f 351 352 353
f 351 353 354
f 353 355 354
f 354 355 356
f 354 356 357
f 356 358 357
f 357 358 359
f 357 359 360
f 359 361 360
f 360 361 362
f 360 362 363
f 362 364 363
f 363 364 365
f 363 365 366
f 365 367 366
f 366 367 368
f 366 368 369
f 368 370 369
f 369 370 371
f 369 371 372
f 372 371 373
f 373 374 372
f 372 374 375
f 372 375 376
f 375 377 376
f 376 377 378
f 376 378 379
f 379 378 380
f 379 380 381
f 381 380 382
f 382 383 381
f 381 383 384
f 381 384 385
f 385 384 386
f 385 386 387
f 386 388 387
f 387 388 389
f 387 389 390
f 389 391 390
f 390 391 392
f 390 392 393
f 392 394 393
f 393 394 395
f 393 395 396
f 395 397 396
f 396 397 398
f 396 398 399
f 398 400 399
f 399 400 401
f 399 401 402
f 401 403 402
f 402 403 404
f 402 404 405
f 404 406 405
f 405 406 407
f 405 407 408
f 407 409 408
f 408 409 410
f 408 410 411
f 410 412 411
f 411 412 413
f 411 413 329
f 329 413 414
f 329 414 330
f 415 416 417
f 417 416 418
f 417 418 419
f 419 418 420
f 419 420 421
f 421 420 422
f 421 422 423
f 422 424 423
f 423 424 425
f 423 425 426
f 426 425 427
f 426 427 428
f 428 427 429
f 428 429 430
f 430 429 431
f 430 431 432
f 431 433 432
f 432 433 434
f 432 434 435
f 435 434 436
f 435 436 437
f 437 436 438
f 437 438 439
f 440 441 442
f 442 441 443
f 442 443 444
f 444 443 445
f 444 445 415
f 415 445 446
f 415 446 416
f 447 448 449
f 449 448 450
f 449 450 451
f 451 450 452
f 451 452 453
f 452 454 453
f 453 454 455
f 453 455 456
f 456 455 457
f 456 457 458
f 458 457 459
f 458 459 460
f 460 459 461
f 460 461 462
f 438 463 439
f 439 463 464
f 439 464 465
f 465 464 466
f 465 466 467
f 467 466 468
f 467 468 469
f 469 468 470
f 469 470 447
f 447 470 471
f 447 471 448
f 461 472 462
f 462 472 473
f 462 473 474
f 474 473 475
f 474 475 476
f 476 475 477
f 476 477 478
f 478 477 479
f 478 479 440
f 440 479 480
f 440 480 441
f 481 482 483
f 483 482 484
f 483 484 485
f 485 484 486
f 485 486 487
f 487 486 488
f 487 488 489
f 489 488 490
f 489 490 491
f 491 490 492
f 491 492 493
f 494 495 496
f 496 495 497
f 496 497 498
f 498 497 499
f 498 499 500
f 500 499 501
f 500 501 502
f 502 501 503
f 502 503 504
f 504 503 505
f 504 505 506
f 506 505 507
f 506 507 481
f 481 507 508
f 481 508 482
f 509 510 511
f 511 510 512
f 511 512 513
f 513 512 514
f 513 514 515
f 515 514 516
f 515 516 517
f 517 516 518
f 517 518 519
f 519 518 520
f 519 520 494
f 494 520 521
f 494 521 495
f 492 522 493
f 493 522 523
f 493 523 524
f 524 523 525
f 524 525 526
f 526 525 527
f 526 527 528
f 528 527 529
f 528 529 530
f 530 529 531
f 530 531 532
f 532 531 533
f 532 533 534
f 534 533 535
f 534 535 509
f 509 535 536
f 509 536 510
f 537 538 539
f 539 538 540
f 539 540 541
f 541 540 542
f 541 542 543
f 543 542 544
f 543 544 545
f 545 544 546
f 545 546 547
f 547 546 548
f 547 548 549
f 548 550 549
f 549 550 551
f 549 551 552
f 552 551 553
f 552 553 554
f 554 553 555
f 554 555 556
f 556 555 557
f 556 557 558
f 558 557 559
f 558 559 560
f 560 559 561
f 560 561 562
f 562 561 563
f 562 563 564
f 565 566 567
f 567 566 568
f 567 568 569
f 569 568 570
f 569 570 571
f 571 570 572
f 571 572 573
f 573 572 574
f 573 574 575
f 575 574 576
f 575 576 577
f 577 576 578
f 577 578 537
f 537 578 579
f 537 579 538
f 563 580 564
f 564 580 581
f 564 581 582
f 582 581 583
f 582 583 584
f 584 583 585
f 584 585 586
f 586 585 587
f 586 587 588
f 588 587 589
f 588 589 590
f 590 589 591
f 590 591 565
f 565 591 592
f 565 592 566
f 593 594 595
f 595 596 593
f 593 596 597
f 593 597 598
f 598 599 593
f 593 599 600
f 593 600 601
f 601 602 603
f 603 602 604
f 603 604 605
f 605 606 603
f 603 606 607
f 603 607 608
f 609 610 611
f 611 612 609
f 609 612 613
f 609 613 593
f 593 613 614
f 593 614 594
f 615 616 617
f 617 616 618
f 617 618 619
f 619 618 620
f 619 620 621
f 621 622 619
f 619 622 623
f 619 623 609
f 609 623 624
f 609 624 610
f 625 626 627
f 627 626 628
f 627 628 617
f 617 628 629
f 617 629 615
f 630 631 632
f 632 631 633
f 632 633 627
f 627 633 634
f 627 634 625
f 635 636 637
f 636 638 637
f 637 638 639
f 637 639 632
f 632 639 630
f 640 641 642
f 642 641 643
f 642 643 637
f 637 643 644
f 637 644 635
f 645 646 647
f 647 646 648
f 647 648 649
f 649 650 647
f 647 650 651
f 647 651 652
f 652 653 647
f 647 653 654
f 647 654 655
f 656 657 658
f 658 657 659
f 659 660 658
f 658 660 661
f 658 661 662
f 662 663 658
f 658 663 664
f 658 664 642
f 642 664 665
f 642 665 640
f 666 667 645
f 645 667 668
f 645 668 646
f 669 670 671
f 671 670 672
f 672 670 673
f 672 673 674
f 674 675 672
f 672 675 676
f 672 676 645
f 645 676 666
f 677 678 679
f 679 678 680
f 679 680 671
f 671 680 681
f 671 681 669
f 682 683 684
f 684 683 679
f 679 683 685
f 679 685 677
f 686 687 688
f 688 687 689
f 688 689 684
f 684 689 690
f 684 690 682
f 691 692 693
f 608 694 603
f 603 694 695
f 603 695 693
f 693 695 696
f 693 696 691
f 692 697 693
f 693 697 698
f 693 698 688
f 688 698 699
f 688 699 686
f 700 701 702
f 702 703 700
f 700 703 704
f 700 704 705
f 705 706 700
f 700 706 707
f 700 707 708
f 709 710 711
f 711 710 712
f 712 713 711
f 711 713 714
f 711 714 715
f 716 717 718
f 718 719 716
f 716 719 720
f 716 720 700
f 700 720 721
f 700 721 701
f 722 723 724
f 724 723 725
f 724 725 726
f 726 725 727
f 726 727 728
f 728 729 726
f 726 729 730
f 726 730 716
f 716 730 731
f 716 731 717
f 732 733 734
f 734 733 735
f 734 735 724
f 724 735 736
f 724 736 722
f 737 738 739
f 739 738 740
f 739 740 734
f 734 740 741
f 734 741 732
f 742 743 744
f 743 745 744
f 744 745 746
f 744 746 739
f 739 746 737
f 747 748 749
f 749 748 750
f 749 750 744
f 744 750 751
f 744 751 742
f 752 753 754
f 754 753 755
f 754 755 756
f 756 757 754
f 754 757 758
f 754 758 759
f 759 760 754
f 754 760 761
f 754 761 762
f 762 763 764
f 764 763 765
f 764 765 766
f 766 767 764
f 764 767 768
f 764 768 769
f 769 770 764
f 764 770 771
f 764 771 749
f 749 771 772
f 749 772 747
f 773 774 752
f 752 774 775
f 752 775 753
f 776 777 778
f 778 777 779
f 779 777 780
f 779 780 781
f 781 782 779
f 779 782 783
f 779 783 752
f 752 783 773
f 784 785 786
f 786 785 787
f 786 787 778
f 778 787 788
f 778 788 776
f 789 790 791
f 791 790 786
f 786 790 792
f 786 792 784
f 793 794 795
f 795 794 796
f 795 796 791
f 791 796 797
f 791 797 789
f 798 799 800
f 715 801 711
f 711 801 802
f 711 802 800
f 800 802 803
f 800 803 798
f 799 804 800
f 800 804 805
f 800 805 795
f 795 805 806
f 795 806 793
f 762 764 754
f 754 764 807
f 754 807 808
f 808 807 809
f 808 809 810
f 810 809 811
f 810 811 812
f 812 811 813
f 812 813 814
f 814 813 815
f 814 815 816
f 816 815 817
f 816 817 818
f 818 817 647
f 818 647 658
f 658 647 655
f 658 655 656
f 601 603 593
f 593 603 819
f 593 819 820
f 820 819 821
f 820 821 822
f 822 821 823
f 822 823 824
f 824 823 825
f 824 825 826
f 826 825 827
f 826 827 828
f 828 827 829
f 828 829 830
f 830 829 700
f 830 700 711
f 711 700 708
f 711 708 709
f 831 832 833
f 833 832 834
f 833 834 835
f 835 834 836
f 835 836 837
f 838 839 840
f 840 839 841
f 840 841 842
f 842 841 843
f 842 843 844
f 836 845 837
f 837 845 846
f 837 846 847
f 847 846 848
f 847 848 838
f 838 848 849
f 838 849 839
f 850 851 852
f 852 851 853
f 852 853 854
f 843 855 844
f 844 855 856
f 844 856 857
f 857 856 858
f 857 858 859
f 859 858 860
f 859 860 850
f 850 860 861
f 850 861 851
f 862 863 864
f 864 863 865
f 864 865 831
f 831 865 866
f 831 866 832
f 853 867 854
f 854 867 868
f 854 868 869
f 869 868 870
f 869 870 871
f 871 870 872
f 871 872 873
f 873 872 874
f 873 874 875
f 875 874 876
f 875 876 877
f 877 876 878
f 877 878 879
f 879 878 880
f 879 880 862
f 862 880 881
f 862 881 863
f 882 883 884
f 885 43 886
f 886 43 42
f 886 42 887
f 888 45 885
f 885 45 43
f 889 890 891
f 891 890 892
f 891 892 893
f 893 892 894
f 893 894 895
f 895 896 893
f 893 896 29
f 893 29 888
f 888 29 46
f 888 46 45
f 896 897 29
f 29 897 898
f 29 898 899
f 899 900 29
f 29 900 901
f 29 901 30
f 30 901 902
f 35 34 903
f 903 34 33
f 903 33 904
f 904 33 902
f 902 33 32
f 902 32 30
f 905 906 40
f 907 908 40
f 40 908 909
f 40 909 905
f 903 910 35
f 35 910 911
f 35 911 37
f 37 911 38
f 907 40 911
f 911 40 39
f 911 39 38
f 912 913 914
f 914 915 912
f 912 915 916
f 912 916 917
f 917 916 918
f 906 913 40
f 40 913 912
f 40 912 41
f 41 912 919
f 41 919 23
f 23 919 920
f 921 18 922
f 922 18 923
f 18 20 923
f 923 20 22
f 923 22 924
f 924 22 28
f 924 28 925
f 925 28 27
f 925 27 926
f 926 27 26
f 926 26 920
f 920 26 24
f 920 24 23
f 922 927 921
f 921 927 928
f 921 928 929
f 929 928 930
f 929 930 931
f 931 930 932
f 931 932 933
f 931 933 934
f 934 933 935
f 935 933 936
f 935 936 937
f 937 936 938
f 937 938 939
f 939 938 940
f 939 940 941
f 941 942 939
f 939 942 943
f 939 943 944
f 944 943 945
f 944 945 946
f 946 945 947
f 947 945 948
f 947 948 949
f 950 951 952
f 952 951 953
f 952 953 949
f 949 953 954
f 949 954 947
f 950 952 955
f 955 952 956
f 955 956 957
f 958 959 960
f 956 961 957
f 957 961 962
f 957 962 963
f 958 960 962
f 962 960 963
f 959 964 960
f 960 964 965
f 960 965 883
f 883 965 966
f 883 966 884
f 967 968 969
f 969 968 970
f 969 970 883
f 883 970 971
f 883 971 960
f 42 972 887
f 887 972 52
f 887 52 973
f 973 52 51
f 973 51 974
f 974 51 50
f 974 50 975
f 975 50 48
f 975 48 976
f 976 48 977
f 976 977 978
f 978 977 979
f 978 979 980
f 980 979 981
f 980 981 982
f 982 981 967
f 967 981 983
f 967 983 968
f 916 984 918
f 918 984 985
f 918 985 986
f 986 985 987
f 986 987 889
f 889 987 988
f 889 988 890
f 882 884 989
f 989 884 990
f 989 990 991
f 991 992 989
f 989 992 993
f 989 993 994
f 994 993 995
f 996 997 998
f 998 997 999
f 998 999 995
f 995 999 1000
f 995 1000 994
f 996 1001 997
f 997 1001 1002
f 997 1002 1003
f 1003 1002 1004
f 1003 1004 938
f 938 1004 1005
f 938 1005 940
f 1006 1007 1008
f 1008 1009 1006
f 1006 1009 1010
f 1006 1010 1011
f 1010 1012 1011
f 1011 1012 1013
f 1011 1013 1014
f 1013 1015 1014
f 1014 1015 1016
f 1014 1016 1017
f 1016 1018 1017
f 1017 1018 1019
f 1017 1019 1020
f 1019 1021 1020
f 1020 1021 1022
f 1020 1022 1023
f 1022 1024 1023
f 1023 1024 1025
f 1023 1025 1026
f 1025 1027 1026
f 1026 1027 1028
f 1026 1028 1029
f 1028 1030 1029
f 1029 1030 1031
f 1029 1031 1032
f 1031 1033 1032
f 1032 1033 1034
f 1032 1034 1035
f 1034 1036 1035
f 1035 1036 1037
f 1035 1037 1038
f 1037 1039 1038
f 1038 1039 1040
f 1038 1040 1041
f 1040 1042 1041
f 1041 1042 1043
f 1041 1043 1044
f 1043 1045 1044
f 1044 1045 1046
f 1044 1046 1047
f 1046 1048 1047
f 1047 1048 1049
f 1047 1049 1050
f 1049 1051 1050
f 1050 1051 1052
f 1050 1052 1053
f 1052 1054 1053
f 1053 1054 1055
f 1053 1055 1056
f 1056 1055 1057
f 1057 1058 1056
f 1056 1058 1059
f 1056 1059 1060
f 1060 1059 1061
f 1060 1061 1062
f 1061 1063 1062
f 1062 1063 1064
f 1062 1064 1065
f 1064 1066 1065
f 1065 1066 1067
f 1065 1067 1068
f 1067 1069 1068
f 1068 1069 1070
f 1068 1070 1071
f 1070 1072 1071
f 1071 1072 1073
f 1071 1073 1074
f 1073 1075 1074
f 1074 1075 1076
f 1074 1076 1077
f 1076 1078 1077
f 1077 1078 1079
f 1077 1079 1080
f 1079 1081 1080
f 1080 1081 1082
f 1080 1082 1083
f 1082 1084 1083
f 1083 1084 1085
f 1083 1085 1086
f 1085 1087 1086
f 1086 1087 1088
f 1086 1088 1089
f 1088 1090 1089
f 1089 1090 1091
f 1089 1091 1007
f 1007 1091 1092
f 1007 1092 1008
f 1093 1094 1095
f 1095 1094 1096
f 1095 1096 1097
f 1097 1096 1098
f 1097 1098 1099
f 1099 1098 1100
f 1099 1100 1101
f 1100 1102 1101
f 1101 1102 1103
f 1101 1103 1104
f 1104 1103 1105
f 1104 1105 1106
f 1106 1105 1107
f 1106 1107 1108
f 1108 1107 1109
f 1108 1109 1110
f 1111 1112 1113
f 1113 1112 1114
f 1113 1114 1115
f 1115 1114 1116
f 1115 1116 1093
f 1093 1116 1117
f 1093 1117 1094
f 1109 1118 1110
f 1110 1118 1119
f 1110 1119 1120
f 1120 1119 1121
f 1120 1121 1122
f 1122 1121 1123
f 1122 1123 1124
f 1125 1126 1127
f 1127 1126 1128
f 1127 1128 1129
f 1129 1128 1130
f 1129 1130 1131
f 1130 1132 1131
f 1131 1132 1133
f 1131 1133 1134
f 1134 1133 1135
f 1134 1135 1136
f 1136 1135 1137
f 1136 1137 1138
f 1138 1137 1139
f 1138 1139 1140
f 1123 1141 1124
f 1124 1141 1142
f 1124 1142 1143
f 1143 1142 1144
f 1143 1144 1145
f 1145 1144 1146
f 1145 1146 1147
f 1147 1146 1148
f 1147 1148 1125
f 1125 1148 1149
f 1125 1149 1126
f 1139 1150 1140
f 1140 1150 1151
f 1140 1151 1152
f 1152 1151 1153
f 1152 1153 1154
f 1154 1153 1155
f 1154 1155 1156
f 1156 1155 1157
f 1156 1157 1111
f 1111 1157 1158
f 1111 1158 1112
f 1159 1160 1161
f 1162 1163 1164
f 1165 1166 1167
f 1168 1169 1170
f 1170 1169 1171
f 1170 1171 1172
f 1168 1170 1173
f 1173 1170 1174
f 1173 1174 1167
f 1167 1174 1175
f 1167 1175 1165
f 1176 1177 1166
f 1166 1177 1178
f 1178 1179 1166
f 1166 1179 1167
f 1180 1181 1182
f 1182 1181 1183
f 1164 1163 1184
f 1184 1163 1185
f 1184 1185 1186
f 1176 1183 1177
f 1177 1183 1181
f 1177 1181 1187
f 1186 1185 1181
f 1181 1185 1188
f 1181 1188 1187
f 1189 1190 1191
f 1192 1193 1194
f 1189 1191 1193
f 1193 1191 1195
f 1193 1195 1194
f 1190 1196 1191
f 1191 1196 1197
f 1191 1197 1198
f 1198 1197 1199
f 1198 1199 1164
f 1164 1199 1200
f 1164 1200 1162
f 1201 1202 1203
f 1201 1203 1204
f 1204 1203 1205
f 1204 1205 1192
f 1192 1205 1206
f 1192 1206 1193
f 1207 1208 1209
f 1209 1208 1210
f 1202 1201 1210
f 1210 1201 1211
f 1210 1211 1209
f 1212 1213 1214
f 1214 1213 1215
f 1214 1215 1216
f 1216 1215 1217
f 1216 1217 1207
f 1207 1217 1218
f 1207 1218 1208
f 1219 1220 1221
f 1222 1223 1214
f 1214 1223 1212
f 1220 1224 1221
f 1221 1224 1223
f 1221 1223 1225
f 1225 1223 1222
f 1226 1227 1228
f 1228 1227 1229
f 1228 1229 1230
f 1230 1229 1231
f 1230 1231 1221
f 1221 1231 1232
f 1221 1232 1219
f 1233 1234 1228
f 1228 1234 1226
f 1226 1234 1235
f 1226 1235 1236
f 1236 1235 1237
f 1236 1237 1238
f 1239 1240 1237
f 1237 1240 1241
f 1237 1241 1238
f 1239 1242 1240
f 1240 1242 1243
f 1240 1243 1244
f 1244 1243 1245
f 1244 1245 1246
f 1246 1245 1247
f 1247 1245 1248
f 1247 1248 1249
f 1250 1251 1248
f 1248 1251 1249
f 1252 1253 1250
f 1250 1253 1254
f 1250 1254 1251
f 1255 1256 1252
f 1252 1256 1253
f 1255 1257 1256
f 1256 1257 1258
f 1256 1258 1259
f 1260 1161 1261
f 1261 1161 1262
f 1262 1161 1160
f 1262 1160 1263
f 1263 1160 1258
f 1258 1160 1264
f 1258 1264 1259
f 1265 1266 1267
f 1266 1268 1267
f 1267 1268 1269
f 1267 1269 1270
f 1270 1269 1271
f 1270 1271 1161
f 1161 1271 1272
f 1161 1272 1159
f 1267 1273 1265
f 1265 1273 1274
f 1265 1274 1275
f 1275 1274 1276
f 1275 1276 1277
f 1277 1276 1278
f 1279 1280 1281
f 1281 1280 1282
f 1281 1282 1276
f 1276 1282 1278
f 1283 1284 1285
f 1285 1284 1286
f 1285 1286 1287
f 1287 1286 1288
f 1287 1288 1289
f 1288 1290 1289
f 1289 1290 1291
f 1289 1291 1292
f 1292 1291 1293
f 1292 1293 1294
f 1294 1293 1295
f 1294 1295 1279
f 1279 1295 1296
f 1279 1296 1280
f 1297 1298 1299
f 1299 1298 1300
f 1283 1285 1299
f 1299 1285 1301
f 1299 1301 1297
f 1302 1303 1304
f 1304 1305 1302
f 1302 1305 1306
f 1302 1306 1307
f 1307 1306 1308
f 1307 1308 1298
f 1298 1308 1309
f 1298 1309 1300
f 1310 1311 1312
f 1312 1313 1310
f 1310 1313 1314
f 1310 1314 1315
f 1315 1314 1303
f 1315 1303 1316
f 1316 1303 1302
f 1317 1318 1319
f 1320 1321 1318
f 1318 1321 1322
f 1318 1322 1319
f 1320 1323 1321
f 1321 1323 1324
f 1321 1324 1325
f 1325 1324 1326
f 1325 1326 1327
f 1171 1328 1172
f 1172 1328 1329
f 1172 1329 1326
f 1326 1329 1330
f 1326 1330 1327
f 1233 1228 1331
f 1233 1331 1332
f 1332 1331 1333
f 1332 1333 1334
f 1334 1333 1335
f 1260 1261 1336
f 1336 1261 1337
f 1336 1337 1338
f 1338 1339 1336
f 1336 1339 1340
f 1336 1340 1341
f 1341 1340 1342
f 1341 1342 1343
f 1343 1342 1344
f 1343 1344 1345
f 1345 1344 1346
f 1345 1346 1333
f 1333 1346 1347
f 1333 1347 1335
f 1180 1182 1348
f 1348 1182 1349
f 1348 1349 1350
f 1350 1351 1348
f 1348 1351 1352
f 1348 1352 1353
f 1348 1353 1354
f 1354 1353 1355
f 1354 1355 1356
f 1356 1355 1357
f 1357 1355 1358
f 1357 1358 1359
f 1359 1358 1360
f 1359 1360 1361
f 1319 1362 1317
f 1317 1362 1311
f 1317 1311 1363
f 1363 1311 1310
f 1363 1310 1364
f 1364 1310 1365
f 1364 1365 1366
f 1366 1365 1359
f 1366 1359 1367
f 1367 1359 1361
f 981 979 1368
f 1368 979 47
f 47 979 977
f 47 977 48
f 970 968 1369
f 1369 968 983
f 1369 983 1368
f 1368 983 981
f 950 955 1370
f 939 1371 937
f 937 1371 1372
f 937 1372 935
f 939 944 1371
f 1371 944 946
f 1371 946 947
f 947 954 1371
f 1371 954 953
f 1371 953 951
f 955 957 1370
f 1370 957 963
f 963 960 1370
f 1370 960 1369
f 1369 960 971
f 1369 971 970
f 929 1373 921
f 921 1373 19
f 921 19 18
f 929 931 1373
f 1373 931 1372
f 1372 931 934
f 1372 934 935
f 1374 1375 1376
f 15 14 1376
f 1376 14 1377
f 1377 1378 1376
f 1376 1378 1379
f 1376 1379 1374
f 1380 1381 1382
f 1382 1381 1383
f 1382 1383 1384
f 5 4 1385
f 1385 4 1382
f 1385 1382 1386
f 1386 1382 1384
f 1375 1380 1376
f 1376 1380 1382
f 1376 1382 1387
f 1387 1382 1388
f 1387 1388 1389
f 1389 1388 1390
f 1389 1390 1391
f 1391 1390 1392
f 1391 1392 1393
f 1393 1392 1394
f 1393 1394 1395
f 1395 1394 1396
f 1395 1396 1397
f 1397 1396 1398
f 1397 1398 1399
f 1399 1398 1400
f 1399 1400 1401
f 1401 1400 1402
f 1401 1402 1370
f 1370 1402 1371
f 1370 1371 950
f 950 1371 951
f 83 80 1403
f 1403 80 89
f 1403 89 1404
f 1404 89 88
f 86 1405 88
f 88 1405 1406
f 88 1406 1404
f 1405 86 85
f 1405 85 1407
f 1407 85 96
f 1407 96 1408
f 1408 96 94
f 1408 94 1409
f 94 93 1409
f 1409 93 91
f 1409 91 1410
f 1410 91 90
f 1410 90 1411
f 1411 90 106
f 1411 106 1412
f 106 107 1412
f 1412 107 103
f 1412 103 1413
f 1413 103 102
f 1413 102 1414
f 1414 102 100
f 1414 100 1415
f 1415 100 98
f 1415 98 1416
f 1417 792 1418
f 1418 792 790
f 1418 790 1419
f 1419 790 789
f 1419 789 1420
f 1420 789 797
f 1420 797 1421
f 1421 797 796
f 1421 796 1422
f 1422 796 794
f 1422 794 1423
f 1423 794 793
f 1423 793 1424
f 1424 793 806
f 1424 806 1425
f 98 120 1416
f 1416 120 119
f 1416 119 1426
f 1426 119 117
f 1426 117 1427
f 1427 117 115
f 1427 115 1428
f 1429 788 1430
f 1430 788 787
f 1430 787 1431
f 1431 787 785
f 1431 785 1417
f 1417 785 784
f 1417 784 792
f 115 113 1428
f 1428 113 111
f 1428 111 1432
f 1432 111 109
f 1432 109 1433
f 1433 109 108
f 1433 108 1434
f 108 123 1434
f 1434 123 124
f 1434 124 1435
f 1435 124 131
f 1435 131 1436
f 1436 131 129
f 1436 129 1437
f 1438 781 1439
f 1439 781 780
f 1439 780 1440
f 1440 780 777
f 1440 777 1441
f 1441 777 1429
f 1429 777 776
f 1429 776 788
f 1437 129 127
f 1437 127 1442
f 1442 127 126
f 1442 126 1443
f 1443 126 136
f 1443 136 1444
f 1444 136 135
f 1444 135 1445
f 135 133 1445
f 1445 133 139
f 1445 139 1446
f 1446 139 138
f 1446 138 1447
f 1447 138 1448
f 1447 1448 1449
f 1448 143 1449
f 1449 143 141
f 1449 141 1450
f 1450 141 149
f 1450 149 1451
f 1451 149 148
f 1451 148 1452
f 148 147 1452
f 1452 147 145
f 1452 145 1453
f 1453 145 144
f 1453 144 1454
f 1454 144 150
f 1454 150 1455
f 1455 150 1456
f 150 152 1456
f 1456 152 154
f 1456 154 1457
f 1457 154 160
f 1457 160 1458
f 1458 160 158
f 1458 158 1459
f 1459 158 1460
f 158 156 1460
f 1460 156 164
f 1460 164 1461
f 1461 164 1462
f 1461 1462 1463
f 1463 1462 162
f 1463 162 1464
f 162 161 1464
f 1464 161 168
f 1464 168 1465
f 1465 168 166
f 1465 166 1466
f 1466 166 73
f 1466 73 1467
f 1468 1469 1470
f 1470 1469 747
f 1470 747 1471
f 1471 747 772
f 1471 772 1472
f 1472 772 771
f 1472 771 1473
f 1473 771 770
f 1473 770 1474
f 1474 770 769
f 1474 769 1475
f 1475 769 768
f 1475 768 1476
f 1476 768 767
f 1476 767 1477
f 1477 767 766
f 1477 766 1478
f 1478 766 765
f 1478 765 1479
f 1479 765 763
f 1479 763 1480
f 1480 763 762
f 1480 762 1481
f 1481 762 761
f 1481 761 1482
f 1482 761 760
f 1482 760 1483
f 1483 760 759
f 1483 759 1484
f 1484 759 758
f 1484 758 1485
f 1485 758 757
f 1485 757 1486
f 1486 757 756
f 1486 756 1487
f 1487 756 755
f 1487 755 1488
f 1488 755 753
f 1488 753 1489
f 1489 753 775
f 1489 775 1490
f 1490 775 774
f 1490 774 1491
f 1491 774 773
f 1491 773 1492
f 1492 773 1493
f 1492 1493 1494
f 1494 1493 783
f 1494 783 1438
f 1438 783 782
f 1438 782 781
f 73 72 1467
f 1467 72 175
f 1467 175 1495
f 1495 175 174
f 1495 174 1496
f 1496 174 172
f 1496 172 1497
f 1498 745 743
f 1498 743 1499
f 1499 743 742
f 1499 742 1500
f 1500 742 751
f 1500 751 1468
f 1468 751 750
f 1468 750 1469
f 172 170 1497
f 1497 170 169
f 1497 169 1501
f 1501 169 177
f 1501 177 1502
f 1502 177 70
f 1502 70 1503
f 1504 740 1505
f 1505 740 738
f 1505 738 1506
f 1506 738 737
f 1506 737 1507
f 1507 737 1498
f 1498 737 746
f 1498 746 745
f 70 69 1503
f 1503 69 189
f 1503 189 1508
f 1508 189 188
f 1508 188 1509
f 1509 188 186
f 1509 186 1510
f 1511 736 1512
f 1512 736 735
f 1512 735 1513
f 1513 735 733
f 1513 733 1514
f 1514 733 732
f 1514 732 1504
f 1504 732 741
f 1504 741 740
f 186 184 1510
f 1510 184 182
f 1510 182 1515
f 1515 182 180
f 1515 180 1516
f 1516 180 197
f 1516 197 1517
f 1517 197 196
f 1517 196 1518
f 196 194 1518
f 1518 194 193
f 1518 193 1519
f 1519 193 192
f 1519 192 1520
f 1520 192 191
f 1520 191 1521
f 1522 728 1523
f 1523 728 727
f 1523 727 1524
f 1524 727 725
f 1524 725 1525
f 1525 725 723
f 1525 723 1511
f 1511 723 722
f 1511 722 736
f 191 200 1521
f 1521 200 201
f 1521 201 1526
f 1526 201 209
f 1526 209 1527
f 1527 209 208
f 1527 208 1528
f 1529 718 1530
f 1530 718 717
f 1530 717 1531
f 1531 717 731
f 1531 731 1532
f 1532 731 730
f 1532 730 1522
f 1522 730 729
f 1522 729 728
f 208 206 1528
f 1528 206 204
f 1528 204 1533
f 1533 204 203
f 210 1534 203
f 203 1534 1535
f 203 1535 1533
f 210 211 1534
f 1534 211 213
f 1534 213 1536
f 1536 213 218
f 217 1537 218
f 218 1537 1538
f 218 1538 1536
f 217 215 1537
f 1537 215 221
f 1537 221 1539
f 1539 221 220
f 1539 220 1540
f 1540 220 219
f 1541 706 1542
f 1542 706 705
f 1542 705 1543
f 1543 705 704
f 1543 704 1544
f 1544 704 703
f 1544 703 1545
f 1545 703 702
f 1545 702 1546
f 1546 702 701
f 1546 701 1547
f 1547 701 721
f 1547 721 1548
f 1548 721 720
f 1548 720 1529
f 1529 720 719
f 1529 719 718
f 75 1549 219
f 219 1549 1550
f 219 1550 1540
f 75 77 1549
f 1549 77 78
f 1549 78 1551
f 1551 78 84
f 1551 84 1552
f 1552 84 83
f 1552 83 1553
f 1553 83 1403
f 1549 1554 1550
f 1550 1554 1555
f 1550 1555 1540
f 1540 1555 1556
f 1540 1556 1539
f 1539 1556 1557
f 1539 1557 1537
f 1537 1557 1558
f 1537 1558 1538
f 1538 1558 1559
f 1538 1559 1536
f 1536 1559 1560
f 1536 1560 1534
f 1534 1560 1561
f 1534 1561 1535
f 1535 1561 1562
f 1535 1562 1533
f 1533 1562 1563
f 1533 1563 1528
f 1528 1563 1564
f 1528 1564 1527
f 1527 1564 1565
f 1527 1565 1526
f 1526 1565 1566
f 1526 1566 1521
f 1521 1566 1567
f 1521 1567 1520
f 1520 1567 1568
f 1520 1568 1519
f 1519 1568 1569
f 1519 1569 1518
f 1518 1569 1570
f 1518 1570 1517
f 1517 1570 1571
f 1517 1571 1516
f 1516 1571 1572
f 1516 1572 1515
f 1515 1572 1573
f 1515 1573 1510
f 1510 1573 1574
f 1510 1574 1509
f 1509 1574 1575
f 1509 1575 1508
f 1508 1575 1576
f 1508 1576 1577
f 1577 1576 1578
f 1577 1578 1502
f 1502 1578 1579
f 1502 1579 1501
f 1501 1579 1580
f 1501 1580 1581
f 1501 1581 1497
f 1497 1581 1582
f 1497 1582 1496
f 1496 1582 1583
f 1496 1583 1495
f 1495 1583 1584
f 1495 1584 1467
f 1467 1584 1585
f 1467 1585 1466
f 1466 1585 1586
f 1466 1586 1465
f 1465 1586 1587
f 1465 1587 1464
f 1464 1587 1588
f 1464 1588 1463
f 1463 1588 1589
f 1463 1589 1461
f 1461 1589 1590
f 1461 1590 1460
f 1460 1590 1591
f 1460 1591 1459
f 1459 1591 1592
f 1459 1592 1458
f 1458 1592 1593
f 1458 1593 1457
f 1457 1593 1594
f 1457 1594 1456
f 1456 1594 1595
f 1456 1595 1455
f 1455 1595 1596
f 1455 1596 1454
f 1454 1596 1597
f 1454 1597 1453
f 1453 1597 1598
f 1453 1598 1452
f 1452 1598 1599
f 1452 1599 1451
f 1451 1599 1600
f 1451 1600 1450
f 1450 1600 1601
f 1450 1601 1449
f 1449 1601 1602
f 1449 1602 1447
f 1447 1602 1603
f 1447 1603 1446
f 1446 1603 1604
f 1446 1604 1445
f 1445 1604 1605
f 1445 1605 1444
f 1444 1605 1606
f 1444 1606 1443
f 1443 1606 1607
f 1443 1607 1442
f 1442 1607 1608
f 1442 1608 1437
f 1437 1608 1609
f 1437 1609 1436
f 1436 1609 1610
f 1436 1610 1435
f 1435 1610 1611
f 1435 1611 1434
f 1434 1611 1612
f 1434 1612 1613
f 1613 1612 1614
f 1613 1614 1432
f 1432 1614 1615
f 1432 1615 1428
f 1428 1615 1616
f 1428 1616 1427
f 1427 1616 1617
f 1427 1617 1426
f 1426 1617 1618
f 1426 1618 1416
f 1416 1618 1619
f 1416 1619 1415
f 1415 1619 1620
f 1415 1620 1414
f 1414 1620 1621
f 1414 1621 1413
f 1413 1621 1622
f 1413 1622 1412
f 1412 1622 1623
f 1412 1623 1411
f 1411 1623 1624
f 1411 1624 1410
f 1410 1624 1625
f 1410 1625 1409
f 1409 1625 1626
f 1409 1626 1408
f 1408 1626 1627
f 1408 1627 1628
f 1408 1628 1407
f 1407 1628 1629
f 1407 1629 1405
f 1405 1629 1630
f 1405 1630 1406
f 1406 1630 1631
f 1406 1631 1404
f 1404 1631 1632
f 1404 1632 1403
f 1403 1632 1633
f 1403 1633 1553
f 1553 1633 1634
f 1553 1634 1552
f 1552 1634 1635
f 1552 1635 1551
f 1551 1635 1636
f 1551 1636 1549
f 1549 1636 1554
f 1554 1637 1555
f 1555 1637 1541
f 1555 1541 1556
f 1556 1541 1542
f 1556 1542 1557
f 1557 1542 1543
f 1557 1543 1558
f 1558 1543 1544
f 1558 1544 1559
f 1559 1544 1545
f 1559 1545 1560
f 1560 1545 1546
f 1560 1546 1561
f 1561 1546 1547
f 1561 1547 1562
f 1562 1547 1548
f 1562 1548 1563
f 1563 1548 1529
f 1563 1529 1564
f 1564 1529 1530
f 1564 1530 1565
f 1565 1530 1531
f 1565 1531 1566
f 1566 1531 1532
f 1566 1532 1567
f 1567 1532 1522
f 1567 1522 1568
f 1568 1522 1523
f 1568 1523 1569
f 1569 1523 1524
f 1569 1524 1570
f 1570 1524 1525
f 1570 1525 1571
f 1571 1525 1511
f 1571 1511 1638
f 1638 1511 1512
f 1638 1512 1573
f 1573 1512 1513
f 1573 1513 1574
f 1574 1513 1514
f 1574 1514 1575
f 1575 1514 1504
f 1575 1504 1576
f 1576 1504 1505
f 1576 1505 1578
f 1578 1505 1506
f 1578 1506 1579
f 1579 1506 1507
f 1579 1507 1580
f 1580 1507 1498
f 1580 1498 1581
f 1581 1498 1639
f 1581 1639 1582
f 1582 1639 1499
f 1582 1499 1583
f 1583 1499 1500
f 1583 1500 1584
f 1584 1500 1468
f 1584 1468 1585
f 1585 1468 1470
f 1585 1470 1586
f 1586 1470 1471
f 1586 1471 1587
f 1587 1471 1472
f 1587 1472 1588
f 1588 1472 1473
f 1588 1473 1589
f 1589 1473 1474
f 1589 1474 1590
f 1590 1474 1475
f 1590 1475 1591
f 1591 1475 1476
f 1591 1476 1592
f 1592 1476 1477
f 1592 1477 1593
f 1593 1477 1478
f 1593 1478 1594
f 1594 1478 1479
f 1594 1479 1595
f 1595 1479 1480
f 1595 1480 1596
f 1596 1480 1481
f 1596 1481 1597
f 1597 1481 1482
f 1597 1482 1598
f 1598 1482 1483
f 1598 1483 1599
f 1599 1483 1484
f 1599 1484 1600
f 1600 1484 1485
f 1600 1485 1601
f 1601 1485 1486
f 1601 1486 1602
f 1602 1486 1487
f 1602 1487 1603
f 1603 1487 1488
f 1603 1488 1604
f 1604 1488 1489
f 1604 1489 1605
f 1605 1489 1640
f 1605 1640 1606
f 1606 1640 1491
f 1606 1491 1607
f 1607 1491 1492
f 1607 1492 1608
f 1608 1492 1494
f 1608 1494 1609
f 1609 1494 1438
f 1609 1438 1610
f 1610 1438 1439
f 1610 1439 1611
f 1611 1439 1440
f 1611 1440 1612
f 1612 1440 1441
f 1612 1441 1614
f 1614 1441 1641
f 1614 1641 1615
f 1615 1641 1430
f 1615 1430 1616
f 1616 1430 1431
f 1616 1431 1617
f 1617 1431 1417
f 1617 1417 1618
f 1618 1417 1642
f 1618 1642 1619
f 1619 1642 1643
f 1619 1643 1620
f 1620 1643 1420
f 1620 1420 1621
f 1621 1420 1421
f 1621 1421 1622
f 1622 1421 1422
f 1622 1422 1623
f 1623 1422 1423
f 1623 1423 1624
f 1624 1423 1424
f 1624 1424 1625
f 1625 1424 1644
f 1625 1644 1626
f 1626 1644 1645
f 1626 1645 1627
f 1627 1645 1646
f 1627 1646 1628
f 1628 1646 1647
f 1628 1647 1629
f 1629 1647 1648
f 1629 1648 1630
f 1630 1648 1649
f 1630 1649 1631
f 1631 1649 1650
f 1631 1650 1632
f 1632 1650 1651
f 1632 1651 1633
f 1633 1651 1652
f 1633 1652 1634
f 1634 1652 1653
f 1634 1653 1635
f 1635 1653 1654
f 1635 1654 1636
f 1636 1654 1655
f 1636 1655 1554
f 1554 1655 1637
f 806 805 1644
f 1644 805 804
f 1644 804 1645
f 1645 804 799
f 1645 799 1646
f 1646 799 798
f 1646 798 1647
f 1647 798 803
f 1647 803 1648
f 1648 803 802
f 1648 802 1649
f 1649 802 801
f 1649 801 1650
f 1650 801 715
f 1650 715 1651
f 1651 715 714
f 1651 714 1652
f 1652 714 1656
f 1652 1656 1653
f 1653 1656 712
f 1653 712 1654
f 1654 712 710
f 1654 710 1655
f 1655 710 709
f 1655 709 1637
f 1637 709 708
f 1637 708 1541
f 1541 708 707
f 1541 707 706
f 1173 1167 1657
f 1657 1167 1179
f 1657 1179 1658
f 1658 1179 1178
f 1177 1659 1178
f 1178 1659 1660
f 1178 1660 1658
f 1659 1177 1187
f 1659 1187 1661
f 1661 1187 1188
f 1661 1188 1662
f 1662 1188 1185
f 1662 1185 1163
f 1662 1163 1663
f 1163 1162 1663
f 1663 1162 1200
f 1663 1200 1664
f 1664 1200 1199
f 1664 1199 1665
f 1665 1199 1197
f 1665 1197 1666
f 1197 1196 1666
f 1666 1196 1190
f 1666 1190 1667
f 1667 1190 1189
f 1667 1189 1668
f 1668 1189 1193
f 1668 1193 1669
f 1669 1193 1670
f 1671 685 1672
f 1672 685 683
f 1672 683 1673
f 1673 683 682
f 1673 682 1674
f 1674 682 690
f 1674 690 1675
f 1675 690 689
f 1675 689 1676
f 1676 689 687
f 1676 687 1677
f 1677 687 686
f 1677 686 1678
f 1678 686 699
f 1678 699 1679
f 1193 1206 1670
f 1670 1206 1205
f 1670 1205 1680
f 1680 1205 1203
f 1680 1203 1681
f 1681 1203 1202
f 1681 1202 1682
f 1683 681 1684
f 1684 681 680
f 1684 680 1685
f 1685 680 678
f 1685 678 1671
f 1671 678 677
f 1671 677 685
f 1202 1210 1682
f 1682 1210 1208
f 1682 1208 1686
f 1686 1208 1218
f 1686 1218 1687
f 1687 1218 1217
f 1687 1217 1688
f 1217 1215 1688
f 1688 1215 1213
f 1688 1213 1689
f 1689 1213 1212
f 1689 1212 1690
f 1690 1212 1223
f 1690 1223 1691
f 1692 674 1693
f 1693 674 673
f 1693 673 1694
f 1694 673 670
f 1694 670 1695
f 1695 670 1683
f 1683 670 669
f 1683 669 681
f 1691 1223 1224
f 1691 1224 1696
f 1696 1224 1220
f 1696 1220 1697
f 1697 1220 1219
f 1697 1219 1698
f 1698 1219 1232
f 1698 1232 1699
f 1232 1231 1699
f 1699 1231 1229
f 1699 1229 1700
f 1700 1229 1227
f 1700 1227 1701
f 1701 1227 1226
f 1701 1226 1702
f 1226 1236 1702
f 1702 1236 1238
f 1702 1238 1703
f 1703 1238 1241
f 1703 1241 1704
f 1704 1241 1240
f 1704 1240 1705
f 1240 1244 1705
f 1705 1244 1246
f 1705 1246 1706
f 1706 1246 1247
f 1706 1247 1707
f 1707 1247 1249
f 1707 1249 1708
f 1708 1249 1709
f 1249 1251 1709
f 1709 1251 1254
f 1709 1254 1710
f 1710 1254 1253
f 1710 1253 1711
f 1711 1253 1256
f 1711 1256 1712
f 1712 1256 1713
f 1256 1259 1713
f 1713 1259 1264
f 1713 1264 1714
f 1714 1264 1160
f 1714 1160 1715
f 1715 1160 1716
f 1160 1159 1716
f 1716 1159 1272
f 1716 1272 1717
f 1717 1272 1271
f 1717 1271 1718
f 1718 1271 1269
f 1718 1269 1719
f 1720 641 1721
f 1721 641 640
f 1721 640 1722
f 1722 640 665
f 1722 665 1723
f 1723 665 664
f 1723 664 1724
f 1724 664 663
f 1724 663 1725
f 1725 663 662
f 1725 662 1726
f 1726 662 661
f 1726 661 1727
f 1727 661 660
f 1727 660 1728
f 1728 660 659
f 1728 659 1729
f 1729 659 657
f 1729 657 1730
f 1730 657 656
f 1730 656 1731
f 1731 656 655
f 1731 655 1732
f 1732 655 654
f 1732 654 1733
f 1733 654 653
f 1733 653 1734
f 1734 653 652
f 1734 652 1735
f 1735 652 651
f 1735 651 1736
f 1736 651 1737
f 1736 1737 1738
f 1738 1737 649
f 1738 649 1739
f 1739 649 648
f 1739 648 1740
f 1740 648 646
f 1740 646 1741
f 1741 646 668
f 1741 668 1742
f 1742 668 667
f 1742 667 1743
f 1743 667 1744
f 1743 1744 1745
f 1745 1744 676
f 1745 676 1746
f 1746 676 1692
f 1692 676 675
f 1692 675 674
f 1269 1268 1719
f 1719 1268 1266
f 1719 1266 1747
f 1747 1266 1265
f 1747 1265 1748
f 1748 1265 1275
f 1748 1275 1749
f 1750 638 636
f 1750 636 1751
f 1751 636 635
f 1751 635 1752
f 1752 635 644
f 1752 644 1720
f 1720 644 643
f 1720 643 641
f 1275 1277 1749
f 1749 1277 1278
f 1749 1278 1753
f 1753 1278 1282
f 1753 1282 1754
f 1754 1282 1280
f 1754 1280 1755
f 1756 633 1757
f 1757 633 631
f 1757 631 1758
f 1758 631 630
f 1758 630 1759
f 1759 630 1750
f 1750 630 639
f 1750 639 638
f 1280 1296 1755
f 1755 1296 1295
f 1755 1295 1760
f 1760 1295 1293
f 1760 1293 1761
f 1761 1293 1291
f 1761 1291 1762
f 1763 629 1764
f 1764 629 628
f 1764 628 1765
f 1765 628 626
f 1765 626 1766
f 1766 626 625
f 1766 625 1756
f 1756 625 634
f 1756 634 633
f 1291 1290 1762
f 1762 1290 1288
f 1762 1288 1767
f 1767 1288 1286
f 1767 1286 1768
f 1768 1286 1284
f 1768 1284 1769
f 1769 1284 1283
f 1769 1283 1770
f 1283 1299 1770
f 1770 1299 1300
f 1770 1300 1771
f 1771 1300 1309
f 1771 1309 1772
f 1772 1309 1308
f 1772 1308 1773
f 1774 621 1775
f 1775 621 1776
f 1775 1776 1777
f 1777 1776 618
f 1777 618 1778
f 1778 618 616
f 1778 616 1763
f 1763 616 615
f 1763 615 629
f 1308 1306 1773
f 1773 1306 1305
f 1773 1305 1779
f 1779 1305 1304
f 1779 1304 1780
f 1780 1304 1303
f 1780 1303 1781
f 1782 611 1783
f 1783 611 610
f 1783 610 1784
f 1784 610 624
f 1784 624 1785
f 1785 624 623
f 1785 623 1774
f 1774 623 622
f 1774 622 621
f 1303 1314 1781
f 1781 1314 1313
f 1781 1313 1786
f 1786 1313 1312
f 1311 1787 1312
f 1312 1787 1788
f 1312 1788 1786
f 1311 1362 1787
f 1787 1362 1319
f 1787 1319 1789
f 1789 1319 1322
f 1321 1790 1322
f 1322 1790 1791
f 1322 1791 1789
f 1321 1325 1790
f 1790 1325 1327
f 1790 1327 1792
f 1792 1327 1330
f 1792 1330 1793
f 1793 1330 1329
f 1794 599 1795
f 1795 599 598
f 1795 598 1796
f 1796 598 597
f 1796 597 1797
f 1797 597 596
f 1797 596 1798
f 1798 596 595
f 1798 595 1799
f 1799 595 594
f 1799 594 1800
f 1800 594 614
f 1800 614 1801
f 1801 614 613
f 1801 613 1782
f 1782 613 612
f 1782 612 611
f 1328 1802 1329
f 1329 1802 1803
f 1329 1803 1793
f 1328 1171 1802
f 1802 1171 1169
f 1802 1169 1804
f 1804 1169 1168
f 1804 1168 1805
f 1805 1168 1173
f 1805 1173 1806
f 1806 1173 1657
f 1802 1807 1803
f 1803 1807 1808
f 1803 1808 1793
f 1793 1808 1809
f 1793 1809 1792
f 1792 1809 1810
f 1792 1810 1790
f 1790 1810 1811
f 1790 1811 1791
f 1791 1811 1812
f 1791 1812 1789
f 1789 1812 1813
f 1789 1813 1787
f 1787 1813 1814
f 1787 1814 1788
f 1788 1814 1815
f 1788 1815 1786
f 1786 1815 1816
f 1786 1816 1781
f 1781 1816 1817
f 1781 1817 1780
f 1780 1817 1818
f 1780 1818 1779
f 1779 1818 1819
f 1779 1819 1773
f 1773 1819 1820
f 1773 1820 1772
f 1772 1820 1821
f 1772 1821 1771
f 1771 1821 1822
f 1771 1822 1770
f 1770 1822 1823
f 1770 1823 1769
f 1769 1823 1824
f 1769 1824 1768
f 1768 1824 1825
f 1768 1825 1767
f 1767 1825 1826
f 1767 1826 1762
f 1762 1826 1827
f 1762 1827 1761
f 1761 1827 1828
f 1761 1828 1760
f 1760 1828 1829
f 1760 1829 1755
f 1755 1829 1830
f 1755 1830 1754
f 1754 1830 1831
f 1754 1831 1753
f 1753 1831 1832
f 1753 1832 1833
f 1753 1833 1749
f 1749 1833 1834
f 1749 1834 1748
f 1748 1834 1835
f 1748 1835 1747
f 1747 1835 1836
f 1747 1836 1719
f 1719 1836 1837
f 1719 1837 1718
f 1718 1837 1838
f 1718 1838 1717
f 1717 1838 1839
f 1717 1839 1716
f 1716 1839 1840
f 1716 1840 1715
f 1715 1840 1841
f 1715 1841 1714
f 1714 1841 1842
f 1714 1842 1713
f 1713 1842 1843
f 1713 1843 1712
f 1712 1843 1844
f 1712 1844 1711
f 1711 1844 1845
f 1711 1845 1846
f 1846 1845 1847
f 1846 1847 1848
f 1848 1847 1849
f 1848 1849 1708
f 1708 1849 1850
f 1708 1850 1707
f 1707 1850 1851
f 1707 1851 1706
f 1706 1851 1852
f 1706 1852 1705
f 1705 1852 1853
f 1705 1853 1704
f 1704 1853 1854
f 1704 1854 1703
f 1703 1854 1855
f 1703 1855 1702
f 1702 1855 1856
f 1702 1856 1701
f 1701 1856 1857
f 1701 1857 1700
f 1700 1857 1858
f 1700 1858 1699
f 1699 1858 1859
f 1699 1859 1698
f 1698 1859 1860
f 1698 1860 1697
f 1697 1860 1861
f 1697 1861 1696
f 1696 1861 1862
f 1696 1862 1691
f 1691 1862 1863
f 1691 1863 1690
f 1690 1863 1864
f 1690 1864 1689
f 1689 1864 1865
f 1689 1865 1688
f 1688 1865 1866
f 1688 1866 1687
f 1687 1866 1867
f 1687 1867 1686
f 1686 1867 1868
f 1686 1868 1682
f 1682 1868 1869
f 1682 1869 1681
f 1681 1869 1870
f 1681 1870 1680
f 1680 1870 1871
f 1680 1871 1670
f 1670 1871 1872
f 1670 1872 1669
f 1669 1872 1873
f 1669 1873 1668
f 1668 1873 1874
f 1668 1874 1667
f 1667 1874 1875
f 1667 1875 1666
f 1666 1875 1876
f 1666 1876 1665
f 1665 1876 1877
f 1665 1877 1664
f 1664 1877 1878
f 1664 1878 1663
f 1663 1878 1879
f 1663 1879 1662
f 1662 1879 1880
f 1662 1880 1881
f 1662 1881 1661
f 1661 1881 1882
f 1661 1882 1659
f 1659 1882 1883
f 1659 1883 1660
f 1660 1883 1884
f 1660 1884 1658
f 1658 1884 1885
f 1658 1885 1657
f 1657 1885 1886
f 1657 1886 1806
f 1806 1886 1887
f 1806 1887 1805
f 1805 1887 1888
f 1805 1888 1804
f 1804 1888 1889
f 1804 1889 1802
f 1802 1889 1890
f 1890 1891 1808
f 1808 1891 1794
f 1808 1794 1809
f 1809 1794 1795
f 1809 1795 1810
f 1810 1795 1796
f 1810 1796 1811
f 1811 1796 1797
f 1811 1797 1812
f 1812 1797 1798
f 1812 1798 1813
f 1813 1798 1799
f 1813 1799 1814
f 1814 1799 1892
f 1814 1892 1815
f 1815 1892 1801
f 1815 1801 1816
f 1816 1801 1782
f 1816 1782 1817
f 1817 1782 1783
f 1817 1783 1818
f 1818 1783 1784
f 1818 1784 1819
f 1819 1784 1785
f 1819 1785 1820
f 1820 1785 1774
f 1820 1774 1821
f 1821 1774 1775
f 1821 1775 1822
f 1822 1775 1777
f 1822 1777 1823
f 1823 1777 1778
f 1823 1778 1824
f 1824 1778 1763
f 1824 1763 1825
f 1825 1763 1764
f 1825 1764 1893
f 1893 1764 1765
f 1893 1765 1827
f 1827 1765 1766
f 1827 1766 1828
f 1828 1766 1756
f 1828 1756 1829
f 1829 1756 1757
f 1829 1757 1830
f 1830 1757 1758
f 1830 1758 1831
f 1831 1758 1759
f 1831 1759 1832
f 1832 1759 1750
f 1832 1750 1833
f 1833 1750 1834
f 1834 1750 1751
f 1834 1751 1835
f 1835 1751 1752
f 1835 1752 1836
f 1836 1752 1720
f 1836 1720 1837
f 1837 1720 1721
f 1837 1721 1838
f 1838 1721 1722
f 1838 1722 1839
f 1839 1722 1723
f 1839 1723 1840
f 1840 1723 1724
f 1840 1724 1841
f 1841 1724 1725
f 1841 1725 1842
f 1842 1725 1726
f 1842 1726 1894
f 1894 1726 1727
f 1894 1727 1844
f 1844 1727 1728
f 1844 1728 1845
f 1845 1728 1729
f 1845 1729 1847
f 1847 1729 1730
f 1847 1730 1849
f 1849 1730 1731
f 1849 1731 1850
f 1850 1731 1732
f 1850 1732 1851
f 1851 1732 1733
f 1851 1733 1852
f 1852 1733 1734
f 1852 1734 1853
f 1853 1734 1735
f 1853 1735 1854
f 1854 1735 1736
f 1854 1736 1855
f 1855 1736 1738
f 1855 1738 1856
f 1856 1738 1739
f 1856 1739 1857
f 1857 1739 1740
f 1857 1740 1858
f 1858 1740 1741
f 1858 1741 1859
f 1859 1741 1742
f 1859 1742 1860
f 1860 1742 1743
f 1860 1743 1861
f 1861 1743 1745
f 1861 1745 1862
f 1862 1745 1746
f 1862 1746 1863
f 1863 1746 1692
f 1863 1692 1864
f 1864 1692 1693
f 1864 1693 1865
f 1865 1693 1694
f 1865 1694 1866
f 1866 1694 1695
f 1866 1695 1867
f 1867 1695 1683
f 1867 1683 1868
f 1868 1683 1684
f 1868 1684 1869
f 1869 1684 1685
f 1869 1685 1870
f 1870 1685 1671
f 1870 1671 1871
f 1871 1671 1672
f 1871 1672 1872
f 1872 1672 1673
f 1872 1673 1873
f 1873 1673 1674
f 1873 1674 1874
f 1874 1674 1675
f 1874 1675 1875
f 1875 1675 1676
f 1875 1676 1876
f 1876 1676 1677
f 1876 1677 1877
f 1877 1677 1678
f 1877 1678 1878
f 1878 1678 1679
f 1878 1679 1879
f 1879 1679 1895
f 1879 1895 1880
f 1880 1895 1896
f 1880 1896 1881
f 1881 1896 1897
f 1881 1897 1882
f 1882 1897 1898
f 1882 1898 1883
f 1883 1898 1899
f 1883 1899 1884
f 1884 1899 1900
f 1884 1900 1885
f 1885 1900 1901
f 1885 1901 1886
f 1886 1901 1902
f 1886 1902 1887
f 1887 1902 1903
f 1887 1903 1888
f 1888 1903 1904
f 1888 1904 1889
f 1889 1904 1905
f 1889 1905 1890
f 1890 1905 1891
f 699 698 1679
f 1679 698 697
f 1679 697 1895
f 1895 697 692
f 1895 692 1896
f 1896 692 691
f 1896 691 1897
f 1897 691 696
f 1897 696 1898
f 1898 696 695
f 1898 695 1899
f 1899 695 694
f 1899 694 1900
f 1900 694 608
f 1900 608 1901
f 1901 608 607
f 1901 607 1902
f 1902 607 1906
f 1902 1906 1903
f 1903 1906 605
f 1903 605 1904
f 1904 605 604
f 1904 604 1905
f 1905 604 602
f 1905 602 1891
f 1891 602 601
f 1891 601 1794
f 1794 601 600
f 1794 600 599
f 1235 1234 913
f 913 1234 914
f 914 1234 1233
f 914 1233 915
f 915 1233 1332
f 915 1332 916
f 1332 1334 916
f 916 1334 1335
f 916 1335 984
f 984 1335 1347
f 984 1347 985
f 985 1347 1346
f 985 1346 987
f 987 1346 1344
f 987 1344 988
f 988 1344 1342
f 988 1342 890
f 890 1342 1340
f 890 1340 892
f 913 906 1235
f 1235 906 905
f 1235 905 1237
f 1237 905 909
f 1237 909 1239
f 1239 909 908
f 1239 908 1242
f 1242 908 907
f 1242 907 1243
f 1243 907 1907
f 1243 1907 1245
f 1245 1907 910
f 1245 910 1248
f 1248 910 903
f 1248 903 1250
f 1250 903 904
f 1250 904 1252
f 1340 1339 892
f 892 1339 1338
f 892 1338 894
f 894 1338 1337
f 894 1337 895
f 895 1337 1261
f 895 1261 896
f 896 1261 1262
f 896 1262 897
f 897 1262 1263
f 897 1263 898
f 898 1263 1258
f 898 1258 899
f 899 1258 1257
f 899 1257 900
f 900 1257 1255
f 900 1255 901
f 901 1255 1252
f 901 1252 1908
f 1908 1252 904
f 1351 1001 996
f 1351 996 1352
f 1352 996 998
f 1352 998 1353
f 1001 1351 1002
f 1002 1351 1350
f 1002 1350 1004
f 1004 1350 1349
f 1004 1349 1005
f 1005 1349 1182
f 1005 1182 940
f 940 1182 1183
f 940 1183 941
f 941 1183 1176
f 941 1176 942
f 942 1176 1166
f 942 1166 943
f 943 1166 1165
f 943 1165 945
f 945 1165 1175
f 945 1175 948
f 948 1175 1174
f 948 1174 949
f 949 1174 1170
f 949 1170 952
f 952 1170 1172
f 952 1172 956
f 956 1172 1326
f 956 1326 961
f 1326 1324 961
f 961 1324 1323
f 961 1323 962
f 962 1323 1320
f 962 1320 958
f 958 1320 1318
f 958 1318 959
f 959 1318 1317
f 1353 998 1355
f 1355 998 995
f 1355 995 1358
f 1358 995 993
f 1358 993 1360
f 1360 993 992
f 1360 992 1361
f 1361 992 991
f 1361 991 1367
f 1367 991 990
f 1367 990 1366
f 1366 990 884
f 1366 884 1364
f 1364 884 966
f 1364 966 1363
f 1363 966 965
f 1363 965 1317
f 1317 965 964
f 1317 964 959
f 16 17 228
f 235 1 8
f 235 8 233
f 1 235 2
f 2 235 237
f 2 237 9
f 9 237 10
f 10 237 238
f 10 238 12
f 228 17 238
f 238 17 13
f 238 13 12
f 16 228 14
f 14 228 230
f 14 230 1377
f 1377 230 225
f 1377 225 1378
f 1378 225 1379
f 1379 225 223
f 1379 223 1374
f 1374 223 1375
f 1375 223 222
f 1375 222 1380
f 1380 222 1381
f 1381 222 252
f 1381 252 1383
f 247 1386 252
f 252 1386 1384
f 252 1384 1383
f 8 7 233
f 233 7 6
f 233 6 244
f 244 6 5
f 244 5 247
f 247 5 1385
f 247 1385 1386
f 838 840 986
f 986 889 838
f 838 889 891
f 838 891 847
f 847 891 893
f 893 888 847
f 847 888 885
f 847 885 837
f 837 885 886
f 837 886 835
f 835 886 887
f 887 973 835
f 835 973 974
f 835 974 833
f 833 974 975
f 833 975 831
f 975 976 831
f 831 976 978
f 831 978 864
f 864 978 980
f 980 982 864
f 864 982 967
f 864 967 862
f 967 969 862
f 862 969 883
f 862 883 879
f 879 883 882
f 879 882 877
f 882 989 877
f 877 989 994
f 877 994 875
f 875 994 1000
f 875 1000 873
f 1000 999 873
f 873 999 997
f 873 997 871
f 871 997 1003
f 871 1003 869
f 1003 938 869
f 869 938 936
f 869 936 854
f 936 933 854
f 854 933 932
f 854 932 852
f 932 930 852
f 852 930 928
f 852 928 850
f 928 927 850
f 850 927 922
f 850 922 859
f 922 923 859
f 859 923 924
f 859 924 857
f 924 925 857
f 857 925 926
f 857 926 844
f 926 920 844
f 844 920 919
f 844 919 842
f 919 912 842
f 842 912 917
f 842 917 840
f 840 917 918
f 840 918 986
f 1007 874 1089
f 1089 874 872
f 1089 872 1086
f 1086 872 870
f 1086 870 1083
f 1083 870 868
f 1083 868 1080
f 1080 868 867
f 1080 867 1077
f 1077 867 853
f 1077 853 1074
f 1074 853 851
f 1074 851 1071
f 1071 851 861
f 1071 861 1068
f 1068 861 860
f 1068 860 1065
f 1065 860 858
f 1065 858 1062
f 1062 858 856
f 1062 856 1060
f 1060 856 855
f 1060 855 1056
f 1056 855 843
f 1056 843 1053
f 1053 843 841
f 1053 841 1050
f 1050 841 839
f 1050 839 1047
f 1047 839 849
f 1047 849 1044
f 1044 849 848
f 1044 848 1041
f 1041 848 846
f 1041 846 1038
f 1038 846 845
f 1038 845 1035
f 1035 845 836
f 1035 836 1032
f 1032 836 834
f 1032 834 1029
f 1029 834 832
f 1029 832 1026
f 1026 832 866
f 1026 866 1023
f 1023 866 865
f 1023 865 1020
f 1020 865 863
f 1020 863 1017
f 1017 863 881
f 1017 881 1014
f 1014 881 880
f 1014 880 1011
f 1011 880 878
f 1011 878 1006
f 1006 878 876
f 1006 876 1007
f 1007 876 874
f 329 469 411
f 411 469 447
f 411 447 408
f 408 447 449
f 408 449 405
f 405 449 451
f 405 451 402
f 402 451 453
f 402 453 399
f 399 453 456
f 399 456 396
f 396 456 458
f 396 458 393
f 393 458 460
f 393 460 390
f 390 460 462
f 390 462 387
f 387 462 474
f 387 474 385
f 385 474 476
f 385 476 381
f 381 476 478
f 381 478 379
f 379 478 440
f 379 440 376
f 376 440 442
f 376 442 372
f 372 442 444
f 372 444 369
f 369 444 415
f 369 415 366
f 366 415 417
f 366 417 363
f 363 417 419
f 363 419 360
f 360 419 421
f 360 421 357
f 357 421 423
f 357 423 354
f 354 423 426
f 354 426 351
f 351 426 428
f 351 428 348
f 348 428 430
f 348 430 345
f 345 430 432
f 345 432 342
f 342 432 435
f 342 435 339
f 339 435 437
f 339 437 336
f 336 437 439
f 336 439 333
f 333 439 465
f 333 465 328
f 328 465 467
f 328 467 329
f 329 467 469
f 322 373 371
f 322 371 324
f 324 371 370
f 324 370 326
f 370 368 326
f 326 368 367
f 326 367 327
f 367 365 327
f 327 365 364
f 327 364 292
f 364 362 292
f 292 362 361
f 292 361 294
f 361 359 294
f 294 359 358
f 294 358 295
f 358 356 295
f 295 356 355
f 295 355 285
f 355 353 285
f 285 353 352
f 285 352 287
f 352 350 287
f 287 350 349
f 287 349 289
f 349 347 289
f 289 347 346
f 289 346 296
f 346 344 296
f 296 344 343
f 296 343 297
f 343 341 297
f 297 341 340
f 297 340 299
f 299 340 338
f 338 337 299
f 299 337 335
f 299 335 300
f 335 334 300
f 300 334 332
f 300 332 278
f 278 332 331
f 278 331 280
f 331 330 280
f 280 330 414
f 280 414 282
f 414 413 282
f 282 413 412
f 282 412 306
f 412 410 306
f 306 410 409
f 306 409 307
f 409 407 307
f 307 407 406
f 307 406 309
f 406 404 309
f 309 404 403
f 309 403 311
f 403 401 311
f 311 401 400
f 311 400 312
f 400 398 312
f 312 398 397
f 312 397 302
f 397 395 302
f 302 395 394
f 302 394 304
f 394 392 304
f 304 392 391
f 304 391 313
f 391 389 313
f 313 389 388
f 313 388 314
f 388 386 314
f 314 386 384
f 314 384 316
f 384 383 316
f 316 383 382
f 316 382 318
f 382 380 318
f 318 380 378
f 318 378 320
f 378 377 320
f 320 377 375
f 320 375 322
f 322 375 374
f 322 374 373
f 786 514 791
f 791 514 512
f 791 512 795
f 795 512 510
f 795 510 800
f 800 510 536
f 800 536 711
f 711 536 535
f 711 535 830
f 830 535 533
f 830 533 828
f 828 533 531
f 828 531 826
f 826 531 529
f 826 529 824
f 824 529 527
f 824 527 822
f 822 527 525
f 822 525 820
f 820 525 523
f 820 523 593
f 593 523 522
f 593 522 609
f 609 522 492
f 609 492 619
f 619 492 490
f 619 490 617
f 617 490 488
f 617 488 627
f 627 488 486
f 627 486 632
f 632 486 484
f 632 484 637
f 637 484 482
f 637 482 642
f 642 482 508
f 642 508 658
f 658 508 507
f 658 507 818
f 818 507 505
f 818 505 816
f 816 505 503
f 816 503 814
f 814 503 501
f 814 501 812
f 812 501 499
f 812 499 810
f 810 499 497
f 810 497 808
f 808 497 495
f 808 495 754
f 754 495 521
f 754 521 752
f 752 521 520
f 752 520 779
f 779 520 518
f 779 518 778
f 778 518 516
f 778 516 786
f 786 516 514
f 1368 489 1369
f 1369 489 491
f 1369 491 1370
f 1370 491 493
f 1370 493 1401
f 1401 493 524
f 1401 524 1399
f 1399 524 526
f 1399 526 1397
f 1397 526 528
f 1397 528 1395
f 1395 528 530
f 1395 530 1393
f 1393 530 532
f 1393 532 1391
f 1391 532 534
f 1391 534 1389
f 1389 534 509
f 1389 509 1387
f 1387 509 511
f 1387 511 1376
f 1376 511 513
f 1376 513 15
f 15 513 515
f 15 515 11
f 11 515 517
f 11 517 67
f 67 517 519
f 67 519 65
f 65 519 494
f 65 494 63
f 63 494 496
f 63 496 61
f 61 496 498
f 61 498 59
f 59 498 500
f 59 500 57
f 57 500 502
f 57 502 55
f 55 502 504
f 55 504 53
f 53 504 506
f 53 506 31
f 31 506 481
f 31 481 44
f 44 481 483
f 44 483 49
f 49 483 485
f 49 485 47
f 47 485 487
f 47 487 1368
f 1368 487 489
f 679 585 684
f 684 585 583
f 684 583 688
f 688 583 581
f 688 581 693
f 693 581 580
f 693 580 603
f 603 580 563
f 603 563 819
f 819 563 561
f 819 561 821
f 821 561 559
f 821 559 823
f 823 559 557
f 823 557 825
f 825 557 555
f 825 555 827
f 827 555 553
f 827 553 829
f 829 553 551
f 829 551 700
f 700 551 550
f 700 550 716
f 716 550 548
f 716 548 726
f 726 548 546
f 726 546 724
f 724 546 544
f 724 544 734
f 734 544 542
f 734 542 739
f 739 542 540
f 739 540 744
f 744 540 538
f 744 538 749
f 749 538 579
f 749 579 764
f 764 579 578
f 764 578 807
f 807 578 576
f 807 576 809
f 809 576 574
f 809 574 811
f 811 574 572
f 811 572 813
f 813 572 570
f 813 570 815
f 815 570 568
f 815 568 817
f 817 568 566
f 817 566 647
f 647 566 1909
f 647 1909 645
f 645 1909 591
f 645 591 672
f 672 591 589
f 672 589 671
f 671 589 587
f 671 587 679
f 679 587 585
f 1382 545 1388
f 1388 545 547
f 1388 547 1390
f 1390 547 549
f 1390 549 1392
f 1392 549 552
f 1392 552 1394
f 1394 552 554
f 1394 554 1396
f 1396 554 556
f 1396 556 1398
f 1398 556 558
f 1398 558 1400
f 1400 558 560
f 1400 560 1402
f 1402 560 562
f 1402 562 1371
f 1371 562 564
f 1371 564 1372
f 1372 564 582
f 1372 582 1373
f 1373 582 584
f 1373 584 19
f 19 584 586
f 19 586 21
f 21 586 588
f 21 588 25
f 25 588 590
f 25 590 36
f 36 590 565
f 36 565 54
f 54 565 567
f 54 567 56
f 56 567 569
f 56 569 58
f 58 569 571
f 58 571 60
f 60 571 573
f 60 573 62
f 62 573 575
f 62 575 64
f 64 575 577
f 64 577 66
f 66 577 537
f 66 537 68
f 68 537 539
f 68 539 3
f 3 539 541
f 3 541 4
f 4 541 543
f 4 543 1382
f 1382 543 545
f 269 281 270
f 270 281 283
f 270 283 271
f 271 283 308
f 271 308 272
f 272 308 310
f 272 310 273
f 273 310 301
f 273 301 274
f 274 301 303
f 274 303 275
f 275 303 305
f 275 305 276
f 276 305 315
f 276 315 255
f 255 315 317
f 255 317 256
f 256 317 319
f 256 319 257
f 257 319 321
f 257 321 258
f 258 321 323
f 258 323 259
f 259 323 325
f 259 325 260
f 260 325 291
f 260 291 261
f 261 291 293
f 261 293 262
f 262 293 284
f 262 284 263
f 263 284 286
f 263 286 264
f 264 286 288
f 264 288 265
f 265 288 290
f 265 290 266
f 266 290 298
f 266 298 267
f 267 298 277
f 267 277 268
f 268 277 279
f 268 279 269
f 269 279 281
f 1145 1051 1049
f 1145 1049 1143
f 1143 1049 1048
f 1143 1048 1124
f 1048 1046 1124
f 1124 1046 1045
f 1124 1045 1122
f 1045 1043 1122
f 1122 1043 1042
f 1122 1042 1120
f 1042 1040 1120
f 1120 1040 1039
f 1120 1039 1110
f 1039 1037 1110
f 1110 1037 1036
f 1110 1036 1108
f 1036 1034 1108
f 1108 1034 1033
f 1108 1033 1106
f 1033 1031 1106
f 1106 1031 1030
f 1106 1030 1104
f 1030 1028 1104
f 1104 1028 1027
f 1104 1027 1101
f 1027 1025 1101
f 1101 1025 1024
f 1101 1024 1099
f 1024 1022 1099
f 1099 1022 1021
f 1099 1021 1097
f 1021 1019 1097
f 1097 1019 1018
f 1097 1018 1095
f 1095 1018 1016
f 1016 1015 1095
f 1095 1015 1013
f 1095 1013 1093
f 1013 1012 1093
f 1093 1012 1010
f 1093 1010 1115
f 1115 1010 1009
f 1115 1009 1113
f 1009 1008 1113
f 1113 1008 1092
f 1113 1092 1111
f 1092 1091 1111
f 1111 1091 1090
f 1111 1090 1156
f 1090 1088 1156
f 1156 1088 1087
f 1156 1087 1154
f 1087 1085 1154
f 1154 1085 1084
f 1154 1084 1152
f 1084 1082 1152
f 1152 1082 1081
f 1152 1081 1140
f 1081 1079 1140
f 1140 1079 1078
f 1140 1078 1138
f 1078 1076 1138
f 1138 1076 1075
f 1138 1075 1136
f 1075 1073 1136
f 1136 1073 1072
f 1136 1072 1134
f 1134 1072 1070
f 1070 1069 1134
f 1134 1069 1067
f 1134 1067 1131
f 1131 1067 1066
f 1131 1066 1129
f 1066 1064 1129
f 1129 1064 1063
f 1129 1063 1127
f 1063 1061 1127
f 1127 1061 1059
f 1127 1059 1125
f 1059 1058 1125
f 1125 1058 1057
f 1125 1057 1147
f 1057 1055 1147
f 1147 1055 1054
f 1147 1054 1145
f 1145 1054 1052
f 1145 1052 1051
f 199 198 1910
f 179 181 1911
f 71 176 1912
f 74 165 1913
f 137 132 1915
f 122 121 1916
f 114 116 1917
f 101 105 1918
f 1919 87 1920
f 450 448 1921
f 452 450 1922
f 454 452 1923
f 455 454 1924
f 457 455 1925
f 459 457 1926
f 461 459 1927
f 472 461 1928
f 473 472 1929
f 475 473 1930
f 477 475 1931
f 479 477 1932
f 480 479 1933
f 441 480 1934
f 443 441 1935
f 445 443 1936
f 446 445 1937
f 416 446 1938
f 418 416 1939
f 420 418 1940
f 422 420 1941
f 424 422 1942
f 425 424 1943
f 427 425 1944
f 429 427 1945
f 431 429 1946
f 433 431 1947
f 434 433 1948
f 436 434 1949
f 438 436 1950
f 463 438 1951
f 463 1952 464
f 464 1952 1953
f 464 1953 466
f 466 1953 1954
f 466 1954 468
f 468 1954 1955
f 468 1955 470
f 470 1955 1956
f 470 1956 471
f 471 1956 1957
f 471 1957 448
f 1952 1958 1953
f 1953 1958 1959
f 1953 1959 1954
f 1954 1959 1960
f 1954 1960 1955
f 1955 1960 1961
f 1955 1961 1956
f 1956 1961 1962
f 1956 1962 1957
f 1957 1962 1963
f 1958 1919 1959
f 1959 1919 1920
f 1959 1920 1960
f 1960 1920 1964
f 1960 1964 1961
f 1961 1964 1965
f 1961 1965 1962
f 1962 1965 1966
f 1962 1966 1963
f 1963 1966 1967
f 463 1951 1952
f 1952 1951 1968
f 1952 1968 1958
f 1958 1968 1969
f 1958 1969 1919
f 1919 1969 95
f 1919 95 87
f 1970 104 92
f 438 1950 1951
f 1951 1950 1971
f 1951 1971 1968
f 1968 1971 1970
f 1968 1970 1969
f 1969 1970 92
f 1969 92 95
f 436 1949 1950
f 1950 1949 1972
f 1950 1972 1971
f 1971 1972 1918
f 1971 1918 1970
f 1970 1918 105
f 1970 105 104
f 434 1948 1949
f 1949 1948 1973
f 1949 1973 1972
f 1972 1973 1974
f 1972 1974 1918
f 1918 1974 99
f 1918 99 101
f 1975 118 97
f 433 1947 1948
f 1948 1947 1976
f 1948 1976 1973
f 1973 1976 1975
f 1973 1975 1974
f 1974 1975 97
f 1974 97 99
f 431 1946 1947
f 1947 1946 1977
f 1947 1977 1976
f 1976 1977 1917
f 1976 1917 1975
f 1975 1917 116
f 1975 116 118
f 429 1945 1946
f 1946 1945 1978
f 1946 1978 1977
f 1977 1978 1979
f 1977 1979 1917
f 1917 1979 112
f 1917 112 114
f 1980 125 110
f 427 1944 1945
f 1945 1944 1981
f 1945 1981 1978
f 1978 1981 1980
f 1978 1980 1979
f 1979 1980 110
f 1979 110 112
f 425 1943 1944
f 1944 1943 1982
f 1944 1982 1981
f 1981 1982 1916
f 1981 1916 1980
f 1980 1916 121
f 1980 121 125
f 424 1942 1943
f 1943 1942 1983
f 1943 1983 1982
f 1982 1983 1984
f 1982 1984 1916
f 1916 1984 130
f 1916 130 122
f 1985 134 128
f 422 1941 1942
f 1942 1941 1986
f 1942 1986 1983
f 1983 1986 1985
f 1983 1985 1984
f 1984 1985 128
f 1984 128 130
f 420 1940 1941
f 1941 1940 1987
f 1941 1987 1986
f 1986 1987 1915
f 1986 1915 1985
f 1985 1915 132
f 1985 132 134
f 418 1939 1940
f 1940 1939 1988
f 1940 1988 1987
f 1987 1988 1989
f 1987 1989 1915
f 1915 1989 142
f 1915 142 137
f 416 1938 1939
f 1939 1938 1991
f 1939 1991 1988
f 1988 1991 1990
f 1988 1990 1989
f 1989 1990 140
f 1989 140 142
f 446 1937 1938
f 1938 1937 1992
f 1938 1992 1991
f 1991 1992 1993
f 1991 1993 1990
f 1990 1993 146
f 1990 146 140
f 1994 153 151
f 445 1936 1937
f 1937 1936 1995
f 1937 1995 1992
f 1992 1995 1994
f 1992 1994 1993
f 1993 1994 151
f 1993 151 146
f 443 1935 1936
f 1936 1935 1996
f 1936 1996 1995
f 1995 1996 1914
f 1995 1914 1994
f 1994 1914 157
f 1994 157 153
f 441 1934 1935
f 1935 1934 1997
f 1935 1997 1996
f 1996 1997 1998
f 1996 1998 1914
f 1914 1998 155
f 1914 155 157
f 1999 167 163
f 480 1933 1934
f 1934 1933 2000
f 1934 2000 1997
f 1997 2000 1999
f 1997 1999 1998
f 1998 1999 163
f 1998 163 155
f 479 1932 1933
f 1933 1932 2001
f 1933 2001 2000
f 2000 2001 1913
f 2000 1913 1999
f 1999 1913 165
f 1999 165 167
f 477 1931 1932
f 1932 1931 2002
f 1932 2002 2001
f 2001 2002 2003
f 2001 2003 1913
f 1913 2003 173
f 1913 173 74
f 2004 178 171
f 475 1930 1931
f 1931 1930 2005
f 1931 2005 2002
f 2002 2005 2004
f 2002 2004 2003
f 2003 2004 171
f 2003 171 173
f 473 1929 1930
f 1930 1929 2006
f 1930 2006 2005
f 2005 2006 1912
f 2005 1912 2004
f 2004 1912 176
f 2004 176 178
f 472 1928 1929
f 1929 1928 2007
f 1929 2007 2006
f 2006 2007 2008
f 2006 2008 1912
f 1912 2008 187
f 1912 187 71
f 2009 183 185
f 461 1927 1928
f 1928 1927 2010
f 1928 2010 2007
f 2007 2010 2009
f 2007 2009 2008
f 2008 2009 185
f 2008 185 187
f 459 1926 1927
f 1927 1926 2011
f 1927 2011 2010
f 2010 2011 1911
f 2010 1911 2009
f 2009 1911 181
f 2009 181 183
f 457 1925 1926
f 1926 1925 2012
f 1926 2012 2011
f 2011 2012 2013
f 2011 2013 1911
f 1911 2013 195
f 1911 195 179
f 2014 202 190
f 455 1924 1925
f 1925 1924 2015
f 1925 2015 2012
f 2012 2015 2014
f 2012 2014 2013
f 2013 2014 190
f 2013 190 195
f 454 1923 1924
f 1924 1923 2016
f 1924 2016 2015
f 2015 2016 1910
f 2015 1910 2014
f 2014 1910 198
f 2014 198 202
f 452 1922 1923
f 1923 1922 2017
f 1923 2017 2016
f 2016 2017 2018
f 2016 2018 1910
f 1910 2018 207
f 1910 207 199
f 450 1921 1922
f 1922 1921 2020
f 1922 2020 2017
f 2017 2020 2019
f 2017 2019 2018
f 2018 2019 205
f 2018 205 207
f 448 1957 1921
f 1921 1957 1963
f 1921 1963 2020
f 2020 1963 1967
f 2020 1967 2019
f 2019 1967 212
f 2019 212 205
f 87 79 1920
f 1920 79 81
f 1920 81 1964
f 1964 81 82
f 1964 82 1965
f 1965 82 76
f 1965 76 1966
f 1966 76 214
f 1966 214 1967
f 1967 214 216
f 1967 216 212
f 1221 1225 2021
f 1207 1209 2022
f 1192 1194 2023
f 1164 1184 2024
f 1310 1315 2026
f 1298 1297 2027
f 1289 1292 2028
f 1276 1274 2029
f 2030 1161 2031
f 1128 1126 2032
f 1130 1128 2033
f 1132 1130 2034
f 1133 1132 2035
f 1135 1133 2036
f 1137 1135 2037
f 1139 1137 2038
f 1150 1139 2039
f 1151 1150 2040
f 1153 1151 2041
f 1155 1153 2042
f 1157 1155 2043
f 1158 1157 2044
f 1112 1158 2045
f 1114 1112 2046
f 1116 1114 2047
f 1117 1116 2048
f 1094 1117 2049
f 1096 1094 2050
f 1098 1096 2051
f 1100 1098 2052
f 1102 1100 2053
f 1103 1102 2054
f 1105 1103 2055
f 1107 1105 2056
f 1109 1107 2057
f 1118 1109 2058
f 1119 1118 2059
f 1121 1119 2060
f 1123 1121 2061
f 1141 1123 2062
f 1141 2063 1142
f 1142 2063 2064
f 1142 2064 1144
f 1144 2064 2065
f 1144 2065 1146
f 1146 2065 2066
f 1146 2066 1148
f 1148 2066 2067
f 1148 2067 1149
f 1149 2067 2068
f 1149 2068 1126
f 2063 2069 2064
f 2064 2069 2070
f 2064 2070 2065
f 2065 2070 2071
f 2065 2071 2066
f 2066 2071 2072
f 2066 2072 2067
f 2067 2072 2073
f 2067 2073 2068
f 2068 2073 2074
f 2069 2030 2070
f 2070 2030 2031
f 2070 2031 2071
f 2071 2031 2075
f 2071 2075 2072
f 2072 2075 2076
f 2072 2076 2073
f 2073 2076 2077
f 2073 2077 2074
f 2074 2077 2078
f 1141 2062 2063
f 2063 2062 2079
f 2063 2079 2069
f 2069 2079 2080
f 2069 2080 2030
f 2030 2080 1270
f 2030 1270 1161
f 2081 1273 1267
f 1123 2061 2062
f 2062 2061 2082
f 2062 2082 2079
f 2079 2082 2081
f 2079 2081 2080
f 2080 2081 1267
f 2080 1267 1270
f 1121 2060 2061
f 2061 2060 2083
f 2061 2083 2082
f 2082 2083 2029
f 2082 2029 2081
f 2081 2029 1274
f 2081 1274 1273
f 1119 2059 2060
f 2060 2059 2084
f 2060 2084 2083
f 2083 2084 2085
f 2083 2085 2029
f 2029 2085 1281
f 2029 1281 1276
f 2086 1294 1279
f 1118 2058 2059
f 2059 2058 2087
f 2059 2087 2084
f 2084 2087 2086
f 2084 2086 2085
f 2085 2086 1279
f 2085 1279 1281
f 1109 2057 2058
f 2058 2057 2088
f 2058 2088 2087
f 2087 2088 2028
f 2087 2028 2086
f 2086 2028 1292
f 2086 1292 1294
f 1107 2056 2057
f 2057 2056 2089
f 2057 2089 2088
f 2088 2089 2090
f 2088 2090 2028
f 2028 2090 1287
f 2028 1287 1289
f 2091 1301 1285
f 1105 2055 2056
f 2056 2055 2092
f 2056 2092 2089
f 2089 2092 2091
f 2089 2091 2090
f 2090 2091 1285
f 2090 1285 1287
f 1103 2054 2055
f 2055 2054 2093
f 2055 2093 2092
f 2092 2093 2027
f 2092 2027 2091
f 2091 2027 1297
f 2091 1297 1301
f 1102 2053 2054
f 2054 2053 2094
f 2054 2094 2093
f 2093 2094 2095
f 2093 2095 2027
f 2027 2095 1307
f 2027 1307 1298
f 2096 1316 1302
f 1100 2052 2053
f 2053 2052 2097
f 2053 2097 2094
f 2094 2097 2096
f 2094 2096 2095
f 2095 2096 1302
f 2095 1302 1307
f 1098 2051 2052
f 2052 2051 2098
f 2052 2098 2097
f 2097 2098 2026
f 2097 2026 2096
f 2096 2026 1315
f 2096 1315 1316
f 1096 2050 2051
f 2051 2050 2099
f 2051 2099 2098
f 2098 2099 2100
f 2098 2100 2026
f 2026 2100 1365
f 2026 1365 1310
f 1094 2049 2050
f 2050 2049 2102
f 2050 2102 2099
f 2099 2102 2101
f 2099 2101 2100
f 2100 2101 1359
f 2100 1359 1365
f 1117 2048 2049
f 2049 2048 2103
f 2049 2103 2102
f 2102 2103 2104
f 2102 2104 2101
f 2101 2104 1357
f 2101 1357 1359
f 2105 1354 1356
f 1116 2047 2048
f 2048 2047 2106
f 2048 2106 2103
f 2103 2106 2105
f 2103 2105 2104
f 2104 2105 1356
f 2104 1356 1357
f 1114 2046 2047
f 2047 2046 2107
f 2047 2107 2106
f 2106 2107 2025
f 2106 2025 2105
f 2105 2025 1348
f 2105 1348 1354
f 1112 2045 2046
f 2046 2045 2108
f 2046 2108 2107
f 2107 2108 2109
f 2107 2109 2025
f 2025 2109 1180
f 2025 1180 1348
f 2110 1186 1181
f 1158 2044 2045
f 2045 2044 2111
f 2045 2111 2108
f 2108 2111 2110
f 2108 2110 2109
f 2109 2110 1181
f 2109 1181 1180
f 1157 2043 2044
f 2044 2043 2112
f 2044 2112 2111
f 2111 2112 2024
f 2111 2024 2110
f 2110 2024 1184
f 2110 1184 1186
f 1155 2042 2043
f 2043 2042 2113
f 2043 2113 2112
f 2112 2113 2114
f 2112 2114 2024
f 2024 2114 1198
f 2024 1198 1164
f 2115 1195 1191
f 1153 2041 2042
f 2042 2041 2116
f 2042 2116 2113
f 2113 2116 2115
f 2113 2115 2114
f 2114 2115 1191
f 2114 1191 1198
f 1151 2040 2041
f 2041 2040 2117
f 2041 2117 2116
f 2116 2117 2023
f 2116 2023 2115
f 2115 2023 1194
f 2115 1194 1195
f 1150 2039 2040
f 2040 2039 2118
f 2040 2118 2117
f 2117 2118 2119
f 2117 2119 2023
f 2023 2119 1204
f 2023 1204 1192
f 2120 1211 1201
f 1139 2038 2039
f 2039 2038 2121
f 2039 2121 2118
f 2118 2121 2120
f 2118 2120 2119
f 2119 2120 1201
f 2119 1201 1204
f 1137 2037 2038
f 2038 2037 2122
f 2038 2122 2121
f 2121 2122 2022
f 2121 2022 2120
f 2120 2022 1209
f 2120 1209 1211
f 1135 2036 2037
f 2037 2036 2123
f 2037 2123 2122
f 2122 2123 2124
f 2122 2124 2022
f 2022 2124 1216
f 2022 1216 1207
f 2125 1222 1214
f 1133 2035 2036
f 2036 2035 2126
f 2036 2126 2123
f 2123 2126 2125
f 2123 2125 2124
f 2124 2125 1214
f 2124 1214 1216
f 1132 2034 2035
f 2035 2034 2127
f 2035 2127 2126
f 2126 2127 2021
f 2126 2021 2125
f 2125 2021 1225
f 2125 1225 1222
f 1130 2033 2034
f 2034 2033 2128
f 2034 2128 2127
f 2127 2128 2129
f 2127 2129 2021
f 2021 2129 1230
f 2021 1230 1221
f 1128 2032 2033
f 2033 2032 2131
f 2033 2131 2128
f 2128 2131 2130
f 2128 2130 2129
f 2129 2130 1228
f 2129 1228 1230
f 1126 2068 2032
f 2032 2068 2074
f 2032 2074 2131
f 2131 2074 2078
f 2131 2078 2130
f 2130 2078 1331
f 2130 1331 1228
f 1161 1260 2031
f 2031 1260 1336
f 2031 1336 2075
f 2075 1336 1341
f 2075 1341 2076
f 2076 1341 1343
f 2076 1343 2077
f 2077 1343 1345
f 2077 1345 2078
f 2078 1345 1333
f 2078 1333 1331

