# Exported by SolidWorks
g 
v 0.00787135 0.00082500 0.00142894
v 0.00783964 0.00042717 0.00159374
v 0.00776753 0.00970000 0.00191453
v 0.00800000 0.00970000 -0.00000000
v 0.00800000 0.00165000 -0.00000000
v 0.00798855 0.00159356 0.00042785
v 0.00795735 0.00142894 0.00082500
v 0.00791449 0.00116692 0.00116653
v 0.00782799 -0.00000000 0.00165000
v 0.00783964 -0.00042707 0.00159377
v 0.00776753 -0.00970000 0.00191453
v 0.00787135 -0.00082500 0.00142894
v 0.00791447 -0.00116680 0.00116665
v 0.00800000 -0.00165000 -0.00000000
v 0.00800000 -0.00970000 -0.00000000
v 0.00798850 -0.00159333 0.00042873
v 0.00795735 -0.00142894 0.00082500
v -0.00800000 0.00500000 -0.00000000
v -0.00800000 0.00970000 -0.00000000
v -0.00793984 0.00490318 0.00097922
v -0.00776753 0.00970000 0.00191453
v -0.00792210 0.00487439 0.00111368
v -0.00711094 0.00340081 0.00366531
v -0.00727510 0.00373190 0.00332760
v -0.00708365 0.00970000 0.00371779
v -0.00754462 0.00423335 0.00266058
v -0.00759899 0.00432951 0.00250107
v -0.00776753 0.00461894 0.00191453
v -0.00661151 -0.00217074 0.00450421
v -0.00653611 -0.00192892 0.00461294
v -0.00598809 -0.00970000 0.00530498
v -0.00637098 -0.00126070 0.00483845
v -0.00628937 -0.00074576 0.00494407
v -0.00624566 -0.00009073 0.00499918
v -0.00628936 0.00074570 0.00494408
v -0.00598809 0.00970000 0.00530498
v -0.00630507 0.00086829 0.00492403
v -0.00643679 0.00155956 0.00475055
v -0.00657296 0.00205032 0.00456028
v -0.00661134 0.00217020 0.00450447
v -0.00681673 0.00273273 0.00418714
v -0.00759916 -0.00432981 0.00250055
v -0.00736772 -0.00390939 0.00311715
v -0.00708365 -0.00970000 0.00371779
v -0.00711091 -0.00340074 0.00366537
v -0.00677633 -0.00263034 0.00425221
v -0.00800000 -0.00970000 -0.00000000
v -0.00800000 -0.00500000 -0.00000000
v -0.00776753 -0.00970000 0.00191453
v -0.00793978 -0.00490307 0.00097974
v -0.00792210 -0.00487439 0.00111368
v -0.00776753 -0.00461894 0.00191453
v -0.00454452 -0.00970000 0.00658387
v -0.00454452 0.00970000 0.00658387
v -0.00283684 -0.00970000 0.00748013
v -0.00283684 0.00970000 0.00748013
v -0.00096429 -0.00970000 0.00794167
v -0.00096429 0.00970000 0.00794167
v 0.00096429 -0.00970000 0.00794167
v 0.00096429 0.00970000 0.00794167
v 0.00283684 -0.00970000 0.00748013
v 0.00283684 0.00970000 0.00748013
v 0.00454452 -0.00970000 0.00658387
v 0.00454452 0.00970000 0.00658387
v 0.00598809 -0.00970000 0.00530498
v 0.00598809 0.00970000 0.00530498
v 0.00708365 -0.00970000 0.00371779
v 0.00708365 0.00970000 0.00371779
v 0.01237522 0.00686457 0.00137029
v 0.01228085 0.00676127 0.00181252
v 0.01850000 0.00676148 0.00181173
v 0.01087633 0.00510287 0.00479174
v 0.01075845 0.00494940 0.00495009
v 0.01850000 0.00494975 0.00494975
v 0.00867468 -0.00000000 -0.00700000
v 0.01850000 -0.00000000 -0.00700000
v 0.00867709 -0.00015907 -0.00699819
v 0.00872094 -0.00069778 -0.00696514
v 0.01850000 -0.00233198 -0.00660014
v 0.00900893 -0.00189094 -0.00673976
v 0.01850000 -0.00181173 -0.00676148
v 0.01850000 -0.00118301 -0.00689931
v 0.00884740 -0.00135308 -0.00686798
v 0.00873722 -0.00081168 -0.00695278
v 0.01011343 -0.00404380 -0.00571381
v 0.00978023 -0.00351318 -0.00605455
v 0.01850000 -0.00350000 -0.00606218
v 0.00947268 -0.00295982 -0.00634346
v 0.00921801 -0.00242508 -0.00656651
v 0.01153219 -0.00591016 -0.00375100
v 0.01121880 -0.00553325 -0.00428756
v 0.01850000 -0.00494975 -0.00494975
v 0.01087841 -0.00510555 -0.00478887
v 0.01075845 -0.00494940 -0.00495010
v 0.01850000 -0.00439754 -0.00544625
v 0.01051905 -0.00462764 -0.00525214
v 0.01850000 -0.00676148 -0.00181173
v 0.01228097 -0.00676140 -0.00181205
v 0.01850000 -0.00649522 -0.00261000
v 0.01850000 -0.00606218 -0.00350000
v 0.01222208 -0.00669654 -0.00203871
v 0.01203733 -0.00649094 -0.00262063
v 0.01850000 -0.00525471 -0.00462472
v 0.01850000 -0.00596070 -0.00367015
v 0.01166119 -0.00606135 -0.00350144
v 0.01181090 -0.00623424 -0.00318344
v 0.01228077 -0.00676117 0.00181288
v 0.01234185 -0.00682813 0.00154165
v 0.01850000 -0.00676148 0.00181173
v 0.01243820 -0.00693309 0.00096553
v 0.01850000 -0.00694330 0.00088912
v 0.01249022 -0.00698943 0.00038458
v 0.01850000 -0.00700000 -0.00000000
v 0.01250000 -0.00700000 0.00000005
v 0.01850000 -0.00699369 -0.00029709
v 0.01249922 -0.00699916 -0.00010876
v 0.01850000 -0.00684289 -0.00147475
v 0.01246751 -0.00696485 -0.00070057
v 0.01239050 -0.00688122 -0.00128404
v 0.01850000 -0.00625048 0.00315143
v 0.01850000 -0.00606218 0.00350000
v 0.01220152 -0.00667382 0.00211190
v 0.01210721 -0.00656909 0.00241807
v 0.01850000 -0.00669317 0.00204976
v 0.01119609 -0.00550536 0.00432332
v 0.01137151 -0.00571871 0.00403687
v 0.01850000 -0.00494975 0.00494975
v 0.01165225 -0.00605094 0.00351939
v 0.01850000 -0.00562798 0.00416243
v 0.01189862 -0.00633434 0.00297929
v 0.01850000 -0.00391982 0.00579957
v 0.01050363 -0.00460640 0.00527077
v 0.01850000 -0.00484357 0.00505369
v 0.01075849 -0.00494945 0.00495004
v 0.01085763 -0.00507873 0.00481731
v 0.01850000 -0.00350000 0.00606218
v 0.00979444 -0.00353705 0.00604064
v 0.01014324 -0.00408873 0.00568175
v 0.01850000 -0.00181173 0.00676148
v 0.00919979 -0.00238287 0.00658194
v 0.01850000 -0.00288331 0.00637860
v 0.00947654 -0.00296728 0.00633997
v 0.00868833 -0.00037865 0.00698975
v 0.00875706 -0.00093208 0.00693767
v 0.01850000 -0.00059364 0.00697478
v 0.00888154 -0.00148223 0.00684127
v 0.00898252 -0.00181334 0.00676105
v 0.00906025 -0.00203389 0.00669801
v 0.00867475 -0.00002702 0.00699995
v 0.01850000 -0.00000000 0.00700000
v 0.00869891 0.00050473 0.00698178
v 0.01850000 0.00059364 0.00697478
v 0.00877655 0.00103703 0.00692276
v 0.01850000 0.00288331 0.00637860
v 0.00918764 0.00235433 0.00659220
v 0.01850000 0.00181173 0.00676148
v 0.00898204 0.00181190 0.00676144
v 0.00890628 0.00156948 0.00682178
v 0.01004781 0.00394361 0.00578342
v 0.00977264 0.00350039 0.00606195
v 0.01850000 0.00350000 0.00606218
v 0.00944107 0.00289808 0.00637190
v 0.01850000 0.00484357 0.00505369
v 0.01051591 0.00462332 0.00525594
v 0.01850000 0.00391982 0.00579957
v 0.01015148 0.00410107 0.00567285
v 0.01203868 0.00649245 0.00261688
v 0.01180805 0.00623096 0.00318984
v 0.01850000 0.00606218 0.00350000
v 0.01166124 0.00606140 0.00350134
v 0.01850000 0.00562798 0.00416243
v 0.01153874 0.00591789 0.00373879
v 0.01122071 0.00553559 0.00428454
v 0.01850000 0.00669317 0.00204976
v 0.01224607 0.00672299 0.00194971
v 0.01850000 0.00625048 0.00315143
v 0.01850000 0.00676148 -0.00181173
v 0.01238507 0.00687530 -0.00131538
v 0.01850000 0.00684289 -0.00147475
v 0.01246459 0.00696169 -0.00073130
v 0.01850000 0.00699369 -0.00029709
v 0.01249858 0.00699846 -0.00014680
v 0.01850000 0.00700000 -0.00000000
v 0.01250000 0.00700000 0.00000008
v 0.01850000 0.00694330 0.00088912
v 0.01248739 0.00698638 0.00043650
v 0.01245975 0.00695646 0.00077954
v 0.01850000 0.00606218 -0.00350000
v 0.01166138 0.00606156 -0.00350106
v 0.01178598 0.00620564 -0.00323883
v 0.01201044 0.00646073 -0.00269424
v 0.01219506 0.00666667 -0.00213435
v 0.01850000 0.00649522 -0.00261000
v 0.01228076 0.00676117 -0.00181289
v 0.01233803 0.00682395 -0.00156002
v 0.01850000 0.00525471 -0.00462472
v 0.01850000 0.00494975 -0.00494975
v 0.01154623 0.00592671 -0.00372479
v 0.01124549 0.00556592 -0.00424506
v 0.01850000 0.00596070 -0.00367015
v 0.00997219 0.00382572 -0.00586207
v 0.01033166 0.00436480 -0.00547252
v 0.01850000 0.00350000 -0.00606218
v 0.01057272 0.00470104 -0.00518654
v 0.01850000 0.00439754 -0.00544625
v 0.01075841 0.00494935 -0.00495015
v 0.01091883 0.00515749 -0.00473290
v 0.00977302 0.00350104 -0.00606158
v 0.00963368 0.00325904 -0.00619505
v 0.01850000 0.00233198 -0.00660014
v 0.00932907 0.00266968 -0.00647092
v 0.01850000 0.00118301 -0.00689931
v 0.00894107 0.00168488 -0.00679420
v 0.01850000 0.00181173 -0.00676148
v 0.00898240 0.00181300 -0.00676114
v 0.00914144 0.00224291 -0.00663094
v 0.00868803 0.00037458 -0.00698997
v 0.00875270 0.00090698 -0.00694099
v 0.00879447 0.00112513 -0.00690899
v 0.01300000 -0.00000000 -0.00165000
v 0.01300000 -0.00082500 -0.00142894
v 0.01300000 -0.00147378 -0.00477786
v 0.01300000 -0.00142894 -0.00082500
v 0.01300000 -0.00390916 -0.00311745
v 0.01300000 -0.00281660 -0.00413119
v 0.01300000 -0.00142894 0.00082500
v 0.01300000 -0.00487464 0.00111260
v 0.01300000 -0.00165000 -0.00000000
v 0.01300000 -0.00498602 -0.00037365
v 0.01300000 -0.00465437 -0.00182671
v 0.01300000 0.00142894 0.00082500
v 0.01300000 0.00340086 0.00366526
v 0.01300000 0.00082500 0.00142894
v 0.01300000 0.00216942 0.00450484
v 0.01300000 -0.00000000 0.00165000
v 0.01300000 -0.00082500 0.00142894
v 0.01300000 -0.00340086 0.00366526
v 0.01300000 -0.00433013 0.00250000
v 0.01300000 0.00074521 0.00494415
v 0.01300000 -0.00074521 0.00494415
v 0.01300000 -0.00216942 0.00450484
v 0.01300000 0.00165000 -0.00000000
v 0.01300000 0.00487464 0.00111260
v 0.01300000 0.00433013 0.00250000
v 0.01300000 0.00142894 -0.00082500
v 0.01300000 0.00465437 -0.00182671
v 0.01300000 0.00498602 -0.00037365
v 0.01300000 -0.00000000 -0.00500000
v 0.01300000 0.00147378 -0.00477786
v 0.01300000 0.00082500 -0.00142894
v 0.01300000 0.00281660 -0.00413119
v 0.01300000 0.00390916 -0.00311745
v 0.02070000 0.00216942 0.00450484
v 0.02070000 0.00074521 0.00494415
v 0.02070000 -0.00000000 0.00500000
v 0.02070000 -0.00074521 0.00494415
v 0.02070000 -0.00216942 0.00450484
v 0.02070000 -0.00340086 0.00366526
v 0.02070000 -0.00433013 0.00250000
v 0.02070000 -0.00487464 0.00111260
v 0.02070000 -0.00498602 -0.00037365
v 0.02070000 -0.00465437 -0.00182671
v 0.02070000 -0.00390916 -0.00311745
v 0.02070000 -0.00281660 -0.00413119
v 0.02070000 -0.00147378 -0.00477786
v 0.02070000 -0.00000000 -0.00500000
v 0.02070000 0.00147378 -0.00477786
v 0.02070000 0.00281660 -0.00413119
v 0.02070000 0.00390916 -0.00311745
v 0.02070000 0.00465437 -0.00182671
v 0.02070000 0.00498602 -0.00037365
v 0.02070000 0.00487464 0.00111260
v 0.02070000 0.00433013 0.00250000
v 0.02070000 0.00340086 0.00366526
v 0.02100000 -0.00156220 -0.00506454
v 0.02100000 -0.00104875 -0.00964314
v 0.02100000 -0.00000000 -0.00530000
v 0.02100000 0.00104875 -0.00964314
v 0.02100000 0.00156220 -0.00506454
v 0.02100000 0.00309722 -0.00919224
v 0.02100000 0.00298560 -0.00437907
v 0.02100000 -0.00516712 0.00117936
v 0.02100000 -0.00968577 0.00052515
v 0.02100000 -0.00528518 -0.00039607
v 0.02100000 -0.00957222 -0.00156929
v 0.02100000 -0.00493363 -0.00193631
v 0.02100000 -0.00901107 -0.00359034
v 0.02100000 -0.00414371 -0.00330450
v 0.02100000 -0.00360492 0.00388517
v 0.02100000 -0.00739297 0.00627965
v 0.02100000 -0.00458993 0.00265000
v 0.02100000 -0.00857007 0.00454356
v 0.02100000 -0.00934644 0.00259502
v 0.02100000 -0.00802858 -0.00544351
v 0.02100000 -0.00667068 -0.00704216
v 0.02100000 -0.00298560 -0.00437907
v 0.02100000 -0.00500087 -0.00831151
v 0.02100000 -0.00309722 -0.00919224
v 0.02100000 0.00528518 -0.00039607
v 0.02100000 0.00968577 0.00052515
v 0.02100000 0.00516712 0.00117936
v 0.02100000 0.00934644 0.00259502
v 0.02100000 0.00458993 0.00265000
v 0.02100000 0.00500087 -0.00831151
v 0.02100000 0.00667068 -0.00704216
v 0.02100000 0.00414371 -0.00330450
v 0.02100000 0.00802858 -0.00544351
v 0.02100000 0.00493363 -0.00193631
v 0.02100000 0.00901107 -0.00359034
v 0.02100000 0.00957222 -0.00156929
v 0.02100000 0.00857007 0.00454356
v 0.02100000 0.00739297 0.00627965
v 0.02100000 0.00360492 0.00388517
v 0.02100000 0.00587019 0.00772210
v 0.02100000 0.00229958 0.00477514
v 0.02100000 0.00407292 0.00880348
v 0.02100000 0.00078992 0.00524080
v 0.02100000 0.00208521 0.00947322
v 0.02100000 -0.00000000 0.00530000
v 0.02100000 -0.00000000 0.00970000
v 0.02100000 -0.00078992 0.00524080
v 0.02100000 -0.00208521 0.00947322
v 0.02100000 -0.00229958 0.00477514
v 0.02100000 -0.00407292 0.00880348
v 0.02100000 -0.00587019 0.00772210
v 0.01980000 -0.00214970 -0.00976621
v 0.01980000 -0.00000000 -0.01000000
v 0.02070000 -0.00000000 -0.01000000
v 0.02070000 -0.00108119 -0.00994138
v 0.02070000 -0.00214970 -0.00976621
v 0.01980000 -0.00419889 -0.00907575
v 0.02070000 -0.00319302 -0.00947653
v 0.02070000 -0.00419889 -0.00907575
v 0.01980000 -0.00605174 -0.00796093
v 0.02070000 -0.00515554 -0.00856857
v 0.02070000 -0.00605174 -0.00796093
v 0.01980000 -0.00762162 -0.00647386
v 0.02070000 -0.00687699 -0.00725995
v 0.02070000 -0.00762162 -0.00647386
v 0.01980000 -0.00883512 -0.00468408
v 0.02070000 -0.00827689 -0.00561187
v 0.02070000 -0.00883512 -0.00468408
v 0.01980000 -0.00963550 -0.00267528
v 0.02070000 -0.00928977 -0.00370138
v 0.02070000 -0.00963550 -0.00267528
v 0.01980000 -0.00998533 -0.00054139
v 0.02070000 -0.00986826 -0.00161782
v 0.02070000 -0.00998533 -0.00054139
v 0.01980000 -0.00986826 0.00161782
v 0.02070000 -0.00998533 0.00054139
v 0.02070000 -0.00986826 0.00161782
v 0.01980000 -0.00928977 0.00370138
v 0.02070000 -0.00963550 0.00267528
v 0.02070000 -0.00928977 0.00370138
v 0.01980000 -0.00827689 0.00561187
v 0.02070000 -0.00883512 0.00468408
v 0.02070000 -0.00827689 0.00561187
v 0.01980000 -0.00687699 0.00725995
v 0.02070000 -0.00762162 0.00647386
v 0.02070000 -0.00687699 0.00725995
v 0.01980000 -0.00515554 0.00856857
v 0.02070000 -0.00605174 0.00796093
v 0.02070000 -0.00515554 0.00856857
v 0.01980000 -0.00319302 0.00947653
v 0.02070000 -0.00419889 0.00907575
v 0.02070000 -0.00319302 0.00947653
v 0.01980000 -0.00108119 0.00994138
v 0.02070000 -0.00214970 0.00976621
v 0.02070000 -0.00108119 0.00994138
v 0.01980000 0.00108119 0.00994138
v 0.02070000 -0.00000000 0.01000000
v 0.02070000 0.00108119 0.00994138
v 0.02070000 0.00214970 0.00976621
v 0.01980000 0.00319302 0.00947653
v 0.02070000 0.00319302 0.00947653
v 0.02070000 0.00419889 0.00907575
v 0.01980000 0.00515554 0.00856857
v 0.02070000 0.00515554 0.00856857
v 0.01980000 0.00687699 0.00725995
v 0.02070000 0.00605174 0.00796093
v 0.02070000 0.00687699 0.00725995
v 0.02070000 0.00762162 0.00647386
v 0.01980000 0.00827689 0.00561187
v 0.02070000 0.00827689 0.00561187
v 0.01980000 0.00928977 0.00370138
v 0.02070000 0.00883512 0.00468408
v 0.02070000 0.00928977 0.00370138
v 0.01980000 0.00986826 0.00161782
v 0.02070000 0.00963550 0.00267528
v 0.02070000 0.00986826 0.00161782
v 0.01980000 0.00998533 -0.00054139
v 0.02070000 0.00998533 0.00054139
v 0.02070000 0.00998533 -0.00054139
v 0.01980000 0.00963550 -0.00267528
v 0.02070000 0.00986826 -0.00161782
v 0.02070000 0.00963550 -0.00267528
v 0.01980000 0.00883512 -0.00468408
v 0.02070000 0.00928977 -0.00370138
v 0.02070000 0.00883512 -0.00468408
v 0.01980000 0.00762162 -0.00647386
v 0.02070000 0.00827689 -0.00561187
v 0.02070000 0.00762162 -0.00647386
v 0.01980000 0.00605174 -0.00796093
v 0.02070000 0.00687699 -0.00725995
v 0.02070000 0.00605174 -0.00796093
v 0.01980000 0.00419889 -0.00907575
v 0.02070000 0.00515554 -0.00856857
v 0.02070000 0.00419889 -0.00907575
v 0.01980000 0.00214970 -0.00976621
v 0.02070000 0.00319302 -0.00947653
v 0.02070000 0.00214970 -0.00976621
v 0.02070000 0.00108119 -0.00994138
v 0.01950000 -0.00309722 0.00919224
v 0.01950000 -0.00329521 0.00728983
v 0.01950000 -0.00500087 0.00831151
v 0.01950000 -0.00447980 0.00662808
v 0.01950000 -0.00667068 0.00704216
v 0.01950000 -0.00553551 0.00577565
v 0.01950000 -0.00802858 0.00544351
v 0.01950000 -0.00643198 0.00475707
v 0.01950000 -0.00901107 0.00359034
v 0.01950000 -0.00714341 0.00360163
v 0.01950000 -0.00764933 0.00234258
v 0.01950000 -0.00957222 0.00156929
v 0.01950000 -0.00793520 0.00101614
v 0.01950000 -0.00968577 -0.00052515
v 0.01950000 -0.00799279 -0.00033953
v 0.01950000 -0.00934644 -0.00259502
v 0.01950000 -0.00782044 -0.00168543
v 0.01950000 -0.00857007 -0.00454356
v 0.01950000 -0.00742311 -0.00298285
v 0.01950000 -0.00681223 -0.00419446
v 0.01950000 -0.00739297 -0.00627965
v 0.01950000 -0.00600538 -0.00528540
v 0.01950000 -0.00587019 -0.00772210
v 0.01950000 -0.00502576 -0.00622429
v 0.01950000 -0.00407292 -0.00880348
v 0.01950000 0.00309722 0.00919224
v 0.01950000 0.00201582 0.00774186
v 0.01950000 0.00104875 0.00964314
v 0.01950000 0.00067845 0.00797118
v 0.01950000 -0.00104875 0.00964314
v 0.01950000 -0.00067845 0.00797118
v 0.01950000 -0.00201582 0.00774186
v 0.01950000 0.00407292 -0.00880348
v 0.01950000 0.00390156 -0.00698411
v 0.01950000 0.00587019 -0.00772210
v 0.01950000 0.00502576 -0.00622429
v 0.01950000 0.00739297 -0.00627965
v 0.01950000 0.00600538 -0.00528540
v 0.01950000 0.00857007 -0.00454356
v 0.01950000 0.00681223 -0.00419446
v 0.01950000 0.00742311 -0.00298285
v 0.01950000 0.00934644 -0.00259502
v 0.01950000 0.00782044 -0.00168543
v 0.01950000 0.00968577 -0.00052515
v 0.01950000 0.00799279 -0.00033953
v 0.01950000 0.00957222 0.00156929
v 0.01950000 0.00793520 0.00101614
v 0.01950000 0.00901107 0.00359034
v 0.01950000 -0.00390156 -0.00698411
v 0.01950000 -0.00266512 -0.00754302
v 0.01950000 -0.00208521 -0.00947322
v 0.01950000 -0.00135201 -0.00788493
v 0.01950000 -0.00000000 -0.00970000
v 0.01950000 -0.00000000 -0.00800000
v 0.01950000 0.00208521 -0.00947322
v 0.01950000 0.00135201 -0.00788493
v 0.01950000 0.00266512 -0.00754302
v 0.01950000 0.00764933 0.00234258
v 0.01950000 0.00714341 0.00360163
v 0.01950000 0.00802858 0.00544351
v 0.01950000 0.00643198 0.00475707
v 0.01950000 0.00667068 0.00704216
v 0.01950000 0.00553551 0.00577565
v 0.01950000 0.00500087 0.00831151
v 0.01950000 0.00447980 0.00662808
v 0.01950000 0.00329521 0.00728983
v -0.00621264 -0.01000000 0.00550392
v -0.00825197 -0.01000000 0.00599541
v -0.00734928 -0.01000000 0.00385720
v -0.00931816 -0.01000000 0.00414871
v -0.00805882 -0.01000000 0.00198632
v -0.00997711 -0.01000000 0.00212070
v -0.00830000 -0.01000000 -0.00000000
v -0.01020000 -0.01000000 -0.00000000
v -0.00805882 -0.01000000 -0.00198632
v -0.00997711 -0.01000000 -0.00212070
v -0.00734928 -0.01000000 -0.00385720
v -0.00931816 -0.01000000 -0.00414871
v -0.00621264 -0.01000000 -0.00550392
v 0.00621264 -0.01000000 0.00550392
v 0.00682513 -0.01000000 0.00758008
v 0.00471494 -0.01000000 0.00683077
v 0.00510000 -0.01000000 0.00883346
v 0.00294322 -0.01000000 0.00776063
v 0.00315197 -0.01000000 0.00970078
v 0.00100045 -0.01000000 0.00823948
v 0.00106619 -0.01000000 0.01014412
v -0.00100045 -0.01000000 0.00823948
v -0.00106619 -0.01000000 0.01014412
v -0.00294322 -0.01000000 0.00776063
v -0.00315197 -0.01000000 0.00970078
v -0.00471494 -0.01000000 0.00683077
v -0.00510000 -0.01000000 0.00883346
v -0.00682513 -0.01000000 0.00758008
v 0.00621264 -0.01000000 -0.00550392
v 0.00825197 -0.01000000 -0.00599541
v 0.00734928 -0.01000000 -0.00385720
v 0.00931816 -0.01000000 -0.00414871
v 0.00805882 -0.01000000 -0.00198632
v 0.00997711 -0.01000000 -0.00212070
v 0.00830000 -0.01000000 -0.00000000
v 0.01020000 -0.01000000 -0.00000000
v 0.00805882 -0.01000000 0.00198632
v 0.00997711 -0.01000000 0.00212070
v 0.00734928 -0.01000000 0.00385720
v 0.00931816 -0.01000000 0.00414871
v 0.00825197 -0.01000000 0.00599541
v -0.00825197 -0.01000000 -0.00599541
v -0.00682513 -0.01000000 -0.00758008
v -0.00471494 -0.01000000 -0.00683077
v -0.00510000 -0.01000000 -0.00883346
v -0.00294322 -0.01000000 -0.00776063
v -0.00315197 -0.01000000 -0.00970078
v -0.00100045 -0.01000000 -0.00823948
v -0.00106619 -0.01000000 -0.01014412
v 0.00100045 -0.01000000 -0.00823948
v 0.00106619 -0.01000000 -0.01014412
v 0.00294322 -0.01000000 -0.00776063
v 0.00315197 -0.01000000 -0.00970078
v 0.00471494 -0.01000000 -0.00683077
v 0.00510000 -0.01000000 -0.00883346
v 0.00682513 -0.01000000 -0.00758008
v 0.00621264 0.01000000 0.00550392
v 0.00825197 0.01000000 0.00599541
v 0.00734928 0.01000000 0.00385720
v 0.00931816 0.01000000 0.00414871
v 0.00805882 0.01000000 0.00198632
v 0.00997711 0.01000000 0.00212070
v 0.00830000 0.01000000 -0.00000000
v 0.01020000 0.01000000 -0.00000000
v 0.00805882 0.01000000 -0.00198632
v 0.00997711 0.01000000 -0.00212070
v 0.00734928 0.01000000 -0.00385720
v 0.00931816 0.01000000 -0.00414871
v 0.00621264 0.01000000 -0.00550392
v 0.00825197 0.01000000 -0.00599541
v 0.00682513 0.01000000 -0.00758008
v 0.00471494 0.01000000 -0.00683077
v 0.00510000 0.01000000 -0.00883346
v 0.00294322 0.01000000 -0.00776063
v 0.00315197 0.01000000 -0.00970078
v 0.00100045 0.01000000 -0.00823948
v 0.00106619 0.01000000 -0.01014412
v -0.00100045 0.01000000 -0.00823948
v -0.00106619 0.01000000 -0.01014412
v -0.00294322 0.01000000 -0.00776063
v -0.00315197 0.01000000 -0.00970078
v -0.00471494 0.01000000 -0.00683077
v -0.00510000 0.01000000 -0.00883346
v -0.00621264 0.01000000 -0.00550392
v -0.00621264 0.01000000 0.00550392
v -0.00682513 0.01000000 0.00758008
v -0.00471494 0.01000000 0.00683077
v -0.00510000 0.01000000 0.00883346
v -0.00294322 0.01000000 0.00776063
v -0.00315197 0.01000000 0.00970078
v -0.00100045 0.01000000 0.00823948
v -0.00106619 0.01000000 0.01014412
v 0.00100045 0.01000000 0.00823948
v 0.00106619 0.01000000 0.01014412
v 0.00294322 0.01000000 0.00776063
v 0.00315197 0.01000000 0.00970078
v 0.00471494 0.01000000 0.00683077
v 0.00510000 0.01000000 0.00883346
v 0.00682513 0.01000000 0.00758008
v -0.00682513 0.01000000 -0.00758008
v -0.00825197 0.01000000 -0.00599541
v -0.00734928 0.01000000 -0.00385720
v -0.00931816 0.01000000 -0.00414871
v -0.00805882 0.01000000 -0.00198632
v -0.00997711 0.01000000 -0.00212070
v -0.00830000 0.01000000 -0.00000000
v -0.01020000 0.01000000 -0.00000000
v -0.00805882 0.01000000 0.00198632
v -0.00997711 0.01000000 0.00212070
v -0.00734928 0.01000000 0.00385720
v -0.00931816 0.01000000 0.00414871
v -0.00825197 0.01000000 0.00599541
v -0.00702587 -0.00970000 -0.00780302
v -0.00809229 -0.00419020 -0.00669065
v -0.00783642 -0.00343244 -0.00698860
v -0.00767881 -0.00288374 -0.00716141
v -0.00751050 -0.00216628 -0.00733774
v -0.00738735 -0.00144659 -0.00746170
v -0.00735227 -0.00116612 -0.00749627
v -0.00729795 -0.00048160 -0.00754917
v -0.00728673 -0.00000000 -0.00756000
v -0.00728875 0.00020452 -0.00755805
v -0.00702587 0.00970000 -0.00780302
v -0.00732559 0.00089714 -0.00752235
v -0.00733927 0.00104359 -0.00750900
v -0.00743182 0.00173968 -0.00741742
v -0.00756750 0.00243121 -0.00727894
v -0.00774313 0.00311795 -0.00709183
v -0.00849468 -0.00970000 -0.00617175
v -0.00917182 -0.00663105 -0.00511153
v -0.00888108 -0.00604420 -0.00560146
v -0.00867860 -0.00561188 -0.00591033
v -0.00849087 -0.00518896 -0.00617698
v -0.00837664 -0.00491879 -0.00633103
v -0.01036395 -0.00877365 -0.00168482
v -0.01027024 -0.00861607 -0.00218453
v -0.01027055 -0.00970000 -0.00218307
v -0.01024385 -0.00857144 -0.00230510
v -0.00959223 -0.00970000 -0.00427073
v -0.01008876 -0.00830666 -0.00290978
v -0.00990022 -0.00797868 -0.00349794
v -0.00969883 -0.00762006 -0.00402277
v -0.00959036 -0.00742294 -0.00427492
v -0.00944621 -0.00715619 -0.00458466
v -0.01050000 -0.00900000 0.00000015
v -0.01049880 -0.00899802 -0.00015854
v -0.01050000 -0.00970000 -0.00000000
v -0.01047025 -0.00895075 -0.00078981
v -0.01040345 -0.00883967 -0.00142061
v -0.01028669 -0.00864385 0.00210569
v -0.01039519 -0.00882587 0.00147991
v -0.01027055 -0.00970000 0.00218307
v -0.01046619 -0.00894402 0.00084191
v -0.01048941 -0.00898249 0.00047142
v -0.00969254 -0.00760872 0.00403790
v -0.00991876 -0.00801124 0.00344503
v -0.00959223 -0.00970000 0.00427073
v -0.01011249 -0.00834744 0.00282623
v -0.01014142 -0.00839704 0.00272058
v -0.00883336 -0.00594427 0.00567642
v -0.00913611 -0.00656083 0.00517508
v -0.00849468 -0.00970000 0.00617175
v -0.00942540 -0.00711718 0.00462730
v -0.00959022 -0.00742268 0.00427525
v -0.00849468 0.00970000 0.00617175
v -0.00852032 0.00525694 0.00613629
v -0.00702587 0.00970000 0.00780302
v -0.00822733 0.00454763 0.00652389
v -0.00796029 0.00381508 0.00684717
v -0.00772782 0.00306368 0.00710850
v -0.00761061 0.00261500 0.00723385
v -0.00746050 0.00190573 0.00738857
v -0.00735593 0.00119839 0.00749268
v -0.00729819 0.00048683 0.00754893
v -0.00728679 0.00003474 0.00755994
v -0.00730709 -0.00064894 0.00754032
v -0.00737230 -0.00133332 0.00747658
v -0.00702587 -0.00970000 0.00780302
v -0.00748128 -0.00201790 0.00736753
v -0.00754124 -0.00231269 0.00730614
v -0.00771762 -0.00302699 0.00711958
v -0.00793050 -0.00372610 0.00688166
v -0.00817361 -0.00440823 0.00659106
v -0.00844016 -0.00507036 0.00624609
v -0.00852724 -0.00527281 0.00612668
v -0.00940472 0.00707831 0.00466918
v -0.00912041 0.00652979 0.00520270
v -0.00882305 0.00592252 0.00569244
v -0.01036715 0.00877902 0.00166499
v -0.01027029 0.00861617 0.00218427
v -0.01027055 0.00970000 0.00218307
v -0.00959223 0.00970000 0.00427073
v -0.01017005 0.00844597 0.00261151
v -0.00999484 0.00814415 0.00321763
v -0.00978789 0.00777978 0.00380095
v -0.00959130 0.00742467 0.00427281
v -0.01049934 0.00899891 -0.00011746
v -0.01050000 0.00900000 0.00000009
v -0.01050000 0.00970000 -0.00000000
v -0.01049178 0.00898641 0.00041535
v -0.01044809 0.00891397 0.00104278
v -0.01030593 0.00867626 -0.00200944
v -0.01040802 0.00884729 -0.00138677
v -0.01027055 0.00970000 -0.00218307
v -0.01047271 0.00895481 -0.00075661
v -0.01050000 0.00970000 -0.00000000
v -0.00968704 0.00759878 -0.00405108
v -0.00992116 0.00801545 -0.00343812
v -0.00959223 0.00970000 -0.00427073
v -0.01011136 0.00834549 -0.00283028
v -0.01026655 0.00860984 -0.00220181
v -0.00878852 0.00584930 -0.00574560
v -0.00883600 0.00594983 -0.00567231
v -0.00849468 0.00970000 -0.00617175
v -0.00795705 0.00380548 -0.00685094
v -0.00821539 0.00451695 -0.00653891
v -0.00849528 0.00519917 -0.00617092
v -0.00913787 0.00656428 -0.00517198
v -0.00942379 0.00711417 -0.00463057
v -0.00959031 0.00742284 -0.00427505
v 0.00702587 0.00970000 -0.00780302
v 0.00809229 0.00419020 -0.00669065
v 0.00783642 0.00343244 -0.00698860
v 0.00767881 0.00288374 -0.00716141
v 0.00751050 0.00216628 -0.00733774
v 0.00738735 0.00144659 -0.00746170
v 0.00735227 0.00116612 -0.00749627
v 0.00729795 0.00048160 -0.00754917
v 0.00728673 -0.00000000 -0.00756000
v 0.00728875 -0.00020452 -0.00755805
v 0.00732559 -0.00089714 -0.00752235
v 0.00702587 -0.00970000 -0.00780302
v 0.00733927 -0.00104359 -0.00750900
v 0.00743182 -0.00173968 -0.00741742
v 0.00756750 -0.00243121 -0.00727894
v 0.00774313 -0.00311795 -0.00709183
v 0.00849468 0.00970000 -0.00617175
v 0.00917182 0.00663105 -0.00511153
v 0.00888108 0.00604420 -0.00560146
v 0.00867860 0.00561188 -0.00591033
v 0.00849087 0.00518896 -0.00617698
v 0.00837664 0.00491879 -0.00633103
v 0.01036395 0.00877365 -0.00168482
v 0.01027024 0.00861607 -0.00218453
v 0.01027055 0.00970000 -0.00218307
v 0.01024385 0.00857144 -0.00230510
v 0.00959223 0.00970000 -0.00427073
v 0.01008876 0.00830666 -0.00290978
v 0.00990022 0.00797868 -0.00349794
v 0.00969883 0.00762006 -0.00402277
v 0.00959036 0.00742294 -0.00427492
v 0.00944621 0.00715619 -0.00458466
v 0.01050000 0.00900000 0.00000015
v 0.01049880 0.00899802 -0.00015854
v 0.01050000 0.00970000 -0.00000000
v 0.01047025 0.00895075 -0.00078981
v 0.01040345 0.00883967 -0.00142061
v 0.01028669 0.00864385 0.00210569
v 0.01039519 0.00882587 0.00147991
v 0.01027055 0.00970000 0.00218307
v 0.01046619 0.00894402 0.00084191
v 0.01048941 0.00898249 0.00047142
v 0.00969254 0.00760872 0.00403790
v 0.00991876 0.00801124 0.00344503
v 0.00959223 0.00970000 0.00427073
v 0.01011249 0.00834744 0.00282623
v 0.01014142 0.00839704 0.00272058
v 0.00883336 0.00594427 0.00567642
v 0.00913611 0.00656083 0.00517508
v 0.00849468 0.00970000 0.00617175
v 0.00942540 0.00711718 0.00462730
v 0.00959022 0.00742268 0.00427525
v 0.00849468 -0.00970000 0.00617175
v 0.00852032 -0.00525694 0.00613629
v 0.00702587 -0.00970000 0.00780302
v 0.00822733 -0.00454763 0.00652389
v 0.00796029 -0.00381508 0.00684717
v 0.00772782 -0.00306368 0.00710850
v 0.00761061 -0.00261500 0.00723385
v 0.00746050 -0.00190573 0.00738857
v 0.00735593 -0.00119839 0.00749268
v 0.00729819 -0.00048683 0.00754893
v 0.00728679 -0.00003474 0.00755994
v 0.00730709 0.00064894 0.00754032
v 0.00702587 0.00970000 0.00780302
v 0.00737230 0.00133332 0.00747658
v 0.00748128 0.00201790 0.00736753
v 0.00754124 0.00231269 0.00730614
v 0.00771762 0.00302699 0.00711958
v 0.00793050 0.00372610 0.00688166
v 0.00817361 0.00440823 0.00659106
v 0.00844016 0.00507036 0.00624609
v 0.00852724 0.00527281 0.00612668
v 0.00940472 -0.00707831 0.00466918
v 0.00912041 -0.00652979 0.00520270
v 0.00882305 -0.00592252 0.00569244
v 0.01036715 -0.00877902 0.00166499
v 0.01027029 -0.00861617 0.00218427
v 0.01027055 -0.00970000 0.00218307
v 0.00959223 -0.00970000 0.00427073
v 0.01017005 -0.00844597 0.00261151
v 0.00999484 -0.00814415 0.00321763
v 0.00978789 -0.00777978 0.00380095
v 0.00959130 -0.00742467 0.00427281
v 0.00955207 -0.00735263 0.00435982
v 0.01049934 -0.00899891 -0.00011746
v 0.01050000 -0.00900000 0.00000009
v 0.01050000 -0.00970000 -0.00000000
v 0.01049178 -0.00898641 0.00041535
v 0.01044809 -0.00891397 0.00104278
v 0.01030593 -0.00867626 -0.00200944
v 0.01040802 -0.00884729 -0.00138677
v 0.01027055 -0.00970000 -0.00218307
v 0.01047271 -0.00895481 -0.00075661
v 0.00968704 -0.00759878 -0.00405108
v 0.00992116 -0.00801545 -0.00343812
v 0.00959223 -0.00970000 -0.00427073
v 0.01011136 -0.00834549 -0.00283028
v 0.01026655 -0.00860984 -0.00220181
v 0.00878852 -0.00584930 -0.00574560
v 0.00883600 -0.00594983 -0.00567231
v 0.00849468 -0.00970000 -0.00617175
v 0.00795705 -0.00380548 -0.00685094
v 0.00821539 -0.00451695 -0.00653891
v 0.00849528 -0.00519917 -0.00617092
v 0.00913787 -0.00656428 -0.00517198
v 0.00942379 -0.00711417 -0.00463057
v 0.00959031 -0.00742284 -0.00427505
v 0.00525000 0.00970000 0.00909327
v 0.00525000 -0.00970000 0.00909327
v 0.00324468 0.00970000 0.00998609
v 0.00324468 -0.00970000 0.00998609
v 0.00109755 0.00970000 0.01044248
v 0.00109755 -0.00970000 0.01044248
v -0.00109755 0.00970000 0.01044248
v -0.00109755 -0.00970000 0.01044248
v -0.00324468 0.00970000 0.00998609
v -0.00324468 -0.00970000 0.00998609
v -0.00525000 0.00970000 0.00909327
v -0.00525000 -0.00970000 0.00909327
v -0.00525000 0.00970000 -0.00909327
v -0.00525000 -0.00970000 -0.00909327
v -0.00324468 0.00970000 -0.00998609
v -0.00324468 -0.00970000 -0.00998609
v -0.00109755 0.00970000 -0.01044248
v -0.00109755 -0.00970000 -0.01044248
v 0.00109755 0.00970000 -0.01044248
v 0.00109755 -0.00970000 -0.01044248
v 0.00324468 0.00970000 -0.00998609
v 0.00324468 -0.00970000 -0.00998609
v 0.00525000 0.00970000 -0.00909327
v 0.00525000 -0.00970000 -0.00909327
v -0.02100000 -0.00516712 -0.00117936
v -0.02100000 -0.00968577 -0.00052515
v -0.02100000 -0.00528518 0.00039607
v -0.02100000 -0.00957222 0.00156929
v -0.02100000 -0.00493363 0.00193631
v -0.02100000 -0.00901107 0.00359034
v -0.02100000 -0.00414371 0.00330450
v -0.02100000 -0.00156220 0.00506454
v -0.02100000 -0.00104875 0.00964314
v -0.02100000 -0.00000000 0.00530000
v -0.02100000 0.00104875 0.00964314
v -0.02100000 0.00156220 0.00506454
v -0.02100000 0.00309722 0.00919224
v -0.02100000 0.00298560 0.00437907
v -0.02100000 -0.00802858 0.00544351
v -0.02100000 -0.00667068 0.00704216
v -0.02100000 -0.00298560 0.00437907
v -0.02100000 -0.00500087 0.00831151
v -0.02100000 -0.00309722 0.00919224
v -0.02100000 0.00528518 0.00039607
v -0.02100000 0.00968577 -0.00052515
v -0.02100000 0.00516712 -0.00117936
v -0.02100000 0.00934644 -0.00259502
v -0.02100000 0.00458993 -0.00265000
v -0.02100000 0.00500087 0.00831151
v -0.02100000 0.00667068 0.00704216
v -0.02100000 0.00414371 0.00330450
v -0.02100000 0.00802858 0.00544351
v -0.02100000 0.00493363 0.00193631
v -0.02100000 0.00901107 0.00359034
v -0.02100000 0.00957222 0.00156929
v -0.02100000 -0.00360492 -0.00388517
v -0.02100000 -0.00739297 -0.00627965
v -0.02100000 -0.00458993 -0.00265000
v -0.02100000 -0.00857007 -0.00454356
v -0.02100000 -0.00934644 -0.00259502
v -0.02100000 0.00857007 -0.00454356
v -0.02100000 0.00739297 -0.00627965
v -0.02100000 0.00360492 -0.00388517
v -0.02100000 0.00587019 -0.00772210
v -0.02100000 0.00229958 -0.00477514
v -0.02100000 0.00407292 -0.00880348
v -0.02100000 0.00078992 -0.00524080
v -0.02100000 0.00208521 -0.00947322
v -0.02100000 -0.00000000 -0.00530000
v -0.02100000 -0.00000000 -0.00970000
v -0.02100000 -0.00078992 -0.00524080
v -0.02100000 -0.00208521 -0.00947322
v -0.02100000 -0.00229958 -0.00477514
v -0.02100000 -0.00407292 -0.00880348
v -0.02100000 -0.00587019 -0.00772210
v -0.02070000 -0.00216942 -0.00450484
v -0.02070000 -0.00281660 -0.00413119
v -0.01405099 -0.00170159 -0.00470155
v -0.02070000 -0.00340086 0.00366526
v -0.02070000 -0.00390916 0.00311745
v -0.00759916 -0.00432981 0.00250055
v -0.02070000 -0.00433013 0.00250000
v -0.02070000 -0.00281660 0.00413119
v -0.02070000 -0.00074521 0.00494415
v -0.01485598 -0.00074521 0.00494415
v -0.02070000 -0.00147378 0.00477786
v -0.01449702 -0.00132625 0.00482090
v -0.02070000 -0.00216942 0.00450484
v -0.01413739 -0.00164510 0.00472162
v -0.01370921 -0.00187003 0.00463713
v -0.01324280 -0.00198521 0.00458900
v -0.01275893 -0.00198542 0.00458891
v -0.01228860 -0.00186920 0.00463747
v -0.01186387 -0.00164597 0.00472131
v -0.01150316 -0.00132644 0.00482084
v -0.01122951 -0.00093025 0.00491270
v -0.01114402 -0.00074521 0.00494415
v -0.01100000 -0.00000000 0.00500000
v -0.01103666 -0.00038119 0.00498545
v -0.01228786 0.00186892 0.00463758
v -0.01275893 0.00198542 0.00458891
v -0.01122909 0.00092945 0.00491285
v -0.01150386 0.00132724 0.00482063
v -0.01186387 0.00164597 0.00472131
v -0.01103641 0.00037988 0.00498555
v -0.01114647 0.00075129 0.00494323
v -0.02070000 0.00216942 0.00450484
v -0.01324237 0.00198526 0.00458898
v -0.01370921 0.00187003 0.00463713
v -0.01413713 0.00164528 0.00472155
v -0.01449702 0.00132625 0.00482090
v -0.02070000 0.00147378 0.00477786
v -0.02070000 0.00074521 0.00494415
v -0.02070000 0.00281660 0.00413119
v -0.02070000 0.00340086 0.00366526
v -0.00799123 0.00498595 -0.00037451
v -0.02070000 0.00498602 0.00037365
v -0.02070000 0.00487464 0.00111260
v -0.02070000 0.00465437 0.00182671
v -0.02070000 0.00433013 0.00250000
v -0.02070000 0.00390916 0.00311745
v -0.02070000 0.00498602 -0.00037365
v -0.02070000 0.00487464 -0.00111260
v -0.00793954 0.00490268 -0.00098172
v -0.02070000 0.00465437 -0.00182671
v -0.00778849 0.00465409 -0.00182741
v -0.02070000 0.00433013 -0.00250000
v -0.00776753 0.00461894 -0.00191453
v -0.02070000 0.00390916 -0.00311745
v -0.00762450 0.00437413 -0.00242219
v -0.00736729 0.00390857 -0.00311818
v -0.02070000 0.00340086 -0.00366526
v -0.00708365 0.00334336 -0.00371779
v -0.02070000 0.00281660 -0.00413119
v -0.00685100 0.00281713 -0.00413083
v -0.01324190 0.00198532 -0.00458896
v -0.01275893 0.00198542 -0.00458891
v -0.01228904 0.00186937 -0.00463740
v -0.01186387 0.00164597 -0.00472131
v -0.00677590 0.00262923 -0.00425290
v -0.01164797 0.00147378 -0.00477786
v -0.00653720 0.00193260 -0.00461141
v -0.00641685 0.00147509 -0.00477746
v -0.01122909 0.00092945 -0.00491285
v -0.01105881 0.00048144 -0.00497677
v -0.00624500 -0.00000042 -0.00500000
v -0.00624582 0.00010136 -0.00499897
v -0.01100000 -0.00000000 -0.00500000
v -0.00627905 0.00065305 -0.00495717
v -0.00637187 0.00126519 -0.00483728
v -0.00630386 -0.00085947 -0.00492558
v -0.01105860 -0.00048059 -0.00497685
v -0.00641668 -0.00147436 -0.00477768
v -0.01186387 -0.00164597 -0.00472131
v -0.01228956 -0.00186956 -0.00463732
v -0.00685087 -0.00281682 -0.00413104
v -0.01122909 -0.00092945 -0.00491285
v -0.01164797 -0.00147378 -0.00477786
v -0.00657171 -0.00204630 -0.00456209
v -0.01275893 -0.00198542 -0.00458891
v -0.01324153 -0.00198536 -0.00458894
v -0.01370921 -0.00187003 -0.00463713
v -0.02070000 -0.00390916 -0.00311745
v -0.00736724 -0.00390848 -0.00311830
v -0.02070000 -0.00340086 -0.00366526
v -0.00727588 -0.00373342 -0.00332590
v -0.00708365 -0.00334336 -0.00371779
v -0.00762443 -0.00437400 0.00242242
v -0.02070000 -0.00465437 0.00182671
v -0.02070000 -0.00487464 0.00111260
v -0.02070000 -0.00498602 0.00037365
v -0.02070000 -0.00498602 -0.00037365
v -0.00799123 -0.00498595 -0.00037452
v -0.02070000 -0.00487464 -0.00111260
v -0.00793922 -0.00490216 -0.00098428
v -0.02070000 -0.00465437 -0.00182671
v -0.00778849 -0.00465409 -0.00182741
v -0.02070000 -0.00433013 -0.00250000
v -0.00754355 -0.00423144 -0.00266362
v -0.01485598 0.00074521 0.00494415
v -0.01494188 0.00047863 0.00497704
v -0.02070000 -0.00000000 0.00500000
v -0.01500000 0.00000024 0.00500000
v -0.01494188 -0.00047863 0.00497704
v -0.02070000 -0.00147378 -0.00477786
v -0.01433626 -0.00148809 -0.00477343
v -0.01449702 -0.00132625 -0.00482090
v -0.01476957 -0.00093199 -0.00491237
v -0.01494188 -0.00047863 -0.00497704
v -0.02070000 -0.00074521 -0.00494415
v -0.01500000 -0.00000000 -0.00500000
v -0.01476992 0.00093133 -0.00491250
v -0.02070000 0.00147378 -0.00477786
v -0.01494188 0.00047863 -0.00497704
v -0.02070000 0.00074521 -0.00494415
v -0.02070000 -0.00000000 -0.00500000
v -0.01449670 0.00132661 -0.00482080
v -0.01435203 0.00147378 -0.00477786
v -0.02070000 0.00216942 -0.00450484
v -0.01404942 0.00170256 -0.00470120
v -0.01370921 0.00187003 -0.00463713
v -0.02070000 -0.00214970 -0.00976621
v -0.02070000 -0.00000000 -0.01000000
v -0.01980000 -0.00000000 -0.01000000
v -0.01980000 -0.00108119 -0.00994138
v -0.01980000 -0.00214970 -0.00976621
v -0.02070000 -0.00419889 -0.00907575
v -0.01980000 -0.00319302 -0.00947653
v -0.01980000 -0.00419889 -0.00907575
v -0.02070000 -0.00605174 -0.00796093
v -0.01980000 -0.00515554 -0.00856857
v -0.01980000 -0.00605174 -0.00796093
v -0.02070000 -0.00762162 -0.00647386
v -0.01980000 -0.00687699 -0.00725995
v -0.01980000 -0.00762162 -0.00647386
v -0.02070000 -0.00883512 -0.00468408
v -0.01980000 -0.00827689 -0.00561187
v -0.01980000 -0.00883512 -0.00468408
v -0.02070000 -0.00963550 -0.00267528
v -0.01980000 -0.00928977 -0.00370138
v -0.01980000 -0.00963550 -0.00267528
v -0.02070000 -0.00998533 -0.00054139
v -0.01980000 -0.00986826 -0.00161782
v -0.01980000 -0.00998533 -0.00054139
v -0.02070000 -0.00986826 0.00161782
v -0.01980000 -0.00998533 0.00054139
v -0.01980000 -0.00986826 0.00161782
v -0.02070000 -0.00928977 0.00370138
v -0.01980000 -0.00963550 0.00267528
v -0.01980000 -0.00928977 0.00370138
v -0.02070000 -0.00827689 0.00561187
v -0.01980000 -0.00883512 0.00468408
v -0.01980000 -0.00827689 0.00561187
v -0.02070000 -0.00687699 0.00725995
v -0.01980000 -0.00762162 0.00647386
v -0.01980000 -0.00687699 0.00725995
v -0.02070000 -0.00515554 0.00856857
v -0.01980000 -0.00605174 0.00796093
v -0.01980000 -0.00515554 0.00856857
v -0.02070000 -0.00319302 0.00947653
v -0.01980000 -0.00419889 0.00907575
v -0.01980000 -0.00319302 0.00947653
v -0.02070000 -0.00108119 0.00994138
v -0.01980000 -0.00214970 0.00976621
v -0.01980000 -0.00108119 0.00994138
v -0.02070000 0.00108119 0.00994138
v -0.01980000 -0.00000000 0.01000000
v -0.01980000 0.00108119 0.00994138
v -0.02070000 0.00319302 0.00947653
v -0.01980000 0.00214970 0.00976621
v -0.01980000 0.00319302 0.00947653
v -0.02070000 0.00515554 0.00856857
v -0.01980000 0.00419889 0.00907575
v -0.01980000 0.00515554 0.00856857
v -0.01980000 0.00605174 0.00796093
v -0.02070000 0.00687699 0.00725995
v -0.01980000 0.00687699 0.00725995
v -0.02070000 0.00827689 0.00561187
v -0.01980000 0.00762162 0.00647386
v -0.01980000 0.00827689 0.00561187
v -0.02070000 0.00928977 0.00370138
v -0.01980000 0.00883512 0.00468408
v -0.01980000 0.00928977 0.00370138
v -0.02070000 0.00986826 0.00161782
v -0.01980000 0.00963550 0.00267528
v -0.01980000 0.00986826 0.00161782
v -0.02070000 0.00998533 -0.00054139
v -0.01980000 0.00998533 0.00054139
v -0.01980000 0.00998533 -0.00054139
v -0.02070000 0.00963550 -0.00267528
v -0.01980000 0.00986826 -0.00161782
v -0.01980000 0.00963550 -0.00267528
v -0.02070000 0.00883512 -0.00468408
v -0.01980000 0.00928977 -0.00370138
v -0.01980000 0.00883512 -0.00468408
v -0.02070000 0.00762162 -0.00647386
v -0.01980000 0.00827689 -0.00561187
v -0.01980000 0.00762162 -0.00647386
v -0.02070000 0.00605174 -0.00796093
v -0.01980000 0.00687699 -0.00725995
v -0.01980000 0.00605174 -0.00796093
v -0.02070000 0.00419889 -0.00907575
v -0.01980000 0.00515554 -0.00856857
v -0.01980000 0.00419889 -0.00907575
v -0.02070000 0.00214970 -0.00976621
v -0.01980000 0.00319302 -0.00947653
v -0.01980000 0.00214970 -0.00976621
v -0.01980000 0.00108119 -0.00994138
v -0.01950000 -0.00309722 -0.00919224
v -0.01950000 -0.00329521 -0.00728983
v -0.01950000 -0.00500087 -0.00831151
v -0.01950000 -0.00447980 -0.00662808
v -0.01950000 -0.00667068 -0.00704216
v -0.01950000 -0.00553551 -0.00577565
v -0.01950000 -0.00802858 -0.00544351
v -0.01950000 -0.00643198 -0.00475707
v -0.01950000 -0.00901107 -0.00359034
v -0.01950000 -0.00714341 -0.00360163
v -0.01950000 -0.00764933 -0.00234258
v -0.01950000 -0.00957222 -0.00156929
v -0.01950000 -0.00793520 -0.00101614
v -0.01950000 -0.00968577 0.00052515
v -0.01950000 -0.00799279 0.00033953
v -0.01950000 -0.00934644 0.00259502
v -0.01950000 -0.00782044 0.00168543
v -0.01950000 -0.00857007 0.00454356
v -0.01950000 0.00309722 -0.00919224
v -0.01950000 0.00201582 -0.00774186
v -0.01950000 0.00104875 -0.00964314
v -0.01950000 0.00067845 -0.00797118
v -0.01950000 -0.00104875 -0.00964314
v -0.01950000 -0.00067845 -0.00797118
v -0.01950000 -0.00201582 -0.00774186
v -0.01950000 -0.00742311 0.00298285
v -0.01950000 -0.00681223 0.00419446
v -0.01950000 -0.00739297 0.00627965
v -0.01950000 -0.00600538 0.00528540
v -0.01950000 -0.00587019 0.00772210
v -0.01950000 -0.00502576 0.00622429
v -0.01950000 -0.00407292 0.00880348
v -0.01950000 0.00407292 0.00880348
v -0.01950000 0.00390156 0.00698411
v -0.01950000 0.00587019 0.00772210
v -0.01950000 0.00502576 0.00622429
v -0.01950000 0.00739297 0.00627965
v -0.01950000 0.00600538 0.00528540
v -0.01950000 0.00857007 0.00454356
v -0.01950000 0.00681223 0.00419446
v -0.01950000 0.00742311 0.00298285
v -0.01950000 0.00934644 0.00259502
v -0.01950000 0.00782044 0.00168543
v -0.01950000 0.00968577 0.00052515
v -0.01950000 0.00799279 0.00033953
v -0.01950000 0.00957222 -0.00156929
v -0.01950000 0.00793520 -0.00101614
v -0.01950000 0.00901107 -0.00359034
v -0.01950000 -0.00390156 0.00698411
v -0.01950000 -0.00266512 0.00754302
v -0.01950000 -0.00208521 0.00947322
v -0.01950000 -0.00135201 0.00788493
v -0.01950000 -0.00000000 0.00970000
v -0.01950000 -0.00000000 0.00800000
v -0.01950000 0.00208521 0.00947322
v -0.01950000 0.00135201 0.00788493
v -0.01950000 0.00266512 0.00754302
v -0.01950000 0.00764933 -0.00234258
v -0.01950000 0.00714341 -0.00360163
v -0.01950000 0.00802858 -0.00544351
v -0.01950000 0.00643198 -0.00475707
v -0.01950000 0.00667068 -0.00704216
v -0.01950000 0.00553551 -0.00577565
v -0.01950000 0.00500087 -0.00831151
v -0.01950000 0.00447980 -0.00662808
v -0.01950000 0.00329521 -0.00728983
v -0.01004781 -0.00394361 0.00578342
v -0.00977264 -0.00350039 0.00606195
v -0.01850000 -0.00350000 0.00606218
v -0.01087841 0.00510555 -0.00478887
v -0.01075845 0.00494940 -0.00495010
v -0.01850000 0.00494975 -0.00494975
v -0.01186387 0.00164597 -0.00680373
v -0.01215287 0.00181173 -0.00676148
v -0.00898223 0.00181250 -0.00676128
v -0.00873722 0.00081168 -0.00695278
v -0.00872094 0.00069778 -0.00696514
v -0.01105846 0.00048003 -0.00698352
v -0.00867709 0.00015907 -0.00699819
v -0.01100000 -0.00000000 -0.00700000
v -0.00884740 0.00135308 -0.00686798
v -0.01122909 0.00092945 -0.00693802
v -0.01150297 0.00132624 -0.00687322
v -0.01275893 0.00198542 -0.00671253
v -0.00977247 0.00350011 -0.00606212
v -0.00947268 0.00295982 -0.00634346
v -0.00921801 0.00242508 -0.00656651
v -0.01850000 0.00288331 -0.00637860
v -0.01850000 0.00350000 -0.00606218
v -0.01370952 0.00186991 -0.00674562
v -0.01324152 0.00198536 -0.00671255
v -0.01850000 0.00484357 -0.00505369
v -0.01051905 0.00462764 -0.00525214
v -0.01850000 0.00391982 -0.00579957
v -0.01011343 0.00404380 -0.00571381
v -0.01046252 0.00454946 -0.00532000
v -0.01222208 0.00669654 -0.00203871
v -0.01203733 0.00649094 -0.00262063
v -0.01850000 0.00606218 -0.00350000
v -0.01850000 0.00676148 -0.00181173
v -0.01228097 0.00676140 -0.00181205
v -0.01850000 0.00669317 -0.00204976
v -0.01850000 0.00625048 -0.00315143
v -0.01181090 0.00623424 -0.00318344
v -0.01166119 0.00606135 -0.00350144
v -0.01850000 0.00562798 -0.00416243
v -0.01153219 0.00591016 -0.00375100
v -0.01121880 0.00553325 -0.00428756
v -0.01850000 0.00700000 -0.00000000
v -0.01250000 0.00700000 0.00000005
v -0.01249922 0.00699916 -0.00010876
v -0.01850000 0.00694330 -0.00088912
v -0.01246751 0.00696485 -0.00070057
v -0.01239050 0.00688122 -0.00128404
v -0.01850000 0.00676148 0.00181173
v -0.01243820 0.00693309 0.00096553
v -0.01850000 0.00684289 0.00147475
v -0.01249022 0.00698943 0.00038458
v -0.01850000 0.00699369 0.00029709
v -0.01189862 0.00633434 0.00297929
v -0.01210721 0.00656909 0.00241807
v -0.01850000 0.00606218 0.00350000
v -0.01220152 0.00667382 0.00211190
v -0.01850000 0.00649522 0.00261000
v -0.01228077 0.00676117 0.00181288
v -0.01234185 0.00682813 0.00154165
v -0.01085763 0.00507873 0.00481731
v -0.01119609 0.00550536 0.00432332
v -0.01850000 0.00494975 0.00494975
v -0.01850000 0.00596070 0.00367015
v -0.01165225 0.00605094 0.00351939
v -0.01137151 0.00571871 0.00403687
v -0.01850000 0.00525471 0.00462472
v -0.00977259 0.00350030 0.00606201
v -0.01850000 0.00350000 0.00606218
v -0.01014324 0.00408873 0.00568175
v -0.01850000 0.00439754 0.00544625
v -0.01050363 0.00460640 0.00527077
v -0.01075849 0.00494945 0.00495004
v -0.01370921 0.00187003 0.00674559
v -0.01324261 0.00198523 0.00671259
v -0.01275893 0.00198542 0.00671253
v -0.00947654 0.00296728 0.00633997
v -0.01215287 0.00181173 0.00676148
v -0.00919979 0.00238287 0.00658194
v -0.01186387 0.00164597 0.00680373
v -0.00898252 0.00181334 0.00676105
v -0.00906025 0.00203389 0.00669801
v -0.01150356 0.00132690 0.00687309
v -0.01122909 0.00092945 0.00693802
v -0.00888154 0.00148223 0.00684127
v -0.01105834 0.00047955 0.00698355
v -0.00875706 0.00093208 0.00693767
v -0.00868833 0.00037865 0.00698975
v -0.01100000 -0.00000000 0.00700000
v -0.00867475 0.00002702 0.00699995
v -0.01105817 -0.00047886 0.00698360
v -0.00869891 -0.00050473 0.00698178
v -0.01122909 -0.00092945 0.00693802
v -0.00890628 -0.00156948 0.00682178
v -0.00877655 -0.00103703 0.00692276
v -0.01150369 -0.00132704 0.00687306
v -0.00898204 -0.00181190 0.00676144
v -0.00897767 -0.00179876 0.00676494
v -0.01186387 -0.00164597 0.00680373
v -0.01215287 -0.00181173 0.00676148
v -0.00918764 -0.00235433 0.00659220
v -0.01850000 -0.00233198 0.00660014
v -0.01370952 -0.00186991 0.00674562
v -0.01324184 -0.00198532 0.00671256
v -0.01275893 -0.00198542 0.00671253
v -0.00944107 -0.00289808 0.00637190
v -0.01153874 -0.00591789 0.00373879
v -0.01122071 -0.00553559 0.00428454
v -0.01850000 -0.00494975 0.00494975
v -0.01087633 -0.00510287 0.00479174
v -0.01075845 -0.00494940 0.00495009
v -0.01850000 -0.00439754 0.00544625
v -0.01051591 -0.00462332 0.00525594
v -0.01015148 -0.00410107 0.00567285
v -0.01850000 -0.00525471 0.00462472
v -0.01850000 -0.00596070 0.00367015
v -0.01166124 -0.00606140 0.00350134
v -0.01850000 -0.00606218 0.00350000
v -0.01180805 -0.00623096 0.00318984
v -0.01203868 -0.00649245 0.00261688
v -0.01850000 -0.00676148 0.00181173
v -0.01228085 -0.00676127 0.00181252
v -0.01850000 -0.00649522 0.00261000
v -0.01224607 -0.00672299 0.00194971
v -0.01228076 -0.00676117 -0.00181289
v -0.01233803 -0.00682395 -0.00156002
v -0.01850000 -0.00676148 -0.00181173
v -0.01238507 -0.00687530 -0.00131538
v -0.01850000 -0.00694330 -0.00088912
v -0.01246459 -0.00696169 -0.00073130
v -0.01850000 -0.00700000 -0.00000000
v -0.01249858 -0.00699846 -0.00014680
v -0.01250000 -0.00700000 0.00000008
v -0.01850000 -0.00699369 0.00029709
v -0.01248739 -0.00698638 0.00043650
v -0.01850000 -0.00684289 0.00147475
v -0.01245975 -0.00695646 0.00077954
v -0.01237522 -0.00686457 0.00137029
v -0.01850000 -0.00625048 -0.00315143
v -0.01850000 -0.00606218 -0.00350000
v -0.01219506 -0.00666667 -0.00213435
v -0.01201044 -0.00646073 -0.00269424
v -0.01850000 -0.00669317 -0.00204976
v -0.01850000 -0.00494975 -0.00494975
v -0.01075841 -0.00494935 -0.00495015
v -0.01091883 -0.00515749 -0.00473290
v -0.01124549 -0.00556592 -0.00424506
v -0.01154623 -0.00592671 -0.00372479
v -0.01850000 -0.00562798 -0.00416243
v -0.01166138 -0.00606156 -0.00350106
v -0.01178598 -0.00620564 -0.00323883
v -0.01850000 -0.00350000 -0.00606218
v -0.00977302 -0.00350104 -0.00606158
v -0.00997219 -0.00382572 -0.00586207
v -0.01033166 -0.00436480 -0.00547252
v -0.01057272 -0.00470104 -0.00518654
v -0.01850000 -0.00391982 -0.00579957
v -0.01850000 -0.00484357 -0.00505369
v -0.01275893 -0.00198542 -0.00671253
v -0.01215287 -0.00181173 -0.00676148
v -0.00932907 -0.00266968 -0.00647092
v -0.01186387 -0.00164597 -0.00680373
v -0.00898240 -0.00181300 -0.00676114
v -0.00914144 -0.00224291 -0.00663094
v -0.01150273 -0.00132597 -0.00687327
v -0.01122909 -0.00092945 -0.00693802
v -0.00894107 -0.00168488 -0.00679420
v -0.01105853 -0.00048032 -0.00698350
v -0.00879447 -0.00112513 -0.00690899
v -0.00867468 -0.00000000 -0.00700000
v -0.00868803 -0.00037458 -0.00698997
v -0.00875270 -0.00090698 -0.00694099
v -0.01850000 0.00233198 0.00660014
v -0.01382251 0.00182304 0.00675844
v -0.01850000 0.00181173 0.00676148
v -0.01419637 0.00160272 0.00681405
v -0.01449702 0.00132625 0.00687321
v -0.01850000 -0.00181173 0.00676148
v -0.01384713 -0.00181173 0.00676148
v -0.01419667 -0.00160249 0.00681410
v -0.01449702 -0.00132625 0.00687321
v -0.01477052 -0.00093020 0.00693792
v -0.01850000 -0.00118301 0.00689931
v -0.01494188 -0.00047863 0.00698362
v -0.01850000 -0.00000000 0.00700000
v -0.01500000 -0.00000000 0.00700000
v -0.01850000 0.00118301 0.00689931
v -0.01494188 0.00047863 0.00698362
v -0.01477061 0.00093002 0.00693794
v -0.01850000 0.00181173 -0.00676148
v -0.01384713 0.00181173 -0.00676148
v -0.01419796 0.00160153 -0.00681433
v -0.01449702 0.00132625 -0.00687321
v -0.01477047 0.00093028 -0.00693791
v -0.01494188 0.00047863 -0.00698362
v -0.01850000 0.00059364 -0.00697478
v -0.01500000 -0.00000000 -0.00700000
v -0.01850000 -0.00000000 -0.00700000
v -0.01850000 -0.00059364 -0.00697478
v -0.01494188 -0.00047863 -0.00698362
v -0.01850000 -0.00176385 -0.00677413
v -0.01477039 -0.00093045 -0.00693789
v -0.01449702 -0.00132625 -0.00687321
v -0.00963368 -0.00325904 -0.00619505
v -0.01324115 -0.00198541 -0.00671254
v -0.01370921 -0.00187003 -0.00674559
v -0.01850000 -0.00288331 -0.00637860
v -0.01382242 -0.00182308 -0.00675843
v -0.01419802 -0.00160149 -0.00681434
v -0.00776753 -0.00970000 -0.00191453
v -0.00708365 -0.00970000 -0.00371779
v -0.00598809 -0.00970000 -0.00530498
v -0.00598809 0.00970000 -0.00530498
v -0.00708365 0.00970000 -0.00371779
v -0.00776753 0.00970000 -0.00191453
v 0.00787135 -0.00082500 -0.00142894
v 0.00783968 -0.00042793 -0.00159354
v 0.00776753 -0.00970000 -0.00191453
v 0.00798859 -0.00159377 -0.00042708
v 0.00795735 -0.00142894 -0.00082500
v 0.00791444 -0.00116656 -0.00116689
v 0.00782799 -0.00000000 -0.00165000
v 0.00783966 0.00042754 -0.00159365
v 0.00776753 0.00970000 -0.00191453
v 0.00787135 0.00082500 -0.00142894
v 0.00791450 0.00116695 -0.00116650
v 0.00798856 0.00159361 -0.00042769
v 0.00795735 0.00142894 -0.00082500
v 0.00708365 -0.00970000 -0.00371779
v 0.00708365 0.00970000 -0.00371779
v 0.00598809 -0.00970000 -0.00530498
v 0.00598809 0.00970000 -0.00530498
v 0.00454452 -0.00970000 -0.00658387
v 0.00454452 0.00970000 -0.00658387
v 0.00283684 -0.00970000 -0.00748013
v 0.00283684 0.00970000 -0.00748013
v 0.00096429 -0.00970000 -0.00794167
v 0.00096429 0.00970000 -0.00794167
v -0.00096429 -0.00970000 -0.00794167
v -0.00096429 0.00970000 -0.00794167
v -0.00283684 -0.00970000 -0.00748013
v -0.00283684 0.00970000 -0.00748013
v -0.00454452 -0.00970000 -0.00658387
v -0.00454452 0.00970000 -0.00658387
v 0.00884740 -0.00135308 -0.00686798
v 0.00898223 -0.00181250 -0.00676128
v 0.00860541 -0.00200377 -0.00675374
v 0.00879984 -0.00256642 -0.00656623
v 0.00931984 -0.00370358 -0.00601623
v 0.00903593 -0.00312706 -0.00632585
v 0.00962576 -0.00425197 -0.00565371
v 0.01046252 -0.00454946 -0.00532000
v 0.00994415 -0.00476946 -0.00523837
v 0.01032014 -0.00533132 -0.00468466
v 0.01062471 -0.00575700 -0.00416903
v 0.01090214 -0.00612640 -0.00362475
v 0.01114604 -0.00643883 -0.00305751
v 0.01134194 -0.00668229 -0.00250324
v 0.01150007 -0.00687434 -0.00193800
v 0.01153993 -0.00692214 -0.00176641
v 0.01164273 -0.00704432 -0.00121485
v 0.01065167 -0.00823372 -0.00010728
v 0.01062866 -0.00819659 -0.00069161
v 0.01057248 -0.00810571 -0.00127030
v 0.01048303 -0.00796022 -0.00184655
v 0.01044828 -0.00790342 -0.00202572
v 0.01031008 -0.00767589 -0.00261556
v 0.01013821 -0.00738877 -0.00319333
v 0.00992332 -0.00702218 -0.00378393
v 0.00967784 -0.00659094 -0.00434996
v 0.01170743 -0.00712043 -0.00066130
v 0.01173398 -0.00715148 -0.00010257
v 0.01172645 -0.00714268 0.00036278
v 0.01053679 -0.00804777 0.00152713
v 0.01060733 -0.00816212 0.00095396
v 0.01064515 -0.00822320 0.00037942
v 0.01168285 -0.00709159 0.00091222
v 0.01160167 -0.00699572 0.00146062
v 0.01148256 -0.00685326 0.00200869
v 0.01140194 -0.00675562 0.00230563
v 0.01122219 -0.00653422 0.00285554
v 0.01100755 -0.00626276 0.00339224
v 0.01001631 -0.00718194 0.00354193
v 0.01020510 -0.00750111 0.00298287
v 0.01036258 -0.00776265 0.00240942
v 0.01043300 -0.00787839 0.00209952
v 0.01027029 -0.00861617 0.00218427
v 0.01076028 -0.00593951 0.00391375
v 0.01060449 -0.00572944 0.00420557
v 0.01030145 -0.00530442 0.00471412
v 0.00998148 -0.00482737 0.00518674
v 0.00965304 -0.00429816 0.00561974
v 0.00933292 -0.00372835 0.00600138
v 0.00903950 -0.00313486 0.00632210
v 0.00878292 -0.00252204 0.00658291
v 0.00865319 -0.00215456 0.00670849
v 0.00848669 -0.00157187 0.00686392
v 0.00837051 -0.00098916 0.00696876
v 0.00830628 -0.00040199 0.00702549
v 0.00829359 -0.00002869 0.00703660
v 0.00831618 0.00053581 0.00701680
v 0.00838870 0.00110041 0.00695253
v 0.00850976 0.00166414 0.00684275
v 0.00857629 0.00190644 0.00678105
v 0.00877163 0.00249203 0.00659400
v 0.00900668 0.00306249 0.00635644
v 0.00927402 0.00361576 0.00606784
v 0.00956566 0.00414880 0.00572753
v 0.00966057 0.00431085 0.00561032
v 0.00999263 0.00484456 0.00517119
v 0.01031827 0.00532863 0.00468763
v 0.00967935 0.00659363 0.00434675
v 0.00940558 0.00609328 0.00488868
v 0.00911517 0.00553345 0.00539047
v 0.00881803 0.00491866 0.00584573
v 0.00873293 0.00473243 0.00596719
v 0.00847103 0.00412102 0.00631965
v 0.00823043 0.00348798 0.00661839
v 0.00801854 0.00283663 0.00686417
v 0.00784221 0.00216909 0.00705763
v 0.00778210 0.00189312 0.00712143
v 0.00767268 0.00125149 0.00723492
v 0.00760709 0.00060928 0.00730136
v 0.00758665 -0.00003262 0.00732182
v 0.00759814 -0.00045710 0.00731034
v 0.00765623 -0.00112492 0.00725170
v 0.00776125 -0.00178806 0.00714331
v 0.00791165 -0.00245182 0.00698259
v 0.00802873 -0.00287087 0.00685270
v 0.00826000 -0.00357071 0.00658285
v 0.00852397 -0.00425002 0.00625083
v 0.00881128 -0.00490408 0.00585550
v 0.00910521 -0.00551361 0.00540659
v 0.00939061 -0.00606523 0.00491618
v 0.00965992 -0.00655885 0.00438795
v 0.00979793 -0.00680373 0.00408456
v 0.01062641 0.00575931 0.00416594
v 0.01090790 0.00613391 0.00361246
v 0.01114356 0.00643570 0.00306386
v 0.01033700 0.00772043 0.00251208
v 0.01013603 0.00738509 0.00319995
v 0.00992841 0.00703097 0.00377115
v 0.01134310 0.00668372 0.00249957
v 0.01152048 0.00689884 0.00185218
v 0.01162985 0.00702910 0.00129702
v 0.01064310 0.00821990 0.00043068
v 0.01062302 0.00818748 0.00076975
v 0.01056129 0.00808755 0.00135618
v 0.01046607 0.00793252 0.00193612
v 0.01170093 0.00711281 0.00073603
v 0.01172409 0.00713992 0.00041179
v 0.01173344 0.00715085 -0.00013844
v 0.01053398 0.00804321 -0.00154548
v 0.01056850 0.00809925 -0.00130149
v 0.01062654 0.00819316 -0.00072201
v 0.01065121 0.00823297 -0.00014479
v 0.01170499 0.00711756 -0.00069038
v 0.01163815 0.00703891 -0.00124469
v 0.01159845 0.00699189 -0.00147818
v 0.01147705 0.00684662 -0.00203039
v 0.01131879 0.00665385 -0.00257529
v 0.01112435 0.00641147 -0.00311250
v 0.01091448 0.00614248 -0.00359837
v 0.00993422 0.00704100 -0.00375648
v 0.01011914 0.00735660 -0.00325062
v 0.01028980 0.00764227 -0.00269070
v 0.01042819 0.00787052 -0.00212218
v 0.01064846 0.00578925 -0.00412562
v 0.01035647 0.00538334 -0.00462675
v 0.01004415 0.00492344 -0.00509853
v 0.00896535 0.00522971 -0.00562645
v 0.00916118 0.00562452 -0.00531510
v 0.00943958 0.00615671 -0.00482547
v 0.00969889 0.00662851 -0.00430485
v 0.01057272 0.00470104 -0.00518654
v 0.00982507 0.00458113 -0.00539876
v 0.00918473 0.00343932 -0.00616656
v 0.00949631 0.00402718 -0.00581109
v 0.00890291 0.00282324 -0.00646308
v 0.00854219 0.00178614 -0.00681280
v 0.00872870 0.00237479 -0.00663589
v 0.00840544 0.00119377 -0.00693754
v 0.00836644 0.00096254 -0.00697238
v 0.00759789 0.00045219 -0.00731058
v 0.00765254 0.00109464 -0.00725544
v 0.00768781 0.00135772 -0.00721943
v 0.00781140 0.00203205 -0.00709046
v 0.00797981 0.00270290 -0.00690750
v 0.00813693 0.00321466 -0.00672873
v 0.00839072 0.00391898 -0.00642185
v 0.00867070 0.00459278 -0.00605375
v 0.00829578 -0.00016889 -0.00703469
v 0.00830601 0.00039767 -0.00702572
v 0.00833677 -0.00074066 -0.00699867
v 0.00835198 -0.00086148 -0.00698521
v 0.00845484 -0.00143519 -0.00689295
v 0.00792847 -0.00018001 -0.00714323
v 0.00793810 0.00042387 -0.00713393
v 0.00799497 0.00102591 -0.00707855
v 0.00803166 0.00127233 -0.00704239
v 0.00816023 0.00190352 -0.00691297
v 0.00833533 0.00253055 -0.00672954
v 0.00849861 0.00300806 -0.00655051
v 0.00876214 0.00366370 -0.00624367
v 0.00905251 0.00428874 -0.00587645
v 0.00935760 0.00487705 -0.00545142
v 0.00956006 0.00524015 -0.00514262
v 0.00984733 0.00572726 -0.00465861
v 0.01011420 0.00615631 -0.00414627
v 0.01035565 0.00652877 -0.00360935
v 0.01054478 0.00681167 -0.00311659
v 0.01071875 0.00706589 -0.00257406
v 0.01085933 0.00726750 -0.00202614
v 0.01096645 0.00741902 -0.00147309
v 0.01100133 0.00746798 -0.00123982
v 0.01105989 0.00754977 -0.00068712
v 0.01108475 0.00758434 -0.00013774
v 0.01107658 0.00757300 0.00040975
v 0.01105635 0.00754483 0.00073259
v 0.01099405 0.00745777 0.00129207
v 0.01089773 0.00732201 0.00184742
v 0.01076675 0.00713509 0.00240160
v 0.01056202 0.00683711 0.00306737
v 0.01034970 0.00651974 0.00362367
v 0.01009411 0.00612470 0.00418742
v 0.00981228 0.00566937 0.00472098
v 0.00951251 0.00515651 0.00521730
v 0.00920513 0.00459010 0.00566937
v 0.00911699 0.00441797 0.00579024
v 0.00884547 0.00385136 0.00614161
v 0.00859573 0.00326273 0.00644011
v 0.00837560 0.00265541 0.00668613
v 0.00819227 0.00203169 0.00688004
v 0.00812976 0.00177354 0.00694404
v 0.00801592 0.00117283 0.00705795
v 0.00794767 0.00057110 0.00712466
v 0.00792641 -0.00003058 0.00714522
v 0.00793836 -0.00042847 0.00713368
v 0.00837051 -0.00098916 0.00696876
v 0.00799880 -0.00105427 0.00707479
v 0.00810807 -0.00167522 0.00696600
v 0.00826447 -0.00229600 0.00680480
v 0.00838618 -0.00268737 0.00667464
v 0.00862644 -0.00333975 0.00640457
v 0.00890038 -0.00397108 0.00607294
v 0.00919814 -0.00457663 0.00567908
v 0.00950222 -0.00513828 0.00523328
v 0.00979685 -0.00564374 0.00474813
v 0.01007413 -0.00609315 0.00422789
v 0.01021591 -0.00631487 0.00393025
v 0.01043968 -0.00665535 0.00340006
v 0.01063248 -0.00694051 0.00285679
v 0.01079274 -0.00717240 0.00230261
v 0.01086420 -0.00727443 0.00200436
v 0.01096929 -0.00742300 0.00145553
v 0.01104052 -0.00752277 0.00090816
v 0.01107864 -0.00757586 0.00036097
v 0.01108522 -0.00758499 -0.00010205
v 0.01106203 -0.00755275 -0.00065816
v 0.01100535 -0.00747361 -0.00121003
v 0.01091490 -0.00734632 -0.00176149
v 0.01087970 -0.00729644 -0.00193345
v 0.01073938 -0.00709567 -0.00250147
v 0.01056425 -0.00684039 -0.00306095
v 0.01034449 -0.00651183 -0.00363616
v 0.01009256 -0.00612226 -0.00419058
v 0.00981400 -0.00567222 -0.00471794
v 0.00951515 -0.00516117 -0.00521320
v 0.00917281 -0.00452756 -0.00571410
v 0.00888819 -0.00394475 -0.00608829
v 0.00862310 -0.00333145 -0.00640845
v 0.00840204 -0.00273463 -0.00665736
v 0.00821961 -0.00213537 -0.00685172
v 0.00807813 -0.00152959 -0.00699612
v 0.00798137 -0.00091820 -0.00709187
v 0.00796705 -0.00078943 -0.00710584
v 0.00758863 -0.00019204 -0.00731985
v 0.00816023 0.00190352 -0.00691297
v 0.00896535 0.00522971 -0.00562645
v 0.01074041 0.00709716 0.00249778
v 0.00819227 0.00203169 0.00688004
v 0.00940725 -0.00609641 -0.00488560
v 0.00911771 -0.00553851 -0.00538634
v 0.00907184 -0.00544679 -0.00546015
v 0.00878682 -0.00485097 -0.00589070
v 0.00851221 -0.00422163 -0.00626622
v 0.00825679 -0.00356179 -0.00658673
v 0.00804399 -0.00292151 -0.00683545
v 0.00786850 -0.00227997 -0.00702938
v 0.00773247 -0.00163247 -0.00717333
v 0.00763947 -0.00097968 -0.00726871
v 0.00762571 -0.00084225 -0.00728262
v 0.00942379 -0.00711417 -0.00463057
v -0.00860541 0.00200377 -0.00675374
v -0.00879984 0.00256642 -0.00656623
v -0.00931984 0.00370358 -0.00601623
v -0.00903593 0.00312706 -0.00632585
v -0.00962576 0.00425197 -0.00565371
v -0.00994415 0.00476946 -0.00523837
v -0.01032014 0.00533132 -0.00468466
v -0.01062471 0.00575700 -0.00416903
v -0.01090214 0.00612640 -0.00362475
v -0.01114604 0.00643883 -0.00305751
v -0.01134194 0.00668229 -0.00250324
v -0.01150007 0.00687434 -0.00193800
v -0.01153993 0.00692214 -0.00176641
v -0.01164273 0.00704432 -0.00121485
v -0.01065167 0.00823372 -0.00010728
v -0.01062866 0.00819659 -0.00069161
v -0.01057248 0.00810571 -0.00127030
v -0.01048303 0.00796022 -0.00184655
v -0.01044828 0.00790342 -0.00202572
v -0.01031008 0.00767589 -0.00261556
v -0.01013821 0.00738877 -0.00319333
v -0.00992332 0.00702218 -0.00378393
v -0.00967784 0.00659094 -0.00434996
v -0.01170743 0.00712043 -0.00066130
v -0.01173398 0.00715148 -0.00010257
v -0.01172645 0.00714268 0.00036278
v -0.01053679 0.00804777 0.00152713
v -0.01060733 0.00816212 0.00095396
v -0.01064515 0.00822320 0.00037942
v -0.01168285 0.00709159 0.00091222
v -0.01160167 0.00699572 0.00146062
v -0.01148256 0.00685326 0.00200869
v -0.01140194 0.00675562 0.00230563
v -0.01122219 0.00653422 0.00285554
v -0.01100755 0.00626276 0.00339224
v -0.01001631 0.00718194 0.00354193
v -0.01020510 0.00750111 0.00298287
v -0.01036258 0.00776265 0.00240942
v -0.01043300 0.00787839 0.00209952
v -0.01044809 0.00891397 0.00104278
v -0.01076028 0.00593951 0.00391375
v -0.01060449 0.00572944 0.00420557
v -0.01030145 0.00530442 0.00471412
v -0.00998148 0.00482737 0.00518674
v -0.00965304 0.00429816 0.00561974
v -0.00933292 0.00372835 0.00600138
v -0.00903950 0.00313486 0.00632210
v -0.00878292 0.00252204 0.00658291
v -0.00865319 0.00215456 0.00670849
v -0.00848669 0.00157187 0.00686392
v -0.00837051 0.00098916 0.00696876
v -0.00830628 0.00040199 0.00702549
v -0.00829359 0.00002869 0.00703660
v -0.00831618 -0.00053581 0.00701680
v -0.00838870 -0.00110041 0.00695253
v -0.00850976 -0.00166414 0.00684275
v -0.00857629 -0.00190644 0.00678105
v -0.00877163 -0.00249203 0.00659400
v -0.00900668 -0.00306249 0.00635644
v -0.00927402 -0.00361576 0.00606784
v -0.00956566 -0.00414880 0.00572753
v -0.00966057 -0.00431085 0.00561032
v -0.00999263 -0.00484456 0.00517119
v -0.01031827 -0.00532863 0.00468763
v -0.00967935 -0.00659363 0.00434675
v -0.00940558 -0.00609328 0.00488868
v -0.00911517 -0.00553345 0.00539047
v -0.00881803 -0.00491866 0.00584573
v -0.00873293 -0.00473243 0.00596719
v -0.00847103 -0.00412102 0.00631965
v -0.00823043 -0.00348798 0.00661839
v -0.00801854 -0.00283663 0.00686417
v -0.00784221 -0.00216909 0.00705763
v -0.00778210 -0.00189312 0.00712143
v -0.00767268 -0.00125149 0.00723492
v -0.00760709 -0.00060928 0.00730136
v -0.00758665 0.00003262 0.00732182
v -0.00759814 0.00045710 0.00731034
v -0.00765623 0.00112492 0.00725170
v -0.00776125 0.00178806 0.00714331
v -0.00791165 0.00245182 0.00698259
v -0.00802873 0.00287087 0.00685270
v -0.00826000 0.00357071 0.00658285
v -0.00852397 0.00425002 0.00625083
v -0.00881128 0.00490408 0.00585550
v -0.00910521 0.00551361 0.00540659
v -0.00939061 0.00606523 0.00491618
v -0.00965992 0.00655885 0.00438795
v -0.00979793 0.00680373 0.00408456
v -0.01062641 -0.00575931 0.00416594
v -0.01090790 -0.00613391 0.00361246
v -0.01114356 -0.00643570 0.00306386
v -0.01033700 -0.00772043 0.00251208
v -0.01013603 -0.00738509 0.00319995
v -0.00992841 -0.00703097 0.00377115
v -0.01134310 -0.00668372 0.00249957
v -0.01152048 -0.00689884 0.00185218
v -0.01162985 -0.00702910 0.00129702
v -0.01064310 -0.00821990 0.00043068
v -0.01062302 -0.00818748 0.00076975
v -0.01056129 -0.00808755 0.00135618
v -0.01046607 -0.00793252 0.00193612
v -0.01170093 -0.00711281 0.00073603
v -0.01172409 -0.00713992 0.00041179
v -0.01173344 -0.00715085 -0.00013844
v -0.01053398 -0.00804321 -0.00154548
v -0.01056850 -0.00809925 -0.00130149
v -0.01062654 -0.00819316 -0.00072201
v -0.01065121 -0.00823297 -0.00014479
v -0.01170499 -0.00711756 -0.00069038
v -0.01238507 -0.00687530 -0.00131538
v -0.01163815 -0.00703891 -0.00124469
v -0.01159845 -0.00699189 -0.00147818
v -0.01147705 -0.00684662 -0.00203039
v -0.01131879 -0.00665385 -0.00257529
v -0.01112435 -0.00641147 -0.00311250
v -0.01091448 -0.00614248 -0.00359837
v -0.00993422 -0.00704100 -0.00375648
v -0.01011914 -0.00735660 -0.00325062
v -0.01008876 -0.00830666 -0.00290978
v -0.01028980 -0.00764227 -0.00269070
v -0.01042819 -0.00787052 -0.00212218
v -0.01036395 -0.00877365 -0.00168482
v -0.01064846 -0.00578925 -0.00412562
v -0.01035647 -0.00538334 -0.00462675
v -0.01004415 -0.00492344 -0.00509853
v -0.00896535 -0.00522971 -0.00562645
v -0.00916118 -0.00562452 -0.00531510
v -0.00943958 -0.00615671 -0.00482547
v -0.00969889 -0.00662851 -0.00430485
v -0.01057272 -0.00470104 -0.00518654
v -0.00982507 -0.00458113 -0.00539876
v -0.00918473 -0.00343932 -0.00616656
v -0.00949631 -0.00402718 -0.00581109
v -0.00890291 -0.00282324 -0.00646308
v -0.00854219 -0.00178614 -0.00681280
v -0.00872870 -0.00237479 -0.00663589
v -0.00840544 -0.00119377 -0.00693754
v -0.00836644 -0.00096254 -0.00697238
v -0.00759789 -0.00045219 -0.00731058
v -0.00765254 -0.00109464 -0.00725544
v -0.00768781 -0.00135772 -0.00721943
v -0.00781140 -0.00203205 -0.00709046
v -0.00797981 -0.00270290 -0.00690750
v -0.00813693 -0.00321466 -0.00672873
v -0.00839072 -0.00391898 -0.00642185
v -0.00867070 -0.00459278 -0.00605375
v -0.00829578 0.00016889 -0.00703469
v -0.00830601 -0.00039767 -0.00702572
v -0.00833677 0.00074066 -0.00699867
v -0.00835198 0.00086148 -0.00698521
v -0.00845484 0.00143519 -0.00689295
v -0.00792847 0.00018001 -0.00714323
v -0.00793810 -0.00042387 -0.00713393
v -0.00799497 -0.00102591 -0.00707855
v -0.00803166 -0.00127233 -0.00704239
v -0.00816023 -0.00190352 -0.00691297
v -0.00833533 -0.00253055 -0.00672954
v -0.00849861 -0.00300806 -0.00655051
v -0.00876214 -0.00366370 -0.00624367
v -0.00905251 -0.00428874 -0.00587645
v -0.00935760 -0.00487705 -0.00545142
v -0.00956006 -0.00524015 -0.00514262
v -0.00984733 -0.00572726 -0.00465861
v -0.01011420 -0.00615631 -0.00414627
v -0.01035565 -0.00652877 -0.00360935
v -0.01054478 -0.00681167 -0.00311659
v -0.01071875 -0.00706589 -0.00257406
v -0.01085933 -0.00726750 -0.00202614
v -0.01096645 -0.00741902 -0.00147309
v -0.01100133 -0.00746798 -0.00123982
v -0.01105989 -0.00754977 -0.00068712
v -0.01108475 -0.00758434 -0.00013774
v -0.01107658 -0.00757300 0.00040975
v -0.01105635 -0.00754483 0.00073259
v -0.01099405 -0.00745777 0.00129207
v -0.01089773 -0.00732201 0.00184742
v -0.01076675 -0.00713509 0.00240160
v -0.01074041 -0.00709716 0.00249778
v -0.01056202 -0.00683711 0.00306737
v -0.01034970 -0.00651974 0.00362367
v -0.01009411 -0.00612470 0.00418742
v -0.00981228 -0.00566937 0.00472098
v -0.00951251 -0.00515651 0.00521730
v -0.00920513 -0.00459010 0.00566937
v -0.00911699 -0.00441797 0.00579024
v -0.00884547 -0.00385136 0.00614161
v -0.00859573 -0.00326273 0.00644011
v -0.00837560 -0.00265541 0.00668613
v -0.00819227 -0.00203169 0.00688004
v -0.00812976 -0.00177354 0.00694404
v -0.00801592 -0.00117283 0.00705795
v -0.00794767 -0.00057110 0.00712466
v -0.00792641 0.00003058 0.00714522
v -0.00793836 0.00042847 0.00713368
v -0.00799880 0.00105427 0.00707479
v -0.00810807 0.00167522 0.00696600
v -0.00826447 0.00229600 0.00680480
v -0.00838618 0.00268737 0.00667464
v -0.00862644 0.00333975 0.00640457
v -0.00890038 0.00397108 0.00607294
v -0.00919814 0.00457663 0.00567908
v -0.00950222 0.00513828 0.00523328
v -0.00979685 0.00564374 0.00474813
v -0.01007413 0.00609315 0.00422789
v -0.01021591 0.00631487 0.00393025
v -0.01043968 0.00665535 0.00340006
v -0.01063248 0.00694051 0.00285679
v -0.01079274 0.00717240 0.00230261
v -0.01086420 0.00727443 0.00200436
v -0.01096929 0.00742300 0.00145553
v -0.01104052 0.00752277 0.00090816
v -0.01107864 0.00757586 0.00036097
v -0.01108522 0.00758499 -0.00010205
v -0.01106203 0.00755275 -0.00065816
v -0.01164273 0.00704432 -0.00121485
v -0.01100535 0.00747361 -0.00121003
v -0.01091490 0.00734632 -0.00176149
v -0.01087970 0.00729644 -0.00193345
v -0.01073938 0.00709567 -0.00250147
v -0.01114604 0.00643883 -0.00305751
v -0.01056425 0.00684039 -0.00306095
v -0.01034449 0.00651183 -0.00363616
v -0.01009256 0.00612226 -0.00419058
v -0.00981400 0.00567222 -0.00471794
v -0.00951515 0.00516117 -0.00521320
v -0.00946774 0.00507686 -0.00528638
v -0.00917281 0.00452756 -0.00571410
v -0.00888819 0.00394475 -0.00608829
v -0.00903593 0.00312706 -0.00632585
v -0.00862310 0.00333145 -0.00640845
v -0.00840204 0.00273463 -0.00665736
v -0.00821961 0.00213537 -0.00685172
v -0.00807813 0.00152959 -0.00699612
v -0.00798137 0.00091820 -0.00709187
v -0.00796705 0.00078943 -0.00710584
v -0.00758863 0.00019204 -0.00731985
v -0.00802873 0.00287087 0.00685270
v -0.01020510 0.00750111 0.00298287
v -0.01057248 0.00810571 -0.00127030
v -0.00940725 0.00609641 -0.00488560
v -0.00911771 0.00553851 -0.00538634
v -0.00878682 0.00485097 -0.00589070
v -0.00851221 0.00422163 -0.00626622
v -0.00825679 0.00356179 -0.00658673
v -0.00804399 0.00292151 -0.00683545
v -0.00786850 0.00227997 -0.00702938
v -0.00773247 0.00163247 -0.00717333
v -0.00763947 0.00097968 -0.00726871
v -0.00762571 0.00084225 -0.00728262
v 0.00795735 0.00142894 -0.00082500
v 0.00795735 0.00142894 0.00082500
v -0.00830000 -0.01000000 -0.00000000
v -0.01020000 0.01000000 -0.00000000
v 0.01888268 0.00531185 -0.00467501
v 0.01888268 0.00691730 -0.00149079
v 0.01888268 0.00676595 0.00207205
v 0.01888268 0.00489624 0.00510865
v 0.01888268 0.00178303 0.00684780
v 0.01888268 -0.00396245 0.00586263
v 0.01888268 -0.00631845 0.00318570
v 0.01888268 -0.00706974 -0.00030032
v 0.01888268 -0.00602552 -0.00371006
v 0.01888268 -0.00345099 -0.00617755
v 0.01888268 -0.00235734 -0.00667191
v 0.01942388 0.00371493 -0.00665003
v 0.01942388 0.00478535 -0.00592654
v 0.01942388 0.00571811 -0.00503257
v 0.01942388 0.00648637 -0.00399381
v 0.01942388 0.00706802 -0.00284017
v 0.01942388 0.00744635 -0.00160481
v 0.01942388 0.00761045 -0.00032329
v 0.01942388 0.00755562 0.00096753
v 0.01942388 0.00728342 0.00223052
v 0.01942388 0.00680170 0.00342934
v 0.01942388 0.00612430 0.00452951
v 0.01942388 0.00527072 0.00549937
v 0.01942388 0.00426551 0.00631102
v 0.01942388 0.00313758 0.00694112
v 0.01942388 0.00191940 0.00737153
v 0.01942388 0.00064599 0.00758988
v 0.01942388 -0.00064599 0.00758988
v 0.01942388 -0.00191940 0.00737153
v 0.01942388 -0.00313758 0.00694112
v 0.01942388 -0.00426551 0.00631102
v 0.01942388 -0.00527072 0.00549937
v 0.01942388 -0.00612430 0.00452951
v 0.01942388 -0.00680170 0.00342934
v 0.01942388 -0.00728342 0.00223052
v 0.01942388 -0.00755562 0.00096753
v 0.01942388 -0.00761045 -0.00032329
v 0.01942388 -0.00744635 -0.00160481
v 0.01942388 -0.00706802 -0.00284017
v 0.01942388 -0.00648637 -0.00399381
v 0.01942388 -0.00571811 -0.00503257
v 0.01942388 -0.00478535 -0.00592654
v 0.01942388 -0.00371493 -0.00665003
v 0.01942388 -0.00253763 -0.00718220
v 0.01942388 -0.00128733 -0.00750775
v 0.01942388 -0.00000000 -0.00761732
v 0.01942388 0.00128733 -0.00750775
v 0.01942388 0.00253763 -0.00718220
v 0.01920711 -0.00355671 -0.00636680
v 0.01920711 -0.00242955 -0.00687630
v 0.01920711 -0.00123250 -0.00718799
v 0.01920711 -0.00000000 -0.00729289
v 0.01920711 0.00123250 -0.00718799
v 0.01920711 0.00242955 -0.00687630
v 0.01888268 -0.00119587 -0.00697434
v 0.01888268 -0.00000000 -0.00707612
v 0.01888268 0.00119587 -0.00697434
v 0.01888268 0.00235734 -0.00667191
v 0.01920711 -0.00458154 -0.00567413
v 0.01888268 -0.00444536 -0.00550547
v 0.01888268 -0.00531185 -0.00467501
v 0.01920711 -0.00547457 -0.00481823
v 0.01920711 -0.00621011 -0.00382372
v 0.01920711 -0.00676700 -0.00271920
v 0.01888268 -0.00656585 -0.00263838
v 0.01888268 -0.00691730 -0.00149079
v 0.01920711 -0.00712921 -0.00153646
v 0.01920711 -0.00728632 -0.00030952
v 0.01920711 -0.00723382 0.00092633
v 0.01888268 -0.00701881 0.00089879
v 0.01888268 -0.00676595 0.00207205
v 0.01920711 -0.00697322 0.00213553
v 0.01920711 -0.00651201 0.00328329
v 0.01920711 -0.00586347 0.00433660
v 0.01888268 -0.00568918 0.00420770
v 0.01888268 -0.00489624 0.00510865
v 0.01920711 -0.00504624 0.00526515
v 0.01920711 -0.00408384 0.00604223
v 0.01920711 -0.00300395 0.00664549
v 0.01888268 -0.00291466 0.00644796
v 0.01888268 -0.00178303 0.00684780
v 0.01920711 -0.00183765 0.00705757
v 0.01920711 -0.00061848 0.00726662
v 0.01888268 -0.00060010 0.00705063
v 0.01888268 0.00060010 0.00705063
v 0.01920711 0.00061848 0.00726662
v 0.01920711 0.00183765 0.00705757
v 0.01920711 0.00300395 0.00664549
v 0.01888268 0.00291466 0.00644796
v 0.01888268 0.00396245 0.00586263
v 0.01920711 0.00408384 0.00604223
v 0.01920711 0.00504624 0.00526515
v 0.01920711 0.00586347 0.00433660
v 0.01888268 0.00568918 0.00420770
v 0.01888268 0.00631845 0.00318570
v 0.01920711 0.00651201 0.00328329
v 0.01920711 0.00697322 0.00213553
v 0.01920711 0.00723382 0.00092633
v 0.01888268 0.00701881 0.00089879
v 0.01888268 0.00706974 -0.00030032
v 0.01920711 0.00728632 -0.00030952
v 0.01920711 0.00712921 -0.00153646
v 0.01920711 0.00676700 -0.00271920
v 0.01888268 0.00656585 -0.00263838
v 0.01888268 0.00602552 -0.00371006
v 0.01920711 0.00621011 -0.00382372
v 0.01920711 0.00547457 -0.00481823
v 0.01920711 0.00458154 -0.00567413
v 0.01888268 0.00444536 -0.00550547
v 0.01888268 0.00345099 -0.00617755
v 0.01920711 0.00355671 -0.00636680
v -0.01888268 0.00531185 0.00467501
v -0.01888268 0.00691730 0.00149079
v -0.01888268 0.00676595 -0.00207205
v -0.01888268 0.00489624 -0.00510865
v -0.01888268 0.00178303 -0.00684780
v -0.01888268 -0.00396245 -0.00586263
v -0.01888268 -0.00631845 -0.00318570
v -0.01888268 -0.00706974 0.00030032
v -0.01888268 -0.00602552 0.00371006
v -0.01888268 -0.00345099 0.00617755
v -0.01888268 -0.00235734 0.00667191
v -0.01942388 0.00371493 0.00665003
v -0.01942388 0.00478535 0.00592654
v -0.01942388 0.00571811 0.00503257
v -0.01942388 0.00648637 0.00399381
v -0.01942388 0.00706802 0.00284017
v -0.01942388 0.00744635 0.00160481
v -0.01942388 0.00761045 0.00032329
v -0.01942388 0.00755562 -0.00096753
v -0.01942388 0.00728342 -0.00223052
v -0.01942388 0.00680170 -0.00342934
v -0.01942388 0.00612430 -0.00452951
v -0.01942388 0.00527072 -0.00549937
v -0.01942388 0.00426551 -0.00631102
v -0.01942388 0.00313758 -0.00694112
v -0.01942388 0.00191940 -0.00737153
v -0.01942388 0.00064599 -0.00758988
v -0.01942388 -0.00064599 -0.00758988
v -0.01942388 -0.00191940 -0.00737153
v -0.01942388 -0.00313758 -0.00694112
v -0.01942388 -0.00426551 -0.00631102
v -0.01942388 -0.00527072 -0.00549937
v -0.01942388 -0.00612430 -0.00452951
v -0.01942388 -0.00680170 -0.00342934
v -0.01942388 -0.00728342 -0.00223052
v -0.01942388 -0.00755562 -0.00096753
v -0.01942388 -0.00761045 0.00032329
v -0.01942388 -0.00744635 0.00160481
v -0.01942388 -0.00706802 0.00284017
v -0.01942388 -0.00648637 0.00399381
v -0.01942388 -0.00571811 0.00503257
v -0.01942388 -0.00478535 0.00592654
v -0.01942388 -0.00371493 0.00665003
v -0.01942388 -0.00253763 0.00718220
v -0.01942388 -0.00128733 0.00750775
v -0.01942388 -0.00000000 0.00761732
v -0.01942388 0.00128733 0.00750775
v -0.01942388 0.00253763 0.00718220
v -0.01920711 -0.00355671 0.00636680
v -0.01920711 -0.00242955 0.00687630
v -0.01920711 -0.00123250 0.00718799
v -0.01920711 -0.00000000 0.00729289
v -0.01920711 0.00123250 0.00718799
v -0.01920711 0.00242955 0.00687630
v -0.01888268 -0.00119587 0.00697434
v -0.01888268 -0.00000000 0.00707612
v -0.01888268 0.00119587 0.00697434
v -0.01888268 0.00235734 0.00667191
v -0.01920711 -0.00458154 0.00567413
v -0.01888268 -0.00444536 0.00550547
v -0.01888268 -0.00531185 0.00467501
v -0.01920711 -0.00547457 0.00481823
v -0.01920711 -0.00621011 0.00382372
v -0.01920711 -0.00676700 0.00271920
v -0.01888268 -0.00656585 0.00263838
v -0.01888268 -0.00691730 0.00149079
v -0.01920711 -0.00712921 0.00153646
v -0.01920711 -0.00728632 0.00030952
v -0.01920711 -0.00723382 -0.00092633
v -0.01888268 -0.00701881 -0.00089879
v -0.01888268 -0.00676595 -0.00207205
v -0.01920711 -0.00697322 -0.00213553
v -0.01920711 -0.00651201 -0.00328329
v -0.01920711 -0.00586347 -0.00433660
v -0.01888268 -0.00568918 -0.00420770
v -0.01888268 -0.00489624 -0.00510865
v -0.01920711 -0.00504624 -0.00526515
v -0.01920711 -0.00408384 -0.00604223
v -0.01920711 -0.00300395 -0.00664549
v -0.01888268 -0.00291466 -0.00644796
v -0.01888268 -0.00178303 -0.00684780
v -0.01920711 -0.00183765 -0.00705757
v -0.01920711 -0.00061848 -0.00726662
v -0.01888268 -0.00060010 -0.00705063
v -0.01888268 0.00060010 -0.00705063
v -0.01920711 0.00061848 -0.00726662
v -0.01920711 0.00183765 -0.00705757
v -0.01920711 0.00300395 -0.00664549
v -0.01888268 0.00291466 -0.00644796
v -0.01888268 0.00396245 -0.00586263
v -0.01920711 0.00408384 -0.00604223
v -0.01920711 0.00504624 -0.00526515
v -0.01920711 0.00586347 -0.00433660
v -0.01888268 0.00568918 -0.00420770
v -0.01888268 0.00631845 -0.00318570
v -0.01920711 0.00651201 -0.00328329
v -0.01920711 0.00697322 -0.00213553
v -0.01920711 0.00723382 -0.00092633
v -0.01888268 0.00701881 -0.00089879
v -0.01888268 0.00706974 0.00030032
v -0.01920711 0.00728632 0.00030952
v -0.01920711 0.00712921 0.00153646
v -0.01920711 0.00676700 0.00271920
v -0.01888268 0.00656585 0.00263838
v -0.01888268 0.00602552 0.00371006
v -0.01920711 0.00621011 0.00382372
v -0.01920711 0.00547457 0.00481823
v -0.01920711 0.00458154 0.00567413
v -0.01888268 0.00444536 0.00550547
v -0.01888268 0.00345099 0.00617755
v -0.01920711 0.00355671 0.00636680
f 1 2 3
f 4 5 3
f 3 5 6
f 6 7 3
f 3 7 8
f 3 8 1
f 9 10 11
f 11 10 12
f 11 12 13
f 14 15 16
f 16 15 11
f 16 11 17
f 17 11 13
f 18 19 20
f 20 19 21
f 20 21 22
f 23 24 25
f 24 26 25
f 25 26 27
f 25 27 21
f 21 27 28
f 21 28 22
f 29 30 31
f 30 32 31
f 31 32 33
f 34 35 36
f 35 37 36
f 36 37 38
f 36 38 39
f 39 40 36
f 36 40 41
f 36 41 25
f 25 41 23
f 42 43 44
f 43 45 44
f 44 45 31
f 31 45 46
f 31 46 29
f 47 48 49
f 49 48 50
f 50 51 49
f 49 51 52
f 49 52 44
f 44 52 42
f 33 34 31
f 31 34 36
f 31 36 53
f 53 36 54
f 53 54 55
f 55 54 56
f 55 56 57
f 57 56 58
f 57 58 59
f 59 58 60
f 59 60 61
f 61 60 62
f 61 62 63
f 63 62 64
f 63 64 65
f 65 64 66
f 65 66 67
f 67 66 68
f 67 68 11
f 11 68 3
f 11 3 9
f 9 3 2
f 69 70 71
f 72 73 74
f 75 76 77
f 77 76 78
f 79 80 81
f 81 80 82
f 82 80 83
f 82 83 76
f 76 83 84
f 76 84 78
f 85 86 87
f 87 86 88
f 87 88 79
f 79 88 89
f 79 89 80
f 90 91 92
f 91 93 92
f 92 93 94
f 92 94 95
f 95 94 96
f 95 96 87
f 87 96 85
f 97 98 99
f 99 98 100
f 100 98 101
f 100 101 102
f 92 103 90
f 90 103 104
f 90 104 105
f 105 104 100
f 105 100 106
f 106 100 102
f 107 108 109
f 109 108 110
f 109 110 111
f 111 110 112
f 111 112 113
f 113 112 114
f 113 114 115
f 115 114 116
f 115 116 117
f 117 116 118
f 117 118 97
f 97 118 119
f 97 119 98
f 120 121 122
f 122 121 123
f 107 109 122
f 122 109 124
f 122 124 120
f 125 126 127
f 127 126 128
f 127 128 129
f 129 128 121
f 121 128 130
f 121 130 123
f 131 132 133
f 133 132 134
f 133 134 127
f 127 134 135
f 127 135 125
f 136 137 131
f 131 137 138
f 131 138 132
f 139 140 141
f 141 140 142
f 141 142 136
f 136 142 137
f 143 144 145
f 145 144 146
f 145 146 139
f 139 146 147
f 139 147 148
f 139 148 140
f 143 145 149
f 149 145 150
f 149 150 151
f 151 150 152
f 151 152 153
f 154 155 156
f 156 155 157
f 156 157 152
f 152 157 158
f 152 158 153
f 159 160 161
f 161 160 154
f 154 160 162
f 154 162 155
f 74 73 163
f 163 73 164
f 163 164 165
f 165 164 161
f 161 164 166
f 161 166 159
f 167 168 169
f 169 168 170
f 169 170 171
f 171 170 172
f 171 172 74
f 74 172 173
f 74 173 72
f 71 70 174
f 174 70 175
f 174 175 176
f 176 175 169
f 169 175 167
f 177 178 179
f 179 178 180
f 179 180 181
f 181 180 182
f 181 182 183
f 183 182 184
f 183 184 185
f 185 184 186
f 185 186 71
f 71 186 187
f 71 187 69
f 188 189 190
f 190 191 188
f 188 191 192
f 188 192 193
f 193 192 194
f 193 194 177
f 177 194 195
f 177 195 178
f 196 197 198
f 198 197 199
f 189 188 198
f 198 188 200
f 198 200 196
f 201 202 203
f 203 202 204
f 203 204 205
f 205 204 206
f 205 206 197
f 197 206 207
f 197 207 199
f 201 203 208
f 208 203 209
f 209 203 210
f 209 210 211
f 212 213 214
f 214 213 215
f 214 215 210
f 210 215 216
f 210 216 211
f 75 217 76
f 76 217 218
f 76 218 212
f 212 218 219
f 212 219 213
f 220 221 222
f 223 224 221
f 221 224 225
f 221 225 222
f 226 227 228
f 228 227 229
f 228 229 223
f 223 229 230
f 223 230 224
f 231 232 233
f 233 232 234
f 233 234 235
f 236 237 226
f 226 237 238
f 226 238 227
f 234 239 235
f 235 239 240
f 235 240 236
f 236 240 241
f 236 241 237
f 242 243 231
f 231 243 244
f 231 244 232
f 245 246 242
f 242 246 247
f 242 247 243
f 222 248 220
f 220 248 249
f 220 249 250
f 250 249 251
f 250 251 245
f 245 251 252
f 245 252 246
f 253 254 239
f 239 254 255
f 239 255 240
f 240 255 256
f 240 256 241
f 241 256 257
f 241 257 237
f 237 257 258
f 237 258 238
f 238 258 259
f 238 259 227
f 227 259 260
f 227 260 229
f 229 260 261
f 229 261 230
f 230 261 262
f 230 262 224
f 224 262 263
f 224 263 225
f 225 263 264
f 225 264 222
f 222 264 265
f 222 265 248
f 248 265 266
f 248 266 249
f 249 266 267
f 249 267 251
f 251 267 268
f 251 268 252
f 252 268 269
f 252 269 246
f 246 269 270
f 246 270 247
f 247 270 271
f 247 271 243
f 243 271 272
f 243 272 244
f 244 272 273
f 244 273 232
f 232 273 274
f 232 274 234
f 234 274 253
f 234 253 239
f 275 276 277
f 277 276 278
f 277 278 279
f 279 278 280
f 279 280 281
f 282 283 284
f 284 283 285
f 284 285 286
f 286 285 287
f 286 287 288
f 289 290 291
f 291 290 292
f 291 292 282
f 282 292 293
f 282 293 283
f 287 294 288
f 288 294 295
f 288 295 296
f 296 295 297
f 296 297 275
f 275 297 298
f 275 298 276
f 299 300 301
f 301 300 302
f 301 302 303
f 280 304 281
f 281 304 305
f 281 305 306
f 306 305 307
f 306 307 308
f 308 307 309
f 308 309 299
f 299 309 310
f 299 310 300
f 302 311 303
f 303 311 312
f 303 312 313
f 313 312 314
f 313 314 315
f 315 314 316
f 315 316 317
f 317 316 318
f 317 318 319
f 319 318 320
f 319 320 321
f 321 320 322
f 321 322 323
f 323 322 324
f 323 324 289
f 289 324 325
f 289 325 290
f 326 327 328
f 328 329 326
f 326 329 330
f 326 330 331
f 330 332 331
f 331 332 333
f 331 333 334
f 333 335 334
f 334 335 336
f 334 336 337
f 336 338 337
f 337 338 339
f 337 339 340
f 339 341 340
f 340 341 342
f 340 342 343
f 342 344 343
f 343 344 345
f 343 345 346
f 345 347 346
f 346 347 348
f 346 348 349
f 348 350 349
f 349 350 351
f 349 351 352
f 351 353 352
f 352 353 354
f 352 354 355
f 354 356 355
f 355 356 357
f 355 357 358
f 357 359 358
f 358 359 360
f 358 360 361
f 360 362 361
f 361 362 363
f 361 363 364
f 363 365 364
f 364 365 366
f 364 366 367
f 366 368 367
f 367 368 369
f 367 369 370
f 370 369 371
f 371 372 370
f 370 372 373
f 370 373 374
f 373 375 374
f 374 375 376
f 374 376 377
f 377 376 378
f 377 378 379
f 379 378 380
f 380 381 379
f 379 381 382
f 379 382 383
f 383 382 384
f 383 384 385
f 384 386 385
f 385 386 387
f 385 387 388
f 387 389 388
f 388 389 390
f 388 390 391
f 390 392 391
f 391 392 393
f 391 393 394
f 393 395 394
f 394 395 396
f 394 396 397
f 396 398 397
f 397 398 399
f 397 399 400
f 399 401 400
f 400 401 402
f 400 402 403
f 402 404 403
f 403 404 405
f 403 405 406
f 405 407 406
f 406 407 408
f 406 408 409
f 408 410 409
f 409 410 411
f 409 411 327
f 327 411 412
f 327 412 328
f 413 414 415
f 415 414 416
f 415 416 417
f 417 416 418
f 417 418 419
f 419 418 420
f 419 420 421
f 420 422 421
f 421 422 423
f 421 423 424
f 424 423 425
f 424 425 426
f 426 425 427
f 426 427 428
f 428 427 429
f 428 429 430
f 429 431 430
f 430 431 432
f 430 432 433
f 433 432 434
f 433 434 435
f 435 434 436
f 435 436 437
f 438 439 440
f 440 439 441
f 440 441 442
f 442 441 443
f 442 443 413
f 413 443 444
f 413 444 414
f 445 446 447
f 447 446 448
f 447 448 449
f 449 448 450
f 449 450 451
f 450 452 451
f 451 452 453
f 451 453 454
f 454 453 455
f 454 455 456
f 456 455 457
f 456 457 458
f 458 457 459
f 458 459 460
f 436 461 437
f 437 461 462
f 437 462 463
f 463 462 464
f 463 464 465
f 465 464 466
f 465 466 467
f 467 466 468
f 467 468 445
f 445 468 469
f 445 469 446
f 459 470 460
f 460 470 471
f 460 471 472
f 472 471 473
f 472 473 474
f 474 473 475
f 474 475 476
f 476 475 477
f 476 477 438
f 438 477 478
f 438 478 439
f 479 480 481
f 481 480 482
f 481 482 483
f 483 482 484
f 483 484 485
f 485 484 486
f 485 486 487
f 487 486 488
f 487 488 489
f 489 488 490
f 489 490 491
f 492 493 494
f 494 493 495
f 494 495 496
f 496 495 497
f 496 497 498
f 498 497 499
f 498 499 500
f 500 499 501
f 500 501 502
f 502 501 503
f 502 503 504
f 504 503 505
f 504 505 479
f 479 505 506
f 479 506 480
f 507 508 509
f 509 508 510
f 509 510 511
f 511 510 512
f 511 512 513
f 513 512 514
f 513 514 515
f 515 514 516
f 515 516 517
f 517 516 518
f 517 518 492
f 492 518 519
f 492 519 493
f 490 520 491
f 491 520 521
f 491 521 522
f 522 521 523
f 522 523 524
f 524 523 525
f 524 525 526
f 526 525 527
f 526 527 528
f 528 527 529
f 528 529 530
f 530 529 531
f 530 531 532
f 532 531 533
f 532 533 507
f 507 533 534
f 507 534 508
f 535 536 537
f 537 536 538
f 537 538 539
f 539 538 540
f 539 540 541
f 541 540 542
f 541 542 543
f 543 542 544
f 543 544 545
f 545 544 546
f 545 546 547
f 546 548 547
f 547 548 549
f 547 549 550
f 550 549 551
f 550 551 552
f 552 551 553
f 552 553 554
f 554 553 555
f 554 555 556
f 556 555 557
f 556 557 558
f 558 557 559
f 558 559 560
f 560 559 561
f 560 561 562
f 563 564 565
f 565 564 566
f 565 566 567
f 567 566 568
f 567 568 569
f 569 568 570
f 569 570 571
f 571 570 572
f 571 572 573
f 573 572 574
f 573 574 575
f 575 574 576
f 575 576 535
f 535 576 577
f 535 577 536
f 561 578 562
f 562 578 579
f 562 579 580
f 580 579 581
f 580 581 582
f 582 581 583
f 582 583 584
f 584 583 585
f 584 585 586
f 586 585 587
f 586 587 588
f 588 587 589
f 588 589 563
f 563 589 590
f 563 590 564
f 591 592 593
f 593 594 591
f 591 594 595
f 591 595 596
f 596 597 591
f 591 597 598
f 591 598 599
f 599 600 601
f 601 600 602
f 601 602 603
f 603 604 601
f 601 604 605
f 601 605 606
f 607 608 609
f 609 610 607
f 607 610 611
f 607 611 591
f 591 611 612
f 591 612 592
f 613 614 615
f 615 614 616
f 615 616 617
f 617 616 618
f 617 618 619
f 619 620 617
f 617 620 621
f 617 621 607
f 607 621 622
f 607 622 608
f 623 624 625
f 625 624 626
f 625 626 615
f 615 626 627
f 615 627 613
f 628 629 630
f 630 629 631
f 630 631 625
f 625 631 632
f 625 632 623
f 633 634 635
f 634 636 635
f 635 636 637
f 635 637 630
f 630 637 628
f 638 639 640
f 640 639 641
f 640 641 635
f 635 641 642
f 635 642 633
f 643 644 645
f 645 644 646
f 645 646 647
f 647 648 645
f 645 648 649
f 645 649 650
f 650 651 645
f 645 651 652
f 645 652 653
f 654 655 656
f 656 655 657
f 657 658 656
f 656 658 659
f 656 659 660
f 660 661 656
f 656 661 662
f 656 662 640
f 640 662 663
f 640 663 638
f 664 665 643
f 643 665 666
f 643 666 644
f 667 668 669
f 669 668 670
f 670 668 671
f 670 671 672
f 672 673 670
f 670 673 674
f 670 674 643
f 643 674 664
f 675 676 677
f 677 676 678
f 677 678 669
f 669 678 679
f 669 679 667
f 680 681 682
f 682 681 677
f 677 681 683
f 684 683 675
f 685 686 687
f 687 686 688
f 687 688 682
f 682 688 689
f 682 689 680
f 690 691 692
f 606 693 601
f 601 693 694
f 601 694 692
f 692 694 695
f 692 695 690
f 691 696 692
f 692 696 697
f 692 697 687
f 687 697 698
f 687 698 685
f 699 700 701
f 701 702 699
f 699 702 703
f 699 703 704
f 704 705 699
f 699 705 706
f 699 706 707
f 708 709 710
f 710 709 711
f 711 712 710
f 710 712 713
f 710 713 714
f 715 716 717
f 717 718 715
f 715 718 719
f 715 719 699
f 699 719 720
f 699 720 700
f 721 722 723
f 723 722 724
f 723 724 725
f 725 724 726
f 725 726 727
f 727 728 725
f 725 728 729
f 725 729 715
f 715 729 730
f 715 730 716
f 731 732 733
f 733 732 734
f 733 734 723
f 723 734 735
f 723 735 721
f 736 737 738
f 738 737 739
f 738 739 733
f 733 739 740
f 733 740 731
f 741 742 743
f 742 744 743
f 743 744 745
f 743 745 738
f 738 745 736
f 746 747 748
f 748 747 749
f 748 749 743
f 743 749 750
f 743 750 741
f 751 752 753
f 753 752 754
f 753 754 755
f 755 756 753
f 753 756 757
f 753 757 758
f 758 759 753
f 753 759 760
f 753 760 761
f 761 762 763
f 763 762 764
f 763 764 765
f 765 766 763
f 763 766 767
f 763 767 768
f 768 769 763
f 763 769 770
f 763 770 748
f 748 770 771
f 748 771 746
f 772 773 751
f 751 773 774
f 751 774 752
f 775 776 777
f 777 776 778
f 778 776 779
f 778 779 780
f 780 781 778
f 778 781 782
f 778 782 751
f 751 782 783
f 751 783 772
f 784 785 786
f 786 785 787
f 786 787 777
f 777 787 788
f 777 788 775
f 789 790 791
f 791 790 786
f 786 790 792
f 786 792 784
f 793 794 795
f 795 794 796
f 795 796 791
f 791 796 797
f 791 797 789
f 798 799 800
f 714 801 710
f 710 801 802
f 710 802 800
f 800 802 803
f 800 803 798
f 799 804 800
f 800 804 805
f 800 805 795
f 795 805 806
f 795 806 793
f 761 763 753
f 753 763 807
f 753 807 808
f 808 807 809
f 808 809 810
f 810 809 811
f 810 811 812
f 812 811 813
f 812 813 814
f 814 813 815
f 814 815 816
f 816 815 817
f 816 817 818
f 818 817 645
f 818 645 656
f 656 645 653
f 656 653 654
f 599 601 591
f 591 601 819
f 591 819 820
f 820 819 821
f 820 821 822
f 822 821 823
f 822 823 824
f 824 823 825
f 824 825 826
f 826 825 827
f 826 827 828
f 828 827 829
f 828 829 830
f 830 829 699
f 830 699 710
f 710 699 707
f 710 707 708
f 831 832 833
f 833 832 834
f 833 834 835
f 835 834 836
f 835 836 837
f 838 839 840
f 840 839 841
f 840 841 842
f 842 841 843
f 842 843 844
f 836 845 837
f 837 845 846
f 837 846 847
f 847 846 848
f 847 848 838
f 838 848 849
f 838 849 839
f 850 851 852
f 852 851 853
f 852 853 854
f 843 855 844
f 844 855 856
f 844 856 857
f 857 856 858
f 857 858 859
f 859 858 860
f 859 860 850
f 850 860 861
f 850 861 851
f 862 863 864
f 864 863 865
f 864 865 831
f 831 865 866
f 831 866 832
f 853 867 854
f 854 867 868
f 854 868 869
f 869 868 870
f 869 870 871
f 871 870 872
f 871 872 873
f 873 872 874
f 873 874 875
f 875 874 876
f 875 876 877
f 877 876 878
f 877 878 879
f 879 878 880
f 879 880 862
f 862 880 881
f 862 881 863
f 882 883 884
f 885 43 886
f 886 43 887
f 886 887 888
f 889 45 885
f 885 45 43
f 890 891 892
f 892 891 893
f 892 893 894
f 894 893 895
f 894 895 896
f 896 897 894
f 894 897 29
f 894 29 889
f 889 29 46
f 889 46 45
f 897 898 29
f 29 898 899
f 29 899 900
f 900 901 29
f 29 901 902
f 29 902 30
f 30 902 903
f 35 34 904
f 904 34 33
f 904 33 905
f 905 33 903
f 903 33 32
f 903 32 30
f 906 907 40
f 908 909 40
f 40 909 910
f 40 910 906
f 904 911 35
f 35 911 912
f 35 912 37
f 37 912 38
f 908 40 912
f 912 40 39
f 912 39 38
f 913 914 915
f 915 916 913
f 913 916 917
f 913 917 918
f 918 917 919
f 907 914 40
f 40 914 913
f 40 913 41
f 41 913 920
f 41 920 23
f 23 920 921
f 922 18 923
f 923 18 924
f 18 20 924
f 924 20 22
f 924 22 925
f 925 22 28
f 925 28 926
f 926 28 27
f 926 27 927
f 927 27 26
f 927 26 921
f 921 26 24
f 921 24 23
f 923 928 922
f 922 928 929
f 922 929 930
f 930 929 931
f 930 931 932
f 932 931 933
f 932 933 934
f 934 933 935
f 934 935 936
f 936 935 937
f 937 935 938
f 937 938 939
f 939 938 940
f 939 940 941
f 941 940 942
f 941 942 943
f 943 944 941
f 941 944 945
f 941 945 946
f 946 945 947
f 946 947 948
f 948 947 949
f 949 947 950
f 949 950 951
f 952 953 954
f 954 953 955
f 954 955 951
f 951 955 956
f 951 956 949
f 952 954 957
f 957 954 958
f 957 958 959
f 960 961 962
f 958 963 959
f 959 963 964
f 959 964 965
f 960 962 964
f 964 962 965
f 961 966 962
f 962 966 967
f 962 967 883
f 883 967 968
f 883 968 884
f 969 970 971
f 971 970 972
f 971 972 883
f 883 972 973
f 883 973 962
f 887 974 888
f 888 974 52
f 888 52 975
f 975 52 51
f 975 51 976
f 976 51 50
f 976 50 977
f 977 50 48
f 977 48 978
f 978 48 979
f 978 979 980
f 980 979 981
f 980 981 982
f 982 981 983
f 982 983 984
f 984 983 969
f 969 983 985
f 969 985 970
f 917 986 919
f 919 986 987
f 919 987 988
f 988 987 989
f 988 989 890
f 890 989 990
f 890 990 891
f 882 884 991
f 991 884 992
f 991 992 993
f 993 994 991
f 991 994 995
f 991 995 996
f 996 995 997
f 998 999 1000
f 1000 999 1001
f 1000 1001 997
f 997 1001 1002
f 997 1002 996
f 998 1003 999
f 999 1003 1004
f 999 1004 1005
f 1005 1004 1006
f 1005 1006 940
f 940 1006 1007
f 940 1007 942
f 1008 1009 1010
f 1010 1011 1008
f 1008 1011 1012
f 1008 1012 1013
f 1012 1014 1013
f 1013 1014 1015
f 1013 1015 1016
f 1015 1017 1016
f 1016 1017 1018
f 1016 1018 1019
f 1018 1020 1019
f 1019 1020 1021
f 1019 1021 1022
f 1021 1023 1022
f 1022 1023 1024
f 1022 1024 1025
f 1024 1026 1025
f 1025 1026 1027
f 1025 1027 1028
f 1027 1029 1028
f 1028 1029 1030
f 1028 1030 1031
f 1030 1032 1031
f 1031 1032 1033
f 1031 1033 1034
f 1033 1035 1034
f 1034 1035 1036
f 1034 1036 1037
f 1036 1038 1037
f 1037 1038 1039
f 1037 1039 1040
f 1039 1041 1040
f 1040 1041 1042
f 1040 1042 1043
f 1042 1044 1043
f 1043 1044 1045
f 1043 1045 1046
f 1045 1047 1046
f 1046 1047 1048
f 1046 1048 1049
f 1048 1050 1049
f 1049 1050 1051
f 1049 1051 1052
f 1051 1053 1052
f 1052 1053 1054
f 1052 1054 1055
f 1054 1056 1055
f 1055 1056 1057
f 1055 1057 1058
f 1058 1057 1059
f 1059 1060 1058
f 1058 1060 1061
f 1058 1061 1062
f 1062 1061 1063
f 1062 1063 1064
f 1063 1065 1064
f 1064 1065 1066
f 1064 1066 1067
f 1066 1068 1067
f 1067 1068 1069
f 1067 1069 1070
f 1069 1071 1070
f 1070 1071 1072
f 1070 1072 1073
f 1072 1074 1073
f 1073 1074 1075
f 1073 1075 1076
f 1075 1077 1076
f 1076 1077 1078
f 1076 1078 1079
f 1078 1080 1079
f 1079 1080 1081
f 1079 1081 1082
f 1081 1083 1082
f 1082 1083 1084
f 1082 1084 1085
f 1084 1086 1085
f 1085 1086 1087
f 1085 1087 1088
f 1087 1089 1088
f 1088 1089 1090
f 1088 1090 1091
f 1090 1092 1091
f 1091 1092 1093
f 1091 1093 1009
f 1009 1093 1094
f 1009 1094 1010
f 1095 1096 1097
f 1097 1096 1098
f 1097 1098 1099
f 1099 1098 1100
f 1099 1100 1101
f 1101 1100 1102
f 1101 1102 1103
f 1102 1104 1103
f 1103 1104 1105
f 1103 1105 1106
f 1106 1105 1107
f 1106 1107 1108
f 1108 1107 1109
f 1108 1109 1110
f 1110 1109 1111
f 1110 1111 1112
f 1113 1114 1115
f 1115 1114 1116
f 1115 1116 1117
f 1117 1116 1118
f 1117 1118 1095
f 1095 1118 1119
f 1095 1119 1096
f 1111 1120 1112
f 1112 1120 1121
f 1112 1121 1122
f 1122 1121 1123
f 1122 1123 1124
f 1124 1123 1125
f 1124 1125 1126
f 1127 1128 1129
f 1129 1128 1130
f 1129 1130 1131
f 1131 1130 1132
f 1131 1132 1133
f 1132 1134 1133
f 1133 1134 1135
f 1133 1135 1136
f 1136 1135 1137
f 1136 1137 1138
f 1138 1137 1139
f 1138 1139 1140
f 1140 1139 1141
f 1140 1141 1142
f 1125 1143 1126
f 1126 1143 1144
f 1126 1144 1145
f 1145 1144 1146
f 1145 1146 1147
f 1147 1146 1148
f 1147 1148 1149
f 1149 1148 1150
f 1149 1150 1127
f 1127 1150 1151
f 1127 1151 1128
f 1141 1152 1142
f 1142 1152 1153
f 1142 1153 1154
f 1154 1153 1155
f 1154 1155 1156
f 1156 1155 1157
f 1156 1157 1158
f 1158 1157 1159
f 1158 1159 1113
f 1113 1159 1160
f 1113 1160 1114
f 1161 1162 1163
f 1164 1165 1166
f 1167 1168 1169
f 1170 1171 1172
f 1172 1171 1173
f 1172 1173 1174
f 1170 1172 1175
f 1175 1172 1176
f 1175 1176 1169
f 1169 1176 1177
f 1169 1177 1167
f 1178 1179 1168
f 1168 1179 1180
f 1180 1181 1168
f 1168 1181 1169
f 1182 1183 1184
f 1184 1183 1185
f 1166 1165 1186
f 1186 1165 1187
f 1186 1187 1188
f 1178 1185 1179
f 1179 1185 1183
f 1179 1183 1189
f 1188 1187 1183
f 1183 1187 1190
f 1183 1190 1189
f 1191 1192 1193
f 1194 1195 1196
f 1191 1193 1195
f 1195 1193 1197
f 1195 1197 1196
f 1192 1198 1193
f 1193 1198 1199
f 1193 1199 1200
f 1200 1199 1201
f 1200 1201 1166
f 1166 1201 1202
f 1166 1202 1164
f 1203 1204 1205
f 1203 1205 1206
f 1206 1205 1207
f 1206 1207 1194
f 1194 1207 1208
f 1194 1208 1195
f 1209 1210 1211
f 1211 1210 1212
f 1204 1203 1212
f 1212 1203 1213
f 1212 1213 1211
f 1214 1215 1216
f 1216 1215 1217
f 1216 1217 1218
f 1218 1217 1219
f 1218 1219 1209
f 1209 1219 1220
f 1209 1220 1210
f 1221 1222 1223
f 1224 1225 1216
f 1216 1225 1214
f 1222 1226 1223
f 1223 1226 1225
f 1223 1225 1227
f 1227 1225 1224
f 1229 1228 1230
f 1229 1230 1231
f 1231 1230 1232
f 1231 1232 1223
f 1223 1232 1233
f 1223 1233 1221
f 1234 1235 1229
f 1229 1235 1228
f 1228 1235 1236
f 1228 1236 1237
f 1237 1236 1238
f 1237 1238 1239
f 1240 1241 1238
f 1238 1241 1242
f 1238 1242 1239
f 1240 1243 1241
f 1241 1243 1244
f 1241 1244 1245
f 1245 1244 1246
f 1245 1246 1247
f 1247 1246 1248
f 1248 1246 1249
f 1248 1249 1250
f 1251 1252 1249
f 1249 1252 1250
f 1253 1254 1251
f 1251 1254 1255
f 1251 1255 1252
f 1256 1257 1253
f 1253 1257 1258
f 1253 1258 1254
f 1256 1259 1257
f 1257 1259 1260
f 1257 1260 1261
f 1262 1163 1263
f 1263 1163 1264
f 1264 1163 1162
f 1264 1162 1265
f 1265 1162 1260
f 1260 1162 1266
f 1260 1266 1261
f 1267 1268 1269
f 1268 1270 1269
f 1269 1270 1271
f 1269 1271 1272
f 1272 1271 1273
f 1272 1273 1163
f 1163 1273 1274
f 1163 1274 1161
f 1269 1275 1267
f 1267 1275 1276
f 1267 1276 1277
f 1277 1276 1278
f 1277 1278 1279
f 1279 1278 1280
f 1281 1282 1283
f 1283 1282 1284
f 1283 1284 1278
f 1278 1284 1280
f 1285 1286 1287
f 1287 1286 1288
f 1287 1288 1289
f 1289 1288 1290
f 1289 1290 1291
f 1290 1292 1291
f 1291 1292 1293
f 1291 1293 1294
f 1294 1293 1295
f 1294 1295 1296
f 1296 1295 1297
f 1296 1297 1281
f 1281 1297 1298
f 1281 1298 1282
f 1299 1300 1301
f 1301 1300 1302
f 1285 1287 1301
f 1301 1287 1303
f 1301 1303 1299
f 1304 1305 1306
f 1306 1307 1304
f 1304 1307 1308
f 1304 1308 1309
f 1309 1308 1310
f 1309 1310 1300
f 1300 1310 1311
f 1300 1311 1302
f 1312 1313 1314
f 1314 1315 1312
f 1312 1315 1316
f 1312 1316 1317
f 1317 1316 1305
f 1317 1305 1318
f 1318 1305 1304
f 1319 1320 1321
f 1322 1323 1320
f 1320 1323 1324
f 1320 1324 1321
f 1322 1325 1323
f 1323 1325 1326
f 1323 1326 1327
f 1327 1326 1328
f 1327 1328 1329
f 1173 1330 1174
f 1174 1330 1331
f 1174 1331 1328
f 1328 1331 1332
f 1328 1332 1329
f 1234 1229 1333
f 1234 1333 1334
f 1334 1333 1335
f 1334 1335 1336
f 1336 1335 1337
f 1262 1263 1338
f 1338 1263 1339
f 1338 1339 1340
f 1340 1341 1338
f 1338 1341 1342
f 1338 1342 1343
f 1343 1342 1344
f 1343 1344 1345
f 1345 1344 1346
f 1345 1346 1347
f 1347 1346 1348
f 1347 1348 1335
f 1335 1348 1349
f 1335 1349 1337
f 1182 1184 1350
f 1350 1184 1351
f 1350 1351 1352
f 1352 1353 1350
f 1350 1353 1354
f 1350 1354 1355
f 1350 1355 1356
f 1356 1355 1357
f 1356 1357 1358
f 1358 1357 1359
f 1359 1357 1360
f 1359 1360 1361
f 1361 1360 1362
f 1361 1362 1363
f 1321 1364 1319
f 1319 1364 1313
f 1319 1313 1365
f 1365 1313 1312
f 1365 1312 1366
f 1366 1312 1367
f 1366 1367 1368
f 1368 1367 1361
f 1368 1361 1369
f 1369 1361 1363
f 983 981 1370
f 1370 981 47
f 47 981 979
f 47 979 48
f 972 970 1371
f 1371 970 985
f 1371 985 1370
f 1370 985 983
f 952 957 1372
f 941 1373 939
f 939 1373 1374
f 939 1374 937
f 941 946 1373
f 1373 946 948
f 1373 948 949
f 949 956 1373
f 1373 956 955
f 1373 955 953
f 957 959 1372
f 1372 959 965
f 965 962 1372
f 1372 962 1371
f 1371 962 973
f 1371 973 972
f 930 1375 922
f 922 1375 19
f 922 19 18
f 930 932 1375
f 1375 932 934
f 1375 934 1374
f 1374 934 936
f 1374 936 937
f 1376 1377 1378
f 15 14 1378
f 1378 14 1379
f 1379 1380 1378
f 1378 1380 1381
f 1378 1381 1376
f 1382 1383 1384
f 1384 1383 1385
f 1384 1385 1386
f 5 4 1387
f 1387 4 1384
f 1387 1384 1388
f 1388 1384 1386
f 1377 1382 1378
f 1378 1382 1384
f 1378 1384 1389
f 1389 1384 1390
f 1389 1390 1391
f 1391 1390 1392
f 1391 1392 1393
f 1393 1392 1394
f 1393 1394 1395
f 1395 1394 1396
f 1395 1396 1397
f 1397 1396 1398
f 1397 1398 1399
f 1399 1398 1400
f 1399 1400 1401
f 1401 1400 1402
f 1401 1402 1403
f 1403 1402 1404
f 1403 1404 1372
f 1372 1404 1373
f 1372 1373 952
f 952 1373 953
f 1405 1406 1407
f 1406 80 1407
f 1407 80 89
f 1407 89 1408
f 1408 89 88
f 86 1409 88
f 88 1409 1410
f 88 1410 1408
f 1409 86 85
f 1409 85 1411
f 1411 85 1412
f 1411 1412 1413
f 1413 1412 96
f 1413 96 94
f 1413 94 1414
f 94 93 1414
f 1414 93 91
f 1414 91 1415
f 1415 91 90
f 1415 90 1416
f 1416 90 105
f 1416 105 1417
f 105 106 1417
f 1417 106 102
f 1417 102 1418
f 1418 102 101
f 1418 101 1419
f 1419 101 98
f 1419 98 1420
f 1420 98 1421
f 1422 792 1423
f 1423 792 790
f 1423 790 1424
f 1424 790 789
f 1424 789 1425
f 1425 789 797
f 1425 797 1426
f 1426 797 796
f 1426 796 1427
f 1427 796 794
f 1427 794 1428
f 1428 794 793
f 1428 793 1429
f 1429 793 806
f 1429 806 1430
f 98 119 1421
f 1421 119 118
f 1421 118 1431
f 1431 118 116
f 1431 116 1432
f 1432 116 114
f 1432 114 1433
f 1434 788 1435
f 1435 788 787
f 1435 787 1436
f 1436 787 785
f 1436 785 1422
f 1422 785 784
f 1422 784 792
f 114 112 1433
f 1433 112 110
f 1433 110 1437
f 1437 110 108
f 1437 108 1438
f 1438 108 107
f 1438 107 1439
f 107 122 1439
f 1439 122 123
f 1439 123 1440
f 1440 123 130
f 1440 130 1441
f 1441 130 128
f 1441 128 1442
f 1443 780 1444
f 1444 780 779
f 1444 779 1445
f 1445 779 776
f 1445 776 1446
f 1446 776 1447
f 1446 1447 1434
f 1434 1447 775
f 1434 775 788
f 1442 128 126
f 1442 126 1448
f 1448 126 125
f 1448 125 1449
f 1449 125 135
f 1449 135 1450
f 1450 135 134
f 1450 134 1451
f 134 132 1451
f 1451 132 138
f 1451 138 1452
f 1452 138 137
f 1452 137 1453
f 1453 137 1454
f 137 142 1454
f 1454 142 140
f 1454 140 1455
f 1455 140 148
f 1455 148 1456
f 1456 148 147
f 1456 147 1457
f 147 146 1457
f 1457 146 144
f 1457 144 1458
f 1458 144 143
f 1458 143 1459
f 1459 143 149
f 1459 149 1460
f 1460 149 1461
f 149 151 1461
f 1461 151 153
f 1461 153 1462
f 1462 153 158
f 1462 158 1463
f 1463 158 157
f 1463 157 1464
f 1464 157 1465
f 157 155 1465
f 1465 155 162
f 1465 162 1466
f 1466 162 160
f 1466 160 1467
f 1467 160 1468
f 160 159 1468
f 1468 159 166
f 1468 166 1469
f 1469 166 164
f 1469 164 1470
f 1470 164 73
f 1470 73 1471
f 1472 747 1473
f 1473 747 746
f 1473 746 1474
f 1474 746 771
f 1474 771 1475
f 1475 771 770
f 1475 770 1476
f 1476 770 769
f 1476 769 1477
f 1477 769 768
f 1477 768 1478
f 1478 768 767
f 1478 767 1479
f 1479 767 766
f 1479 766 1480
f 1480 766 765
f 1480 765 1481
f 1481 765 764
f 1481 764 1482
f 1482 764 762
f 1482 762 1483
f 1483 762 761
f 1483 761 1484
f 1484 761 760
f 1484 760 1485
f 1485 760 759
f 1485 759 1486
f 1486 759 758
f 1486 758 1487
f 1487 758 757
f 1487 757 1488
f 1488 757 756
f 1488 756 1489
f 1489 756 755
f 1489 755 1490
f 1490 755 754
f 1490 754 1491
f 1491 754 752
f 1491 752 1492
f 1492 752 774
f 1492 774 1493
f 1493 774 773
f 1493 773 1494
f 1494 773 772
f 1494 772 1495
f 1495 772 783
f 1495 783 1496
f 1496 783 782
f 1496 782 1443
f 1443 782 781
f 1443 781 780
f 73 72 1471
f 1471 72 173
f 1471 173 1497
f 1497 173 172
f 1497 172 1498
f 1498 172 170
f 1498 170 1499
f 1500 744 742
f 1500 742 1501
f 1501 742 741
f 1501 741 1502
f 1502 741 750
f 1502 750 1472
f 1472 750 749
f 1472 749 747
f 170 168 1499
f 1499 168 167
f 1499 167 1503
f 1503 167 175
f 1503 175 1504
f 1504 175 70
f 1504 70 1505
f 1506 739 1507
f 1507 739 737
f 1507 737 1508
f 1508 737 736
f 1508 736 1509
f 1509 736 1500
f 1500 736 745
f 1500 745 744
f 70 69 1505
f 1505 69 187
f 1505 187 1510
f 1510 187 186
f 1510 186 1511
f 1511 186 184
f 1511 184 1512
f 1513 735 1514
f 1514 735 734
f 1514 734 1515
f 1515 734 732
f 1515 732 1516
f 1516 732 731
f 1516 731 1506
f 1506 731 740
f 1506 740 739
f 184 182 1512
f 1512 182 180
f 1512 180 1517
f 1517 180 178
f 1517 178 1518
f 1518 178 195
f 1518 195 1519
f 1519 195 194
f 1519 194 1520
f 194 192 1520
f 1520 192 191
f 1520 191 1521
f 1521 191 190
f 1521 190 1522
f 1522 190 189
f 1522 189 1523
f 1524 727 1525
f 1525 727 726
f 1525 726 1526
f 1526 726 724
f 1526 724 1527
f 1527 724 722
f 1527 722 1513
f 1513 722 721
f 1513 721 735
f 189 198 1523
f 1523 198 199
f 1523 199 1528
f 1528 199 207
f 1528 207 1529
f 1529 207 206
f 1529 206 1530
f 1531 717 1532
f 1532 717 716
f 1532 716 1533
f 1533 716 730
f 1533 730 1534
f 1534 730 729
f 1534 729 1524
f 1524 729 728
f 1524 728 727
f 206 1535 1530
f 1530 1535 202
f 1530 202 1536
f 1536 202 201
f 208 1537 201
f 201 1537 1538
f 201 1538 1536
f 208 209 1537
f 1537 209 211
f 1537 211 1539
f 1539 211 216
f 215 1540 216
f 216 1540 1541
f 216 1541 1539
f 215 213 1540
f 1540 213 219
f 1540 219 1542
f 1542 219 218
f 1542 218 1543
f 1543 218 217
f 1544 705 1545
f 1545 705 704
f 1545 704 1546
f 1546 704 703
f 1546 703 1547
f 1547 703 702
f 1547 702 1548
f 1548 702 701
f 1548 701 1549
f 1549 701 700
f 1549 700 1550
f 1550 700 720
f 1550 720 1551
f 1551 720 719
f 1551 719 1531
f 1531 719 718
f 1531 718 717
f 75 1552 217
f 217 1552 1553
f 217 1553 1543
f 75 77 1552
f 1552 77 78
f 1552 78 1554
f 1554 78 84
f 1554 84 1555
f 1555 84 1405
f 1555 1405 1556
f 1556 1405 1407
f 1552 1557 1553
f 1553 1557 1558
f 1553 1558 1543
f 1543 1558 1559
f 1543 1559 1542
f 1542 1559 1560
f 1542 1560 1540
f 1540 1560 1561
f 1540 1561 1541
f 1541 1561 1562
f 1541 1562 1539
f 1539 1562 1563
f 1539 1563 1537
f 1537 1563 1564
f 1537 1564 1538
f 1538 1564 1565
f 1538 1565 1536
f 1536 1565 1566
f 1536 1566 1530
f 1530 1566 1567
f 1530 1567 1529
f 1529 1567 1568
f 1529 1568 1528
f 1528 1568 1569
f 1528 1569 1523
f 1523 1569 1570
f 1523 1570 1522
f 1522 1570 1571
f 1522 1571 1521
f 1521 1571 1572
f 1521 1572 1520
f 1520 1572 1573
f 1520 1573 1519
f 1519 1573 1574
f 1519 1574 1518
f 1518 1574 1575
f 1518 1575 1517
f 1517 1575 1576
f 1517 1576 1512
f 1512 1576 1577
f 1512 1577 1511
f 1511 1577 1578
f 1511 1578 1510
f 1510 1578 1579
f 1510 1579 1505
f 1505 1579 1580
f 1505 1580 1504
f 1504 1580 1581
f 1504 1581 1503
f 1503 1581 1582
f 1503 1582 1499
f 1499 1582 1583
f 1499 1583 1498
f 1498 1583 1584
f 1498 1584 1497
f 1497 1584 1585
f 1497 1585 1471
f 1471 1585 1586
f 1471 1586 1470
f 1470 1586 1587
f 1470 1587 1469
f 1469 1587 1588
f 1469 1588 1468
f 1468 1588 1589
f 1468 1589 1467
f 1467 1589 1590
f 1467 1590 1466
f 1466 1590 1591
f 1466 1591 1465
f 1465 1591 1592
f 1465 1592 1464
f 1464 1592 1593
f 1464 1593 1463
f 1463 1593 1594
f 1463 1594 1462
f 1462 1594 1595
f 1462 1595 1461
f 1461 1595 1596
f 1461 1596 1460
f 1460 1596 1597
f 1460 1597 1459
f 1459 1597 1598
f 1459 1598 1599
f 1599 1598 1600
f 1599 1600 1457
f 1457 1600 1601
f 1457 1601 1456
f 1456 1601 1602
f 1456 1602 1455
f 1455 1602 1603
f 1455 1603 1454
f 1454 1603 1604
f 1454 1604 1453
f 1453 1604 1605
f 1453 1605 1452
f 1452 1605 1606
f 1452 1606 1451
f 1451 1606 1607
f 1451 1607 1450
f 1450 1607 1608
f 1450 1608 1449
f 1449 1608 1609
f 1449 1609 1448
f 1448 1609 1610
f 1448 1610 1442
f 1442 1610 1611
f 1442 1611 1441
f 1441 1611 1612
f 1441 1612 1440
f 1440 1612 1613
f 1440 1613 1439
f 1439 1613 1614
f 1439 1614 1438
f 1438 1614 1615
f 1438 1615 1437
f 1437 1615 1616
f 1437 1616 1433
f 1433 1616 1617
f 1433 1617 1432
f 1432 1617 1618
f 1432 1618 1431
f 1431 1618 1619
f 1431 1619 1421
f 1421 1619 1620
f 1421 1620 1420
f 1420 1620 1621
f 1420 1621 1419
f 1419 1621 1622
f 1419 1622 1418
f 1418 1622 1623
f 1418 1623 1417
f 1417 1623 1624
f 1417 1624 1416
f 1416 1624 1625
f 1416 1625 1415
f 1415 1625 1626
f 1415 1626 1414
f 1414 1626 1627
f 1414 1627 1413
f 1413 1627 1628
f 1413 1628 1411
f 1411 1628 1629
f 1411 1629 1409
f 1409 1629 1630
f 1409 1630 1410
f 1410 1630 1631
f 1410 1631 1408
f 1408 1631 1632
f 1408 1632 1407
f 1407 1632 1633
f 1407 1633 1556
f 1556 1633 1634
f 1556 1634 1555
f 1555 1634 1635
f 1555 1635 1554
f 1554 1635 1636
f 1554 1636 1552
f 1552 1636 1557
f 1557 1637 1558
f 1558 1637 1544
f 1558 1544 1559
f 1559 1544 1545
f 1559 1545 1560
f 1560 1545 1546
f 1560 1546 1638
f 1638 1546 1547
f 1638 1547 1562
f 1562 1547 1548
f 1562 1548 1563
f 1563 1548 1549
f 1563 1549 1564
f 1564 1549 1550
f 1564 1550 1565
f 1565 1550 1551
f 1565 1551 1566
f 1566 1551 1639
f 1566 1639 1567
f 1567 1639 1532
f 1567 1532 1568
f 1568 1532 1533
f 1568 1533 1569
f 1569 1533 1534
f 1569 1534 1570
f 1570 1534 1524
f 1570 1524 1571
f 1571 1524 1525
f 1571 1525 1572
f 1572 1525 1526
f 1572 1526 1573
f 1573 1526 1527
f 1573 1527 1574
f 1574 1527 1513
f 1574 1513 1575
f 1575 1513 1514
f 1575 1514 1576
f 1576 1514 1515
f 1576 1515 1577
f 1577 1515 1516
f 1577 1516 1578
f 1578 1516 1506
f 1578 1506 1579
f 1579 1506 1507
f 1579 1507 1580
f 1580 1507 1508
f 1580 1508 1581
f 1581 1508 1509
f 1581 1509 1582
f 1582 1509 1500
f 1582 1500 1640
f 1640 1500 1583
f 1583 1500 1501
f 1583 1501 1584
f 1584 1501 1502
f 1584 1502 1585
f 1585 1502 1472
f 1585 1472 1586
f 1586 1472 1473
f 1586 1473 1587
f 1587 1473 1474
f 1587 1474 1588
f 1588 1474 1475
f 1588 1475 1589
f 1589 1475 1476
f 1589 1476 1590
f 1590 1476 1477
f 1590 1477 1591
f 1591 1477 1478
f 1591 1478 1592
f 1592 1478 1479
f 1592 1479 1641
f 1641 1479 1480
f 1641 1480 1594
f 1594 1480 1481
f 1594 1481 1595
f 1595 1481 1482
f 1595 1482 1596
f 1596 1482 1483
f 1596 1483 1597
f 1597 1483 1484
f 1597 1484 1598
f 1598 1484 1485
f 1598 1485 1600
f 1600 1485 1486
f 1600 1486 1601
f 1601 1486 1487
f 1601 1487 1602
f 1602 1487 1488
f 1602 1488 1603
f 1603 1488 1489
f 1603 1489 1604
f 1604 1489 1490
f 1604 1490 1605
f 1605 1490 1491
f 1605 1491 1606
f 1606 1491 1492
f 1606 1492 1607
f 1607 1492 1493
f 1607 1493 1608
f 1608 1493 1494
f 1608 1494 1609
f 1609 1494 1495
f 1609 1495 1610
f 1610 1495 1496
f 1610 1496 1611
f 1611 1496 1443
f 1611 1443 1612
f 1612 1443 1444
f 1612 1444 1613
f 1613 1444 1445
f 1613 1445 1614
f 1614 1445 1446
f 1614 1446 1615
f 1615 1446 1434
f 1615 1434 1616
f 1616 1434 1435
f 1616 1435 1617
f 1617 1435 1436
f 1617 1436 1618
f 1618 1436 1422
f 1618 1422 1619
f 1619 1422 1423
f 1619 1423 1620
f 1620 1423 1424
f 1620 1424 1621
f 1621 1424 1425
f 1621 1425 1622
f 1622 1425 1426
f 1622 1426 1623
f 1623 1426 1427
f 1623 1427 1624
f 1624 1427 1428
f 1624 1428 1625
f 1625 1428 1429
f 1625 1429 1626
f 1626 1429 1430
f 1626 1430 1627
f 1627 1430 1642
f 1627 1642 1628
f 1628 1642 1643
f 1628 1643 1644
f 1628 1644 1629
f 1629 1644 1645
f 1629 1645 1630
f 1630 1645 1646
f 1630 1646 1631
f 1631 1646 1647
f 1631 1647 1632
f 1632 1647 1648
f 1632 1648 1633
f 1633 1648 1649
f 1633 1649 1634
f 1634 1649 1650
f 1634 1650 1635
f 1635 1650 1651
f 1635 1651 1636
f 1636 1651 1652
f 1636 1652 1557
f 1557 1652 1637
f 806 1653 1430
f 1430 1653 804
f 1430 804 1642
f 1642 804 799
f 1642 799 1643
f 1643 799 798
f 1643 798 1644
f 1644 798 803
f 1644 803 1645
f 1645 803 802
f 1645 802 1646
f 1646 802 801
f 1646 801 1647
f 1647 801 714
f 1647 714 1648
f 1648 714 713
f 1648 713 1649
f 1649 713 712
f 1649 712 1650
f 1650 712 711
f 1650 711 1651
f 1651 711 709
f 1651 709 1652
f 1652 709 708
f 1652 708 1637
f 1637 708 707
f 1637 707 1544
f 1544 707 706
f 1544 706 705
f 1175 1169 1654
f 1654 1169 1181
f 1654 1181 1655
f 1655 1181 1180
f 1179 1656 1180
f 1180 1656 1657
f 1180 1657 1655
f 1656 1179 1189
f 1656 1189 1658
f 1658 1189 1190
f 1658 1190 1659
f 1659 1190 1187
f 1659 1187 1165
f 1659 1165 1660
f 1165 1164 1660
f 1660 1164 1202
f 1660 1202 1661
f 1661 1202 1201
f 1661 1201 1662
f 1662 1201 1199
f 1662 1199 1663
f 1199 1198 1663
f 1663 1198 1192
f 1663 1192 1664
f 1664 1192 1191
f 1664 1191 1665
f 1665 1191 1195
f 1665 1195 1666
f 1666 1195 1667
f 1668 683 1669
f 1669 683 681
f 1669 681 1670
f 1670 681 680
f 1670 680 1671
f 1671 680 689
f 1671 689 1672
f 1672 689 688
f 1672 688 1673
f 1673 688 686
f 1673 686 1674
f 1674 686 685
f 1674 685 1675
f 1675 685 698
f 1675 698 1676
f 1195 1208 1667
f 1667 1208 1207
f 1667 1207 1677
f 1677 1207 1205
f 1677 1205 1678
f 1678 1205 1204
f 1678 1204 1679
f 1680 679 1681
f 1681 679 678
f 1681 678 1682
f 1682 678 676
f 1682 676 1668
f 1668 676 675
f 1668 675 683
f 1204 1212 1679
f 1679 1212 1210
f 1679 1210 1683
f 1683 1210 1220
f 1683 1220 1684
f 1684 1220 1219
f 1684 1219 1685
f 1219 1217 1685
f 1685 1217 1215
f 1685 1215 1686
f 1686 1215 1214
f 1686 1214 1687
f 1687 1214 1225
f 1687 1225 1688
f 1689 672 1690
f 1690 672 671
f 1690 671 1691
f 1691 671 668
f 1691 668 1692
f 1692 668 1680
f 1680 668 667
f 1680 667 1693
f 1688 1225 1226
f 1688 1226 1694
f 1694 1226 1222
f 1694 1222 1695
f 1695 1222 1221
f 1695 1221 1696
f 1696 1221 1233
f 1696 1233 1697
f 1233 1232 1697
f 1697 1232 1230
f 1697 1230 1698
f 1698 1230 1228
f 1698 1228 1699
f 1699 1228 1700
f 1228 1237 1700
f 1700 1237 1239
f 1700 1239 1701
f 1701 1239 1242
f 1701 1242 1702
f 1702 1242 1241
f 1702 1241 1703
f 1241 1245 1703
f 1703 1245 1247
f 1703 1247 1704
f 1704 1247 1248
f 1704 1248 1705
f 1705 1248 1250
f 1705 1250 1706
f 1706 1250 1707
f 1250 1252 1707
f 1707 1252 1255
f 1707 1255 1708
f 1708 1255 1254
f 1708 1254 1709
f 1709 1254 1258
f 1709 1258 1710
f 1710 1258 1257
f 1710 1257 1711
f 1257 1261 1711
f 1711 1261 1266
f 1711 1266 1712
f 1712 1266 1162
f 1712 1162 1713
f 1713 1162 1714
f 1162 1161 1714
f 1714 1161 1274
f 1714 1274 1715
f 1715 1274 1273
f 1715 1273 1716
f 1716 1273 1271
f 1716 1271 1717
f 1718 639 1719
f 1719 639 638
f 1719 638 1720
f 1720 638 663
f 1720 663 1721
f 1721 663 662
f 1721 662 1722
f 1722 662 661
f 1722 661 1723
f 1723 661 660
f 1723 660 1724
f 1724 660 659
f 1724 659 1725
f 1725 659 658
f 1725 658 1726
f 1726 658 657
f 1726 657 1727
f 1727 657 655
f 1727 655 1728
f 1728 655 654
f 1728 654 1729
f 1729 654 653
f 1729 653 1730
f 1730 653 652
f 1730 652 1731
f 1731 652 651
f 1731 651 1732
f 1732 651 650
f 1732 650 1733
f 1733 650 649
f 1733 649 1734
f 1734 649 648
f 1734 648 1735
f 1735 648 647
f 1735 647 1736
f 1736 647 646
f 1736 646 1737
f 1737 646 644
f 1737 644 1738
f 1738 644 666
f 1738 666 1739
f 1739 666 665
f 1739 665 1740
f 1740 665 664
f 1740 664 1741
f 1741 664 674
f 1741 674 1742
f 1742 674 1689
f 1689 674 673
f 1689 673 672
f 1271 1270 1717
f 1717 1270 1268
f 1717 1268 1743
f 1743 1268 1267
f 1743 1267 1744
f 1744 1267 1277
f 1744 1277 1745
f 1746 636 634
f 1746 634 1747
f 1747 634 633
f 1747 633 1748
f 1748 633 642
f 1748 642 1718
f 1718 642 641
f 1718 641 639
f 1277 1279 1745
f 1745 1279 1280
f 1745 1280 1749
f 1749 1280 1284
f 1749 1284 1750
f 1750 1284 1282
f 1750 1282 1751
f 1752 631 1753
f 1753 631 629
f 1753 629 1754
f 1754 629 628
f 1754 628 1755
f 1755 628 1746
f 1746 628 637
f 1746 637 636
f 1282 1298 1751
f 1751 1298 1297
f 1751 1297 1756
f 1756 1297 1295
f 1756 1295 1757
f 1757 1295 1293
f 1757 1293 1758
f 1759 627 1760
f 1760 627 626
f 1760 626 1761
f 1761 626 624
f 1761 624 1762
f 1762 624 623
f 1762 623 1752
f 1752 623 632
f 1752 632 631
f 1293 1292 1758
f 1758 1292 1290
f 1758 1290 1763
f 1763 1290 1764
f 1763 1764 1765
f 1765 1764 1286
f 1765 1286 1766
f 1766 1286 1285
f 1766 1285 1767
f 1285 1301 1767
f 1767 1301 1302
f 1767 1302 1768
f 1768 1302 1311
f 1768 1311 1769
f 1769 1311 1310
f 1769 1310 1770
f 1771 619 1772
f 1772 619 1773
f 1772 1773 1774
f 1774 1773 616
f 1774 616 1775
f 1775 616 614
f 1775 614 1759
f 1759 614 1776
f 1759 1776 627
f 1310 1308 1770
f 1770 1308 1307
f 1770 1307 1777
f 1777 1307 1306
f 1777 1306 1778
f 1778 1306 1305
f 1778 1305 1779
f 1780 609 1781
f 1781 609 608
f 1781 608 1782
f 1782 608 622
f 1782 622 1783
f 1783 622 621
f 1783 621 1771
f 1771 621 620
f 1771 620 619
f 1305 1784 1779
f 1779 1784 1315
f 1779 1315 1785
f 1785 1315 1314
f 1313 1786 1314
f 1314 1786 1787
f 1314 1787 1785
f 1313 1364 1786
f 1786 1364 1321
f 1786 1321 1788
f 1788 1321 1324
f 1323 1789 1324
f 1324 1789 1790
f 1324 1790 1788
f 1323 1327 1789
f 1789 1327 1329
f 1789 1329 1791
f 1791 1329 1332
f 1791 1332 1792
f 1792 1332 1331
f 1793 597 1794
f 1794 597 596
f 1794 596 1795
f 1795 596 595
f 1795 595 1796
f 1796 595 594
f 1796 594 1797
f 1797 594 593
f 1797 593 1798
f 1798 593 592
f 1798 592 1799
f 1799 592 612
f 1799 612 1800
f 1800 612 611
f 1800 611 1780
f 1780 611 610
f 1780 610 609
f 1330 1801 1331
f 1331 1801 1802
f 1331 1802 1792
f 1330 1173 1801
f 1801 1173 1171
f 1801 1171 1803
f 1803 1171 1170
f 1803 1170 1804
f 1804 1170 1175
f 1804 1175 1805
f 1805 1175 1654
f 1801 1806 1802
f 1802 1806 1807
f 1802 1807 1792
f 1792 1807 1808
f 1792 1808 1791
f 1791 1808 1809
f 1791 1809 1789
f 1789 1809 1810
f 1789 1810 1790
f 1790 1810 1811
f 1790 1811 1788
f 1788 1811 1812
f 1788 1812 1786
f 1786 1812 1813
f 1786 1813 1787
f 1787 1813 1814
f 1787 1814 1785
f 1785 1814 1815
f 1785 1815 1779
f 1779 1815 1816
f 1779 1816 1778
f 1778 1816 1817
f 1778 1817 1777
f 1777 1817 1818
f 1777 1818 1770
f 1770 1818 1819
f 1770 1819 1769
f 1769 1819 1820
f 1769 1820 1768
f 1768 1820 1821
f 1768 1821 1767
f 1767 1821 1822
f 1767 1822 1766
f 1766 1822 1823
f 1766 1823 1765
f 1765 1823 1824
f 1765 1824 1763
f 1763 1824 1825
f 1763 1825 1758
f 1758 1825 1826
f 1758 1826 1757
f 1757 1826 1827
f 1757 1827 1756
f 1756 1827 1828
f 1756 1828 1751
f 1751 1828 1829
f 1751 1829 1750
f 1750 1829 1830
f 1750 1830 1749
f 1749 1830 1831
f 1749 1831 1832
f 1749 1832 1745
f 1745 1832 1833
f 1745 1833 1744
f 1744 1833 1834
f 1744 1834 1743
f 1743 1834 1835
f 1743 1835 1717
f 1717 1835 1836
f 1717 1836 1716
f 1716 1836 1837
f 1716 1837 1715
f 1715 1837 1838
f 1715 1838 1714
f 1714 1838 1839
f 1714 1839 1713
f 1713 1839 1840
f 1713 1840 1712
f 1712 1840 1841
f 1712 1841 1711
f 1711 1841 1842
f 1711 1842 1710
f 1710 1842 1843
f 1710 1843 1709
f 1709 1843 1844
f 1709 1844 1708
f 1708 1844 1845
f 1708 1845 1707
f 1707 1845 1846
f 1707 1846 1706
f 1706 1846 1847
f 1706 1847 1705
f 1705 1847 1848
f 1705 1848 1704
f 1704 1848 1849
f 1704 1849 1703
f 1703 1849 1850
f 1703 1850 1702
f 1702 1850 1851
f 1702 1851 1701
f 1701 1851 1852
f 1701 1852 1700
f 1700 1852 1853
f 1700 1853 1699
f 1699 1853 1854
f 1699 1854 1698
f 1698 1854 1855
f 1698 1855 1697
f 1697 1855 1856
f 1697 1856 1696
f 1696 1856 1857
f 1696 1857 1695
f 1695 1857 1858
f 1695 1858 1694
f 1694 1858 1859
f 1694 1859 1688
f 1688 1859 1860
f 1688 1860 1687
f 1687 1860 1861
f 1687 1861 1686
f 1686 1861 1862
f 1686 1862 1685
f 1685 1862 1863
f 1685 1863 1684
f 1684 1863 1864
f 1684 1864 1683
f 1683 1864 1865
f 1683 1865 1679
f 1679 1865 1866
f 1679 1866 1678
f 1678 1866 1867
f 1678 1867 1677
f 1677 1867 1868
f 1677 1868 1869
f 1869 1868 1870
f 1869 1870 1666
f 1666 1870 1871
f 1666 1871 1665
f 1665 1871 1872
f 1665 1872 1664
f 1664 1872 1873
f 1664 1873 1874
f 1874 1873 1875
f 1874 1875 1662
f 1662 1875 1876
f 1662 1876 1661
f 1661 1876 1877
f 1661 1877 1660
f 1660 1877 1878
f 1660 1878 1659
f 1659 1878 1879
f 1659 1879 1880
f 1659 1880 1658
f 1658 1880 1881
f 1658 1881 1656
f 1656 1881 1882
f 1656 1882 1883
f 1883 1882 1884
f 1883 1884 1655
f 1655 1884 1885
f 1655 1885 1654
f 1654 1885 1886
f 1654 1886 1805
f 1805 1886 1887
f 1805 1887 1804
f 1804 1887 1888
f 1804 1888 1803
f 1803 1888 1889
f 1803 1889 1801
f 1801 1889 1806
f 1806 1890 1807
f 1807 1890 1793
f 1807 1793 1808
f 1808 1793 1794
f 1808 1794 1809
f 1809 1794 1795
f 1809 1795 1810
f 1810 1795 1796
f 1810 1796 1811
f 1811 1796 1797
f 1811 1797 1812
f 1812 1797 1798
f 1812 1798 1813
f 1813 1798 1799
f 1813 1799 1814
f 1814 1799 1800
f 1814 1800 1815
f 1815 1800 1780
f 1815 1780 1816
f 1816 1780 1781
f 1816 1781 1817
f 1817 1781 1782
f 1817 1782 1818
f 1818 1782 1783
f 1818 1783 1819
f 1819 1783 1771
f 1819 1771 1820
f 1820 1771 1772
f 1820 1772 1821
f 1821 1772 1774
f 1821 1774 1822
f 1822 1774 1775
f 1822 1775 1823
f 1823 1775 1759
f 1823 1759 1824
f 1824 1759 1760
f 1824 1760 1825
f 1825 1760 1761
f 1825 1761 1826
f 1826 1761 1762
f 1826 1762 1827
f 1827 1762 1752
f 1827 1752 1828
f 1828 1752 1753
f 1828 1753 1829
f 1829 1753 1754
f 1829 1754 1830
f 1830 1754 1755
f 1830 1755 1831
f 1831 1755 1746
f 1831 1746 1832
f 1832 1746 1833
f 1833 1746 1747
f 1833 1747 1834
f 1834 1747 1748
f 1834 1748 1835
f 1835 1748 1718
f 1835 1718 1836
f 1836 1718 1719
f 1836 1719 1837
f 1837 1719 1720
f 1837 1720 1838
f 1838 1720 1721
f 1838 1721 1839
f 1839 1721 1722
f 1839 1722 1840
f 1840 1722 1723
f 1840 1723 1841
f 1841 1723 1724
f 1841 1724 1842
f 1842 1724 1725
f 1842 1725 1843
f 1843 1725 1726
f 1843 1726 1844
f 1844 1726 1727
f 1844 1727 1845
f 1845 1727 1728
f 1845 1728 1846
f 1846 1728 1729
f 1846 1729 1847
f 1847 1729 1730
f 1847 1730 1848
f 1848 1730 1731
f 1848 1731 1849
f 1849 1731 1732
f 1849 1732 1850
f 1850 1732 1733
f 1850 1733 1851
f 1851 1733 1734
f 1851 1734 1852
f 1852 1734 1891
f 1852 1891 1853
f 1853 1891 1736
f 1853 1736 1854
f 1854 1736 1737
f 1854 1737 1855
f 1855 1737 1738
f 1855 1738 1856
f 1856 1738 1739
f 1856 1739 1857
f 1857 1739 1740
f 1857 1740 1858
f 1858 1740 1741
f 1858 1741 1859
f 1859 1741 1742
f 1859 1742 1860
f 1860 1742 1689
f 1860 1689 1861
f 1861 1689 1892
f 1861 1892 1862
f 1862 1892 1691
f 1862 1691 1863
f 1863 1691 1692
f 1863 1692 1864
f 1864 1692 1680
f 1864 1680 1865
f 1865 1680 1681
f 1865 1681 1866
f 1866 1681 1682
f 1866 1682 1867
f 1867 1682 1668
f 1867 1668 1868
f 1868 1668 1669
f 1868 1669 1870
f 1870 1669 1893
f 1870 1893 1871
f 1871 1893 1671
f 1871 1671 1872
f 1872 1671 1672
f 1872 1672 1873
f 1873 1672 1673
f 1873 1673 1875
f 1875 1673 1674
f 1875 1674 1876
f 1876 1674 1675
f 1876 1675 1877
f 1877 1675 1676
f 1877 1676 1878
f 1878 1676 1894
f 1878 1894 1879
f 1879 1894 1895
f 1879 1895 1880
f 1880 1895 1881
f 1881 1895 1896
f 1881 1896 1882
f 1882 1896 1897
f 1882 1897 1884
f 1884 1897 1898
f 1884 1898 1885
f 1885 1898 1899
f 1885 1899 1886
f 1886 1899 1900
f 1886 1900 1887
f 1887 1900 1901
f 1887 1901 1888
f 1888 1901 1902
f 1888 1902 1889
f 1889 1902 1903
f 1889 1903 1806
f 1806 1903 1890
f 698 697 1676
f 1676 697 696
f 1676 696 1894
f 1894 696 691
f 1894 691 1895
f 1895 691 690
f 1895 690 695
f 1895 695 1896
f 1896 695 694
f 1896 694 1897
f 1897 694 693
f 1897 693 1898
f 1898 693 606
f 1898 606 1899
f 1899 606 605
f 1899 605 1900
f 1900 605 604
f 1900 604 1901
f 1901 604 603
f 1901 603 1902
f 1902 603 602
f 1902 602 1903
f 1903 602 600
f 1903 600 1890
f 1890 600 599
f 1890 599 1793
f 1793 599 598
f 1793 598 597
f 1236 1235 914
f 914 1235 915
f 915 1235 1234
f 915 1234 916
f 916 1234 1334
f 916 1334 917
f 1334 1336 917
f 917 1336 1337
f 917 1337 986
f 986 1337 1349
f 986 1349 987
f 987 1349 1348
f 987 1348 989
f 989 1348 1346
f 989 1346 990
f 990 1346 1344
f 990 1344 891
f 891 1344 1342
f 891 1342 893
f 914 907 1236
f 1236 907 906
f 1236 906 1238
f 1238 906 910
f 1238 910 1240
f 1240 910 909
f 1240 909 1243
f 1243 909 908
f 1243 908 1244
f 1244 908 912
f 1244 912 1246
f 1246 912 911
f 1246 911 1249
f 1249 911 904
f 1249 904 1251
f 1251 904 905
f 1251 905 1253
f 1342 1341 893
f 893 1341 1340
f 893 1340 895
f 895 1340 1339
f 895 1339 896
f 896 1339 1263
f 896 1263 897
f 897 1263 1264
f 897 1264 898
f 898 1264 1265
f 898 1265 899
f 899 1265 1260
f 899 1260 900
f 900 1260 1259
f 900 1259 901
f 901 1259 1256
f 901 1256 902
f 902 1256 1253
f 902 1253 903
f 903 1253 905
f 1353 1003 998
f 1353 998 1354
f 1354 998 1000
f 1354 1000 1355
f 1003 1353 1004
f 1004 1353 1352
f 1004 1352 1006
f 1006 1352 1351
f 1006 1351 1007
f 1007 1351 1184
f 1007 1184 942
f 942 1184 1185
f 942 1185 943
f 943 1185 1178
f 943 1178 944
f 944 1178 1168
f 944 1168 945
f 945 1168 1167
f 945 1167 947
f 947 1167 1177
f 947 1177 950
f 950 1177 1176
f 950 1176 951
f 951 1176 1172
f 951 1172 954
f 954 1172 1174
f 954 1174 958
f 958 1174 1328
f 958 1328 963
f 1328 1326 963
f 963 1326 1325
f 963 1325 964
f 964 1325 1322
f 964 1322 960
f 960 1322 1320
f 960 1320 961
f 961 1320 1319
f 1355 1000 1357
f 1357 1000 997
f 1357 997 1360
f 1360 997 995
f 1360 995 1362
f 1362 995 994
f 1362 994 1363
f 1363 994 993
f 1363 993 1369
f 1369 993 992
f 1369 992 1368
f 1368 992 884
f 1368 884 1366
f 1366 884 968
f 1366 968 1365
f 1365 968 967
f 1365 967 1319
f 1319 967 966
f 1319 966 961
f 16 17 226
f 233 1 8
f 233 8 231
f 1 233 2
f 2 233 235
f 2 235 9
f 9 235 10
f 10 235 236
f 10 236 12
f 226 17 236
f 236 17 13
f 236 13 12
f 16 226 14
f 14 226 228
f 14 228 1379
f 1379 228 223
f 1379 223 1380
f 1380 223 1381
f 1381 223 221
f 1381 221 1376
f 1376 221 1377
f 1377 221 220
f 1377 220 1382
f 1382 220 1383
f 1383 220 250
f 1383 250 1385
f 245 1904 250
f 250 1904 1386
f 250 1386 1385
f 8 1905 231
f 231 1905 6
f 231 6 242
f 242 6 5
f 242 5 245
f 245 5 1387
f 245 1387 1904
f 838 840 988
f 988 890 838
f 838 890 892
f 838 892 847
f 847 892 894
f 894 889 847
f 847 889 885
f 847 885 837
f 837 885 886
f 837 886 835
f 835 886 888
f 888 975 835
f 835 975 976
f 835 976 833
f 833 976 977
f 833 977 831
f 977 978 831
f 831 978 980
f 831 980 864
f 864 980 982
f 982 984 864
f 864 984 969
f 864 969 862
f 969 971 862
f 862 971 883
f 862 883 879
f 879 883 882
f 879 882 877
f 882 991 877
f 877 991 996
f 877 996 875
f 875 996 1002
f 875 1002 873
f 1002 1001 873
f 873 1001 999
f 873 999 871
f 871 999 1005
f 871 1005 869
f 1005 940 869
f 869 940 938
f 869 938 854
f 938 935 854
f 854 935 933
f 854 933 852
f 933 931 852
f 852 931 929
f 852 929 850
f 929 928 850
f 850 928 923
f 850 923 859
f 923 924 859
f 859 924 925
f 859 925 857
f 925 926 857
f 857 926 927
f 857 927 844
f 927 921 844
f 844 921 920
f 844 920 842
f 920 913 842
f 842 913 918
f 842 918 840
f 840 918 919
f 840 919 988
f 1009 874 1091
f 1091 874 872
f 1091 872 1088
f 1088 872 870
f 1088 870 1085
f 1085 870 868
f 1085 868 1082
f 1082 868 867
f 1082 867 1079
f 1079 867 853
f 1079 853 1076
f 1076 853 851
f 1076 851 1073
f 1073 851 861
f 1073 861 1070
f 1070 861 860
f 1070 860 1067
f 1067 860 858
f 1067 858 1064
f 1064 858 856
f 1064 856 1062
f 1062 856 855
f 1062 855 1058
f 1058 855 843
f 1058 843 1055
f 1055 843 841
f 1055 841 1052
f 1052 841 839
f 1052 839 1049
f 1049 839 849
f 1049 849 1046
f 1046 849 848
f 1046 848 1043
f 1043 848 846
f 1043 846 1040
f 1040 846 845
f 1040 845 1037
f 1037 845 836
f 1037 836 1034
f 1034 836 834
f 1034 834 1031
f 1031 834 832
f 1031 832 1028
f 1028 832 866
f 1028 866 1025
f 1025 866 865
f 1025 865 1022
f 1022 865 863
f 1022 863 1019
f 1019 863 881
f 1019 881 1016
f 1016 881 880
f 1016 880 1013
f 1013 880 878
f 1013 878 1008
f 1008 878 876
f 1008 876 1009
f 1009 876 874
f 327 467 409
f 409 467 445
f 409 445 406
f 406 445 447
f 406 447 403
f 403 447 449
f 403 449 400
f 400 449 451
f 400 451 397
f 397 451 454
f 397 454 394
f 394 454 456
f 394 456 391
f 391 456 458
f 391 458 388
f 388 458 460
f 388 460 385
f 385 460 472
f 385 472 383
f 383 472 474
f 383 474 379
f 379 474 476
f 379 476 377
f 377 476 438
f 377 438 374
f 374 438 440
f 374 440 370
f 370 440 442
f 370 442 367
f 367 442 413
f 367 413 364
f 364 413 415
f 364 415 361
f 361 415 417
f 361 417 358
f 358 417 419
f 358 419 355
f 355 419 421
f 355 421 352
f 352 421 424
f 352 424 349
f 349 424 426
f 349 426 346
f 346 426 428
f 346 428 343
f 343 428 430
f 343 430 340
f 340 430 433
f 340 433 337
f 337 433 435
f 337 435 334
f 334 435 437
f 334 437 331
f 331 437 463
f 331 463 326
f 326 463 465
f 326 465 327
f 327 465 467
f 320 371 369
f 320 369 322
f 322 369 368
f 322 368 324
f 368 366 324
f 324 366 365
f 324 365 325
f 365 363 325
f 325 363 362
f 325 362 290
f 362 360 290
f 290 360 359
f 290 359 292
f 359 357 292
f 292 357 356
f 292 356 293
f 356 354 293
f 293 354 353
f 293 353 283
f 353 351 283
f 283 351 350
f 283 350 285
f 350 348 285
f 285 348 347
f 285 347 287
f 347 345 287
f 287 345 344
f 287 344 294
f 344 342 294
f 294 342 341
f 294 341 295
f 341 339 295
f 295 339 338
f 295 338 297
f 297 338 336
f 336 335 297
f 297 335 333
f 297 333 298
f 333 332 298
f 298 332 330
f 298 330 276
f 276 330 329
f 276 329 278
f 329 328 278
f 278 328 412
f 278 412 280
f 412 411 280
f 280 411 410
f 280 410 304
f 410 408 304
f 304 408 407
f 304 407 305
f 407 405 305
f 305 405 404
f 305 404 307
f 404 402 307
f 307 402 401
f 307 401 309
f 401 399 309
f 309 399 398
f 309 398 310
f 398 396 310
f 310 396 395
f 310 395 300
f 395 393 300
f 300 393 392
f 300 392 302
f 392 390 302
f 302 390 389
f 302 389 311
f 389 387 311
f 311 387 386
f 311 386 312
f 386 384 312
f 312 384 382
f 312 382 314
f 382 381 314
f 314 381 380
f 314 380 316
f 380 378 316
f 316 378 376
f 316 376 318
f 376 375 318
f 318 375 373
f 318 373 320
f 320 373 372
f 320 372 371
f 786 512 791
f 791 512 510
f 791 510 795
f 795 510 508
f 795 508 800
f 800 508 534
f 800 534 710
f 710 534 533
f 710 533 830
f 830 533 531
f 830 531 828
f 828 531 529
f 828 529 826
f 826 529 527
f 826 527 824
f 824 527 525
f 824 525 822
f 822 525 523
f 822 523 820
f 820 523 521
f 820 521 591
f 591 521 520
f 591 520 607
f 607 520 490
f 607 490 617
f 617 490 488
f 617 488 615
f 615 488 486
f 615 486 625
f 625 486 484
f 625 484 630
f 630 484 482
f 630 482 635
f 635 482 480
f 635 480 640
f 640 480 506
f 640 506 656
f 656 506 505
f 656 505 818
f 818 505 503
f 818 503 816
f 816 503 501
f 816 501 814
f 814 501 499
f 814 499 812
f 812 499 497
f 812 497 810
f 810 497 495
f 810 495 808
f 808 495 493
f 808 493 753
f 753 493 519
f 753 519 751
f 751 519 518
f 751 518 778
f 778 518 516
f 778 516 777
f 777 516 514
f 777 514 786
f 786 514 512
f 1370 487 1371
f 1371 487 489
f 1371 489 1372
f 1372 489 491
f 1372 491 1403
f 1403 491 522
f 1403 522 1401
f 1401 522 524
f 1401 524 1399
f 1399 524 526
f 1399 526 1397
f 1397 526 528
f 1397 528 1395
f 1395 528 530
f 1395 530 1393
f 1393 530 532
f 1393 532 1391
f 1391 532 507
f 1391 507 1389
f 1389 507 509
f 1389 509 1378
f 1378 509 511
f 1378 511 15
f 15 511 513
f 15 513 11
f 11 513 515
f 11 515 67
f 67 515 517
f 67 517 65
f 65 517 492
f 65 492 63
f 63 492 494
f 63 494 61
f 61 494 496
f 61 496 59
f 59 496 498
f 59 498 57
f 57 498 500
f 57 500 55
f 55 500 502
f 55 502 53
f 53 502 504
f 53 504 31
f 31 504 479
f 31 479 44
f 44 479 481
f 44 481 49
f 49 481 483
f 49 483 47
f 47 483 1906
f 47 1906 1370
f 1370 1906 487
f 684 583 682
f 682 583 581
f 682 581 687
f 687 581 579
f 687 579 692
f 692 579 578
f 692 578 601
f 601 578 561
f 601 561 819
f 819 561 559
f 819 559 821
f 821 559 557
f 821 557 823
f 823 557 555
f 823 555 825
f 825 555 553
f 825 553 827
f 827 553 551
f 827 551 829
f 829 551 549
f 829 549 699
f 699 549 548
f 699 548 715
f 715 548 546
f 715 546 725
f 725 546 544
f 725 544 723
f 723 544 542
f 723 542 733
f 733 542 540
f 733 540 738
f 738 540 538
f 738 538 743
f 743 538 536
f 743 536 748
f 748 536 577
f 748 577 763
f 763 577 576
f 763 576 807
f 807 576 574
f 807 574 809
f 809 574 572
f 809 572 811
f 811 572 570
f 811 570 813
f 813 570 568
f 813 568 815
f 815 568 566
f 815 566 817
f 817 566 564
f 817 564 645
f 645 564 590
f 645 590 643
f 643 590 589
f 643 589 670
f 670 589 587
f 670 587 669
f 669 587 1907
f 669 1907 684
f 684 1907 583
f 1384 543 1390
f 1390 543 545
f 1390 545 1392
f 1392 545 547
f 1392 547 1394
f 1394 547 550
f 1394 550 1396
f 1396 550 552
f 1396 552 1398
f 1398 552 554
f 1398 554 1400
f 1400 554 556
f 1400 556 1402
f 1402 556 558
f 1402 558 1404
f 1404 558 560
f 1404 560 1373
f 1373 560 562
f 1373 562 1374
f 1374 562 580
f 1374 580 1375
f 1375 580 582
f 1375 582 19
f 19 582 584
f 19 584 21
f 21 584 586
f 21 586 25
f 25 586 588
f 25 588 36
f 36 588 563
f 36 563 54
f 54 563 565
f 54 565 56
f 56 565 567
f 56 567 58
f 58 567 569
f 58 569 60
f 60 569 571
f 60 571 62
f 62 571 573
f 62 573 64
f 64 573 575
f 64 575 66
f 66 575 535
f 66 535 68
f 68 535 537
f 68 537 3
f 3 537 539
f 3 539 4
f 4 539 541
f 4 541 1384
f 1384 541 543
f 267 279 268
f 268 279 281
f 268 281 269
f 269 281 306
f 269 306 270
f 270 306 308
f 270 308 271
f 271 308 299
f 271 299 272
f 272 299 301
f 272 301 273
f 273 301 303
f 273 303 274
f 274 303 313
f 274 313 253
f 253 313 315
f 253 315 254
f 254 315 317
f 254 317 255
f 255 317 319
f 255 319 256
f 256 319 321
f 256 321 257
f 257 321 323
f 257 323 258
f 258 323 289
f 258 289 259
f 259 289 291
f 259 291 260
f 260 291 282
f 260 282 261
f 261 282 284
f 261 284 262
f 262 284 286
f 262 286 263
f 263 286 288
f 263 288 264
f 264 288 296
f 264 296 265
f 265 296 275
f 265 275 266
f 266 275 277
f 266 277 267
f 267 277 279
f 1147 1053 1051
f 1147 1051 1145
f 1145 1051 1050
f 1145 1050 1126
f 1050 1048 1126
f 1126 1048 1047
f 1126 1047 1124
f 1047 1045 1124
f 1124 1045 1044
f 1124 1044 1122
f 1044 1042 1122
f 1122 1042 1041
f 1122 1041 1112
f 1041 1039 1112
f 1112 1039 1038
f 1112 1038 1110
f 1038 1036 1110
f 1110 1036 1035
f 1110 1035 1108
f 1035 1033 1108
f 1108 1033 1032
f 1108 1032 1106
f 1032 1030 1106
f 1106 1030 1029
f 1106 1029 1103
f 1029 1027 1103
f 1103 1027 1026
f 1103 1026 1101
f 1026 1024 1101
f 1101 1024 1023
f 1101 1023 1099
f 1023 1021 1099
f 1099 1021 1020
f 1099 1020 1097
f 1097 1020 1018
f 1018 1017 1097
f 1097 1017 1015
f 1097 1015 1095
f 1015 1014 1095
f 1095 1014 1012
f 1095 1012 1117
f 1117 1012 1011
f 1117 1011 1115
f 1011 1010 1115
f 1115 1010 1094
f 1115 1094 1113
f 1094 1093 1113
f 1113 1093 1092
f 1113 1092 1158
f 1092 1090 1158
f 1158 1090 1089
f 1158 1089 1156
f 1089 1087 1156
f 1156 1087 1086
f 1156 1086 1154
f 1086 1084 1154
f 1154 1084 1083
f 1154 1083 1142
f 1083 1081 1142
f 1142 1081 1080
f 1142 1080 1140
f 1080 1078 1140
f 1140 1078 1077
f 1140 1077 1138
f 1077 1075 1138
f 1138 1075 1074
f 1138 1074 1136
f 1136 1074 1072
f 1072 1071 1136
f 1136 1071 1069
f 1136 1069 1133
f 1133 1069 1068
f 1133 1068 1131
f 1068 1066 1131
f 1131 1066 1065
f 1131 1065 1129
f 1065 1063 1129
f 1129 1063 1061
f 1129 1061 1127
f 1061 1060 1127
f 1127 1060 1059
f 1127 1059 1149
f 1059 1057 1149
f 1149 1057 1056
f 1149 1056 1147
f 1147 1056 1054
f 1147 1054 1053
f 197 196 1908
f 177 179 1909
f 71 174 1910
f 74 163 1911
f 136 131 1913
f 121 120 1914
f 113 115 1915
f 100 104 1916
f 1917 87 1918
f 448 446 1919
f 450 448 1920
f 452 450 1921
f 453 452 1922
f 455 453 1923
f 457 455 1924
f 459 457 1925
f 470 459 1926
f 471 470 1927
f 473 471 1928
f 475 473 1929
f 477 475 1930
f 478 477 1931
f 439 478 1932
f 441 439 1933
f 443 441 1934
f 444 443 1935
f 414 444 1936
f 416 414 1937
f 418 416 1938
f 420 418 1939
f 422 420 1940
f 423 422 1941
f 425 423 1942
f 427 425 1943
f 429 427 1944
f 431 429 1945
f 432 431 1946
f 434 432 1947
f 436 434 1948
f 461 436 1949
f 461 1950 462
f 462 1950 1951
f 462 1951 464
f 464 1951 1952
f 464 1952 466
f 466 1952 1953
f 466 1953 468
f 468 1953 1954
f 468 1954 469
f 469 1954 1955
f 469 1955 446
f 1950 1956 1951
f 1951 1956 1957
f 1951 1957 1952
f 1952 1957 1958
f 1952 1958 1953
f 1953 1958 1959
f 1953 1959 1954
f 1954 1959 1960
f 1954 1960 1955
f 1955 1960 1961
f 1956 1917 1957
f 1957 1917 1918
f 1957 1918 1958
f 1958 1918 1962
f 1958 1962 1959
f 1959 1962 1963
f 1959 1963 1960
f 1960 1963 1964
f 1960 1964 1961
f 1961 1964 1965
f 461 1949 1950
f 1950 1949 1966
f 1950 1966 1956
f 1956 1966 1967
f 1956 1967 1917
f 1917 1967 95
f 1917 95 87
f 1968 103 92
f 436 1948 1949
f 1949 1948 1969
f 1949 1969 1966
f 1966 1969 1968
f 1966 1968 1967
f 1967 1968 92
f 1967 92 95
f 434 1947 1948
f 1948 1947 1970
f 1948 1970 1969
f 1969 1970 1916
f 1969 1916 1968
f 1968 1916 104
f 1968 104 103
f 432 1946 1947
f 1947 1946 1971
f 1947 1971 1970
f 1970 1971 1972
f 1970 1972 1916
f 1916 1972 99
f 1916 99 100
f 1973 117 97
f 431 1945 1946
f 1946 1945 1974
f 1946 1974 1971
f 1971 1974 1973
f 1971 1973 1972
f 1972 1973 97
f 1972 97 99
f 429 1944 1945
f 1945 1944 1975
f 1945 1975 1974
f 1974 1975 1915
f 1974 1915 1973
f 1973 1915 115
f 1973 115 117
f 427 1943 1944
f 1944 1943 1976
f 1944 1976 1975
f 1975 1976 1977
f 1975 1977 1915
f 1915 1977 111
f 1915 111 113
f 1978 124 109
f 425 1942 1943
f 1943 1942 1979
f 1943 1979 1976
f 1976 1979 1978
f 1976 1978 1977
f 1977 1978 109
f 1977 109 111
f 423 1941 1942
f 1942 1941 1980
f 1942 1980 1979
f 1979 1980 1914
f 1979 1914 1978
f 1978 1914 120
f 1978 120 124
f 422 1940 1941
f 1941 1940 1981
f 1941 1981 1980
f 1980 1981 1982
f 1980 1982 1914
f 1914 1982 129
f 1914 129 121
f 1983 133 127
f 420 1939 1940
f 1940 1939 1984
f 1940 1984 1981
f 1981 1984 1983
f 1981 1983 1982
f 1982 1983 127
f 1982 127 129
f 418 1938 1939
f 1939 1938 1985
f 1939 1985 1984
f 1984 1985 1913
f 1984 1913 1983
f 1983 1913 131
f 1983 131 133
f 416 1937 1938
f 1938 1937 1986
f 1938 1986 1985
f 1985 1986 1987
f 1985 1987 1913
f 1913 1987 141
f 1913 141 136
f 414 1936 1937
f 1937 1936 1989
f 1937 1989 1986
f 1986 1989 1988
f 1986 1988 1987
f 1987 1988 139
f 1987 139 141
f 444 1935 1936
f 1936 1935 1990
f 1936 1990 1989
f 1989 1990 1991
f 1989 1991 1988
f 1988 1991 145
f 1988 145 139
f 1992 152 150
f 443 1934 1935
f 1935 1934 1993
f 1935 1993 1990
f 1990 1993 1992
f 1990 1992 1991
f 1991 1992 150
f 1991 150 145
f 441 1933 1934
f 1934 1933 1994
f 1934 1994 1993
f 1993 1994 1912
f 1993 1912 1992
f 1992 1912 156
f 1992 156 152
f 439 1932 1933
f 1933 1932 1995
f 1933 1995 1994
f 1994 1995 1996
f 1994 1996 1912
f 1912 1996 154
f 1912 154 156
f 1997 165 161
f 478 1931 1932
f 1932 1931 1998
f 1932 1998 1995
f 1995 1998 1997
f 1995 1997 1996
f 1996 1997 161
f 1996 161 154
f 477 1930 1931
f 1931 1930 1999
f 1931 1999 1998
f 1998 1999 1911
f 1998 1911 1997
f 1997 1911 163
f 1997 163 165
f 475 1929 1930
f 1930 1929 2000
f 1930 2000 1999
f 1999 2000 2001
f 1999 2001 1911
f 1911 2001 171
f 1911 171 74
f 2002 176 169
f 473 1928 1929
f 1929 1928 2003
f 1929 2003 2000
f 2000 2003 2002
f 2000 2002 2001
f 2001 2002 169
f 2001 169 171
f 471 1927 1928
f 1928 1927 2004
f 1928 2004 2003
f 2003 2004 1910
f 2003 1910 2002
f 2002 1910 174
f 2002 174 176
f 470 1926 1927
f 1927 1926 2005
f 1927 2005 2004
f 2004 2005 2006
f 2004 2006 1910
f 1910 2006 185
f 1910 185 71
f 2007 181 183
f 459 1925 1926
f 1926 1925 2008
f 1926 2008 2005
f 2005 2008 2007
f 2005 2007 2006
f 2006 2007 183
f 2006 183 185
f 457 1924 1925
f 1925 1924 2009
f 1925 2009 2008
f 2008 2009 1909
f 2008 1909 2007
f 2007 1909 179
f 2007 179 181
f 455 1923 1924
f 1924 1923 2010
f 1924 2010 2009
f 2009 2010 2011
f 2009 2011 1909
f 1909 2011 193
f 1909 193 177
f 2012 200 188
f 453 1922 1923
f 1923 1922 2013
f 1923 2013 2010
f 2010 2013 2012
f 2010 2012 2011
f 2011 2012 188
f 2011 188 193
f 452 1921 1922
f 1922 1921 2014
f 1922 2014 2013
f 2013 2014 1908
f 2013 1908 2012
f 2012 1908 196
f 2012 196 200
f 450 1920 1921
f 1921 1920 2015
f 1921 2015 2014
f 2014 2015 2016
f 2014 2016 1908
f 1908 2016 205
f 1908 205 197
f 448 1919 1920
f 1920 1919 2018
f 1920 2018 2015
f 2015 2018 2017
f 2015 2017 2016
f 2016 2017 203
f 2016 203 205
f 446 1955 1919
f 1919 1955 1961
f 1919 1961 2018
f 2018 1961 1965
f 2018 1965 2017
f 2017 1965 210
f 2017 210 203
f 87 79 1918
f 1918 79 81
f 1918 81 1962
f 1962 81 82
f 1962 82 1963
f 1963 82 76
f 1963 76 1964
f 1964 76 212
f 1964 212 1965
f 1965 212 214
f 1965 214 210
f 1223 1227 2019
f 1209 1211 2020
f 1194 1196 2021
f 1166 1186 2022
f 1312 1317 2024
f 1300 1299 2025
f 1291 1294 2026
f 1278 1276 2027
f 2028 1163 2029
f 1130 1128 2030
f 1132 1130 2031
f 1134 1132 2032
f 1135 1134 2033
f 1137 1135 2034
f 1139 1137 2035
f 1141 1139 2036
f 1152 1141 2037
f 1153 1152 2038
f 1155 1153 2039
f 1157 1155 2040
f 1159 1157 2041
f 1160 1159 2042
f 1114 1160 2043
f 1116 1114 2044
f 1118 1116 2045
f 1119 1118 2046
f 1096 1119 2047
f 1098 1096 2048
f 1100 1098 2049
f 1102 1100 2050
f 1104 1102 2051
f 1105 1104 2052
f 1107 1105 2053
f 1109 1107 2054
f 1111 1109 2055
f 1120 1111 2056
f 1121 1120 2057
f 1123 1121 2058
f 1125 1123 2059
f 1143 1125 2060
f 1143 2061 1144
f 1144 2061 2062
f 1144 2062 1146
f 1146 2062 2063
f 1146 2063 1148
f 1148 2063 2064
f 1148 2064 1150
f 1150 2064 2065
f 1150 2065 1151
f 1151 2065 2066
f 1151 2066 1128
f 2061 2067 2062
f 2062 2067 2068
f 2062 2068 2063
f 2063 2068 2069
f 2063 2069 2064
f 2064 2069 2070
f 2064 2070 2065
f 2065 2070 2071
f 2065 2071 2066
f 2066 2071 2072
f 2067 2028 2068
f 2068 2028 2029
f 2068 2029 2069
f 2069 2029 2073
f 2069 2073 2070
f 2070 2073 2074
f 2070 2074 2071
f 2071 2074 2075
f 2071 2075 2072
f 2072 2075 2076
f 1143 2060 2061
f 2061 2060 2077
f 2061 2077 2067
f 2067 2077 2078
f 2067 2078 2028
f 2028 2078 1272
f 2028 1272 1163
f 2079 1275 1269
f 1125 2059 2060
f 2060 2059 2080
f 2060 2080 2077
f 2077 2080 2079
f 2077 2079 2078
f 2078 2079 1269
f 2078 1269 1272
f 1123 2058 2059
f 2059 2058 2081
f 2059 2081 2080
f 2080 2081 2027
f 2080 2027 2079
f 2079 2027 1276
f 2079 1276 1275
f 1121 2057 2058
f 2058 2057 2082
f 2058 2082 2081
f 2081 2082 2083
f 2081 2083 2027
f 2027 2083 1283
f 2027 1283 1278
f 2084 1296 1281
f 1120 2056 2057
f 2057 2056 2085
f 2057 2085 2082
f 2082 2085 2084
f 2082 2084 2083
f 2083 2084 1281
f 2083 1281 1283
f 1111 2055 2056
f 2056 2055 2086
f 2056 2086 2085
f 2085 2086 2026
f 2085 2026 2084
f 2084 2026 1294
f 2084 1294 1296
f 1109 2054 2055
f 2055 2054 2087
f 2055 2087 2086
f 2086 2087 2088
f 2086 2088 2026
f 2026 2088 1289
f 2026 1289 1291
f 2089 1303 1287
f 1107 2053 2054
f 2054 2053 2090
f 2054 2090 2087
f 2087 2090 2089
f 2087 2089 2088
f 2088 2089 1287
f 2088 1287 1289
f 1105 2052 2053
f 2053 2052 2091
f 2053 2091 2090
f 2090 2091 2025
f 2090 2025 2089
f 2089 2025 1299
f 2089 1299 1303
f 1104 2051 2052
f 2052 2051 2092
f 2052 2092 2091
f 2091 2092 2093
f 2091 2093 2025
f 2025 2093 1309
f 2025 1309 1300
f 2094 1318 1304
f 1102 2050 2051
f 2051 2050 2095
f 2051 2095 2092
f 2092 2095 2094
f 2092 2094 2093
f 2093 2094 1304
f 2093 1304 1309
f 1100 2049 2050
f 2050 2049 2096
f 2050 2096 2095
f 2095 2096 2024
f 2095 2024 2094
f 2094 2024 1317
f 2094 1317 1318
f 1098 2048 2049
f 2049 2048 2097
f 2049 2097 2096
f 2096 2097 2098
f 2096 2098 2024
f 2024 2098 1367
f 2024 1367 1312
f 1096 2047 2048
f 2048 2047 2100
f 2048 2100 2097
f 2097 2100 2099
f 2097 2099 2098
f 2098 2099 1361
f 2098 1361 1367
f 1119 2046 2047
f 2047 2046 2101
f 2047 2101 2100
f 2100 2101 2102
f 2100 2102 2099
f 2099 2102 1359
f 2099 1359 1361
f 2103 1356 1358
f 1118 2045 2046
f 2046 2045 2104
f 2046 2104 2101
f 2101 2104 2103
f 2101 2103 2102
f 2102 2103 1358
f 2102 1358 1359
f 1116 2044 2045
f 2045 2044 2105
f 2045 2105 2104
f 2104 2105 2023
f 2104 2023 2103
f 2103 2023 1350
f 2103 1350 1356
f 1114 2043 2044
f 2044 2043 2106
f 2044 2106 2105
f 2105 2106 2107
f 2105 2107 2023
f 2023 2107 1182
f 2023 1182 1350
f 2108 1188 1183
f 1160 2042 2043
f 2043 2042 2109
f 2043 2109 2106
f 2106 2109 2108
f 2106 2108 2107
f 2107 2108 1183
f 2107 1183 1182
f 1159 2041 2042
f 2042 2041 2110
f 2042 2110 2109
f 2109 2110 2022
f 2109 2022 2108
f 2108 2022 1186
f 2108 1186 1188
f 1157 2040 2041
f 2041 2040 2111
f 2041 2111 2110
f 2110 2111 2112
f 2110 2112 2022
f 2022 2112 1200
f 2022 1200 1166
f 2113 1197 1193
f 1155 2039 2040
f 2040 2039 2114
f 2040 2114 2111
f 2111 2114 2113
f 2111 2113 2112
f 2112 2113 1193
f 2112 1193 1200
f 1153 2038 2039
f 2039 2038 2115
f 2039 2115 2114
f 2114 2115 2021
f 2114 2021 2113
f 2113 2021 1196
f 2113 1196 1197
f 1152 2037 2038
f 2038 2037 2116
f 2038 2116 2115
f 2115 2116 2117
f 2115 2117 2021
f 2021 2117 1206
f 2021 1206 1194
f 2118 1213 1203
f 1141 2036 2037
f 2037 2036 2119
f 2037 2119 2116
f 2116 2119 2118
f 2116 2118 2117
f 2117 2118 1203
f 2117 1203 1206
f 1139 2035 2036
f 2036 2035 2120
f 2036 2120 2119
f 2119 2120 2020
f 2119 2020 2118
f 2118 2020 1211
f 2118 1211 1213
f 1137 2034 2035
f 2035 2034 2121
f 2035 2121 2120
f 2120 2121 2122
f 2120 2122 2020
f 2020 2122 1218
f 2020 1218 1209
f 2123 1224 1216
f 1135 2033 2034
f 2034 2033 2124
f 2034 2124 2121
f 2121 2124 2123
f 2121 2123 2122
f 2122 2123 1216
f 2122 1216 1218
f 1134 2032 2033
f 2033 2032 2125
f 2033 2125 2124
f 2124 2125 2019
f 2124 2019 2123
f 2123 2019 1227
f 2123 1227 1224
f 1132 2031 2032
f 2032 2031 2126
f 2032 2126 2125
f 2125 2126 2127
f 2125 2127 2019
f 2019 2127 1231
f 2019 1231 1223
f 1130 2030 2031
f 2031 2030 2129
f 2031 2129 2126
f 2126 2129 2128
f 2126 2128 2127
f 2127 2128 1229
f 2127 1229 1231
f 1128 2066 2030
f 2030 2066 2072
f 2030 2072 2129
f 2129 2072 2076
f 2129 2076 2128
f 2128 2076 1333
f 2128 1333 1229
f 1163 1262 2029
f 2029 1262 1338
f 2029 1338 2073
f 2073 1338 1343
f 2073 1343 2074
f 2074 1343 1345
f 2074 1345 2075
f 2075 1345 1347
f 2075 1347 2076
f 2076 1347 1335
f 2076 1335 1333

