# Exported by SolidWorks
g 
v -0.01980136 0.02678400 -0.02100000
v -0.01814442 0.02618092 -0.02100000
v -0.01761252 0.02619750 -0.02100000
v -0.01711836 0.02600000 -0.02100000
v -0.01535510 0.02600000 -0.02100000
v 0.02138986 0.02644297 -0.02100000
v 0.01802521 0.02600000 -0.02100000
v 0.02011820 0.02610222 -0.02100000
v 0.01934174 0.02600000 -0.02100000
v 0.05424672 -0.03600000 -0.02100000
v 0.05243499 -0.03576148 -0.02100000
v 0.07079944 -0.04068222 -0.02100000
v 0.10100001 -0.02000000 -0.02100000
v 0.10069257 -0.02312145 -0.02100000
v 0.11155262 -0.02570848 -0.02100000
v 0.10100001 0.01900000 -0.02100000
v 0.11263539 0.02066756 -0.02100000
v 0.10069257 0.02212145 -0.02100000
v 0.11155262 0.02470848 -0.02100000
v 0.09978208 0.02512294 -0.02100000
v 0.10978461 0.02850000 -0.02100000
v 0.09830352 0.02788913 -0.02100000
v 0.10978461 -0.02950000 -0.02100000
v 0.09978208 -0.02612293 -0.02100000
v 0.10738507 -0.03292690 -0.02100000
v 0.09830352 -0.02888912 -0.02100000
v 0.10442691 -0.03588507 -0.02100000
v 0.09631371 -0.03131371 -0.02100000
v 0.10100001 -0.03828461 -0.02100000
v 0.05243499 0.03476148 -0.02100000
v 0.05424672 0.03500000 -0.02100000
v 0.07079944 0.03968222 -0.02100000
v 0.08500000 0.03500000 -0.02100000
v 0.07387847 0.04029468 -0.02100000
v 0.07701109 -0.04150000 -0.02100000
v 0.08900000 -0.04150000 -0.02100000
v 0.08500000 -0.03600000 -0.02100000
v 0.10738507 0.03192690 -0.02100000
v 0.10442691 0.03488506 -0.02100000
v 0.09631371 0.03031371 -0.02100000
v 0.10100001 0.03728461 -0.02100000
v 0.09388912 0.03230351 -0.02100000
v 0.09720848 0.03905262 -0.02100000
v 0.09112294 0.03378207 -0.02100000
v 0.09316756 0.04013538 -0.02100000
v 0.08812144 0.03469256 -0.02100000
v 0.08900000 0.04050000 -0.02100000
v 0.07701109 0.04050000 -0.02100000
v 0.11263539 -0.02166755 -0.02100000
v 0.11300000 -0.01750000 -0.02100000
v 0.11300000 0.01650000 -0.02100000
v 0.09720848 -0.04005262 -0.02100000
v 0.09388912 -0.03330351 -0.02100000
v 0.09316756 -0.04113539 -0.02100000
v 0.09112294 -0.03478208 -0.02100000
v 0.08812144 -0.03569257 -0.02100000
v 0.07387847 -0.04129468 -0.02100000
v 0.01934174 -0.02700000 -0.02100000
v 0.01802521 -0.02700000 -0.02100000
v 0.02011820 -0.02710222 -0.02100000
v 0.02138986 -0.02744296 -0.02100000
v -0.01535510 -0.02700000 -0.02100000
v -0.01711836 -0.02700000 -0.02100000
v -0.01761252 -0.02719750 -0.02100000
v -0.01814442 -0.02718092 -0.02100000
v -0.01980136 -0.02778400 -0.02100000
v 0.07701109 -0.04750000 -0.02700000
v 0.07701109 -0.04750000 -0.04200000
v 0.08900000 -0.04750000 -0.02700000
v 0.08900000 -0.04750000 -0.04200000
v -0.06600000 0.04650000 -0.04200000
v -0.06600000 0.04650000 -0.02700000
v -0.06171762 0.04650000 -0.04200000
v -0.06171762 0.04650000 -0.02700000
v -0.08500000 -0.02250000 -0.04800000
v -0.08500000 0.02150000 -0.04800000
v -0.06600000 0.04050000 -0.04800000
v -0.04064760 -0.03486835 -0.04800000
v -0.04142225 -0.03565336 -0.04800000
v -0.05350913 -0.04005262 -0.04800000
v -0.06171762 0.04050000 -0.04800000
v -0.05755006 0.04013538 -0.04800000
v -0.06171762 -0.04150000 -0.04800000
v -0.05350913 0.03905262 -0.04800000
v -0.05755006 -0.04113539 -0.04800000
v -0.08463491 0.02520672 -0.04800000
v -0.08355371 0.02877099 -0.04800000
v -0.06970672 0.04013492 -0.04800000
v -0.08179792 0.03205583 -0.04800000
v -0.07943503 0.03493503 -0.04800000
v -0.07655584 0.03729792 -0.04800000
v -0.04064760 0.03386835 -0.04800000
v -0.04001603 0.03267095 -0.04800000
v -0.03979796 0.03133487 -0.04800000
v -0.04001603 -0.03367095 -0.04800000
v -0.08355371 -0.02977098 -0.04800000
v -0.08463491 -0.02620672 -0.04800000
v -0.06600000 -0.04150000 -0.04800000
v -0.07327098 0.03905371 -0.04800000
v -0.04142225 0.03465336 -0.04800000
v -0.03979796 -0.03233487 -0.04800000
v -0.07327098 -0.04005371 -0.04800000
v -0.07655584 -0.03829793 -0.04800000
v -0.07943503 -0.03593503 -0.04800000
v -0.06970672 -0.04113492 -0.04800000
v -0.08179792 -0.03305584 -0.04800000
v -0.09100000 -0.02250000 -0.04200000
v -0.09100000 -0.02250000 -0.02700000
v -0.09100000 0.02150000 -0.04200000
v -0.09100000 0.02150000 -0.02700000
v 0.07701109 0.04650000 -0.04200000
v 0.07701109 0.04650000 -0.02700000
v 0.08900000 0.04650000 -0.04200000
v 0.08900000 0.04650000 -0.02700000
v 0.11900000 0.01650000 -0.02873764
v 0.11900000 0.01650000 -0.02700000
v 0.11900000 -0.01750000 -0.02873764
v 0.11900000 -0.01750000 -0.02700000
v -0.06600000 -0.04750000 -0.02700000
v -0.06600000 -0.04750000 -0.04200000
v -0.06171762 -0.04750000 -0.02700000
v -0.06171762 -0.04750000 -0.04200000
v 0.07079944 -0.04068222 -0.04800000
v 0.08900000 0.04050000 -0.04800000
v 0.07387847 -0.04129468 -0.04800000
v 0.07701109 -0.04150000 -0.04800000
v 0.09400000 0.03997339 -0.04800000
v 0.09400000 -0.04097339 -0.04800000
v 0.09152885 0.04036640 -0.04800000
v 0.09152885 -0.04136640 -0.04800000
v 0.08900000 -0.04150000 -0.04800000
v 0.07079944 0.03968222 -0.04800000
v 0.07387847 0.04029468 -0.04800000
v 0.07701109 0.04050000 -0.04800000
v 0.04372128 -0.03342666 -0.04800000
v 0.04305404 -0.03289254 -0.04800000
v 0.04237287 -0.03201772 -0.04800000
v 0.04194423 0.02999518 -0.04800000
v 0.04237287 0.03101772 -0.04800000
v 0.04305404 0.03189254 -0.04800000
v 0.04372128 0.03242665 -0.04800000
v 0.04194423 -0.03099518 -0.04800000
v 0.04179796 -0.02989613 -0.04800000
v 0.04179796 0.02889613 -0.04800000
v -0.04360893 0.03500000 -0.02100000
v -0.04121479 0.03457785 -0.02100000
v -0.05350913 0.03905262 -0.02100000
v -0.04121479 -0.03557785 -0.02100000
v -0.04360893 -0.03600000 -0.02100000
v -0.05350913 -0.04005262 -0.02100000
v -0.06300000 -0.03600000 -0.02100000
v -0.05755006 -0.04113539 -0.02100000
v -0.06912294 -0.03478208 -0.02100000
v -0.06970672 -0.04113492 -0.02100000
v -0.06612144 -0.03569257 -0.02100000
v -0.06600000 -0.04150000 -0.02100000
v -0.06171762 -0.04150000 -0.02100000
v -0.06612144 0.03469256 -0.02100000
v -0.06300000 0.03500000 -0.02100000
v -0.06171762 0.04050000 -0.02100000
v -0.05755006 0.04013538 -0.02100000
v -0.06600000 0.04050000 -0.02100000
v -0.06970672 0.04013492 -0.02100000
v -0.06912294 0.03378207 -0.02100000
v -0.07327098 0.03905371 -0.02100000
v -0.07188912 0.03230351 -0.02100000
v -0.07655584 0.03729792 -0.02100000
v -0.07431371 0.03031371 -0.02100000
v -0.07943503 0.03493503 -0.02100000
v -0.07630351 0.02788913 -0.02100000
v -0.08179792 0.03205583 -0.02100000
v -0.07778208 0.02512294 -0.02100000
v -0.08355371 0.02877099 -0.02100000
v -0.07869256 0.02212145 -0.02100000
v -0.08463491 0.02520672 -0.02100000
v -0.07900000 0.01900000 -0.02100000
v -0.08500000 0.02150000 -0.02100000
v -0.07900000 -0.02000000 -0.02100000
v -0.08500000 -0.02250000 -0.02100000
v -0.07869256 -0.02312145 -0.02100000
v -0.08463491 -0.02620672 -0.02100000
v -0.07778208 -0.02612293 -0.02100000
v -0.08355371 -0.02977098 -0.02100000
v -0.07630351 -0.02888912 -0.02100000
v -0.08179792 -0.03305584 -0.02100000
v -0.07431371 -0.03131371 -0.02100000
v -0.07943503 -0.03593503 -0.02100000
v -0.07188912 -0.03330351 -0.02100000
v -0.07655584 -0.03829793 -0.02100000
v -0.07327098 -0.04005371 -0.02100000
v 0.09900000 -0.02000000 -0.02300000
v 0.09900000 -0.02000000 -0.02600000
v 0.09873100 -0.02273126 -0.02300000
v 0.09873100 -0.02273126 -0.02600000
v 0.09793432 -0.02535757 -0.02300000
v 0.09793432 -0.02535757 -0.02600000
v 0.09664058 -0.02777798 -0.02300000
v 0.09664058 -0.02777798 -0.02600000
v 0.09489950 -0.02989949 -0.02300000
v 0.09489950 -0.02989949 -0.02600000
v 0.09277798 -0.03164057 -0.02300000
v 0.09277798 -0.03164057 -0.02600000
v 0.09035757 -0.03293432 -0.02300000
v 0.09035757 -0.03293432 -0.02600000
v 0.08773126 -0.03373099 -0.02300000
v 0.08773126 -0.03373099 -0.02600000
v 0.08500000 -0.03400000 -0.02300000
v 0.08500000 -0.03400000 -0.02600000
v 0.05424672 -0.03400000 -0.02600000
v 0.05424672 -0.03400000 -0.02300000
v 0.05295262 -0.03382963 -0.02600000
v 0.05295262 -0.03382963 -0.02300000
v 0.02063583 -0.02517037 -0.03300000
v 0.02063583 -0.02517037 -0.02300000
v 0.05424672 -0.03417638 -0.02682123
v 0.05577464 -0.03458579 -0.02741421
v 0.05819617 -0.03523463 -0.02784776
v 0.07470910 -0.03965926 -0.03300000
v 0.06105256 -0.03600000 -0.02800000
v 0.07470910 -0.03965926 -0.02800000
v 0.01934174 -0.02500000 -0.02300000
v 0.01934174 -0.02500000 -0.03300000
v -0.01711836 -0.02500000 -0.02300000
v -0.01711836 -0.02500000 -0.03300000
v -0.01882847 -0.02530154 -0.02300000
v -0.01882847 -0.02530154 -0.03300000
v -0.05755523 -0.03939693 -0.02800000
v -0.04822226 -0.03600000 -0.02800000
v -0.05755523 -0.03939693 -0.03300000
v -0.04547478 -0.03500000 -0.02773205
v -0.04360893 -0.03432089 -0.02708655
v -0.04273988 -0.03400458 -0.02655819
v -0.04189883 -0.03369847 -0.02300000
v -0.04189883 -0.03369847 -0.02600000
v -0.04360893 -0.03400000 -0.02600000
v -0.04360893 -0.03400000 -0.02300000
v -0.06300000 -0.03400000 -0.02600000
v -0.06300000 -0.03400000 -0.02300000
v -0.06573126 -0.03373099 -0.02300000
v -0.06573126 -0.03373099 -0.02600000
v -0.06835756 -0.03293432 -0.02300000
v -0.06835756 -0.03293432 -0.02600000
v -0.07077798 -0.03164057 -0.02300000
v -0.07077798 -0.03164057 -0.02600000
v -0.07289949 -0.02989949 -0.02300000
v -0.07289949 -0.02989949 -0.02600000
v -0.07464057 -0.02777798 -0.02300000
v -0.07464057 -0.02777798 -0.02600000
v -0.07593432 -0.02535757 -0.02300000
v -0.07593432 -0.02535757 -0.02600000
v -0.07673099 -0.02273126 -0.02300000
v -0.07673099 -0.02273126 -0.02600000
v -0.07700000 -0.02000000 -0.02300000
v -0.07700000 -0.02000000 -0.02600000
v -0.07700000 0.01900000 -0.02600000
v -0.07700000 0.01900000 -0.02300000
v -0.07673099 0.02173126 -0.02300000
v -0.07673099 0.02173126 -0.02600000
v -0.07593432 0.02435757 -0.02300000
v -0.07593432 0.02435757 -0.02600000
v -0.07464057 0.02677799 -0.02300000
v -0.07464057 0.02677799 -0.02600000
v -0.07289949 0.02889950 -0.02300000
v -0.07289949 0.02889950 -0.02600000
v -0.07077798 0.03064057 -0.02300000
v -0.07077798 0.03064057 -0.02600000
v -0.06835756 0.03193431 -0.02300000
v -0.06835756 0.03193431 -0.02600000
v -0.06573126 0.03273099 -0.02300000
v -0.06573126 0.03273099 -0.02600000
v -0.06300000 0.03300000 -0.02300000
v -0.06300000 0.03300000 -0.02600000
v -0.04360893 0.03300000 -0.02600000
v -0.04360893 0.03300000 -0.02300000
v -0.04189883 0.03269846 -0.02600000
v -0.04189883 0.03269846 -0.02300000
v -0.04822226 0.03500000 -0.02800000
v -0.05755523 0.03839692 -0.02800000
v -0.05755523 0.03839692 -0.03300000
v -0.01882847 0.02430154 -0.02300000
v -0.01882847 0.02430154 -0.03300000
v -0.04547478 0.03400000 -0.02773205
v -0.04360893 0.03332089 -0.02708655
v -0.04273988 0.03300458 -0.02655819
v -0.01711836 0.02400000 -0.02300000
v -0.01711836 0.02400000 -0.03300000
v 0.01934174 0.02400000 -0.02300000
v 0.01934174 0.02400000 -0.03300000
v 0.02063583 0.02417037 -0.02300000
v 0.02063583 0.02417037 -0.03300000
v 0.05295262 0.03282963 -0.02300000
v 0.05295262 0.03282963 -0.02600000
v 0.05424672 0.03317638 -0.02682123
v 0.07470910 0.03865925 -0.02800000
v 0.06105256 0.03500000 -0.02800000
v 0.07470910 0.03865925 -0.03300000
v 0.05732051 0.03400000 -0.02773205
v 0.05458845 0.03326795 -0.02700000
v 0.05424672 0.03300000 -0.02600000
v 0.05424672 0.03300000 -0.02300000
v 0.08500000 0.03300000 -0.02300000
v 0.08500000 0.03300000 -0.02600000
v 0.08773126 0.03273099 -0.02300000
v 0.08773126 0.03273099 -0.02600000
v 0.09035757 0.03193431 -0.02300000
v 0.09035757 0.03193431 -0.02600000
v 0.09277798 0.03064057 -0.02300000
v 0.09277798 0.03064057 -0.02600000
v 0.09489950 0.02889950 -0.02300000
v 0.09489950 0.02889950 -0.02600000
v 0.09664058 0.02677799 -0.02300000
v 0.09664058 0.02677799 -0.02600000
v 0.09793432 0.02435757 -0.02300000
v 0.09793432 0.02435757 -0.02600000
v 0.09873100 0.02173126 -0.02300000
v 0.09873100 0.02173126 -0.02600000
v 0.09900000 0.01900000 -0.02300000
v 0.09900000 0.01900000 -0.02600000
v -0.06300000 -0.03600000 -0.02800000
v -0.06918034 -0.03902113 -0.02800000
v -0.07475571 -0.03618034 -0.02800000
v -0.07188912 -0.03330351 -0.02800000
v -0.06912294 -0.03478208 -0.02800000
v -0.06612144 -0.03569257 -0.02800000
v -0.06300000 -0.04000000 -0.02800000
v -0.06097543 -0.04000000 -0.02800000
v -0.06918034 0.03802113 -0.02800000
v -0.06300000 0.03900000 -0.02800000
v -0.06300000 0.03500000 -0.02800000
v -0.06097543 0.03900000 -0.02800000
v -0.06612144 0.03469256 -0.02800000
v -0.06912294 0.03378207 -0.02800000
v -0.07475571 0.03518034 -0.02800000
v -0.07188912 0.03230351 -0.02800000
v -0.07431371 0.03031371 -0.02800000
v -0.07918034 0.03075571 -0.02800000
v -0.07630351 0.02788913 -0.02800000
v -0.08202113 0.02518034 -0.02800000
v -0.08202113 -0.02618034 -0.02800000
v -0.07778208 -0.02612293 -0.02800000
v -0.07918034 -0.03175571 -0.02800000
v -0.07630351 -0.02888912 -0.02800000
v -0.07431371 -0.03131371 -0.02800000
v -0.07778208 0.02512294 -0.02800000
v -0.07869256 0.02212145 -0.02800000
v -0.08300000 0.01900000 -0.02800000
v -0.07900000 0.01900000 -0.02800000
v -0.08300000 -0.02000000 -0.02800000
v -0.07900000 -0.02000000 -0.02800000
v -0.07869256 -0.02312145 -0.02800000
v 0.07729729 0.03900000 -0.03300000
v 0.07729729 0.03900000 -0.02800000
v 0.08500000 0.03900000 -0.03300000
v 0.08500000 0.03900000 -0.02800000
v 0.10500001 0.01900000 -0.03300000
v 0.10500001 0.01900000 -0.02800000
v 0.10402114 0.02518034 -0.03300000
v 0.10402114 0.02518034 -0.02800000
v 0.10118035 0.03075571 -0.03300000
v 0.10118035 0.03075571 -0.02800000
v 0.09675571 0.03518034 -0.03300000
v 0.09675571 0.03518034 -0.02800000
v 0.09118034 0.03802113 -0.03300000
v 0.09118034 0.03802113 -0.02800000
v 0.10500001 -0.02000000 -0.03300000
v 0.10500001 -0.02000000 -0.02800000
v 0.08500000 -0.04000000 -0.03300000
v 0.08500000 -0.04000000 -0.02800000
v 0.09118034 -0.03902113 -0.03300000
v 0.09118034 -0.03902113 -0.02800000
v 0.09675571 -0.03618034 -0.03300000
v 0.09675571 -0.03618034 -0.02800000
v 0.10118035 -0.03175571 -0.03300000
v 0.10118035 -0.03175571 -0.02800000
v 0.10402114 -0.02618034 -0.03300000
v 0.10402114 -0.02618034 -0.02800000
v 0.07729729 -0.04000000 -0.03300000
v 0.07729729 -0.04000000 -0.02800000
v -0.06097543 -0.04000000 -0.03300000
v -0.06300000 -0.04000000 -0.03300000
v -0.08300000 -0.02000000 -0.03300000
v -0.08202113 -0.02618034 -0.03300000
v -0.07918034 -0.03175571 -0.03300000
v -0.07475571 -0.03618034 -0.03300000
v -0.06918034 -0.03902113 -0.03300000
v -0.08300000 0.01900000 -0.03300000
v -0.06300000 0.03900000 -0.03300000
v -0.06918034 0.03802113 -0.03300000
v -0.07475571 0.03518034 -0.03300000
v -0.07918034 0.03075571 -0.03300000
v -0.08202113 0.02518034 -0.03300000
v -0.06097543 0.03900000 -0.03300000
v 0.09350001 -0.00050000 -0.03300000
v 0.09321894 -0.00371249 -0.03300000
v -0.07538431 -0.00682737 -0.03300000
v -0.07402147 -0.00975000 -0.03300000
v -0.07217182 -0.01239157 -0.03300000
v 0.09321894 0.00271249 -0.03300000
v 0.09238432 0.00582737 -0.03300000
v -0.07621894 -0.00371249 -0.03300000
v -0.07650000 -0.00050000 -0.03300000
v -0.07621894 0.00271249 -0.03300000
v -0.07538431 0.00582737 -0.03300000
v -0.04610843 0.01367182 -0.03300000
v -0.04382818 0.01139157 -0.03300000
v 0.08689157 -0.01467182 -0.03300000
v 0.08425000 -0.01652147 -0.03300000
v 0.08132737 -0.01788431 -0.03300000
v 0.07821249 -0.01871894 -0.03300000
v -0.06725000 -0.01652147 -0.03300000
v -0.06432737 -0.01788431 -0.03300000
v -0.06121249 -0.01871894 -0.03300000
v -0.06989158 -0.01467182 -0.03300000
v 0.09238432 -0.00682737 -0.03300000
v 0.09102147 -0.00975000 -0.03300000
v 0.08917183 -0.01239157 -0.03300000
v -0.05800000 -0.01900000 -0.03300000
v -0.05478751 -0.01871894 -0.03300000
v 0.07178752 -0.01871894 -0.03300000
v 0.06867263 -0.01788431 -0.03300000
v -0.03950000 -0.00050000 -0.03300000
v 0.06575001 -0.01652147 -0.03300000
v 0.06310843 -0.01467182 -0.03300000
v 0.06082818 -0.01239157 -0.03300000
v 0.05897853 -0.00975000 -0.03300000
v 0.05761569 -0.00682737 -0.03300000
v -0.03978106 -0.00371249 -0.03300000
v 0.07500000 -0.01900000 -0.03300000
v -0.04382818 -0.01239157 -0.03300000
v -0.04197853 -0.00975000 -0.03300000
v -0.04061569 -0.00682737 -0.03300000
v -0.07402147 0.00875000 -0.03300000
v -0.07217182 0.01139157 -0.03300000
v -0.06989158 0.01367182 -0.03300000
v -0.06725000 0.01552147 -0.03300000
v -0.06432737 0.01688431 -0.03300000
v -0.06121249 0.01771894 -0.03300000
v -0.05800000 0.01800000 -0.03300000
v 0.05761569 0.00582737 -0.03300000
v 0.05897853 0.00875000 -0.03300000
v -0.03978106 0.00271249 -0.03300000
v 0.06082818 0.01139157 -0.03300000
v 0.06310843 0.01367182 -0.03300000
v 0.06575001 0.01552147 -0.03300000
v -0.04610843 -0.01467182 -0.03300000
v -0.04875000 -0.01652147 -0.03300000
v -0.05167263 -0.01788431 -0.03300000
v -0.05478751 0.01771894 -0.03300000
v -0.05167263 0.01688431 -0.03300000
v -0.04875000 0.01552147 -0.03300000
v -0.04061569 0.00582737 -0.03300000
v -0.04197853 0.00875000 -0.03300000
v 0.05678105 -0.00371249 -0.03300000
v 0.05650000 -0.00050000 -0.03300000
v 0.05678105 0.00271249 -0.03300000
v 0.07821249 0.01771894 -0.03300000
v 0.08132737 0.01688431 -0.03300000
v 0.08425000 0.01552147 -0.03300000
v 0.06867263 0.01688431 -0.03300000
v 0.07178752 0.01771894 -0.03300000
v 0.07500000 0.01800000 -0.03300000
v 0.08689157 0.01367182 -0.03300000
v 0.08917183 0.01139157 -0.03300000
v 0.09102147 0.00875000 -0.03300000
v 0.08500000 -0.03600000 -0.02800000
v 0.08812144 -0.03569257 -0.02800000
v 0.09112294 -0.03478208 -0.02800000
v 0.09388912 -0.03330351 -0.02800000
v 0.09631371 -0.03131371 -0.02800000
v 0.09830352 -0.02888912 -0.02800000
v 0.09978208 -0.02612293 -0.02800000
v 0.10069257 -0.02312145 -0.02800000
v 0.10100001 -0.02000000 -0.02800000
v 0.10100001 0.01900000 -0.02800000
v 0.10069257 0.02212145 -0.02800000
v 0.09978208 0.02512294 -0.02800000
v 0.09830352 0.02788913 -0.02800000
v 0.08500000 0.03500000 -0.02800000
v 0.09631371 0.03031371 -0.02800000
v 0.09388912 0.03230351 -0.02800000
v 0.09112294 0.03378207 -0.02800000
v 0.08812144 0.03469256 -0.02800000
v -0.01911732 -0.02966338 -0.04000000
v -0.03006160 -0.03364678 -0.04000000
v -0.01726523 0.02816712 -0.04000000
v -0.03000000 -0.03233487 -0.04000000
v -0.01911732 0.02866338 -0.04000000
v -0.03000000 0.03133487 -0.04000000
v -0.03006160 0.03264677 -0.04000000
v 0.02087222 0.02837482 -0.04000000
v 0.03222899 0.03141785 -0.04000000
v 0.03200000 0.02889613 -0.04000000
v 0.01802521 0.02800000 -0.04000000
v 0.01802521 -0.02900000 -0.04000000
v 0.02087222 -0.02937482 -0.04000000
v 0.03200000 -0.02989613 -0.04000000
v 0.03222899 -0.03241785 -0.04000000
v -0.01535510 0.02800000 -0.04000000
v -0.01535510 -0.02900000 -0.04000000
v -0.01726523 -0.02916711 -0.04000000
v 0.01802521 0.03200000 -0.03600000
v 0.01802521 0.03200000 -0.02700000
v 0.01983695 0.03223852 -0.03600000
v 0.01983695 0.03223852 -0.02700000
v -0.01535510 0.03200000 -0.02700000
v -0.01535510 0.03200000 -0.03600000
v -0.01774924 0.03242215 -0.03600000
v -0.01774924 0.03242215 -0.02700000
v -0.01657063 0.03210635 -0.03600000
v -0.01657063 0.03210635 -0.02700000
v -0.02869352 0.03640554 -0.03600000
v -0.03198245 0.03760261 -0.03660793
v -0.03379766 0.03826330 -0.03746487
v -0.05145701 0.04469078 -0.02700000
v -0.03039915 0.03702634 -0.03616481
v -0.03892185 0.04012835 -0.04200000
v -0.05145701 0.04469078 -0.04200000
v -0.03778533 0.03971469 -0.04073513
v -0.03576128 0.03897800 -0.03883277
v 0.03119371 0.03528156 -0.03600000
v 0.03845877 0.03722822 -0.03883277
v 0.03644033 0.03668738 -0.03746487
v 0.06924653 0.04547777 -0.02700000
v 0.03457444 0.03618742 -0.03660793
v 0.03294695 0.03575133 -0.03616481
v 0.06924653 0.04547777 -0.04200000
v 0.04170758 0.03809874 -0.04200000
v 0.04053933 0.03778571 -0.04073513
v -0.01535510 -0.03300000 -0.03600000
v -0.01535510 -0.03300000 -0.02700000
v -0.01657063 -0.03310635 -0.03600000
v -0.01657063 -0.03310635 -0.02700000
v -0.01774924 -0.03342215 -0.03600000
v -0.01774924 -0.03342215 -0.02700000
v 0.01802521 -0.03300000 -0.02700000
v 0.01802521 -0.03300000 -0.03600000
v 0.01983695 -0.03323852 -0.03600000
v 0.01983695 -0.03323852 -0.02700000
v -0.03576128 -0.03997800 -0.03883277
v -0.03379766 -0.03926330 -0.03746487
v -0.05145701 -0.04569078 -0.02700000
v -0.03198245 -0.03860261 -0.03660793
v -0.03039915 -0.03802635 -0.03616481
v -0.02869352 -0.03740555 -0.03600000
v -0.05145701 -0.04569078 -0.04200000
v -0.03892185 -0.04112835 -0.04200000
v -0.03778533 -0.04071469 -0.04073513
v 0.03119371 -0.03628156 -0.03600000
v 0.03294695 -0.03675134 -0.03616481
v 0.06924653 -0.04647778 -0.02700000
v 0.03457444 -0.03718742 -0.03660793
v 0.03644033 -0.03768738 -0.03746487
v 0.04170758 -0.03909874 -0.04200000
v 0.06924653 -0.04647778 -0.04200000
v 0.04053933 -0.03878571 -0.04073513
v 0.03845877 -0.03822822 -0.03883277
v 0.07309530 0.04624334 -0.04200000
v 0.07309530 0.04624334 -0.02700000
v -0.05650817 0.04604423 -0.04200000
v -0.05650817 0.04604423 -0.02700000
v 0.07309530 -0.04724335 -0.02700000
v 0.07309530 -0.04724335 -0.04200000
v -0.05650817 -0.04704423 -0.02700000
v -0.05650817 -0.04704423 -0.04200000
v 0.04135642 -0.03897159 -0.04234055
v 0.04102740 -0.03878478 -0.04267567
v 0.04000840 -0.03855732 -0.04131088
v 0.04072578 -0.03854130 -0.04300000
v 0.03954262 -0.03817772 -0.04186267
v 0.03777643 -0.03783878 -0.03982235
v 0.03580707 -0.03719448 -0.03882638
v 0.03412576 -0.03664919 -0.03826294
v 0.03274589 -0.03620837 -0.03802067
v 0.03133241 -0.03576391 -0.03800000
v 0.03726547 -0.03710268 -0.04071318
v 0.03543429 -0.03617537 -0.03997536
v 0.03397665 -0.03543961 -0.03958384
v 0.03283687 -0.03488098 -0.03943814
v 0.03171134 -0.03434970 -0.03946410
v 0.03916136 -0.03766270 -0.04236757
v 0.03697689 -0.03609335 -0.04141638
v 0.03538016 -0.03478914 -0.04073243
v 0.03415723 -0.03380287 -0.04030396
v 0.03319840 -0.03308275 -0.04008241
v 0.01997565 -0.03272088 -0.03800000
v 0.02035458 -0.03130667 -0.03946410
v 0.03376316 -0.02989613 -0.04040956
v 0.03418918 -0.03309688 -0.04040956
v 0.04100337 -0.03865150 -0.04320000
v 0.03893257 -0.03708461 -0.04320000
v 0.04090523 -0.03862406 -0.04308480
v 0.03516526 -0.02989613 -0.04155437
v 0.03554247 -0.03273013 -0.04155437
v 0.03664783 -0.03536682 -0.04155437
v 0.03591918 -0.02989613 -0.04320000
v 0.03627010 -0.03253279 -0.04320000
v 0.03729843 -0.03498587 -0.04320000
v 0.01802521 -0.03100000 -0.03946410
v 0.01802521 -0.03246410 -0.03800000
v 0.03376316 0.02889613 -0.04040956
v 0.03516526 0.02889613 -0.04155437
v 0.03591918 0.02889613 -0.04320000
v -0.01535510 -0.03246410 -0.03800000
v -0.01535510 -0.03100000 -0.03946410
v 0.03916136 0.03666270 -0.04236757
v 0.03893257 0.03608461 -0.04320000
v 0.03729843 0.03398587 -0.04320000
v 0.04100007 0.03765423 -0.04318062
v 0.04090523 0.03762405 -0.04308480
v 0.04072578 0.03754130 -0.04300000
v 0.03319840 0.03208275 -0.04008241
v 0.03418917 0.03209684 -0.04040956
v 0.03415723 0.03280287 -0.04030396
v 0.03538016 0.03378914 -0.04073243
v 0.03554246 0.03173010 -0.04155437
v 0.03664779 0.03436675 -0.04155437
v 0.03697689 0.03509334 -0.04141638
v 0.03627010 0.03153278 -0.04320000
v -0.01843328 -0.03154277 -0.03946410
v -0.01691793 -0.03113673 -0.03946410
v -0.01793253 -0.03291857 -0.03800000
v -0.01666369 -0.03257859 -0.03800000
v 0.04102740 0.03778478 -0.04267567
v 0.04135642 0.03797159 -0.04234055
v 0.03954262 0.03717772 -0.04186267
v 0.04000840 0.03755732 -0.04131088
v 0.03726547 0.03610268 -0.04071318
v 0.03543429 0.03517537 -0.03997536
v 0.03397665 0.03443961 -0.03958384
v 0.03283687 0.03388098 -0.03943814
v 0.03171134 0.03334970 -0.03946410
v 0.03777643 0.03683878 -0.03982235
v 0.03580707 0.03619447 -0.03882638
v 0.03412576 0.03564919 -0.03826294
v 0.03274589 0.03520836 -0.03802067
v 0.03133241 0.03476391 -0.03800000
v -0.02887681 -0.03690197 -0.03800000
v -0.02937756 -0.03552616 -0.03946410
v 0.01997565 0.03172088 -0.03800000
v 0.02035458 0.03030667 -0.03946410
v -0.03827163 -0.04075631 -0.04267567
v -0.03799237 -0.04048747 -0.04300000
v -0.03651049 -0.03947586 -0.04236757
v -0.03858312 -0.04097108 -0.04234055
v -0.03727633 -0.04044091 -0.04131088
v -0.03684541 -0.04002215 -0.04186267
v -0.03467062 -0.03875273 -0.04071318
v -0.03478711 -0.03801750 -0.04156768
v -0.03447110 -0.03772209 -0.04141638
v -0.03299412 -0.03628369 -0.04073243
v -0.03292722 -0.03766935 -0.03997536
v -0.03186180 -0.03519458 -0.04030396
v -0.03153926 -0.03680935 -0.03958384
v -0.03096938 -0.03439363 -0.04008241
v -0.03045250 -0.03615352 -0.03943814
v -0.03511547 -0.03953057 -0.03982235
v -0.03320977 -0.03871708 -0.03882638
v -0.03158238 -0.03802733 -0.03826294
v -0.03024618 -0.03746792 -0.03802067
v 0.01802521 0.03000000 -0.03946410
v 0.01802521 0.03146410 -0.03800000
v -0.03825578 -0.04062388 -0.04318062
v -0.03595748 -0.03841277 -0.04320000
v -0.03508358 -0.03703810 -0.04320000
v -0.03441675 -0.03738984 -0.04155437
v -0.03348279 -0.03493866 -0.04155437
v -0.03212178 -0.03527561 -0.04040956
v -0.03176317 -0.03233487 -0.04040956
v -0.03316527 -0.03233487 -0.04155437
v -0.03444234 -0.03554016 -0.04320000
v -0.03391919 -0.03233487 -0.04320000
v -0.01535510 0.03146410 -0.03800000
v -0.01535510 0.03000000 -0.03946410
v -0.03176317 0.03133487 -0.04040956
v -0.03316527 0.03133487 -0.04155437
v -0.03391919 0.03133487 -0.04320000
v -0.01691793 0.03013673 -0.03946410
v -0.01666369 0.03157859 -0.03800000
v -0.01843328 0.03054277 -0.03946410
v -0.01793253 0.03191857 -0.03800000
v -0.03799237 0.03948747 -0.04300000
v -0.03651049 0.03847586 -0.04236757
v -0.03595748 0.03741277 -0.04320000
v -0.03447110 0.03672209 -0.04141638
v -0.03441678 0.03638991 -0.04155437
v -0.03478711 0.03701750 -0.04156768
v -0.03096938 0.03339363 -0.04008241
v -0.03186180 0.03419458 -0.04030396
v -0.03212179 0.03427565 -0.04040956
v -0.03299412 0.03528368 -0.04073243
v -0.03348280 0.03393870 -0.04155437
v -0.03508362 0.03603816 -0.04320000
v -0.03825931 0.03962144 -0.04320000
v -0.03816393 0.03958555 -0.04308480
v -0.03444234 0.03454016 -0.04320000
v -0.02887681 0.03590197 -0.03800000
v -0.02937756 0.03452616 -0.03946410
v -0.03858312 0.03997108 -0.04234055
v -0.03827163 0.03975631 -0.04267567
v -0.03727633 0.03944090 -0.04131088
v -0.03684541 0.03902215 -0.04186267
v -0.03511547 0.03853057 -0.03982235
v -0.03320977 0.03771707 -0.03882638
v -0.03158238 0.03702733 -0.03826294
v -0.03024618 0.03646792 -0.03802067
v -0.03467062 0.03775273 -0.04071318
v -0.03292722 0.03666935 -0.03997536
v -0.03153926 0.03580935 -0.03958384
v -0.03045250 0.03515352 -0.03943814
v -0.09051963 0.02637726 -0.04200000
v -0.09051963 0.02637726 -0.02700000
v -0.09014814 0.02797048 -0.04200000
v -0.09014814 0.02797048 -0.02700000
v -0.08909698 0.03106709 -0.04200000
v -0.08909698 0.03106709 -0.02700000
v -0.08765063 0.03400000 -0.04200000
v -0.08765063 0.03400000 -0.02700000
v -0.08678674 0.03538926 -0.04200000
v -0.08678674 0.03538926 -0.02700000
v -0.08367767 0.03917767 -0.04200000
v -0.08367767 0.03917767 -0.02700000
v -0.07988925 0.04228674 -0.04200000
v -0.07988925 0.04228674 -0.02700000
v -0.07849999 0.04315063 -0.04200000
v -0.07849999 0.04315063 -0.02700000
v -0.07556708 0.04459699 -0.04200000
v -0.07556708 0.04459699 -0.02700000
v -0.07247047 0.04564815 -0.04200000
v -0.07247047 0.04564815 -0.02700000
v -0.07087726 0.04601963 -0.04200000
v -0.07087726 0.04601963 -0.02700000
v -0.07087726 -0.04701964 -0.04200000
v -0.07087726 -0.04701964 -0.02700000
v -0.07247047 -0.04664815 -0.04200000
v -0.07247047 -0.04664815 -0.02700000
v -0.07556708 -0.04559699 -0.04200000
v -0.07556708 -0.04559699 -0.02700000
v -0.07849999 -0.04415063 -0.04200000
v -0.07849999 -0.04415063 -0.02700000
v -0.07988925 -0.04328674 -0.04200000
v -0.07988925 -0.04328674 -0.02700000
v -0.08367767 -0.04017767 -0.04200000
v -0.08367767 -0.04017767 -0.02700000
v -0.08678674 -0.03638926 -0.04200000
v -0.08678674 -0.03638926 -0.02700000
v -0.08765063 -0.03500000 -0.04200000
v -0.08765063 -0.03500000 -0.02700000
v -0.08909698 -0.03206709 -0.04200000
v -0.08909698 -0.03206709 -0.02700000
v -0.09014814 -0.02897047 -0.04200000
v -0.09014814 -0.02897047 -0.02700000
v -0.09051963 -0.02737726 -0.04200000
v -0.09051963 -0.02737726 -0.02700000
v 0.10828363 0.03948133 -0.02700000
v 0.11021321 0.03771320 -0.02700000
v 0.11021322 0.03771319 -0.03512083
v 0.09216107 0.04633300 -0.04200000
v 0.09420945 0.04604423 -0.02700000
v 0.09676458 0.04547777 -0.02700000
v 0.09450032 0.04599147 -0.04185968
v 0.09400731 0.04607916 -0.04200000
v 0.09926061 0.04469078 -0.02700000
v 0.09793187 0.04513951 -0.04077878
v 0.09676925 0.04547652 -0.04116597
v 0.10400000 0.04248076 -0.02700000
v 0.10176847 0.04364712 -0.03933634
v 0.09844719 0.04497368 -0.04060000
v 0.10782715 0.03985676 -0.03647480
v 0.10489898 0.04194056 -0.03795440
v 0.10400313 0.04247895 -0.03837001
v 0.11498076 0.03150000 -0.02700000
v 0.11494882 0.03155519 -0.03198255
v 0.11198133 0.03578363 -0.02700000
v 0.11291343 0.03461486 -0.03341021
v 0.11050339 0.03741899 -0.03494641
v 0.11854424 0.02170945 -0.02700000
v 0.11885560 0.01944000 -0.02886344
v 0.11842454 0.02234777 -0.02923423
v 0.11797778 0.02426457 -0.02700000
v 0.11790148 0.02454392 -0.02967486
v 0.11719078 0.02676060 -0.02700000
v 0.11686805 0.02760730 -0.03051641
v 0.11546916 0.03062031 -0.03159700
v 0.11885560 -0.02043999 -0.02886344
v 0.11854424 -0.02270944 -0.02700000
v 0.11842454 -0.02334777 -0.02923423
v 0.11790148 -0.02554392 -0.02967486
v 0.11797778 -0.02526457 -0.02700000
v 0.11686805 -0.02860730 -0.03051641
v 0.11719078 -0.02776060 -0.02700000
v 0.11546916 -0.03162031 -0.03159700
v 0.11498076 -0.03250000 -0.02700000
v 0.11498069 -0.03250012 -0.03195918
v 0.11021321 -0.03871321 -0.02700000
v 0.11021322 -0.03871319 -0.03512083
v 0.11050339 -0.03841899 -0.03494641
v 0.11198133 -0.03678363 -0.02700000
v 0.11291343 -0.03561486 -0.03341021
v 0.10782715 -0.04085677 -0.03647480
v 0.10828363 -0.04048133 -0.02700000
v 0.10489898 -0.04294056 -0.03795440
v 0.10400000 -0.04348076 -0.02700000
v 0.10400313 -0.04347895 -0.03837001
v 0.10176847 -0.04464712 -0.03933634
v 0.09926061 -0.04569078 -0.02700000
v 0.09844719 -0.04597368 -0.04060000
v 0.09793187 -0.04613952 -0.04077878
v 0.09676458 -0.04647778 -0.02700000
v 0.09676925 -0.04647652 -0.04116597
v 0.09450032 -0.04699147 -0.04185968
v 0.09420945 -0.04704423 -0.02700000
v 0.09400731 -0.04707916 -0.04200000
v 0.09216107 -0.04733300 -0.04200000
v 0.11691388 0.02117822 -0.03334105
v 0.11729728 0.01885200 -0.03292880
v 0.11693927 0.01971757 -0.03331399
v 0.11742564 0.01650000 -0.03278902
v 0.11742564 -0.01750000 -0.03278902
v 0.11729728 -0.01985200 -0.03292880
v 0.11691388 -0.02217821 -0.03334105
v 0.11644821 -0.02393514 -0.03383141
v 0.11001353 0.03305759 -0.03958640
v 0.11198686 0.03099189 -0.03800698
v 0.11381136 -0.02954415 -0.03640735
v 0.11381136 0.02854415 -0.03640735
v 0.11427697 -0.02879625 -0.03597611
v 0.11427697 0.02779625 -0.03597611
v 0.11552682 0.02538584 -0.03476929
v 0.11644821 0.02293514 -0.03383141
v 0.11552682 -0.02638584 -0.03476929
v 0.11198686 -0.03199189 -0.03800698
v 0.11001353 -0.03405759 -0.03958640
v 0.10982127 0.03323519 -0.03973244
v 0.10982127 -0.03423520 -0.03973244
v 0.10741215 0.03518541 -0.04145221
v 0.10741215 -0.03618541 -0.04145221
v 0.10242125 0.03801801 -0.04443180
v 0.10477419 0.03685245 -0.04311840
v 0.09897003 0.03927895 -0.04609371
v 0.10195528 0.03821770 -0.04467391
v 0.09850759 0.03941161 -0.04629426
v 0.09543452 0.04009317 -0.04750429
v 0.09402561 0.04029398 -0.04799152
v 0.10477419 -0.03785245 -0.04311840
v 0.10242125 -0.03901801 -0.04443180
v 0.10195528 -0.03921770 -0.04467391
v 0.09897003 -0.04027895 -0.04609371
v 0.09850759 -0.04041161 -0.04629426
v 0.09543452 -0.04109318 -0.04750429
v 0.09402561 -0.04129398 -0.04799152
v -0.03915072 0.04008265 -0.04320000
v -0.03914025 0.04010283 -0.04308370
v -0.03904942 0.04015179 -0.04250877
v -0.03912715 0.04011938 -0.04296832
v -0.05272382 0.04121025 -0.04754328
v -0.04076763 0.03620312 -0.04775994
v -0.05205807 0.04303940 -0.04624264
v -0.04006459 0.03788185 -0.04687473
v -0.05248308 0.04187170 -0.04719615
v -0.04025677 0.03742163 -0.04719619
v -0.04062648 0.03653904 -0.04764106
v -0.05173195 0.04393541 -0.04500000
v -0.03951681 0.03919871 -0.04542997
v -0.03994344 0.03817247 -0.04663288
v -0.05161322 0.04426160 -0.04429610
v -0.03918721 0.03999440 -0.04359768
v -0.03943397 0.03939846 -0.04509693
v -0.03949905 0.03758260 -0.04687473
v -0.03933254 0.03785027 -0.04663288
v -0.03875164 0.03879944 -0.04542997
v -0.03863976 0.03898486 -0.04509693
v -0.03830815 0.03953921 -0.04359768
v -0.04028124 0.03635338 -0.04764106
v -0.04048055 0.03604806 -0.04775994
v -0.05658748 0.04559445 -0.04429610
v -0.06171762 0.04604328 -0.04429610
v -0.06171762 0.04569615 -0.04500000
v -0.05681333 0.04431357 -0.04624264
v -0.05715135 0.04239660 -0.04754328
v -0.06171762 0.04350000 -0.04719615
v -0.06171762 0.04474264 -0.04624264
v -0.06171762 0.04279610 -0.04754328
v -0.03514775 0.03430359 -0.04510393
v -0.03655107 0.03696418 -0.04510393
v -0.03762014 0.03615626 -0.04664758
v -0.03904061 0.03508279 -0.04765179
v -0.03778370 0.03133487 -0.04765179
v -0.03810630 0.03331140 -0.04765179
v -0.03715322 0.03133487 -0.04738566
v -0.03641823 0.03387752 -0.04664758
v -0.03505006 0.03133487 -0.04566844
v -0.03600323 0.03133487 -0.04664758
v -0.03466321 0.03133487 -0.04510393
v -0.06600000 0.04604328 -0.04429610
v -0.06600000 0.04569615 -0.04500000
v -0.06600000 0.04474264 -0.04624264
v -0.06600000 0.04350000 -0.04719615
v -0.06600000 0.04279610 -0.04754328
v -0.03466321 -0.03233487 -0.04510393
v -0.03505006 -0.03233487 -0.04566844
v -0.03600323 -0.03233487 -0.04664758
v -0.03715322 -0.03233487 -0.04738566
v -0.03778370 -0.03233487 -0.04765179
v -0.09019615 0.02150000 -0.04500000
v -0.09054328 0.02150000 -0.04429610
v -0.09007168 0.02628816 -0.04429610
v -0.07078816 0.04557168 -0.04429610
v -0.08640698 0.03513552 -0.04429610
v -0.08867503 0.03089231 -0.04429610
v -0.08335472 0.03885472 -0.04429610
v -0.07963552 0.04190699 -0.04429610
v -0.07539231 0.04417503 -0.04429610
v -0.08800000 0.02150000 -0.04719615
v -0.08924264 0.02150000 -0.04624264
v -0.08879603 0.02603441 -0.04624264
v -0.08747340 0.03039457 -0.04624264
v -0.08532555 0.03441292 -0.04624264
v -0.08243503 0.03793503 -0.04624264
v -0.07891291 0.04082555 -0.04624264
v -0.07489457 0.04297340 -0.04624264
v -0.07053441 0.04429604 -0.04624264
v -0.08729610 0.02150000 -0.04754328
v -0.08688690 0.02565466 -0.04754328
v -0.08567503 0.02964967 -0.04754328
v -0.08370705 0.03333148 -0.04754328
v -0.08105861 0.03655862 -0.04754328
v -0.07783148 0.03920706 -0.04754328
v -0.07414966 0.04117503 -0.04754328
v -0.07015466 0.04238690 -0.04754328
v -0.03810630 -0.03431140 -0.04765179
v -0.03904061 -0.03608279 -0.04765179
v -0.04048055 -0.03704806 -0.04775994
v -0.03762014 -0.03715626 -0.04664758
v -0.03949905 -0.03858260 -0.04687473
v -0.04028124 -0.03735338 -0.04764106
v -0.03830815 -0.04053922 -0.04359768
v -0.03863976 -0.03998486 -0.04509693
v -0.03655107 -0.03796418 -0.04510393
v -0.03875164 -0.03979944 -0.04542997
v -0.03933254 -0.03885027 -0.04663288
v -0.03641823 -0.03487752 -0.04664758
v -0.03514775 -0.03530359 -0.04510393
v -0.09054328 -0.02250000 -0.04429610
v -0.09019615 -0.02250000 -0.04500000
v -0.08924264 -0.02250000 -0.04624264
v -0.08800000 -0.02250000 -0.04719615
v -0.08729610 -0.02250000 -0.04754328
v -0.03904942 -0.04115179 -0.04250877
v -0.03912715 -0.04111938 -0.04296832
v -0.03914025 -0.04110283 -0.04308370
v -0.03915072 -0.04108265 -0.04320000
v -0.03918721 -0.04099440 -0.04359768
v -0.03943397 -0.04039846 -0.04509693
v -0.03951681 -0.04019871 -0.04542997
v -0.03994344 -0.03917248 -0.04663288
v -0.04006459 -0.03888185 -0.04687473
v -0.04025677 -0.03842163 -0.04719619
v -0.04062648 -0.03753904 -0.04764106
v -0.04076763 -0.03720312 -0.04775994
v -0.06600000 -0.04669615 -0.04500000
v -0.06600000 -0.04704328 -0.04429610
v -0.07078816 -0.04657169 -0.04429610
v -0.09007168 -0.02728816 -0.04429610
v -0.07963552 -0.04290699 -0.04429610
v -0.07539231 -0.04517503 -0.04429610
v -0.08335472 -0.03985472 -0.04429610
v -0.08640698 -0.03613552 -0.04429610
v -0.08867503 -0.03189231 -0.04429610
v -0.06600000 -0.04450000 -0.04719615
v -0.06600000 -0.04574264 -0.04624264
v -0.07053441 -0.04529604 -0.04624264
v -0.07489457 -0.04397340 -0.04624264
v -0.07891291 -0.04182555 -0.04624264
v -0.08243503 -0.03893503 -0.04624264
v -0.08532555 -0.03541292 -0.04624264
v -0.08747340 -0.03139457 -0.04624264
v -0.08879603 -0.02703441 -0.04624264
v -0.06600000 -0.04379610 -0.04754328
v -0.07015466 -0.04338690 -0.04754328
v -0.07414966 -0.04217503 -0.04754328
v -0.07783148 -0.04020706 -0.04754328
v -0.08105861 -0.03755862 -0.04754328
v -0.08370705 -0.03433148 -0.04754328
v -0.08567503 -0.03064966 -0.04754328
v -0.08688690 -0.02665466 -0.04754328
v -0.05205807 -0.04403940 -0.04624264
v -0.05173195 -0.04493541 -0.04500000
v -0.05161322 -0.04526160 -0.04429610
v -0.05248308 -0.04287170 -0.04719615
v -0.05272382 -0.04221025 -0.04754328
v -0.06171762 -0.04704328 -0.04429610
v -0.06171762 -0.04669615 -0.04500000
v -0.06171762 -0.04574264 -0.04624264
v -0.06171762 -0.04450000 -0.04719615
v -0.06171762 -0.04379610 -0.04754328
v -0.05658748 -0.04659445 -0.04429610
v -0.05681333 -0.04531357 -0.04624264
v -0.05715135 -0.04339660 -0.04754328
v 0.04183670 0.03811096 -0.04250877
v 0.04191131 0.03807190 -0.04296832
v 0.04192292 0.03805428 -0.04308370
v 0.04193158 0.03803326 -0.04320000
v 0.04196025 0.03794217 -0.04359768
v 0.04104486 0.03756533 -0.04359768
v 0.04215413 0.03732699 -0.04509693
v 0.04132690 0.03698418 -0.04509693
v 0.04221924 0.03712078 -0.04542997
v 0.04142218 0.03678972 -0.04542997
v 0.04255481 0.03606126 -0.04663288
v 0.04191816 0.03579353 -0.04663288
v 0.04265017 0.03576119 -0.04687473
v 0.04206069 0.03551236 -0.04687473
v 0.04280150 0.03528597 -0.04719619
v 0.04273278 0.03421965 -0.04764106
v 0.04309289 0.03437451 -0.04764106
v 0.04320423 0.03402757 -0.04775994
v 0.04290472 0.03389812 -0.04775994
v 0.06970136 0.04378029 -0.04624264
v 0.06945457 0.04470132 -0.04500000
v 0.06936473 0.04503661 -0.04429610
v 0.07002298 0.04258000 -0.04719615
v 0.07020516 0.04190008 -0.04754328
v 0.04164189 0.03332888 -0.04765179
v 0.04039364 0.03459851 -0.04664758
v 0.03945419 0.03555405 -0.04510393
v 0.04000009 0.03052201 -0.04765179
v 0.04063420 0.03203470 -0.04765179
v 0.03909733 0.03293365 -0.04664758
v 0.03828160 0.03098770 -0.04664758
v 0.03978369 0.02889613 -0.04765179
v 0.03915321 0.02889613 -0.04738566
v 0.03800323 0.02889613 -0.04664758
v 0.03705006 0.02889613 -0.04566844
v 0.03794066 0.03361022 -0.04510393
v 0.03698823 0.03133818 -0.04510393
v 0.03666321 0.02889613 -0.04510393
v 0.07315492 0.04579053 -0.04429610
v 0.07332469 0.04450102 -0.04624264
v 0.07701109 0.04604328 -0.04429610
v 0.07701109 0.04569615 -0.04500000
v 0.07357877 0.04257113 -0.04754328
v 0.07701109 0.04474264 -0.04624264
v 0.07701109 0.04350000 -0.04719615
v 0.07701109 0.04279610 -0.04754328
v 0.03666321 -0.02989613 -0.04510393
v 0.03705006 -0.02989613 -0.04566844
v 0.03800323 -0.02989613 -0.04664758
v 0.03915321 -0.02989613 -0.04738566
v 0.03978369 -0.02989613 -0.04765179
v 0.08900000 0.04604328 -0.04429610
v 0.08900000 0.04569615 -0.04500000
v 0.08900000 0.04474264 -0.04624264
v 0.08900000 0.04350000 -0.04719615
v 0.08900000 0.04279610 -0.04754328
v 0.04104486 -0.03856533 -0.04359768
v 0.03945419 -0.03655405 -0.04510393
v 0.04132690 -0.03798418 -0.04509693
v 0.04142218 -0.03778972 -0.04542997
v 0.04039364 -0.03559851 -0.04664758
v 0.04191816 -0.03679353 -0.04663288
v 0.04206069 -0.03651236 -0.04687473
v 0.04164189 -0.03432888 -0.04765179
v 0.04273278 -0.03521965 -0.04764106
v 0.04290472 -0.03489812 -0.04775994
v 0.04000009 -0.03152201 -0.04765179
v 0.03828160 -0.03198770 -0.04664758
v 0.03698823 -0.03233818 -0.04510393
v 0.04063420 -0.03303470 -0.04765179
v 0.03909733 -0.03393365 -0.04664758
v 0.03794066 -0.03461022 -0.04510393
v 0.09424742 0.04188287 -0.04768464
v 0.09177079 0.04264972 -0.04754328
v 0.09428606 0.04223496 -0.04755311
v 0.09436636 0.04316540 -0.04707542
v 0.09197590 0.04458542 -0.04624264
v 0.09439353 0.04365363 -0.04673575
v 0.09421536 0.04586803 -0.04342829
v 0.09436363 0.04522961 -0.04494770
v 0.09211295 0.04587882 -0.04429610
v 0.09438304 0.04503015 -0.04526550
v 0.09440352 0.04393968 -0.04650174
v 0.09416669 0.04595715 -0.04305330
v 0.04255481 -0.03706126 -0.04663288
v 0.04221924 -0.03812078 -0.04542997
v 0.04215413 -0.03832699 -0.04509693
v 0.04196025 -0.03894217 -0.04359768
v 0.04193158 -0.03903326 -0.04320000
v 0.04309289 -0.03537452 -0.04764106
v 0.04280150 -0.03628597 -0.04719619
v 0.04265017 -0.03676119 -0.04687473
v 0.04320423 -0.03502757 -0.04775994
v 0.04192292 -0.03905428 -0.04308370
v 0.04183670 -0.03911096 -0.04250877
v 0.04191131 -0.03907190 -0.04296832
v 0.11286390 0.03241588 -0.03681160
v 0.11318533 0.03367271 -0.03521694
v 0.11508277 0.03073367 -0.03367493
v 0.11091909 0.03639501 -0.03688840
v 0.10556253 0.04087433 -0.04020234
v 0.09531341 0.04508424 -0.04458530
v 0.09565282 0.04294129 -0.04663609
v 0.09873582 0.04416560 -0.04336523
v 0.09894367 0.04209768 -0.04535647
v 0.09924666 0.04399030 -0.04316376
v 0.09943522 0.04193652 -0.04514505
v 0.10251716 0.04261050 -0.04174415
v 0.10258403 0.04066694 -0.04365483
v 0.10837654 0.03879275 -0.03856513
v 0.10551821 0.03906736 -0.04203627
v 0.10823034 0.03714721 -0.04031848
v 0.11068070 0.03493282 -0.03856107
v 0.11556552 0.02984066 -0.03326023
v 0.11685881 0.02697486 -0.03210159
v 0.11781015 0.02407581 -0.03120278
v 0.11829039 0.02200378 -0.03073332
v 0.11868552 0.01926554 -0.03033886
v 0.11881777 0.01650000 -0.03020515
v 0.11859258 0.01650000 -0.03091090
v 0.11469070 0.02969580 -0.03520010
v 0.11515526 0.02886886 -0.03476714
v 0.11639934 0.02621385 -0.03355851
v 0.11731395 0.02352652 -0.03262196
v 0.11777547 0.02160513 -0.03213315
v 0.11815510 0.01906540 -0.03172263
v 0.11828214 0.01650000 -0.03158352
v 0.06936473 -0.04603662 -0.04429610
v 0.06945457 -0.04570132 -0.04500000
v 0.07020516 -0.04290009 -0.04754328
v 0.06970136 -0.04478030 -0.04624264
v 0.07002298 -0.04358000 -0.04719615
v 0.11828214 -0.01750000 -0.03158352
v 0.11859258 -0.01750000 -0.03091090
v 0.11881777 -0.01750000 -0.03020515
v 0.07315492 -0.04679053 -0.04429610
v 0.07701109 -0.04704328 -0.04429610
v 0.07701109 -0.04669615 -0.04500000
v 0.07332469 -0.04550102 -0.04624264
v 0.07357877 -0.04357113 -0.04754328
v 0.07701109 -0.04450000 -0.04719615
v 0.07701109 -0.04574264 -0.04624264
v 0.07701109 -0.04379610 -0.04754328
v 0.09424742 -0.04288288 -0.04768464
v 0.09428606 -0.04323496 -0.04755311
v 0.09440352 -0.04493968 -0.04650174
v 0.09439353 -0.04465364 -0.04673575
v 0.09565282 -0.04394129 -0.04663609
v 0.09436636 -0.04416540 -0.04707542
v 0.09531341 -0.04608424 -0.04458530
v 0.09438304 -0.04603015 -0.04526550
v 0.09440352 -0.04493968 -0.04650174
v 0.09416669 -0.04695715 -0.04305330
v 0.09421536 -0.04686803 -0.04342829
v 0.09436363 -0.04622961 -0.04494770
v 0.09873582 -0.04516561 -0.04336523
v 0.09924666 -0.04499031 -0.04316376
v 0.10251716 -0.04361051 -0.04174415
v 0.09894367 -0.04309768 -0.04535647
v 0.09943522 -0.04293652 -0.04514505
v 0.10258403 -0.04166694 -0.04365483
v 0.10551821 -0.04006736 -0.04203627
v 0.10556253 -0.04187433 -0.04020234
v 0.10837654 -0.03979275 -0.03856513
v 0.10823034 -0.03814721 -0.04031848
v 0.11068070 -0.03593282 -0.03856107
v 0.11286390 -0.03341588 -0.03681160
v 0.11091909 -0.03739502 -0.03688840
v 0.11318533 -0.03467271 -0.03521694
v 0.11508277 -0.03173367 -0.03367493
v 0.11469070 -0.03069580 -0.03520010
v 0.11515526 -0.02986886 -0.03476714
v 0.11639934 -0.02721385 -0.03355851
v 0.11731395 -0.02452652 -0.03262196
v 0.11777547 -0.02260513 -0.03213315
v 0.11815510 -0.02006540 -0.03172263
v 0.11556552 -0.03084066 -0.03326023
v 0.11685881 -0.02797486 -0.03210159
v 0.11781015 -0.02507581 -0.03120278
v 0.11829039 -0.02300378 -0.03073332
v 0.11868552 -0.02026554 -0.03033886
v 0.08900000 -0.04704328 -0.04429610
v 0.08900000 -0.04669615 -0.04500000
v 0.08900000 -0.04574264 -0.04624264
v 0.08900000 -0.04450000 -0.04719615
v 0.08900000 -0.04379610 -0.04754328
v 0.09177079 -0.04364972 -0.04754328
v 0.09211295 -0.04687882 -0.04429610
v 0.09197590 -0.04558542 -0.04624264
v -0.05248308 -0.04287170 -0.02180385
v -0.05272382 -0.04221025 -0.02145672
v -0.05715135 -0.04339660 -0.02145672
v -0.06171762 -0.04379610 -0.02145672
v -0.06171762 -0.04450000 -0.02180385
v -0.05681333 -0.04531357 -0.02275736
v -0.05658748 -0.04659445 -0.02470390
v -0.05173195 -0.04493541 -0.02400000
v -0.05205807 -0.04403940 -0.02275736
v -0.05161322 -0.04526160 -0.02470390
v -0.06171762 -0.04574264 -0.02275736
v -0.06171762 -0.04669615 -0.02400000
v -0.06171762 -0.04704328 -0.02470390
v -0.01790544 -0.03299298 -0.02470390
v -0.01802417 -0.03266678 -0.02400000
v -0.01835029 -0.03177077 -0.02275736
v -0.01877530 -0.03060307 -0.02180385
v -0.01901604 -0.02994162 -0.02145672
v -0.06600000 -0.04704328 -0.02470390
v -0.06600000 -0.04669615 -0.02400000
v -0.06600000 -0.04574264 -0.02275736
v -0.06600000 -0.04450000 -0.02180385
v -0.06600000 -0.04379610 -0.02145672
v -0.01664994 -0.03265656 -0.02470390
v -0.01721381 -0.02945872 -0.02145672
v -0.01687579 -0.03137568 -0.02275736
v -0.01535510 -0.03254328 -0.02470390
v -0.01535510 -0.03219615 -0.02400000
v -0.01535510 -0.03124264 -0.02275736
v -0.01535510 -0.03000000 -0.02180385
v -0.01535510 -0.02929610 -0.02145672
v -0.07015466 -0.04338690 -0.02145672
v -0.08688690 -0.02665466 -0.02145672
v -0.08567503 -0.03064966 -0.02145672
v -0.08370705 -0.03433148 -0.02145672
v -0.08105861 -0.03755862 -0.02145672
v -0.07783148 -0.04020706 -0.02145672
v -0.07414966 -0.04217503 -0.02145672
v -0.07053441 -0.04529604 -0.02275736
v -0.07489457 -0.04397340 -0.02275736
v -0.07891291 -0.04182555 -0.02275736
v -0.08243503 -0.03893503 -0.02275736
v -0.08532555 -0.03541292 -0.02275736
v -0.08747340 -0.03139457 -0.02275736
v -0.08879603 -0.02703441 -0.02275736
v -0.08729610 -0.02250000 -0.02145672
v -0.08800000 -0.02250000 -0.02180385
v -0.08924264 -0.02250000 -0.02275736
v -0.09019615 -0.02250000 -0.02400000
v -0.07078816 -0.04657169 -0.02470390
v -0.07539231 -0.04517503 -0.02470390
v -0.07963552 -0.04290699 -0.02470390
v -0.08335472 -0.03985472 -0.02470390
v -0.08640698 -0.03613552 -0.02470390
v -0.08867503 -0.03189231 -0.02470390
v -0.09007168 -0.02728816 -0.02470390
v -0.09054328 -0.02250000 -0.02470390
v 0.01802521 -0.03254328 -0.02470390
v 0.01802521 -0.03219615 -0.02400000
v 0.01802521 -0.03124264 -0.02275736
v 0.01802521 -0.03000000 -0.02180385
v 0.01802521 -0.02929610 -0.02145672
v -0.08729610 0.02150000 -0.02145672
v -0.08800000 0.02150000 -0.02180385
v -0.08924264 0.02150000 -0.02275736
v -0.09019615 0.02150000 -0.02400000
v -0.09054328 0.02150000 -0.02470390
v 0.01995515 -0.03279736 -0.02470390
v 0.02004500 -0.03246206 -0.02400000
v 0.02029179 -0.03154104 -0.02275736
v 0.02061340 -0.03034074 -0.02180385
v 0.02079559 -0.02966083 -0.02145672
v -0.08688690 0.02565466 -0.02145672
v -0.07015466 0.04238690 -0.02145672
v -0.07414966 0.04117503 -0.02145672
v -0.07783148 0.03920706 -0.02145672
v -0.08105861 0.03655862 -0.02145672
v -0.08370705 0.03333148 -0.02145672
v -0.08567503 0.02964967 -0.02145672
v -0.08879603 0.02603441 -0.02275736
v -0.08747340 0.03039457 -0.02275736
v -0.08532555 0.03441292 -0.02275736
v -0.08243503 0.03793503 -0.02275736
v -0.07891291 0.04082555 -0.02275736
v -0.07489457 0.04297340 -0.02275736
v -0.07053441 0.04429604 -0.02275736
v -0.06600000 0.04279610 -0.02145672
v -0.06600000 0.04350000 -0.02180385
v -0.06600000 0.04474264 -0.02275736
v -0.06600000 0.04569615 -0.02400000
v -0.09007168 0.02628816 -0.02470390
v -0.08867503 0.03089231 -0.02470390
v -0.08640698 0.03513552 -0.02470390
v -0.08335472 0.03885472 -0.02470390
v -0.07963552 0.04190699 -0.02470390
v -0.07539231 0.04417503 -0.02470390
v -0.07078816 0.04557168 -0.02470390
v -0.06600000 0.04604328 -0.02470390
v 0.07020516 -0.04290009 -0.02145672
v 0.07002298 -0.04358000 -0.02180385
v 0.06970136 -0.04478030 -0.02275736
v 0.06945457 -0.04570132 -0.02400000
v 0.06936473 -0.04603662 -0.02470390
v -0.06171762 0.04604328 -0.02470390
v -0.06171762 0.04569615 -0.02400000
v -0.06171762 0.04474264 -0.02275736
v -0.06171762 0.04350000 -0.02180385
v -0.06171762 0.04279610 -0.02145672
v 0.07357877 -0.04357113 -0.02145672
v 0.07701109 -0.04379610 -0.02145672
v 0.07701109 -0.04450000 -0.02180385
v 0.07332469 -0.04550102 -0.02275736
v 0.07315492 -0.04679053 -0.02470390
v 0.07701109 -0.04669615 -0.02400000
v 0.07701109 -0.04574264 -0.02275736
v 0.07701109 -0.04704328 -0.02470390
v -0.05715135 0.04239660 -0.02145672
v -0.05272382 0.04121025 -0.02145672
v -0.05248308 0.04187170 -0.02180385
v -0.05681333 0.04431357 -0.02275736
v -0.05658748 0.04559445 -0.02470390
v -0.05205807 0.04303940 -0.02275736
v -0.05173195 0.04393541 -0.02400000
v -0.05161322 0.04426160 -0.02470390
v 0.08900000 -0.04704328 -0.02470390
v 0.08900000 -0.04669615 -0.02400000
v 0.08900000 -0.04574264 -0.02275736
v 0.08900000 -0.04450000 -0.02180385
v 0.08900000 -0.04379610 -0.02145672
v -0.01901604 0.02894163 -0.02145672
v -0.01877530 0.02960308 -0.02180385
v -0.01835029 0.03077077 -0.02275736
v -0.01802417 0.03166678 -0.02400000
v -0.01790544 0.03199297 -0.02470390
v 0.11809445 -0.02263013 -0.02470390
v 0.09356627 -0.04339660 -0.02145672
v 0.11529610 -0.01750000 -0.02145672
v 0.11489660 -0.02206627 -0.02145672
v 0.11600000 -0.01750000 -0.02180385
v 0.11681357 -0.02240428 -0.02275736
v 0.09390429 -0.04531357 -0.02275736
v 0.11819615 -0.01750000 -0.02400000
v 0.11724264 -0.01750000 -0.02275736
v 0.11177309 -0.03064805 -0.02145672
v 0.10914398 -0.03440281 -0.02145672
v 0.11345885 -0.03162132 -0.02275736
v 0.11063512 -0.03565402 -0.02275736
v 0.11458523 -0.03227164 -0.02470390
v 0.11163147 -0.03649005 -0.02470390
v 0.10590281 -0.03764399 -0.02145672
v 0.10214806 -0.04027309 -0.02145672
v 0.10715402 -0.03913512 -0.02275736
v 0.10312133 -0.04195885 -0.02275736
v 0.10799005 -0.04013146 -0.02470390
v 0.10377164 -0.04308523 -0.02470390
v 0.09799380 -0.04221025 -0.02145672
v 0.09865956 -0.04403940 -0.02275736
v 0.09910440 -0.04526160 -0.02470390
v 0.11854328 -0.01750000 -0.02470390
v 0.11676160 -0.02760440 -0.02470390
v 0.11553940 -0.02715955 -0.02275736
v 0.11371025 -0.02649380 -0.02145672
v 0.09413013 -0.04659445 -0.02470390
v -0.01664994 0.03165656 -0.02470390
v -0.01535510 0.03154328 -0.02470390
v -0.01721381 0.02845872 -0.02145672
v -0.01535510 0.02900000 -0.02180385
v -0.01687579 0.03037569 -0.02275736
v -0.01535510 0.03024264 -0.02275736
v -0.01535510 0.03119615 -0.02400000
v -0.01535510 0.02829610 -0.02145672
v 0.11854328 0.01650000 -0.02470390
v 0.11819615 0.01650000 -0.02400000
v 0.11724264 0.01650000 -0.02275736
v 0.11600000 0.01650000 -0.02180385
v 0.11529610 0.01650000 -0.02145672
v 0.01802521 0.03154328 -0.02470390
v 0.01802521 0.03119615 -0.02400000
v 0.01802521 0.03024264 -0.02275736
v 0.01802521 0.02900000 -0.02180385
v 0.01802521 0.02829610 -0.02145672
v 0.11489660 0.02106627 -0.02145672
v 0.08900000 0.04279610 -0.02145672
v 0.09356627 0.04239660 -0.02145672
v 0.08900000 0.04350000 -0.02180385
v 0.09390429 0.04431357 -0.02275736
v 0.11681357 0.02140428 -0.02275736
v 0.08900000 0.04604328 -0.02470390
v 0.09413013 0.04559445 -0.02470390
v 0.08900000 0.04569615 -0.02400000
v 0.08900000 0.04474264 -0.02275736
v 0.09799380 0.04121025 -0.02145672
v 0.10214806 0.03927309 -0.02145672
v 0.09865956 0.04303940 -0.02275736
v 0.10312133 0.04095884 -0.02275736
v 0.09910440 0.04426160 -0.02470390
v 0.10377164 0.04208523 -0.02470390
v 0.10590281 0.03664398 -0.02145672
v 0.10715402 0.03813512 -0.02275736
v 0.10799005 0.03913146 -0.02470390
v 0.11177309 0.02964805 -0.02145672
v 0.11371025 0.02549380 -0.02145672
v 0.11345885 0.03062132 -0.02275736
v 0.11553940 0.02615955 -0.02275736
v 0.11458523 0.03127164 -0.02470390
v 0.11676160 0.02660440 -0.02470390
v 0.11809445 0.02163014 -0.02470390
v 0.11163147 0.03549005 -0.02470390
v 0.11063512 0.03465402 -0.02275736
v 0.10914398 0.03340281 -0.02145672
v 0.01995515 0.03179736 -0.02470390
v 0.02004500 0.03146206 -0.02400000
v 0.02029179 0.03054104 -0.02275736
v 0.02061340 0.02934074 -0.02180385
v 0.02079559 0.02866083 -0.02145672
v 0.07701109 0.04604328 -0.02470390
v 0.07701109 0.04569615 -0.02400000
v 0.07701109 0.04474264 -0.02275736
v 0.07701109 0.04350000 -0.02180385
v 0.07701109 0.04279610 -0.02145672
v 0.07020516 0.04190008 -0.02145672
v 0.06936473 0.04503661 -0.02470390
v 0.06945457 0.04470132 -0.02400000
v 0.06970136 0.04378029 -0.02275736
v 0.07002298 0.04258000 -0.02180385
v 0.07357877 0.04257113 -0.02145672
v 0.07332469 0.04450102 -0.02275736
v 0.07315492 0.04579053 -0.02470390
v -0.04155538 0.00548535 -0.03600000
v -0.04050000 -0.00050000 -0.03600000
v -0.04050000 -0.00050000 -0.03400000
v -0.04076587 0.00253884 -0.03400000
v -0.04155538 0.00548535 -0.03400000
v -0.04459422 0.01074878 -0.03600000
v -0.04284456 0.00825000 -0.03400000
v -0.04459422 0.01074878 -0.03400000
v -0.04925000 0.01465544 -0.03600000
v -0.04675122 0.01290578 -0.03400000
v -0.04925000 0.01465544 -0.03400000
v -0.05496116 0.01673414 -0.03600000
v -0.05201465 0.01594462 -0.03400000
v -0.05496116 0.01673414 -0.03400000
v -0.06103885 0.01673414 -0.03600000
v -0.05800000 0.01700000 -0.03400000
v -0.06103885 0.01673414 -0.03400000
v -0.06398535 0.01594462 -0.03400000
v -0.06675000 0.01465544 -0.03600000
v -0.06675000 0.01465544 -0.03400000
v -0.06924878 0.01290578 -0.03400000
v -0.07140578 0.01074878 -0.03600000
v -0.07140578 0.01074878 -0.03400000
v -0.07444462 0.00548535 -0.03600000
v -0.07315544 0.00825000 -0.03400000
v -0.07444462 0.00548535 -0.03400000
v -0.07523413 0.00253884 -0.03400000
v -0.07550000 -0.00050000 -0.03600000
v -0.07550000 -0.00050000 -0.03400000
v -0.07523413 -0.00353884 -0.03400000
v -0.07444462 -0.00648535 -0.03600000
v -0.07444462 -0.00648535 -0.03400000
v -0.07315544 -0.00925000 -0.03400000
v -0.07140578 -0.01174878 -0.03600000
v -0.07140578 -0.01174878 -0.03400000
v -0.06924878 -0.01390578 -0.03400000
v -0.06675000 -0.01565545 -0.03600000
v -0.06675000 -0.01565545 -0.03400000
v -0.06398535 -0.01694462 -0.03400000
v -0.06103885 -0.01773414 -0.03600000
v -0.06103885 -0.01773414 -0.03400000
v -0.05496116 -0.01773414 -0.03600000
v -0.05800000 -0.01800000 -0.03400000
v -0.05496116 -0.01773414 -0.03400000
v -0.04925000 -0.01565545 -0.03600000
v -0.05201465 -0.01694462 -0.03400000
v -0.04925000 -0.01565545 -0.03400000
v -0.04459422 -0.01174878 -0.03600000
v -0.04675122 -0.01390578 -0.03400000
v -0.04459422 -0.01174878 -0.03400000
v -0.04284456 -0.00925000 -0.03400000
v -0.04155538 -0.00648535 -0.03600000
v -0.04155538 -0.00648535 -0.03400000
v -0.04076587 -0.00353884 -0.03400000
v -0.07300000 -0.00050000 -0.03600000
v -0.07274459 -0.00325624 -0.03600000
v -0.07075325 -0.00839648 -0.03600000
v -0.06703952 -0.01247026 -0.03600000
v -0.06210495 -0.01492738 -0.03600000
v -0.05661598 -0.01543601 -0.03600000
v -0.05131392 -0.01392745 -0.03600000
v -0.04691487 -0.01060543 -0.03600000
v -0.04401292 -0.00591863 -0.03600000
v -0.04300000 -0.00050000 -0.03600000
v -0.04401292 0.00491863 -0.03600000
v -0.04691487 0.00960543 -0.03600000
v -0.05131392 0.01292745 -0.03600000
v -0.05661598 0.01443601 -0.03600000
v -0.06210495 0.01392738 -0.03600000
v -0.06703952 0.01147026 -0.03600000
v -0.07075325 0.00739648 -0.03600000
v -0.07274459 0.00225624 -0.03600000
v -0.04896048 -0.01247026 -0.03400000
v -0.04691487 -0.01060543 -0.03400000
v -0.04524675 -0.00839648 -0.03400000
v -0.04401292 -0.00591863 -0.03400000
v -0.05131392 -0.01392745 -0.03400000
v -0.05389506 -0.01492738 -0.03400000
v -0.05661598 -0.01543601 -0.03400000
v -0.05938403 -0.01543601 -0.03400000
v -0.06210495 -0.01492738 -0.03400000
v -0.06468607 -0.01392745 -0.03400000
v -0.06703952 -0.01247026 -0.03400000
v -0.06908513 -0.01060543 -0.03400000
v -0.07075325 -0.00839648 -0.03400000
v -0.07198709 -0.00591863 -0.03400000
v -0.07274459 -0.00325624 -0.03400000
v -0.07300000 -0.00050000 -0.03400000
v -0.07274459 0.00225624 -0.03400000
v -0.07198709 0.00491863 -0.03400000
v -0.07075325 0.00739648 -0.03400000
v -0.06908513 0.00960543 -0.03400000
v -0.06703952 0.01147026 -0.03400000
v -0.06468607 0.01292745 -0.03400000
v -0.06210495 0.01392738 -0.03400000
v -0.05938403 0.01443601 -0.03400000
v -0.05661598 0.01443601 -0.03400000
v -0.05389506 0.01392738 -0.03400000
v -0.05131392 0.01292745 -0.03400000
v -0.04896048 0.01147026 -0.03400000
v -0.04691487 0.00960543 -0.03400000
v -0.04524675 0.00739648 -0.03400000
v -0.04401292 0.00491863 -0.03400000
v -0.04325540 0.00225624 -0.03400000
v -0.04300000 -0.00050000 -0.03400000
v -0.04325540 -0.00325624 -0.03400000
v 0.09250000 -0.00050000 -0.03600000
v 0.09250000 -0.00050000 -0.03400000
v 0.09144463 0.00548535 -0.03600000
v 0.09223414 0.00253884 -0.03400000
v 0.09144463 0.00548535 -0.03400000
v 0.09015544 0.00825000 -0.03400000
v 0.08840578 0.01074878 -0.03600000
v 0.08840578 0.01074878 -0.03400000
v 0.08624879 0.01290578 -0.03400000
v 0.08375000 0.01465544 -0.03600000
v 0.08375000 0.01465544 -0.03400000
v 0.07803884 0.01673414 -0.03600000
v 0.08098535 0.01594462 -0.03400000
v 0.07803884 0.01673414 -0.03400000
v 0.07196116 0.01673414 -0.03600000
v 0.07500000 0.01700000 -0.03400000
v 0.07196116 0.01673414 -0.03400000
v 0.06625000 0.01465544 -0.03600000
v 0.06901465 0.01594462 -0.03400000
v 0.06625000 0.01465544 -0.03400000
v 0.06375122 0.01290578 -0.03400000
v 0.06159422 0.01074878 -0.03600000
v 0.06159422 0.01074878 -0.03400000
v 0.05984455 0.00825000 -0.03400000
v 0.05855538 0.00548535 -0.03600000
v 0.05855538 0.00548535 -0.03400000
v 0.05750000 -0.00050000 -0.03600000
v 0.05776586 0.00253884 -0.03400000
v 0.05750000 -0.00050000 -0.03400000
v 0.05776586 -0.00353884 -0.03400000
v 0.05855538 -0.00648535 -0.03600000
v 0.05855538 -0.00648535 -0.03400000
v 0.05984455 -0.00925000 -0.03400000
v 0.06159422 -0.01174878 -0.03600000
v 0.06159422 -0.01174878 -0.03400000
v 0.06375122 -0.01390578 -0.03400000
v 0.06625000 -0.01565545 -0.03600000
v 0.06625000 -0.01565545 -0.03400000
v 0.06901465 -0.01694462 -0.03400000
v 0.07196116 -0.01773414 -0.03600000
v 0.07196116 -0.01773414 -0.03400000
v 0.07803884 -0.01773414 -0.03600000
v 0.07500000 -0.01800000 -0.03400000
v 0.07803884 -0.01773414 -0.03400000
v 0.08098535 -0.01694462 -0.03400000
v 0.08375000 -0.01565545 -0.03600000
v 0.08375000 -0.01565545 -0.03400000
v 0.08840578 -0.01174878 -0.03600000
v 0.08624879 -0.01390578 -0.03400000
v 0.08840578 -0.01174878 -0.03400000
v 0.09015544 -0.00925000 -0.03400000
v 0.09144463 -0.00648535 -0.03600000
v 0.09144463 -0.00648535 -0.03400000
v 0.09223414 -0.00353884 -0.03400000
v 0.06025540 0.00225624 -0.03600000
v 0.06025540 -0.00325624 -0.03600000
v 0.06224674 -0.00839648 -0.03600000
v 0.06596048 -0.01247026 -0.03600000
v 0.07089506 -0.01492738 -0.03600000
v 0.07638403 -0.01543601 -0.03600000
v 0.08168608 -0.01392745 -0.03600000
v 0.08608514 -0.01060543 -0.03600000
v 0.08898708 -0.00591863 -0.03600000
v 0.09000000 -0.00050000 -0.03600000
v 0.08898708 0.00491863 -0.03600000
v 0.08608514 0.00960543 -0.03600000
v 0.08168608 0.01292745 -0.03600000
v 0.07638403 0.01443601 -0.03600000
v 0.07089506 0.01392738 -0.03600000
v 0.06596048 0.01147026 -0.03600000
v 0.06224674 0.00739648 -0.03600000
v 0.08403952 -0.01247026 -0.03400000
v 0.08608514 -0.01060543 -0.03400000
v 0.08775326 -0.00839648 -0.03400000
v 0.08898708 -0.00591863 -0.03400000
v 0.08168608 -0.01392745 -0.03400000
v 0.07910495 -0.01492738 -0.03400000
v 0.07638403 -0.01543601 -0.03400000
v 0.07361598 -0.01543601 -0.03400000
v 0.07089506 -0.01492738 -0.03400000
v 0.06831393 -0.01392745 -0.03400000
v 0.06596048 -0.01247026 -0.03400000
v 0.06391486 -0.01060543 -0.03400000
v 0.06224674 -0.00839648 -0.03400000
v 0.06101292 -0.00591863 -0.03400000
v 0.06025540 -0.00325624 -0.03400000
v 0.06000000 -0.00050000 -0.03400000
v 0.06025540 0.00225624 -0.03400000
v 0.06101292 0.00491863 -0.03400000
v 0.06224674 0.00739648 -0.03400000
v 0.06391486 0.00960543 -0.03400000
v 0.06596048 0.01147026 -0.03400000
v 0.06831393 0.01292745 -0.03400000
v 0.07089506 0.01392738 -0.03400000
v 0.07361598 0.01443601 -0.03400000
v 0.07638403 0.01443601 -0.03400000
v 0.07910495 0.01392738 -0.03400000
v 0.08168608 0.01292745 -0.03400000
v 0.08403952 0.01147026 -0.03400000
v 0.08608514 0.00960543 -0.03400000
v 0.08775326 0.00739648 -0.03400000
v 0.08898708 0.00491863 -0.03400000
v 0.08974460 0.00225624 -0.03400000
v 0.09000000 -0.00050000 -0.03400000
v 0.08974460 -0.00325624 -0.03400000
v -0.04400000 -0.00050000 -0.03300000
v -0.04423838 0.00207249 -0.03300000
v -0.05800000 -0.00050000 -0.03300000
v -0.04609696 -0.00787005 -0.03300000
v -0.04494539 -0.00555738 -0.03300000
v -0.04423838 -0.00307249 -0.03300000
v -0.05175966 -0.01303229 -0.03300000
v -0.04956312 -0.01167224 -0.03300000
v -0.04765388 -0.00993174 -0.03300000
v -0.05929176 -0.01444028 -0.03300000
v -0.05670825 -0.01444028 -0.03300000
v -0.05416872 -0.01396556 -0.03300000
v -0.06643688 -0.01167224 -0.03300000
v -0.06424034 -0.01303229 -0.03300000
v -0.06183128 -0.01396556 -0.03300000
v -0.07105461 -0.00555738 -0.03300000
v -0.06990304 -0.00787005 -0.03300000
v -0.06834612 -0.00993174 -0.03300000
v -0.07176162 0.00207249 -0.03300000
v -0.07200000 -0.00050000 -0.03300000
v -0.07176162 -0.00307249 -0.03300000
v -0.06834612 0.00893174 -0.03300000
v -0.06990304 0.00687005 -0.03300000
v -0.07105461 0.00455738 -0.03300000
v -0.06183128 0.01296556 -0.03300000
v -0.06424034 0.01203229 -0.03300000
v -0.06643688 0.01067224 -0.03300000
v -0.05416872 0.01296556 -0.03300000
v -0.05670825 0.01344028 -0.03300000
v -0.05929176 0.01344028 -0.03300000
v -0.04765388 0.00893174 -0.03300000
v -0.04956312 0.01067224 -0.03300000
v -0.05175966 0.01203229 -0.03300000
v -0.04494539 0.00455738 -0.03300000
v -0.04609696 0.00687005 -0.03300000
v 0.08900000 -0.00050000 -0.03300000
v 0.08876163 0.00207249 -0.03300000
v 0.07500000 -0.00050000 -0.03300000
v 0.08690304 -0.00787005 -0.03300000
v 0.08805461 -0.00555738 -0.03300000
v 0.08876163 -0.00307249 -0.03300000
v 0.08124034 -0.01303229 -0.03300000
v 0.08343688 -0.01167224 -0.03300000
v 0.08534612 -0.00993174 -0.03300000
v 0.07370824 -0.01444028 -0.03300000
v 0.07629176 -0.01444028 -0.03300000
v 0.07883128 -0.01396556 -0.03300000
v 0.06656312 -0.01167224 -0.03300000
v 0.06875966 -0.01303229 -0.03300000
v 0.07116872 -0.01396556 -0.03300000
v 0.06194539 -0.00555738 -0.03300000
v 0.06309697 -0.00787005 -0.03300000
v 0.06465388 -0.00993174 -0.03300000
v 0.06123837 0.00207249 -0.03300000
v 0.06100000 -0.00050000 -0.03300000
v 0.06123837 -0.00307249 -0.03300000
v 0.06465388 0.00893174 -0.03300000
v 0.06309697 0.00687005 -0.03300000
v 0.06194539 0.00455738 -0.03300000
v 0.07116872 0.01296556 -0.03300000
v 0.06875966 0.01203229 -0.03300000
v 0.06656312 0.01067224 -0.03300000
v 0.07883128 0.01296556 -0.03300000
v 0.07629176 0.01344028 -0.03300000
v 0.07370824 0.01344028 -0.03300000
v 0.08534612 0.00893174 -0.03300000
v 0.08343688 0.01067224 -0.03300000
v 0.08124034 0.01203229 -0.03300000
v 0.08805461 0.00455738 -0.03300000
v 0.08690304 0.00687005 -0.03300000
v 0.08500000 0.03400000 -0.02773205
v 0.08500000 0.03326795 -0.02700000
v 0.08778354 0.03299379 -0.02700000
v 0.08792636 0.03371178 -0.02773205
v 0.09074026 0.03285819 -0.02773205
v 0.09333355 0.03147204 -0.02773205
v 0.09560660 0.02960660 -0.02773205
v 0.09747205 0.02733355 -0.02773205
v 0.09885820 0.02474025 -0.02773205
v 0.09971178 0.02192636 -0.02773205
v 0.10000000 0.01900000 -0.02773205
v 0.09046010 0.03218187 -0.02700000
v 0.09292685 0.03086337 -0.02700000
v 0.09508897 0.02908896 -0.02700000
v 0.09686337 0.02692685 -0.02700000
v 0.09818187 0.02446011 -0.02700000
v 0.09899379 0.02178354 -0.02700000
v 0.09926795 0.01900000 -0.02700000
v 0.09926795 -0.02000000 -0.02700000
v 0.10000000 -0.02000000 -0.02773205
v 0.09899379 -0.02278354 -0.02700000
v 0.09971178 -0.02292636 -0.02773205
v 0.09885820 -0.02574025 -0.02773205
v 0.09747205 -0.02833355 -0.02773205
v 0.09560660 -0.03060660 -0.02773205
v 0.09333355 -0.03247205 -0.02773205
v 0.09074026 -0.03385820 -0.02773205
v 0.08792636 -0.03471178 -0.02773205
v 0.08500000 -0.03500000 -0.02773205
v 0.08500000 -0.03458579 -0.02741421
v 0.09818187 -0.02546011 -0.02700000
v 0.09686337 -0.02792685 -0.02700000
v 0.09508897 -0.03008896 -0.02700000
v 0.09292685 -0.03186337 -0.02700000
v 0.09046010 -0.03318187 -0.02700000
v 0.08778354 -0.03399379 -0.02700000
v 0.08500000 -0.03426795 -0.02700000
v -0.04360893 -0.03408288 -0.02656977
v -0.06300000 -0.03426795 -0.02700000
v -0.06300000 -0.03500000 -0.02773205
v -0.06578354 -0.03399379 -0.02700000
v -0.06592635 -0.03471178 -0.02773205
v -0.06874025 -0.03385820 -0.02773205
v -0.07133355 -0.03247205 -0.02773205
v -0.07360660 -0.03060660 -0.02773205
v -0.07547204 -0.02833355 -0.02773205
v -0.07685820 -0.02574025 -0.02773205
v -0.07771177 -0.02292636 -0.02773205
v -0.07800000 -0.02000000 -0.02773205
v -0.06846010 -0.03318187 -0.02700000
v -0.07092684 -0.03186337 -0.02700000
v -0.07308896 -0.03008896 -0.02700000
v -0.07486337 -0.02792685 -0.02700000
v -0.07618187 -0.02546011 -0.02700000
v -0.07699379 -0.02278354 -0.02700000
v -0.07726794 -0.02000000 -0.02700000
v -0.07726794 0.01900000 -0.02700000
v -0.07800000 0.01900000 -0.02773205
v -0.07699379 0.02178354 -0.02700000
v -0.07771177 0.02192636 -0.02773205
v -0.07685820 0.02474025 -0.02773205
v -0.07547204 0.02733355 -0.02773205
v -0.07360660 0.02960660 -0.02773205
v -0.07133355 0.03147204 -0.02773205
v -0.06874025 0.03285819 -0.02773205
v -0.06592635 0.03371178 -0.02773205
v -0.06300000 0.03400000 -0.02773205
v -0.07618187 0.02446011 -0.02700000
v -0.07486337 0.02692685 -0.02700000
v -0.07308896 0.02908896 -0.02700000
v -0.07092684 0.03086337 -0.02700000
v -0.06846010 0.03218187 -0.02700000
v -0.06578354 0.03299379 -0.02700000
v -0.06300000 0.03326795 -0.02700000
v -0.04360893 0.03308288 -0.02656977
v 0.05424672 -0.03426795 -0.02200000
v 0.05288327 -0.03408845 -0.02200000
v 0.05424672 -0.03500000 -0.02126795
v 0.05269380 -0.03479556 -0.02126795
v 0.08500000 -0.03426795 -0.02200000
v 0.08500000 -0.03500000 -0.02126795
v 0.02056648 -0.02542919 -0.02200000
v 0.02037701 -0.02613630 -0.02126795
v 0.10000000 -0.02000000 -0.02126795
v 0.09971178 -0.02292636 -0.02126795
v 0.09926795 -0.02000000 -0.02200000
v 0.09899379 -0.02278354 -0.02200000
v 0.09818187 -0.02546011 -0.02200000
v 0.09686337 -0.02792685 -0.02200000
v 0.09508897 -0.03008896 -0.02200000
v 0.09292685 -0.03186337 -0.02200000
v 0.09046010 -0.03318187 -0.02200000
v 0.08778354 -0.03399379 -0.02200000
v 0.09885820 -0.02574025 -0.02126795
v 0.09747205 -0.02833355 -0.02126795
v 0.09560660 -0.03060660 -0.02126795
v 0.09333355 -0.03247205 -0.02126795
v 0.09074026 -0.03385820 -0.02126795
v 0.08792636 -0.03471178 -0.02126795
v 0.01934174 -0.02600000 -0.02126795
v 0.01934174 -0.02526795 -0.02200000
v 0.09926795 0.01900000 -0.02200000
v 0.10000000 0.01900000 -0.02126795
v -0.01711836 -0.02526795 -0.02200000
v -0.01711836 -0.02600000 -0.02126795
v 0.08500000 0.03400000 -0.02126795
v 0.08792636 0.03371178 -0.02126795
v 0.08500000 0.03326795 -0.02200000
v 0.08778354 0.03299379 -0.02200000
v 0.09046010 0.03218187 -0.02200000
v 0.09292685 0.03086337 -0.02200000
v 0.09508897 0.02908896 -0.02200000
v 0.09686337 0.02692685 -0.02200000
v 0.09818187 0.02446011 -0.02200000
v 0.09899379 0.02178354 -0.02200000
v 0.09074026 0.03285819 -0.02126795
v 0.09333355 0.03147204 -0.02126795
v 0.09560660 0.02960660 -0.02126795
v 0.09747205 0.02733355 -0.02126795
v 0.09885820 0.02474025 -0.02126795
v 0.09971178 0.02192636 -0.02126795
v -0.01848645 -0.02624123 -0.02126795
v -0.01873682 -0.02555333 -0.02200000
v 0.05424672 0.03326795 -0.02200000
v 0.05424672 0.03400000 -0.02126795
v -0.04180719 -0.03395025 -0.02200000
v -0.04155681 -0.03463816 -0.02126795
v 0.05288327 0.03308845 -0.02200000
v 0.05269380 0.03379555 -0.02126795
v -0.04360893 -0.03426795 -0.02200000
v -0.04360893 -0.03500000 -0.02126795
v 0.02037701 0.02513630 -0.02126795
v 0.02056648 0.02442919 -0.02200000
v -0.06300000 -0.03426795 -0.02200000
v -0.06300000 -0.03500000 -0.02126795
v 0.01934174 0.02500000 -0.02126795
v 0.01934174 0.02426795 -0.02200000
v -0.06592635 -0.03471178 -0.02126795
v -0.06578354 -0.03399379 -0.02200000
v -0.06846010 -0.03318187 -0.02200000
v -0.07092684 -0.03186337 -0.02200000
v -0.07308896 -0.03008896 -0.02200000
v -0.07486337 -0.02792685 -0.02200000
v -0.07618187 -0.02546011 -0.02200000
v -0.07699379 -0.02278354 -0.02200000
v -0.07726794 -0.02000000 -0.02200000
v -0.06874025 -0.03385820 -0.02126795
v -0.07133355 -0.03247205 -0.02126795
v -0.07360660 -0.03060660 -0.02126795
v -0.07547204 -0.02833355 -0.02126795
v -0.07685820 -0.02574025 -0.02126795
v -0.07771177 -0.02292636 -0.02126795
v -0.07800000 -0.02000000 -0.02126795
v -0.01711836 0.02500000 -0.02126795
v -0.01711836 0.02426795 -0.02200000
v -0.07726794 0.01900000 -0.02200000
v -0.07800000 0.01900000 -0.02126795
v -0.01848645 0.02524123 -0.02126795
v -0.01873682 0.02455333 -0.02200000
v -0.07771177 0.02192636 -0.02126795
v -0.07699379 0.02178354 -0.02200000
v -0.07618187 0.02446011 -0.02200000
v -0.07486337 0.02692685 -0.02200000
v -0.07308896 0.02908896 -0.02200000
v -0.07092684 0.03086337 -0.02200000
v -0.06846010 0.03218187 -0.02200000
v -0.06578354 0.03299379 -0.02200000
v -0.06300000 0.03326795 -0.02200000
v -0.07685820 0.02474025 -0.02126795
v -0.07547204 0.02733355 -0.02126795
v -0.07360660 0.02960660 -0.02126795
v -0.07133355 0.03147204 -0.02126795
v -0.06874025 0.03285819 -0.02126795
v -0.06592635 0.03371178 -0.02126795
v -0.06300000 0.03400000 -0.02126795
v -0.04180719 0.03295025 -0.02200000
v -0.04155681 0.03363815 -0.02126795
v -0.04360893 0.03326795 -0.02200000
v -0.04360893 0.03400000 -0.02126795
v 0.08925311 0.00216437 -0.03313398
v 0.08852085 0.00473800 -0.03313398
v 0.08732815 0.00713327 -0.03313398
v 0.08571563 0.00926859 -0.03313398
v 0.08373821 0.01107125 -0.03313398
v 0.08146321 0.01247987 -0.03313398
v 0.07896811 0.01344647 -0.03313398
v 0.07633790 0.01393815 -0.03313398
v 0.07366211 0.01393815 -0.03313398
v 0.07103189 0.01344647 -0.03313398
v 0.06853679 0.01247987 -0.03313398
v 0.06626180 0.01107125 -0.03313398
v 0.06428437 0.00926859 -0.03313398
v 0.06267185 0.00713327 -0.03313398
v 0.06147915 0.00473800 -0.03313398
v 0.06074689 0.00216437 -0.03313398
v 0.06050000 -0.00050000 -0.03313398
v 0.06074689 -0.00316437 -0.03313398
v 0.06147915 -0.00573800 -0.03313398
v 0.06267185 -0.00813327 -0.03313398
v 0.06428437 -0.01026859 -0.03313398
v 0.06626180 -0.01207125 -0.03313398
v 0.06853679 -0.01347987 -0.03313398
v 0.07103189 -0.01444647 -0.03313398
v 0.07366211 -0.01493815 -0.03313398
v 0.07633790 -0.01493815 -0.03313398
v 0.07896811 -0.01444647 -0.03313398
v 0.08146321 -0.01347987 -0.03313398
v 0.08373821 -0.01207125 -0.03313398
v 0.08571563 -0.01026859 -0.03313398
v 0.08732815 -0.00813327 -0.03313398
v 0.08852085 -0.00573800 -0.03313398
v 0.08925311 -0.00316437 -0.03313398
v 0.08950000 -0.00050000 -0.03313398
v 0.08961291 0.00223162 -0.03350000
v 0.08886216 0.00487023 -0.03350000
v 0.08763935 0.00732595 -0.03350000
v 0.08598613 0.00951518 -0.03350000
v 0.08395878 0.01136334 -0.03350000
v 0.08162636 0.01280752 -0.03350000
v 0.07906828 0.01379852 -0.03350000
v 0.07637166 0.01430261 -0.03350000
v 0.07362833 0.01430261 -0.03350000
v 0.07093172 0.01379852 -0.03350000
v 0.06837364 0.01280752 -0.03350000
v 0.06604123 0.01136334 -0.03350000
v 0.06401388 0.00951518 -0.03350000
v 0.06236065 0.00732595 -0.03350000
v 0.06113784 0.00487023 -0.03350000
v 0.06038709 0.00223162 -0.03350000
v 0.06013397 -0.00050000 -0.03350000
v 0.06038709 -0.00323162 -0.03350000
v 0.06113784 -0.00587023 -0.03350000
v 0.06236065 -0.00832595 -0.03350000
v 0.06401388 -0.01051518 -0.03350000
v 0.06604123 -0.01236334 -0.03350000
v 0.06837364 -0.01380752 -0.03350000
v 0.07093172 -0.01479852 -0.03350000
v 0.07362833 -0.01530261 -0.03350000
v 0.07637166 -0.01530261 -0.03350000
v 0.07906828 -0.01479852 -0.03350000
v 0.08162636 -0.01380752 -0.03350000
v 0.08395878 -0.01236334 -0.03350000
v 0.08598613 -0.01051518 -0.03350000
v 0.08763935 -0.00832595 -0.03350000
v 0.08886216 -0.00587023 -0.03350000
v 0.08961291 -0.00323162 -0.03350000
v 0.08986603 -0.00050000 -0.03350000
v -0.04374689 0.00216437 -0.03313398
v -0.04447915 0.00473800 -0.03313398
v -0.04567186 0.00713327 -0.03313398
v -0.04728437 0.00926859 -0.03313398
v -0.04926180 0.01107125 -0.03313398
v -0.05153679 0.01247987 -0.03313398
v -0.05403189 0.01344647 -0.03313398
v -0.05666211 0.01393815 -0.03313398
v -0.05933789 0.01393815 -0.03313398
v -0.06196812 0.01344647 -0.03313398
v -0.06446321 0.01247987 -0.03313398
v -0.06673820 0.01107125 -0.03313398
v -0.06871563 0.00926859 -0.03313398
v -0.07032815 0.00713327 -0.03313398
v -0.07152084 0.00473800 -0.03313398
v -0.07225311 0.00216437 -0.03313398
v -0.07250000 -0.00050000 -0.03313398
v -0.07225311 -0.00316437 -0.03313398
v -0.07152084 -0.00573800 -0.03313398
v -0.07032815 -0.00813327 -0.03313398
v -0.06871563 -0.01026859 -0.03313398
v -0.06673820 -0.01207125 -0.03313398
v -0.06446321 -0.01347987 -0.03313398
v -0.06196812 -0.01444647 -0.03313398
v -0.05933789 -0.01493815 -0.03313398
v -0.05666211 -0.01493815 -0.03313398
v -0.05403189 -0.01444647 -0.03313398
v -0.05153679 -0.01347987 -0.03313398
v -0.04926180 -0.01207125 -0.03313398
v -0.04728437 -0.01026859 -0.03313398
v -0.04567186 -0.00813327 -0.03313398
v -0.04447915 -0.00573800 -0.03313398
v -0.04374689 -0.00316437 -0.03313398
v -0.04350000 -0.00050000 -0.03313398
v -0.04338710 0.00223162 -0.03350000
v -0.04413785 0.00487023 -0.03350000
v -0.04536065 0.00732595 -0.03350000
v -0.04701388 0.00951518 -0.03350000
v -0.04904122 0.01136334 -0.03350000
v -0.05137364 0.01280752 -0.03350000
v -0.05393172 0.01379852 -0.03350000
v -0.05662834 0.01430261 -0.03350000
v -0.05937166 0.01430261 -0.03350000
v -0.06206828 0.01379852 -0.03350000
v -0.06462636 0.01280752 -0.03350000
v -0.06695878 0.01136334 -0.03350000
v -0.06898613 0.00951518 -0.03350000
v -0.07063935 0.00732595 -0.03350000
v -0.07186215 0.00487023 -0.03350000
v -0.07261291 0.00223162 -0.03350000
v -0.07286602 -0.00050000 -0.03350000
v -0.07261291 -0.00323162 -0.03350000
v -0.07186215 -0.00587023 -0.03350000
v -0.07063935 -0.00832595 -0.03350000
v -0.06898613 -0.01051518 -0.03350000
v -0.06695878 -0.01236334 -0.03350000
v -0.06462636 -0.01380752 -0.03350000
v -0.06206828 -0.01479852 -0.03350000
v -0.05937166 -0.01530261 -0.03350000
v -0.05662834 -0.01530261 -0.03350000
v -0.05393172 -0.01479852 -0.03350000
v -0.05137364 -0.01380752 -0.03350000
v -0.04904122 -0.01236334 -0.03350000
v -0.04701388 -0.01051518 -0.03350000
v -0.04536065 -0.00832595 -0.03350000
v -0.04413785 -0.00587023 -0.03350000
v -0.04338710 -0.00323162 -0.03350000
v -0.04313398 -0.00050000 -0.03350000
v 0.09236608 0.00256211 -0.03350000
v 0.09157052 0.00553117 -0.03350000
v 0.09027147 0.00831699 -0.03350000
v 0.08850842 0.01083490 -0.03350000
v 0.08633490 0.01300841 -0.03350000
v 0.08381699 0.01477147 -0.03350000
v 0.08103118 0.01607052 -0.03350000
v 0.07806211 0.01686608 -0.03350000
v 0.07500000 0.01713398 -0.03350000
v 0.07193789 0.01686608 -0.03350000
v 0.06896882 0.01607052 -0.03350000
v 0.06618301 0.01477147 -0.03350000
v 0.06366510 0.01300841 -0.03350000
v 0.06149159 0.01083490 -0.03350000
v 0.05972853 0.00831699 -0.03350000
v 0.05842948 0.00553117 -0.03350000
v 0.05763393 0.00256211 -0.03350000
v 0.05736603 -0.00050000 -0.03350000
v 0.05763393 -0.00356211 -0.03350000
v 0.05842948 -0.00653117 -0.03350000
v 0.05972853 -0.00931699 -0.03350000
v 0.06149159 -0.01183490 -0.03350000
v 0.06366510 -0.01400841 -0.03350000
v 0.06618301 -0.01577147 -0.03350000
v 0.06896882 -0.01707052 -0.03350000
v 0.07193789 -0.01786607 -0.03350000
v 0.07500000 -0.01813397 -0.03350000
v 0.07806211 -0.01786607 -0.03350000
v 0.08103118 -0.01707052 -0.03350000
v 0.08381699 -0.01577147 -0.03350000
v 0.08633490 -0.01400841 -0.03350000
v 0.08850842 -0.01183490 -0.03350000
v 0.09027147 -0.00931699 -0.03350000
v 0.09157052 -0.00653117 -0.03350000
v 0.09236608 -0.00356211 -0.03350000
v 0.09263398 -0.00050000 -0.03350000
v 0.09272654 0.00262567 -0.03313398
v 0.09191447 0.00565636 -0.03313398
v 0.09058846 0.00850000 -0.03313398
v 0.08878880 0.01107018 -0.03313398
v 0.08657018 0.01328880 -0.03313398
v 0.08400000 0.01508846 -0.03313398
v 0.08115637 0.01641447 -0.03313398
v 0.07812567 0.01722654 -0.03313398
v 0.07500000 0.01750000 -0.03313398
v 0.07187433 0.01722654 -0.03313398
v 0.06884364 0.01641447 -0.03313398
v 0.06600000 0.01508846 -0.03313398
v 0.06342983 0.01328880 -0.03313398
v 0.06121120 0.01107018 -0.03313398
v 0.05941154 0.00850000 -0.03313398
v 0.05808553 0.00565636 -0.03313398
v 0.05727346 0.00262567 -0.03313398
v 0.05700000 -0.00050000 -0.03313398
v 0.05727346 -0.00362567 -0.03313398
v 0.05808553 -0.00665636 -0.03313398
v 0.05941154 -0.00950000 -0.03313398
v 0.06121120 -0.01207018 -0.03313398
v 0.06342983 -0.01428880 -0.03313398
v 0.06600000 -0.01608846 -0.03313398
v 0.06884364 -0.01741447 -0.03313398
v 0.07187433 -0.01822654 -0.03313398
v 0.07500000 -0.01850000 -0.03313398
v 0.07812567 -0.01822654 -0.03313398
v 0.08115637 -0.01741447 -0.03313398
v 0.08400000 -0.01608846 -0.03313398
v 0.08657018 -0.01428880 -0.03313398
v 0.08878880 -0.01207018 -0.03313398
v 0.09058846 -0.00950000 -0.03313398
v 0.09191447 -0.00665636 -0.03313398
v 0.09272654 -0.00362567 -0.03313398
v 0.09300000 -0.00050000 -0.03313398
v -0.04063393 0.00256211 -0.03350000
v -0.04142948 0.00553117 -0.03350000
v -0.04272853 0.00831699 -0.03350000
v -0.04449159 0.01083490 -0.03350000
v -0.04666510 0.01300841 -0.03350000
v -0.04918301 0.01477147 -0.03350000
v -0.05196883 0.01607052 -0.03350000
v -0.05493790 0.01686608 -0.03350000
v -0.05800000 0.01713398 -0.03350000
v -0.06106211 0.01686608 -0.03350000
v -0.06403117 0.01607052 -0.03350000
v -0.06681699 0.01477147 -0.03350000
v -0.06933490 0.01300841 -0.03350000
v -0.07150841 0.01083490 -0.03350000
v -0.07327147 0.00831699 -0.03350000
v -0.07457051 0.00553117 -0.03350000
v -0.07536607 0.00256211 -0.03350000
v -0.07563397 -0.00050000 -0.03350000
v -0.07536607 -0.00356211 -0.03350000
v -0.07457051 -0.00653117 -0.03350000
v -0.07327147 -0.00931699 -0.03350000
v -0.07150841 -0.01183490 -0.03350000
v -0.06933490 -0.01400841 -0.03350000
v -0.06681699 -0.01577147 -0.03350000
v -0.06403117 -0.01707052 -0.03350000
v -0.06106211 -0.01786607 -0.03350000
v -0.05800000 -0.01813397 -0.03350000
v -0.05493790 -0.01786607 -0.03350000
v -0.05196883 -0.01707052 -0.03350000
v -0.04918301 -0.01577147 -0.03350000
v -0.04666510 -0.01400841 -0.03350000
v -0.04449159 -0.01183490 -0.03350000
v -0.04272853 -0.00931699 -0.03350000
v -0.04142948 -0.00653117 -0.03350000
v -0.04063393 -0.00356211 -0.03350000
v -0.04036603 -0.00050000 -0.03350000
v -0.04027346 0.00262567 -0.03313398
v -0.04108554 0.00565636 -0.03313398
v -0.04241154 0.00850000 -0.03313398
v -0.04421120 0.01107018 -0.03313398
v -0.04642982 0.01328880 -0.03313398
v -0.04900000 0.01508846 -0.03313398
v -0.05184364 0.01641447 -0.03313398
v -0.05487433 0.01722654 -0.03313398
v -0.05800000 0.01750000 -0.03313398
v -0.06112567 0.01722654 -0.03313398
v -0.06415636 0.01641447 -0.03313398
v -0.06700000 0.01508846 -0.03313398
v -0.06957017 0.01328880 -0.03313398
v -0.07178880 0.01107018 -0.03313398
v -0.07358845 0.00850000 -0.03313398
v -0.07491446 0.00565636 -0.03313398
v -0.07572654 0.00262567 -0.03313398
v -0.07600000 -0.00050000 -0.03313398
v -0.07572654 -0.00362567 -0.03313398
v -0.07491446 -0.00665636 -0.03313398
v -0.07358845 -0.00950000 -0.03313398
v -0.07178880 -0.01207018 -0.03313398
v -0.06957017 -0.01428880 -0.03313398
v -0.06700000 -0.01608846 -0.03313398
v -0.06415636 -0.01741447 -0.03313398
v -0.06112567 -0.01822654 -0.03313398
v -0.05800000 -0.01850000 -0.03313398
v -0.05487433 -0.01822654 -0.03313398
v -0.05184364 -0.01741447 -0.03313398
v -0.04900000 -0.01608846 -0.03313398
v -0.04642982 -0.01428880 -0.03313398
v -0.04421120 -0.01207018 -0.03313398
v -0.04241154 -0.00950000 -0.03313398
v -0.04108554 -0.00665636 -0.03313398
v -0.04027346 -0.00362567 -0.03313398
v -0.04000000 -0.00050000 -0.03313398
v 0.00000000 -0.02900000 0.00210000
v 0.00000000 -0.03400000 0.00210000
v -0.00105000 -0.02900000 0.00181865
v -0.00105000 -0.03400000 0.00181865
v -0.00181865 -0.02900000 0.00105000
v -0.00181865 -0.03400000 0.00105000
v -0.00210000 -0.02900000 0.00000000
v -0.00210000 -0.03400000 0.00000000
v -0.00181865 -0.02900000 -0.00105000
v -0.00181865 -0.03400000 -0.00105000
v -0.00105000 -0.02900000 -0.00181865
v -0.00105000 -0.03400000 -0.00181865
v 0.00000000 -0.02900000 -0.00210000
v 0.00000000 -0.03400000 -0.00210000
v 0.00105000 -0.02900000 -0.00181865
v 0.00105000 -0.03400000 -0.00181865
v 0.00181865 -0.02900000 -0.00105000
v 0.00181865 -0.03400000 -0.00105000
v 0.00210000 -0.02900000 0.00000000
v 0.00210000 -0.03400000 0.00000000
v 0.00181865 -0.02900000 0.00105000
v 0.00181865 -0.03400000 0.00105000
v 0.00105000 -0.02900000 0.00181865
v 0.00105000 -0.03400000 0.00181865
v 0.00216506 -0.03700000 -0.00125000
v 0.00719475 -0.03700000 -0.00473205
v 0.00250000 -0.03700000 0.00000000
v 0.00585778 -0.03700000 0.00129864
v 0.00216506 -0.03700000 0.00125000
v 0.00470649 -0.03700000 0.00372141
v 0.00125000 -0.03700000 0.00216506
v 0.00261453 -0.03700000 0.00540039
v 0.00000000 -0.03700000 0.00250000
v 0.00000000 -0.03700000 0.00600000
v -0.00125000 -0.03700000 0.00216506
v -0.00261453 -0.03700000 0.00540039
v -0.00216506 -0.03700000 0.00125000
v -0.00470649 -0.03700000 0.00372141
v -0.00250000 -0.03700000 0.00000000
v -0.00585778 -0.03700000 0.00129864
v -0.00216506 -0.03700000 -0.00125000
v -0.00719475 -0.03700000 -0.00473205
v 0.00125000 -0.03700000 -0.00216506
v 0.00000000 -0.03700000 -0.00250000
v -0.00125000 -0.03700000 -0.00216506
v -0.00778451 -0.02900000 -0.00739231
v 0.00778451 -0.02900000 -0.00739231
v 0.00585778 -0.02900000 0.00129864
v 0.00470649 -0.02900000 0.00372141
v 0.00261453 -0.02900000 0.00540039
v 0.00000000 -0.02900000 0.00600000
v -0.00261453 -0.02900000 0.00540039
v -0.00470649 -0.02900000 0.00372141
v -0.00585778 -0.02900000 0.00129864
v -0.02762500 0.01958253 -0.01700000
v -0.02700000 0.01975000 -0.01700000
v -0.02348487 0.02573630 -0.01700000
v -0.02637500 0.01958253 -0.01700000
v -0.02003325 0.02481144 -0.01700000
v -0.02591747 0.01912500 -0.01700000
v -0.01647346 0.02450000 -0.01700000
v 0.03210902 0.02439151 -0.01700000
v 0.03250000 0.02500000 -0.01700000
v 0.03250110 0.02783214 -0.01700012
v -0.02637500 0.01741747 -0.01700000
v -0.02700000 0.01725000 -0.01700000
v -0.02250000 0.01327053 -0.01700000
v -0.03250000 0.02901754 -0.01700000
v -0.03250000 0.02500000 -0.01700000
v -0.03204760 0.02427511 -0.01700000
v -0.03150000 0.02200000 -0.01700000
v -0.02808253 0.01912500 -0.01700000
v -0.03150000 0.01327053 -0.01700000
v -0.02762500 0.01741747 -0.01700000
v -0.02808253 0.01787500 -0.01700000
v -0.02825000 0.01850000 -0.01700000
v -0.02591747 0.01787500 -0.01700000
v -0.02250000 0.01500000 -0.01700000
v -0.02575000 0.01850000 -0.01700000
v -0.02183013 0.01750000 -0.01700000
v -0.02000000 0.01933013 -0.01700000
v 0.01736695 0.02450000 -0.01700000
v 0.02591747 0.01912500 -0.01700000
v 0.02267274 0.02519852 -0.01700000
v 0.02637500 0.01958253 -0.01700000
v 0.03150000 0.02200000 -0.01700000
v 0.02762500 0.01958253 -0.01700000
v 0.02700000 0.01975000 -0.01700000
v 0.02808253 0.01787500 -0.01700000
v 0.03150000 0.01327053 -0.01700000
v 0.02825000 0.01850000 -0.01700000
v 0.02808253 0.01912500 -0.01700000
v 0.01750000 0.02000000 -0.01700000
v 0.02000000 0.01933013 -0.01700000
v 0.02575000 0.01850000 -0.01700000
v 0.02183013 0.01750000 -0.01700000
v 0.02591747 0.01787500 -0.01700000
v 0.02250000 0.01500000 -0.01700000
v 0.02637500 0.01741747 -0.01700000
v 0.02250000 0.01327053 -0.01700000
v 0.02700000 0.01725000 -0.01700000
v 0.02762500 0.01741747 -0.01700000
v -0.01750000 0.02000000 -0.01700000
v -0.02250000 -0.01327053 -0.01700000
v -0.03150000 -0.01327053 -0.01700000
v -0.02762500 -0.01741747 -0.01700000
v -0.02348487 -0.02573630 -0.01700000
v -0.01774701 -0.02453960 -0.01700000
v -0.02591747 -0.01912500 -0.01700000
v -0.02183013 -0.01750000 -0.01700000
v -0.02000000 -0.01933013 -0.01700000
v -0.01750000 -0.02000000 -0.01700000
v -0.03204760 -0.02427511 -0.01700000
v -0.03250000 -0.02500000 -0.01700000
v -0.03250000 -0.02901754 -0.01700000
v 0.01750000 -0.02000000 -0.01700000
v -0.00991449 -0.02211325 -0.01700000
v 0.03250110 -0.02783214 -0.01700012
v 0.03250000 -0.02500000 -0.01700000
v 0.03210902 -0.02439151 -0.01700000
v 0.00991449 -0.02211325 -0.01700000
v 0.00991449 -0.02500000 -0.01700000
v 0.01286695 -0.02500000 -0.01700000
v -0.01197346 -0.02500000 -0.01700000
v -0.00991449 -0.02500000 -0.01700000
v -0.02700000 -0.01725000 -0.01700000
v -0.02637500 -0.01741747 -0.01700000
v -0.02250000 -0.01500000 -0.01700000
v -0.02591747 -0.01787500 -0.01700000
v -0.02575000 -0.01850000 -0.01700000
v -0.02762500 -0.01958253 -0.01700000
v -0.02808253 -0.01912500 -0.01700000
v -0.03150000 -0.02200000 -0.01700000
v -0.02825000 -0.01850000 -0.01700000
v -0.02808253 -0.01787500 -0.01700000
v 0.02591747 -0.01912500 -0.01700000
v 0.02000000 -0.01933013 -0.01700000
v 0.02575000 -0.01850000 -0.01700000
v 0.02700000 -0.01725000 -0.01700000
v 0.03150000 -0.01327053 -0.01700000
v 0.02637500 -0.01741747 -0.01700000
v 0.02250000 -0.01327053 -0.01700000
v 0.02591747 -0.01787500 -0.01700000
v 0.02250000 -0.01500000 -0.01700000
v 0.02183013 -0.01750000 -0.01700000
v 0.02700000 -0.01975000 -0.01700000
v 0.02637500 -0.01958253 -0.01700000
v 0.01775219 -0.02450362 -0.01700000
v 0.02267274 -0.02519852 -0.01700000
v 0.02762500 -0.01958253 -0.01700000
v -0.02700000 -0.01975000 -0.01700000
v -0.02637500 -0.01958253 -0.01700000
v 0.02762500 -0.01741747 -0.01700000
v 0.02808253 -0.01787500 -0.01700000
v 0.03150000 -0.02200000 -0.01700000
v 0.02808253 -0.01912500 -0.01700000
v 0.02825000 -0.01850000 -0.01700000
v 0.07861381 0.04000000 -0.03250000
v 0.07861381 0.04000000 -0.02800000
v 0.08500000 0.04000000 -0.03250000
v 0.08500000 0.04000000 -0.02800000
v -0.06500000 0.04000000 -0.03250000
v -0.06500000 0.04000000 -0.02800000
v -0.06473870 0.04000000 -0.03250000
v -0.06473870 0.04000000 -0.02800000
v -0.06473870 -0.04000000 -0.03250000
v -0.06473870 -0.04000000 -0.02800000
v -0.06500000 -0.04000000 -0.03250000
v -0.06500000 -0.04000000 -0.02800000
v -0.08500000 -0.02000000 -0.03250000
v -0.08500000 -0.02000000 -0.02800000
v -0.08500000 0.02000000 -0.03250000
v -0.08500000 0.02000000 -0.02800000
v 0.10500000 0.02000000 -0.03250000
v 0.10500000 0.02000000 -0.02800000
v 0.10500000 -0.02000000 -0.03250000
v 0.08500000 -0.04000000 -0.03250000
v 0.07861381 -0.04000000 -0.03250000
v 0.07861381 -0.04000000 -0.02800000
v 0.10402114 -0.02618034 -0.03250000
v 0.10118034 -0.03175571 -0.03250000
v 0.09675571 -0.03618034 -0.03250000
v 0.09118034 -0.03902113 -0.03250000
v 0.10402114 0.02618034 -0.03250000
v 0.10402114 0.02618034 -0.02800000
v 0.10118034 0.03175571 -0.03250000
v 0.10118034 0.03175571 -0.02800000
v 0.09675571 0.03618034 -0.03250000
v 0.09675571 0.03618034 -0.02800000
v 0.09118034 0.03902113 -0.03250000
v 0.09118034 0.03902113 -0.02800000
v -0.08402113 -0.02618034 -0.03250000
v -0.08402113 -0.02618034 -0.02800000
v -0.08118034 -0.03175571 -0.03250000
v -0.08118034 -0.03175571 -0.02800000
v -0.07675570 -0.03618034 -0.03250000
v -0.07675570 -0.03618034 -0.02800000
v -0.07118034 -0.03902113 -0.03250000
v -0.07118034 -0.03902113 -0.02800000
v -0.08402113 0.02618034 -0.02800000
v -0.08402113 0.02618034 -0.03250000
v -0.08118034 0.03175571 -0.02800000
v -0.08118034 0.03175571 -0.03250000
v -0.07675570 0.03618034 -0.02800000
v -0.07675570 0.03618034 -0.03250000
v -0.07118034 0.03902113 -0.02800000
v -0.07118034 0.03902113 -0.03250000
v -0.03238337 -0.02950718 -0.01750000
v -0.03290892 -0.02969846 -0.01758009
v -0.03290892 -0.02969846 -0.02800000
v -0.02331386 -0.02620615 -0.01750000
v -0.02331386 -0.02620615 -0.03100000
v -0.04486970 -0.03405183 -0.03100000
v -0.05789830 -0.03879385 -0.02800000
v -0.04486970 -0.03405183 -0.03250000
v -0.05789830 -0.03879385 -0.03250000
v 0.06111772 -0.03601746 -0.03100000
v 0.06111772 -0.03601746 -0.03250000
v 0.07343743 -0.03931852 -0.03250000
v 0.03802442 -0.02982963 -0.02800000
v 0.03802442 -0.02982963 -0.01811945
v 0.03241063 -0.02832542 -0.01750000
v 0.07343743 -0.03931852 -0.02800000
v 0.02254333 -0.02568148 -0.03100000
v 0.02254333 -0.02568148 -0.01750000
v 0.03241063 0.02832542 -0.01750000
v 0.03802442 0.02982963 -0.01811945
v 0.03802442 0.02982963 -0.02800000
v 0.07343743 0.03931852 -0.03250000
v 0.06111772 0.03601746 -0.03250000
v 0.07343743 0.03931852 -0.02800000
v 0.06111772 0.03601746 -0.03100000
v 0.02254333 0.02568148 -0.03100000
v 0.02254333 0.02568148 -0.01750000
v -0.04486970 0.03405183 -0.03100000
v -0.04486970 0.03405183 -0.03250000
v -0.05789830 0.03879385 -0.03250000
v -0.03290892 0.02969846 -0.02800000
v -0.03290892 0.02969846 -0.01758009
v -0.03238337 0.02950718 -0.01750000
v -0.05789830 0.03879385 -0.02800000
v -0.02331386 0.02620615 -0.03100000
v -0.02331386 0.02620615 -0.01750000
v -0.06126574 -0.03969615 -0.02800000
v -0.06126574 -0.03969615 -0.03250000
v -0.06126574 0.03969615 -0.02800000
v -0.06126574 0.03969615 -0.03250000
v 0.08857503 -0.02883862 -0.02318759
v 0.08800000 -0.02519615 -0.02312414
v 0.08500000 -0.02600000 -0.02279310
v 0.03250000 -0.00600000 -0.01700000
v 0.03263630 -0.00496472 -0.01701504
v 0.03250000 0.00600000 -0.01700000
v 0.03303590 -0.00400000 -0.01705913
v 0.03263630 0.00496472 -0.01701504
v 0.03450000 -0.00253590 -0.01722069
v 0.03303590 0.00400000 -0.01705913
v 0.03386971 -0.02607346 -0.01715114
v 0.03615726 -0.02658364 -0.01740356
v 0.03820425 -0.02936030 -0.01762944
v 0.03824893 -0.02600000 -0.01763437
v 0.03937259 -0.02951411 -0.01775836
v 0.08505407 -0.02951411 -0.02279907
v 0.03386971 0.02607346 -0.01715114
v 0.03820425 0.02936030 -0.01762944
v 0.03615726 0.02658364 -0.01740356
v 0.03937259 0.02951411 -0.01775836
v 0.03824893 0.02600000 -0.01763437
v 0.08505407 0.02951411 -0.02279907
v 0.08500000 0.02600000 -0.02279310
v 0.08805652 0.02902794 -0.02313037
v 0.08800000 0.02519615 -0.02312414
v 0.09033983 0.02791070 -0.02338233
v 0.09117903 0.02728033 -0.02347493
v 0.09197157 0.02653196 -0.02356238
v 0.09019615 0.02300000 -0.02336647
v 0.09296476 0.02528576 -0.02367198
v 0.09100000 0.00600000 -0.02345517
v 0.09456818 -0.02000000 -0.02384890
v 0.09456818 0.02000000 -0.02384890
v 0.08900000 -0.00253590 -0.02323448
v 0.08900000 0.00253590 -0.02323448
v 0.08700000 -0.00200000 -0.02301379
v 0.08700000 0.00200000 -0.02301379
v 0.03650000 -0.00200000 -0.01744138
v 0.03650000 0.00200000 -0.01744138
v 0.03450000 0.00253590 -0.01722069
v 0.09033983 -0.02791070 -0.02338233
v 0.09160118 -0.02690317 -0.02352151
v 0.09019615 -0.02300000 -0.02336647
v 0.09389662 0.02351107 -0.02377480
v 0.09079555 0.02155291 -0.02343261
v 0.09100000 0.02000000 -0.02345517
v 0.09046410 -0.00400000 -0.02339604
v 0.09086370 -0.00496472 -0.02344013
v 0.09046410 0.00400000 -0.02339604
v 0.09086370 0.00496472 -0.02344013
v 0.09229397 -0.02617270 -0.02359796
v 0.09296476 -0.02528576 -0.02367198
v 0.09079555 -0.02155291 -0.02343261
v 0.09406181 -0.02306250 -0.02379303
v 0.09100000 -0.02000000 -0.02345517
v 0.09100000 -0.00600000 -0.02345517
v -0.03367539 0.02590674 -0.01717911
v -0.03250000 0.00600000 -0.01700000
v -0.03263630 0.00496472 -0.01702077
v -0.03250000 -0.00600000 -0.01700000
v -0.03303590 0.00400000 -0.01708166
v -0.03263630 -0.00496472 -0.01702077
v -0.03450000 0.00253590 -0.01730476
v -0.03303590 -0.00400000 -0.01708166
v -0.03367539 -0.02590674 -0.01717911
v -0.03314464 -0.02925258 -0.01709823
v -0.03581222 -0.02644235 -0.01750472
v -0.03469245 -0.02952550 -0.01733409
v -0.03777039 -0.02600000 -0.01780311
v -0.06507342 -0.02952550 -0.02196357
v -0.06500000 -0.02600000 -0.02195238
v -0.06801874 -0.02905871 -0.02241238
v -0.06800000 -0.02519615 -0.02240952
v -0.07036551 -0.02792016 -0.02276998
v -0.07086370 -0.00496472 -0.02284590
v -0.07046411 -0.00400000 -0.02278501
v -0.06900000 0.00253590 -0.02256190
v -0.06900000 -0.00253590 -0.02256190
v -0.06700000 0.00200000 -0.02225714
v -0.06700000 -0.00200000 -0.02225714
v -0.03650000 0.00200000 -0.01760952
v -0.03650000 -0.00200000 -0.01760952
v -0.03450000 -0.00253590 -0.01730476
v -0.07162488 0.02691474 -0.02296189
v -0.06924264 0.02424264 -0.02259888
v -0.07036551 0.02792016 -0.02276998
v -0.06729610 0.02554328 -0.02230226
v -0.06859648 0.02885004 -0.02250042
v -0.03469245 0.02952550 -0.01733409
v -0.03581222 0.02644235 -0.01750472
v -0.03314464 0.02925258 -0.01709823
v -0.07019615 -0.02300000 -0.02274417
v -0.07201529 -0.02652270 -0.02302138
v -0.07115170 -0.02733415 -0.02288978
v -0.07100000 -0.02000000 -0.02286667
v -0.07459892 -0.02000000 -0.02341507
v -0.07079556 -0.02155291 -0.02283551
v -0.07393091 -0.02350430 -0.02331328
v -0.07299359 -0.02529208 -0.02317045
v -0.06507342 0.02952550 -0.02196357
v -0.06500000 0.02600000 -0.02195238
v -0.03777039 0.02600000 -0.01780311
v -0.07233134 0.02616911 -0.02306954
v -0.07299359 0.02529208 -0.02317045
v -0.07054328 0.02229610 -0.02279707
v -0.07409426 0.02305935 -0.02333817
v -0.07100000 0.02000000 -0.02286667
v -0.07459892 0.02000000 -0.02341507
v -0.07100000 0.00600000 -0.02286667
v -0.07086370 0.00496472 -0.02284590
v -0.07046411 0.00400000 -0.02278501
v -0.07100000 -0.00600000 -0.02286667
v -0.04460921 -0.00832908 -0.03300000
v -0.04273868 -0.00288041 -0.03300000
v -0.03550000 -0.01995644 -0.03300000
v -0.03550000 0.01995644 -0.03300000
v -0.07380996 0.01074872 -0.03300000
v -0.07655181 0.00568224 -0.03300000
v -0.08450000 0.02000000 -0.03300000
v -0.07750000 -0.00000000 -0.03300000
v -0.08450000 -0.02000000 -0.03300000
v -0.05855486 -0.01744023 -0.03300000
v -0.05806931 -0.03832401 -0.03300000
v -0.06135256 -0.03920375 -0.03300000
v -0.06429600 -0.01696450 -0.03300000
v -0.06473870 -0.03950000 -0.03300000
v -0.06500000 -0.03950000 -0.03300000
v -0.04504071 -0.03358198 -0.03300000
v -0.05297033 -0.01602603 -0.03300000
v -0.04117296 -0.03146007 -0.03300000
v -0.07102583 0.03854560 -0.03300000
v -0.06500000 0.03950000 -0.03300000
v -0.07646182 0.03577583 -0.03300000
v -0.06957159 0.01465041 -0.03300000
v -0.08077583 0.03146181 -0.03300000
v -0.07655181 -0.00568224 -0.03300000
v -0.07380996 -0.01074872 -0.03300000
v -0.08354560 -0.02602583 -0.03300000
v -0.06957159 -0.01465041 -0.03300000
v -0.07102583 -0.03854560 -0.03300000
v -0.07646182 -0.03577583 -0.03300000
v -0.08077583 -0.03146181 -0.03300000
v -0.04814757 -0.01287517 -0.03300000
v -0.03617111 -0.02431667 -0.03300000
v -0.03812230 -0.02827330 -0.03300000
v -0.04273868 0.00288041 -0.03300000
v -0.04460921 0.00832908 -0.03300000
v -0.03617111 0.02431667 -0.03300000
v -0.04814757 0.01287517 -0.03300000
v -0.03812230 0.02827330 -0.03300000
v -0.05297033 0.01602603 -0.03300000
v -0.04117296 0.03146007 -0.03300000
v -0.06473870 0.03950000 -0.03300000
v -0.06135256 0.03920375 -0.03300000
v -0.05855486 0.01744023 -0.03300000
v -0.05806931 0.03832401 -0.03300000
v -0.04504071 0.03358198 -0.03300000
v -0.08354560 0.02602583 -0.03300000
v 0.09039079 -0.00832908 -0.03300000
v 0.09226133 -0.00288041 -0.03300000
v 0.10450000 -0.02000000 -0.03300000
v 0.10450000 0.02000000 -0.03300000
v 0.09226133 0.00288041 -0.03300000
v 0.09039079 0.00832908 -0.03300000
v 0.10354560 0.02602583 -0.03300000
v 0.08685242 0.01287517 -0.03300000
v 0.10077583 0.03146181 -0.03300000
v 0.09646181 0.03577583 -0.03300000
v 0.08202967 0.01602603 -0.03300000
v 0.09102583 0.03854560 -0.03300000
v 0.08500000 0.03950000 -0.03300000
v 0.07644514 0.01744023 -0.03300000
v 0.07861381 0.03950000 -0.03300000
v 0.06119004 0.01074872 -0.03300000
v 0.05844820 0.00568224 -0.03300000
v 0.05050000 0.02152857 -0.03300000
v 0.05750000 -0.00000000 -0.03300000
v 0.05050000 -0.02152857 -0.03300000
v 0.07356684 0.03883555 -0.03300000
v 0.07070401 0.01696450 -0.03300000
v 0.06124713 0.03553449 -0.03300000
v 0.05694423 0.03358488 -0.03300000
v 0.06542841 0.01465041 -0.03300000
v 0.05349638 0.03035561 -0.03300000
v 0.05126951 0.02618944 -0.03300000
v 0.06542841 -0.01465041 -0.03300000
v 0.07070401 -0.01696450 -0.03300000
v 0.05694423 -0.03358488 -0.03300000
v 0.05844820 -0.00568224 -0.03300000
v 0.06119004 -0.01074872 -0.03300000
v 0.05126951 -0.02618944 -0.03300000
v 0.05349638 -0.03035561 -0.03300000
v 0.07644514 -0.01744023 -0.03300000
v 0.07356684 -0.03883555 -0.03300000
v 0.06124713 -0.03553449 -0.03300000
v 0.10077583 -0.03146181 -0.03300000
v 0.09646181 -0.03577583 -0.03300000
v 0.08685242 -0.01287517 -0.03300000
v 0.08202967 -0.01602603 -0.03300000
v 0.10354560 -0.02602583 -0.03300000
v 0.09102583 -0.03854560 -0.03300000
v 0.08500000 -0.03950000 -0.03300000
v 0.07861381 -0.03950000 -0.03300000
v 0.01755592 -0.02500000 -0.02300000
v 0.01755592 -0.02500000 -0.01749911
v 0.01736695 -0.02500000 -0.02300000
v 0.01519727 -0.02500000 -0.01738266
v 0.01736695 -0.02500000 -0.03100000
v 0.01124466 -0.02500000 -0.02300000
v -0.01647346 -0.02500000 -0.03100000
v -0.01124466 -0.02500000 -0.02300000
v -0.01647346 -0.02500000 -0.02300000
v -0.01688682 -0.02500000 -0.01749573
v -0.01688682 -0.02500000 -0.02300000
v -0.01441535 -0.02500000 -0.01739438
v 0.01736695 0.02500000 -0.01750000
v 0.01736695 0.02500000 -0.03100000
v -0.01647346 0.02500000 -0.01750000
v -0.01647346 0.02500000 -0.03100000
v -0.01994642 0.02530385 -0.01750000
v -0.01994642 0.02530385 -0.03100000
v -0.01771595 -0.02503863 -0.01750000
v -0.01994642 -0.02530385 -0.03100000
v 0.01774279 -0.02500353 -0.01750000
v 0.05000000 -0.02152857 -0.03250000
v 0.05000000 -0.02152857 -0.03100000
v 0.05000000 0.02152857 -0.03250000
v 0.05000000 0.02152857 -0.03100000
v -0.03500000 0.01995644 -0.03250000
v -0.03500000 0.01995644 -0.03100000
v -0.03500000 -0.01995644 -0.03250000
v -0.03500000 -0.01995644 -0.03100000
v 0.05666645 -0.03400062 -0.03100000
v 0.05309970 -0.03065999 -0.03100000
v 0.05666645 0.03400062 -0.03100000
v 0.05309970 0.03065999 -0.03100000
v 0.05079605 0.02635016 -0.03100000
v -0.04086858 0.03185674 -0.03100000
v -0.03771272 0.02856009 -0.03100000
v -0.03569424 0.02446703 -0.03100000
v -0.04086858 -0.03185674 -0.03100000
v -0.03771272 -0.02856009 -0.03100000
v -0.03569424 -0.02446703 -0.03100000
v 0.05079605 -0.02635016 -0.03100000
v 0.02250000 0.01500000 -0.02800000
v 0.02183013 0.01750000 -0.02800000
v 0.02000000 0.01933013 -0.02800000
v 0.01750000 0.02000000 -0.02800000
v 0.02250000 -0.00371779 -0.00708365
v 0.02250000 -0.00000000 -0.00800000
v 0.02250000 -0.01500000 -0.02800000
v 0.02250000 0.00371779 -0.00708365
v 0.02250000 0.00658387 -0.00454452
v 0.02250000 0.01200268 -0.01671892
v 0.02250000 -0.00748013 0.00283684
v 0.02250000 -0.01030844 0.00707009
v 0.02250000 -0.00530498 0.00598809
v 0.02250000 -0.00686886 0.01044360
v 0.02250000 -0.00191453 0.00776753
v 0.02250000 -0.00240890 0.01226569
v 0.02250000 -0.00000000 0.00800000
v 0.02250000 0.00240890 0.01226569
v 0.02250000 0.00191453 0.00776753
v 0.02250000 0.00748013 0.00283684
v 0.02250000 0.01221667 0.00264630
v 0.02250000 0.00794167 -0.00096429
v 0.02250000 0.01231010 -0.00217060
v 0.02250000 0.00530498 0.00598809
v 0.02250000 0.00686886 0.01044360
v 0.02250000 0.01030844 0.00707009
v 0.02250000 -0.01200268 -0.01671892
v 0.02250000 -0.01097240 -0.01592836
v 0.02250000 -0.01037276 -0.01477646
v 0.02250000 -0.00658387 -0.00454452
v 0.02250000 -0.01031611 -0.01347906
v 0.02250000 -0.00794167 -0.00096429
v 0.02250000 -0.01231010 -0.00217060
v 0.02250000 -0.01221667 0.00264630
v 0.02250000 0.01031611 -0.01347906
v 0.02250000 0.01037276 -0.01477646
v 0.02250000 0.01097240 -0.01592836
v 0.01750000 -0.02000000 -0.02800000
v 0.02000000 -0.01933013 -0.02800000
v 0.02183013 -0.01750000 -0.02800000
v -0.01750000 -0.02000000 -0.02800000
v -0.02250000 -0.01500000 -0.02800000
v -0.02183013 -0.01750000 -0.02800000
v -0.02000000 -0.01933013 -0.02800000
v -0.02250000 0.00748013 -0.00283684
v -0.02250000 0.01231010 -0.00217060
v -0.02250000 0.00794167 0.00096429
v -0.02250000 0.01221667 0.00264630
v -0.02250000 0.00658387 0.00454452
v -0.02250000 0.01030844 0.00707009
v -0.02250000 0.00371779 0.00708365
v -0.02250000 0.01500000 -0.02800000
v -0.02250000 0.01200268 -0.01671892
v -0.02250000 0.01097240 -0.01592836
v -0.02250000 0.00191453 -0.00776753
v -0.02250000 -0.00191453 -0.00776753
v -0.02250000 -0.00530498 -0.00598809
v -0.02250000 0.00530498 -0.00598809
v -0.02250000 0.01037276 -0.01477646
v -0.02250000 0.01031611 -0.01347906
v -0.02250000 -0.01200268 -0.01671892
v -0.02250000 0.00686886 0.01044360
v -0.02250000 0.00240890 0.01226569
v -0.02250000 -0.00000000 0.00800000
v -0.02250000 -0.00240890 0.01226569
v -0.02250000 -0.00371779 0.00708365
v -0.02250000 -0.00686886 0.01044360
v -0.02250000 -0.00658387 0.00454452
v -0.02250000 -0.01030844 0.00707009
v -0.02250000 -0.00794167 0.00096429
v -0.02250000 -0.01221667 0.00264630
v -0.02250000 -0.00748013 -0.00283684
v -0.02250000 -0.01231010 -0.00217060
v -0.02250000 -0.01031611 -0.01347906
v -0.02250000 -0.01037276 -0.01477646
v -0.02250000 -0.01097240 -0.01592836
v -0.01750000 0.02000000 -0.02800000
v -0.02000000 0.01933013 -0.02800000
v -0.02183013 0.01750000 -0.02800000
v -0.03569424 0.02446703 -0.03250000
v -0.03771272 0.02856009 -0.03250000
v -0.04086858 0.03185674 -0.03250000
v -0.03569424 -0.02446703 -0.03250000
v -0.03771272 -0.02856009 -0.03250000
v -0.04086858 -0.03185674 -0.03250000
v 0.05079605 -0.02635016 -0.03250000
v 0.05309970 -0.03065999 -0.03250000
v 0.05666645 -0.03400062 -0.03250000
v 0.05079605 0.02635016 -0.03250000
v 0.05309970 0.03065999 -0.03250000
v 0.05666645 0.03400062 -0.03250000
v -0.03461902 0.03000000 -0.01781594
v -0.03461902 0.03000000 -0.02800000
v -0.06500000 0.03000000 -0.02244542
v -0.06500000 0.03000000 -0.02800000
v -0.07500000 0.02000000 -0.02389693
v -0.07500000 0.02000000 -0.02800000
v -0.07500000 -0.02000000 -0.02389693
v -0.07500000 -0.02000000 -0.02800000
v -0.07460787 -0.02277287 -0.02384001
v -0.07438191 -0.02346117 -0.02800000
v -0.07438159 -0.02346204 -0.02380717
v -0.07207107 -0.02707107 -0.02800000
v -0.07207084 -0.02707129 -0.02347176
v -0.07296289 -0.02604917 -0.02360124
v -0.07423879 -0.02382683 -0.02378644
v -0.06846117 -0.02938191 -0.02800000
v -0.06861371 -0.02932422 -0.02296996
v -0.07055570 -0.02831470 -0.02325184
v -0.07174401 -0.02738366 -0.02342432
v -0.06695090 -0.02980785 -0.02272860
v -0.06500000 -0.03000000 -0.02800000
v -0.06500000 -0.03000000 -0.02244542
v -0.03461902 -0.03000000 -0.01781594
v -0.03461902 -0.03000000 -0.02800000
v -0.06766419 0.02963857 -0.02283213
v -0.06846117 0.02938191 -0.02800000
v -0.06846031 0.02938223 -0.02294769
v -0.07240847 0.02671673 -0.02352077
v -0.07207080 0.02707134 -0.02347175
v -0.07207107 0.02707107 -0.02800000
v -0.07096070 0.02802932 -0.02331062
v -0.06882683 0.02923880 -0.02300089
v -0.07438191 0.02346117 -0.02800000
v -0.07480785 0.02195090 -0.02386904
v -0.07433100 0.02359617 -0.02379982
v -0.07331470 0.02555570 -0.02365231
v 0.08846117 -0.02938191 -0.02800000
v 0.08500000 -0.03000000 -0.02800000
v 0.03931852 0.03000000 -0.02800000
v 0.03931852 -0.03000000 -0.02800000
v 0.09207107 0.02707107 -0.02800000
v 0.08846117 0.02938191 -0.02800000
v 0.08500000 0.03000000 -0.02800000
v 0.09207107 -0.02707107 -0.02800000
v 0.09438191 -0.02346117 -0.02800000
v 0.09500000 -0.02000000 -0.02800000
v 0.09500000 0.02000000 -0.02800000
v 0.09438191 0.02346117 -0.02800000
v 0.09500000 0.02000000 -0.02433892
v 0.09460889 0.02276934 -0.02429786
v 0.09438174 0.02346163 -0.02427402
v 0.09207095 0.02707119 -0.02403142
v 0.09296213 0.02605016 -0.02412498
v 0.09423879 0.02382683 -0.02425901
v 0.08861381 0.02932418 -0.02366848
v 0.09055570 0.02831470 -0.02387234
v 0.09174431 0.02738337 -0.02399713
v 0.08695090 0.02980785 -0.02349390
v 0.08500000 0.03000000 -0.02328909
v 0.09500000 -0.02000000 -0.02433892
v 0.08500000 -0.03000000 -0.02328909
v 0.08771219 -0.02962518 -0.02357382
v 0.08846074 -0.02938207 -0.02365241
v 0.09239645 -0.02672997 -0.02406559
v 0.09207094 -0.02707120 -0.02403142
v 0.09100370 -0.02799722 -0.02391938
v 0.08882683 -0.02923880 -0.02369084
v 0.09480785 -0.02195090 -0.02431875
v 0.09432776 -0.02360458 -0.02426835
v 0.09331470 -0.02555570 -0.02416199
v 0.03931852 0.03000000 -0.01824837
v 0.03931852 -0.03000000 -0.01824837
v -0.03650000 -0.02600000 -0.01800000
v -0.03650000 -0.02600000 -0.03000000
v -0.06500000 -0.02600000 -0.03000000
v -0.06800000 -0.02519615 -0.03000000
v -0.07019615 -0.02300000 -0.03000000
v -0.07100000 -0.02000000 -0.03000000
v -0.07100000 -0.00600000 -0.03000000
v -0.07046411 -0.00400000 -0.03000000
v -0.06900000 -0.00253590 -0.03000000
v -0.06700000 -0.00200000 -0.03000000
v -0.03650000 -0.00200000 -0.03000000
v -0.03588800 -0.02595290 -0.01800000
v -0.03450000 -0.02546410 -0.03000000
v -0.03450000 -0.02546410 -0.01800000
v -0.03415636 -0.02524151 -0.01800000
v -0.03303590 -0.02400000 -0.03000000
v -0.03250000 -0.02200000 -0.01800000
v -0.03250000 -0.02200000 -0.03000000
v -0.03293808 -0.02382009 -0.01800000
v -0.03303590 -0.02400000 -0.01800000
v -0.03450000 -0.00253590 -0.03000000
v -0.03303590 -0.00400000 -0.03000000
v -0.03250000 -0.00600000 -0.03000000
v -0.03250000 0.02200000 -0.01800000
v -0.03250000 0.02200000 -0.03000000
v -0.03250000 0.01327053 -0.01800000
v -0.03250000 0.00600000 -0.03000000
v -0.03250000 0.01158006 -0.01762523
v -0.03250000 0.01020636 -0.01657115
v -0.03250000 0.00940683 -0.01503528
v -0.03250000 0.00933130 -0.01330541
v -0.03250000 -0.01327053 -0.01800000
v -0.03250000 0.01132529 -0.00199695
v -0.03250000 0.00703648 -0.00561141
v -0.03250000 -0.01158006 -0.01762523
v -0.03250000 -0.01020636 -0.01657115
v -0.03250000 -0.00940683 -0.01503528
v -0.03250000 -0.00933130 -0.01330541
v -0.03250000 0.00390495 -0.00810872
v -0.03250000 -0.00000000 -0.00900000
v -0.03250000 -0.00390495 -0.00810872
v -0.03250000 -0.00703648 -0.00561141
v -0.03250000 -0.00877435 -0.00200269
v -0.03250000 -0.01132529 -0.00199695
v -0.03250000 -0.00877435 0.00200269
v -0.03250000 -0.01123934 0.00243459
v -0.03250000 -0.00703648 0.00561141
v -0.03250000 -0.00948376 0.00650448
v -0.03250000 -0.00390495 0.00810872
v -0.03250000 -0.00631935 0.00960811
v -0.03250000 -0.00000000 0.00900000
v -0.03250000 -0.00221619 0.01128444
v -0.03250000 0.00221619 0.01128444
v -0.03250000 0.00390495 0.00810872
v -0.03250000 0.00631935 0.00960811
v -0.03250000 0.00703648 0.00561141
v -0.03250000 0.00948376 0.00650448
v -0.03250000 0.00877435 0.00200269
v -0.03250000 0.01123934 0.00243459
v -0.03250000 0.00900000 0.00000000
v -0.03250000 0.00877435 -0.00200269
v 0.09100000 0.00600000 -0.03000000
v 0.09046410 0.00400000 -0.03000000
v 0.08900000 0.00253590 -0.03000000
v 0.08700000 0.00200000 -0.03000000
v 0.03650000 0.00200000 -0.03000000
v 0.03650000 0.02600000 -0.01800000
v 0.03650000 0.02600000 -0.03000000
v 0.08500000 0.02600000 -0.03000000
v 0.08800000 0.02519615 -0.03000000
v 0.09019615 0.02300000 -0.03000000
v 0.09100000 0.02000000 -0.03000000
v 0.03450000 0.00253590 -0.03000000
v 0.03303590 0.00400000 -0.03000000
v 0.03250000 0.00600000 -0.03000000
v 0.03250000 0.02200000 -0.01800000
v 0.03250000 0.02200000 -0.03000000
v 0.03303590 0.02400000 -0.03000000
v 0.03620173 0.02598886 -0.01800000
v 0.03450000 0.02546410 -0.03000000
v 0.03450000 0.02546410 -0.01800000
v 0.03433018 0.02536034 -0.01800000
v 0.03298722 0.02391321 -0.01800000
v -0.07100000 0.02000000 -0.03000000
v -0.07054328 0.02229610 -0.03000000
v -0.06924264 0.02424264 -0.03000000
v -0.06729610 0.02554328 -0.03000000
v -0.06500000 0.02600000 -0.03000000
v -0.03650000 0.02600000 -0.03000000
v -0.03650000 0.02600000 -0.01800000
v -0.06700000 0.00200000 -0.03000000
v -0.03650000 0.00200000 -0.03000000
v -0.06900000 0.00253590 -0.03000000
v -0.07046411 0.00400000 -0.03000000
v -0.07100000 0.00600000 -0.03000000
v -0.03293808 0.02382009 -0.01800000
v -0.03303590 0.02400000 -0.03000000
v -0.03303590 0.02400000 -0.01800000
v -0.03415636 0.02524151 -0.01800000
v -0.03450000 0.02546410 -0.03000000
v -0.03588800 0.02595290 -0.01800000
v -0.03450000 0.02546410 -0.01800000
v -0.03303590 0.00400000 -0.03000000
v -0.03450000 0.00253590 -0.03000000
v 0.09100000 -0.02000000 -0.03000000
v 0.09019615 -0.02300000 -0.03000000
v 0.08800000 -0.02519615 -0.03000000
v 0.08500000 -0.02600000 -0.03000000
v 0.03650000 -0.02600000 -0.03000000
v 0.03650000 -0.02600000 -0.01800000
v 0.08700000 -0.00200000 -0.03000000
v 0.03650000 -0.00200000 -0.03000000
v 0.08900000 -0.00253590 -0.03000000
v 0.09046410 -0.00400000 -0.03000000
v 0.09100000 -0.00600000 -0.03000000
v 0.03250000 -0.02200000 -0.03000000
v 0.03250000 -0.02200000 -0.01800000
v 0.03298722 -0.02391321 -0.01800000
v 0.03303590 -0.02400000 -0.03000000
v 0.03433018 -0.02536034 -0.01800000
v 0.03450000 -0.02546410 -0.03000000
v 0.03620173 -0.02598886 -0.01800000
v 0.03450000 -0.02546410 -0.01800000
v 0.03250000 -0.00600000 -0.03000000
v 0.03303590 -0.00400000 -0.03000000
v 0.03450000 -0.00253590 -0.03000000
v 0.03250000 -0.01327053 -0.01800000
v 0.03250000 -0.01158006 -0.01762523
v 0.03250000 -0.01020636 -0.01657115
v 0.03250000 -0.00940683 -0.01503528
v 0.03250000 -0.00933130 -0.01330541
v 0.03250000 -0.00000000 -0.00900000
v 0.03250000 -0.00390495 -0.00810872
v 0.03250000 0.01327053 -0.01800000
v 0.03250000 -0.00703648 -0.00561141
v 0.03250000 -0.01132529 -0.00199695
v 0.03250000 0.01158006 -0.01762523
v 0.03250000 0.01020636 -0.01657115
v 0.03250000 0.00940683 -0.01503528
v 0.03250000 0.00933130 -0.01330541
v 0.03250000 0.00390495 -0.00810872
v 0.03250000 0.00703648 -0.00561141
v 0.03250000 0.00877435 -0.00200269
v 0.03250000 0.01132529 -0.00199695
v 0.03250000 0.00877435 0.00200269
v 0.03250000 0.01123934 0.00243459
v 0.03250000 0.00703648 0.00561141
v 0.03250000 0.00948376 0.00650448
v 0.03250000 0.00390495 0.00810872
v 0.03250000 0.00631935 0.00960811
v 0.03250000 -0.00000000 0.00900000
v 0.03250000 -0.00877435 -0.00200269
v 0.03250000 -0.00900000 0.00000000
v 0.03250000 -0.01123934 0.00243459
v 0.03250000 -0.00877435 0.00200269
v 0.03250000 -0.00948376 0.00650448
v 0.03250000 -0.00703648 0.00561141
v 0.03250000 -0.00631935 0.00960811
v 0.03250000 -0.00390495 0.00810872
v 0.03250000 -0.00221619 0.01128444
v 0.03250000 0.00221619 0.01128444
v -0.03150000 -0.01031611 -0.01347906
v -0.03150000 -0.01231010 -0.00217060
v -0.03150000 -0.01221667 0.00264630
v -0.03150000 -0.01030844 0.00707009
v -0.03150000 -0.00686886 0.01044360
v -0.03150000 -0.00240890 0.01226569
v -0.03150000 0.00240890 0.01226569
v -0.03150000 0.00686886 0.01044360
v -0.03150000 0.01030844 0.00707009
v -0.03150000 0.01221667 0.00264630
v -0.03150000 0.01231010 -0.00217060
v -0.03150000 0.01031611 -0.01347906
v -0.03150000 -0.00347107 0.00720775
v -0.03150000 -0.00625465 0.00498792
v -0.03150000 -0.00371779 0.00708365
v -0.03150000 -0.00779942 0.00178017
v -0.03150000 -0.00658387 0.00454452
v -0.03150000 -0.00779942 -0.00178017
v -0.03150000 -0.00794167 0.00096429
v -0.03150000 -0.00625465 -0.00498792
v -0.03150000 -0.00748013 -0.00283684
v -0.03150000 -0.00347107 -0.00720775
v -0.03150000 -0.00530498 -0.00598809
v -0.03150000 -0.00000000 -0.00800000
v -0.03150000 -0.00191453 -0.00776753
v -0.03150000 0.00347107 -0.00720775
v -0.03150000 0.00191453 -0.00776753
v -0.03150000 0.00625465 -0.00498792
v -0.03150000 0.00530498 -0.00598809
v -0.03150000 0.00779942 -0.00178017
v -0.03150000 0.00748013 -0.00283684
v -0.03150000 0.00779942 0.00178017
v -0.03150000 0.00794167 0.00096429
v -0.03150000 0.00625465 0.00498792
v -0.03150000 0.00658387 0.00454452
v -0.03150000 -0.00000000 0.00800000
v -0.03150000 0.00347107 0.00720775
v -0.03150000 0.00371779 0.00708365
v -0.03150000 0.01037276 -0.01477646
v -0.03150000 0.01097240 -0.01592836
v -0.03150000 0.01200268 -0.01671892
v -0.03150000 -0.01200268 -0.01671892
v -0.03150000 -0.01097240 -0.01592836
v -0.03150000 -0.01037276 -0.01477646
v 0.03150000 0.01031611 -0.01347906
v 0.03150000 0.01231010 -0.00217060
v 0.03150000 0.01221667 0.00264630
v 0.03150000 0.01030844 0.00707009
v 0.03150000 0.00686886 0.01044360
v 0.03150000 0.00240890 0.01226569
v 0.03150000 -0.00240890 0.01226569
v 0.03150000 -0.00686886 0.01044360
v 0.03150000 -0.01030844 0.00707009
v 0.03150000 -0.01221667 0.00264630
v 0.03150000 -0.01231010 -0.00217060
v 0.03150000 -0.01031611 -0.01347906
v 0.03150000 -0.00347107 -0.00720775
v 0.03150000 -0.00625465 -0.00498792
v 0.03150000 -0.00371779 -0.00708365
v 0.03150000 -0.00779942 -0.00178017
v 0.03150000 -0.00658387 -0.00454452
v 0.03150000 -0.00779942 0.00178017
v 0.03150000 -0.00794167 -0.00096429
v 0.03150000 -0.00625465 0.00498792
v 0.03150000 -0.00748013 0.00283684
v 0.03150000 -0.00347107 0.00720775
v 0.03150000 -0.00530498 0.00598809
v 0.03150000 0.00347107 0.00720775
v 0.03150000 0.00191453 0.00776753
v 0.03150000 -0.00000000 0.00800000
v 0.03150000 -0.00191453 0.00776753
v 0.03150000 0.00625465 0.00498792
v 0.03150000 0.00530498 0.00598809
v 0.03150000 0.00779942 0.00178017
v 0.03150000 0.00748013 0.00283684
v 0.03150000 0.00779942 -0.00178017
v 0.03150000 0.00794167 -0.00096429
v 0.03150000 0.00625465 -0.00498792
v 0.03150000 0.00658387 -0.00454452
v 0.03150000 -0.00000000 -0.00800000
v 0.03150000 0.00347107 -0.00720775
v 0.03150000 0.00371779 -0.00708365
v 0.03150000 0.01037276 -0.01477646
v 0.03150000 0.01097240 -0.01592836
v 0.03150000 0.01200268 -0.01671892
v 0.03150000 -0.01200268 -0.01671892
v 0.03150000 -0.01097240 -0.01592836
v 0.03150000 -0.01037276 -0.01477646
v -0.00936025 -0.02644337 -0.01450000
v -0.00889298 -0.02766026 -0.01239230
v 0.00936025 -0.02644337 -0.01450000
v 0.00889298 -0.02766026 -0.01239230
v 0.01124466 -0.02511325 -0.02300000
v -0.01124466 -0.02511325 -0.02300000
v -0.01120688 -0.02640734 -0.02282963
v 0.01120688 -0.02640734 -0.02282963
v -0.01109615 -0.02761325 -0.02233013
v 0.01109615 -0.02761325 -0.02233013
v 0.01069042 -0.02944338 -0.02050000
v -0.01069042 -0.02944338 -0.02050000
v 0.00830322 -0.03566025 -0.00973205
v -0.00830322 -0.03566025 -0.00973205
v 0.00776854 -0.03665926 -0.00732024
v -0.00776854 -0.03665926 -0.00732024
v 0.00835830 -0.02865926 -0.00998050
v -0.00835830 -0.02865926 -0.00998050
v 0.00984764 -0.02382335 -0.01669846
v 0.00965515 -0.02532719 -0.01583022
v -0.00984764 -0.02382335 -0.01669846
v -0.00965515 -0.02532719 -0.01583022
v -0.00216506 -0.03400000 -0.00125000
v -0.00125000 -0.03400000 -0.00216506
v 0.00000000 -0.03400000 -0.00250000
v 0.00125000 -0.03400000 -0.00216506
v 0.00216506 -0.03400000 -0.00125000
v 0.00250000 -0.03400000 0.00000000
v 0.00216506 -0.03400000 0.00125000
v 0.00125000 -0.03400000 0.00216506
v 0.00000000 -0.03400000 0.00250000
v -0.00125000 -0.03400000 0.00216506
v -0.00216506 -0.03400000 0.00125000
v -0.00250000 -0.03400000 0.00000000
v 0.09196541 0.00283103 -0.03600000
v 0.09220000 -0.00000000 -0.03600000
v 0.09030000 -0.00000000 -0.03600000
v 0.09196541 -0.00283103 -0.03600000
v 0.08937730 -0.00523291 -0.03600000
v 0.09012694 -0.00818629 -0.03600000
v 0.08672048 -0.00983465 -0.03600000
v 0.08664925 -0.01265445 -0.03600000
v 0.08265000 -0.01325019 -0.03600000
v 0.08190917 -0.01575130 -0.03600000
v 0.07765682 -0.01506756 -0.03600000
v 0.07642037 -0.01714125 -0.03600000
v 0.07234319 -0.01506756 -0.03600000
v 0.07077765 -0.01667368 -0.03600000
v 0.06735000 -0.01325019 -0.03600000
v 0.06559249 -0.01439926 -0.03600000
v 0.06327952 -0.00983465 -0.03600000
v 0.06142678 -0.01056446 -0.03600000
v 0.06062270 -0.00523291 -0.03600000
v 0.05873194 -0.00558483 -0.03600000
v 0.05970000 -0.00000000 -0.03600000
v 0.05780000 -0.00000000 -0.03600000
v 0.06062270 0.00523291 -0.03600000
v 0.05873194 0.00558483 -0.03600000
v 0.06327952 0.00983465 -0.03600000
v 0.06142678 0.01056446 -0.03600000
v 0.06735000 0.01325019 -0.03600000
v 0.06559249 0.01439926 -0.03600000
v 0.07234319 0.01506756 -0.03600000
v 0.07077765 0.01667368 -0.03600000
v 0.07765682 0.01506756 -0.03600000
v 0.07642037 0.01714125 -0.03600000
v 0.08265000 0.01325019 -0.03600000
v 0.08190917 0.01575130 -0.03600000
v 0.08672048 0.00983465 -0.03600000
v 0.08664925 0.01265445 -0.03600000
v 0.08937730 0.00523291 -0.03600000
v 0.09012694 0.00818629 -0.03600000
v 0.09226133 -0.00288041 -0.03570000
v 0.09250000 -0.00000000 -0.03570000
v 0.09226133 0.00288041 -0.03570000
v 0.09039079 0.00832908 -0.03570000
v 0.08685242 0.01287517 -0.03570000
v 0.08202967 0.01602603 -0.03570000
v 0.07644514 0.01744023 -0.03570000
v 0.07070401 0.01696450 -0.03570000
v 0.06542841 0.01465041 -0.03570000
v 0.06119004 0.01074872 -0.03570000
v 0.05844820 0.00568224 -0.03570000
v 0.05750000 -0.00000000 -0.03570000
v 0.05844820 -0.00568224 -0.03570000
v 0.06119004 -0.01074872 -0.03570000
v 0.06542841 -0.01465041 -0.03570000
v 0.07070401 -0.01696450 -0.03570000
v 0.07644514 -0.01744023 -0.03570000
v 0.08202967 -0.01602603 -0.03570000
v 0.08685242 -0.01287517 -0.03570000
v 0.09039079 -0.00832908 -0.03570000
v 0.06000000 -0.00000000 -0.03570000
v 0.06000000 -0.00000000 -0.03300000
v 0.06090461 -0.00513030 -0.03570000
v 0.06090461 -0.00513030 -0.03300000
v 0.06350933 -0.00964181 -0.03570000
v 0.06350933 -0.00964181 -0.03300000
v 0.06750000 -0.01299038 -0.03570000
v 0.06750000 -0.01299038 -0.03300000
v 0.07239528 -0.01477212 -0.03570000
v 0.07239528 -0.01477212 -0.03300000
v 0.07760472 -0.01477212 -0.03570000
v 0.07760472 -0.01477212 -0.03300000
v 0.08250000 -0.01299038 -0.03570000
v 0.08250000 -0.01299038 -0.03300000
v 0.08649067 -0.00964181 -0.03570000
v 0.08649067 -0.00964181 -0.03300000
v 0.08909539 -0.00513030 -0.03570000
v 0.08909539 -0.00513030 -0.03300000
v 0.09000000 -0.00000000 -0.03570000
v 0.09000000 -0.00000000 -0.03300000
v 0.08909539 0.00513030 -0.03570000
v 0.08909539 0.00513030 -0.03300000
v 0.08649067 0.00964181 -0.03570000
v 0.08649067 0.00964181 -0.03300000
v 0.08250000 0.01299038 -0.03570000
v 0.08250000 0.01299038 -0.03300000
v 0.07760472 0.01477212 -0.03570000
v 0.07760472 0.01477212 -0.03300000
v 0.07239528 0.01477212 -0.03570000
v 0.07239528 0.01477212 -0.03300000
v 0.06750000 0.01299038 -0.03570000
v 0.06750000 0.01299038 -0.03300000
v 0.06350933 0.00964181 -0.03570000
v 0.06350933 0.00964181 -0.03300000
v 0.06090461 0.00513030 -0.03570000
v 0.06090461 0.00513030 -0.03300000
v 0.07500000 -0.00000000 -0.03300000
v -0.04487305 0.00818629 -0.03600000
v -0.04303459 0.00283103 -0.03600000
v -0.04470000 -0.00000000 -0.03600000
v -0.04303459 -0.00283103 -0.03600000
v -0.04562270 -0.00523291 -0.03600000
v -0.04487305 -0.00818629 -0.03600000
v -0.04827952 -0.00983465 -0.03600000
v -0.04835075 -0.01265445 -0.03600000
v -0.05235000 -0.01325019 -0.03600000
v -0.05309084 -0.01575130 -0.03600000
v -0.05734318 -0.01506756 -0.03600000
v -0.05857963 -0.01714125 -0.03600000
v -0.06265682 -0.01506756 -0.03600000
v -0.06422235 -0.01667368 -0.03600000
v -0.06765000 -0.01325019 -0.03600000
v -0.06940751 -0.01439926 -0.03600000
v -0.07172048 -0.00983465 -0.03600000
v -0.07357322 -0.01056446 -0.03600000
v -0.07437730 -0.00523291 -0.03600000
v -0.07626806 -0.00558483 -0.03600000
v -0.07530000 -0.00000000 -0.03600000
v -0.07720001 -0.00000000 -0.03600000
v -0.07437730 0.00523291 -0.03600000
v -0.07626806 0.00558483 -0.03600000
v -0.07172048 0.00983465 -0.03600000
v -0.07357322 0.01056446 -0.03600000
v -0.06765000 0.01325019 -0.03600000
v -0.06940751 0.01439926 -0.03600000
v -0.06265682 0.01506756 -0.03600000
v -0.06422235 0.01667368 -0.03600000
v -0.05734318 0.01506756 -0.03600000
v -0.05857963 0.01714125 -0.03600000
v -0.05235000 0.01325019 -0.03600000
v -0.05309084 0.01575130 -0.03600000
v -0.04827952 0.00983465 -0.03600000
v -0.04835075 0.01265445 -0.03600000
v -0.04562270 0.00523291 -0.03600000
v -0.07655181 -0.00568224 -0.03570000
v -0.07380996 -0.01074872 -0.03570000
v -0.06957159 -0.01465041 -0.03570000
v -0.06429600 -0.01696450 -0.03570000
v -0.05855486 -0.01744023 -0.03570000
v -0.05297033 -0.01602603 -0.03570000
v -0.04814757 -0.01287517 -0.03570000
v -0.04460921 -0.00832908 -0.03570000
v -0.04273868 -0.00288041 -0.03570000
v -0.04273868 0.00288041 -0.03570000
v -0.04460921 0.00832908 -0.03570000
v -0.04814757 0.01287517 -0.03570000
v -0.05297033 0.01602603 -0.03570000
v -0.05855486 0.01744023 -0.03570000
v -0.06429600 0.01696450 -0.03570000
v -0.06957159 0.01465041 -0.03570000
v -0.07380996 0.01074872 -0.03570000
v -0.07655181 0.00568224 -0.03570000
v -0.07750000 -0.00000000 -0.03570000
v -0.07500000 -0.00000000 -0.03570000
v -0.07500000 -0.00000000 -0.03300000
v -0.07409539 -0.00513030 -0.03570000
v -0.07409539 -0.00513030 -0.03300000
v -0.07149067 -0.00964181 -0.03570000
v -0.07149067 -0.00964181 -0.03300000
v -0.06750000 -0.01299038 -0.03570000
v -0.06750000 -0.01299038 -0.03300000
v -0.06260473 -0.01477212 -0.03570000
v -0.06260473 -0.01477212 -0.03300000
v -0.05739527 -0.01477212 -0.03570000
v -0.05739527 -0.01477212 -0.03300000
v -0.05250000 -0.01299038 -0.03570000
v -0.05250000 -0.01299038 -0.03300000
v -0.04850933 -0.00964181 -0.03570000
v -0.04850933 -0.00964181 -0.03300000
v -0.04590461 -0.00513030 -0.03570000
v -0.04590461 -0.00513030 -0.03300000
v -0.04500000 -0.00000000 -0.03570000
v -0.04500000 -0.00000000 -0.03300000
v -0.04590461 0.00513030 -0.03570000
v -0.04590461 0.00513030 -0.03300000
v -0.04850933 0.00964181 -0.03570000
v -0.04850933 0.00964181 -0.03300000
v -0.05250000 0.01299038 -0.03570000
v -0.05250000 0.01299038 -0.03300000
v -0.05739527 0.01477212 -0.03570000
v -0.05739527 0.01477212 -0.03300000
v -0.06260473 0.01477212 -0.03570000
v -0.06260473 0.01477212 -0.03300000
v -0.06750000 0.01299038 -0.03570000
v -0.06750000 0.01299038 -0.03300000
v -0.07149067 0.00964181 -0.03570000
v -0.07149067 0.00964181 -0.03300000
v -0.07409539 0.00513030 -0.03570000
v -0.07409539 0.00513030 -0.03300000
v -0.06000000 -0.00000000 -0.03300000
v 0.08857503 -0.02883862 -0.02318759
v -0.02700000 0.01850000 -0.02525108
v -0.02808253 0.01787500 -0.02450000
v -0.02762500 0.01741747 -0.02450000
v -0.02825000 0.01850000 -0.02450000
v -0.02637500 0.01741747 -0.02450000
v -0.02591747 0.01787500 -0.02450000
v -0.02700000 0.01725000 -0.02450000
v -0.02591747 0.01912500 -0.02450000
v -0.02637500 0.01958253 -0.02450000
v -0.02575000 0.01850000 -0.02450000
v -0.02762500 0.01958253 -0.02450000
v -0.02808253 0.01912500 -0.02450000
v -0.02700000 0.01975000 -0.02450000
v 0.02700000 -0.01850000 -0.02525108
v 0.02591747 -0.01912500 -0.02450000
v 0.02637500 -0.01958253 -0.02450000
v 0.02575000 -0.01850000 -0.02450000
v 0.02762500 -0.01958253 -0.02450000
v 0.02808253 -0.01912500 -0.02450000
v 0.02700000 -0.01975000 -0.02450000
v 0.02808253 -0.01787500 -0.02450000
v 0.02762500 -0.01741747 -0.02450000
v 0.02825000 -0.01850000 -0.02450000
v 0.02637500 -0.01741747 -0.02450000
v 0.02591747 -0.01787500 -0.02450000
v 0.02700000 -0.01725000 -0.02450000
v 0.02700000 0.01850000 -0.02525108
v 0.02591747 0.01787500 -0.02450000
v 0.02637500 0.01741747 -0.02450000
v 0.02575000 0.01850000 -0.02450000
v 0.02762500 0.01741747 -0.02450000
v 0.02808253 0.01787500 -0.02450000
v 0.02700000 0.01725000 -0.02450000
v 0.02808253 0.01912500 -0.02450000
v 0.02762500 0.01958253 -0.02450000
v 0.02825000 0.01850000 -0.02450000
v 0.02637500 0.01958253 -0.02450000
v 0.02591747 0.01912500 -0.02450000
v 0.02700000 0.01975000 -0.02450000
v -0.02700000 -0.01850000 -0.02525108
v -0.02808253 -0.01912500 -0.02450000
v -0.02762500 -0.01958253 -0.02450000
v -0.02825000 -0.01850000 -0.02450000
v -0.02637500 -0.01958253 -0.02450000
v -0.02591747 -0.01912500 -0.02450000
v -0.02700000 -0.01975000 -0.02450000
v -0.02591747 -0.01787500 -0.02450000
v -0.02637500 -0.01741747 -0.02450000
v -0.02575000 -0.01850000 -0.02450000
v -0.02762500 -0.01741747 -0.02450000
v -0.02808253 -0.01787500 -0.02450000
v -0.02700000 -0.01725000 -0.02450000
f 1 2 3
f 3 2 4
f 3 4 5
f 6 7 8
f 8 7 9
f 10 11 12
f 13 14 15
f 16 17 18
f 18 17 19
f 18 19 20
f 20 19 21
f 20 21 22
f 15 14 23
f 23 14 24
f 23 24 25
f 25 24 26
f 25 26 27
f 27 26 28
f 27 28 29
f 30 31 32
f 32 31 33
f 32 33 34
f 35 36 37
f 21 38 22
f 22 38 39
f 22 39 40
f 40 39 41
f 40 41 42
f 42 41 43
f 42 43 44
f 44 43 45
f 44 45 46
f 46 45 47
f 46 47 33
f 33 47 48
f 33 48 34
f 15 49 13
f 13 49 50
f 13 50 16
f 16 50 51
f 16 51 17
f 29 28 52
f 52 28 53
f 52 53 54
f 54 53 55
f 54 55 36
f 36 55 56
f 36 56 37
f 10 12 37
f 37 12 57
f 37 57 35
f 58 59 60
f 60 59 61
f 62 63 64
f 64 63 65
f 64 65 66
f 67 68 69
f 69 68 70
f 71 72 73
f 73 72 74
f 75 76 77
f 78 79 80
f 81 82 83
f 83 82 84
f 83 84 85
f 85 84 80
f 76 86 77
f 77 86 87
f 77 87 88
f 89 90 91
f 92 93 94
f 78 80 95
f 96 97 98
f 98 97 75
f 98 75 83
f 83 75 77
f 83 77 81
f 89 91 87
f 87 91 99
f 87 99 88
f 100 92 84
f 84 92 94
f 84 94 80
f 80 94 101
f 80 101 95
f 102 103 104
f 98 105 96
f 96 105 102
f 96 102 106
f 106 102 104
f 107 108 109
f 109 108 110
f 111 112 113
f 113 112 114
f 115 116 117
f 117 116 118
f 119 120 121
f 121 120 122
f 123 124 125
f 125 124 126
f 127 128 129
f 129 128 130
f 129 130 124
f 124 130 131
f 124 131 126
f 132 133 123
f 123 133 134
f 123 134 124
f 135 136 123
f 123 136 137
f 138 139 132
f 132 139 140
f 132 140 141
f 137 142 123
f 123 142 143
f 123 143 132
f 132 143 144
f 132 144 138
f 145 146 147
f 148 149 150
f 150 149 151
f 150 151 152
f 153 154 155
f 155 154 156
f 155 156 151
f 151 156 157
f 151 157 152
f 158 159 160
f 145 147 159
f 159 147 161
f 159 161 160
f 160 162 158
f 158 162 163
f 158 163 164
f 164 163 165
f 164 165 166
f 166 165 167
f 166 167 168
f 168 167 169
f 168 169 170
f 170 169 171
f 170 171 172
f 172 171 173
f 172 173 174
f 174 173 175
f 174 175 176
f 176 175 177
f 176 177 178
f 178 177 179
f 178 179 180
f 180 179 181
f 180 181 182
f 182 181 183
f 182 183 184
f 184 183 185
f 184 185 186
f 186 185 187
f 186 187 188
f 188 187 189
f 188 189 153
f 153 189 190
f 153 190 154
f 191 192 193
f 193 192 194
f 193 194 195
f 195 194 196
f 195 196 197
f 197 196 198
f 197 198 199
f 199 198 200
f 199 200 201
f 201 200 202
f 201 202 203
f 203 202 204
f 203 204 205
f 205 204 206
f 205 206 207
f 207 206 208
f 209 210 208
f 208 210 207
f 211 212 209
f 209 212 210
f 213 214 212
f 212 211 213
f 213 211 215
f 215 216 213
f 213 216 217
f 213 217 218
f 218 217 219
f 218 219 220
f 221 214 222
f 222 214 213
f 221 222 223
f 223 222 224
f 225 223 226
f 226 223 224
f 227 228 229
f 229 228 230
f 229 230 226
f 226 230 231
f 226 231 232
f 233 225 234
f 234 225 226
f 234 226 232
f 235 236 234
f 234 236 233
f 237 238 235
f 235 238 236
f 238 237 239
f 239 237 240
f 239 240 241
f 241 240 242
f 241 242 243
f 243 242 244
f 243 244 245
f 245 244 246
f 245 246 247
f 247 246 248
f 247 248 249
f 249 248 250
f 249 250 251
f 251 250 252
f 251 252 253
f 253 252 254
f 255 256 254
f 254 256 253
f 256 255 257
f 257 255 258
f 257 258 259
f 259 258 260
f 259 260 261
f 261 260 262
f 261 262 263
f 263 262 264
f 263 264 265
f 265 264 266
f 265 266 267
f 267 266 268
f 267 268 269
f 269 268 270
f 269 270 271
f 271 270 272
f 273 274 272
f 272 274 271
f 275 276 273
f 273 276 274
f 277 278 279
f 280 276 281
f 281 276 275
f 277 279 282
f 282 279 281
f 282 281 283
f 281 275 284
f 281 284 283
f 285 280 286
f 286 280 281
f 285 286 287
f 287 286 288
f 289 287 290
f 290 287 288
f 291 289 292
f 292 289 290
f 292 290 293
f 294 295 296
f 296 295 297
f 296 297 290
f 290 297 298
f 290 298 293
f 299 300 292
f 292 300 291
f 300 299 301
f 301 299 302
f 301 302 303
f 303 302 304
f 303 304 305
f 305 304 306
f 305 306 307
f 307 306 308
f 307 308 309
f 309 308 310
f 309 310 311
f 311 310 312
f 311 312 313
f 313 312 314
f 313 314 315
f 315 314 316
f 315 316 317
f 317 316 318
f 192 191 318
f 318 191 317
f 319 228 227
f 320 321 322
f 322 323 320
f 320 323 324
f 320 324 325
f 325 324 319
f 325 319 326
f 326 319 227
f 327 328 329
f 328 330 329
f 329 330 278
f 329 278 277
f 329 331 327
f 327 331 332
f 327 332 333
f 332 334 333
f 333 334 335
f 333 335 336
f 336 335 337
f 336 337 338
f 339 340 341
f 341 340 342
f 341 342 321
f 321 342 343
f 321 343 322
f 337 344 338
f 338 344 345
f 338 345 346
f 346 345 347
f 346 347 348
f 348 347 349
f 348 349 339
f 339 349 350
f 339 350 340
f 351 352 296
f 296 352 294
f 351 353 352
f 352 353 354
f 355 356 357
f 357 356 358
f 357 358 359
f 359 358 360
f 359 360 361
f 361 360 362
f 361 362 363
f 363 362 364
f 363 364 353
f 353 364 354
f 355 365 356
f 356 365 366
f 367 368 369
f 369 368 370
f 369 370 371
f 371 370 372
f 371 372 373
f 373 372 374
f 373 374 375
f 375 374 376
f 375 376 365
f 365 376 366
f 367 377 368
f 368 377 378
f 218 220 377
f 377 220 378
f 379 326 229
f 229 326 227
f 379 380 326
f 326 380 325
f 381 348 382
f 382 348 339
f 382 339 383
f 383 339 341
f 383 341 384
f 384 341 321
f 384 321 385
f 385 321 320
f 385 320 380
f 380 320 325
f 381 386 348
f 348 386 346
f 387 328 388
f 388 328 327
f 388 327 389
f 389 327 333
f 389 333 390
f 390 333 336
f 390 336 391
f 391 336 338
f 391 338 386
f 386 338 346
f 387 392 328
f 328 392 330
f 279 278 392
f 392 278 330
f 365 393 394
f 395 381 396
f 396 381 397
f 393 365 398
f 398 365 355
f 398 355 399
f 395 400 381
f 381 400 401
f 381 401 386
f 386 401 402
f 386 402 403
f 281 404 405
f 406 407 375
f 375 407 408
f 375 408 409
f 410 384 411
f 411 384 385
f 411 385 412
f 397 381 413
f 413 381 382
f 413 382 410
f 410 382 383
f 410 383 384
f 394 414 365
f 365 414 415
f 365 415 375
f 375 415 416
f 375 416 406
f 367 369 371
f 385 380 412
f 412 380 379
f 412 379 417
f 417 379 229
f 417 229 418
f 419 420 421
f 421 420 422
f 421 422 423
f 423 424 421
f 421 424 425
f 421 425 426
f 421 427 419
f 419 427 375
f 419 375 428
f 428 375 409
f 371 373 367
f 367 373 375
f 367 375 377
f 429 226 430
f 430 226 224
f 430 224 431
f 431 224 222
f 431 222 427
f 427 222 213
f 427 213 375
f 375 213 218
f 375 218 377
f 403 432 386
f 386 432 433
f 386 433 391
f 391 433 434
f 391 434 390
f 390 434 435
f 390 435 389
f 389 435 436
f 389 436 388
f 388 436 387
f 387 436 437
f 387 437 392
f 392 437 438
f 392 438 279
f 281 405 286
f 439 440 441
f 440 442 441
f 441 442 443
f 441 443 444
f 429 445 226
f 226 445 446
f 226 446 229
f 229 446 447
f 229 447 418
f 438 448 279
f 279 448 449
f 279 449 281
f 281 449 450
f 281 450 404
f 351 296 357
f 357 296 290
f 357 290 441
f 441 290 288
f 441 288 451
f 451 288 286
f 451 286 452
f 452 286 405
f 426 453 421
f 421 453 454
f 421 454 441
f 441 454 455
f 441 455 439
f 456 457 357
f 357 457 458
f 361 363 353
f 444 459 441
f 441 459 460
f 441 460 357
f 357 460 461
f 357 461 456
f 351 357 353
f 353 357 359
f 353 359 361
f 458 462 357
f 357 462 463
f 357 463 355
f 355 463 464
f 355 464 399
f 370 368 465
f 465 466 370
f 370 466 467
f 370 467 372
f 467 468 372
f 372 468 469
f 372 469 374
f 374 469 470
f 374 470 376
f 368 378 465
f 465 378 220
f 465 220 219
f 470 471 376
f 376 471 472
f 376 472 366
f 366 472 473
f 366 473 356
f 356 473 474
f 356 474 358
f 474 475 358
f 358 475 476
f 358 476 360
f 360 476 477
f 360 477 362
f 478 295 294
f 477 479 362
f 362 479 480
f 362 480 364
f 480 481 364
f 364 481 482
f 364 482 354
f 354 482 478
f 354 478 352
f 352 478 294
f 483 484 485
f 485 484 486
f 485 486 487
f 487 486 488
f 487 488 489
f 490 491 492
f 493 490 494
f 494 490 492
f 494 492 495
f 495 492 496
f 495 496 497
f 493 494 498
f 498 494 499
f 498 499 485
f 485 499 500
f 485 500 483
f 501 502 503
f 503 502 504
f 502 501 505
f 505 501 506
f 507 508 509
f 509 508 510
f 509 510 506
f 506 510 505
f 508 507 511
f 512 513 514
f 508 511 514
f 514 511 515
f 514 515 512
f 516 517 518
f 518 517 514
f 518 514 519
f 519 514 513
f 520 503 504
f 521 522 523
f 523 522 524
f 523 524 504
f 504 524 525
f 504 525 520
f 526 527 523
f 523 527 528
f 523 528 521
f 529 530 531
f 531 530 532
f 531 532 533
f 533 532 534
f 530 529 535
f 535 529 536
f 537 538 536
f 536 538 535
f 539 540 541
f 540 542 541
f 541 542 543
f 541 543 534
f 534 543 544
f 534 544 533
f 545 546 541
f 541 546 547
f 541 547 539
f 537 548 538
f 538 548 549
f 538 549 550
f 550 549 551
f 550 551 552
f 553 554 555
f 555 554 550
f 555 550 556
f 556 550 552
f 526 523 557
f 557 523 558
f 557 558 111
f 111 558 112
f 514 517 559
f 514 559 560
f 560 559 73
f 560 73 74
f 550 554 561
f 561 554 562
f 561 562 67
f 67 562 68
f 545 541 563
f 545 563 564
f 564 563 121
f 564 121 122
f 565 553 555
f 566 565 567
f 568 566 569
f 565 555 567
f 567 555 556
f 567 556 570
f 570 556 552
f 570 552 571
f 571 552 551
f 571 551 572
f 572 551 549
f 572 549 573
f 573 549 548
f 573 548 574
f 566 567 569
f 569 567 570
f 569 570 575
f 575 570 571
f 575 571 576
f 576 571 572
f 576 572 577
f 577 572 573
f 577 573 578
f 578 573 574
f 578 574 579
f 568 569 580
f 580 569 575
f 580 575 581
f 581 575 576
f 581 576 582
f 582 576 577
f 582 577 583
f 583 577 578
f 583 578 584
f 584 578 579
f 584 579 497
f 548 537 585
f 548 585 574
f 574 585 586
f 574 586 579
f 579 586 495
f 579 495 497
f 584 497 496
f 496 587 584
f 584 587 588
f 584 588 583
f 583 588 582
f 590 589 591
f 587 592 588
f 588 592 593
f 588 593 582
f 582 593 594
f 582 594 581
f 581 594 580
f 592 595 593
f 593 595 596
f 593 596 594
f 594 596 597
f 594 597 580
f 580 597 590
f 580 590 568
f 568 590 591
f 494 495 598
f 598 495 586
f 598 586 599
f 599 586 585
f 599 585 536
f 536 585 537
f 496 492 587
f 587 492 600
f 587 600 592
f 592 600 601
f 592 601 595
f 595 601 602
f 536 529 603
f 536 603 599
f 599 603 604
f 599 604 598
f 598 604 499
f 598 499 494
f 605 606 607
f 609 608 606
f 609 606 610
f 610 606 605
f 492 491 600
f 600 491 611
f 600 611 612
f 612 611 613
f 612 613 614
f 601 600 615
f 615 600 612
f 615 612 616
f 616 612 614
f 616 614 617
f 617 605 616
f 616 605 607
f 616 607 615
f 615 607 618
f 615 618 601
f 601 618 602
f 483 500 619
f 619 500 620
f 619 620 621
f 621 620 622
f 621 622 533
f 533 622 531
f 500 499 620
f 620 499 604
f 620 604 622
f 622 604 603
f 622 603 531
f 531 603 529
f 623 610 605
f 624 623 625
f 527 624 626
f 623 605 625
f 625 605 617
f 625 617 627
f 627 617 614
f 627 614 628
f 628 614 613
f 628 613 629
f 629 613 611
f 629 611 630
f 630 611 491
f 630 491 631
f 624 625 626
f 626 625 627
f 626 627 632
f 632 627 628
f 632 628 633
f 633 628 629
f 633 629 634
f 634 629 630
f 634 630 635
f 635 630 631
f 635 631 636
f 527 626 528
f 528 626 632
f 528 632 521
f 521 632 633
f 521 633 522
f 522 633 634
f 522 634 524
f 524 634 635
f 524 635 525
f 525 635 636
f 525 636 520
f 533 544 637
f 533 637 621
f 621 637 638
f 621 638 619
f 619 638 484
f 619 484 483
f 503 520 636
f 503 636 639
f 639 636 631
f 639 631 640
f 640 631 491
f 640 491 490
f 641 642 643
f 546 644 645
f 644 641 646
f 646 641 643
f 646 643 647
f 647 643 648
f 648 649 647
f 647 649 650
f 647 650 651
f 651 650 652
f 651 652 653
f 653 652 654
f 653 654 655
f 655 654 484
f 655 484 638
f 644 646 645
f 645 646 647
f 645 647 656
f 656 647 651
f 656 651 657
f 657 651 653
f 657 653 658
f 658 653 655
f 658 655 659
f 659 655 638
f 659 638 637
f 546 645 547
f 547 645 656
f 547 656 539
f 539 656 657
f 539 657 540
f 540 657 658
f 540 658 542
f 542 658 659
f 542 659 543
f 543 659 637
f 543 637 544
f 490 493 640
f 640 493 660
f 640 660 639
f 639 660 661
f 639 661 503
f 503 661 501
f 662 663 642
f 664 648 663
f 663 648 643
f 663 643 642
f 649 665 650
f 650 665 666
f 652 667 654
f 654 667 668
f 654 668 484
f 484 668 486
f 652 650 667
f 667 650 666
f 667 666 668
f 668 666 669
f 649 648 665
f 665 648 664
f 665 664 666
f 666 664 670
f 666 670 669
f 669 670 671
f 506 501 661
f 506 661 672
f 672 661 660
f 672 660 673
f 673 660 493
f 673 493 498
f 488 486 674
f 674 486 668
f 674 668 675
f 675 668 669
f 675 669 676
f 676 669 671
f 498 485 673
f 673 485 677
f 673 677 672
f 672 677 678
f 672 678 506
f 506 678 509
f 485 487 677
f 677 487 679
f 677 679 678
f 678 679 680
f 678 680 509
f 509 680 507
f 681 682 683
f 684 685 686
f 489 488 687
f 687 488 674
f 687 674 688
f 688 674 689
f 688 689 690
f 685 684 691
f 683 682 692
f 683 693 694
f 683 694 681
f 674 675 689
f 689 675 691
f 689 691 690
f 690 691 684
f 675 676 691
f 691 676 695
f 691 695 685
f 685 695 692
f 685 692 686
f 686 692 682
f 511 507 680
f 511 680 696
f 696 680 679
f 696 679 697
f 697 679 487
f 697 487 489
f 698 516 518
f 699 698 700
f 682 681 701
f 701 681 699
f 698 518 700
f 700 518 519
f 700 519 702
f 702 519 513
f 702 513 703
f 703 513 512
f 703 512 704
f 704 512 515
f 704 515 705
f 705 515 511
f 705 511 696
f 699 700 701
f 701 700 702
f 701 702 706
f 706 702 703
f 706 703 707
f 707 703 704
f 707 704 708
f 708 704 705
f 708 705 709
f 709 705 696
f 709 696 697
f 682 701 686
f 686 701 706
f 686 706 684
f 684 706 707
f 684 707 690
f 690 707 708
f 690 708 688
f 688 708 709
f 688 709 687
f 687 709 697
f 687 697 489
f 109 110 710
f 710 110 711
f 710 711 712
f 712 711 713
f 712 713 714
f 714 713 715
f 714 715 716
f 716 715 717
f 716 717 718
f 718 717 719
f 718 719 720
f 720 719 721
f 720 721 722
f 722 721 723
f 722 723 724
f 724 723 725
f 724 725 726
f 726 725 727
f 726 727 728
f 728 727 729
f 728 729 730
f 730 729 731
f 730 731 71
f 71 731 72
f 120 119 732
f 732 119 733
f 732 733 734
f 734 733 735
f 734 735 736
f 736 735 737
f 736 737 738
f 738 737 739
f 738 739 740
f 740 739 741
f 740 741 742
f 742 741 743
f 742 743 744
f 744 743 745
f 744 745 746
f 746 745 747
f 746 747 748
f 748 747 749
f 748 749 750
f 750 749 751
f 750 751 752
f 752 751 753
f 752 753 107
f 107 753 108
f 754 755 756
f 113 114 757
f 757 114 758
f 759 760 758
f 758 760 761
f 758 761 757
f 762 763 759
f 759 763 764
f 759 764 760
f 765 766 762
f 762 766 767
f 762 767 763
f 756 768 754
f 754 768 769
f 754 769 765
f 765 769 770
f 765 770 766
f 771 772 773
f 773 772 774
f 773 774 755
f 755 774 775
f 755 775 756
f 776 116 115
f 115 777 776
f 776 777 778
f 776 778 779
f 779 778 780
f 779 780 781
f 781 780 782
f 781 782 771
f 771 782 783
f 771 783 772
f 117 118 784
f 784 118 785
f 784 785 786
f 786 785 787
f 787 785 788
f 787 788 789
f 789 788 790
f 789 790 791
f 791 790 792
f 791 792 793
f 794 795 796
f 794 796 797
f 797 796 798
f 797 798 792
f 792 798 793
f 795 794 799
f 799 794 800
f 799 800 801
f 801 800 802
f 801 802 803
f 803 802 804
f 804 802 805
f 804 805 806
f 806 805 807
f 807 805 808
f 807 808 809
f 809 808 810
f 810 808 811
f 810 811 812
f 812 811 813
f 813 811 69
f 813 69 70
f 814 815 816
f 816 815 817
f 816 817 818
f 819 820 818
f 818 820 821
f 818 821 816
f 822 823 824
f 824 823 825
f 824 825 826
f 826 825 827
f 826 827 828
f 814 816 829
f 829 816 821
f 829 821 828
f 828 821 830
f 828 830 826
f 824 831 822
f 822 831 832
f 822 832 833
f 833 832 834
f 833 834 835
f 836 837 834
f 834 837 838
f 834 838 835
f 839 840 128
f 839 128 841
f 841 128 842
f 842 128 127
f 842 127 843
f 836 844 837
f 837 844 845
f 837 845 840
f 840 845 846
f 840 846 847
f 847 848 840
f 840 848 849
f 840 849 128
f 128 849 850
f 693 851 852
f 699 853 698
f 698 853 516
f 693 852 854
f 693 854 853
f 693 853 694
f 694 853 699
f 694 699 681
f 855 856 84
f 84 856 100
f 857 858 859
f 859 858 860
f 859 860 855
f 855 860 861
f 855 861 856
f 862 863 857
f 857 863 864
f 857 864 858
f 516 853 517
f 517 853 854
f 854 852 517
f 517 852 851
f 517 851 865
f 865 851 866
f 865 866 862
f 862 866 867
f 862 867 863
f 868 864 869
f 869 864 863
f 869 863 870
f 870 863 867
f 870 867 871
f 871 867 866
f 871 866 872
f 872 866 851
f 872 851 693
f 861 860 868
f 868 860 858
f 868 858 864
f 868 873 861
f 861 873 874
f 861 874 856
f 856 874 100
f 875 559 517
f 73 559 876
f 876 559 875
f 876 875 877
f 877 875 878
f 517 865 875
f 875 865 862
f 875 862 878
f 879 880 878
f 878 880 881
f 878 881 877
f 82 81 879
f 879 81 882
f 879 882 880
f 862 857 878
f 878 857 859
f 878 859 879
f 879 859 855
f 879 855 82
f 82 855 84
f 692 695 883
f 693 683 872
f 872 683 884
f 872 884 871
f 871 884 870
f 870 884 885
f 870 885 869
f 869 885 868
f 868 885 886
f 868 886 873
f 92 100 886
f 886 100 874
f 886 874 873
f 94 93 887
f 887 93 888
f 887 888 889
f 889 888 890
f 883 891 890
f 890 891 892
f 890 892 889
f 695 676 883
f 883 676 893
f 883 893 891
f 683 692 884
f 884 692 883
f 884 883 885
f 885 883 890
f 885 890 886
f 886 890 888
f 886 888 92
f 92 888 93
f 71 73 894
f 894 73 876
f 894 876 895
f 895 876 877
f 895 877 896
f 896 877 881
f 896 881 897
f 897 881 880
f 897 880 898
f 898 880 882
f 898 882 77
f 77 882 81
f 676 671 893
f 893 671 899
f 893 899 891
f 891 899 900
f 891 900 892
f 892 900 901
f 892 901 889
f 889 901 902
f 889 902 887
f 887 902 903
f 887 903 94
f 94 903 101
f 904 905 906
f 907 730 71
f 716 908 714
f 714 908 909
f 714 909 712
f 712 909 906
f 712 906 710
f 710 906 905
f 710 905 109
f 716 718 908
f 908 718 720
f 908 720 910
f 910 720 722
f 910 722 911
f 911 722 724
f 911 724 912
f 912 724 726
f 912 726 907
f 907 726 728
f 907 728 730
f 913 914 915
f 915 914 904
f 904 906 915
f 915 906 909
f 915 909 916
f 916 909 908
f 916 908 917
f 917 908 910
f 917 910 918
f 918 910 911
f 918 911 919
f 919 911 912
f 919 912 920
f 920 912 907
f 920 907 921
f 76 922 923
f 923 922 913
f 71 894 907
f 907 894 895
f 907 895 921
f 921 895 896
f 921 896 897
f 913 915 923
f 923 915 916
f 923 916 924
f 924 916 917
f 924 917 925
f 925 917 918
f 925 918 926
f 926 918 919
f 926 919 927
f 927 919 920
f 927 920 928
f 928 920 921
f 928 921 929
f 929 921 897
f 929 897 898
f 76 923 86
f 86 923 924
f 86 924 87
f 87 924 925
f 87 925 89
f 89 925 926
f 89 926 90
f 90 926 927
f 90 927 91
f 91 927 928
f 91 928 99
f 99 928 929
f 99 929 88
f 88 929 898
f 88 898 77
f 930 95 101
f 931 932 78
f 78 932 79
f 933 934 931
f 931 934 935
f 931 935 932
f 936 937 938
f 938 937 939
f 938 939 933
f 933 939 940
f 933 940 934
f 101 903 930
f 930 903 902
f 930 902 941
f 899 942 900
f 900 942 941
f 900 941 901
f 901 941 902
f 662 936 663
f 663 936 938
f 663 938 664
f 664 938 670
f 78 95 931
f 931 95 930
f 931 930 933
f 933 930 941
f 933 941 938
f 938 941 942
f 938 942 670
f 670 942 899
f 670 899 671
f 107 109 943
f 943 109 905
f 943 905 944
f 944 905 904
f 944 904 945
f 945 904 914
f 945 914 946
f 946 914 913
f 946 913 947
f 947 913 922
f 947 922 75
f 75 922 76
f 642 948 662
f 662 948 949
f 662 949 950
f 662 950 951
f 642 641 948
f 948 641 644
f 948 644 546
f 662 951 952
f 662 952 936
f 936 952 953
f 936 953 937
f 937 953 954
f 937 954 939
f 939 954 955
f 939 955 940
f 940 955 956
f 940 956 934
f 934 956 957
f 934 957 935
f 957 958 935
f 935 958 959
f 935 959 932
f 932 959 79
f 960 961 962
f 963 752 107
f 738 964 736
f 736 964 965
f 736 965 734
f 734 965 962
f 734 962 732
f 732 962 961
f 732 961 120
f 738 740 964
f 964 740 742
f 964 742 966
f 966 742 744
f 966 744 967
f 967 744 746
f 967 746 968
f 968 746 748
f 968 748 963
f 963 748 750
f 963 750 752
f 969 970 971
f 971 970 960
f 960 962 971
f 971 962 965
f 971 965 972
f 972 965 964
f 972 964 973
f 973 964 966
f 973 966 974
f 974 966 967
f 974 967 975
f 975 967 968
f 975 968 976
f 976 968 963
f 976 963 977
f 98 978 979
f 979 978 969
f 107 943 963
f 963 943 944
f 963 944 977
f 977 944 945
f 977 945 946
f 969 971 979
f 979 971 972
f 979 972 980
f 980 972 973
f 980 973 981
f 981 973 974
f 981 974 982
f 982 974 975
f 982 975 983
f 983 975 976
f 983 976 984
f 984 976 977
f 984 977 985
f 985 977 946
f 985 946 947
f 98 979 105
f 105 979 980
f 105 980 102
f 102 980 981
f 102 981 103
f 103 981 982
f 103 982 104
f 104 982 983
f 104 983 106
f 106 983 984
f 106 984 96
f 96 984 985
f 96 985 97
f 97 985 947
f 97 947 75
f 950 949 545
f 545 949 948
f 545 948 546
f 986 954 987
f 987 954 953
f 987 953 988
f 988 953 952
f 988 952 545
f 545 952 951
f 545 951 950
f 989 956 986
f 986 956 955
f 986 955 954
f 80 79 959
f 80 959 990
f 990 959 958
f 990 958 989
f 989 958 957
f 989 957 956
f 122 120 991
f 991 120 961
f 991 961 992
f 992 961 960
f 992 960 993
f 993 960 970
f 993 970 994
f 994 970 969
f 994 969 995
f 995 969 978
f 995 978 83
f 83 978 98
f 996 564 122
f 545 564 988
f 988 564 996
f 988 996 987
f 987 996 997
f 122 991 996
f 996 991 992
f 996 992 997
f 998 989 997
f 997 989 986
f 997 986 987
f 85 80 998
f 998 80 990
f 998 990 989
f 992 993 997
f 997 993 994
f 997 994 998
f 998 994 995
f 998 995 85
f 85 995 83
f 610 999 609
f 609 999 1000
f 609 1000 608
f 608 1000 1001
f 608 1001 1002
f 610 623 999
f 999 623 624
f 999 624 527
f 608 1002 1003
f 608 1003 1004
f 1004 1003 1005
f 1004 1005 1006
f 1006 1005 1007
f 1006 1007 1008
f 1008 1007 1009
f 1008 1009 1010
f 1010 1009 1011
f 1010 1011 1012
f 1012 1011 1013
f 1012 1013 1014
f 1013 1015 1014
f 1014 1015 1016
f 1014 1016 1017
f 1017 1016 141
f 1001 1000 526
f 526 1000 999
f 526 999 527
f 1018 1007 1019
f 1019 1007 1005
f 1019 1005 1020
f 1020 1005 1003
f 1020 1003 526
f 526 1003 1002
f 526 1002 1001
f 1021 1011 1018
f 1018 1011 1009
f 1018 1009 1007
f 132 141 1022
f 141 1016 1022
f 1022 1016 1015
f 1022 1015 1021
f 1021 1015 1013
f 1021 1013 1011
f 1012 1014 1023
f 1023 1014 1017
f 1008 1010 1024
f 1024 1010 1012
f 1004 1006 1025
f 1025 1006 1008
f 606 608 1004
f 144 1026 138
f 138 1026 1027
f 138 1027 139
f 139 1027 1023
f 139 1023 140
f 140 1023 1017
f 140 1017 141
f 1012 1023 1024
f 1024 1023 1027
f 1024 1027 1028
f 1028 1027 1026
f 1028 1026 1029
f 144 1030 1026
f 1026 1030 1031
f 1026 1031 1029
f 1029 1031 1032
f 1029 1032 1033
f 1008 1024 1025
f 1025 1024 1028
f 1025 1028 1034
f 1034 1028 1029
f 1034 1029 1035
f 1035 1029 1033
f 1035 1033 1036
f 1004 1025 606
f 606 1025 1034
f 606 1034 607
f 607 1034 1035
f 607 1035 618
f 618 1035 1036
f 618 1036 602
f 1037 557 111
f 526 557 1020
f 1020 557 1037
f 1020 1037 1019
f 1019 1037 1038
f 111 1039 1037
f 1037 1039 1040
f 1037 1040 1038
f 1041 1021 1038
f 1038 1021 1018
f 1038 1018 1019
f 133 132 1041
f 1041 132 1022
f 1041 1022 1021
f 1040 1042 1038
f 1038 1042 1043
f 1038 1043 1041
f 1041 1043 1044
f 1041 1044 133
f 133 1044 134
f 595 602 1045
f 1045 602 1036
f 1045 1036 1046
f 1046 1036 1033
f 1046 1033 1047
f 1047 1033 1032
f 1047 1032 1048
f 1048 1032 1031
f 1048 1031 1049
f 1049 1031 1030
f 1049 1030 143
f 143 1030 144
f 111 113 1039
f 1039 113 1050
f 1039 1050 1040
f 1040 1050 1051
f 1040 1051 1042
f 1042 1051 1052
f 1042 1052 1043
f 1043 1052 1053
f 1043 1053 1044
f 1044 1053 1054
f 1044 1054 134
f 134 1054 124
f 589 590 1055
f 1055 590 1056
f 1055 1056 1057
f 1057 1056 1058
f 1058 1056 1059
f 1058 1059 1060
f 1060 1059 1061
f 1061 1059 1062
f 1061 1062 1063
f 136 135 1062
f 1062 135 1064
f 1062 1064 1063
f 143 142 1049
f 1049 142 1065
f 1049 1065 1048
f 1048 1065 1066
f 1067 1046 1066
f 1066 1046 1047
f 1066 1047 1048
f 596 595 1067
f 1067 595 1045
f 1067 1045 1046
f 142 137 1065
f 1065 137 1068
f 1065 1068 1066
f 1066 1068 1069
f 1066 1069 1067
f 1067 1069 1070
f 1067 1070 596
f 596 1070 597
f 137 136 1068
f 1068 136 1062
f 1068 1062 1069
f 1069 1062 1059
f 1069 1059 1070
f 1070 1059 1056
f 1070 1056 597
f 597 1056 590
f 843 127 129
f 843 129 1071
f 1072 1073 1071
f 1073 1072 1074
f 1074 1072 1075
f 1074 1075 1076
f 1077 1078 1079
f 1079 1078 1080
f 1079 1080 1075
f 1075 1080 1081
f 1075 1081 1076
f 757 761 1079
f 1079 761 1082
f 1079 1082 1077
f 113 757 1050
f 1050 757 1079
f 1050 1079 1051
f 1051 1079 1075
f 1051 1075 1052
f 1052 1075 1053
f 1053 1075 1072
f 1053 1072 1054
f 1071 129 1072
f 1072 129 124
f 1072 124 1054
f 1061 1083 1060
f 1060 1083 1084
f 1060 1084 1058
f 1058 1084 1085
f 1058 1085 1057
f 1057 1085 1086
f 1057 1086 1055
f 1055 1086 1087
f 1055 1087 589
f 1088 1089 1061
f 1061 1089 1090
f 1061 1090 1083
f 1061 1063 1088
f 1088 1063 1064
f 1088 1064 1091
f 1091 1064 135
f 589 1087 1092
f 566 1093 565
f 565 1093 553
f 589 1092 1094
f 589 1094 1093
f 589 1093 591
f 591 1093 566
f 591 566 568
f 1095 1096 1097
f 756 775 1098
f 770 769 1099
f 761 760 1082
f 1081 1080 1100
f 1100 1080 1078
f 1100 1078 1077
f 1073 1074 1101
f 1101 1074 1076
f 1101 1076 1081
f 842 843 1071
f 1077 1082 1100
f 1100 1082 760
f 1100 760 1102
f 1102 760 764
f 1081 1100 1101
f 1101 1100 1102
f 1101 1102 1103
f 1103 1102 1104
f 1103 1104 1105
f 1105 1104 1106
f 1105 1106 1107
f 1107 839 1105
f 1105 839 841
f 1105 841 1103
f 1103 841 842
f 1103 842 1101
f 1101 842 1071
f 1101 1071 1073
f 770 1099 766
f 838 837 1107
f 1107 837 840
f 1107 840 839
f 769 768 1099
f 1099 768 1108
f 1099 1108 1109
f 1109 1108 1110
f 768 756 1108
f 1108 756 1098
f 1108 1098 1110
f 1110 1098 1111
f 764 763 1102
f 1102 763 767
f 1102 767 1104
f 1104 767 766
f 1104 766 1106
f 1106 766 1099
f 1106 1099 1107
f 1107 1099 1109
f 1107 1109 838
f 838 1109 1110
f 838 1110 835
f 835 1110 1111
f 823 822 1111
f 1111 822 833
f 1111 833 835
f 1096 774 772
f 1096 772 1097
f 1097 772 783
f 1097 783 1112
f 1112 783 782
f 1112 782 1113
f 1113 782 780
f 1113 780 1114
f 1114 780 778
f 1114 778 1115
f 1115 778 777
f 1115 777 1116
f 777 115 1116
f 1116 115 1117
f 1116 1117 1118
f 1095 1097 1119
f 1119 1097 1112
f 1119 1112 1120
f 1120 1112 1113
f 1120 1113 1121
f 1121 1113 1114
f 1121 1114 1122
f 1122 1114 1115
f 1122 1115 1123
f 1123 1115 1116
f 1123 1116 1124
f 1124 1116 1118
f 1124 1118 1125
f 775 774 1098
f 1098 774 1096
f 1098 1096 1111
f 1111 1096 1095
f 1111 1095 823
f 823 1095 1119
f 823 1119 825
f 825 1119 1120
f 825 1120 827
f 827 1120 1121
f 827 1121 828
f 828 1121 1122
f 828 1122 829
f 829 1122 1123
f 829 1123 814
f 814 1123 1124
f 814 1124 815
f 815 1124 1125
f 815 1125 817
f 553 1093 554
f 554 1093 1094
f 554 1094 1126
f 1126 1094 1092
f 1126 1092 1127
f 1127 1092 1087
f 1127 1087 1086
f 135 123 1128
f 135 1128 1091
f 1129 1090 1130
f 1130 1090 1089
f 1130 1089 1128
f 1128 1089 1088
f 1128 1088 1091
f 1086 1085 1127
f 1127 1085 1084
f 1127 1084 1129
f 1129 1084 1083
f 1129 1083 1090
f 818 817 1131
f 1131 817 1125
f 1131 1125 1132
f 1132 1125 1118
f 1132 1118 1133
f 1133 1118 1117
f 1133 1117 117
f 117 1117 115
f 1134 562 554
f 68 562 1135
f 1135 562 1134
f 1135 1134 1136
f 1136 1134 1137
f 554 1126 1134
f 1134 1126 1127
f 1134 1127 1137
f 1138 1139 1137
f 1137 1139 1140
f 1137 1140 1136
f 125 126 1138
f 1138 126 1141
f 1138 1141 1139
f 1127 1129 1137
f 1137 1129 1130
f 1137 1130 1138
f 1138 1130 1128
f 1138 1128 125
f 125 1128 123
f 1142 850 849
f 1142 849 1143
f 1144 1145 1146
f 1146 1145 1147
f 1146 1147 1143
f 1148 1149 1150
f 812 1151 1148
f 1151 1152 1148
f 1148 1152 1153
f 1148 1153 1149
f 810 812 1148
f 810 1148 809
f 809 1148 1154
f 809 1154 807
f 807 1154 1155
f 807 1155 806
f 806 1155 1156
f 806 1156 804
f 1143 849 1146
f 1146 849 848
f 1146 848 1157
f 1157 848 847
f 1157 847 1158
f 1158 847 846
f 1158 846 1159
f 1159 846 845
f 1159 845 1160
f 804 1156 803
f 803 1156 1161
f 803 1161 801
f 801 1161 1162
f 801 1162 799
f 845 844 1160
f 1160 844 836
f 1160 836 1163
f 1163 836 834
f 1163 834 1164
f 1164 834 832
f 1164 832 1165
f 799 1162 795
f 795 1162 1166
f 795 1166 796
f 796 1166 1167
f 796 1167 798
f 798 1167 1168
f 798 1168 793
f 832 831 1165
f 1165 831 824
f 1165 824 1169
f 1169 824 826
f 1169 826 1170
f 1170 826 830
f 1170 830 1171
f 1171 830 821
f 1171 821 1172
f 1172 821 820
f 1172 820 1173
f 1173 820 819
f 1173 819 1174
f 819 818 1174
f 1174 818 1131
f 1174 1131 1132
f 1150 1146 1148
f 1148 1146 1157
f 1148 1157 1154
f 1154 1157 1158
f 1154 1158 1155
f 1155 1158 1159
f 1155 1159 1156
f 1156 1159 1160
f 1156 1160 1161
f 1161 1160 1163
f 1161 1163 1162
f 1162 1163 1164
f 1162 1164 1166
f 1166 1164 1165
f 1166 1165 1167
f 1167 1165 1169
f 1167 1169 1168
f 1168 1169 1170
f 1168 1170 1175
f 1175 1170 1171
f 1175 1171 1176
f 1176 1171 1172
f 1176 1172 1177
f 1177 1172 1173
f 1177 1173 1178
f 1178 1173 1174
f 1178 1174 1179
f 1179 1174 1132
f 1179 1132 1133
f 793 1168 1175
f 793 1175 791
f 791 1175 1176
f 791 1176 789
f 789 1176 1177
f 789 1177 787
f 787 1177 1178
f 787 1178 786
f 786 1178 1179
f 786 1179 784
f 784 1179 1133
f 784 1133 117
f 70 68 1180
f 1180 68 1135
f 1180 1135 1181
f 1181 1135 1136
f 1181 1136 1182
f 1182 1136 1140
f 1182 1140 1183
f 1183 1140 1139
f 1183 1139 1184
f 1184 1139 1141
f 1184 1141 131
f 131 1141 126
f 128 850 130
f 130 850 1142
f 130 1142 1185
f 812 813 1151
f 1149 1153 1186
f 1186 1153 1152
f 1186 1152 1151
f 1142 1143 1185
f 1185 1143 1147
f 1185 1147 1187
f 1187 1147 1145
f 1187 1145 1150
f 1151 813 1186
f 1186 813 70
f 1186 70 1180
f 1180 1181 1186
f 1186 1181 1187
f 1186 1187 1149
f 1149 1187 1150
f 1181 1182 1187
f 1187 1182 1183
f 1187 1183 1185
f 1185 1183 1184
f 1185 1184 130
f 130 1184 131
f 1188 1189 1190
f 1189 150 152
f 1189 152 1190
f 1190 152 157
f 1190 157 1191
f 1191 1192 1190
f 1190 1192 1193
f 1190 1193 1188
f 1194 1195 1193
f 1193 1195 1196
f 1193 1196 1188
f 563 541 1194
f 1194 541 1197
f 1194 1197 1195
f 1192 1198 1193
f 1193 1198 1199
f 1193 1199 1194
f 1194 1199 1200
f 1194 1200 563
f 563 1200 121
f 148 150 1189
f 541 534 1197
f 1197 534 1201
f 1197 1201 1195
f 1195 1201 1202
f 1195 1202 1196
f 1196 1202 1203
f 1196 1203 1188
f 1188 1203 1204
f 1188 1204 1189
f 1189 1204 1205
f 1189 1205 148
f 148 1205 66
f 119 121 1206
f 1206 121 1200
f 1206 1200 1207
f 1207 1200 1199
f 1207 1199 1208
f 1208 1199 1198
f 1208 1198 1209
f 1209 1198 1192
f 1209 1192 1210
f 1210 1192 1191
f 1210 1191 156
f 156 1191 157
f 530 1211 532
f 532 1211 1201
f 532 1201 534
f 1212 1204 1213
f 1213 1204 1203
f 1213 1203 1211
f 1211 1203 1202
f 1211 1202 1201
f 530 1214 1211
f 1211 1214 1215
f 1211 1215 1213
f 1213 1215 1216
f 1213 1216 1212
f 64 66 1212
f 1212 66 1205
f 1212 1205 1204
f 1216 1217 1212
f 1212 1217 1218
f 1212 1218 64
f 64 1218 62
f 1209 1210 1219
f 179 1220 181
f 181 1220 1221
f 181 1221 183
f 183 1221 1222
f 183 1222 185
f 185 1222 1223
f 185 1223 187
f 187 1223 1224
f 187 1224 189
f 189 1224 1225
f 189 1225 190
f 190 1225 1219
f 190 1219 154
f 154 1219 1210
f 154 1210 156
f 1207 1208 1226
f 1226 1208 1209
f 1209 1219 1226
f 1226 1219 1225
f 1226 1225 1227
f 1227 1225 1224
f 1227 1224 1228
f 1228 1224 1223
f 1228 1223 1229
f 1229 1223 1222
f 1229 1222 1230
f 1230 1222 1221
f 1230 1221 1231
f 1231 1221 1220
f 1231 1220 1232
f 179 1233 1220
f 1220 1233 1234
f 1220 1234 1232
f 1232 1234 1235
f 1232 1235 1236
f 1207 1226 1237
f 1237 1226 1227
f 1237 1227 1238
f 1238 1227 1228
f 1238 1228 1239
f 1239 1228 1229
f 1239 1229 1240
f 1240 1229 1230
f 1240 1230 1241
f 1241 1230 1231
f 1241 1231 1242
f 1242 1231 1232
f 1242 1232 1243
f 1243 1232 1236
f 1243 1236 1244
f 733 119 1237
f 1237 119 1206
f 1237 1206 1207
f 747 745 1241
f 1241 745 743
f 1241 743 1240
f 1240 743 741
f 1240 741 1239
f 1239 741 739
f 1239 739 1238
f 1238 739 737
f 1238 737 1237
f 1237 737 735
f 1237 735 733
f 747 1241 749
f 749 1241 1242
f 749 1242 751
f 751 1242 1243
f 751 1243 753
f 753 1243 1244
f 753 1244 108
f 530 535 1214
f 1214 535 1245
f 1214 1245 1215
f 1215 1245 1246
f 1215 1246 1216
f 1216 1246 1247
f 1216 1247 1217
f 1217 1247 1248
f 1217 1248 1218
f 1218 1248 1249
f 1218 1249 62
f 62 1249 59
f 179 177 1233
f 1233 177 1250
f 1233 1250 1234
f 1234 1250 1251
f 1234 1251 1235
f 1235 1251 1252
f 1235 1252 1236
f 1236 1252 1253
f 1236 1253 1244
f 1244 1253 1254
f 1244 1254 108
f 108 1254 110
f 535 538 1245
f 1245 538 1255
f 1245 1255 1246
f 1246 1255 1256
f 1246 1256 1247
f 1247 1256 1257
f 1247 1257 1248
f 1248 1257 1258
f 1248 1258 1249
f 1249 1258 1259
f 1249 1259 59
f 59 1259 61
f 1251 1250 1260
f 162 1261 163
f 163 1261 1262
f 163 1262 165
f 165 1262 1263
f 165 1263 167
f 167 1263 1264
f 167 1264 169
f 169 1264 1265
f 169 1265 171
f 171 1265 1266
f 171 1266 173
f 173 1266 1260
f 173 1260 175
f 175 1260 1250
f 175 1250 177
f 1253 1252 1267
f 1267 1252 1251
f 1251 1260 1267
f 1267 1260 1266
f 1267 1266 1268
f 1268 1266 1265
f 1268 1265 1269
f 1269 1265 1264
f 1269 1264 1270
f 1270 1264 1263
f 1270 1263 1271
f 1271 1263 1262
f 1271 1262 1272
f 1272 1262 1261
f 1272 1261 1273
f 162 1274 1261
f 1261 1274 1275
f 1261 1275 1273
f 1273 1275 1276
f 1273 1276 1277
f 1253 1267 1278
f 1278 1267 1268
f 1278 1268 1279
f 1279 1268 1269
f 1279 1269 1280
f 1280 1269 1270
f 1280 1270 1281
f 1281 1270 1271
f 1281 1271 1282
f 1282 1271 1272
f 1282 1272 1283
f 1283 1272 1273
f 1283 1273 1284
f 1284 1273 1277
f 1284 1277 1285
f 711 110 1278
f 1278 110 1254
f 1278 1254 1253
f 725 723 1282
f 1282 723 721
f 1282 721 1281
f 1281 721 719
f 1281 719 1280
f 1280 719 717
f 1280 717 1279
f 1279 717 715
f 1279 715 1278
f 1278 715 713
f 1278 713 711
f 725 1282 727
f 727 1282 1283
f 727 1283 729
f 729 1283 1284
f 729 1284 731
f 731 1284 1285
f 731 1285 72
f 11 61 1259
f 12 11 1286
f 1286 11 1259
f 1286 1259 1287
f 1287 1259 1258
f 1287 1258 1288
f 1288 1258 1257
f 1288 1257 1289
f 1289 1257 1256
f 1289 1256 1290
f 1290 1256 1255
f 1290 1255 550
f 550 1255 538
f 74 72 1291
f 1291 72 1285
f 1291 1285 1292
f 1292 1285 1277
f 1292 1277 1293
f 1293 1277 1276
f 1293 1276 1294
f 1294 1276 1275
f 1294 1275 1295
f 1295 1275 1274
f 1295 1274 160
f 160 1274 162
f 1296 57 12
f 35 57 1297
f 1297 57 1296
f 1297 1296 1298
f 1298 1296 1299
f 12 1286 1296
f 1296 1286 1287
f 1296 1287 1299
f 1300 1301 1299
f 1299 1301 1302
f 1299 1302 1298
f 561 67 1300
f 1300 67 1303
f 1300 1303 1301
f 1287 1288 1299
f 1299 1288 1289
f 1299 1289 1300
f 1300 1289 1290
f 1300 1290 561
f 561 1290 550
f 1294 1295 1304
f 1295 160 161
f 1295 161 1304
f 1304 161 147
f 1304 147 1305
f 1305 1306 1304
f 1304 1306 1307
f 1304 1307 1294
f 1308 1292 1307
f 1307 1292 1293
f 1307 1293 1294
f 560 74 1308
f 1308 74 1291
f 1308 1291 1292
f 1306 1309 1307
f 1307 1309 1310
f 1307 1310 1308
f 1308 1310 1311
f 1308 1311 560
f 560 1311 514
f 67 69 1303
f 1303 69 1312
f 1303 1312 1301
f 1301 1312 1313
f 1301 1313 1302
f 1302 1313 1314
f 1302 1314 1298
f 1298 1314 1315
f 1298 1315 1297
f 1297 1315 1316
f 1297 1316 35
f 35 1316 36
f 146 1 1317
f 147 146 1305
f 1305 146 1317
f 1305 1317 1306
f 1306 1317 1318
f 1306 1318 1309
f 1309 1318 1319
f 1309 1319 1310
f 1310 1319 1320
f 1310 1320 1311
f 1311 1320 1321
f 1311 1321 514
f 514 1321 508
f 788 785 1322
f 1323 54 36
f 50 49 1324
f 1324 49 1325
f 1324 1325 1326
f 1326 1325 1327
f 36 1316 1323
f 1323 1316 1315
f 1323 1315 1328
f 1322 1329 1327
f 1327 1329 1330
f 1327 1330 1326
f 23 25 1331
f 1331 25 1332
f 1331 1332 1333
f 1333 1332 1334
f 1333 1334 1335
f 1335 1334 1336
f 1335 1336 792
f 27 29 1337
f 1337 29 1338
f 1337 1338 1339
f 1339 1338 1340
f 1339 1340 1341
f 1341 1340 1342
f 29 52 1338
f 1338 52 1343
f 1338 1343 1340
f 1340 1343 1344
f 1340 1344 1342
f 1342 1344 1345
f 785 118 1322
f 1322 118 1346
f 1322 1346 1329
f 790 788 1347
f 1347 788 1322
f 1347 1322 1348
f 1348 1322 1327
f 1348 1327 1349
f 1349 1327 1325
f 1349 1325 15
f 15 1325 49
f 15 23 1349
f 1349 23 1331
f 1349 1331 1348
f 1348 1331 1333
f 1348 1333 1347
f 1347 1333 1335
f 1347 1335 790
f 790 1335 792
f 800 794 1336
f 1336 794 797
f 1336 797 792
f 808 805 1345
f 1345 805 802
f 1345 802 1342
f 1342 802 800
f 1342 800 1341
f 1341 800 1336
f 1341 1336 1339
f 1339 1336 1334
f 1339 1334 1337
f 1337 1334 1332
f 1337 1332 27
f 27 1332 25
f 811 808 1350
f 1350 808 1345
f 1350 1345 1328
f 1328 1345 1344
f 1328 1344 1323
f 1323 1344 1343
f 1323 1343 54
f 54 1343 52
f 1315 1314 1328
f 1328 1314 1313
f 1328 1313 1350
f 1350 1313 1312
f 1350 1312 811
f 811 1312 69
f 508 1351 510
f 510 1351 1352
f 510 1352 505
f 1353 1354 1355
f 1355 1354 1356
f 1355 1356 1351
f 1351 1356 1357
f 1351 1357 1352
f 508 1321 1351
f 1351 1321 1320
f 1351 1320 1355
f 1355 1320 1319
f 1355 1319 1353
f 3 5 1353
f 1353 5 1358
f 1353 1358 1354
f 1319 1318 1353
f 1353 1318 1317
f 1353 1317 3
f 3 1317 1
f 118 116 1346
f 1346 116 1359
f 1346 1359 1329
f 1329 1359 1360
f 1329 1360 1330
f 1330 1360 1361
f 1330 1361 1326
f 1326 1361 1362
f 1326 1362 1324
f 1324 1362 1363
f 1324 1363 50
f 50 1363 51
f 502 505 1364
f 1364 505 1352
f 1364 1352 1365
f 1365 1352 1357
f 1365 1357 1366
f 1366 1357 1356
f 1366 1356 1367
f 1367 1356 1354
f 1367 1354 1368
f 1368 1354 1358
f 1368 1358 7
f 7 1358 5
f 1369 17 51
f 47 45 1370
f 1370 45 1371
f 1370 1371 1372
f 1372 1371 1373
f 51 1363 1369
f 1369 1363 1362
f 1369 1362 1374
f 114 1375 1376
f 1376 1375 1377
f 1376 1377 1373
f 1373 1377 1378
f 1373 1378 1372
f 43 41 1379
f 1379 41 1380
f 1379 1380 1381
f 1381 1380 1382
f 1381 1382 1383
f 1383 1382 1384
f 41 39 1380
f 1380 39 1385
f 1380 1385 1382
f 1382 1385 1386
f 1382 1386 1384
f 1384 1386 1387
f 21 19 1388
f 1388 19 1389
f 1388 1389 1390
f 1390 1389 1391
f 1390 1391 1392
f 1392 1391 1393
f 1392 1393 771
f 1359 1394 1360
f 1360 1394 1374
f 1360 1374 1361
f 1361 1374 1362
f 762 759 1376
f 1376 759 758
f 1376 758 114
f 755 754 1387
f 1387 754 765
f 1387 765 1384
f 1384 765 762
f 1384 762 1383
f 1383 762 1376
f 1383 1376 1381
f 1381 1376 1373
f 1381 1373 1379
f 1379 1373 1371
f 1379 1371 43
f 43 1371 45
f 773 755 1395
f 1395 755 1387
f 1395 1387 1396
f 1396 1387 1386
f 1396 1386 1397
f 1397 1386 1385
f 1397 1385 38
f 38 1385 39
f 38 21 1397
f 1397 21 1388
f 1397 1388 1396
f 1396 1388 1390
f 1396 1390 1395
f 1395 1390 1392
f 1395 1392 773
f 773 1392 771
f 776 779 1393
f 1393 779 781
f 1393 781 771
f 19 17 1389
f 1389 17 1369
f 1389 1369 1391
f 1391 1369 1374
f 1391 1374 1393
f 1393 1374 1394
f 1393 1394 776
f 776 1394 1359
f 776 1359 116
f 504 502 1398
f 1398 502 1364
f 1398 1364 1399
f 1399 1364 1365
f 1399 1365 1400
f 1400 1365 1366
f 1400 1366 1401
f 1401 1366 1367
f 1401 1367 1402
f 1402 1367 1368
f 1402 1368 6
f 6 1368 7
f 114 112 1375
f 1375 112 1403
f 1375 1403 1377
f 1377 1403 1404
f 1377 1404 1378
f 1378 1404 1405
f 1378 1405 1372
f 1372 1405 1406
f 1372 1406 1370
f 1370 1406 1407
f 1370 1407 47
f 47 1407 48
f 30 32 1408
f 523 504 1409
f 1409 504 1398
f 1409 1398 1410
f 1410 1398 1399
f 1410 1399 1411
f 1411 1399 1400
f 1411 1400 1412
f 1412 1400 1401
f 1412 1401 1408
f 1408 1401 1402
f 1408 1402 30
f 30 1402 6
f 1413 34 48
f 32 34 1408
f 1408 34 1413
f 1408 1413 1412
f 1412 1413 1414
f 48 1407 1413
f 1413 1407 1406
f 1413 1406 1414
f 1415 1410 1414
f 1414 1410 1411
f 1414 1411 1412
f 558 523 1415
f 1415 523 1409
f 1415 1409 1410
f 1406 1405 1414
f 1414 1405 1404
f 1414 1404 1415
f 1415 1404 1403
f 1415 1403 558
f 558 1403 112
f 1416 1417 1418
f 1418 1419 1416
f 1416 1419 1420
f 1416 1420 1421
f 1420 1422 1421
f 1421 1422 1423
f 1421 1423 1424
f 1423 1425 1424
f 1424 1425 1426
f 1424 1426 1427
f 1426 1428 1427
f 1427 1428 1429
f 1427 1429 1430
f 1430 1429 1431
f 1431 1432 1430
f 1430 1432 1433
f 1430 1433 1434
f 1433 1435 1434
f 1434 1435 1436
f 1434 1436 1437
f 1437 1436 1438
f 1437 1438 1439
f 1439 1438 1440
f 1440 1441 1439
f 1439 1441 1442
f 1439 1442 1443
f 1442 1444 1443
f 1443 1444 1445
f 1443 1445 1446
f 1445 1447 1446
f 1446 1447 1448
f 1446 1448 1449
f 1448 1450 1449
f 1449 1450 1451
f 1449 1451 1452
f 1451 1453 1452
f 1452 1453 1454
f 1452 1454 1455
f 1455 1454 1456
f 1455 1456 1457
f 1456 1458 1457
f 1457 1458 1459
f 1457 1459 1460
f 1459 1461 1460
f 1460 1461 1462
f 1460 1462 1463
f 1463 1462 1464
f 1464 1465 1463
f 1463 1465 1466
f 1463 1466 1467
f 1467 1466 1468
f 1467 1468 1417
f 1417 1468 1469
f 1417 1469 1418
f 1470 1443 1471
f 1471 1443 1446
f 1471 1446 1472
f 1472 1446 1449
f 1472 1449 1473
f 1473 1449 1452
f 1473 1452 1474
f 1474 1452 1455
f 1474 1455 1475
f 1475 1455 1457
f 1475 1457 1476
f 1476 1457 1460
f 1476 1460 1477
f 1477 1460 1463
f 1477 1463 1478
f 1478 1463 1467
f 1478 1467 1479
f 1479 1467 1417
f 1479 1417 1480
f 1480 1417 1416
f 1480 1416 1481
f 1481 1416 1421
f 1481 1421 1482
f 1482 1421 1424
f 1482 1424 1483
f 1483 1424 1427
f 1483 1427 1484
f 1484 1427 1430
f 1484 1430 1485
f 1485 1430 1434
f 1485 1434 1486
f 1486 1434 1437
f 1486 1437 1487
f 1487 1437 1439
f 1487 1439 1470
f 1470 1439 1443
f 1488 1476 1489
f 1489 1476 1477
f 1489 1477 1490
f 1490 1477 1478
f 1490 1478 1491
f 1488 1492 1476
f 1476 1492 1493
f 1476 1493 1475
f 1475 1493 1494
f 1475 1494 1474
f 1494 1495 1474
f 1474 1495 1496
f 1474 1496 1473
f 1473 1496 1497
f 1497 1498 1473
f 1473 1498 1499
f 1473 1499 1472
f 1472 1499 1500
f 1472 1500 1471
f 1500 1501 1471
f 1471 1501 1502
f 1471 1502 1470
f 1470 1502 1503
f 1470 1503 1487
f 1503 1504 1487
f 1487 1504 1505
f 1487 1505 1486
f 1486 1505 1506
f 1486 1506 1485
f 1485 1506 1507
f 1507 1508 1485
f 1485 1508 1509
f 1485 1509 1484
f 1509 1510 1484
f 1484 1510 1511
f 1484 1511 1483
f 1483 1511 1512
f 1483 1512 1482
f 1482 1512 1513
f 1513 1514 1482
f 1482 1514 1515
f 1482 1515 1481
f 1515 1516 1481
f 1481 1516 1517
f 1481 1517 1480
f 1517 1518 1480
f 1480 1518 1519
f 1480 1519 1479
f 1479 1519 1520
f 1479 1520 1478
f 1478 1520 1521
f 1478 1521 1491
f 1522 1523 1524
f 1524 1523 1525
f 1525 1526 1524
f 1524 1526 1527
f 1524 1527 1528
f 1527 1529 1528
f 1528 1529 1530
f 1528 1530 1531
f 1531 1530 1532
f 1531 1532 1533
f 1532 1534 1533
f 1533 1534 1535
f 1533 1535 1536
f 1535 1537 1536
f 1536 1537 1538
f 1536 1538 1539
f 1539 1538 1540
f 1540 1541 1539
f 1539 1541 1542
f 1539 1542 1543
f 1542 1544 1543
f 1543 1544 1545
f 1543 1545 1546
f 1546 1545 1547
f 1546 1547 1548
f 1548 1547 1549
f 1549 1550 1548
f 1548 1550 1551
f 1548 1551 1552
f 1551 1553 1552
f 1552 1553 1554
f 1552 1554 1555
f 1554 1556 1555
f 1555 1556 1557
f 1555 1557 1558
f 1557 1559 1558
f 1558 1559 1560
f 1558 1560 1561
f 1561 1560 1562
f 1561 1562 1563
f 1563 1562 1564
f 1564 1565 1563
f 1563 1565 1566
f 1563 1566 1567
f 1567 1566 1568
f 1567 1568 1569
f 1569 1568 1570
f 1570 1571 1569
f 1569 1571 1572
f 1569 1572 1573
f 1573 1572 1574
f 1573 1574 1522
f 1522 1574 1575
f 1522 1575 1523
f 1543 1546 1576
f 1576 1546 1548
f 1576 1548 1577
f 1577 1548 1552
f 1577 1552 1578
f 1578 1552 1555
f 1578 1555 1579
f 1579 1555 1558
f 1579 1558 1580
f 1580 1558 1561
f 1580 1561 1581
f 1581 1561 1563
f 1581 1563 1582
f 1582 1563 1567
f 1582 1567 1583
f 1583 1567 1569
f 1583 1569 1584
f 1584 1569 1573
f 1584 1573 1585
f 1585 1573 1522
f 1585 1522 1586
f 1586 1522 1524
f 1586 1524 1587
f 1587 1524 1528
f 1587 1528 1588
f 1588 1528 1531
f 1588 1531 1589
f 1589 1531 1533
f 1589 1533 1590
f 1590 1533 1536
f 1590 1536 1591
f 1591 1536 1539
f 1591 1539 1592
f 1592 1539 1543
f 1592 1543 1576
f 1593 1582 1594
f 1594 1582 1583
f 1594 1583 1595
f 1595 1583 1584
f 1595 1584 1596
f 1593 1597 1582
f 1582 1597 1598
f 1582 1598 1581
f 1581 1598 1599
f 1581 1599 1580
f 1599 1600 1580
f 1580 1600 1601
f 1580 1601 1579
f 1601 1602 1579
f 1579 1602 1603
f 1579 1603 1578
f 1603 1604 1578
f 1578 1604 1605
f 1578 1605 1577
f 1605 1606 1577
f 1577 1606 1607
f 1577 1607 1576
f 1576 1607 1608
f 1608 1609 1576
f 1576 1609 1610
f 1576 1610 1592
f 1592 1610 1611
f 1592 1611 1591
f 1611 1612 1591
f 1591 1612 1613
f 1591 1613 1590
f 1613 1614 1590
f 1590 1614 1615
f 1590 1615 1589
f 1615 1616 1589
f 1589 1616 1617
f 1589 1617 1588
f 1588 1617 1618
f 1618 1619 1588
f 1588 1619 1620
f 1588 1620 1587
f 1620 1621 1587
f 1587 1621 1622
f 1587 1622 1586
f 1622 1623 1586
f 1586 1623 1624
f 1586 1624 1585
f 1585 1624 1625
f 1585 1625 1584
f 1584 1625 1626
f 1584 1626 1596
f 1627 1628 1629
f 1630 1631 1629
f 1629 1631 1632
f 1629 1632 1627
f 1633 1634 1629
f 1629 1634 1635
f 1629 1635 1630
f 1636 1637 1629
f 1629 1637 1638
f 1629 1638 1633
f 1639 1640 1629
f 1629 1640 1641
f 1629 1641 1636
f 1642 1643 1629
f 1629 1643 1644
f 1629 1644 1639
f 1645 1646 1629
f 1629 1646 1647
f 1629 1647 1642
f 1648 1649 1629
f 1629 1649 1650
f 1629 1650 1645
f 1651 1652 1629
f 1629 1652 1653
f 1629 1653 1648
f 1654 1655 1629
f 1629 1655 1656
f 1629 1656 1651
f 1657 1658 1629
f 1629 1658 1659
f 1629 1659 1654
f 1628 1660 1629
f 1629 1660 1661
f 1629 1661 1657
f 1662 1663 1664
f 1665 1666 1664
f 1664 1666 1667
f 1664 1667 1662
f 1668 1669 1664
f 1664 1669 1670
f 1664 1670 1665
f 1671 1672 1664
f 1664 1672 1673
f 1664 1673 1668
f 1674 1675 1664
f 1664 1675 1676
f 1664 1676 1671
f 1677 1678 1664
f 1664 1678 1679
f 1664 1679 1674
f 1680 1681 1664
f 1664 1681 1682
f 1664 1682 1677
f 1683 1684 1664
f 1664 1684 1685
f 1664 1685 1680
f 1686 1687 1664
f 1664 1687 1688
f 1664 1688 1683
f 1689 1690 1664
f 1664 1690 1691
f 1664 1691 1686
f 1692 1693 1664
f 1664 1693 1694
f 1664 1694 1689
f 1663 1695 1664
f 1664 1695 1696
f 1664 1696 1692
f 293 299 292
f 295 478 1697
f 299 293 298
f 295 1697 297
f 297 1697 1698
f 297 1698 298
f 298 1698 302
f 298 302 299
f 302 1698 1699
f 1698 1697 1700
f 1697 478 482
f 1697 482 1700
f 1700 482 481
f 1700 481 1701
f 1701 481 480
f 1701 480 1702
f 1702 480 479
f 1702 479 1703
f 1703 479 477
f 1703 477 1704
f 1704 477 476
f 1704 476 1705
f 1705 476 475
f 1705 475 1706
f 1706 475 474
f 1706 474 1707
f 1698 1700 1699
f 1699 1700 1701
f 1699 1701 1708
f 1708 1701 1702
f 1708 1702 1709
f 1709 1702 1703
f 1709 1703 1710
f 1710 1703 1704
f 1710 1704 1711
f 1711 1704 1705
f 1711 1705 1712
f 1712 1705 1706
f 1712 1706 1713
f 1713 1706 1707
f 1713 1707 1714
f 302 1699 304
f 304 1699 1708
f 304 1708 306
f 306 1708 1709
f 306 1709 308
f 308 1709 1710
f 308 1710 310
f 310 1710 1711
f 310 1711 312
f 312 1711 1712
f 312 1712 314
f 314 1712 1713
f 314 1713 316
f 316 1713 1714
f 316 1714 318
f 192 318 1714
f 192 1714 1715
f 1715 1714 1707
f 1715 1707 1716
f 1716 1707 474
f 1716 474 473
f 192 1715 1717
f 1715 1716 1718
f 1716 473 472
f 1716 472 1718
f 1718 472 471
f 1718 471 1719
f 1719 471 470
f 1719 470 1720
f 1720 470 469
f 1720 469 1721
f 1721 469 468
f 1721 468 1722
f 1722 468 467
f 1722 467 1723
f 1723 467 466
f 1723 466 1724
f 466 465 1724
f 1724 465 1725
f 1724 1725 1726
f 1715 1718 1717
f 1717 1718 1719
f 1717 1719 1727
f 1727 1719 1720
f 1727 1720 1728
f 1728 1720 1721
f 1728 1721 1729
f 1729 1721 1722
f 1729 1722 1730
f 1730 1722 1723
f 1730 1723 1731
f 1731 1723 1724
f 1731 1724 1732
f 1732 1724 1726
f 1732 1726 1733
f 192 1717 194
f 194 1717 1727
f 194 1727 196
f 196 1727 1728
f 196 1728 198
f 198 1728 1729
f 198 1729 200
f 200 1729 1730
f 200 1730 202
f 202 1730 1731
f 202 1731 204
f 204 1731 1732
f 204 1732 206
f 206 1732 1733
f 206 1733 208
f 1725 465 219
f 219 217 1725
f 1725 217 216
f 1725 216 1726
f 1726 216 215
f 1726 215 1733
f 1733 215 209
f 1733 209 208
f 211 209 215
f 232 231 1734
f 232 1734 234
f 234 1734 235
f 1735 231 230
f 1735 230 1736
f 1736 230 228
f 1736 228 319
f 231 1735 1734
f 1734 1735 237
f 1734 237 235
f 237 1735 1737
f 1735 1736 1738
f 1736 319 324
f 1736 324 1738
f 1738 324 323
f 1738 323 1739
f 1739 323 322
f 1739 322 1740
f 1740 322 343
f 1740 343 1741
f 1741 343 342
f 1741 342 1742
f 1742 342 340
f 1742 340 1743
f 1743 340 350
f 1743 350 1744
f 1744 350 349
f 1744 349 1745
f 1735 1738 1737
f 1737 1738 1739
f 1737 1739 1746
f 1746 1739 1740
f 1746 1740 1747
f 1747 1740 1741
f 1747 1741 1748
f 1748 1741 1742
f 1748 1742 1749
f 1749 1742 1743
f 1749 1743 1750
f 1750 1743 1744
f 1750 1744 1751
f 1751 1744 1745
f 1751 1745 1752
f 237 1737 240
f 240 1737 1746
f 240 1746 242
f 242 1746 1747
f 242 1747 244
f 244 1747 1748
f 244 1748 246
f 246 1748 1749
f 246 1749 248
f 248 1749 1750
f 248 1750 250
f 250 1750 1751
f 250 1751 252
f 252 1751 1752
f 252 1752 254
f 255 254 1752
f 255 1752 1753
f 1753 1752 1745
f 1753 1745 1754
f 1754 1745 349
f 1754 349 347
f 255 1753 1755
f 1753 1754 1756
f 1754 347 345
f 1754 345 1756
f 1756 345 344
f 1756 344 1757
f 1757 344 337
f 1757 337 1758
f 1758 337 335
f 1758 335 1759
f 1759 335 334
f 1759 334 1760
f 1760 334 332
f 1760 332 1761
f 1761 332 331
f 1761 331 1762
f 1762 331 329
f 1762 329 1763
f 1753 1756 1755
f 1755 1756 1757
f 1755 1757 1764
f 1764 1757 1758
f 1764 1758 1765
f 1765 1758 1759
f 1765 1759 1766
f 1766 1759 1760
f 1766 1760 1767
f 1767 1760 1761
f 1767 1761 1768
f 1768 1761 1762
f 1768 1762 1769
f 1769 1762 1763
f 1769 1763 1770
f 255 1755 258
f 258 1755 1764
f 258 1764 260
f 260 1764 1765
f 260 1765 262
f 262 1765 1766
f 262 1766 264
f 264 1766 1767
f 264 1767 266
f 266 1767 1768
f 266 1768 268
f 268 1768 1769
f 268 1769 270
f 270 1769 1770
f 270 1770 272
f 1770 1763 282
f 282 1763 329
f 282 329 277
f 273 272 1771
f 1771 272 1770
f 1771 1770 283
f 283 1770 282
f 275 273 284
f 284 273 1771
f 284 1771 283
f 210 212 1772
f 1772 212 1773
f 1772 1773 1774
f 1774 1773 1775
f 1774 1775 10
f 10 1775 11
f 207 210 1772
f 207 1772 1776
f 1776 1772 1774
f 1776 1774 1777
f 1777 1774 10
f 1777 10 37
f 212 214 1778
f 1779 60 61
f 212 1778 1773
f 1773 1778 1779
f 1773 1779 1775
f 1775 1779 61
f 1775 61 11
f 13 1780 1781
f 1780 1782 1783
f 1782 191 193
f 1782 193 1783
f 1783 193 195
f 1783 195 1784
f 1784 195 197
f 1784 197 1785
f 1785 197 199
f 1785 199 1786
f 1786 199 201
f 1786 201 1787
f 1787 201 203
f 1787 203 1788
f 1788 203 205
f 1788 205 1789
f 1789 205 207
f 1789 207 1776
f 1780 1783 1781
f 1781 1783 1784
f 1781 1784 1790
f 1790 1784 1785
f 1790 1785 1791
f 1791 1785 1786
f 1791 1786 1792
f 1792 1786 1787
f 1792 1787 1793
f 1793 1787 1788
f 1793 1788 1794
f 1794 1788 1789
f 1794 1789 1795
f 1795 1789 1776
f 1795 1776 1777
f 13 1781 14
f 14 1781 1790
f 14 1790 24
f 24 1790 1791
f 24 1791 26
f 26 1791 1792
f 26 1792 28
f 28 1792 1793
f 28 1793 53
f 53 1793 1794
f 53 1794 55
f 55 1794 1795
f 55 1795 56
f 56 1795 1777
f 56 1777 37
f 58 60 1796
f 1796 60 1779
f 1796 1779 1797
f 1797 1779 1778
f 1797 1778 221
f 221 1778 214
f 317 191 1782
f 317 1782 1798
f 1798 1782 1780
f 1798 1780 1799
f 1799 1780 13
f 1799 13 16
f 59 58 1796
f 221 223 1800
f 1801 63 62
f 221 1800 1797
f 1797 1800 1801
f 1797 1801 1796
f 1796 1801 62
f 1796 62 59
f 33 1802 1803
f 1802 1804 1805
f 1804 301 303
f 1804 303 1805
f 1805 303 305
f 1805 305 1806
f 1806 305 307
f 1806 307 1807
f 1807 307 309
f 1807 309 1808
f 1808 309 311
f 1808 311 1809
f 1809 311 313
f 1809 313 1810
f 1810 313 315
f 1810 315 1811
f 1811 315 317
f 1811 317 1798
f 1802 1805 1803
f 1803 1805 1806
f 1803 1806 1812
f 1812 1806 1807
f 1812 1807 1813
f 1813 1807 1808
f 1813 1808 1814
f 1814 1808 1809
f 1814 1809 1815
f 1815 1809 1810
f 1815 1810 1816
f 1816 1810 1811
f 1816 1811 1817
f 1817 1811 1798
f 1817 1798 1799
f 33 1803 46
f 46 1803 1812
f 46 1812 44
f 44 1812 1813
f 44 1813 42
f 42 1813 1814
f 42 1814 40
f 40 1814 1815
f 40 1815 22
f 22 1815 1816
f 22 1816 20
f 20 1816 1817
f 20 1817 18
f 18 1817 1799
f 18 1799 16
f 65 63 1818
f 1818 63 1801
f 1818 1801 1819
f 1819 1801 1800
f 1819 1800 225
f 225 1800 223
f 300 301 1804
f 300 1804 1820
f 1820 1804 1802
f 1820 1802 1821
f 1821 1802 33
f 1821 33 31
f 66 65 1818
f 225 233 1822
f 225 1822 1819
f 1819 1822 1823
f 1819 1823 1818
f 1818 1823 148
f 1818 148 66
f 291 300 1824
f 1824 300 1820
f 1824 1820 1825
f 1825 1820 1821
f 1825 1821 30
f 30 1821 31
f 233 236 1822
f 1822 236 1826
f 1822 1826 1823
f 1823 1826 1827
f 1823 1827 148
f 148 1827 149
f 6 8 1828
f 289 291 1824
f 289 1824 1829
f 1829 1824 1825
f 1829 1825 1828
f 1828 1825 30
f 1828 30 6
f 236 238 1830
f 236 1830 1826
f 1826 1830 1831
f 1826 1831 1827
f 1827 1831 151
f 1827 151 149
f 8 9 1828
f 1828 9 1832
f 1828 1832 1829
f 1829 1832 1833
f 1829 1833 289
f 289 1833 287
f 151 1831 1834
f 1831 1830 1835
f 1830 238 239
f 1830 239 1835
f 1835 239 241
f 1835 241 1836
f 1836 241 243
f 1836 243 1837
f 1837 243 245
f 1837 245 1838
f 1838 245 247
f 1838 247 1839
f 1839 247 249
f 1839 249 1840
f 1840 249 251
f 1840 251 1841
f 1841 251 253
f 1841 253 1842
f 1831 1835 1834
f 1834 1835 1836
f 1834 1836 1843
f 1843 1836 1837
f 1843 1837 1844
f 1844 1837 1838
f 1844 1838 1845
f 1845 1838 1839
f 1845 1839 1846
f 1846 1839 1840
f 1846 1840 1847
f 1847 1840 1841
f 1847 1841 1848
f 1848 1841 1842
f 1848 1842 1849
f 151 1834 155
f 155 1834 1843
f 155 1843 153
f 153 1843 1844
f 153 1844 188
f 188 1844 1845
f 188 1845 186
f 186 1845 1846
f 186 1846 184
f 184 1846 1847
f 184 1847 182
f 182 1847 1848
f 182 1848 180
f 180 1848 1849
f 180 1849 178
f 5 4 1850
f 285 287 1833
f 1832 9 7
f 285 1833 1851
f 1851 1833 1832
f 1851 1832 1850
f 1850 1832 7
f 1850 7 5
f 253 256 1852
f 253 1852 1842
f 1842 1852 1853
f 1842 1853 1849
f 1849 1853 176
f 1849 176 178
f 4 2 1850
f 1850 2 1854
f 1850 1854 1851
f 1851 1854 1855
f 1851 1855 285
f 285 1855 280
f 176 1853 1856
f 1853 1852 1857
f 1852 256 257
f 1852 257 1857
f 1857 257 259
f 1857 259 1858
f 1858 259 261
f 1858 261 1859
f 1859 261 263
f 1859 263 1860
f 1860 263 265
f 1860 265 1861
f 1861 265 267
f 1861 267 1862
f 1862 267 269
f 1862 269 1863
f 1863 269 271
f 1863 271 1864
f 1853 1857 1856
f 1856 1857 1858
f 1856 1858 1865
f 1865 1858 1859
f 1865 1859 1866
f 1866 1859 1860
f 1866 1860 1867
f 1867 1860 1861
f 1867 1861 1868
f 1868 1861 1862
f 1868 1862 1869
f 1869 1862 1863
f 1869 1863 1870
f 1870 1863 1864
f 1870 1864 1871
f 176 1856 174
f 174 1856 1865
f 174 1865 172
f 172 1865 1866
f 172 1866 170
f 170 1866 1867
f 170 1867 168
f 168 1867 1868
f 168 1868 166
f 166 1868 1869
f 166 1869 164
f 164 1869 1870
f 164 1870 158
f 158 1870 1871
f 158 1871 159
f 276 280 1855
f 1854 2 1
f 276 1855 1872
f 1872 1855 1854
f 1872 1854 1873
f 1873 1854 1
f 1873 1 146
f 271 274 1874
f 271 1874 1864
f 1864 1874 1875
f 1864 1875 1871
f 1871 1875 145
f 1871 145 159
f 274 276 1874
f 1874 276 1872
f 1874 1872 1875
f 1875 1872 1873
f 1875 1873 145
f 145 1873 146
f 1662 1876 1663
f 1663 1876 1877
f 1663 1877 1695
f 1695 1877 1878
f 1695 1878 1696
f 1696 1878 1879
f 1696 1879 1692
f 1692 1879 1880
f 1692 1880 1693
f 1693 1880 1881
f 1693 1881 1694
f 1694 1881 1882
f 1694 1882 1689
f 1689 1882 1883
f 1689 1883 1690
f 1690 1883 1884
f 1690 1884 1691
f 1691 1884 1885
f 1691 1885 1686
f 1686 1885 1886
f 1686 1886 1687
f 1687 1886 1887
f 1687 1887 1688
f 1688 1887 1888
f 1688 1888 1683
f 1683 1888 1889
f 1683 1889 1684
f 1684 1889 1890
f 1684 1890 1685
f 1685 1890 1891
f 1685 1891 1680
f 1680 1891 1892
f 1680 1892 1681
f 1681 1892 1893
f 1681 1893 1682
f 1682 1893 1894
f 1682 1894 1677
f 1677 1894 1895
f 1677 1895 1678
f 1678 1895 1896
f 1678 1896 1679
f 1679 1896 1897
f 1679 1897 1674
f 1674 1897 1898
f 1674 1898 1675
f 1675 1898 1899
f 1675 1899 1676
f 1676 1899 1900
f 1676 1900 1671
f 1671 1900 1901
f 1671 1901 1672
f 1672 1901 1902
f 1672 1902 1673
f 1673 1902 1903
f 1673 1903 1668
f 1668 1903 1904
f 1668 1904 1669
f 1669 1904 1905
f 1669 1905 1670
f 1670 1905 1906
f 1670 1906 1665
f 1665 1906 1907
f 1665 1907 1666
f 1666 1907 1908
f 1666 1908 1667
f 1667 1908 1909
f 1667 1909 1662
f 1662 1909 1876
f 1909 1910 1876
f 1876 1910 1911
f 1876 1911 1877
f 1877 1911 1912
f 1877 1912 1878
f 1878 1912 1913
f 1878 1913 1879
f 1879 1913 1914
f 1879 1914 1880
f 1880 1914 1915
f 1880 1915 1881
f 1881 1915 1916
f 1881 1916 1882
f 1882 1916 1917
f 1882 1917 1883
f 1883 1917 1918
f 1883 1918 1884
f 1884 1918 1919
f 1884 1919 1885
f 1885 1919 1920
f 1885 1920 1886
f 1886 1920 1921
f 1886 1921 1887
f 1887 1921 1922
f 1887 1922 1888
f 1888 1922 1923
f 1888 1923 1889
f 1889 1923 1924
f 1889 1924 1890
f 1890 1924 1925
f 1890 1925 1891
f 1891 1925 1926
f 1891 1926 1892
f 1892 1926 1927
f 1892 1927 1893
f 1893 1927 1928
f 1893 1928 1894
f 1894 1928 1929
f 1894 1929 1895
f 1895 1929 1930
f 1895 1930 1896
f 1896 1930 1931
f 1896 1931 1897
f 1897 1931 1932
f 1897 1932 1898
f 1898 1932 1933
f 1898 1933 1899
f 1899 1933 1934
f 1899 1934 1900
f 1900 1934 1935
f 1900 1935 1901
f 1901 1935 1936
f 1901 1936 1902
f 1902 1936 1937
f 1902 1937 1903
f 1903 1937 1938
f 1903 1938 1904
f 1904 1938 1939
f 1904 1939 1905
f 1905 1939 1940
f 1905 1940 1906
f 1906 1940 1941
f 1906 1941 1907
f 1907 1941 1942
f 1907 1942 1908
f 1908 1942 1943
f 1908 1943 1909
f 1909 1943 1910
f 1943 1624 1910
f 1910 1624 1623
f 1910 1623 1911
f 1911 1623 1622
f 1911 1622 1912
f 1912 1622 1621
f 1912 1621 1913
f 1913 1621 1620
f 1913 1620 1914
f 1914 1620 1619
f 1914 1619 1915
f 1915 1619 1618
f 1915 1618 1916
f 1916 1618 1617
f 1916 1617 1917
f 1917 1617 1616
f 1917 1616 1918
f 1918 1616 1615
f 1918 1615 1919
f 1919 1615 1614
f 1919 1614 1920
f 1920 1614 1613
f 1920 1613 1921
f 1921 1613 1612
f 1921 1612 1922
f 1922 1612 1611
f 1922 1611 1923
f 1923 1611 1610
f 1923 1610 1924
f 1924 1610 1609
f 1924 1609 1925
f 1925 1609 1608
f 1925 1608 1926
f 1926 1608 1607
f 1926 1607 1927
f 1927 1607 1606
f 1927 1606 1928
f 1928 1606 1605
f 1928 1605 1929
f 1929 1605 1604
f 1929 1604 1930
f 1930 1604 1603
f 1930 1603 1931
f 1931 1603 1602
f 1931 1602 1932
f 1932 1602 1601
f 1932 1601 1933
f 1933 1601 1600
f 1933 1600 1934
f 1934 1600 1599
f 1934 1599 1935
f 1935 1599 1598
f 1935 1598 1936
f 1936 1598 1597
f 1936 1597 1937
f 1937 1597 1593
f 1937 1593 1938
f 1938 1593 1594
f 1938 1594 1939
f 1939 1594 1595
f 1939 1595 1940
f 1940 1595 1596
f 1940 1596 1941
f 1941 1596 1626
f 1941 1626 1942
f 1942 1626 1625
f 1942 1625 1943
f 1943 1625 1624
f 1627 1944 1628
f 1628 1944 1945
f 1628 1945 1660
f 1660 1945 1946
f 1660 1946 1661
f 1661 1946 1947
f 1661 1947 1657
f 1657 1947 1948
f 1657 1948 1658
f 1658 1948 1949
f 1658 1949 1659
f 1659 1949 1950
f 1659 1950 1654
f 1654 1950 1951
f 1654 1951 1655
f 1655 1951 1952
f 1655 1952 1656
f 1656 1952 1953
f 1656 1953 1651
f 1651 1953 1954
f 1651 1954 1652
f 1652 1954 1955
f 1652 1955 1653
f 1653 1955 1956
f 1653 1956 1648
f 1648 1956 1957
f 1648 1957 1649
f 1649 1957 1958
f 1649 1958 1650
f 1650 1958 1959
f 1650 1959 1645
f 1645 1959 1960
f 1645 1960 1646
f 1646 1960 1961
f 1646 1961 1647
f 1647 1961 1962
f 1647 1962 1642
f 1642 1962 1963
f 1642 1963 1643
f 1643 1963 1964
f 1643 1964 1644
f 1644 1964 1965
f 1644 1965 1639
f 1639 1965 1966
f 1639 1966 1640
f 1640 1966 1967
f 1640 1967 1641
f 1641 1967 1968
f 1641 1968 1636
f 1636 1968 1969
f 1636 1969 1637
f 1637 1969 1970
f 1637 1970 1638
f 1638 1970 1971
f 1638 1971 1633
f 1633 1971 1972
f 1633 1972 1634
f 1634 1972 1973
f 1634 1973 1635
f 1635 1973 1974
f 1635 1974 1630
f 1630 1974 1975
f 1630 1975 1631
f 1631 1975 1976
f 1631 1976 1632
f 1632 1976 1977
f 1632 1977 1627
f 1627 1977 1944
f 1977 1978 1944
f 1944 1978 1979
f 1944 1979 1945
f 1945 1979 1980
f 1945 1980 1946
f 1946 1980 1981
f 1946 1981 1947
f 1947 1981 1982
f 1947 1982 1948
f 1948 1982 1983
f 1948 1983 1949
f 1949 1983 1984
f 1949 1984 1950
f 1950 1984 1985
f 1950 1985 1951
f 1951 1985 1986
f 1951 1986 1952
f 1952 1986 1987
f 1952 1987 1953
f 1953 1987 1988
f 1953 1988 1954
f 1954 1988 1989
f 1954 1989 1955
f 1955 1989 1990
f 1955 1990 1956
f 1956 1990 1991
f 1956 1991 1957
f 1957 1991 1992
f 1957 1992 1958
f 1958 1992 1993
f 1958 1993 1959
f 1959 1993 1994
f 1959 1994 1960
f 1960 1994 1995
f 1960 1995 1961
f 1961 1995 1996
f 1961 1996 1962
f 1962 1996 1997
f 1962 1997 1963
f 1963 1997 1998
f 1963 1998 1964
f 1964 1998 1999
f 1964 1999 1965
f 1965 1999 2000
f 1965 2000 1966
f 1966 2000 2001
f 1966 2001 1967
f 1967 2001 2002
f 1967 2002 1968
f 1968 2002 2003
f 1968 2003 1969
f 1969 2003 2004
f 1969 2004 1970
f 1970 2004 2005
f 1970 2005 1971
f 1971 2005 2006
f 1971 2006 1972
f 1972 2006 2007
f 1972 2007 1973
f 1973 2007 2008
f 1973 2008 1974
f 1974 2008 2009
f 1974 2009 1975
f 1975 2009 2010
f 1975 2010 1976
f 1976 2010 2011
f 1976 2011 1977
f 1977 2011 1978
f 2011 1519 1978
f 1978 1519 1518
f 1978 1518 1979
f 1979 1518 1517
f 1979 1517 1980
f 1980 1517 1516
f 1980 1516 1981
f 1981 1516 1515
f 1981 1515 1982
f 1982 1515 1514
f 1982 1514 1983
f 1983 1514 1513
f 1983 1513 1984
f 1984 1513 1512
f 1984 1512 1985
f 1985 1512 1511
f 1985 1511 1986
f 1986 1511 1510
f 1986 1510 1987
f 1987 1510 1509
f 1987 1509 1988
f 1988 1509 1508
f 1988 1508 1989
f 1989 1508 1507
f 1989 1507 1990
f 1990 1507 1506
f 1990 1506 1991
f 1991 1506 1505
f 1991 1505 1992
f 1992 1505 1504
f 1992 1504 1993
f 1993 1504 1503
f 1993 1503 1994
f 1994 1503 1502
f 1994 1502 1995
f 1995 1502 1501
f 1995 1501 1996
f 1996 1501 1500
f 1996 1500 1997
f 1997 1500 1499
f 1997 1499 1998
f 1998 1499 1498
f 1998 1498 1999
f 1999 1498 1497
f 1999 1497 2000
f 2000 1497 1496
f 2000 1496 2001
f 2001 1496 1495
f 2001 1495 2002
f 2002 1495 1494
f 2002 1494 2003
f 2003 1494 1493
f 2003 1493 2004
f 2004 1493 1492
f 2004 1492 2005
f 2005 1492 1488
f 2005 1488 2006
f 2006 1488 1489
f 2006 1489 2007
f 2007 1489 1490
f 2007 1490 2008
f 2008 1490 1491
f 2008 1491 2009
f 2009 1491 1521
f 2009 1521 2010
f 2010 1521 1520
f 2010 1520 2011
f 2011 1520 1519
f 1523 2012 1525
f 1525 2012 2013
f 1525 2013 1526
f 1526 2013 2014
f 1526 2014 1527
f 1527 2014 2015
f 1527 2015 1529
f 1529 2015 2016
f 1529 2016 1530
f 1530 2016 2017
f 1530 2017 1532
f 1532 2017 2018
f 1532 2018 1534
f 1534 2018 2019
f 1534 2019 1535
f 1535 2019 2020
f 1535 2020 1537
f 1537 2020 2021
f 1537 2021 1538
f 1538 2021 2022
f 1538 2022 1540
f 1540 2022 2023
f 1540 2023 1541
f 1541 2023 2024
f 1541 2024 1542
f 1542 2024 2025
f 1542 2025 1544
f 1544 2025 2026
f 1544 2026 1545
f 1545 2026 2027
f 1545 2027 1547
f 1547 2027 2028
f 1547 2028 1549
f 1549 2028 2029
f 1549 2029 1550
f 1550 2029 2030
f 1550 2030 1551
f 1551 2030 2031
f 1551 2031 1553
f 1553 2031 2032
f 1553 2032 1554
f 1554 2032 2033
f 1554 2033 1556
f 1556 2033 2034
f 1556 2034 1557
f 1557 2034 2035
f 1557 2035 1559
f 1559 2035 2036
f 1559 2036 1560
f 1560 2036 2037
f 1560 2037 1562
f 1562 2037 2038
f 1562 2038 1564
f 1564 2038 2039
f 1564 2039 1565
f 1565 2039 2040
f 1565 2040 1566
f 1566 2040 2041
f 1566 2041 1568
f 1568 2041 2042
f 1568 2042 1570
f 1570 2042 2043
f 1570 2043 1571
f 1571 2043 2044
f 1571 2044 1572
f 1572 2044 2045
f 1572 2045 1574
f 1574 2045 2046
f 1574 2046 1575
f 1575 2046 2047
f 1575 2047 1523
f 1523 2047 2012
f 2047 2048 2012
f 2012 2048 2049
f 2012 2049 2013
f 2013 2049 2050
f 2013 2050 2014
f 2014 2050 2051
f 2014 2051 2015
f 2015 2051 2052
f 2015 2052 2016
f 2016 2052 2053
f 2016 2053 2017
f 2017 2053 2054
f 2017 2054 2018
f 2018 2054 2055
f 2018 2055 2019
f 2019 2055 2056
f 2019 2056 2020
f 2020 2056 2057
f 2020 2057 2021
f 2021 2057 2058
f 2021 2058 2022
f 2022 2058 2059
f 2022 2059 2023
f 2023 2059 2060
f 2023 2060 2024
f 2024 2060 2061
f 2024 2061 2025
f 2025 2061 2062
f 2025 2062 2026
f 2026 2062 2063
f 2026 2063 2027
f 2027 2063 2064
f 2027 2064 2028
f 2028 2064 2065
f 2028 2065 2029
f 2029 2065 2066
f 2029 2066 2030
f 2030 2066 2067
f 2030 2067 2031
f 2031 2067 2068
f 2031 2068 2032
f 2032 2068 2069
f 2032 2069 2033
f 2033 2069 2070
f 2033 2070 2034
f 2034 2070 2071
f 2034 2071 2035
f 2035 2071 2072
f 2035 2072 2036
f 2036 2072 2073
f 2036 2073 2037
f 2037 2073 2074
f 2037 2074 2038
f 2038 2074 2075
f 2038 2075 2039
f 2039 2075 2076
f 2039 2076 2040
f 2040 2076 2077
f 2040 2077 2041
f 2041 2077 2078
f 2041 2078 2042
f 2042 2078 2079
f 2042 2079 2043
f 2043 2079 2080
f 2043 2080 2044
f 2044 2080 2081
f 2044 2081 2045
f 2045 2081 2082
f 2045 2082 2046
f 2046 2082 2083
f 2046 2083 2047
f 2047 2083 2048
f 2083 398 2048
f 2048 398 399
f 2048 399 2049
f 2049 399 464
f 2049 464 2050
f 2050 464 463
f 2050 463 2051
f 2051 463 462
f 2051 462 2052
f 2052 462 458
f 2052 458 2053
f 2053 458 457
f 2053 457 2054
f 2054 457 456
f 2054 456 2055
f 2055 456 461
f 2055 461 2056
f 2056 461 460
f 2056 460 2057
f 2057 460 459
f 2057 459 2058
f 2058 459 444
f 2058 444 2059
f 2059 444 443
f 2059 443 2060
f 2060 443 442
f 2060 442 2061
f 2061 442 440
f 2061 440 2062
f 2062 440 439
f 2062 439 2063
f 2063 439 455
f 2063 455 2064
f 2064 455 454
f 2064 454 2065
f 2065 454 453
f 2065 453 2066
f 2066 453 426
f 2066 426 2067
f 2067 426 425
f 2067 425 2068
f 2068 425 424
f 2068 424 2069
f 2069 424 423
f 2069 423 2070
f 2070 423 422
f 2070 422 2071
f 2071 422 420
f 2071 420 2072
f 2072 420 419
f 2072 419 2073
f 2073 419 428
f 2073 428 2074
f 2074 428 409
f 2074 409 2075
f 2075 409 408
f 2075 408 2076
f 2076 408 407
f 2076 407 2077
f 2077 407 406
f 2077 406 2078
f 2078 406 416
f 2078 416 2079
f 2079 416 415
f 2079 415 2080
f 2080 415 414
f 2080 414 2081
f 2081 414 394
f 2081 394 2082
f 2082 394 393
f 2082 393 2083
f 2083 393 398
f 1418 2084 1419
f 1419 2084 2085
f 1419 2085 1420
f 1420 2085 2086
f 1420 2086 1422
f 1422 2086 2087
f 1422 2087 1423
f 1423 2087 2088
f 1423 2088 1425
f 1425 2088 2089
f 1425 2089 1426
f 1426 2089 2090
f 1426 2090 1428
f 1428 2090 2091
f 1428 2091 1429
f 1429 2091 2092
f 1429 2092 1431
f 1431 2092 2093
f 1431 2093 1432
f 1432 2093 2094
f 1432 2094 1433
f 1433 2094 2095
f 1433 2095 1435
f 1435 2095 2096
f 1435 2096 1436
f 1436 2096 2097
f 1436 2097 1438
f 1438 2097 2098
f 1438 2098 1440
f 1440 2098 2099
f 1440 2099 1441
f 1441 2099 2100
f 1441 2100 1442
f 1442 2100 2101
f 1442 2101 1444
f 1444 2101 2102
f 1444 2102 1445
f 1445 2102 2103
f 1445 2103 1447
f 1447 2103 2104
f 1447 2104 1448
f 1448 2104 2105
f 1448 2105 1450
f 1450 2105 2106
f 1450 2106 1451
f 1451 2106 2107
f 1451 2107 1453
f 1453 2107 2108
f 1453 2108 1454
f 1454 2108 2109
f 1454 2109 1456
f 1456 2109 2110
f 1456 2110 1458
f 1458 2110 2111
f 1458 2111 1459
f 1459 2111 2112
f 1459 2112 1461
f 1461 2112 2113
f 1461 2113 1462
f 1462 2113 2114
f 1462 2114 1464
f 1464 2114 2115
f 1464 2115 1465
f 1465 2115 2116
f 1465 2116 1466
f 1466 2116 2117
f 1466 2117 1468
f 1468 2117 2118
f 1468 2118 1469
f 1469 2118 2119
f 1469 2119 1418
f 1418 2119 2084
f 2119 2120 2084
f 2084 2120 2121
f 2084 2121 2085
f 2085 2121 2122
f 2085 2122 2086
f 2086 2122 2123
f 2086 2123 2087
f 2087 2123 2124
f 2087 2124 2088
f 2088 2124 2125
f 2088 2125 2089
f 2089 2125 2126
f 2089 2126 2090
f 2090 2126 2127
f 2090 2127 2091
f 2091 2127 2128
f 2091 2128 2092
f 2092 2128 2129
f 2092 2129 2093
f 2093 2129 2130
f 2093 2130 2094
f 2094 2130 2131
f 2094 2131 2095
f 2095 2131 2132
f 2095 2132 2096
f 2096 2132 2133
f 2096 2133 2097
f 2097 2133 2134
f 2097 2134 2098
f 2098 2134 2135
f 2098 2135 2099
f 2099 2135 2136
f 2099 2136 2100
f 2100 2136 2137
f 2100 2137 2101
f 2101 2137 2138
f 2101 2138 2102
f 2102 2138 2139
f 2102 2139 2103
f 2103 2139 2140
f 2103 2140 2104
f 2104 2140 2141
f 2104 2141 2105
f 2105 2141 2142
f 2105 2142 2106
f 2106 2142 2143
f 2106 2143 2107
f 2107 2143 2144
f 2107 2144 2108
f 2108 2144 2145
f 2108 2145 2109
f 2109 2145 2146
f 2109 2146 2110
f 2110 2146 2147
f 2110 2147 2111
f 2111 2147 2148
f 2111 2148 2112
f 2112 2148 2149
f 2112 2149 2113
f 2113 2149 2150
f 2113 2150 2114
f 2114 2150 2151
f 2114 2151 2115
f 2115 2151 2152
f 2115 2152 2116
f 2116 2152 2153
f 2116 2153 2117
f 2117 2153 2154
f 2117 2154 2118
f 2118 2154 2155
f 2118 2155 2119
f 2119 2155 2120
f 2155 441 2120
f 2120 441 451
f 2120 451 2121
f 2121 451 452
f 2121 452 2122
f 2122 452 405
f 2122 405 2123
f 2123 405 404
f 2123 404 2124
f 2124 404 450
f 2124 450 2125
f 2125 450 449
f 2125 449 2126
f 2126 449 448
f 2126 448 2127
f 2127 448 438
f 2127 438 2128
f 2128 438 437
f 2128 437 2129
f 2129 437 436
f 2129 436 2130
f 2130 436 435
f 2130 435 2131
f 2131 435 434
f 2131 434 2132
f 2132 434 433
f 2132 433 2133
f 2133 433 432
f 2133 432 2134
f 2134 432 403
f 2134 403 2135
f 2135 403 402
f 2135 402 2136
f 2136 402 401
f 2136 401 2137
f 2137 401 400
f 2137 400 2138
f 2138 400 395
f 2138 395 2139
f 2139 395 396
f 2139 396 2140
f 2140 396 397
f 2140 397 2141
f 2141 397 413
f 2141 413 2142
f 2142 413 410
f 2142 410 2143
f 2143 410 411
f 2143 411 2144
f 2144 411 412
f 2144 412 2145
f 2145 412 417
f 2145 417 2146
f 2146 417 418
f 2146 418 2147
f 2147 418 447
f 2147 447 2148
f 2148 447 446
f 2148 446 2149
f 2149 446 445
f 2149 445 2150
f 2150 445 429
f 2150 429 2151
f 2151 429 430
f 2151 430 2152
f 2152 430 431
f 2152 431 2153
f 2153 431 427
f 2153 427 2154
f 2154 427 421
f 2154 421 2155
f 2155 421 441
f 2156 2157 2158
f 2158 2157 2159
f 2158 2159 2160
f 2160 2159 2161
f 2160 2161 2162
f 2162 2161 2163
f 2162 2163 2164
f 2164 2163 2165
f 2164 2165 2166
f 2166 2165 2167
f 2166 2167 2168
f 2168 2167 2169
f 2168 2169 2170
f 2170 2169 2171
f 2170 2171 2172
f 2172 2171 2173
f 2172 2173 2174
f 2174 2173 2175
f 2174 2175 2176
f 2176 2175 2177
f 2176 2177 2178
f 2178 2177 2179
f 2178 2179 2156
f 2156 2179 2157
f 2180 2181 2182
f 2182 2181 2183
f 2182 2183 2184
f 2184 2183 2185
f 2184 2185 2186
f 2186 2185 2187
f 2186 2187 2188
f 2188 2187 2189
f 2188 2189 2190
f 2190 2189 2191
f 2190 2191 2192
f 2192 2191 2193
f 2192 2193 2194
f 2194 2193 2195
f 2194 2195 2196
f 2196 2195 2197
f 2180 2198 2181
f 2181 2198 2199
f 2181 2199 2197
f 2197 2199 2200
f 2197 2200 2196
f 2166 2168 2201
f 2201 2168 2202
f 2168 2170 2202
f 2202 2170 2172
f 2202 2172 2203
f 2203 2172 2174
f 2203 2174 2204
f 2204 2174 2176
f 2204 2176 2205
f 2205 2176 2178
f 2205 2178 2206
f 2206 2178 2156
f 2206 2156 2207
f 2207 2156 2158
f 2207 2158 2208
f 2208 2158 2160
f 2208 2160 2209
f 2209 2160 2162
f 2209 2162 2201
f 2201 2162 2164
f 2201 2164 2166
f 2210 2211 2212
f 2212 2211 2213
f 2212 2213 2214
f 2214 2213 2215
f 2214 2215 2216
f 2217 2218 2219
f 2220 2221 2222
f 2223 2224 2225
f 2226 2227 2225
f 2225 2227 2210
f 2225 2210 2223
f 2223 2210 2212
f 2222 2221 2228
f 2221 2229 2228
f 2228 2229 2230
f 2228 2230 2226
f 2226 2230 2231
f 2226 2231 2227
f 2220 2222 2232
f 2232 2222 2233
f 2232 2233 2234
f 2234 2233 2235
f 2234 2235 2236
f 2237 2238 2239
f 2239 2238 2240
f 2239 2240 2219
f 2241 2217 2242
f 2242 2217 2219
f 2242 2219 2243
f 2243 2219 2240
f 2244 2245 2246
f 2246 2245 2241
f 2246 2241 2247
f 2247 2241 2242
f 2248 2249 2250
f 2250 2249 2251
f 2250 2251 2252
f 2252 2251 2253
f 2252 2253 2254
f 2254 2253 2255
f 2254 2255 2256
f 2256 2255 2245
f 2256 2245 2257
f 2257 2245 2244
f 2250 2238 2248
f 2248 2238 2237
f 2248 2237 2258
f 2258 2237 2216
f 2258 2216 2236
f 2236 2216 2215
f 2236 2215 2234
f 2259 2260 2261
f 2262 2263 2264
f 2265 2264 2266
f 2266 2264 2263
f 2266 2263 2267
f 2268 2269 2270
f 2271 2267 2272
f 2273 2274 2275
f 2276 2277 2278
f 2267 2263 2272
f 2272 2263 2279
f 2272 2279 2280
f 2261 2281 2259
f 2259 2281 2282
f 2259 2282 2283
f 2283 2282 2284
f 2283 2284 2265
f 2265 2284 2285
f 2265 2285 2264
f 2286 2287 2288
f 2288 2287 2289
f 2288 2289 2260
f 2260 2289 2290
f 2260 2290 2261
f 2272 2276 2271
f 2271 2276 2291
f 2271 2291 2292
f 2292 2291 2293
f 2294 2295 2296
f 2296 2295 2297
f 2296 2297 2298
f 2298 2297 2299
f 2298 2299 2293
f 2293 2299 2300
f 2293 2300 2292
f 2278 2301 2276
f 2276 2301 2302
f 2276 2302 2291
f 2278 2303 2301
f 2301 2303 2304
f 2301 2304 2305
f 2288 2268 2286
f 2286 2268 2270
f 2286 2270 2306
f 2306 2270 2262
f 2306 2262 2307
f 2307 2262 2264
f 2294 2308 2295
f 2295 2308 2309
f 2295 2309 2310
f 2304 2273 2305
f 2305 2273 2275
f 2305 2275 2311
f 2311 2275 2310
f 2311 2310 2312
f 2312 2310 2309
f 2313 2314 2315
f 2315 2314 2316
f 2317 2318 2319
f 2319 2318 2320
f 2321 2322 2323
f 2323 2322 2324
f 2325 2326 2327
f 2327 2326 2328
f 2329 2330 2331
f 2331 2330 366
f 2332 368 2333
f 2333 368 2334
f 3328 2284 3329
f 2331 376 2335
f 3329 2284 2282
f 2335 374 2336
f 3329 2282 3333
f 2336 372 2337
f 3333 2282 2281
f 2337 370 2338
f 3333 2281 3331
f 2338 368 2332
f 2330 2329 2339
f 2330 2339 2340
f 2340 2339 2341
f 2340 2341 2342
f 2342 2341 2343
f 2342 2343 2344
f 2344 2343 2345
f 2344 2345 2346
f 2346 2345 2315
f 2346 2315 2316
f 2326 2325 2347
f 2326 2347 2348
f 2348 2347 2349
f 2348 2349 2350
f 2350 2349 2351
f 2350 2351 2352
f 2352 2351 2353
f 2352 2353 2354
f 2354 2353 2323
f 2354 2323 2324
f 2327 2328 2355
f 2327 2355 2356
f 2356 2355 2357
f 2356 2357 2358
f 2358 2357 2359
f 2358 2359 2360
f 2360 2359 2361
f 2360 2361 2362
f 2362 2361 2318
f 2362 2318 2317
f 2363 2364 2365
f 2366 2363 2367
f 2367 2363 2365
f 2367 2365 2368
f 2368 2365 2369
f 2368 2369 2370
f 2370 2369 2371
f 2372 2373 2374
f 2375 2376 2377
f 2374 2378 2372
f 2372 2378 2375
f 2372 2375 2379
f 2379 2375 2377
f 2379 2377 2380
f 2381 2382 2383
f 2384 2385 2386
f 2386 2385 2387
f 2386 2387 2383
f 2383 2387 2388
f 2383 2388 2381
f 2381 2388 2389
f 2390 2391 2392
f 2393 2394 2395
f 2392 2396 2390
f 2390 2396 2393
f 2390 2393 2397
f 2397 2393 2395
f 2397 2395 2398
f 2371 2369 2399
f 2371 2399 2400
f 2400 2399 2322
f 2400 2322 2321
f 2334 2378 2333
f 2333 2378 2374
f 2319 2320 2401
f 2319 2401 2402
f 2402 2401 2396
f 2402 2396 2392
f 2386 2314 2384
f 2384 2314 2313
f 2403 2404 2405
f 2406 2407 2408
f 2408 2407 2409
f 2408 2409 2410
f 2410 2409 2411
f 2410 2411 2412
f 2274 2273 2413
f 2413 2273 2414
f 2414 2273 2415
f 2414 2415 2416
f 2416 2415 2417
f 2416 2417 2405
f 2405 2417 2418
f 2405 2418 2403
f 2219 2218 2419
f 2219 2419 2420
f 2420 2419 2421
f 2420 2421 2422
f 2422 2421 2423
f 2422 2423 2424
f 2424 2423 2425
f 2424 2425 2426
f 2426 2425 2427
f 2426 2427 2428
f 2428 2427 2429
f 2429 2427 2430
f 2430 2427 2431
f 2430 2431 2432
f 2433 2434 2435
f 2436 2437 2438
f 2438 2437 2439
f 2438 2439 2440
f 2440 2439 2441
f 2440 2441 2411
f 2411 2441 2442
f 2411 2442 2412
f 2403 2443 2404
f 2404 2443 2444
f 2404 2444 2445
f 2432 2431 2446
f 2446 2431 2447
f 2446 2447 2435
f 2435 2447 2448
f 2435 2448 2433
f 2436 2449 2437
f 2437 2449 2450
f 2437 2450 2451
f 2451 2450 2434
f 2451 2434 2452
f 2452 2434 2433
f 2444 2453 2445
f 2445 2453 2454
f 2445 2454 2455
f 2455 2454 2456
f 2455 2456 2457
f 2457 2456 2434
f 2457 2434 2458
f 2458 2434 2450
f 2459 2224 2223
f 2460 2461 2462
f 2462 2461 2463
f 2462 2463 2464
f 2464 2463 2465
f 2464 2465 2466
f 2467 2270 2269
f 2270 2467 2468
f 2468 2467 2469
f 2468 2469 2470
f 2470 2469 2471
f 2470 2471 2472
f 2472 2471 2473
f 2472 2473 2474
f 2474 2473 2475
f 2474 2475 2476
f 2477 2478 2479
f 2479 2478 2480
f 2479 2480 2481
f 2481 2480 2482
f 2481 2482 2483
f 2483 2482 2484
f 2483 2484 2465
f 2465 2484 2485
f 2465 2485 2466
f 2486 2487 2488
f 2488 2487 2489
f 2488 2489 2490
f 2491 2492 2493
f 2493 2492 2459
f 2493 2459 2223
f 2494 2495 2475
f 2475 2495 2496
f 2475 2496 2476
f 2497 2498 2499
f 2499 2498 2500
f 2499 2500 2494
f 2494 2500 2501
f 2494 2501 2495
f 2490 2489 2502
f 2502 2489 2503
f 2502 2503 2491
f 2491 2503 2504
f 2491 2504 2492
f 2486 2505 2487
f 2487 2505 2506
f 2487 2506 2507
f 2507 2506 2508
f 2507 2508 2509
f 2509 2508 2510
f 2509 2510 2511
f 2511 2510 2498
f 2511 2498 2512
f 2512 2498 2513
f 2497 2514 2498
f 2498 2514 2477
f 2498 2477 2513
f 2513 2477 2479
f 2515 2516 2517
f 2517 2516 2518
f 2519 2520 2521
f 2521 2520 2522
f 2521 2522 2523
f 2524 2525 2526
f 2524 2526 2527
f 2527 2526 2528
f 2527 2528 2529
f 2525 2524 2530
f 2530 2524 2531
f 2530 2531 2532
f 436 2533 2534
f 2533 436 2535
f 2535 436 2536
f 2535 2536 2537
f 2522 2538 2523
f 2523 2538 2539
f 2523 2539 2540
f 2540 2539 2541
f 2529 2542 2527
f 2527 2542 2543
f 2527 2543 2541
f 2541 2543 2544
f 2541 2544 2540
f 2515 2517 2545
f 2545 2517 2546
f 2545 2546 2531
f 2531 2546 2547
f 2531 2547 2532
f 2516 2548 2518
f 2518 2548 2549
f 2518 2549 2550
f 2550 2549 2551
f 2550 2551 2552
f 2552 2551 2553
f 2552 2553 2554
f 2534 2555 436
f 436 2555 2556
f 436 2556 2557
f 2557 2556 2558
f 2557 2558 2553
f 2553 2558 2559
f 2553 2559 2554
f 2519 2521 2536
f 2536 2521 2560
f 2536 2560 2537
f 2561 2562 2563
f 2563 2562 2564
f 2562 2565 2564
f 2564 2565 2566
f 2564 2566 2567
f 2567 2566 2568
f 2567 2568 2569
f 2569 2568 2570
f 2570 2568 2571
f 2570 2571 2572
f 2572 2571 2573
f 2573 2571 2574
f 2573 2574 2575
f 2576 2577 2578
f 2578 2577 2579
f 2578 2579 2580
f 2575 2574 2581
f 2581 2574 2582
f 2581 2582 2583
f 2583 2582 2584
f 2584 2582 2585
f 2584 2585 2586
f 2576 2578 2585
f 2585 2578 2587
f 2585 2587 2586
f 2588 2589 2590
f 2579 2591 2580
f 2580 2591 2592
f 2580 2592 2593
f 2593 2592 2588
f 2593 2588 2594
f 2594 2588 2590
f 2595 2596 2589
f 2589 2596 2597
f 2589 2597 2590
f 2598 2599 2600
f 2600 2599 2601
f 2561 2563 2600
f 2600 2563 2602
f 2600 2602 2598
f 2599 2603 2601
f 2601 2603 2604
f 2601 2604 2595
f 2595 2604 2605
f 2595 2605 2596
f 2606 2607 2608
f 2608 2607 2609
f 2609 2278 2608
f 2608 2278 2277
f 2608 2277 2610
f 2610 2277 2611
f 2610 2611 2612
f 2612 2611 2613
f 2612 2613 2614
f 2614 2613 2280
f 2615 2616 2617
f 2617 2616 2614
f 2617 2614 2279
f 2279 2614 2280
f 2618 2619 2620
f 2620 2619 2621
f 2620 2621 2622
f 2622 2621 2623
f 2622 2623 2398
f 2398 2623 2397
f 2389 2388 2618
f 2618 2388 2619
f 2616 2615 2624
f 2612 2614 2625
f 2625 2614 2616
f 2616 2624 2625
f 2625 2624 2366
f 2625 2366 2367
f 2626 2607 2606
f 2626 2606 2380
f 2608 2610 2606
f 2606 2610 2379
f 2606 2379 2380
f 2627 2628 2629
f 2629 2628 2630
f 2631 2632 2633
f 2633 2632 2634
f 2635 2372 2379
f 2635 2379 2636
f 2388 2387 2637
f 2637 2638 2388
f 2388 2638 2639
f 2388 2639 2619
f 2397 2623 2628
f 2390 2397 2640
f 2640 2397 2628
f 2640 2628 2641
f 2641 2628 2642
f 2623 2621 2628
f 2628 2621 2619
f 2628 2619 2630
f 2630 2619 2639
f 2368 2643 2367
f 2367 2643 2644
f 2367 2644 2625
f 2625 2644 2645
f 2625 2645 2634
f 2646 2634 2628
f 2628 2634 2632
f 2628 2632 2642
f 2636 2379 2646
f 2646 2379 2610
f 2646 2610 2634
f 2634 2610 2612
f 2634 2612 2625
f 2647 2253 2648
f 2648 2253 2251
f 2648 2251 2649
f 2649 2251 2249
f 2649 2249 2650
f 2650 2249 2248
f 2651 2652 2653
f 2653 2652 2647
f 2647 2652 2654
f 2647 2654 2655
f 2653 2299 2297
f 2253 2647 2255
f 2255 2647 2656
f 2657 2658 2659
f 2659 2658 2660
f 2659 2660 2661
f 2661 2660 2662
f 2661 2662 2663
f 2663 2662 2664
f 2663 2664 2665
f 2666 2667 2668
f 2668 2667 2669
f 2668 2669 2655
f 2665 2664 2670
f 2670 2664 2671
f 2670 2671 2666
f 2666 2671 2672
f 2666 2672 2667
f 2297 2673 2653
f 2653 2673 2674
f 2653 2674 2651
f 2651 2674 2675
f 2651 2675 2676
f 2676 2675 2677
f 2676 2677 2678
f 2678 2677 2679
f 2678 2679 2657
f 2657 2679 2680
f 2657 2680 2658
f 2669 2681 2655
f 2655 2681 2682
f 2655 2682 2647
f 2647 2682 2683
f 2647 2683 2656
f 2684 2271 2685
f 2685 2271 2292
f 2685 2292 2686
f 2686 2292 2300
f 2686 2300 2653
f 2653 2300 2299
f 2684 2687 2271
f 2271 2687 2267
f 2688 2283 2689
f 2689 2283 2265
f 2689 2265 2690
f 2690 2265 2266
f 2690 2266 2687
f 2687 2266 2267
f 2691 2692 2693
f 2693 2692 2694
f 2693 2694 2695
f 2695 2694 2696
f 2695 2696 2697
f 2233 2222 2698
f 2698 2222 2699
f 2698 2699 2700
f 2701 2702 2688
f 2688 2702 2703
f 2688 2698 2701
f 2701 2698 2700
f 2701 2700 2704
f 2704 2700 2705
f 2704 2705 2691
f 2691 2705 2706
f 2691 2706 2692
f 2283 2688 2259
f 2259 2688 2707
f 2696 2708 2697
f 2697 2708 2709
f 2697 2709 2710
f 2710 2709 2711
f 2710 2711 2712
f 2712 2711 2713
f 2712 2713 2714
f 2714 2713 2715
f 2714 2715 2716
f 2716 2715 2717
f 2716 2717 2718
f 2718 2717 2719
f 2718 2719 2703
f 2719 2720 2703
f 2703 2720 2721
f 2703 2721 2688
f 2688 2721 2722
f 2688 2722 2707
f 2723 2258 2724
f 2724 2258 2236
f 2724 2236 2725
f 2725 2236 2235
f 2725 2235 2698
f 2698 2235 2233
f 2723 2650 2258
f 2258 2650 2248
f 2723 2724 2725
f 2689 2690 2688
f 2688 2690 2687
f 2688 2687 2698
f 2684 2685 2686
f 2648 2649 2647
f 2647 2649 2650
f 2647 2650 2723
f 2725 2698 2723
f 2723 2698 2687
f 2723 2687 2647
f 2647 2687 2684
f 2647 2684 2653
f 2653 2684 2686
f 2632 2631 2726
f 2632 2726 2642
f 2642 2726 2727
f 2642 2727 2641
f 2641 2727 2728
f 2641 2728 2640
f 2640 2728 2391
f 2640 2391 2390
f 2633 2634 2645
f 2633 2645 2729
f 2729 2645 2644
f 2729 2644 2730
f 2730 2644 2643
f 2730 2643 2731
f 2731 2643 2368
f 2731 2368 2370
f 2628 2627 2732
f 2628 2732 2646
f 2646 2732 2733
f 2646 2733 2636
f 2636 2733 2734
f 2636 2734 2635
f 2635 2734 2373
f 2635 2373 2372
f 2629 2630 2639
f 2629 2639 2735
f 2735 2639 2638
f 2735 2638 2736
f 2736 2638 2637
f 2736 2637 2737
f 2737 2637 2387
f 2737 2387 2385
f 2738 2739 2740
f 2740 2739 2741
f 2742 2743 2744
f 2744 2743 2745
f 2744 2745 2746
f 2746 2745 2747
f 2746 2747 2748
f 2749 2750 2751
f 2749 2751 2747
f 2747 2751 2752
f 2747 2752 2748
f 2753 2754 2755
f 2753 2755 2749
f 2749 2755 2756
f 2749 2756 2750
f 2754 2753 2757
f 2757 2753 2758
f 2757 2758 2759
f 2759 2758 2760
f 2760 2758 2761
f 2740 2741 2762
f 2762 2741 2763
f 2762 2763 2764
f 2765 2766 2767
f 2767 2766 2768
f 2767 2768 2763
f 2763 2768 2769
f 2763 2769 2764
f 2770 2743 2742
f 2742 2771 2770
f 2770 2771 2772
f 2770 2772 2767
f 2767 2772 2773
f 2767 2773 2765
f 2739 2393 2396
f 2763 2741 2318
f 2318 2741 2320
f 2747 2350 2749
f 2749 2350 2352
f 2749 2352 2753
f 2753 2352 2354
f 2753 2354 2758
f 2758 2354 2324
f 2758 2324 2322
f 2318 2361 2763
f 2763 2361 2359
f 2763 2359 2767
f 2767 2359 2357
f 2767 2357 2770
f 2770 2357 2355
f 2770 2355 2743
f 2743 2355 2328
f 2743 2328 2745
f 2745 2328 2326
f 2745 2326 2747
f 2747 2326 2348
f 2747 2348 2350
f 2739 2396 2741
f 2741 2396 2401
f 2741 2401 2320
f 2365 2761 2369
f 2369 2761 2758
f 2369 2758 2399
f 2399 2758 2322
f 2774 2775 368
f 368 2775 2334
f 2386 2383 2776
f 2334 2775 2378
f 2378 2775 2777
f 2378 2777 2375
f 2778 2344 2779
f 2779 2344 2346
f 2779 2346 2780
f 2780 2346 2316
f 2780 2316 2776
f 2776 2316 2314
f 2776 2314 2386
f 3331 2281 2261
f 3331 2261 3332
f 2774 372 2781
f 3332 2261 2290
f 2781 374 2782
f 3332 2290 3324
f 2782 376 2783
f 3324 2290 2289
f 2783 366 2784
f 2784 366 2330
f 2784 2330 2785
f 2785 2330 2340
f 2785 2340 2778
f 2778 2340 2342
f 2778 2342 2344
f 2786 2784 2787
f 2787 2784 2785
f 2787 2785 2788
f 2778 2789 2790
f 2778 2790 2785
f 2785 2790 2791
f 2785 2791 2788
f 2779 2792 2793
f 2779 2793 2778
f 2778 2793 2794
f 2778 2794 2789
f 2792 2779 2795
f 2795 2779 2780
f 2795 2780 2796
f 2797 2783 2786
f 2786 2783 2784
f 2798 2775 2799
f 2799 2775 2774
f 2799 2774 2800
f 2801 2802 2781
f 2781 2802 2803
f 2781 2803 2774
f 2774 2803 2804
f 2774 2804 2800
f 2782 2783 2797
f 2797 2805 2782
f 2782 2805 2806
f 2782 2806 2781
f 2781 2806 2807
f 2781 2807 2801
f 2796 2780 2808
f 2808 2780 2776
f 2809 2777 2798
f 2798 2777 2775
f 2810 2811 2471
f 2471 2811 2812
f 2471 2812 2473
f 2473 2812 2813
f 2473 2813 2475
f 2475 2813 2814
f 2475 2814 2494
f 2815 2497 2814
f 2814 2497 2499
f 2814 2499 2494
f 2816 2514 2815
f 2815 2514 2497
f 2514 2816 2477
f 2477 2816 2817
f 2477 2817 2478
f 2478 2817 2818
f 2478 2818 2480
f 2480 2818 2819
f 2480 2819 2482
f 2820 2484 2819
f 2819 2484 2482
f 2811 2810 2821
f 2811 2821 2822
f 2821 2823 2822
f 2822 2823 2824
f 2822 2824 2825
f 2826 2827 2828
f 2828 2827 2825
f 2828 2825 2829
f 2829 2825 2824
f 2484 2820 2830
f 2484 2830 2485
f 2485 2830 2831
f 2485 2831 2466
f 2466 2831 2464
f 2464 2831 2832
f 2464 2832 2462
f 2833 2834 2835
f 2835 2834 2836
f 2835 2836 2837
f 2837 2836 2838
f 2838 2836 2839
f 2839 2836 2460
f 2839 2460 2840
f 2827 2826 2832
f 2832 2826 2841
f 2842 2840 2843
f 2841 2844 2832
f 2832 2844 2845
f 2832 2845 2462
f 2462 2845 2846
f 2462 2846 2847
f 2843 2840 2848
f 2848 2840 2460
f 2848 2460 2849
f 2849 2460 2462
f 2849 2462 2850
f 2850 2462 2851
f 2851 2462 2847
f 2851 2847 2852
f 2852 2847 2853
f 2852 2853 2854
f 2854 2853 2855
f 2854 2855 2856
f 2856 2855 2857
f 2856 2857 2858
f 2858 2857 2859
f 2858 2859 2860
f 2859 2861 2860
f 2860 2861 2862
f 2860 2862 2863
f 2863 2862 2864
f 2863 2864 2865
f 2865 2864 2866
f 2865 2866 2867
f 2867 2866 2868
f 2867 2868 2869
f 2869 2868 2842
f 2869 2842 2870
f 2870 2842 2843
f 2815 2827 2832
f 2819 2818 2817
f 2822 2825 2811
f 2811 2825 2827
f 2811 2827 2812
f 2812 2827 2815
f 2812 2815 2813
f 2813 2815 2814
f 2817 2816 2819
f 2819 2816 2815
f 2819 2815 2820
f 2820 2815 2832
f 2820 2832 2830
f 2830 2832 2831
f 2433 2871 2452
f 2452 2871 2872
f 2452 2872 2451
f 2451 2872 2873
f 2451 2873 2437
f 2437 2873 2874
f 2437 2874 2439
f 2875 2441 2874
f 2874 2441 2439
f 2876 2877 2423
f 2423 2877 2878
f 2423 2878 2425
f 2425 2878 2879
f 2425 2879 2427
f 2427 2879 2880
f 2427 2880 2431
f 2881 2448 2880
f 2880 2448 2447
f 2880 2447 2431
f 2871 2433 2881
f 2881 2433 2448
f 2441 2875 2882
f 2441 2882 2442
f 2442 2882 2883
f 2442 2883 2412
f 2412 2883 2410
f 2410 2883 2884
f 2410 2884 2408
f 2885 2886 2887
f 2877 2876 2888
f 2877 2888 2889
f 2888 2890 2889
f 2889 2890 2891
f 2889 2891 2887
f 2887 2891 2892
f 2887 2892 2885
f 2877 2875 2878
f 2878 2875 2874
f 2883 2882 2884
f 2884 2882 2875
f 2884 2875 2886
f 2886 2875 2877
f 2886 2877 2887
f 2887 2877 2889
f 2880 2879 2881
f 2881 2879 2878
f 2881 2878 2871
f 2871 2878 2874
f 2871 2874 2872
f 2872 2874 2873
f 2509 2893 2894
f 2509 2894 2507
f 2507 2894 2895
f 2507 2895 2487
f 2487 2895 2896
f 2487 2896 2489
f 2489 2896 2897
f 2489 2897 2503
f 2503 2897 2504
f 2504 2897 2898
f 2504 2898 2899
f 2900 2481 2901
f 2901 2481 2483
f 2481 2900 2902
f 2481 2902 2479
f 2479 2902 2903
f 2479 2903 2513
f 2904 2511 2903
f 2903 2511 2512
f 2903 2512 2513
f 2893 2509 2904
f 2904 2509 2511
f 2833 2905 2834
f 2834 2905 2906
f 2905 2907 2906
f 2906 2907 2908
f 2906 2908 2909
f 2899 2898 2910
f 2910 2898 2909
f 2910 2909 2911
f 2911 2909 2908
f 2460 2836 2461
f 2461 2836 2912
f 2461 2912 2463
f 2463 2912 2913
f 2463 2913 2465
f 2465 2913 2901
f 2465 2901 2483
f 2834 2906 2909
f 2895 2894 2896
f 2896 2894 2893
f 2896 2893 2897
f 2897 2893 2898
f 2904 2903 2902
f 2913 2912 2901
f 2901 2912 2836
f 2901 2836 2834
f 2909 2898 2834
f 2834 2898 2893
f 2834 2893 2901
f 2901 2893 2904
f 2901 2904 2900
f 2900 2904 2902
f 2457 2914 2455
f 2455 2914 2915
f 2455 2915 2445
f 2445 2915 2916
f 2445 2916 2404
f 2404 2916 2917
f 2404 2917 2405
f 2405 2917 2416
f 2416 2917 2918
f 2416 2918 2919
f 2920 2438 2921
f 2921 2438 2440
f 2438 2920 2922
f 2438 2922 2436
f 2436 2922 2923
f 2436 2923 2449
f 2924 2458 2923
f 2923 2458 2450
f 2923 2450 2449
f 2914 2457 2924
f 2924 2457 2458
f 2925 2926 2927
f 2925 2927 2928
f 2928 2927 2929
f 2928 2929 2930
f 2919 2918 2931
f 2931 2918 2930
f 2931 2930 2932
f 2932 2930 2929
f 2406 2933 2407
f 2407 2933 2934
f 2407 2934 2409
f 2409 2934 2935
f 2409 2935 2411
f 2411 2935 2921
f 2411 2921 2440
f 2926 2925 2936
f 2936 2925 2933
f 2936 2933 2937
f 2937 2933 2938
f 2938 2933 2939
f 2939 2933 2406
f 2939 2406 2940
f 2406 2941 2942
f 2886 2885 2884
f 2884 2885 2943
f 2406 2942 2940
f 2940 2942 2944
f 2940 2944 2945
f 2943 2946 2884
f 2884 2946 2947
f 2884 2947 2408
f 2408 2947 2948
f 2408 2948 2949
f 2941 2406 2950
f 2950 2406 2408
f 2950 2408 2951
f 2951 2408 2949
f 2951 2949 2952
f 2952 2949 2953
f 2952 2953 2954
f 2954 2953 2955
f 2954 2955 2956
f 2956 2955 2957
f 2956 2957 2958
f 2958 2957 2959
f 2958 2959 2960
f 2944 2961 2945
f 2945 2961 2962
f 2945 2962 2963
f 2963 2962 2964
f 2963 2964 2965
f 2965 2964 2966
f 2965 2966 2967
f 2967 2966 2968
f 2967 2968 2969
f 2969 2968 2960
f 2969 2960 2970
f 2970 2960 2959
f 2921 2918 2920
f 2920 2918 2917
f 2928 2930 2925
f 2925 2930 2918
f 2925 2918 2933
f 2933 2918 2921
f 2933 2921 2934
f 2934 2921 2935
f 2923 2922 2924
f 2924 2922 2920
f 2924 2920 2914
f 2914 2920 2917
f 2914 2917 2915
f 2915 2917 2916
f 2365 2364 2761
f 2761 2364 2760
f 2777 2809 2375
f 2375 2809 2376
f 2739 2738 2393
f 2393 2738 2394
f 2383 2382 2776
f 2776 2382 2808
f 2971 2720 2972
f 2972 2720 2719
f 2972 2719 2717
f 2972 2717 2973
f 2973 2717 2715
f 2973 2715 2974
f 2974 2715 2713
f 2974 2713 2975
f 2975 2713 2711
f 2975 2711 2976
f 2976 2711 2709
f 2976 2709 2977
f 2977 2709 2708
f 2977 2708 2978
f 2978 2708 2696
f 2978 2696 2979
f 2979 2696 2694
f 2979 2694 2980
f 2980 2694 2692
f 2980 2692 2981
f 2981 2692 2982
f 2982 2692 2706
f 2710 2712 2983
f 2714 2984 2712
f 2712 2984 2985
f 2712 2985 2983
f 2716 2986 2714
f 2714 2986 2987
f 2714 2987 2984
f 2718 2988 2716
f 2716 2988 2989
f 2716 2989 2986
f 2703 2990 2718
f 2718 2990 2991
f 2718 2991 2988
f 2702 2992 2703
f 2703 2992 2993
f 2703 2993 2990
f 2701 2994 2702
f 2702 2994 2995
f 2702 2995 2992
f 2704 2996 2701
f 2701 2996 2997
f 2701 2997 2994
f 2691 2998 2704
f 2704 2998 2999
f 2704 2999 2996
f 2693 3000 2691
f 2691 3000 3001
f 2691 3001 2998
f 2695 3002 2693
f 2693 3002 3003
f 2693 3003 3000
f 2697 3004 2695
f 2695 3004 3005
f 2695 3005 3002
f 2983 3006 2710
f 2710 3006 3007
f 2710 3007 2697
f 2697 3007 3008
f 2697 3008 3004
f 2982 2706 3009
f 3009 2706 2705
f 3009 2705 3010
f 3010 2705 2700
f 3010 2700 3011
f 3011 2700 2699
f 3011 2699 2228
f 2228 2699 2222
f 2260 2259 3012
f 3012 2259 2707
f 3012 2707 3013
f 3013 2707 2722
f 3013 2722 3014
f 3014 2722 2721
f 3014 2721 2971
f 2971 2721 2720
f 3015 2681 3016
f 3016 2681 2669
f 3016 2669 2667
f 3016 2667 3017
f 3017 2667 2672
f 3017 2672 3018
f 3018 2672 2671
f 3018 2671 3019
f 3019 2671 2664
f 3019 2664 3020
f 3020 2664 2662
f 3020 2662 3021
f 3021 2662 2660
f 3021 2660 3022
f 3022 2660 2658
f 3022 2658 3023
f 3023 2658 2680
f 3023 2680 3024
f 3024 2680 2679
f 3024 2679 3025
f 3025 2679 3026
f 3026 2679 2677
f 2652 2651 3027
f 2676 3028 2651
f 2651 3028 3029
f 2651 3029 3027
f 2678 3030 2676
f 2676 3030 3031
f 2676 3031 3028
f 2657 3032 2678
f 2678 3032 3033
f 2678 3033 3030
f 2659 3034 2657
f 2657 3034 3035
f 2657 3035 3032
f 2661 3036 2659
f 2659 3036 3037
f 2659 3037 3034
f 2670 3038 2665
f 2665 3038 3039
f 2665 3039 2663
f 2663 3039 3040
f 2663 3040 2661
f 2661 3040 3041
f 2661 3041 3036
f 2666 3042 2670
f 2670 3042 3043
f 2670 3043 3038
f 2668 3044 2666
f 2666 3044 3045
f 2666 3045 3042
f 2655 3046 2668
f 2668 3046 3047
f 2668 3047 3044
f 2654 3048 2655
f 2655 3048 3049
f 2655 3049 3046
f 3027 3050 2652
f 2652 3050 3051
f 2652 3051 2654
f 2654 3051 3052
f 2654 3052 3048
f 2681 3015 2682
f 2682 3015 3053
f 2682 3053 2683
f 2683 3053 3054
f 2683 3054 2656
f 2656 3054 3055
f 2656 3055 2255
f 2255 3055 2245
f 2297 2295 2673
f 2673 2295 3056
f 2673 3056 2674
f 2674 3056 3057
f 2674 3057 2675
f 2675 3057 3058
f 2675 3058 2677
f 2677 3058 3026
f 3059 3060 3061
f 3061 3060 3062
f 3063 3064 2611
f 2611 3064 2613
f 3064 3063 3065
f 3065 3063 3066
f 3065 3066 3067
f 3066 3068 3067
f 3067 3068 3069
f 3067 3069 3070
f 3071 3072 3069
f 3069 3072 3070
f 3072 3071 3073
f 3072 3073 3074
f 3074 3073 2181
f 3074 2181 2197
f 2201 2202 3075
f 2201 3075 3076
f 3076 3075 3062
f 3076 3062 3060
f 3063 2611 2277
f 2277 2276 3077
f 2181 3073 2277
f 2277 3073 3071
f 2277 3071 3069
f 3069 3068 2277
f 2277 3068 3066
f 2277 3066 3063
f 3077 3078 2277
f 2277 3078 3061
f 2277 3061 2181
f 2181 3061 3062
f 2203 2183 2202
f 2202 2183 2181
f 2202 2181 3075
f 3075 2181 3062
f 3079 2272 2280
f 3070 3072 2280
f 2280 3072 3074
f 2280 3074 2197
f 2195 2209 2197
f 2197 2209 2201
f 2197 2201 3076
f 3076 3060 2197
f 2197 3060 3059
f 2197 3059 2280
f 2280 3059 3080
f 2280 3080 3079
f 3067 3070 3065
f 3065 3070 2280
f 3065 2280 3064
f 3064 2280 2613
f 2209 2195 2193
f 2209 2193 2208
f 2208 2193 2191
f 2208 2191 2207
f 2207 2191 2189
f 2207 2189 2206
f 2206 2189 2187
f 2206 2187 2205
f 2205 2187 2185
f 2205 2185 2204
f 2204 2185 2183
f 2204 2183 2203
f 2165 3081 2167
f 2167 3081 3082
f 2167 3082 2169
f 2169 3082 3083
f 2169 3083 2171
f 2171 3083 3084
f 2171 3084 2173
f 2173 3084 3085
f 2173 3085 2175
f 2175 3085 3086
f 2175 3086 2177
f 2177 3086 3087
f 2177 3087 2179
f 2179 3087 3088
f 2179 3088 2157
f 2157 3088 3089
f 2157 3089 2159
f 2159 3089 3090
f 2159 3090 2161
f 2161 3090 3091
f 2161 3091 2163
f 2163 3091 3092
f 2163 3092 2165
f 2165 3092 3081
f 3089 2188 3090
f 3090 2188 2190
f 3090 2190 3091
f 3091 2190 2192
f 3091 2192 3092
f 3092 2192 2194
f 3092 2194 3081
f 3081 2194 2196
f 3081 2196 3082
f 3082 2196 2200
f 3082 2200 3083
f 3083 2200 2199
f 3083 2199 3084
f 3084 2199 2198
f 3084 2198 3085
f 3085 2198 2180
f 3085 2180 3086
f 3086 2180 2182
f 3086 2182 3087
f 3087 2182 2184
f 3087 2184 3088
f 3088 2184 2186
f 3088 2186 3089
f 3089 2186 2188
f 3093 3094 3095
f 3095 3094 3096
f 3095 3096 3097
f 3097 3096 3098
f 3097 3098 3099
f 3099 3098 3100
f 3099 3100 3101
f 3101 3100 3102
f 3101 3102 3103
f 3103 3102 3104
f 3103 3104 3105
f 3105 3104 3106
f 3105 3106 3107
f 3107 3106 3108
f 3107 3108 3109
f 3109 3108 3110
f 3109 3110 3111
f 3111 3110 3112
f 3111 3112 3113
f 3113 3112 3114
f 3113 3114 3115
f 3115 3114 3116
f 3115 3116 3117
f 3117 3116 3118
f 3117 3118 3119
f 3119 3118 3120
f 3119 3120 3121
f 3121 3120 3122
f 3121 3122 3123
f 3123 3122 3124
f 3123 3124 3125
f 3125 3124 3126
f 3125 3126 3127
f 3127 3126 3128
f 3127 3128 3129
f 3129 3128 3130
f 3129 3130 3095
f 3095 3130 3093
f 3131 3132 2565
f 3132 3133 2565
f 2565 3133 3134
f 2565 3134 2566
f 2566 3134 3135
f 2566 3135 2568
f 2568 3135 3136
f 2568 3136 2571
f 2571 3136 3137
f 2571 3137 2574
f 2574 3137 3138
f 2574 3138 2582
f 2582 3138 3139
f 2582 3139 2585
f 2585 3139 3140
f 2585 3140 2576
f 2576 3140 3141
f 2576 3141 2577
f 2577 3141 3142
f 2577 3142 2579
f 2579 3142 3143
f 2579 3143 2591
f 2591 3143 3144
f 2591 3144 2592
f 2592 3144 3145
f 2592 3145 2588
f 2588 3145 3146
f 2588 3146 2589
f 2589 3146 3147
f 2589 3147 2595
f 2595 3147 3148
f 2595 3148 2601
f 2601 3148 3149
f 2601 3149 2600
f 2600 3149 3150
f 2600 3150 2561
f 2561 3150 3131
f 2561 3131 2562
f 2562 3131 2565
f 3151 3152 3153
f 3153 3152 3154
f 3153 3154 3155
f 3155 3154 3156
f 3155 3156 3157
f 3157 3156 3158
f 3157 3158 3159
f 3159 3158 3160
f 3159 3160 3161
f 3161 3160 3162
f 3161 3162 3163
f 3163 3162 3164
f 3163 3164 3165
f 3165 3164 3166
f 3165 3166 3167
f 3167 3166 3168
f 3167 3168 3169
f 3169 3168 3170
f 3169 3170 3171
f 3171 3170 3172
f 3171 3172 3173
f 3173 3172 3174
f 3173 3174 3175
f 3175 3174 3176
f 3175 3176 3177
f 3177 3176 3178
f 3177 3178 3179
f 3179 3178 3180
f 3179 3180 3181
f 3181 3180 3182
f 3181 3182 3183
f 3183 3182 3184
f 3183 3184 3185
f 3185 3184 3186
f 3185 3186 3151
f 3151 3186 3152
f 3174 3172 3187
f 3187 3172 3170
f 3187 3170 3168
f 3180 3178 3187
f 3187 3178 3176
f 3187 3176 3174
f 3186 3184 3187
f 3187 3184 3182
f 3187 3182 3180
f 3156 3154 3187
f 3187 3154 3152
f 3187 3152 3186
f 3162 3160 3187
f 3187 3160 3158
f 3187 3158 3156
f 3168 3166 3187
f 3187 3166 3164
f 3187 3164 3162
f 3188 3189 3190
f 3190 3189 3191
f 3190 3191 3192
f 3192 3191 3193
f 3192 3193 3194
f 3194 3193 3195
f 3194 3195 3196
f 3196 3195 3197
f 3196 3197 3198
f 3198 3197 3199
f 3198 3199 3200
f 3200 3199 3201
f 3200 3201 3202
f 3202 3201 3203
f 3202 3203 3204
f 3204 3203 3205
f 3204 3205 3206
f 3206 3205 3207
f 3206 3207 3208
f 3208 3207 3209
f 3208 3209 3210
f 3210 3209 3211
f 3210 3211 3212
f 3212 3211 3213
f 3212 3213 3214
f 3214 3213 3215
f 3214 3215 3216
f 3216 3215 3217
f 3216 3217 3218
f 3218 3217 3219
f 3218 3219 3220
f 3220 3219 3221
f 3220 3221 3222
f 3222 3221 3223
f 3222 3223 3224
f 3224 3223 3188
f 3224 3188 3190
f 2522 3225 2538
f 2538 3225 3226
f 2538 3226 2539
f 2539 3226 3227
f 2539 3227 2541
f 2541 3227 3228
f 2541 3228 2527
f 2527 3228 3229
f 2527 3229 2524
f 2524 3229 3230
f 2524 3230 2531
f 2531 3230 3231
f 2531 3231 2545
f 2545 3231 3232
f 2545 3232 2515
f 2515 3232 3233
f 2515 3233 2516
f 2516 3233 3234
f 2516 3234 2548
f 2548 3234 3235
f 2548 3235 2549
f 2549 3235 3236
f 2549 3236 2551
f 2551 3236 3237
f 2551 3237 2553
f 2553 3237 3238
f 2553 3238 2557
f 2557 3238 3239
f 2557 3239 436
f 436 3239 3240
f 436 3240 2536
f 2536 3240 3241
f 2536 3241 2519
f 2519 3241 3242
f 2519 3242 2520
f 2520 3242 3243
f 2520 3243 2522
f 2522 3243 3225
f 3244 3245 3246
f 3246 3245 3247
f 3246 3247 3248
f 3248 3247 3249
f 3248 3249 3250
f 3250 3249 3251
f 3250 3251 3252
f 3252 3251 3253
f 3252 3253 3254
f 3254 3253 3255
f 3254 3255 3256
f 3256 3255 3257
f 3256 3257 3258
f 3258 3257 3259
f 3258 3259 3260
f 3260 3259 3261
f 3260 3261 3262
f 3262 3261 3263
f 3262 3263 3264
f 3264 3263 3265
f 3264 3265 3266
f 3266 3265 3267
f 3266 3267 3268
f 3268 3267 3269
f 3268 3269 3270
f 3270 3269 3271
f 3270 3271 3272
f 3272 3271 3273
f 3272 3273 3274
f 3274 3273 3275
f 3274 3275 3276
f 3276 3275 3277
f 3276 3277 3278
f 3278 3277 3279
f 3278 3279 3244
f 3244 3279 3245
f 3249 3247 3280
f 3280 3247 3245
f 3280 3245 3279
f 3255 3253 3280
f 3280 3253 3251
f 3280 3251 3249
f 3261 3259 3280
f 3280 3259 3257
f 3280 3257 3255
f 3267 3265 3280
f 3280 3265 3263
f 3280 3263 3261
f 3273 3271 3280
f 3280 3271 3269
f 3280 3269 3267
f 3279 3277 3280
f 3280 3277 3275
f 3280 3275 3273
f 3260 3192 3258
f 3258 3192 3194
f 3258 3194 3256
f 3256 3194 3196
f 3256 3196 3254
f 3254 3196 3198
f 3254 3198 3252
f 3252 3198 3200
f 3252 3200 3250
f 3250 3200 3202
f 3250 3202 3248
f 3248 3202 3204
f 3248 3204 3246
f 3246 3204 3206
f 3246 3206 3244
f 3244 3206 3208
f 3244 3208 3278
f 3278 3208 3210
f 3278 3210 3276
f 3276 3210 3212
f 3276 3212 3274
f 3274 3212 3214
f 3274 3214 3272
f 3272 3214 3216
f 3272 3216 3270
f 3270 3216 3218
f 3270 3218 3268
f 3268 3218 3220
f 3268 3220 3266
f 3266 3220 3222
f 3266 3222 3264
f 3264 3222 3224
f 3264 3224 3262
f 3262 3224 3190
f 3262 3190 3260
f 3260 3190 3192
f 3243 3207 3225
f 3225 3207 3205
f 3225 3205 3226
f 3226 3205 3203
f 3226 3203 3227
f 3227 3203 3201
f 3227 3201 3228
f 3228 3201 3199
f 3228 3199 3229
f 3229 3199 3197
f 3229 3197 3230
f 3230 3197 3195
f 3230 3195 3231
f 3231 3195 3193
f 3231 3193 3232
f 3232 3193 3191
f 3232 3191 3233
f 3233 3191 3189
f 3233 3189 3234
f 3234 3189 3188
f 3234 3188 3235
f 3235 3188 3223
f 3235 3223 3236
f 3236 3223 3221
f 3236 3221 3237
f 3237 3221 3219
f 3237 3219 3238
f 3238 3219 3217
f 3238 3217 3239
f 3239 3217 3215
f 3239 3215 3240
f 3240 3215 3213
f 3240 3213 3241
f 3241 3213 3211
f 3241 3211 3242
f 3242 3211 3209
f 3242 3209 3243
f 3243 3209 3207
f 3167 3097 3165
f 3165 3097 3099
f 3165 3099 3163
f 3163 3099 3101
f 3163 3101 3161
f 3161 3101 3103
f 3161 3103 3159
f 3159 3103 3105
f 3159 3105 3157
f 3157 3105 3107
f 3157 3107 3155
f 3155 3107 3109
f 3155 3109 3153
f 3153 3109 3111
f 3153 3111 3151
f 3151 3111 3113
f 3151 3113 3185
f 3185 3113 3115
f 3185 3115 3183
f 3183 3115 3117
f 3183 3117 3181
f 3181 3117 3119
f 3181 3119 3179
f 3179 3119 3121
f 3179 3121 3177
f 3177 3121 3123
f 3177 3123 3175
f 3175 3123 3125
f 3175 3125 3173
f 3173 3125 3127
f 3173 3127 3171
f 3171 3127 3129
f 3171 3129 3169
f 3169 3129 3095
f 3169 3095 3167
f 3167 3095 3097
f 3096 3094 3132
f 3132 3094 3133
f 3094 3093 3133
f 3133 3093 3130
f 3133 3130 3134
f 3134 3130 3128
f 3134 3128 3135
f 3135 3128 3126
f 3135 3126 3136
f 3136 3126 3124
f 3136 3124 3137
f 3137 3124 3122
f 3137 3122 3138
f 3138 3122 3120
f 3138 3120 3139
f 3139 3120 3118
f 3139 3118 3140
f 3140 3118 3116
f 3140 3116 3141
f 3141 3116 3114
f 3141 3114 3142
f 3142 3114 3112
f 3142 3112 3143
f 3143 3112 3110
f 3143 3110 3144
f 3144 3110 3108
f 3144 3108 3145
f 3145 3108 3106
f 3145 3106 3146
f 3146 3106 3104
f 3146 3104 3147
f 3147 3104 3102
f 3147 3102 3148
f 3148 3102 3100
f 3148 3100 3149
f 3149 3100 3098
f 3149 3098 3150
f 3150 3098 3096
f 3150 3096 3131
f 3131 3096 3132
f 2843 2848 2996
f 2996 2999 2843
f 2843 2999 2998
f 2843 2998 2870
f 2998 3001 2870
f 2870 3001 3000
f 2870 3000 2869
f 2869 3000 3003
f 2869 3003 2867
f 2867 3003 3002
f 2867 3002 2865
f 3002 3005 2865
f 2865 3005 3004
f 2865 3004 2863
f 3004 3008 2863
f 2863 3008 3007
f 2863 3007 2860
f 2860 3007 3006
f 2860 3006 2858
f 3006 2983 2858
f 2858 2983 2985
f 2858 2985 2856
f 2985 2984 2856
f 2856 2984 2987
f 2856 2987 2854
f 2987 2986 2854
f 2854 2986 2989
f 2854 2989 2852
f 2989 2988 2852
f 2852 2988 2991
f 2852 2991 2851
f 2991 2990 2851
f 2851 2990 2993
f 2851 2993 2850
f 2993 2992 2850
f 2850 2992 2995
f 2850 2995 2849
f 2849 2995 2994
f 2849 2994 2848
f 2848 2994 2997
f 2848 2997 2996
f 2956 2958 3038
f 3038 3043 2956
f 2956 3043 3042
f 2956 3042 2954
f 3042 3045 2954
f 2954 3045 3044
f 2954 3044 2952
f 3044 3047 2952
f 2952 3047 3046
f 2952 3046 2951
f 3046 3049 2951
f 2951 3049 3048
f 2951 3048 2950
f 3048 3052 2950
f 2950 3052 3051
f 2950 3051 2941
f 2941 3051 3050
f 2941 3050 2942
f 3050 3027 2942
f 2942 3027 3029
f 2942 3029 2944
f 3029 3028 2944
f 2944 3028 3031
f 2944 3031 2961
f 2961 3031 3030
f 2961 3030 2962
f 2962 3030 3033
f 2962 3033 2964
f 3033 3032 2964
f 2964 3032 3035
f 2964 3035 2966
f 3035 3034 2966
f 2966 3034 3037
f 2966 3037 2968
f 3037 3036 2968
f 2968 3036 3041
f 2968 3041 2960
f 2960 3041 3040
f 2960 3040 2958
f 2958 3040 3039
f 2958 3039 3038
f 2810 2471 2469
f 2268 2829 2269
f 2269 2829 2824
f 2269 2824 2467
f 2467 2824 2823
f 2467 2823 2469
f 2469 2823 2821
f 2469 2821 2810
f 2288 2826 2268
f 2268 2826 2828
f 2268 2828 2829
f 2260 2841 2288
f 2288 2841 2826
f 2971 2847 3014
f 3014 2847 2846
f 3014 2846 3013
f 3013 2846 2845
f 3013 2845 3012
f 3012 2845 2844
f 3012 2844 2260
f 2260 2844 2841
f 2972 2853 2971
f 2971 2853 2847
f 2853 2972 2973
f 2853 2973 2855
f 2855 2973 2974
f 2855 2974 2857
f 2857 2974 2975
f 2857 2975 2859
f 2859 2975 2976
f 2859 2976 2861
f 2861 2976 2977
f 2861 2977 2862
f 2862 2977 2978
f 2862 2978 2864
f 2864 2978 2979
f 2864 2979 2866
f 2866 2979 2980
f 2866 2980 2868
f 2868 2980 2981
f 2868 2981 2842
f 2982 2840 2981
f 2981 2840 2842
f 2228 2835 3011
f 3011 2835 2837
f 3011 2837 3010
f 3010 2837 2838
f 3010 2838 3009
f 3009 2838 2839
f 3009 2839 2982
f 2982 2839 2840
f 2504 2899 2492
f 2492 2899 2910
f 2492 2910 2459
f 2833 2226 2905
f 2905 2226 2225
f 2905 2225 2907
f 2907 2225 2224
f 2907 2224 2908
f 2908 2224 2459
f 2908 2459 2911
f 2911 2459 2910
f 2226 2833 2228
f 2228 2833 2835
f 2927 2926 2310
f 2416 2919 2414
f 2414 2919 2931
f 2414 2931 2413
f 2931 2932 2413
f 2413 2932 2929
f 2413 2929 2274
f 2274 2929 2927
f 2274 2927 2275
f 2275 2927 2310
f 2936 2295 2926
f 2926 2295 2310
f 2295 2936 3056
f 3056 2936 2937
f 3056 2937 3057
f 3057 2937 2938
f 3057 2938 3058
f 3058 2938 2939
f 3058 2939 3026
f 3026 2939 2940
f 2945 3025 2940
f 2940 3025 3026
f 2953 3016 3017
f 2953 3017 2955
f 2955 3017 3018
f 2955 3018 2957
f 2957 3018 3019
f 2957 3019 2959
f 2959 3019 3020
f 2959 3020 2970
f 2970 3020 3021
f 2970 3021 2969
f 2969 3021 3022
f 2969 3022 2967
f 2967 3022 3023
f 2967 3023 2965
f 2965 3023 3024
f 2965 3024 2963
f 2963 3024 3025
f 2963 3025 2945
f 2949 3015 2953
f 2953 3015 3016
f 3015 2949 3053
f 3053 2949 2948
f 3053 2948 3054
f 3054 2948 2947
f 3054 2947 3055
f 3055 2947 2946
f 3055 2946 2245
f 2245 2946 2943
f 2885 2241 2943
f 2943 2241 2245
f 2876 2423 2421
f 2241 2885 2217
f 2217 2885 2892
f 2217 2892 2218
f 2218 2892 2891
f 2218 2891 2419
f 2419 2891 2890
f 2419 2890 2421
f 2421 2890 2888
f 2421 2888 2876
f 2276 2272 3079
f 2276 3079 3077
f 3077 3079 3080
f 3077 3080 3078
f 3078 3080 3059
f 3078 3059 3061
f 2529 2323 2353
f 2529 2353 2542
f 2542 2353 2351
f 2542 2351 2543
f 2543 2351 2349
f 2543 2349 2544
f 2544 2349 2347
f 2544 2347 2540
f 2540 2347 2325
f 2540 2325 2523
f 2327 2521 2325
f 2325 2521 2523
f 2528 2321 2529
f 2529 2321 2323
f 2521 2327 2356
f 2521 2356 2560
f 2560 2356 2358
f 2560 2358 2537
f 2537 2358 2360
f 2537 2360 2535
f 2535 2360 2362
f 2535 2362 2533
f 2533 2362 2317
f 2533 2317 2534
f 2525 2371 2400
f 2525 2400 2526
f 2526 2400 2321
f 2526 2321 2528
f 2319 2555 2317
f 2317 2555 2534
f 2530 2370 2525
f 2525 2370 2371
f 2555 2319 2402
f 2555 2402 2556
f 2556 2402 2392
f 2556 2392 2558
f 2517 2633 2729
f 2517 2729 2546
f 2546 2729 2730
f 2546 2730 2547
f 2547 2730 2731
f 2547 2731 2532
f 2532 2731 2370
f 2532 2370 2530
f 2391 2559 2392
f 2392 2559 2558
f 2518 2631 2517
f 2517 2631 2633
f 2559 2391 2728
f 2559 2728 2554
f 2554 2728 2727
f 2554 2727 2552
f 2552 2727 2726
f 2552 2726 2550
f 2550 2726 2631
f 2550 2631 2518
f 2564 2329 2563
f 2563 2329 2331
f 2573 2315 2345
f 2573 2345 2572
f 2572 2345 2343
f 2572 2343 2570
f 2570 2343 2341
f 2570 2341 2569
f 2569 2341 2339
f 2569 2339 2567
f 2567 2339 2329
f 2567 2329 2564
f 2563 2331 2335
f 2563 2335 2602
f 2602 2335 2336
f 2602 2336 2598
f 2598 2336 2337
f 2598 2337 2599
f 2599 2337 2338
f 2599 2338 2603
f 2603 2338 2332
f 2603 2332 2604
f 2575 2313 2573
f 2573 2313 2315
f 2333 2605 2332
f 2332 2605 2604
f 2384 2313 2581
f 2581 2313 2575
f 2333 2374 2605
f 2605 2374 2596
f 2583 2385 2581
f 2581 2385 2384
f 2373 2597 2374
f 2374 2597 2596
f 2578 2629 2735
f 2578 2735 2587
f 2587 2735 2736
f 2587 2736 2586
f 2586 2736 2737
f 2586 2737 2584
f 2584 2737 2385
f 2584 2385 2583
f 2597 2373 2734
f 2597 2734 2590
f 2590 2734 2733
f 2590 2733 2594
f 2594 2733 2732
f 2594 2732 2593
f 2593 2732 2627
f 2593 2627 2580
f 2580 2627 2578
f 2578 2627 2629
f 2303 2278 2609
f 2380 2304 2626
f 2626 2304 2303
f 2626 2303 2607
f 2607 2303 2609
f 2304 2380 2273
f 2273 2380 2377
f 2376 2415 2377
f 2377 2415 2273
f 2809 2417 2376
f 2376 2417 2415
f 2798 2418 2809
f 2809 2418 2417
f 2800 2804 3281
f 3281 2804 2443
f 2443 2804 2803
f 2443 2803 2444
f 2444 2803 2802
f 2444 2802 2801
f 2797 2434 2805
f 2805 2434 2456
f 2805 2456 2806
f 2418 2798 3281
f 3281 2798 2799
f 3281 2799 2800
f 2806 2456 2807
f 2807 2456 2454
f 2807 2454 2801
f 2801 2454 2453
f 2801 2453 2444
f 2786 2435 2797
f 2797 2435 2434
f 2796 2424 2795
f 2795 2424 2426
f 2435 2786 2446
f 2446 2786 2787
f 2787 2788 2446
f 2446 2788 2791
f 2446 2791 2432
f 2432 2791 2790
f 2432 2790 2430
f 2430 2790 2789
f 2430 2789 2429
f 2429 2789 2794
f 2429 2794 2428
f 2428 2794 2793
f 2428 2793 2426
f 2426 2793 2792
f 2426 2792 2795
f 2808 2422 2796
f 2796 2422 2424
f 2382 2420 2808
f 2808 2420 2422
f 2381 2219 2382
f 2382 2219 2420
f 2219 2381 2389
f 2219 2389 2239
f 2618 2237 2389
f 2389 2237 2239
f 2620 2216 2618
f 2618 2216 2237
f 2398 2212 2622
f 2622 2212 2214
f 2622 2214 2620
f 2620 2214 2216
f 2212 2398 2223
f 2223 2398 2395
f 2394 2493 2395
f 2395 2493 2223
f 2738 2491 2394
f 2394 2491 2493
f 2740 2502 2738
f 2738 2502 2491
f 2764 2769 2490
f 2490 2769 2488
f 2488 2769 2768
f 2488 2768 2486
f 2486 2768 2766
f 2486 2766 2765
f 2742 2510 2771
f 2771 2510 2508
f 2771 2508 2772
f 2502 2740 2490
f 2490 2740 2762
f 2490 2762 2764
f 2772 2508 2773
f 2773 2508 2506
f 2773 2506 2765
f 2765 2506 2505
f 2765 2505 2486
f 2744 2498 2742
f 2742 2498 2510
f 2759 2472 2757
f 2757 2472 2474
f 2498 2744 2500
f 2500 2744 2746
f 2746 2748 2500
f 2500 2748 2752
f 2500 2752 2501
f 2501 2752 2751
f 2501 2751 2495
f 2495 2751 2750
f 2495 2750 2496
f 2496 2750 2756
f 2496 2756 2476
f 2476 2756 2755
f 2476 2755 2474
f 2474 2755 2754
f 2474 2754 2757
f 2760 2470 2759
f 2759 2470 2472
f 2364 2468 2760
f 2760 2468 2470
f 2363 2270 2364
f 2364 2270 2468
f 2270 2363 2366
f 2270 2366 2262
f 2263 2615 2617
f 2263 2617 2279
f 2262 2366 2263
f 2263 2366 2624
f 2263 2624 2615
f 3282 3283 3284
f 3285 3283 3282
f 3282 3286 3287
f 3288 3286 3282
f 3284 3288 3282
f 3282 3289 3290
f 3291 3289 3282
f 3287 3291 3282
f 3282 3292 3293
f 3294 3292 3282
f 3290 3294 3282
f 3293 3285 3282
f 3285 2231 3283
f 3283 2231 2230
f 3283 2230 3284
f 3284 2230 2229
f 3284 2229 3288
f 3288 2229 2221
f 3288 2221 3286
f 3286 2221 2220
f 3286 2220 3287
f 3287 2220 2232
f 3287 2232 3291
f 3291 2232 2234
f 3291 2234 3289
f 3289 2234 2215
f 3289 2215 3290
f 3290 2215 2213
f 3290 2213 3294
f 3294 2213 2211
f 3294 2211 3292
f 3292 2211 2210
f 3292 2210 3293
f 3293 2210 2227
f 3293 2227 3285
f 3285 2227 2231
f 3295 3296 3297
f 3298 3296 3295
f 3295 3299 3300
f 3301 3299 3295
f 3297 3301 3295
f 3295 3302 3303
f 3304 3302 3295
f 3300 3304 3295
f 3295 3305 3306
f 3307 3305 3295
f 3303 3307 3295
f 3306 3298 3295
f 3298 2293 3296
f 3296 2293 2291
f 3296 2291 3297
f 3297 2291 2302
f 3297 2302 3301
f 3301 2302 2301
f 3301 2301 3299
f 3299 2301 2305
f 3299 2305 3300
f 3300 2305 2311
f 3300 2311 3304
f 3304 2311 2312
f 3304 2312 3302
f 3302 2312 2309
f 3302 2309 3303
f 3303 2309 2308
f 3303 2308 3307
f 3307 2308 2294
f 3307 2294 3305
f 3305 2294 2296
f 3305 2296 3306
f 3306 2296 2298
f 3306 2298 3298
f 3298 2298 2293
f 3308 3309 3310
f 3311 3309 3308
f 3308 3312 3313
f 3314 3312 3308
f 3310 3314 3308
f 3308 3315 3316
f 3317 3315 3308
f 3313 3317 3308
f 3308 3318 3319
f 3320 3318 3308
f 3316 3320 3308
f 3319 3311 3308
f 3311 2250 3309
f 3309 2250 2252
f 3309 2252 3310
f 3310 2252 2254
f 3310 2254 3314
f 3314 2254 2256
f 3314 2256 3312
f 3312 2256 2257
f 3312 2257 3313
f 3313 2257 2244
f 3313 2244 3317
f 3317 2244 2246
f 3317 2246 3315
f 3315 2246 2247
f 3315 2247 3316
f 3316 2247 2242
f 3316 2242 3320
f 3320 2242 2243
f 3320 2243 3318
f 3318 2243 2240
f 3318 2240 3319
f 3319 2240 2238
f 3319 2238 3311
f 3311 2238 2250
f 3321 3322 3323
f 3324 3322 3321
f 3321 3325 3326
f 3327 3325 3321
f 3323 3327 3321
f 3321 3328 3329
f 3330 3328 3321
f 3326 3330 3321
f 3321 3331 3332
f 3333 3331 3321
f 3329 3333 3321
f 3332 3324 3321
f 3324 2289 3322
f 3322 2289 2287
f 3322 2287 3323
f 3323 2287 2286
f 3323 2286 3327
f 3327 2286 2306
f 3327 2306 3325
f 3325 2306 2307
f 3325 2307 3326
f 3326 2307 2264
f 3326 2264 3330
f 3330 2264 2285
f 3330 2285 3328
f 3328 2285 2284

