solid exported
	facet normal 1 0 0
		outer loop
			vertex 10.256242752075195 4 0.19999998807907104
			vertex 10.256242752075195 0 0.19999998807907193
			vertex 10.256242752075195 4 0
		endloop
	endfacet
	facet normal 1 0 0
		outer loop
			vertex 10.256242752075195 4 0
			vertex 10.256242752075195 0 0.19999998807907193
			vertex 10.256242752075195 0 8.881784197001252e-16
		endloop
	endfacet
	facet normal 0 1 0
		outer loop
			vertex 10.036242485046387 4 0.19999998807907104
			vertex 10.256242752075195 4 0.19999998807907104
			vertex 10.036242485046387 4 0
		endloop
	endfacet
	facet normal 0 1 0
		outer loop
			vertex 10.036242485046387 4 0
			vertex 10.256242752075195 4 0.19999998807907104
			vertex 10.256242752075195 4 0
		endloop
	endfacet
	facet normal -1 0 0
		outer loop
			vertex 10.036242485046387 0 0.19999998807907193
			vertex 10.036242485046387 4 0.19999998807907104
			vertex 10.036242485046387 0 8.881784197001252e-16
		endloop
	endfacet
	facet normal -1 0 0
		outer loop
			vertex 10.036242485046387 0 8.881784197001252e-16
			vertex 10.036242485046387 4 0.19999998807907104
			vertex 10.036242485046387 4 0
		endloop
	endfacet
	facet normal 0 -1 0
		outer loop
			vertex 10.256242752075195 0 0.19999998807907193
			vertex 10.036242485046387 0 0.19999998807907193
			vertex 10.256242752075195 0 8.881784197001252e-16
		endloop
	endfacet
	facet normal 0 -1 0
		outer loop
			vertex 10.256242752075195 0 8.881784197001252e-16
			vertex 10.036242485046387 0 0.19999998807907193
			vertex 10.036242485046387 0 8.881784197001252e-16
		endloop
	endfacet
	facet normal 0 2.220446049250313e-16 1
		outer loop
			vertex 10.036242485046387 4 0.19999998807907104
			vertex 10.036242485046387 0 0.19999998807907193
			vertex 10.256242752075195 4 0.19999998807907104
		endloop
	endfacet
	facet normal 0 2.220446049250313e-16 1
		outer loop
			vertex 10.256242752075195 4 0.19999998807907104
			vertex 10.036242485046387 0 0.19999998807907193
			vertex 10.256242752075195 0 0.19999998807907193
		endloop
	endfacet
	facet normal 0 -2.220446049250313e-16 -1
		outer loop
			vertex 10.036242485046387 0 8.881784197001252e-16
			vertex 10.036242485046387 4 0
			vertex 10.256242752075195 0 8.881784197001252e-16
		endloop
	endfacet
	facet normal 0 -2.220446049250313e-16 -1
		outer loop
			vertex 10.256242752075195 0 8.881784197001252e-16
			vertex 10.036242485046387 4 0
			vertex 10.256242752075195 4 0
		endloop
	endfacet
	facet normal 1 0 0
		outer loop
			vertex 10.476242065429688 4 0.30000001192092896
			vertex 10.476242065429688 0 0.30000001192092984
			vertex 10.476242065429688 4 0
		endloop
	endfacet
	facet normal 1 0 0
		outer loop
			vertex 10.476242065429688 4 0
			vertex 10.476242065429688 0 0.30000001192092984
			vertex 10.476242065429688 0 8.881784197001252e-16
		endloop
	endfacet
	facet normal 0 1 0
		outer loop
			vertex 10.256242752075195 4 0.30000001192092896
			vertex 10.476242065429688 4 0.30000001192092896
			vertex 10.256242752075195 4 0
		endloop
	endfacet
	facet normal 0 1 0
		outer loop
			vertex 10.256242752075195 4 0
			vertex 10.476242065429688 4 0.30000001192092896
			vertex 10.476242065429688 4 0
		endloop
	endfacet
	facet normal -1 0 0
		outer loop
			vertex 10.256242752075195 0 0.30000001192092984
			vertex 10.256242752075195 4 0.30000001192092896
			vertex 10.256242752075195 0 8.881784197001252e-16
		endloop
	endfacet
	facet normal -1 0 0
		outer loop
			vertex 10.256242752075195 0 8.881784197001252e-16
			vertex 10.256242752075195 4 0.30000001192092896
			vertex 10.256242752075195 4 0
		endloop
	endfacet
	facet normal 0 -1 0
		outer loop
			vertex 10.476242065429688 0 0.30000001192092984
			vertex 10.256242752075195 0 0.30000001192092984
			vertex 10.476242065429688 0 8.881784197001252e-16
		endloop
	endfacet
	facet normal 0 -1 0
		outer loop
			vertex 10.476242065429688 0 8.881784197001252e-16
			vertex 10.256242752075195 0 0.30000001192092984
			vertex 10.256242752075195 0 8.881784197001252e-16
		endloop
	endfacet
	facet normal 0 2.220446049250313e-16 1
		outer loop
			vertex 10.256242752075195 4 0.30000001192092896
			vertex 10.256242752075195 0 0.30000001192092984
			vertex 10.476242065429688 4 0.30000001192092896
		endloop
	endfacet
	facet normal 0 2.220446049250313e-16 1
		outer loop
			vertex 10.476242065429688 4 0.30000001192092896
			vertex 10.256242752075195 0 0.30000001192092984
			vertex 10.476242065429688 0 0.30000001192092984
		endloop
	endfacet
	facet normal 0 -2.220446049250313e-16 -1
		outer loop
			vertex 10.256242752075195 0 8.881784197001252e-16
			vertex 10.256242752075195 4 0
			vertex 10.476242065429688 0 8.881784197001252e-16
		endloop
	endfacet
	facet normal 0 -2.220446049250313e-16 -1
		outer loop
			vertex 10.476242065429688 0 8.881784197001252e-16
			vertex 10.256242752075195 4 0
			vertex 10.476242065429688 4 0
		endloop
	endfacet
	facet normal 1 0 0
		outer loop
			vertex 10.696242332458496 4 0.3999999761581421
			vertex 10.696242332458496 0 0.399999976158143
			vertex 10.696242332458496 4 0
		endloop
	endfacet
	facet normal 1 0 0
		outer loop
			vertex 10.696242332458496 4 0
			vertex 10.696242332458496 0 0.399999976158143
			vertex 10.696242332458496 0 8.881784197001252e-16
		endloop
	endfacet
	facet normal 0 1 0
		outer loop
			vertex 10.476242065429688 4 0.3999999761581421
			vertex 10.696242332458496 4 0.3999999761581421
			vertex 10.476242065429688 4 0
		endloop
	endfacet
	facet normal 0 1 0
		outer loop
			vertex 10.476242065429688 4 0
			vertex 10.696242332458496 4 0.3999999761581421
			vertex 10.696242332458496 4 0
		endloop
	endfacet
	facet normal -1 0 0
		outer loop
			vertex 10.476242065429688 0 0.399999976158143
			vertex 10.476242065429688 4 0.3999999761581421
			vertex 10.476242065429688 0 8.881784197001252e-16
		endloop
	endfacet
	facet normal -1 0 0
		outer loop
			vertex 10.476242065429688 0 8.881784197001252e-16
			vertex 10.476242065429688 4 0.3999999761581421
			vertex 10.476242065429688 4 0
		endloop
	endfacet
	facet normal 0 -1 0
		outer loop
			vertex 10.696242332458496 0 0.399999976158143
			vertex 10.476242065429688 0 0.399999976158143
			vertex 10.696242332458496 0 8.881784197001252e-16
		endloop
	endfacet
	facet normal 0 -1 0
		outer loop
			vertex 10.696242332458496 0 8.881784197001252e-16
			vertex 10.476242065429688 0 0.399999976158143
			vertex 10.476242065429688 0 8.881784197001252e-16
		endloop
	endfacet
	facet normal 0 2.220446049250313e-16 1
		outer loop
			vertex 10.476242065429688 4 0.3999999761581421
			vertex 10.476242065429688 0 0.399999976158143
			vertex 10.696242332458496 4 0.3999999761581421
		endloop
	endfacet
	facet normal 0 2.220446049250313e-16 1
		outer loop
			vertex 10.696242332458496 4 0.3999999761581421
			vertex 10.476242065429688 0 0.399999976158143
			vertex 10.696242332458496 0 0.399999976158143
		endloop
	endfacet
	facet normal 0 -2.220446049250313e-16 -1
		outer loop
			vertex 10.476242065429688 0 8.881784197001252e-16
			vertex 10.476242065429688 4 0
			vertex 10.696242332458496 0 8.881784197001252e-16
		endloop
	endfacet
	facet normal 0 -2.220446049250313e-16 -1
		outer loop
			vertex 10.696242332458496 0 8.881784197001252e-16
			vertex 10.476242065429688 4 0
			vertex 10.696242332458496 4 0
		endloop
	endfacet
	facet normal 1 0 0
		outer loop
			vertex 10.916242599487305 4 0.5
			vertex 10.916242599487305 0 0.5000000000000009
			vertex 10.916242599487305 4 0
		endloop
	endfacet
	facet normal 1 0 0
		outer loop
			vertex 10.916242599487305 4 0
			vertex 10.916242599487305 0 0.5000000000000009
			vertex 10.916242599487305 0 8.881784197001252e-16
		endloop
	endfacet
	facet normal 0 1 0
		outer loop
			vertex 10.696242332458496 4 0.5
			vertex 10.916242599487305 4 0.5
			vertex 10.696242332458496 4 0
		endloop
	endfacet
	facet normal 0 1 0
		outer loop
			vertex 10.696242332458496 4 0
			vertex 10.916242599487305 4 0.5
			vertex 10.916242599487305 4 0
		endloop
	endfacet
	facet normal -1 0 0
		outer loop
			vertex 10.696242332458496 0 0.5000000000000009
			vertex 10.696242332458496 4 0.5
			vertex 10.696242332458496 0 8.881784197001252e-16
		endloop
	endfacet
	facet normal -1 0 0
		outer loop
			vertex 10.696242332458496 0 8.881784197001252e-16
			vertex 10.696242332458496 4 0.5
			vertex 10.696242332458496 4 0
		endloop
	endfacet
	facet normal 0 -1 0
		outer loop
			vertex 10.916242599487305 0 0.5000000000000009
			vertex 10.696242332458496 0 0.5000000000000009
			vertex 10.916242599487305 0 8.881784197001252e-16
		endloop
	endfacet
	facet normal 0 -1 0
		outer loop
			vertex 10.916242599487305 0 8.881784197001252e-16
			vertex 10.696242332458496 0 0.5000000000000009
			vertex 10.696242332458496 0 8.881784197001252e-16
		endloop
	endfacet
	facet normal 0 2.220446049250313e-16 1
		outer loop
			vertex 10.696242332458496 4 0.5
			vertex 10.696242332458496 0 0.5000000000000009
			vertex 10.916242599487305 4 0.5
		endloop
	endfacet
	facet normal 0 2.220446049250313e-16 1
		outer loop
			vertex 10.916242599487305 4 0.5
			vertex 10.696242332458496 0 0.5000000000000009
			vertex 10.916242599487305 0 0.5000000000000009
		endloop
	endfacet
	facet normal 0 -2.220446049250313e-16 -1
		outer loop
			vertex 10.696242332458496 0 8.881784197001252e-16
			vertex 10.696242332458496 4 0
			vertex 10.916242599487305 0 8.881784197001252e-16
		endloop
	endfacet
	facet normal 0 -2.220446049250313e-16 -1
		outer loop
			vertex 10.916242599487305 0 8.881784197001252e-16
			vertex 10.696242332458496 4 0
			vertex 10.916242599487305 4 0
		endloop
	endfacet
	facet normal 0.11196108821098112 0.9937125916111827 0
		outer loop
			vertex 11.366242408752441 1.9786491394042969 4.488300532558449e-16
			vertex 11.394868850708008 1.975423812866211 0.6000000238418584
			vertex 11.394868850708008 1.975423812866211 4.495462196127484e-16
		endloop
	endfacet
	facet normal 0.3302752215998393 0.9438846740980473 0
		outer loop
			vertex 11.394868850708008 1.975423812866211 4.495462196127484e-16
			vertex 11.394868850708008 1.975423812866211 0.6000000238418584
			vertex 11.4220609664917 1.9659090042114258 0.6000000238418584
		endloop
	endfacet
	facet normal 0.3302752215998393 0.9438846740980473 0
		outer loop
			vertex 11.394868850708008 1.975423812866211 4.495462196127484e-16
			vertex 11.4220609664917 1.9659090042114258 0.6000000238418584
			vertex 11.4220609664917 1.9659090042114258 4.516589315414375e-16
		endloop
	endfacet
	facet normal 0.5320267933135652 0.8467275188609881 0
		outer loop
			vertex 11.4220609664917 1.9659090042114258 4.516589315414375e-16
			vertex 11.4220609664917 1.9659090042114258 0.6000000238418584
			vertex 11.446454048156738 1.9505820274353027 0.6000000238418584
		endloop
	endfacet
	facet normal 0.5320267933135652 0.8467275188609881 0
		outer loop
			vertex 11.4220609664917 1.9659090042114258 4.516589315414375e-16
			vertex 11.446454048156738 1.9505820274353027 0.6000000238418584
			vertex 11.446454048156738 1.9505820274353027 4.550622040443869e-16
		endloop
	endfacet
	facet normal 0.7071067811865476 0.7071067811865476 0
		outer loop
			vertex 11.446454048156738 1.9505820274353027 4.550622040443869e-16
			vertex 11.446454048156738 1.9505820274353027 0.6000000238418584
			vertex 11.466824531555176 1.9302115440368652 0.6000000238418584
		endloop
	endfacet
	facet normal 0.7071067811865476 0.7071067811865476 0
		outer loop
			vertex 11.446454048156738 1.9505820274353027 4.550622040443869e-16
			vertex 11.466824531555176 1.9302115440368652 0.6000000238418584
			vertex 11.466824531555176 1.9302115440368652 4.595853599827248e-16
		endloop
	endfacet
	facet normal 0.8467177198951977 0.5320423881754891 0
		outer loop
			vertex 11.466824531555176 1.9302115440368652 4.595853599827248e-16
			vertex 11.466824531555176 1.9302115440368652 0.6000000238418584
			vertex 11.482151985168457 1.9058187007904053 0.6000000238418584
		endloop
	endfacet
	facet normal 0.8467177198951977 0.5320423881754891 0
		outer loop
			vertex 11.466824531555176 1.9302115440368652 4.595853599827248e-16
			vertex 11.482151985168457 1.9058187007904053 0.6000000238418584
			vertex 11.482151985168457 1.9058187007904053 4.650016592243832e-16
		endloop
	endfacet
	facet normal 0.9438931883004343 0.33025088808365216 0
		outer loop
			vertex 11.482151985168457 1.9058187007904053 4.650016592243832e-16
			vertex 11.482151985168457 1.9058187007904053 0.6000000238418584
			vertex 11.491665840148926 1.878627061843872 0.6000000238418584
		endloop
	endfacet
	facet normal 0.9438931883004343 0.33025088808365216 0
		outer loop
			vertex 11.482151985168457 1.9058187007904053 4.650016592243832e-16
			vertex 11.491665840148926 1.878627061843872 0.6000000238418584
			vertex 11.491665840148926 1.878627061843872 4.710394159515303e-16
		endloop
	endfacet
	facet normal 0.9937129028350681 0.11195832590344713 0
		outer loop
			vertex 11.491665840148926 1.878627061843872 4.710394159515303e-16
			vertex 11.491665840148926 1.878627061843872 0.6000000238418584
			vertex 11.494891166687012 1.8499999046325684 0.6000000238418584
		endloop
	endfacet
	facet normal 0.9937129028350681 0.11195832590344713 0
		outer loop
			vertex 11.491665840148926 1.878627061843872 4.710394159515303e-16
			vertex 11.494891166687012 1.8499999046325684 0.6000000238418584
			vertex 11.494891166687012 1.8499999046325684 4.77395921764641e-16
		endloop
	endfacet
	facet normal 0.9937129028350681 -0.11195832590344713 0
		outer loop
			vertex 11.494891166687012 1.8499999046325684 4.77395921764641e-16
			vertex 11.494891166687012 1.8499999046325684 0.6000000238418584
			vertex 11.491665840148926 1.8213727474212646 0.6000000238418584
		endloop
	endfacet
	facet normal 0.9937129028350681 -0.11195832590344713 0
		outer loop
			vertex 11.494891166687012 1.8499999046325684 4.77395921764641e-16
			vertex 11.491665840148926 1.8213727474212646 0.6000000238418584
			vertex 11.491665840148926 1.8213727474212646 4.837524275777517e-16
		endloop
	endfacet
	facet normal 0.9438931883004343 -0.33025088808365216 0
		outer loop
			vertex 11.491665840148926 1.8213727474212646 4.837524275777517e-16
			vertex 11.491665840148926 1.8213727474212646 0.6000000238418584
			vertex 11.482151985168457 1.7941811084747314 0.6000000238418584
		endloop
	endfacet
	facet normal 0.9438931883004343 -0.33025088808365216 0
		outer loop
			vertex 11.491665840148926 1.8213727474212646 4.837524275777517e-16
			vertex 11.482151985168457 1.7941811084747314 0.6000000238418584
			vertex 11.482151985168457 1.7941811084747314 4.897901843048987e-16
		endloop
	endfacet
	facet normal 0.8467177198951977 -0.5320423881754891 0
		outer loop
			vertex 11.482151985168457 1.7941811084747314 4.897901843048987e-16
			vertex 11.482151985168457 1.7941811084747314 0.6000000238418584
			vertex 11.466824531555176 1.7697882652282715 0.6000000238418584
		endloop
	endfacet
	facet normal 0.8467177198951977 -0.5320423881754891 0
		outer loop
			vertex 11.482151985168457 1.7941811084747314 4.897901843048987e-16
			vertex 11.466824531555176 1.7697882652282715 0.6000000238418584
			vertex 11.466824531555176 1.7697882652282715 4.952064835465572e-16
		endloop
	endfacet
	facet normal 0.7071067811865476 -0.7071067811865476 0
		outer loop
			vertex 11.466824531555176 1.7697882652282715 4.952064835465572e-16
			vertex 11.466824531555176 1.7697882652282715 0.6000000238418584
			vertex 11.446454048156738 1.749417781829834 0.6000000238418585
		endloop
	endfacet
	facet normal 0.7071067811865476 -0.7071067811865476 0
		outer loop
			vertex 11.466824531555176 1.7697882652282715 4.952064835465572e-16
			vertex 11.446454048156738 1.749417781829834 0.6000000238418585
			vertex 11.446454048156738 1.749417781829834 4.997296394848951e-16
		endloop
	endfacet
	facet normal 0.5320267933135652 -0.8467275188609881 0
		outer loop
			vertex 11.446454048156738 1.749417781829834 4.997296394848951e-16
			vertex 11.446454048156738 1.749417781829834 0.6000000238418585
			vertex 11.4220609664917 1.734090805053711 0.6000000238418585
		endloop
	endfacet
	facet normal 0.5320267933135652 -0.8467275188609881 0
		outer loop
			vertex 11.446454048156738 1.749417781829834 4.997296394848951e-16
			vertex 11.4220609664917 1.734090805053711 0.6000000238418585
			vertex 11.4220609664917 1.734090805053711 5.031329119878445e-16
		endloop
	endfacet
	facet normal 0.3302752215998393 -0.9438846740980473 0
		outer loop
			vertex 11.4220609664917 1.734090805053711 5.031329119878445e-16
			vertex 11.4220609664917 1.734090805053711 0.6000000238418585
			vertex 11.394868850708008 1.7245759963989258 0.6000000238418585
		endloop
	endfacet
	facet normal 0.3302752215998393 -0.9438846740980473 0
		outer loop
			vertex 11.4220609664917 1.734090805053711 5.031329119878445e-16
			vertex 11.394868850708008 1.7245759963989258 0.6000000238418585
			vertex 11.394868850708008 1.7245759963989258 5.052456239165335e-16
		endloop
	endfacet
	facet normal 0.11196926070287645 -0.9937116707866782 0
		outer loop
			vertex 11.394868850708008 1.7245759963989258 5.052456239165335e-16
			vertex 11.394868850708008 1.7245759963989258 0.6000000238418585
			vertex 11.366242408752441 1.7213504314422607 0.6000000238418585
		endloop
	endfacet
	facet normal 0.11196926070287645 -0.9937116707866782 0
		outer loop
			vertex 11.394868850708008 1.7245759963989258 5.052456239165335e-16
			vertex 11.366242408752441 1.7213504314422607 0.6000000238418585
			vertex 11.366242408752441 1.7213504314422607 5.059618432129963e-16
		endloop
	endfacet
	facet normal -0.11196557739424719 -0.9937120858069368 0
		outer loop
			vertex 11.366242408752441 1.7213504314422607 5.059618432129963e-16
			vertex 11.366242408752441 1.7213504314422607 0.6000000238418585
			vertex 11.337615013122559 1.7245759963989258 0.6000000238418585
		endloop
	endfacet
	facet normal -0.11196557739424719 -0.9937120858069368 0
		outer loop
			vertex 11.366242408752441 1.7213504314422607 5.059618432129963e-16
			vertex 11.337615013122559 1.7245759963989258 0.6000000238418585
			vertex 11.337615013122559 1.7245759963989258 5.052456239165335e-16
		endloop
	endfacet
	facet normal -0.33028554169464414 -0.9438810629244956 0
		outer loop
			vertex 11.337615013122559 1.7245759963989258 5.052456239165335e-16
			vertex 11.337615013122559 1.7245759963989258 0.6000000238418585
			vertex 11.310423851013184 1.734090805053711 0.6000000238418585
		endloop
	endfacet
	facet normal -0.33028554169464414 -0.9438810629244956 0
		outer loop
			vertex 11.337615013122559 1.7245759963989258 5.052456239165335e-16
			vertex 11.310423851013184 1.734090805053711 0.6000000238418585
			vertex 11.310423851013184 1.734090805053711 5.031329119878445e-16
		endloop
	endfacet
	facet normal -0.5320267933135652 -0.8467275188609881 0
		outer loop
			vertex 11.310423851013184 1.734090805053711 5.031329119878445e-16
			vertex 11.310423851013184 1.734090805053711 0.6000000238418585
			vertex 11.286030769348145 1.749417781829834 0.6000000238418585
		endloop
	endfacet
	facet normal -0.5320267933135652 -0.8467275188609881 0
		outer loop
			vertex 11.310423851013184 1.734090805053711 5.031329119878445e-16
			vertex 11.286030769348145 1.749417781829834 0.6000000238418585
			vertex 11.286030769348145 1.749417781829834 4.997296394848951e-16
		endloop
	endfacet
	facet normal -0.7071067811865476 -0.7071067811865476 0
		outer loop
			vertex 11.286030769348145 1.749417781829834 4.997296394848951e-16
			vertex 11.286030769348145 1.749417781829834 0.6000000238418585
			vertex 11.265660285949707 1.7697882652282715 0.6000000238418584
		endloop
	endfacet
	facet normal -0.7071067811865476 -0.7071067811865476 0
		outer loop
			vertex 11.286030769348145 1.749417781829834 4.997296394848951e-16
			vertex 11.265660285949707 1.7697882652282715 0.6000000238418584
			vertex 11.265660285949707 1.7697882652282715 4.952064835465572e-16
		endloop
	endfacet
	facet normal -0.8467326326938989 -0.5320186544955536 0
		outer loop
			vertex 11.265660285949707 1.7697882652282715 4.952064835465572e-16
			vertex 11.265660285949707 1.7697882652282715 0.6000000238418584
			vertex 11.250333786010742 1.7941811084747314 0.6000000238418584
		endloop
	endfacet
	facet normal -0.8467326326938989 -0.5320186544955536 0
		outer loop
			vertex 11.265660285949707 1.7697882652282715 4.952064835465572e-16
			vertex 11.250333786010742 1.7941811084747314 0.6000000238418584
			vertex 11.250333786010742 1.7941811084747314 4.897901843048987e-16
		endloop
	endfacet
	facet normal -0.9438725481108566 -0.33030987409206936 0
		outer loop
			vertex 11.250333786010742 1.7941811084747314 4.897901843048987e-16
			vertex 11.250333786010742 1.7941811084747314 0.6000000238418584
			vertex 11.24081802368164 1.8213727474212646 0.6000000238418584
		endloop
	endfacet
	facet normal -0.9438725481108566 -0.33030987409206936 0
		outer loop
			vertex 11.250333786010742 1.7941811084747314 4.897901843048987e-16
			vertex 11.24081802368164 1.8213727474212646 0.6000000238418584
			vertex 11.24081802368164 1.8213727474212646 4.837524275777517e-16
		endloop
	endfacet
	facet normal -0.9937129028350681 -0.11195832590344713 0
		outer loop
			vertex 11.24081802368164 1.8213727474212646 4.837524275777517e-16
			vertex 11.24081802368164 1.8213727474212646 0.6000000238418584
			vertex 11.237592697143555 1.8499999046325684 0.6000000238418584
		endloop
	endfacet
	facet normal -0.9937129028350681 -0.11195832590344713 0
		outer loop
			vertex 11.24081802368164 1.8213727474212646 4.837524275777517e-16
			vertex 11.237592697143555 1.8499999046325684 0.6000000238418584
			vertex 11.237592697143555 1.8499999046325684 4.77395921764641e-16
		endloop
	endfacet
	facet normal -0.9937129028350681 0.11195832590344713 0
		outer loop
			vertex 11.237592697143555 1.8499999046325684 4.77395921764641e-16
			vertex 11.237592697143555 1.8499999046325684 0.6000000238418584
			vertex 11.24081802368164 1.878627061843872 0.6000000238418584
		endloop
	endfacet
	facet normal -0.9937129028350681 0.11195832590344713 0
		outer loop
			vertex 11.237592697143555 1.8499999046325684 4.77395921764641e-16
			vertex 11.24081802368164 1.878627061843872 0.6000000238418584
			vertex 11.24081802368164 1.878627061843872 4.710394159515303e-16
		endloop
	endfacet
	facet normal -0.9438725481108566 0.33030987409206936 0
		outer loop
			vertex 11.24081802368164 1.878627061843872 4.710394159515303e-16
			vertex 11.24081802368164 1.878627061843872 0.6000000238418584
			vertex 11.250333786010742 1.9058187007904053 0.6000000238418584
		endloop
	endfacet
	facet normal -0.9438725481108566 0.33030987409206936 0
		outer loop
			vertex 11.24081802368164 1.878627061843872 4.710394159515303e-16
			vertex 11.250333786010742 1.9058187007904053 0.6000000238418584
			vertex 11.250333786010742 1.9058187007904053 4.650016592243832e-16
		endloop
	endfacet
	facet normal -0.8467326326938989 0.5320186544955536 0
		outer loop
			vertex 11.250333786010742 1.9058187007904053 4.650016592243832e-16
			vertex 11.250333786010742 1.9058187007904053 0.6000000238418584
			vertex 11.265660285949707 1.9302115440368652 0.6000000238418584
		endloop
	endfacet
	facet normal -0.8467326326938989 0.5320186544955536 0
		outer loop
			vertex 11.250333786010742 1.9058187007904053 4.650016592243832e-16
			vertex 11.265660285949707 1.9302115440368652 0.6000000238418584
			vertex 11.265660285949707 1.9302115440368652 4.595853599827248e-16
		endloop
	endfacet
	facet normal -0.7071067811865476 0.7071067811865476 0
		outer loop
			vertex 11.265660285949707 1.9302115440368652 4.595853599827248e-16
			vertex 11.265660285949707 1.9302115440368652 0.6000000238418584
			vertex 11.286030769348145 1.9505820274353027 0.6000000238418584
		endloop
	endfacet
	facet normal -0.7071067811865476 0.7071067811865476 0
		outer loop
			vertex 11.265660285949707 1.9302115440368652 4.595853599827248e-16
			vertex 11.286030769348145 1.9505820274353027 0.6000000238418584
			vertex 11.286030769348145 1.9505820274353027 4.550622040443869e-16
		endloop
	endfacet
	facet normal -0.5320267933135652 0.8467275188609881 0
		outer loop
			vertex 11.286030769348145 1.9505820274353027 4.550622040443869e-16
			vertex 11.286030769348145 1.9505820274353027 0.6000000238418584
			vertex 11.310423851013184 1.9659090042114258 0.6000000238418584
		endloop
	endfacet
	facet normal -0.5320267933135652 0.8467275188609881 0
		outer loop
			vertex 11.286030769348145 1.9505820274353027 4.550622040443869e-16
			vertex 11.310423851013184 1.9659090042114258 0.6000000238418584
			vertex 11.310423851013184 1.9659090042114258 4.516589315414375e-16
		endloop
	endfacet
	facet normal -0.33028554169464414 0.9438810629244956 0
		outer loop
			vertex 11.310423851013184 1.9659090042114258 4.516589315414375e-16
			vertex 11.310423851013184 1.9659090042114258 0.6000000238418584
			vertex 11.337615013122559 1.975423812866211 0.6000000238418584
		endloop
	endfacet
	facet normal -0.33028554169464414 0.9438810629244956 0
		outer loop
			vertex 11.310423851013184 1.9659090042114258 4.516589315414375e-16
			vertex 11.337615013122559 1.975423812866211 0.6000000238418584
			vertex 11.337615013122559 1.975423812866211 4.495462196127484e-16
		endloop
	endfacet
	facet normal -0.11195740516436635 0.9937130065712445 0
		outer loop
			vertex 11.337615013122559 1.975423812866211 4.495462196127484e-16
			vertex 11.337615013122559 1.975423812866211 0.6000000238418584
			vertex 11.366242408752441 1.9786491394042969 0.6000000238418584
		endloop
	endfacet
	facet normal -0.11195740516436635 0.9937130065712445 0
		outer loop
			vertex 11.337615013122559 1.975423812866211 4.495462196127484e-16
			vertex 11.366242408752441 1.9786491394042969 0.6000000238418584
			vertex 11.366242408752441 1.9786491394042969 4.488300532558449e-16
		endloop
	endfacet
	facet normal 0.11196108821098112 0.9937125916111827 0
		outer loop
			vertex 11.366242408752441 1.9786491394042969 4.488300532558449e-16
			vertex 11.366242408752441 1.9786491394042969 0.6000000238418584
			vertex 11.394868850708008 1.975423812866211 0.6000000238418584
		endloop
	endfacet
	facet normal 0 0 1
		outer loop
			vertex 11.366242408752441 1.9786491394042969 0.6000000238418584
			vertex 11.337615013122559 1.975423812866211 0.6000000238418584
			vertex 11.366242408752441 1.8499999046325684 0.6000000238418584
		endloop
	endfacet
	facet normal 0 0 1
		outer loop
			vertex 11.446454048156738 1.9505820274353027 0.6000000238418584
			vertex 11.4220609664917 1.9659090042114258 0.6000000238418584
			vertex 11.366242408752441 1.8499999046325684 0.6000000238418584
		endloop
	endfacet
	facet normal 0 0 1
		outer loop
			vertex 11.366242408752441 1.8499999046325684 0.6000000238418584
			vertex 11.4220609664917 1.9659090042114258 0.6000000238418584
			vertex 11.394868850708008 1.975423812866211 0.6000000238418584
		endloop
	endfacet
	facet normal 0 0 1
		outer loop
			vertex 11.366242408752441 1.8499999046325684 0.6000000238418584
			vertex 11.394868850708008 1.975423812866211 0.6000000238418584
			vertex 11.366242408752441 1.9786491394042969 0.6000000238418584
		endloop
	endfacet
	facet normal 0 0 1
		outer loop
			vertex 11.491665840148926 1.878627061843872 0.6000000238418584
			vertex 11.482151985168457 1.9058187007904053 0.6000000238418584
			vertex 11.366242408752441 1.8499999046325684 0.6000000238418584
		endloop
	endfacet
	facet normal 0 0 1
		outer loop
			vertex 11.366242408752441 1.8499999046325684 0.6000000238418584
			vertex 11.482151985168457 1.9058187007904053 0.6000000238418584
			vertex 11.466824531555176 1.9302115440368652 0.6000000238418584
		endloop
	endfacet
	facet normal 0 0 1
		outer loop
			vertex 11.366242408752441 1.8499999046325684 0.6000000238418584
			vertex 11.466824531555176 1.9302115440368652 0.6000000238418584
			vertex 11.446454048156738 1.9505820274353027 0.6000000238418584
		endloop
	endfacet
	facet normal 0 0 1
		outer loop
			vertex 11.482151985168457 1.7941811084747314 0.6000000238418584
			vertex 11.491665840148926 1.8213727474212646 0.6000000238418584
			vertex 11.366242408752441 1.8499999046325684 0.6000000238418584
		endloop
	endfacet
	facet normal 0 0 1
		outer loop
			vertex 11.366242408752441 1.8499999046325684 0.6000000238418584
			vertex 11.491665840148926 1.8213727474212646 0.6000000238418584
			vertex 11.494891166687012 1.8499999046325684 0.6000000238418584
		endloop
	endfacet
	facet normal 0 0 1
		outer loop
			vertex 11.366242408752441 1.8499999046325684 0.6000000238418584
			vertex 11.494891166687012 1.8499999046325684 0.6000000238418584
			vertex 11.491665840148926 1.878627061843872 0.6000000238418584
		endloop
	endfacet
	facet normal -4.620358117868982e-16 7.353359670152308e-16 1
		outer loop
			vertex 11.4220609664917 1.734090805053711 0.6000000238418585
			vertex 11.446454048156738 1.749417781829834 0.6000000238418585
			vertex 11.366242408752441 1.8499999046325684 0.6000000238418584
		endloop
	endfacet
	facet normal 2.4180364611559723e-15 3.0321190550862953e-15 1
		outer loop
			vertex 11.366242408752441 1.8499999046325684 0.6000000238418584
			vertex 11.446454048156738 1.749417781829834 0.6000000238418585
			vertex 11.466824531555176 1.7697882652282715 0.6000000238418584
		endloop
	endfacet
	facet normal 0 0 1
		outer loop
			vertex 11.366242408752441 1.8499999046325684 0.6000000238418584
			vertex 11.466824531555176 1.7697882652282715 0.6000000238418584
			vertex 11.482151985168457 1.7941811084747314 0.6000000238418584
		endloop
	endfacet
	facet normal 9.723579511281923e-17 8.629829544523934e-16 1
		outer loop
			vertex 11.337615013122559 1.7245759963989258 0.6000000238418585
			vertex 11.366242408752441 1.7213504314422607 0.6000000238418585
			vertex 11.366242408752441 1.8499999046325684 0.6000000238418584
		endloop
	endfacet
	facet normal -9.723903447035373e-17 8.629829544523935e-16 1
		outer loop
			vertex 11.366242408752441 1.8499999046325684 0.6000000238418584
			vertex 11.366242408752441 1.7213504314422607 0.6000000238418585
			vertex 11.394868850708008 1.7245759963989258 0.6000000238418585
		endloop
	endfacet
	facet normal -2.868259297523806e-16 8.197121113590888e-16 1
		outer loop
			vertex 11.366242408752441 1.8499999046325684 0.6000000238418584
			vertex 11.394868850708008 1.7245759963989258 0.6000000238418585
			vertex 11.4220609664917 1.734090805053711 0.6000000238418585
		endloop
	endfacet
	facet normal -2.4180364611559723e-15 3.0321190550862953e-15 1
		outer loop
			vertex 11.265660285949707 1.7697882652282715 0.6000000238418584
			vertex 11.286030769348145 1.749417781829834 0.6000000238418585
			vertex 11.366242408752441 1.8499999046325684 0.6000000238418584
		endloop
	endfacet
	facet normal 4.620358117868982e-16 7.353359670152308e-16 1
		outer loop
			vertex 11.366242408752441 1.8499999046325684 0.6000000238418584
			vertex 11.286030769348145 1.749417781829834 0.6000000238418585
			vertex 11.310423851013184 1.734090805053711 0.6000000238418585
		endloop
	endfacet
	facet normal 2.868345388411381e-16 8.197079654644211e-16 1
		outer loop
			vertex 11.366242408752441 1.8499999046325684 0.6000000238418584
			vertex 11.310423851013184 1.734090805053711 0.6000000238418585
			vertex 11.337615013122559 1.7245759963989258 0.6000000238418585
		endloop
	endfacet
	facet normal 0 0 1
		outer loop
			vertex 11.237592697143555 1.8499999046325684 0.6000000238418584
			vertex 11.24081802368164 1.8213727474212646 0.6000000238418584
			vertex 11.366242408752441 1.8499999046325684 0.6000000238418584
		endloop
	endfacet
	facet normal 0 0 1
		outer loop
			vertex 11.366242408752441 1.8499999046325684 0.6000000238418584
			vertex 11.24081802368164 1.8213727474212646 0.6000000238418584
			vertex 11.250333786010742 1.7941811084747314 0.6000000238418584
		endloop
	endfacet
	facet normal 0 0 1
		outer loop
			vertex 11.366242408752441 1.8499999046325684 0.6000000238418584
			vertex 11.250333786010742 1.7941811084747314 0.6000000238418584
			vertex 11.265660285949707 1.7697882652282715 0.6000000238418584
		endloop
	endfacet
	facet normal 0 0 1
		outer loop
			vertex 11.265660285949707 1.9302115440368652 0.6000000238418584
			vertex 11.250333786010742 1.9058187007904053 0.6000000238418584
			vertex 11.366242408752441 1.8499999046325684 0.6000000238418584
		endloop
	endfacet
	facet normal 0 0 1
		outer loop
			vertex 11.366242408752441 1.8499999046325684 0.6000000238418584
			vertex 11.250333786010742 1.9058187007904053 0.6000000238418584
			vertex 11.24081802368164 1.878627061843872 0.6000000238418584
		endloop
	endfacet
	facet normal 0 0 1
		outer loop
			vertex 11.366242408752441 1.8499999046325684 0.6000000238418584
			vertex 11.24081802368164 1.878627061843872 0.6000000238418584
			vertex 11.237592697143555 1.8499999046325684 0.6000000238418584
		endloop
	endfacet
	facet normal 0 0 1
		outer loop
			vertex 11.337615013122559 1.975423812866211 0.6000000238418584
			vertex 11.310423851013184 1.9659090042114258 0.6000000238418584
			vertex 11.366242408752441 1.8499999046325684 0.6000000238418584
		endloop
	endfacet
	facet normal 0 0 1
		outer loop
			vertex 11.366242408752441 1.8499999046325684 0.6000000238418584
			vertex 11.310423851013184 1.9659090042114258 0.6000000238418584
			vertex 11.286030769348145 1.9505820274353027 0.6000000238418584
		endloop
	endfacet
	facet normal 0 0 1
		outer loop
			vertex 11.366242408752441 1.8499999046325684 0.6000000238418584
			vertex 11.286030769348145 1.9505820274353027 0.6000000238418584
			vertex 11.265660285949707 1.9302115440368652 0.6000000238418584
		endloop
	endfacet
	facet normal 0 -2.220446049250313e-16 -1
		outer loop
			vertex 11.366242408752441 1.9786491394042969 4.488300532558449e-16
			vertex 11.394868850708008 1.975423812866211 4.495462196127484e-16
			vertex 11.366242408752441 1.8499999046325684 4.77395921764641e-16
		endloop
	endfacet
	facet normal 0 -2.220446049250313e-16 -1
		outer loop
			vertex 11.286030769348145 1.9505820274353027 4.550622040443869e-16
			vertex 11.310423851013184 1.9659090042114258 4.516589315414375e-16
			vertex 11.366242408752441 1.8499999046325684 4.77395921764641e-16
		endloop
	endfacet
	facet normal 0 -2.220446049250313e-16 -1
		outer loop
			vertex 11.366242408752441 1.8499999046325684 4.77395921764641e-16
			vertex 11.310423851013184 1.9659090042114258 4.516589315414375e-16
			vertex 11.337615013122559 1.975423812866211 4.495462196127484e-16
		endloop
	endfacet
	facet normal 0 -2.220446049250313e-16 -1
		outer loop
			vertex 11.366242408752441 1.8499999046325684 4.77395921764641e-16
			vertex 11.337615013122559 1.975423812866211 4.495462196127484e-16
			vertex 11.366242408752441 1.9786491394042969 4.488300532558449e-16
		endloop
	endfacet
	facet normal 0 -2.220446049250313e-16 -1
		outer loop
			vertex 11.24081802368164 1.878627061843872 4.710394159515303e-16
			vertex 11.250333786010742 1.9058187007904053 4.650016592243832e-16
			vertex 11.366242408752441 1.8499999046325684 4.77395921764641e-16
		endloop
	endfacet
	facet normal 0 -2.220446049250313e-16 -1
		outer loop
			vertex 11.366242408752441 1.8499999046325684 4.77395921764641e-16
			vertex 11.250333786010742 1.9058187007904053 4.650016592243832e-16
			vertex 11.265660285949707 1.9302115440368652 4.595853599827248e-16
		endloop
	endfacet
	facet normal 0 -2.220446049250313e-16 -1
		outer loop
			vertex 11.366242408752441 1.8499999046325684 4.77395921764641e-16
			vertex 11.265660285949707 1.9302115440368652 4.595853599827248e-16
			vertex 11.286030769348145 1.9505820274353027 4.550622040443869e-16
		endloop
	endfacet
	facet normal 0 -2.220446049250313e-16 -1
		outer loop
			vertex 11.250333786010742 1.7941811084747314 4.897901843048987e-16
			vertex 11.24081802368164 1.8213727474212646 4.837524275777517e-16
			vertex 11.366242408752441 1.8499999046325684 4.77395921764641e-16
		endloop
	endfacet
	facet normal 0 -2.220446049250313e-16 -1
		outer loop
			vertex 11.366242408752441 1.8499999046325684 4.77395921764641e-16
			vertex 11.24081802368164 1.8213727474212646 4.837524275777517e-16
			vertex 11.237592697143555 1.8499999046325684 4.77395921764641e-16
		endloop
	endfacet
	facet normal 0 -2.220446049250313e-16 -1
		outer loop
			vertex 11.366242408752441 1.8499999046325684 4.77395921764641e-16
			vertex 11.237592697143555 1.8499999046325684 4.77395921764641e-16
			vertex 11.24081802368164 1.878627061843872 4.710394159515303e-16
		endloop
	endfacet
	facet normal 0 -2.220446049250313e-16 -1
		outer loop
			vertex 11.310423851013184 1.734090805053711 5.031329119878445e-16
			vertex 11.286030769348145 1.749417781829834 4.997296394848951e-16
			vertex 11.366242408752441 1.8499999046325684 4.77395921764641e-16
		endloop
	endfacet
	facet normal 0 -2.220446049250313e-16 -1
		outer loop
			vertex 11.366242408752441 1.8499999046325684 4.77395921764641e-16
			vertex 11.286030769348145 1.749417781829834 4.997296394848951e-16
			vertex 11.265660285949707 1.7697882652282715 4.952064835465572e-16
		endloop
	endfacet
	facet normal 0 -2.220446049250313e-16 -1
		outer loop
			vertex 11.366242408752441 1.8499999046325684 4.77395921764641e-16
			vertex 11.265660285949707 1.7697882652282715 4.952064835465572e-16
			vertex 11.250333786010742 1.7941811084747314 4.897901843048987e-16
		endloop
	endfacet
	facet normal 0 -2.220446049250313e-16 -1
		outer loop
			vertex 11.394868850708008 1.7245759963989258 5.052456239165335e-16
			vertex 11.366242408752441 1.7213504314422607 5.059618432129963e-16
			vertex 11.366242408752441 1.8499999046325684 4.77395921764641e-16
		endloop
	endfacet
	facet normal 0 -2.220446049250313e-16 -1
		outer loop
			vertex 11.366242408752441 1.8499999046325684 4.77395921764641e-16
			vertex 11.366242408752441 1.7213504314422607 5.059618432129963e-16
			vertex 11.337615013122559 1.7245759963989258 5.052456239165335e-16
		endloop
	endfacet
	facet normal 0 -2.220446049250313e-16 -1
		outer loop
			vertex 11.366242408752441 1.8499999046325684 4.77395921764641e-16
			vertex 11.337615013122559 1.7245759963989258 5.052456239165335e-16
			vertex 11.310423851013184 1.734090805053711 5.031329119878445e-16
		endloop
	endfacet
	facet normal 0 -2.220446049250313e-16 -1
		outer loop
			vertex 11.466824531555176 1.7697882652282715 4.952064835465572e-16
			vertex 11.446454048156738 1.749417781829834 4.997296394848951e-16
			vertex 11.366242408752441 1.8499999046325684 4.77395921764641e-16
		endloop
	endfacet
	facet normal 0 -2.220446049250313e-16 -1
		outer loop
			vertex 11.366242408752441 1.8499999046325684 4.77395921764641e-16
			vertex 11.446454048156738 1.749417781829834 4.997296394848951e-16
			vertex 11.4220609664917 1.734090805053711 5.031329119878445e-16
		endloop
	endfacet
	facet normal 0 -2.220446049250313e-16 -1
		outer loop
			vertex 11.366242408752441 1.8499999046325684 4.77395921764641e-16
			vertex 11.4220609664917 1.734090805053711 5.031329119878445e-16
			vertex 11.394868850708008 1.7245759963989258 5.052456239165335e-16
		endloop
	endfacet
	facet normal 0 -2.220446049250313e-16 -1
		outer loop
			vertex 11.494891166687012 1.8499999046325684 4.77395921764641e-16
			vertex 11.491665840148926 1.8213727474212646 4.837524275777517e-16
			vertex 11.366242408752441 1.8499999046325684 4.77395921764641e-16
		endloop
	endfacet
	facet normal 0 -2.220446049250313e-16 -1
		outer loop
			vertex 11.366242408752441 1.8499999046325684 4.77395921764641e-16
			vertex 11.491665840148926 1.8213727474212646 4.837524275777517e-16
			vertex 11.482151985168457 1.7941811084747314 4.897901843048987e-16
		endloop
	endfacet
	facet normal 0 -2.220446049250313e-16 -1
		outer loop
			vertex 11.366242408752441 1.8499999046325684 4.77395921764641e-16
			vertex 11.482151985168457 1.7941811084747314 4.897901843048987e-16
			vertex 11.466824531555176 1.7697882652282715 4.952064835465572e-16
		endloop
	endfacet
	facet normal 0 -2.220446049250313e-16 -1
		outer loop
			vertex 11.466824531555176 1.9302115440368652 4.595853599827248e-16
			vertex 11.482151985168457 1.9058187007904053 4.650016592243832e-16
			vertex 11.366242408752441 1.8499999046325684 4.77395921764641e-16
		endloop
	endfacet
	facet normal 0 -2.220446049250313e-16 -1
		outer loop
			vertex 11.366242408752441 1.8499999046325684 4.77395921764641e-16
			vertex 11.482151985168457 1.9058187007904053 4.650016592243832e-16
			vertex 11.491665840148926 1.878627061843872 4.710394159515303e-16
		endloop
	endfacet
	facet normal 0 -2.220446049250313e-16 -1
		outer loop
			vertex 11.366242408752441 1.8499999046325684 4.77395921764641e-16
			vertex 11.491665840148926 1.878627061843872 4.710394159515303e-16
			vertex 11.494891166687012 1.8499999046325684 4.77395921764641e-16
		endloop
	endfacet
	facet normal 0 -2.220446049250313e-16 -1
		outer loop
			vertex 11.394868850708008 1.975423812866211 4.495462196127484e-16
			vertex 11.4220609664917 1.9659090042114258 4.516589315414375e-16
			vertex 11.366242408752441 1.8499999046325684 4.77395921764641e-16
		endloop
	endfacet
	facet normal 0 -2.220446049250313e-16 -1
		outer loop
			vertex 11.366242408752441 1.8499999046325684 4.77395921764641e-16
			vertex 11.4220609664917 1.9659090042114258 4.516589315414375e-16
			vertex 11.446454048156738 1.9505820274353027 4.550622040443869e-16
		endloop
	endfacet
	facet normal 0 -2.220446049250313e-16 -1
		outer loop
			vertex 11.366242408752441 1.8499999046325684 4.77395921764641e-16
			vertex 11.446454048156738 1.9505820274353027 4.550622040443869e-16
			vertex 11.466824531555176 1.9302115440368652 4.595853599827248e-16
		endloop
	endfacet
	facet normal 0.11196359968271272 0.9937123086417363 0
		outer loop
			vertex 11.366242408752441 2.2798452377319336 3.8195108459772396e-16
			vertex 11.395135879516602 2.2765897512435913 0.6000000238418582
			vertex 11.395135879516602 2.2765897512435913 3.826739478088667e-16
		endloop
	endfacet
	facet normal 0.33028613920719213 0.9438808538409958 0
		outer loop
			vertex 11.395135879516602 2.2765897512435913 3.826739478088667e-16
			vertex 11.395135879516602 2.2765897512435913 0.6000000238418582
			vertex 11.422579765319824 2.2669864892959595 0.6000000238418582
		endloop
	endfacet
	facet normal 0.33028613920719213 0.9438808538409958 0
		outer loop
			vertex 11.395135879516602 2.2765897512435913 3.826739478088667e-16
			vertex 11.422579765319824 2.2669864892959595 0.6000000238418582
			vertex 11.422579765319824 2.2669864892959595 3.848063003140202e-16
		endloop
	endfacet
	facet normal 0.5320228371523724 0.8467300046345001 0
		outer loop
			vertex 11.422579765319824 2.2669864892959595 3.848063003140202e-16
			vertex 11.422579765319824 2.2669864892959595 0.6000000238418582
			vertex 11.447199821472168 2.2515170574188232 0.6000000238418582
		endloop
	endfacet
	facet normal 0.5320228371523724 0.8467300046345001 0
		outer loop
			vertex 11.422579765319824 2.2669864892959595 3.848063003140202e-16
			vertex 11.447199821472168 2.2515170574188232 0.6000000238418582
			vertex 11.447199821472168 2.2515170574188232 3.882412042035936e-16
		endloop
	endfacet
	facet normal 0.7071170310271855 0.7070965311973312 0
		outer loop
			vertex 11.447199821472168 2.2515170574188232 3.882412042035936e-16
			vertex 11.447199821472168 2.2515170574188232 0.6000000238418582
			vertex 11.467759132385254 2.2309571504592896 0.6000000238418584
		endloop
	endfacet
	facet normal 0.7071170310271855 0.7070965311973312 0
		outer loop
			vertex 11.447199821472168 2.2515170574188232 3.882412042035936e-16
			vertex 11.467759132385254 2.2309571504592896 0.6000000238418584
			vertex 11.467759132385254 2.2309571504592896 3.9280642062171865e-16
		endloop
	endfacet
	facet normal 0.8467075796638374 0.5320585254836224 0
		outer loop
			vertex 11.467759132385254 2.2309571504592896 3.9280642062171865e-16
			vertex 11.467759132385254 2.2309571504592896 0.6000000238418584
			vertex 11.483229637145996 2.2063376903533936 0.6000000238418584
		endloop
	endfacet
	facet normal 0.8467075796638374 0.5320585254836224 0
		outer loop
			vertex 11.467759132385254 2.2309571504592896 3.9280642062171865e-16
			vertex 11.483229637145996 2.2063376903533936 0.6000000238418584
			vertex 11.483229637145996 2.2063376903533936 3.982730389143999e-16
		endloop
	endfacet
	facet normal 0.9438907586474581 0.330257832215871 0
		outer loop
			vertex 11.483229637145996 2.2063376903533936 3.982730389143999e-16
			vertex 11.483229637145996 2.2063376903533936 0.6000000238418584
			vertex 11.49283218383789 2.178893208503723 0.6000000238418584
		endloop
	endfacet
	facet normal 0.9438907586474581 0.330257832215871 0
		outer loop
			vertex 11.483229637145996 2.2063376903533936 3.982730389143999e-16
			vertex 11.49283218383789 2.178893208503723 0.6000000238418584
			vertex 11.49283218383789 2.178893208503723 4.0436693804408216e-16
		endloop
	endfacet
	facet normal 0.9937108887097135 0.11197620130970477 0
		outer loop
			vertex 11.49283218383789 2.178893208503723 4.0436693804408216e-16
			vertex 11.49283218383789 2.178893208503723 0.6000000238418584
			vertex 11.496088027954102 2.1499998569488525 0.6000000238418584
		endloop
	endfacet
	facet normal 0.9937108887097135 0.11197620130970477 0
		outer loop
			vertex 11.49283218383789 2.178893208503723 4.0436693804408216e-16
			vertex 11.496088027954102 2.1499998569488525 0.6000000238418584
			vertex 11.496088027954102 2.1499998569488525 4.1078255087504344e-16
		endloop
	endfacet
	facet normal 0.9937108373022304 -0.11197665751441374 0
		outer loop
			vertex 11.496088027954102 2.1499998569488525 4.1078255087504344e-16
			vertex 11.496088027954102 2.1499998569488525 0.6000000238418584
			vertex 11.49283218383789 2.1211066246032715 0.6000000238418584
		endloop
	endfacet
	facet normal 0.9937108373022304 -0.11197665751441374 0
		outer loop
			vertex 11.496088027954102 2.1499998569488525 4.1078255087504344e-16
			vertex 11.49283218383789 2.1211066246032715 0.6000000238418584
			vertex 11.49283218383789 2.1211066246032715 4.171981372362251e-16
		endloop
	endfacet
	facet normal 0.9438907586474581 -0.330257832215871 0
		outer loop
			vertex 11.49283218383789 2.1211066246032715 4.171981372362251e-16
			vertex 11.49283218383789 2.1211066246032715 0.6000000238418584
			vertex 11.483229637145996 2.093662142753601 0.6000000238418584
		endloop
	endfacet
	facet normal 0.9438907586474581 -0.330257832215871 0
		outer loop
			vertex 11.49283218383789 2.1211066246032715 4.171981372362251e-16
			vertex 11.483229637145996 2.093662142753601 0.6000000238418584
			vertex 11.483229637145996 2.093662142753601 4.232920363659074e-16
		endloop
	endfacet
	facet normal 0.8467075796638374 -0.5320585254836224 0
		outer loop
			vertex 11.483229637145996 2.093662142753601 4.232920363659074e-16
			vertex 11.483229637145996 2.093662142753601 0.6000000238418584
			vertex 11.467759132385254 2.069042682647705 0.6000000238418584
		endloop
	endfacet
	facet normal 0.8467075796638374 -0.5320585254836224 0
		outer loop
			vertex 11.483229637145996 2.093662142753601 4.232920363659074e-16
			vertex 11.467759132385254 2.069042682647705 0.6000000238418584
			vertex 11.467759132385254 2.069042682647705 4.2875865465858863e-16
		endloop
	endfacet
	facet normal 0.7071170310271855 -0.7070965311973312 0
		outer loop
			vertex 11.467759132385254 2.069042682647705 4.2875865465858863e-16
			vertex 11.467759132385254 2.069042682647705 0.6000000238418584
			vertex 11.447199821472168 2.0484827756881714 0.6000000238418584
		endloop
	endfacet
	facet normal 0.7071170310271855 -0.7070965311973312 0
		outer loop
			vertex 11.467759132385254 2.069042682647705 4.2875865465858863e-16
			vertex 11.447199821472168 2.0484827756881714 0.6000000238418584
			vertex 11.447199821472168 2.0484827756881714 4.333238710767137e-16
		endloop
	endfacet
	facet normal 0.532025776523938 -0.8467281577425548 0
		outer loop
			vertex 11.447199821472168 2.0484827756881714 4.333238710767137e-16
			vertex 11.447199821472168 2.0484827756881714 0.6000000238418584
			vertex 11.422579765319824 2.0330132246017456 0.6000000238418584
		endloop
	endfacet
	facet normal 0.532025776523938 -0.8467281577425548 0
		outer loop
			vertex 11.447199821472168 2.0484827756881714 4.333238710767137e-16
			vertex 11.422579765319824 2.0330132246017456 0.6000000238418584
			vertex 11.422579765319824 2.0330132246017456 4.367588014360667e-16
		endloop
	endfacet
	facet normal 0.3302824864827681 -0.9438821320073605 0
		outer loop
			vertex 11.422579765319824 2.0330132246017456 4.367588014360667e-16
			vertex 11.422579765319824 2.0330132246017456 0.6000000238418584
			vertex 11.395135879516602 2.0234100818634033 0.6000000238418584
		endloop
	endfacet
	facet normal 0.3302824864827681 -0.9438821320073605 0
		outer loop
			vertex 11.422579765319824 2.0330132246017456 4.367588014360667e-16
			vertex 11.395135879516602 2.0234100818634033 0.6000000238418584
			vertex 11.395135879516602 2.0234100818634033 4.388911274714406e-16
		endloop
	endfacet
	facet normal 0.11196359968271272 -0.9937123086417363 0
		outer loop
			vertex 11.395135879516602 2.0234100818634033 4.388911274714406e-16
			vertex 11.395135879516602 2.0234100818634033 0.6000000238418584
			vertex 11.366242408752441 2.020154595375061 0.6000000238418584
		endloop
	endfacet
	facet normal 0.11196359968271272 -0.9937123086417363 0
		outer loop
			vertex 11.395135879516602 2.0234100818634033 4.388911274714406e-16
			vertex 11.366242408752441 2.020154595375061 0.6000000238418584
			vertex 11.366242408752441 2.020154595375061 4.3961399068258333e-16
		endloop
	endfacet
	facet normal -0.11196359968271272 -0.9937123086417363 0
		outer loop
			vertex 11.366242408752441 2.020154595375061 4.3961399068258333e-16
			vertex 11.366242408752441 2.020154595375061 0.6000000238418584
			vertex 11.337348937988281 2.0234100818634033 0.6000000238418584
		endloop
	endfacet
	facet normal -0.11196359968271272 -0.9937123086417363 0
		outer loop
			vertex 11.366242408752441 2.020154595375061 4.3961399068258333e-16
			vertex 11.337348937988281 2.0234100818634033 0.6000000238418584
			vertex 11.337348937988281 2.0234100818634033 4.388911274714406e-16
		endloop
	endfacet
	facet normal -0.3302824864827681 -0.9438821320073605 0
		outer loop
			vertex 11.337348937988281 2.0234100818634033 4.388911274714406e-16
			vertex 11.337348937988281 2.0234100818634033 0.6000000238418584
			vertex 11.309905052185059 2.0330132246017456 0.6000000238418584
		endloop
	endfacet
	facet normal -0.3302824864827681 -0.9438821320073605 0
		outer loop
			vertex 11.337348937988281 2.0234100818634033 4.388911274714406e-16
			vertex 11.309905052185059 2.0330132246017456 0.6000000238418584
			vertex 11.309905052185059 2.0330132246017456 4.367588014360667e-16
		endloop
	endfacet
	facet normal -0.532025776523938 -0.8467281577425548 0
		outer loop
			vertex 11.309905052185059 2.0330132246017456 4.367588014360667e-16
			vertex 11.309905052185059 2.0330132246017456 0.6000000238418584
			vertex 11.285284996032715 2.0484827756881714 0.6000000238418584
		endloop
	endfacet
	facet normal -0.532025776523938 -0.8467281577425548 0
		outer loop
			vertex 11.309905052185059 2.0330132246017456 4.367588014360667e-16
			vertex 11.285284996032715 2.0484827756881714 0.6000000238418584
			vertex 11.285284996032715 2.0484827756881714 4.333238710767137e-16
		endloop
	endfacet
	facet normal -0.7071170310271855 -0.7070965311973312 0
		outer loop
			vertex 11.285284996032715 2.0484827756881714 4.333238710767137e-16
			vertex 11.285284996032715 2.0484827756881714 0.6000000238418584
			vertex 11.264725685119629 2.069042682647705 0.6000000238418584
		endloop
	endfacet
	facet normal -0.7071170310271855 -0.7070965311973312 0
		outer loop
			vertex 11.285284996032715 2.0484827756881714 4.333238710767137e-16
			vertex 11.264725685119629 2.069042682647705 0.6000000238418584
			vertex 11.264725685119629 2.069042682647705 4.2875865465858863e-16
		endloop
	endfacet
	facet normal -0.8467223552883284 -0.532035011117676 0
		outer loop
			vertex 11.264725685119629 2.069042682647705 4.2875865465858863e-16
			vertex 11.264725685119629 2.069042682647705 0.6000000238418584
			vertex 11.249256134033203 2.093662142753601 0.6000000238418584
		endloop
	endfacet
	facet normal -0.8467223552883284 -0.532035011117676 0
		outer loop
			vertex 11.264725685119629 2.069042682647705 4.2875865465858863e-16
			vertex 11.249256134033203 2.093662142753601 0.6000000238418584
			vertex 11.249256134033203 2.093662142753601 4.232920363659074e-16
		endloop
	endfacet
	facet normal -0.9438805338161056 -0.33028705376236517 0
		outer loop
			vertex 11.249256134033203 2.093662142753601 4.232920363659074e-16
			vertex 11.249256134033203 2.093662142753601 0.6000000238418584
			vertex 11.239652633666992 2.1211066246032715 0.6000000238418584
		endloop
	endfacet
	facet normal -0.9438805338161056 -0.33028705376236517 0
		outer loop
			vertex 11.249256134033203 2.093662142753601 4.232920363659074e-16
			vertex 11.239652633666992 2.1211066246032715 0.6000000238418584
			vertex 11.239652633666992 2.1211066246032715 4.171981372362251e-16
		endloop
	endfacet
	facet normal -0.9937144864402647 -0.11194426934310193 0
		outer loop
			vertex 11.239652633666992 2.1211066246032715 4.171981372362251e-16
			vertex 11.239652633666992 2.1211066246032715 0.6000000238418584
			vertex 11.236397743225098 2.1499998569488525 0.6000000238418584
		endloop
	endfacet
	facet normal -0.9937144864402647 -0.11194426934310193 0
		outer loop
			vertex 11.239652633666992 2.1211066246032715 4.171981372362251e-16
			vertex 11.236397743225098 2.1499998569488525 0.6000000238418584
			vertex 11.236397743225098 2.1499998569488525 4.1078255087504344e-16
		endloop
	endfacet
	facet normal -0.9937145378182026 0.1119438132669962 0
		outer loop
			vertex 11.236397743225098 2.1499998569488525 4.1078255087504344e-16
			vertex 11.236397743225098 2.1499998569488525 0.6000000238418584
			vertex 11.239652633666992 2.178893208503723 0.6000000238418584
		endloop
	endfacet
	facet normal -0.9937145378182026 0.1119438132669962 0
		outer loop
			vertex 11.236397743225098 2.1499998569488525 4.1078255087504344e-16
			vertex 11.239652633666992 2.178893208503723 0.6000000238418584
			vertex 11.239652633666992 2.178893208503723 4.0436693804408216e-16
		endloop
	endfacet
	facet normal -0.9438805338161056 0.33028705376236517 0
		outer loop
			vertex 11.239652633666992 2.178893208503723 4.0436693804408216e-16
			vertex 11.239652633666992 2.178893208503723 0.6000000238418584
			vertex 11.249256134033203 2.2063376903533936 0.6000000238418584
		endloop
	endfacet
	facet normal -0.9438805338161056 0.33028705376236517 0
		outer loop
			vertex 11.239652633666992 2.178893208503723 4.0436693804408216e-16
			vertex 11.249256134033203 2.2063376903533936 0.6000000238418584
			vertex 11.249256134033203 2.2063376903533936 3.982730389143999e-16
		endloop
	endfacet
	facet normal -0.8467223552883284 0.532035011117676 0
		outer loop
			vertex 11.249256134033203 2.2063376903533936 3.982730389143999e-16
			vertex 11.249256134033203 2.2063376903533936 0.6000000238418584
			vertex 11.264725685119629 2.2309571504592896 0.6000000238418584
		endloop
	endfacet
	facet normal -0.8467223552883284 0.532035011117676 0
		outer loop
			vertex 11.249256134033203 2.2063376903533936 3.982730389143999e-16
			vertex 11.264725685119629 2.2309571504592896 0.6000000238418584
			vertex 11.264725685119629 2.2309571504592896 3.9280642062171865e-16
		endloop
	endfacet
	facet normal -0.7071170310271855 0.7070965311973312 0
		outer loop
			vertex 11.264725685119629 2.2309571504592896 3.9280642062171865e-16
			vertex 11.264725685119629 2.2309571504592896 0.6000000238418584
			vertex 11.285284996032715 2.2515170574188232 0.6000000238418582
		endloop
	endfacet
	facet normal -0.7071170310271855 0.7070965311973312 0
		outer loop
			vertex 11.264725685119629 2.2309571504592896 3.9280642062171865e-16
			vertex 11.285284996032715 2.2515170574188232 0.6000000238418582
			vertex 11.285284996032715 2.2515170574188232 3.882412042035936e-16
		endloop
	endfacet
	facet normal -0.5320228371523724 0.8467300046345001 0
		outer loop
			vertex 11.285284996032715 2.2515170574188232 3.882412042035936e-16
			vertex 11.285284996032715 2.2515170574188232 0.6000000238418582
			vertex 11.309905052185059 2.2669864892959595 0.6000000238418582
		endloop
	endfacet
	facet normal -0.5320228371523724 0.8467300046345001 0
		outer loop
			vertex 11.285284996032715 2.2515170574188232 3.882412042035936e-16
			vertex 11.309905052185059 2.2669864892959595 0.6000000238418582
			vertex 11.309905052185059 2.2669864892959595 3.848063003140202e-16
		endloop
	endfacet
	facet normal -0.33028613920719213 0.9438808538409958 0
		outer loop
			vertex 11.309905052185059 2.2669864892959595 3.848063003140202e-16
			vertex 11.309905052185059 2.2669864892959595 0.6000000238418582
			vertex 11.337348937988281 2.2765897512435913 0.6000000238418582
		endloop
	endfacet
	facet normal -0.33028613920719213 0.9438808538409958 0
		outer loop
			vertex 11.309905052185059 2.2669864892959595 3.848063003140202e-16
			vertex 11.337348937988281 2.2765897512435913 0.6000000238418582
			vertex 11.337348937988281 2.2765897512435913 3.826739478088667e-16
		endloop
	endfacet
	facet normal -0.11196359968271272 0.9937123086417363 0
		outer loop
			vertex 11.337348937988281 2.2765897512435913 3.826739478088667e-16
			vertex 11.337348937988281 2.2765897512435913 0.6000000238418582
			vertex 11.366242408752441 2.2798452377319336 0.6000000238418582
		endloop
	endfacet
	facet normal -0.11196359968271272 0.9937123086417363 0
		outer loop
			vertex 11.337348937988281 2.2765897512435913 3.826739478088667e-16
			vertex 11.366242408752441 2.2798452377319336 0.6000000238418582
			vertex 11.366242408752441 2.2798452377319336 3.8195108459772396e-16
		endloop
	endfacet
	facet normal 0.11196359968271272 0.9937123086417363 0
		outer loop
			vertex 11.366242408752441 2.2798452377319336 3.8195108459772396e-16
			vertex 11.366242408752441 2.2798452377319336 0.6000000238418582
			vertex 11.395135879516602 2.2765897512435913 0.6000000238418582
		endloop
	endfacet
	facet normal -9.633850643356308e-17 8.550346711831735e-16 1
		outer loop
			vertex 11.366242408752441 2.2798452377319336 0.6000000238418582
			vertex 11.337348937988281 2.2765897512435913 0.6000000238418582
			vertex 11.366242408752441 2.1499998569488525 0.6000000238418584
		endloop
	endfacet
	facet normal 4.57776686492104e-16 7.285650705328878e-16 1
		outer loop
			vertex 11.447199821472168 2.2515170574188232 0.6000000238418582
			vertex 11.422579765319824 2.2669864892959595 0.6000000238418582
			vertex 11.366242408752441 2.1499998569488525 0.6000000238418584
		endloop
	endfacet
	facet normal 2.841931564817451e-16 8.121578454356045e-16 1
		outer loop
			vertex 11.366242408752441 2.1499998569488525 0.6000000238418584
			vertex 11.422579765319824 2.2669864892959595 0.6000000238418582
			vertex 11.395135879516602 2.2765897512435913 0.6000000238418582
		endloop
	endfacet
	facet normal 9.633850643356308e-17 8.550346711831735e-16 1
		outer loop
			vertex 11.366242408752441 2.1499998569488525 0.6000000238418584
			vertex 11.395135879516602 2.2765897512435913 0.6000000238418582
			vertex 11.366242408752441 2.2798452377319336 0.6000000238418582
		endloop
	endfacet
	facet normal 0 0 1
		outer loop
			vertex 11.49283218383789 2.178893208503723 0.6000000238418584
			vertex 11.483229637145996 2.2063376903533936 0.6000000238418584
			vertex 11.366242408752441 2.1499998569488525 0.6000000238418584
		endloop
	endfacet
	facet normal 0 0 1
		outer loop
			vertex 11.366242408752441 2.1499998569488525 0.6000000238418584
			vertex 11.483229637145996 2.2063376903533936 0.6000000238418584
			vertex 11.467759132385254 2.2309571504592896 0.6000000238418584
		endloop
	endfacet
	facet normal -2.3957948031142364e-15 3.0042165240778626e-15 1
		outer loop
			vertex 11.366242408752441 2.1499998569488525 0.6000000238418584
			vertex 11.467759132385254 2.2309571504592896 0.6000000238418584
			vertex 11.447199821472168 2.2515170574188232 0.6000000238418582
		endloop
	endfacet
	facet normal 0 0 1
		outer loop
			vertex 11.483229637145996 2.093662142753601 0.6000000238418584
			vertex 11.49283218383789 2.1211066246032715 0.6000000238418584
			vertex 11.366242408752441 2.1499998569488525 0.6000000238418584
		endloop
	endfacet
	facet normal 0 0 1
		outer loop
			vertex 11.366242408752441 2.1499998569488525 0.6000000238418584
			vertex 11.49283218383789 2.1211066246032715 0.6000000238418584
			vertex 11.496088027954102 2.1499998569488525 0.6000000238418584
		endloop
	endfacet
	facet normal 0 0 1
		outer loop
			vertex 11.366242408752441 2.1499998569488525 0.6000000238418584
			vertex 11.496088027954102 2.1499998569488525 0.6000000238418584
			vertex 11.49283218383789 2.178893208503723 0.6000000238418584
		endloop
	endfacet
	facet normal 0 0 1
		outer loop
			vertex 11.422579765319824 2.0330132246017456 0.6000000238418584
			vertex 11.447199821472168 2.0484827756881714 0.6000000238418584
			vertex 11.366242408752441 2.1499998569488525 0.6000000238418584
		endloop
	endfacet
	facet normal 0 0 1
		outer loop
			vertex 11.366242408752441 2.1499998569488525 0.6000000238418584
			vertex 11.447199821472168 2.0484827756881714 0.6000000238418584
			vertex 11.467759132385254 2.069042682647705 0.6000000238418584
		endloop
	endfacet
	facet normal 0 0 1
		outer loop
			vertex 11.366242408752441 2.1499998569488525 0.6000000238418584
			vertex 11.467759132385254 2.069042682647705 0.6000000238418584
			vertex 11.483229637145996 2.093662142753601 0.6000000238418584
		endloop
	endfacet
	facet normal 0 0 1
		outer loop
			vertex 11.337348937988281 2.0234100818634033 0.6000000238418584
			vertex 11.366242408752441 2.020154595375061 0.6000000238418584
			vertex 11.366242408752441 2.1499998569488525 0.6000000238418584
		endloop
	endfacet
	facet normal 0 0 1
		outer loop
			vertex 11.366242408752441 2.1499998569488525 0.6000000238418584
			vertex 11.366242408752441 2.020154595375061 0.6000000238418584
			vertex 11.395135879516602 2.0234100818634033 0.6000000238418584
		endloop
	endfacet
	facet normal 0 0 1
		outer loop
			vertex 11.366242408752441 2.1499998569488525 0.6000000238418584
			vertex 11.395135879516602 2.0234100818634033 0.6000000238418584
			vertex 11.422579765319824 2.0330132246017456 0.6000000238418584
		endloop
	endfacet
	facet normal 0 0 1
		outer loop
			vertex 11.264725685119629 2.069042682647705 0.6000000238418584
			vertex 11.285284996032715 2.0484827756881714 0.6000000238418584
			vertex 11.366242408752441 2.1499998569488525 0.6000000238418584
		endloop
	endfacet
	facet normal 0 0 1
		outer loop
			vertex 11.366242408752441 2.1499998569488525 0.6000000238418584
			vertex 11.285284996032715 2.0484827756881714 0.6000000238418584
			vertex 11.309905052185059 2.0330132246017456 0.6000000238418584
		endloop
	endfacet
	facet normal 0 0 1
		outer loop
			vertex 11.366242408752441 2.1499998569488525 0.6000000238418584
			vertex 11.309905052185059 2.0330132246017456 0.6000000238418584
			vertex 11.337348937988281 2.0234100818634033 0.6000000238418584
		endloop
	endfacet
	facet normal 0 0 1
		outer loop
			vertex 11.236397743225098 2.1499998569488525 0.6000000238418584
			vertex 11.239652633666992 2.1211066246032715 0.6000000238418584
			vertex 11.366242408752441 2.1499998569488525 0.6000000238418584
		endloop
	endfacet
	facet normal 0 0 1
		outer loop
			vertex 11.366242408752441 2.1499998569488525 0.6000000238418584
			vertex 11.239652633666992 2.1211066246032715 0.6000000238418584
			vertex 11.249256134033203 2.093662142753601 0.6000000238418584
		endloop
	endfacet
	facet normal 0 0 1
		outer loop
			vertex 11.366242408752441 2.1499998569488525 0.6000000238418584
			vertex 11.249256134033203 2.093662142753601 0.6000000238418584
			vertex 11.264725685119629 2.069042682647705 0.6000000238418584
		endloop
	endfacet
	facet normal 0 0 1
		outer loop
			vertex 11.264725685119629 2.2309571504592896 0.6000000238418584
			vertex 11.249256134033203 2.2063376903533936 0.6000000238418584
			vertex 11.366242408752441 2.1499998569488525 0.6000000238418584
		endloop
	endfacet
	facet normal 0 0 1
		outer loop
			vertex 11.366242408752441 2.1499998569488525 0.6000000238418584
			vertex 11.249256134033203 2.2063376903533936 0.6000000238418584
			vertex 11.239652633666992 2.178893208503723 0.6000000238418584
		endloop
	endfacet
	facet normal 0 0 1
		outer loop
			vertex 11.366242408752441 2.1499998569488525 0.6000000238418584
			vertex 11.239652633666992 2.178893208503723 0.6000000238418584
			vertex 11.236397743225098 2.1499998569488525 0.6000000238418584
		endloop
	endfacet
	facet normal -2.841931564817451e-16 8.121578454356045e-16 1
		outer loop
			vertex 11.337348937988281 2.2765897512435913 0.6000000238418582
			vertex 11.309905052185059 2.2669864892959595 0.6000000238418582
			vertex 11.366242408752441 2.1499998569488525 0.6000000238418584
		endloop
	endfacet
	facet normal -4.57776686492104e-16 7.285650705328878e-16 1
		outer loop
			vertex 11.366242408752441 2.1499998569488525 0.6000000238418584
			vertex 11.309905052185059 2.2669864892959595 0.6000000238418582
			vertex 11.285284996032715 2.2515170574188232 0.6000000238418582
		endloop
	endfacet
	facet normal 2.3957948031142364e-15 3.0042165240778626e-15 1
		outer loop
			vertex 11.366242408752441 2.1499998569488525 0.6000000238418584
			vertex 11.285284996032715 2.2515170574188232 0.6000000238418582
			vertex 11.264725685119629 2.2309571504592896 0.6000000238418584
		endloop
	endfacet
	facet normal 0 -2.220446049250313e-16 -1
		outer loop
			vertex 11.366242408752441 2.2798452377319336 3.8195108459772396e-16
			vertex 11.395135879516602 2.2765897512435913 3.826739478088667e-16
			vertex 11.366242408752441 2.1499998569488525 4.1078255087504344e-16
		endloop
	endfacet
	facet normal 0 -2.220446049250313e-16 -1
		outer loop
			vertex 11.285284996032715 2.2515170574188232 3.882412042035936e-16
			vertex 11.309905052185059 2.2669864892959595 3.848063003140202e-16
			vertex 11.366242408752441 2.1499998569488525 4.1078255087504344e-16
		endloop
	endfacet
	facet normal 0 -2.220446049250313e-16 -1
		outer loop
			vertex 11.366242408752441 2.1499998569488525 4.1078255087504344e-16
			vertex 11.309905052185059 2.2669864892959595 3.848063003140202e-16
			vertex 11.337348937988281 2.2765897512435913 3.826739478088667e-16
		endloop
	endfacet
	facet normal 0 -2.220446049250313e-16 -1
		outer loop
			vertex 11.366242408752441 2.1499998569488525 4.1078255087504344e-16
			vertex 11.337348937988281 2.2765897512435913 3.826739478088667e-16
			vertex 11.366242408752441 2.2798452377319336 3.8195108459772396e-16
		endloop
	endfacet
	facet normal 0 -2.220446049250313e-16 -1
		outer loop
			vertex 11.239652633666992 2.178893208503723 4.0436693804408216e-16
			vertex 11.249256134033203 2.2063376903533936 3.982730389143999e-16
			vertex 11.366242408752441 2.1499998569488525 4.1078255087504344e-16
		endloop
	endfacet
	facet normal 0 -2.220446049250313e-16 -1
		outer loop
			vertex 11.366242408752441 2.1499998569488525 4.1078255087504344e-16
			vertex 11.249256134033203 2.2063376903533936 3.982730389143999e-16
			vertex 11.264725685119629 2.2309571504592896 3.9280642062171865e-16
		endloop
	endfacet
	facet normal 0 -2.220446049250313e-16 -1
		outer loop
			vertex 11.366242408752441 2.1499998569488525 4.1078255087504344e-16
			vertex 11.264725685119629 2.2309571504592896 3.9280642062171865e-16
			vertex 11.285284996032715 2.2515170574188232 3.882412042035936e-16
		endloop
	endfacet
	facet normal 0 -2.220446049250313e-16 -1
		outer loop
			vertex 11.249256134033203 2.093662142753601 4.232920363659074e-16
			vertex 11.239652633666992 2.1211066246032715 4.171981372362251e-16
			vertex 11.366242408752441 2.1499998569488525 4.1078255087504344e-16
		endloop
	endfacet
	facet normal 0 -2.220446049250313e-16 -1
		outer loop
			vertex 11.366242408752441 2.1499998569488525 4.1078255087504344e-16
			vertex 11.239652633666992 2.1211066246032715 4.171981372362251e-16
			vertex 11.236397743225098 2.1499998569488525 4.1078255087504344e-16
		endloop
	endfacet
	facet normal 0 -2.220446049250313e-16 -1
		outer loop
			vertex 11.366242408752441 2.1499998569488525 4.1078255087504344e-16
			vertex 11.236397743225098 2.1499998569488525 4.1078255087504344e-16
			vertex 11.239652633666992 2.178893208503723 4.0436693804408216e-16
		endloop
	endfacet
	facet normal 0 -2.220446049250313e-16 -1
		outer loop
			vertex 11.309905052185059 2.0330132246017456 4.367588014360667e-16
			vertex 11.285284996032715 2.0484827756881714 4.333238710767137e-16
			vertex 11.366242408752441 2.1499998569488525 4.1078255087504344e-16
		endloop
	endfacet
	facet normal 0 -2.220446049250313e-16 -1
		outer loop
			vertex 11.366242408752441 2.1499998569488525 4.1078255087504344e-16
			vertex 11.285284996032715 2.0484827756881714 4.333238710767137e-16
			vertex 11.264725685119629 2.069042682647705 4.2875865465858863e-16
		endloop
	endfacet
	facet normal 0 -2.220446049250313e-16 -1
		outer loop
			vertex 11.366242408752441 2.1499998569488525 4.1078255087504344e-16
			vertex 11.264725685119629 2.069042682647705 4.2875865465858863e-16
			vertex 11.249256134033203 2.093662142753601 4.232920363659074e-16
		endloop
	endfacet
	facet normal 0 -2.220446049250313e-16 -1
		outer loop
			vertex 11.395135879516602 2.0234100818634033 4.388911274714406e-16
			vertex 11.366242408752441 2.020154595375061 4.3961399068258333e-16
			vertex 11.366242408752441 2.1499998569488525 4.1078255087504344e-16
		endloop
	endfacet
	facet normal 0 -2.220446049250313e-16 -1
		outer loop
			vertex 11.366242408752441 2.1499998569488525 4.1078255087504344e-16
			vertex 11.366242408752441 2.020154595375061 4.3961399068258333e-16
			vertex 11.337348937988281 2.0234100818634033 4.388911274714406e-16
		endloop
	endfacet
	facet normal 0 -2.220446049250313e-16 -1
		outer loop
			vertex 11.366242408752441 2.1499998569488525 4.1078255087504344e-16
			vertex 11.337348937988281 2.0234100818634033 4.388911274714406e-16
			vertex 11.309905052185059 2.0330132246017456 4.367588014360667e-16
		endloop
	endfacet
	facet normal 0 -2.220446049250313e-16 -1
		outer loop
			vertex 11.467759132385254 2.069042682647705 4.2875865465858863e-16
			vertex 11.447199821472168 2.0484827756881714 4.333238710767137e-16
			vertex 11.366242408752441 2.1499998569488525 4.1078255087504344e-16
		endloop
	endfacet
	facet normal 0 -2.220446049250313e-16 -1
		outer loop
			vertex 11.366242408752441 2.1499998569488525 4.1078255087504344e-16
			vertex 11.447199821472168 2.0484827756881714 4.333238710767137e-16
			vertex 11.422579765319824 2.0330132246017456 4.367588014360667e-16
		endloop
	endfacet
	facet normal 0 -2.220446049250313e-16 -1
		outer loop
			vertex 11.366242408752441 2.1499998569488525 4.1078255087504344e-16
			vertex 11.422579765319824 2.0330132246017456 4.367588014360667e-16
			vertex 11.395135879516602 2.0234100818634033 4.388911274714406e-16
		endloop
	endfacet
	facet normal 0 -2.220446049250313e-16 -1
		outer loop
			vertex 11.496088027954102 2.1499998569488525 4.1078255087504344e-16
			vertex 11.49283218383789 2.1211066246032715 4.171981372362251e-16
			vertex 11.366242408752441 2.1499998569488525 4.1078255087504344e-16
		endloop
	endfacet
	facet normal 0 -2.220446049250313e-16 -1
		outer loop
			vertex 11.366242408752441 2.1499998569488525 4.1078255087504344e-16
			vertex 11.49283218383789 2.1211066246032715 4.171981372362251e-16
			vertex 11.483229637145996 2.093662142753601 4.232920363659074e-16
		endloop
	endfacet
	facet normal 0 -2.220446049250313e-16 -1
		outer loop
			vertex 11.366242408752441 2.1499998569488525 4.1078255087504344e-16
			vertex 11.483229637145996 2.093662142753601 4.232920363659074e-16
			vertex 11.467759132385254 2.069042682647705 4.2875865465858863e-16
		endloop
	endfacet
	facet normal 0 -2.220446049250313e-16 -1
		outer loop
			vertex 11.467759132385254 2.2309571504592896 3.9280642062171865e-16
			vertex 11.483229637145996 2.2063376903533936 3.982730389143999e-16
			vertex 11.366242408752441 2.1499998569488525 4.1078255087504344e-16
		endloop
	endfacet
	facet normal 0 -2.220446049250313e-16 -1
		outer loop
			vertex 11.366242408752441 2.1499998569488525 4.1078255087504344e-16
			vertex 11.483229637145996 2.2063376903533936 3.982730389143999e-16
			vertex 11.49283218383789 2.178893208503723 4.0436693804408216e-16
		endloop
	endfacet
	facet normal 0 -2.220446049250313e-16 -1
		outer loop
			vertex 11.366242408752441 2.1499998569488525 4.1078255087504344e-16
			vertex 11.49283218383789 2.178893208503723 4.0436693804408216e-16
			vertex 11.496088027954102 2.1499998569488525 4.1078255087504344e-16
		endloop
	endfacet
	facet normal 0 -2.220446049250313e-16 -1
		outer loop
			vertex 11.395135879516602 2.2765897512435913 3.826739478088667e-16
			vertex 11.422579765319824 2.2669864892959595 3.848063003140202e-16
			vertex 11.366242408752441 2.1499998569488525 4.1078255087504344e-16
		endloop
	endfacet
	facet normal 0 -2.220446049250313e-16 -1
		outer loop
			vertex 11.366242408752441 2.1499998569488525 4.1078255087504344e-16
			vertex 11.422579765319824 2.2669864892959595 3.848063003140202e-16
			vertex 11.447199821472168 2.2515170574188232 3.882412042035936e-16
		endloop
	endfacet
	facet normal 0 -2.220446049250313e-16 -1
		outer loop
			vertex 11.366242408752441 2.1499998569488525 4.1078255087504344e-16
			vertex 11.447199821472168 2.2515170574188232 3.882412042035936e-16
			vertex 11.467759132385254 2.2309571504592896 3.9280642062171865e-16
		endloop
	endfacet
	facet normal 0.11195740516436635 0.9937130065712445 0
		outer loop
			vertex 11.696242332458496 1.9786491394042969 4.488300532558449e-16
			vertex 11.724869728088379 1.975423812866211 0.6000000238418584
			vertex 11.724869728088379 1.975423812866211 4.495462196127484e-16
		endloop
	endfacet
	facet normal 0.33028554169464414 0.9438810629244956 0
		outer loop
			vertex 11.724869728088379 1.975423812866211 4.495462196127484e-16
			vertex 11.724869728088379 1.975423812866211 0.6000000238418584
			vertex 11.752060890197754 1.9659090042114258 0.6000000238418584
		endloop
	endfacet
	facet normal 0.33028554169464414 0.9438810629244956 0
		outer loop
			vertex 11.724869728088379 1.975423812866211 4.495462196127484e-16
			vertex 11.752060890197754 1.9659090042114258 0.6000000238418584
			vertex 11.752060890197754 1.9659090042114258 4.516589315414375e-16
		endloop
	endfacet
	facet normal 0.5320267933135652 0.8467275188609881 0
		outer loop
			vertex 11.752060890197754 1.9659090042114258 4.516589315414375e-16
			vertex 11.752060890197754 1.9659090042114258 0.6000000238418584
			vertex 11.776453971862793 1.9505820274353027 0.6000000238418584
		endloop
	endfacet
	facet normal 0.5320267933135652 0.8467275188609881 0
		outer loop
			vertex 11.752060890197754 1.9659090042114258 4.516589315414375e-16
			vertex 11.776453971862793 1.9505820274353027 0.6000000238418584
			vertex 11.776453971862793 1.9505820274353027 4.550622040443869e-16
		endloop
	endfacet
	facet normal 0.7071067811865476 0.7071067811865476 0
		outer loop
			vertex 11.776453971862793 1.9505820274353027 4.550622040443869e-16
			vertex 11.776453971862793 1.9505820274353027 0.6000000238418584
			vertex 11.79682445526123 1.9302115440368652 0.6000000238418584
		endloop
	endfacet
	facet normal 0.7071067811865476 0.7071067811865476 0
		outer loop
			vertex 11.776453971862793 1.9505820274353027 4.550622040443869e-16
			vertex 11.79682445526123 1.9302115440368652 0.6000000238418584
			vertex 11.79682445526123 1.9302115440368652 4.595853599827248e-16
		endloop
	endfacet
	facet normal 0.8467326326938989 0.5320186544955536 0
		outer loop
			vertex 11.79682445526123 1.9302115440368652 4.595853599827248e-16
			vertex 11.79682445526123 1.9302115440368652 0.6000000238418584
			vertex 11.812150955200195 1.9058187007904053 0.6000000238418584
		endloop
	endfacet
	facet normal 0.8467326326938989 0.5320186544955536 0
		outer loop
			vertex 11.79682445526123 1.9302115440368652 4.595853599827248e-16
			vertex 11.812150955200195 1.9058187007904053 0.6000000238418584
			vertex 11.812150955200195 1.9058187007904053 4.650016592243832e-16
		endloop
	endfacet
	facet normal 0.9438725481108566 0.33030987409206936 0
		outer loop
			vertex 11.812150955200195 1.9058187007904053 4.650016592243832e-16
			vertex 11.812150955200195 1.9058187007904053 0.6000000238418584
			vertex 11.821666717529297 1.878627061843872 0.6000000238418584
		endloop
	endfacet
	facet normal 0.9438725481108566 0.33030987409206936 0
		outer loop
			vertex 11.812150955200195 1.9058187007904053 4.650016592243832e-16
			vertex 11.821666717529297 1.878627061843872 0.6000000238418584
			vertex 11.821666717529297 1.878627061843872 4.710394159515303e-16
		endloop
	endfacet
	facet normal 0.9937129028350681 0.11195832590344713 0
		outer loop
			vertex 11.821666717529297 1.878627061843872 4.710394159515303e-16
			vertex 11.821666717529297 1.878627061843872 0.6000000238418584
			vertex 11.824892044067383 1.8499999046325684 0.6000000238418584
		endloop
	endfacet
	facet normal 0.9937129028350681 0.11195832590344713 0
		outer loop
			vertex 11.821666717529297 1.878627061843872 4.710394159515303e-16
			vertex 11.824892044067383 1.8499999046325684 0.6000000238418584
			vertex 11.824892044067383 1.8499999046325684 4.77395921764641e-16
		endloop
	endfacet
	facet normal 0.9937129028350681 -0.11195832590344713 0
		outer loop
			vertex 11.824892044067383 1.8499999046325684 4.77395921764641e-16
			vertex 11.824892044067383 1.8499999046325684 0.6000000238418584
			vertex 11.821666717529297 1.8213727474212646 0.6000000238418584
		endloop
	endfacet
	facet normal 0.9937129028350681 -0.11195832590344713 0
		outer loop
			vertex 11.824892044067383 1.8499999046325684 4.77395921764641e-16
			vertex 11.821666717529297 1.8213727474212646 0.6000000238418584
			vertex 11.821666717529297 1.8213727474212646 4.837524275777517e-16
		endloop
	endfacet
	facet normal 0.9438725481108566 -0.33030987409206936 0
		outer loop
			vertex 11.821666717529297 1.8213727474212646 4.837524275777517e-16
			vertex 11.821666717529297 1.8213727474212646 0.6000000238418584
			vertex 11.812150955200195 1.7941811084747314 0.6000000238418584
		endloop
	endfacet
	facet normal 0.9438725481108566 -0.33030987409206936 0
		outer loop
			vertex 11.821666717529297 1.8213727474212646 4.837524275777517e-16
			vertex 11.812150955200195 1.7941811084747314 0.6000000238418584
			vertex 11.812150955200195 1.7941811084747314 4.897901843048987e-16
		endloop
	endfacet
	facet normal 0.8467326326938989 -0.5320186544955536 0
		outer loop
			vertex 11.812150955200195 1.7941811084747314 4.897901843048987e-16
			vertex 11.812150955200195 1.7941811084747314 0.6000000238418584
			vertex 11.79682445526123 1.7697882652282715 0.6000000238418584
		endloop
	endfacet
	facet normal 0.8467326326938989 -0.5320186544955536 0
		outer loop
			vertex 11.812150955200195 1.7941811084747314 4.897901843048987e-16
			vertex 11.79682445526123 1.7697882652282715 0.6000000238418584
			vertex 11.79682445526123 1.7697882652282715 4.952064835465572e-16
		endloop
	endfacet
	facet normal 0.7071067811865476 -0.7071067811865476 0
		outer loop
			vertex 11.79682445526123 1.7697882652282715 4.952064835465572e-16
			vertex 11.79682445526123 1.7697882652282715 0.6000000238418584
			vertex 11.776453971862793 1.749417781829834 0.6000000238418585
		endloop
	endfacet
	facet normal 0.7071067811865476 -0.7071067811865476 0
		outer loop
			vertex 11.79682445526123 1.7697882652282715 4.952064835465572e-16
			vertex 11.776453971862793 1.749417781829834 0.6000000238418585
			vertex 11.776453971862793 1.749417781829834 4.997296394848951e-16
		endloop
	endfacet
	facet normal 0.5320267933135652 -0.8467275188609881 0
		outer loop
			vertex 11.776453971862793 1.749417781829834 4.997296394848951e-16
			vertex 11.776453971862793 1.749417781829834 0.6000000238418585
			vertex 11.752060890197754 1.734090805053711 0.6000000238418585
		endloop
	endfacet
	facet normal 0.5320267933135652 -0.8467275188609881 0
		outer loop
			vertex 11.776453971862793 1.749417781829834 4.997296394848951e-16
			vertex 11.752060890197754 1.734090805053711 0.6000000238418585
			vertex 11.752060890197754 1.734090805053711 5.031329119878445e-16
		endloop
	endfacet
	facet normal 0.33028554169464414 -0.9438810629244956 0
		outer loop
			vertex 11.752060890197754 1.734090805053711 5.031329119878445e-16
			vertex 11.752060890197754 1.734090805053711 0.6000000238418585
			vertex 11.724869728088379 1.7245759963989258 0.6000000238418585
		endloop
	endfacet
	facet normal 0.33028554169464414 -0.9438810629244956 0
		outer loop
			vertex 11.752060890197754 1.734090805053711 5.031329119878445e-16
			vertex 11.724869728088379 1.7245759963989258 0.6000000238418585
			vertex 11.724869728088379 1.7245759963989258 5.052456239165335e-16
		endloop
	endfacet
	facet normal 0.11196557739424719 -0.9937120858069368 0
		outer loop
			vertex 11.724869728088379 1.7245759963989258 5.052456239165335e-16
			vertex 11.724869728088379 1.7245759963989258 0.6000000238418585
			vertex 11.696242332458496 1.7213504314422607 0.6000000238418585
		endloop
	endfacet
	facet normal 0.11196557739424719 -0.9937120858069368 0
		outer loop
			vertex 11.724869728088379 1.7245759963989258 5.052456239165335e-16
			vertex 11.696242332458496 1.7213504314422607 0.6000000238418585
			vertex 11.696242332458496 1.7213504314422607 5.059618432129963e-16
		endloop
	endfacet
	facet normal -0.11196926070287645 -0.9937116707866782 0
		outer loop
			vertex 11.696242332458496 1.7213504314422607 5.059618432129963e-16
			vertex 11.696242332458496 1.7213504314422607 0.6000000238418585
			vertex 11.66761589050293 1.7245759963989258 0.6000000238418585
		endloop
	endfacet
	facet normal -0.11196926070287645 -0.9937116707866782 0
		outer loop
			vertex 11.696242332458496 1.7213504314422607 5.059618432129963e-16
			vertex 11.66761589050293 1.7245759963989258 0.6000000238418585
			vertex 11.66761589050293 1.7245759963989258 5.052456239165335e-16
		endloop
	endfacet
	facet normal -0.3302752215998393 -0.9438846740980473 0
		outer loop
			vertex 11.66761589050293 1.7245759963989258 5.052456239165335e-16
			vertex 11.66761589050293 1.7245759963989258 0.6000000238418585
			vertex 11.640423774719238 1.734090805053711 0.6000000238418585
		endloop
	endfacet
	facet normal -0.3302752215998393 -0.9438846740980473 0
		outer loop
			vertex 11.66761589050293 1.7245759963989258 5.052456239165335e-16
			vertex 11.640423774719238 1.734090805053711 0.6000000238418585
			vertex 11.640423774719238 1.734090805053711 5.031329119878445e-16
		endloop
	endfacet
	facet normal -0.5320267933135652 -0.8467275188609881 0
		outer loop
			vertex 11.640423774719238 1.734090805053711 5.031329119878445e-16
			vertex 11.640423774719238 1.734090805053711 0.6000000238418585
			vertex 11.6160306930542 1.749417781829834 0.6000000238418585
		endloop
	endfacet
	facet normal -0.5320267933135652 -0.8467275188609881 0
		outer loop
			vertex 11.640423774719238 1.734090805053711 5.031329119878445e-16
			vertex 11.6160306930542 1.749417781829834 0.6000000238418585
			vertex 11.6160306930542 1.749417781829834 4.997296394848951e-16
		endloop
	endfacet
	facet normal -0.7071067811865476 -0.7071067811865476 0
		outer loop
			vertex 11.6160306930542 1.749417781829834 4.997296394848951e-16
			vertex 11.6160306930542 1.749417781829834 0.6000000238418585
			vertex 11.595660209655762 1.7697882652282715 0.6000000238418584
		endloop
	endfacet
	facet normal -0.7071067811865476 -0.7071067811865476 0
		outer loop
			vertex 11.6160306930542 1.749417781829834 4.997296394848951e-16
			vertex 11.595660209655762 1.7697882652282715 0.6000000238418584
			vertex 11.595660209655762 1.7697882652282715 4.952064835465572e-16
		endloop
	endfacet
	facet normal -0.8467326326938989 -0.5320186544955536 0
		outer loop
			vertex 11.595660209655762 1.7697882652282715 4.952064835465572e-16
			vertex 11.595660209655762 1.7697882652282715 0.6000000238418584
			vertex 11.580333709716797 1.7941811084747314 0.6000000238418584
		endloop
	endfacet
	facet normal -0.8467326326938989 -0.5320186544955536 0
		outer loop
			vertex 11.595660209655762 1.7697882652282715 4.952064835465572e-16
			vertex 11.580333709716797 1.7941811084747314 0.6000000238418584
			vertex 11.580333709716797 1.7941811084747314 4.897901843048987e-16
		endloop
	endfacet
	facet normal -0.9438828685535853 -0.33028038157156053 0
		outer loop
			vertex 11.580333709716797 1.7941811084747314 4.897901843048987e-16
			vertex 11.580333709716797 1.7941811084747314 0.6000000238418584
			vertex 11.570818901062012 1.8213727474212646 0.6000000238418584
		endloop
	endfacet
	facet normal -0.9438828685535853 -0.33028038157156053 0
		outer loop
			vertex 11.580333709716797 1.7941811084747314 4.897901843048987e-16
			vertex 11.570818901062012 1.8213727474212646 0.6000000238418584
			vertex 11.570818901062012 1.8213727474212646 4.837524275777517e-16
		endloop
	endfacet
	facet normal -0.9937129028350681 -0.11195832590344713 0
		outer loop
			vertex 11.570818901062012 1.8213727474212646 4.837524275777517e-16
			vertex 11.570818901062012 1.8213727474212646 0.6000000238418584
			vertex 11.567593574523926 1.8499999046325684 0.6000000238418584
		endloop
	endfacet
	facet normal -0.9937129028350681 -0.11195832590344713 0
		outer loop
			vertex 11.570818901062012 1.8213727474212646 4.837524275777517e-16
			vertex 11.567593574523926 1.8499999046325684 0.6000000238418584
			vertex 11.567593574523926 1.8499999046325684 4.77395921764641e-16
		endloop
	endfacet
	facet normal -0.9937129028350681 0.11195832590344713 0
		outer loop
			vertex 11.567593574523926 1.8499999046325684 4.77395921764641e-16
			vertex 11.567593574523926 1.8499999046325684 0.6000000238418584
			vertex 11.570818901062012 1.878627061843872 0.6000000238418584
		endloop
	endfacet
	facet normal -0.9937129028350681 0.11195832590344713 0
		outer loop
			vertex 11.567593574523926 1.8499999046325684 4.77395921764641e-16
			vertex 11.570818901062012 1.878627061843872 0.6000000238418584
			vertex 11.570818901062012 1.878627061843872 4.710394159515303e-16
		endloop
	endfacet
	facet normal -0.9438828685535853 0.33028038157156053 0
		outer loop
			vertex 11.570818901062012 1.878627061843872 4.710394159515303e-16
			vertex 11.570818901062012 1.878627061843872 0.6000000238418584
			vertex 11.580333709716797 1.9058187007904053 0.6000000238418584
		endloop
	endfacet
	facet normal -0.9438828685535853 0.33028038157156053 0
		outer loop
			vertex 11.570818901062012 1.878627061843872 4.710394159515303e-16
			vertex 11.580333709716797 1.9058187007904053 0.6000000238418584
			vertex 11.580333709716797 1.9058187007904053 4.650016592243832e-16
		endloop
	endfacet
	facet normal -0.8467326326938989 0.5320186544955536 0
		outer loop
			vertex 11.580333709716797 1.9058187007904053 4.650016592243832e-16
			vertex 11.580333709716797 1.9058187007904053 0.6000000238418584
			vertex 11.595660209655762 1.9302115440368652 0.6000000238418584
		endloop
	endfacet
	facet normal -0.8467326326938989 0.5320186544955536 0
		outer loop
			vertex 11.580333709716797 1.9058187007904053 4.650016592243832e-16
			vertex 11.595660209655762 1.9302115440368652 0.6000000238418584
			vertex 11.595660209655762 1.9302115440368652 4.595853599827248e-16
		endloop
	endfacet
	facet normal -0.7071067811865476 0.7071067811865476 0
		outer loop
			vertex 11.595660209655762 1.9302115440368652 4.595853599827248e-16
			vertex 11.595660209655762 1.9302115440368652 0.6000000238418584
			vertex 11.6160306930542 1.9505820274353027 0.6000000238418584
		endloop
	endfacet
	facet normal -0.7071067811865476 0.7071067811865476 0
		outer loop
			vertex 11.595660209655762 1.9302115440368652 4.595853599827248e-16
			vertex 11.6160306930542 1.9505820274353027 0.6000000238418584
			vertex 11.6160306930542 1.9505820274353027 4.550622040443869e-16
		endloop
	endfacet
	facet normal -0.5320267933135652 0.8467275188609881 0
		outer loop
			vertex 11.6160306930542 1.9505820274353027 4.550622040443869e-16
			vertex 11.6160306930542 1.9505820274353027 0.6000000238418584
			vertex 11.640423774719238 1.9659090042114258 0.6000000238418584
		endloop
	endfacet
	facet normal -0.5320267933135652 0.8467275188609881 0
		outer loop
			vertex 11.6160306930542 1.9505820274353027 4.550622040443869e-16
			vertex 11.640423774719238 1.9659090042114258 0.6000000238418584
			vertex 11.640423774719238 1.9659090042114258 4.516589315414375e-16
		endloop
	endfacet
	facet normal -0.3302752215998393 0.9438846740980473 0
		outer loop
			vertex 11.640423774719238 1.9659090042114258 4.516589315414375e-16
			vertex 11.640423774719238 1.9659090042114258 0.6000000238418584
			vertex 11.66761589050293 1.975423812866211 0.6000000238418584
		endloop
	endfacet
	facet normal -0.3302752215998393 0.9438846740980473 0
		outer loop
			vertex 11.640423774719238 1.9659090042114258 4.516589315414375e-16
			vertex 11.66761589050293 1.975423812866211 0.6000000238418584
			vertex 11.66761589050293 1.975423812866211 4.495462196127484e-16
		endloop
	endfacet
	facet normal -0.11196108821098112 0.9937125916111827 0
		outer loop
			vertex 11.66761589050293 1.975423812866211 4.495462196127484e-16
			vertex 11.66761589050293 1.975423812866211 0.6000000238418584
			vertex 11.696242332458496 1.9786491394042969 0.6000000238418584
		endloop
	endfacet
	facet normal -0.11196108821098112 0.9937125916111827 0
		outer loop
			vertex 11.66761589050293 1.975423812866211 4.495462196127484e-16
			vertex 11.696242332458496 1.9786491394042969 0.6000000238418584
			vertex 11.696242332458496 1.9786491394042969 4.488300532558449e-16
		endloop
	endfacet
	facet normal 0.11195740516436635 0.9937130065712445 0
		outer loop
			vertex 11.696242332458496 1.9786491394042969 4.488300532558449e-16
			vertex 11.696242332458496 1.9786491394042969 0.6000000238418584
			vertex 11.724869728088379 1.975423812866211 0.6000000238418584
		endloop
	endfacet
	facet normal 0 0 1
		outer loop
			vertex 11.696242332458496 1.9786491394042969 0.6000000238418584
			vertex 11.66761589050293 1.975423812866211 0.6000000238418584
			vertex 11.696242332458496 1.8499999046325684 0.6000000238418584
		endloop
	endfacet
	facet normal 0 0 1
		outer loop
			vertex 11.776453971862793 1.9505820274353027 0.6000000238418584
			vertex 11.752060890197754 1.9659090042114258 0.6000000238418584
			vertex 11.696242332458496 1.8499999046325684 0.6000000238418584
		endloop
	endfacet
	facet normal 0 0 1
		outer loop
			vertex 11.696242332458496 1.8499999046325684 0.6000000238418584
			vertex 11.752060890197754 1.9659090042114258 0.6000000238418584
			vertex 11.724869728088379 1.975423812866211 0.6000000238418584
		endloop
	endfacet
	facet normal 0 0 1
		outer loop
			vertex 11.696242332458496 1.8499999046325684 0.6000000238418584
			vertex 11.724869728088379 1.975423812866211 0.6000000238418584
			vertex 11.696242332458496 1.9786491394042969 0.6000000238418584
		endloop
	endfacet
	facet normal 0 0 1
		outer loop
			vertex 11.821666717529297 1.878627061843872 0.6000000238418584
			vertex 11.812150955200195 1.9058187007904053 0.6000000238418584
			vertex 11.696242332458496 1.8499999046325684 0.6000000238418584
		endloop
	endfacet
	facet normal 0 0 1
		outer loop
			vertex 11.696242332458496 1.8499999046325684 0.6000000238418584
			vertex 11.812150955200195 1.9058187007904053 0.6000000238418584
			vertex 11.79682445526123 1.9302115440368652 0.6000000238418584
		endloop
	endfacet
	facet normal 0 0 1
		outer loop
			vertex 11.696242332458496 1.8499999046325684 0.6000000238418584
			vertex 11.79682445526123 1.9302115440368652 0.6000000238418584
			vertex 11.776453971862793 1.9505820274353027 0.6000000238418584
		endloop
	endfacet
	facet normal 0 0 1
		outer loop
			vertex 11.812150955200195 1.7941811084747314 0.6000000238418584
			vertex 11.821666717529297 1.8213727474212646 0.6000000238418584
			vertex 11.696242332458496 1.8499999046325684 0.6000000238418584
		endloop
	endfacet
	facet normal 0 0 1
		outer loop
			vertex 11.696242332458496 1.8499999046325684 0.6000000238418584
			vertex 11.821666717529297 1.8213727474212646 0.6000000238418584
			vertex 11.824892044067383 1.8499999046325684 0.6000000238418584
		endloop
	endfacet
	facet normal 0 0 1
		outer loop
			vertex 11.696242332458496 1.8499999046325684 0.6000000238418584
			vertex 11.824892044067383 1.8499999046325684 0.6000000238418584
			vertex 11.821666717529297 1.878627061843872 0.6000000238418584
		endloop
	endfacet
	facet normal -4.620358117868982e-16 7.353359670152308e-16 1
		outer loop
			vertex 11.752060890197754 1.734090805053711 0.6000000238418585
			vertex 11.776453971862793 1.749417781829834 0.6000000238418585
			vertex 11.696242332458496 1.8499999046325684 0.6000000238418584
		endloop
	endfacet
	facet normal 2.4180364611559723e-15 3.0321190550862953e-15 1
		outer loop
			vertex 11.696242332458496 1.8499999046325684 0.6000000238418584
			vertex 11.776453971862793 1.749417781829834 0.6000000238418585
			vertex 11.79682445526123 1.7697882652282715 0.6000000238418584
		endloop
	endfacet
	facet normal 0 0 1
		outer loop
			vertex 11.696242332458496 1.8499999046325684 0.6000000238418584
			vertex 11.79682445526123 1.7697882652282715 0.6000000238418584
			vertex 11.812150955200195 1.7941811084747314 0.6000000238418584
		endloop
	endfacet
	facet normal 9.723903447035373e-17 8.629829544523935e-16 1
		outer loop
			vertex 11.66761589050293 1.7245759963989258 0.6000000238418585
			vertex 11.696242332458496 1.7213504314422607 0.6000000238418585
			vertex 11.696242332458496 1.8499999046325684 0.6000000238418584
		endloop
	endfacet
	facet normal -9.723579511281923e-17 8.629829544523934e-16 1
		outer loop
			vertex 11.696242332458496 1.8499999046325684 0.6000000238418584
			vertex 11.696242332458496 1.7213504314422607 0.6000000238418585
			vertex 11.724869728088379 1.7245759963989258 0.6000000238418585
		endloop
	endfacet
	facet normal -2.868345388411381e-16 8.197079654644211e-16 1
		outer loop
			vertex 11.696242332458496 1.8499999046325684 0.6000000238418584
			vertex 11.724869728088379 1.7245759963989258 0.6000000238418585
			vertex 11.752060890197754 1.734090805053711 0.6000000238418585
		endloop
	endfacet
	facet normal -2.4180364611559723e-15 3.0321190550862953e-15 1
		outer loop
			vertex 11.595660209655762 1.7697882652282715 0.6000000238418584
			vertex 11.6160306930542 1.749417781829834 0.6000000238418585
			vertex 11.696242332458496 1.8499999046325684 0.6000000238418584
		endloop
	endfacet
	facet normal 4.620358117868982e-16 7.353359670152308e-16 1
		outer loop
			vertex 11.696242332458496 1.8499999046325684 0.6000000238418584
			vertex 11.6160306930542 1.749417781829834 0.6000000238418585
			vertex 11.640423774719238 1.734090805053711 0.6000000238418585
		endloop
	endfacet
	facet normal 2.868259297523806e-16 8.197121113590888e-16 1
		outer loop
			vertex 11.696242332458496 1.8499999046325684 0.6000000238418584
			vertex 11.640423774719238 1.734090805053711 0.6000000238418585
			vertex 11.66761589050293 1.7245759963989258 0.6000000238418585
		endloop
	endfacet
	facet normal 0 0 1
		outer loop
			vertex 11.567593574523926 1.8499999046325684 0.6000000238418584
			vertex 11.570818901062012 1.8213727474212646 0.6000000238418584
			vertex 11.696242332458496 1.8499999046325684 0.6000000238418584
		endloop
	endfacet
	facet normal 0 0 1
		outer loop
			vertex 11.696242332458496 1.8499999046325684 0.6000000238418584
			vertex 11.570818901062012 1.8213727474212646 0.6000000238418584
			vertex 11.580333709716797 1.7941811084747314 0.6000000238418584
		endloop
	endfacet
	facet normal 0 0 1
		outer loop
			vertex 11.696242332458496 1.8499999046325684 0.6000000238418584
			vertex 11.580333709716797 1.7941811084747314 0.6000000238418584
			vertex 11.595660209655762 1.7697882652282715 0.6000000238418584
		endloop
	endfacet
	facet normal 0 0 1
		outer loop
			vertex 11.595660209655762 1.9302115440368652 0.6000000238418584
			vertex 11.580333709716797 1.9058187007904053 0.6000000238418584
			vertex 11.696242332458496 1.8499999046325684 0.6000000238418584
		endloop
	endfacet
	facet normal 0 0 1
		outer loop
			vertex 11.696242332458496 1.8499999046325684 0.6000000238418584
			vertex 11.580333709716797 1.9058187007904053 0.6000000238418584
			vertex 11.570818901062012 1.878627061843872 0.6000000238418584
		endloop
	endfacet
	facet normal 0 0 1
		outer loop
			vertex 11.696242332458496 1.8499999046325684 0.6000000238418584
			vertex 11.570818901062012 1.878627061843872 0.6000000238418584
			vertex 11.567593574523926 1.8499999046325684 0.6000000238418584
		endloop
	endfacet
	facet normal 0 0 1
		outer loop
			vertex 11.66761589050293 1.975423812866211 0.6000000238418584
			vertex 11.640423774719238 1.9659090042114258 0.6000000238418584
			vertex 11.696242332458496 1.8499999046325684 0.6000000238418584
		endloop
	endfacet
	facet normal 0 0 1
		outer loop
			vertex 11.696242332458496 1.8499999046325684 0.6000000238418584
			vertex 11.640423774719238 1.9659090042114258 0.6000000238418584
			vertex 11.6160306930542 1.9505820274353027 0.6000000238418584
		endloop
	endfacet
	facet normal 0 0 1
		outer loop
			vertex 11.696242332458496 1.8499999046325684 0.6000000238418584
			vertex 11.6160306930542 1.9505820274353027 0.6000000238418584
			vertex 11.595660209655762 1.9302115440368652 0.6000000238418584
		endloop
	endfacet
	facet normal 0 -2.220446049250313e-16 -1
		outer loop
			vertex 11.696242332458496 1.9786491394042969 4.488300532558449e-16
			vertex 11.724869728088379 1.975423812866211 4.495462196127484e-16
			vertex 11.696242332458496 1.8499999046325684 4.77395921764641e-16
		endloop
	endfacet
	facet normal 0 -2.220446049250313e-16 -1
		outer loop
			vertex 11.6160306930542 1.9505820274353027 4.550622040443869e-16
			vertex 11.640423774719238 1.9659090042114258 4.516589315414375e-16
			vertex 11.696242332458496 1.8499999046325684 4.77395921764641e-16
		endloop
	endfacet
	facet normal 0 -2.220446049250313e-16 -1
		outer loop
			vertex 11.696242332458496 1.8499999046325684 4.77395921764641e-16
			vertex 11.640423774719238 1.9659090042114258 4.516589315414375e-16
			vertex 11.66761589050293 1.975423812866211 4.495462196127484e-16
		endloop
	endfacet
	facet normal 0 -2.220446049250313e-16 -1
		outer loop
			vertex 11.696242332458496 1.8499999046325684 4.77395921764641e-16
			vertex 11.66761589050293 1.975423812866211 4.495462196127484e-16
			vertex 11.696242332458496 1.9786491394042969 4.488300532558449e-16
		endloop
	endfacet
	facet normal 0 -2.220446049250313e-16 -1
		outer loop
			vertex 11.570818901062012 1.878627061843872 4.710394159515303e-16
			vertex 11.580333709716797 1.9058187007904053 4.650016592243832e-16
			vertex 11.696242332458496 1.8499999046325684 4.77395921764641e-16
		endloop
	endfacet
	facet normal 0 -2.220446049250313e-16 -1
		outer loop
			vertex 11.696242332458496 1.8499999046325684 4.77395921764641e-16
			vertex 11.580333709716797 1.9058187007904053 4.650016592243832e-16
			vertex 11.595660209655762 1.9302115440368652 4.595853599827248e-16
		endloop
	endfacet
	facet normal 0 -2.220446049250313e-16 -1
		outer loop
			vertex 11.696242332458496 1.8499999046325684 4.77395921764641e-16
			vertex 11.595660209655762 1.9302115440368652 4.595853599827248e-16
			vertex 11.6160306930542 1.9505820274353027 4.550622040443869e-16
		endloop
	endfacet
	facet normal 0 -2.220446049250313e-16 -1
		outer loop
			vertex 11.580333709716797 1.7941811084747314 4.897901843048987e-16
			vertex 11.570818901062012 1.8213727474212646 4.837524275777517e-16
			vertex 11.696242332458496 1.8499999046325684 4.77395921764641e-16
		endloop
	endfacet
	facet normal 0 -2.220446049250313e-16 -1
		outer loop
			vertex 11.696242332458496 1.8499999046325684 4.77395921764641e-16
			vertex 11.570818901062012 1.8213727474212646 4.837524275777517e-16
			vertex 11.567593574523926 1.8499999046325684 4.77395921764641e-16
		endloop
	endfacet
	facet normal 0 -2.220446049250313e-16 -1
		outer loop
			vertex 11.696242332458496 1.8499999046325684 4.77395921764641e-16
			vertex 11.567593574523926 1.8499999046325684 4.77395921764641e-16
			vertex 11.570818901062012 1.878627061843872 4.710394159515303e-16
		endloop
	endfacet
	facet normal 0 -2.220446049250313e-16 -1
		outer loop
			vertex 11.640423774719238 1.734090805053711 5.031329119878445e-16
			vertex 11.6160306930542 1.749417781829834 4.997296394848951e-16
			vertex 11.696242332458496 1.8499999046325684 4.77395921764641e-16
		endloop
	endfacet
	facet normal 0 -2.220446049250313e-16 -1
		outer loop
			vertex 11.696242332458496 1.8499999046325684 4.77395921764641e-16
			vertex 11.6160306930542 1.749417781829834 4.997296394848951e-16
			vertex 11.595660209655762 1.7697882652282715 4.952064835465572e-16
		endloop
	endfacet
	facet normal 0 -2.220446049250313e-16 -1
		outer loop
			vertex 11.696242332458496 1.8499999046325684 4.77395921764641e-16
			vertex 11.595660209655762 1.7697882652282715 4.952064835465572e-16
			vertex 11.580333709716797 1.7941811084747314 4.897901843048987e-16
		endloop
	endfacet
	facet normal 0 -2.220446049250313e-16 -1
		outer loop
			vertex 11.724869728088379 1.7245759963989258 5.052456239165335e-16
			vertex 11.696242332458496 1.7213504314422607 5.059618432129963e-16
			vertex 11.696242332458496 1.8499999046325684 4.77395921764641e-16
		endloop
	endfacet
	facet normal 0 -2.220446049250313e-16 -1
		outer loop
			vertex 11.696242332458496 1.8499999046325684 4.77395921764641e-16
			vertex 11.696242332458496 1.7213504314422607 5.059618432129963e-16
			vertex 11.66761589050293 1.7245759963989258 5.052456239165335e-16
		endloop
	endfacet
	facet normal 0 -2.220446049250313e-16 -1
		outer loop
			vertex 11.696242332458496 1.8499999046325684 4.77395921764641e-16
			vertex 11.66761589050293 1.7245759963989258 5.052456239165335e-16
			vertex 11.640423774719238 1.734090805053711 5.031329119878445e-16
		endloop
	endfacet
	facet normal 0 -2.220446049250313e-16 -1
		outer loop
			vertex 11.79682445526123 1.7697882652282715 4.952064835465572e-16
			vertex 11.776453971862793 1.749417781829834 4.997296394848951e-16
			vertex 11.696242332458496 1.8499999046325684 4.77395921764641e-16
		endloop
	endfacet
	facet normal 0 -2.220446049250313e-16 -1
		outer loop
			vertex 11.696242332458496 1.8499999046325684 4.77395921764641e-16
			vertex 11.776453971862793 1.749417781829834 4.997296394848951e-16
			vertex 11.752060890197754 1.734090805053711 5.031329119878445e-16
		endloop
	endfacet
	facet normal 0 -2.220446049250313e-16 -1
		outer loop
			vertex 11.696242332458496 1.8499999046325684 4.77395921764641e-16
			vertex 11.752060890197754 1.734090805053711 5.031329119878445e-16
			vertex 11.724869728088379 1.7245759963989258 5.052456239165335e-16
		endloop
	endfacet
	facet normal 0 -2.220446049250313e-16 -1
		outer loop
			vertex 11.824892044067383 1.8499999046325684 4.77395921764641e-16
			vertex 11.821666717529297 1.8213727474212646 4.837524275777517e-16
			vertex 11.696242332458496 1.8499999046325684 4.77395921764641e-16
		endloop
	endfacet
	facet normal 0 -2.220446049250313e-16 -1
		outer loop
			vertex 11.696242332458496 1.8499999046325684 4.77395921764641e-16
			vertex 11.821666717529297 1.8213727474212646 4.837524275777517e-16
			vertex 11.812150955200195 1.7941811084747314 4.897901843048987e-16
		endloop
	endfacet
	facet normal 0 -2.220446049250313e-16 -1
		outer loop
			vertex 11.696242332458496 1.8499999046325684 4.77395921764641e-16
			vertex 11.812150955200195 1.7941811084747314 4.897901843048987e-16
			vertex 11.79682445526123 1.7697882652282715 4.952064835465572e-16
		endloop
	endfacet
	facet normal 0 -2.220446049250313e-16 -1
		outer loop
			vertex 11.79682445526123 1.9302115440368652 4.595853599827248e-16
			vertex 11.812150955200195 1.9058187007904053 4.650016592243832e-16
			vertex 11.696242332458496 1.8499999046325684 4.77395921764641e-16
		endloop
	endfacet
	facet normal 0 -2.220446049250313e-16 -1
		outer loop
			vertex 11.696242332458496 1.8499999046325684 4.77395921764641e-16
			vertex 11.812150955200195 1.9058187007904053 4.650016592243832e-16
			vertex 11.821666717529297 1.878627061843872 4.710394159515303e-16
		endloop
	endfacet
	facet normal 0 -2.220446049250313e-16 -1
		outer loop
			vertex 11.696242332458496 1.8499999046325684 4.77395921764641e-16
			vertex 11.821666717529297 1.878627061843872 4.710394159515303e-16
			vertex 11.824892044067383 1.8499999046325684 4.77395921764641e-16
		endloop
	endfacet
	facet normal 0 -2.220446049250313e-16 -1
		outer loop
			vertex 11.724869728088379 1.975423812866211 4.495462196127484e-16
			vertex 11.752060890197754 1.9659090042114258 4.516589315414375e-16
			vertex 11.696242332458496 1.8499999046325684 4.77395921764641e-16
		endloop
	endfacet
	facet normal 0 -2.220446049250313e-16 -1
		outer loop
			vertex 11.696242332458496 1.8499999046325684 4.77395921764641e-16
			vertex 11.752060890197754 1.9659090042114258 4.516589315414375e-16
			vertex 11.776453971862793 1.9505820274353027 4.550622040443869e-16
		endloop
	endfacet
	facet normal 0 -2.220446049250313e-16 -1
		outer loop
			vertex 11.696242332458496 1.8499999046325684 4.77395921764641e-16
			vertex 11.776453971862793 1.9505820274353027 4.550622040443869e-16
			vertex 11.79682445526123 1.9302115440368652 4.595853599827248e-16
		endloop
	endfacet
	facet normal 0.11196359968271272 0.9937123086417363 0
		outer loop
			vertex 11.696242332458496 2.2798452377319336 3.8195108459772396e-16
			vertex 11.725135803222656 2.2765897512435913 0.6000000238418582
			vertex 11.725135803222656 2.2765897512435913 3.826739478088667e-16
		endloop
	endfacet
	facet normal 0.33028613920719213 0.9438808538409958 0
		outer loop
			vertex 11.725135803222656 2.2765897512435913 3.826739478088667e-16
			vertex 11.725135803222656 2.2765897512435913 0.6000000238418582
			vertex 11.752579689025879 2.2669864892959595 0.6000000238418582
		endloop
	endfacet
	facet normal 0.33028613920719213 0.9438808538409958 0
		outer loop
			vertex 11.725135803222656 2.2765897512435913 3.826739478088667e-16
			vertex 11.752579689025879 2.2669864892959595 0.6000000238418582
			vertex 11.752579689025879 2.2669864892959595 3.848063003140202e-16
		endloop
	endfacet
	facet normal 0.5320228371523724 0.8467300046345001 0
		outer loop
			vertex 11.752579689025879 2.2669864892959595 3.848063003140202e-16
			vertex 11.752579689025879 2.2669864892959595 0.6000000238418582
			vertex 11.777199745178223 2.2515170574188232 0.6000000238418582
		endloop
	endfacet
	facet normal 0.5320228371523724 0.8467300046345001 0
		outer loop
			vertex 11.752579689025879 2.2669864892959595 3.848063003140202e-16
			vertex 11.777199745178223 2.2515170574188232 0.6000000238418582
			vertex 11.777199745178223 2.2515170574188232 3.882412042035936e-16
		endloop
	endfacet
	facet normal 0.7071170310271855 0.7070965311973312 0
		outer loop
			vertex 11.777199745178223 2.2515170574188232 3.882412042035936e-16
			vertex 11.777199745178223 2.2515170574188232 0.6000000238418582
			vertex 11.797759056091309 2.2309571504592896 0.6000000238418584
		endloop
	endfacet
	facet normal 0.7071170310271855 0.7070965311973312 0
		outer loop
			vertex 11.777199745178223 2.2515170574188232 3.882412042035936e-16
			vertex 11.797759056091309 2.2309571504592896 0.6000000238418584
			vertex 11.797759056091309 2.2309571504592896 3.9280642062171865e-16
		endloop
	endfacet
	facet normal 0.8467223552883284 0.532035011117676 0
		outer loop
			vertex 11.797759056091309 2.2309571504592896 3.9280642062171865e-16
			vertex 11.797759056091309 2.2309571504592896 0.6000000238418584
			vertex 11.813228607177734 2.2063376903533936 0.6000000238418584
		endloop
	endfacet
	facet normal 0.8467223552883284 0.532035011117676 0
		outer loop
			vertex 11.797759056091309 2.2309571504592896 3.9280642062171865e-16
			vertex 11.813228607177734 2.2063376903533936 0.6000000238418584
			vertex 11.813228607177734 2.2063376903533936 3.982730389143999e-16
		endloop
	endfacet
	facet normal 0.9438805338161056 0.33028705376236517 0
		outer loop
			vertex 11.813228607177734 2.2063376903533936 3.982730389143999e-16
			vertex 11.813228607177734 2.2063376903533936 0.6000000238418584
			vertex 11.822832107543945 2.178893208503723 0.6000000238418584
		endloop
	endfacet
	facet normal 0.9438805338161056 0.33028705376236517 0
		outer loop
			vertex 11.813228607177734 2.2063376903533936 3.982730389143999e-16
			vertex 11.822832107543945 2.178893208503723 0.6000000238418584
			vertex 11.822832107543945 2.178893208503723 4.0436693804408216e-16
		endloop
	endfacet
	facet normal 0.9937108887097135 0.11197620130970477 0
		outer loop
			vertex 11.822832107543945 2.178893208503723 4.0436693804408216e-16
			vertex 11.822832107543945 2.178893208503723 0.6000000238418584
			vertex 11.826087951660156 2.1499998569488525 0.6000000238418584
		endloop
	endfacet
	facet normal 0.9937108887097135 0.11197620130970477 0
		outer loop
			vertex 11.822832107543945 2.178893208503723 4.0436693804408216e-16
			vertex 11.826087951660156 2.1499998569488525 0.6000000238418584
			vertex 11.826087951660156 2.1499998569488525 4.1078255087504344e-16
		endloop
	endfacet
	facet normal 0.9937108373022304 -0.11197665751441374 0
		outer loop
			vertex 11.826087951660156 2.1499998569488525 4.1078255087504344e-16
			vertex 11.826087951660156 2.1499998569488525 0.6000000238418584
			vertex 11.822832107543945 2.1211066246032715 0.6000000238418584
		endloop
	endfacet
	facet normal 0.9937108373022304 -0.11197665751441374 0
		outer loop
			vertex 11.826087951660156 2.1499998569488525 4.1078255087504344e-16
			vertex 11.822832107543945 2.1211066246032715 0.6000000238418584
			vertex 11.822832107543945 2.1211066246032715 4.171981372362251e-16
		endloop
	endfacet
	facet normal 0.9438805338161056 -0.33028705376236517 0
		outer loop
			vertex 11.822832107543945 2.1211066246032715 4.171981372362251e-16
			vertex 11.822832107543945 2.1211066246032715 0.6000000238418584
			vertex 11.813228607177734 2.093662142753601 0.6000000238418584
		endloop
	endfacet
	facet normal 0.9438805338161056 -0.33028705376236517 0
		outer loop
			vertex 11.822832107543945 2.1211066246032715 4.171981372362251e-16
			vertex 11.813228607177734 2.093662142753601 0.6000000238418584
			vertex 11.813228607177734 2.093662142753601 4.232920363659074e-16
		endloop
	endfacet
	facet normal 0.8467223552883284 -0.532035011117676 0
		outer loop
			vertex 11.813228607177734 2.093662142753601 4.232920363659074e-16
			vertex 11.813228607177734 2.093662142753601 0.6000000238418584
			vertex 11.797759056091309 2.069042682647705 0.6000000238418584
		endloop
	endfacet
	facet normal 0.8467223552883284 -0.532035011117676 0
		outer loop
			vertex 11.813228607177734 2.093662142753601 4.232920363659074e-16
			vertex 11.797759056091309 2.069042682647705 0.6000000238418584
			vertex 11.797759056091309 2.069042682647705 4.2875865465858863e-16
		endloop
	endfacet
	facet normal 0.7071170310271855 -0.7070965311973312 0
		outer loop
			vertex 11.797759056091309 2.069042682647705 4.2875865465858863e-16
			vertex 11.797759056091309 2.069042682647705 0.6000000238418584
			vertex 11.777199745178223 2.0484827756881714 0.6000000238418584
		endloop
	endfacet
	facet normal 0.7071170310271855 -0.7070965311973312 0
		outer loop
			vertex 11.797759056091309 2.069042682647705 4.2875865465858863e-16
			vertex 11.777199745178223 2.0484827756881714 0.6000000238418584
			vertex 11.777199745178223 2.0484827756881714 4.333238710767137e-16
		endloop
	endfacet
	facet normal 0.532025776523938 -0.8467281577425548 0
		outer loop
			vertex 11.777199745178223 2.0484827756881714 4.333238710767137e-16
			vertex 11.777199745178223 2.0484827756881714 0.6000000238418584
			vertex 11.752579689025879 2.0330132246017456 0.6000000238418584
		endloop
	endfacet
	facet normal 0.532025776523938 -0.8467281577425548 0
		outer loop
			vertex 11.777199745178223 2.0484827756881714 4.333238710767137e-16
			vertex 11.752579689025879 2.0330132246017456 0.6000000238418584
			vertex 11.752579689025879 2.0330132246017456 4.367588014360667e-16
		endloop
	endfacet
	facet normal 0.3302824864827681 -0.9438821320073605 0
		outer loop
			vertex 11.752579689025879 2.0330132246017456 4.367588014360667e-16
			vertex 11.752579689025879 2.0330132246017456 0.6000000238418584
			vertex 11.725135803222656 2.0234100818634033 0.6000000238418584
		endloop
	endfacet
	facet normal 0.3302824864827681 -0.9438821320073605 0
		outer loop
			vertex 11.752579689025879 2.0330132246017456 4.367588014360667e-16
			vertex 11.725135803222656 2.0234100818634033 0.6000000238418584
			vertex 11.725135803222656 2.0234100818634033 4.388911274714406e-16
		endloop
	endfacet
	facet normal 0.11196359968271272 -0.9937123086417363 0
		outer loop
			vertex 11.725135803222656 2.0234100818634033 4.388911274714406e-16
			vertex 11.725135803222656 2.0234100818634033 0.6000000238418584
			vertex 11.696242332458496 2.020154595375061 0.6000000238418584
		endloop
	endfacet
	facet normal 0.11196359968271272 -0.9937123086417363 0
		outer loop
			vertex 11.725135803222656 2.0234100818634033 4.388911274714406e-16
			vertex 11.696242332458496 2.020154595375061 0.6000000238418584
			vertex 11.696242332458496 2.020154595375061 4.3961399068258333e-16
		endloop
	endfacet
	facet normal -0.11196359968271272 -0.9937123086417363 0
		outer loop
			vertex 11.696242332458496 2.020154595375061 4.3961399068258333e-16
			vertex 11.696242332458496 2.020154595375061 0.6000000238418584
			vertex 11.667348861694336 2.0234100818634033 0.6000000238418584
		endloop
	endfacet
	facet normal -0.11196359968271272 -0.9937123086417363 0
		outer loop
			vertex 11.696242332458496 2.020154595375061 4.3961399068258333e-16
			vertex 11.667348861694336 2.0234100818634033 0.6000000238418584
			vertex 11.667348861694336 2.0234100818634033 4.388911274714406e-16
		endloop
	endfacet
	facet normal -0.3302824864827681 -0.9438821320073605 0
		outer loop
			vertex 11.667348861694336 2.0234100818634033 4.388911274714406e-16
			vertex 11.667348861694336 2.0234100818634033 0.6000000238418584
			vertex 11.639904975891113 2.0330132246017456 0.6000000238418584
		endloop
	endfacet
	facet normal -0.3302824864827681 -0.9438821320073605 0
		outer loop
			vertex 11.667348861694336 2.0234100818634033 4.388911274714406e-16
			vertex 11.639904975891113 2.0330132246017456 0.6000000238418584
			vertex 11.639904975891113 2.0330132246017456 4.367588014360667e-16
		endloop
	endfacet
	facet normal -0.5320405519974201 -0.8467188736707602 0
		outer loop
			vertex 11.639904975891113 2.0330132246017456 4.367588014360667e-16
			vertex 11.639904975891113 2.0330132246017456 0.6000000238418584
			vertex 11.615285873413086 2.0484827756881714 0.6000000238418584
		endloop
	endfacet
	facet normal -0.5320405519974201 -0.8467188736707602 0
		outer loop
			vertex 11.639904975891113 2.0330132246017456 4.367588014360667e-16
			vertex 11.615285873413086 2.0484827756881714 0.6000000238418584
			vertex 11.615285873413086 2.0484827756881714 4.333238710767137e-16
		endloop
	endfacet
	facet normal -0.7071006313534799 -0.7071129309661295 0
		outer loop
			vertex 11.615285873413086 2.0484827756881714 4.333238710767137e-16
			vertex 11.615285873413086 2.0484827756881714 0.6000000238418584
			vertex 11.594725608825684 2.069042682647705 0.6000000238418584
		endloop
	endfacet
	facet normal -0.7071006313534799 -0.7071129309661295 0
		outer loop
			vertex 11.615285873413086 2.0484827756881714 4.333238710767137e-16
			vertex 11.594725608825684 2.069042682647705 0.6000000238418584
			vertex 11.594725608825684 2.069042682647705 4.2875865465858863e-16
		endloop
	endfacet
	facet normal -0.8467223552883284 -0.532035011117676 0
		outer loop
			vertex 11.594725608825684 2.069042682647705 4.2875865465858863e-16
			vertex 11.594725608825684 2.069042682647705 0.6000000238418584
			vertex 11.579256057739258 2.093662142753601 0.6000000238418584
		endloop
	endfacet
	facet normal -0.8467223552883284 -0.532035011117676 0
		outer loop
			vertex 11.594725608825684 2.069042682647705 4.2875865465858863e-16
			vertex 11.579256057739258 2.093662142753601 0.6000000238418584
			vertex 11.579256057739258 2.093662142753601 4.232920363659074e-16
		endloop
	endfacet
	facet normal -0.9438805338161056 -0.33028705376236517 0
		outer loop
			vertex 11.579256057739258 2.093662142753601 4.232920363659074e-16
			vertex 11.579256057739258 2.093662142753601 0.6000000238418584
			vertex 11.569652557373047 2.1211066246032715 0.6000000238418584
		endloop
	endfacet
	facet normal -0.9438805338161056 -0.33028705376236517 0
		outer loop
			vertex 11.579256057739258 2.093662142753601 4.232920363659074e-16
			vertex 11.569652557373047 2.1211066246032715 0.6000000238418584
			vertex 11.569652557373047 2.1211066246032715 4.171981372362251e-16
		endloop
	endfacet
	facet normal -0.9937144864402647 -0.11194426934310193 0
		outer loop
			vertex 11.569652557373047 2.1211066246032715 4.171981372362251e-16
			vertex 11.569652557373047 2.1211066246032715 0.6000000238418584
			vertex 11.566397666931152 2.1499998569488525 0.6000000238418584
		endloop
	endfacet
	facet normal -0.9937144864402647 -0.11194426934310193 0
		outer loop
			vertex 11.569652557373047 2.1211066246032715 4.171981372362251e-16
			vertex 11.566397666931152 2.1499998569488525 0.6000000238418584
			vertex 11.566397666931152 2.1499998569488525 4.1078255087504344e-16
		endloop
	endfacet
	facet normal -0.9937145378182026 0.1119438132669962 0
		outer loop
			vertex 11.566397666931152 2.1499998569488525 4.1078255087504344e-16
			vertex 11.566397666931152 2.1499998569488525 0.6000000238418584
			vertex 11.569652557373047 2.178893208503723 0.6000000238418584
		endloop
	endfacet
	facet normal -0.9937145378182026 0.1119438132669962 0
		outer loop
			vertex 11.566397666931152 2.1499998569488525 4.1078255087504344e-16
			vertex 11.569652557373047 2.178893208503723 0.6000000238418584
			vertex 11.569652557373047 2.178893208503723 4.0436693804408216e-16
		endloop
	endfacet
	facet normal -0.9438805338161056 0.33028705376236517 0
		outer loop
			vertex 11.569652557373047 2.178893208503723 4.0436693804408216e-16
			vertex 11.569652557373047 2.178893208503723 0.6000000238418584
			vertex 11.579256057739258 2.2063376903533936 0.6000000238418584
		endloop
	endfacet
	facet normal -0.9438805338161056 0.33028705376236517 0
		outer loop
			vertex 11.569652557373047 2.178893208503723 4.0436693804408216e-16
			vertex 11.579256057739258 2.2063376903533936 0.6000000238418584
			vertex 11.579256057739258 2.2063376903533936 3.982730389143999e-16
		endloop
	endfacet
	facet normal -0.8467223552883284 0.532035011117676 0
		outer loop
			vertex 11.579256057739258 2.2063376903533936 3.982730389143999e-16
			vertex 11.579256057739258 2.2063376903533936 0.6000000238418584
			vertex 11.594725608825684 2.2309571504592896 0.6000000238418584
		endloop
	endfacet
	facet normal -0.8467223552883284 0.532035011117676 0
		outer loop
			vertex 11.579256057739258 2.2063376903533936 3.982730389143999e-16
			vertex 11.594725608825684 2.2309571504592896 0.6000000238418584
			vertex 11.594725608825684 2.2309571504592896 3.9280642062171865e-16
		endloop
	endfacet
	facet normal -0.7071006313534799 0.7071129309661295 0
		outer loop
			vertex 11.594725608825684 2.2309571504592896 3.9280642062171865e-16
			vertex 11.594725608825684 2.2309571504592896 0.6000000238418584
			vertex 11.615285873413086 2.2515170574188232 0.6000000238418582
		endloop
	endfacet
	facet normal -0.7071006313534799 0.7071129309661295 0
		outer loop
			vertex 11.594725608825684 2.2309571504592896 3.9280642062171865e-16
			vertex 11.615285873413086 2.2515170574188232 0.6000000238418582
			vertex 11.615285873413086 2.2515170574188232 3.882412042035936e-16
		endloop
	endfacet
	facet normal -0.5320376126086811 0.8467207206450394 0
		outer loop
			vertex 11.615285873413086 2.2515170574188232 3.882412042035936e-16
			vertex 11.615285873413086 2.2515170574188232 0.6000000238418582
			vertex 11.639904975891113 2.2669864892959595 0.6000000238418582
		endloop
	endfacet
	facet normal -0.5320376126086811 0.8467207206450394 0
		outer loop
			vertex 11.615285873413086 2.2515170574188232 3.882412042035936e-16
			vertex 11.639904975891113 2.2669864892959595 0.6000000238418582
			vertex 11.639904975891113 2.2669864892959595 3.848063003140202e-16
		endloop
	endfacet
	facet normal -0.33028613920719213 0.9438808538409958 0
		outer loop
			vertex 11.639904975891113 2.2669864892959595 3.848063003140202e-16
			vertex 11.639904975891113 2.2669864892959595 0.6000000238418582
			vertex 11.667348861694336 2.2765897512435913 0.6000000238418582
		endloop
	endfacet
	facet normal -0.33028613920719213 0.9438808538409958 0
		outer loop
			vertex 11.639904975891113 2.2669864892959595 3.848063003140202e-16
			vertex 11.667348861694336 2.2765897512435913 0.6000000238418582
			vertex 11.667348861694336 2.2765897512435913 3.826739478088667e-16
		endloop
	endfacet
	facet normal -0.11196359968271272 0.9937123086417363 0
		outer loop
			vertex 11.667348861694336 2.2765897512435913 3.826739478088667e-16
			vertex 11.667348861694336 2.2765897512435913 0.6000000238418582
			vertex 11.696242332458496 2.2798452377319336 0.6000000238418582
		endloop
	endfacet
	facet normal -0.11196359968271272 0.9937123086417363 0
		outer loop
			vertex 11.667348861694336 2.2765897512435913 3.826739478088667e-16
			vertex 11.696242332458496 2.2798452377319336 0.6000000238418582
			vertex 11.696242332458496 2.2798452377319336 3.8195108459772396e-16
		endloop
	endfacet
	facet normal 0.11196359968271272 0.9937123086417363 0
		outer loop
			vertex 11.696242332458496 2.2798452377319336 3.8195108459772396e-16
			vertex 11.696242332458496 2.2798452377319336 0.6000000238418582
			vertex 11.725135803222656 2.2765897512435913 0.6000000238418582
		endloop
	endfacet
	facet normal -9.633850643356308e-17 8.550346711831735e-16 1
		outer loop
			vertex 11.696242332458496 2.2798452377319336 0.6000000238418582
			vertex 11.667348861694336 2.2765897512435913 0.6000000238418582
			vertex 11.696242332458496 2.1499998569488525 0.6000000238418584
		endloop
	endfacet
	facet normal 4.57776686492104e-16 7.285650705328878e-16 1
		outer loop
			vertex 11.777199745178223 2.2515170574188232 0.6000000238418582
			vertex 11.752579689025879 2.2669864892959595 0.6000000238418582
			vertex 11.696242332458496 2.1499998569488525 0.6000000238418584
		endloop
	endfacet
	facet normal 2.841931564817451e-16 8.121578454356045e-16 1
		outer loop
			vertex 11.696242332458496 2.1499998569488525 0.6000000238418584
			vertex 11.752579689025879 2.2669864892959595 0.6000000238418582
			vertex 11.725135803222656 2.2765897512435913 0.6000000238418582
		endloop
	endfacet
	facet normal 9.633850643356308e-17 8.550346711831735e-16 1
		outer loop
			vertex 11.696242332458496 2.1499998569488525 0.6000000238418584
			vertex 11.725135803222656 2.2765897512435913 0.6000000238418582
			vertex 11.696242332458496 2.2798452377319336 0.6000000238418582
		endloop
	endfacet
	facet normal 0 0 1
		outer loop
			vertex 11.822832107543945 2.178893208503723 0.6000000238418584
			vertex 11.813228607177734 2.2063376903533936 0.6000000238418584
			vertex 11.696242332458496 2.1499998569488525 0.6000000238418584
		endloop
	endfacet
	facet normal 0 0 1
		outer loop
			vertex 11.696242332458496 2.1499998569488525 0.6000000238418584
			vertex 11.813228607177734 2.2063376903533936 0.6000000238418584
			vertex 11.797759056091309 2.2309571504592896 0.6000000238418584
		endloop
	endfacet
	facet normal -2.3957948031142364e-15 3.0042165240778626e-15 1
		outer loop
			vertex 11.696242332458496 2.1499998569488525 0.6000000238418584
			vertex 11.797759056091309 2.2309571504592896 0.6000000238418584
			vertex 11.777199745178223 2.2515170574188232 0.6000000238418582
		endloop
	endfacet
	facet normal 0 0 1
		outer loop
			vertex 11.813228607177734 2.093662142753601 0.6000000238418584
			vertex 11.822832107543945 2.1211066246032715 0.6000000238418584
			vertex 11.696242332458496 2.1499998569488525 0.6000000238418584
		endloop
	endfacet
	facet normal 0 0 1
		outer loop
			vertex 11.696242332458496 2.1499998569488525 0.6000000238418584
			vertex 11.822832107543945 2.1211066246032715 0.6000000238418584
			vertex 11.826087951660156 2.1499998569488525 0.6000000238418584
		endloop
	endfacet
	facet normal 0 0 1
		outer loop
			vertex 11.696242332458496 2.1499998569488525 0.6000000238418584
			vertex 11.826087951660156 2.1499998569488525 0.6000000238418584
			vertex 11.822832107543945 2.178893208503723 0.6000000238418584
		endloop
	endfacet
	facet normal 0 0 1
		outer loop
			vertex 11.752579689025879 2.0330132246017456 0.6000000238418584
			vertex 11.777199745178223 2.0484827756881714 0.6000000238418584
			vertex 11.696242332458496 2.1499998569488525 0.6000000238418584
		endloop
	endfacet
	facet normal 0 0 1
		outer loop
			vertex 11.696242332458496 2.1499998569488525 0.6000000238418584
			vertex 11.777199745178223 2.0484827756881714 0.6000000238418584
			vertex 11.797759056091309 2.069042682647705 0.6000000238418584
		endloop
	endfacet
	facet normal 0 0 1
		outer loop
			vertex 11.696242332458496 2.1499998569488525 0.6000000238418584
			vertex 11.797759056091309 2.069042682647705 0.6000000238418584
			vertex 11.813228607177734 2.093662142753601 0.6000000238418584
		endloop
	endfacet
	facet normal 0 0 1
		outer loop
			vertex 11.667348861694336 2.0234100818634033 0.6000000238418584
			vertex 11.696242332458496 2.020154595375061 0.6000000238418584
			vertex 11.696242332458496 2.1499998569488525 0.6000000238418584
		endloop
	endfacet
	facet normal 0 0 1
		outer loop
			vertex 11.696242332458496 2.1499998569488525 0.6000000238418584
			vertex 11.696242332458496 2.020154595375061 0.6000000238418584
			vertex 11.725135803222656 2.0234100818634033 0.6000000238418584
		endloop
	endfacet
	facet normal 0 0 1
		outer loop
			vertex 11.696242332458496 2.1499998569488525 0.6000000238418584
			vertex 11.725135803222656 2.0234100818634033 0.6000000238418584
			vertex 11.752579689025879 2.0330132246017456 0.6000000238418584
		endloop
	endfacet
	facet normal 0 0 1
		outer loop
			vertex 11.594725608825684 2.069042682647705 0.6000000238418584
			vertex 11.615285873413086 2.0484827756881714 0.6000000238418584
			vertex 11.696242332458496 2.1499998569488525 0.6000000238418584
		endloop
	endfacet
	facet normal 0 0 1
		outer loop
			vertex 11.696242332458496 2.1499998569488525 0.6000000238418584
			vertex 11.615285873413086 2.0484827756881714 0.6000000238418584
			vertex 11.639904975891113 2.0330132246017456 0.6000000238418584
		endloop
	endfacet
	facet normal 0 0 1
		outer loop
			vertex 11.696242332458496 2.1499998569488525 0.6000000238418584
			vertex 11.639904975891113 2.0330132246017456 0.6000000238418584
			vertex 11.667348861694336 2.0234100818634033 0.6000000238418584
		endloop
	endfacet
	facet normal 0 0 1
		outer loop
			vertex 11.566397666931152 2.1499998569488525 0.6000000238418584
			vertex 11.569652557373047 2.1211066246032715 0.6000000238418584
			vertex 11.696242332458496 2.1499998569488525 0.6000000238418584
		endloop
	endfacet
	facet normal 0 0 1
		outer loop
			vertex 11.696242332458496 2.1499998569488525 0.6000000238418584
			vertex 11.569652557373047 2.1211066246032715 0.6000000238418584
			vertex 11.579256057739258 2.093662142753601 0.6000000238418584
		endloop
	endfacet
	facet normal 0 0 1
		outer loop
			vertex 11.696242332458496 2.1499998569488525 0.6000000238418584
			vertex 11.579256057739258 2.093662142753601 0.6000000238418584
			vertex 11.594725608825684 2.069042682647705 0.6000000238418584
		endloop
	endfacet
	facet normal 0 0 1
		outer loop
			vertex 11.594725608825684 2.2309571504592896 0.6000000238418584
			vertex 11.579256057739258 2.2063376903533936 0.6000000238418584
			vertex 11.696242332458496 2.1499998569488525 0.6000000238418584
		endloop
	endfacet
	facet normal 0 0 1
		outer loop
			vertex 11.696242332458496 2.1499998569488525 0.6000000238418584
			vertex 11.579256057739258 2.2063376903533936 0.6000000238418584
			vertex 11.569652557373047 2.178893208503723 0.6000000238418584
		endloop
	endfacet
	facet normal 0 0 1
		outer loop
			vertex 11.696242332458496 2.1499998569488525 0.6000000238418584
			vertex 11.569652557373047 2.178893208503723 0.6000000238418584
			vertex 11.566397666931152 2.1499998569488525 0.6000000238418584
		endloop
	endfacet
	facet normal -2.841931564817451e-16 8.121578454356045e-16 1
		outer loop
			vertex 11.667348861694336 2.2765897512435913 0.6000000238418582
			vertex 11.639904975891113 2.2669864892959595 0.6000000238418582
			vertex 11.696242332458496 2.1499998569488525 0.6000000238418584
		endloop
	endfacet
	facet normal -4.577903000608723e-16 7.285585146344706e-16 1
		outer loop
			vertex 11.696242332458496 2.1499998569488525 0.6000000238418584
			vertex 11.639904975891113 2.2669864892959595 0.6000000238418582
			vertex 11.615285873413086 2.2515170574188232 0.6000000238418582
		endloop
	endfacet
	facet normal 2.3957454993411003e-15 3.0041546994133455e-15 1
		outer loop
			vertex 11.696242332458496 2.1499998569488525 0.6000000238418584
			vertex 11.615285873413086 2.2515170574188232 0.6000000238418582
			vertex 11.594725608825684 2.2309571504592896 0.6000000238418584
		endloop
	endfacet
	facet normal 0 -2.220446049250313e-16 -1
		outer loop
			vertex 11.696242332458496 2.2798452377319336 3.8195108459772396e-16
			vertex 11.725135803222656 2.2765897512435913 3.826739478088667e-16
			vertex 11.696242332458496 2.1499998569488525 4.1078255087504344e-16
		endloop
	endfacet
	facet normal 0 -2.220446049250313e-16 -1
		outer loop
			vertex 11.615285873413086 2.2515170574188232 3.882412042035936e-16
			vertex 11.639904975891113 2.2669864892959595 3.848063003140202e-16
			vertex 11.696242332458496 2.1499998569488525 4.1078255087504344e-16
		endloop
	endfacet
	facet normal 0 -2.220446049250313e-16 -1
		outer loop
			vertex 11.696242332458496 2.1499998569488525 4.1078255087504344e-16
			vertex 11.639904975891113 2.2669864892959595 3.848063003140202e-16
			vertex 11.667348861694336 2.2765897512435913 3.826739478088667e-16
		endloop
	endfacet
	facet normal 0 -2.220446049250313e-16 -1
		outer loop
			vertex 11.696242332458496 2.1499998569488525 4.1078255087504344e-16
			vertex 11.667348861694336 2.2765897512435913 3.826739478088667e-16
			vertex 11.696242332458496 2.2798452377319336 3.8195108459772396e-16
		endloop
	endfacet
	facet normal 0 -2.220446049250313e-16 -1
		outer loop
			vertex 11.569652557373047 2.178893208503723 4.0436693804408216e-16
			vertex 11.579256057739258 2.2063376903533936 3.982730389143999e-16
			vertex 11.696242332458496 2.1499998569488525 4.1078255087504344e-16
		endloop
	endfacet
	facet normal 0 -2.220446049250313e-16 -1
		outer loop
			vertex 11.696242332458496 2.1499998569488525 4.1078255087504344e-16
			vertex 11.579256057739258 2.2063376903533936 3.982730389143999e-16
			vertex 11.594725608825684 2.2309571504592896 3.9280642062171865e-16
		endloop
	endfacet
	facet normal 0 -2.220446049250313e-16 -1
		outer loop
			vertex 11.696242332458496 2.1499998569488525 4.1078255087504344e-16
			vertex 11.594725608825684 2.2309571504592896 3.9280642062171865e-16
			vertex 11.615285873413086 2.2515170574188232 3.882412042035936e-16
		endloop
	endfacet
	facet normal 0 -2.220446049250313e-16 -1
		outer loop
			vertex 11.579256057739258 2.093662142753601 4.232920363659074e-16
			vertex 11.569652557373047 2.1211066246032715 4.171981372362251e-16
			vertex 11.696242332458496 2.1499998569488525 4.1078255087504344e-16
		endloop
	endfacet
	facet normal 0 -2.220446049250313e-16 -1
		outer loop
			vertex 11.696242332458496 2.1499998569488525 4.1078255087504344e-16
			vertex 11.569652557373047 2.1211066246032715 4.171981372362251e-16
			vertex 11.566397666931152 2.1499998569488525 4.1078255087504344e-16
		endloop
	endfacet
	facet normal 0 -2.220446049250313e-16 -1
		outer loop
			vertex 11.696242332458496 2.1499998569488525 4.1078255087504344e-16
			vertex 11.566397666931152 2.1499998569488525 4.1078255087504344e-16
			vertex 11.569652557373047 2.178893208503723 4.0436693804408216e-16
		endloop
	endfacet
	facet normal 0 -2.220446049250313e-16 -1
		outer loop
			vertex 11.639904975891113 2.0330132246017456 4.367588014360667e-16
			vertex 11.615285873413086 2.0484827756881714 4.333238710767137e-16
			vertex 11.696242332458496 2.1499998569488525 4.1078255087504344e-16
		endloop
	endfacet
	facet normal 0 -2.220446049250313e-16 -1
		outer loop
			vertex 11.696242332458496 2.1499998569488525 4.1078255087504344e-16
			vertex 11.615285873413086 2.0484827756881714 4.333238710767137e-16
			vertex 11.594725608825684 2.069042682647705 4.2875865465858863e-16
		endloop
	endfacet
	facet normal 0 -2.220446049250313e-16 -1
		outer loop
			vertex 11.696242332458496 2.1499998569488525 4.1078255087504344e-16
			vertex 11.594725608825684 2.069042682647705 4.2875865465858863e-16
			vertex 11.579256057739258 2.093662142753601 4.232920363659074e-16
		endloop
	endfacet
	facet normal 0 -2.220446049250313e-16 -1
		outer loop
			vertex 11.725135803222656 2.0234100818634033 4.388911274714406e-16
			vertex 11.696242332458496 2.020154595375061 4.3961399068258333e-16
			vertex 11.696242332458496 2.1499998569488525 4.1078255087504344e-16
		endloop
	endfacet
	facet normal 0 -2.220446049250313e-16 -1
		outer loop
			vertex 11.696242332458496 2.1499998569488525 4.1078255087504344e-16
			vertex 11.696242332458496 2.020154595375061 4.3961399068258333e-16
			vertex 11.667348861694336 2.0234100818634033 4.388911274714406e-16
		endloop
	endfacet
	facet normal 0 -2.220446049250313e-16 -1
		outer loop
			vertex 11.696242332458496 2.1499998569488525 4.1078255087504344e-16
			vertex 11.667348861694336 2.0234100818634033 4.388911274714406e-16
			vertex 11.639904975891113 2.0330132246017456 4.367588014360667e-16
		endloop
	endfacet
	facet normal 0 -2.220446049250313e-16 -1
		outer loop
			vertex 11.797759056091309 2.069042682647705 4.2875865465858863e-16
			vertex 11.777199745178223 2.0484827756881714 4.333238710767137e-16
			vertex 11.696242332458496 2.1499998569488525 4.1078255087504344e-16
		endloop
	endfacet
	facet normal 0 -2.220446049250313e-16 -1
		outer loop
			vertex 11.696242332458496 2.1499998569488525 4.1078255087504344e-16
			vertex 11.777199745178223 2.0484827756881714 4.333238710767137e-16
			vertex 11.752579689025879 2.0330132246017456 4.367588014360667e-16
		endloop
	endfacet
	facet normal 0 -2.220446049250313e-16 -1
		outer loop
			vertex 11.696242332458496 2.1499998569488525 4.1078255087504344e-16
			vertex 11.752579689025879 2.0330132246017456 4.367588014360667e-16
			vertex 11.725135803222656 2.0234100818634033 4.388911274714406e-16
		endloop
	endfacet
	facet normal 0 -2.220446049250313e-16 -1
		outer loop
			vertex 11.826087951660156 2.1499998569488525 4.1078255087504344e-16
			vertex 11.822832107543945 2.1211066246032715 4.171981372362251e-16
			vertex 11.696242332458496 2.1499998569488525 4.1078255087504344e-16
		endloop
	endfacet
	facet normal 0 -2.220446049250313e-16 -1
		outer loop
			vertex 11.696242332458496 2.1499998569488525 4.1078255087504344e-16
			vertex 11.822832107543945 2.1211066246032715 4.171981372362251e-16
			vertex 11.813228607177734 2.093662142753601 4.232920363659074e-16
		endloop
	endfacet
	facet normal 0 -2.220446049250313e-16 -1
		outer loop
			vertex 11.696242332458496 2.1499998569488525 4.1078255087504344e-16
			vertex 11.813228607177734 2.093662142753601 4.232920363659074e-16
			vertex 11.797759056091309 2.069042682647705 4.2875865465858863e-16
		endloop
	endfacet
	facet normal 0 -2.220446049250313e-16 -1
		outer loop
			vertex 11.797759056091309 2.2309571504592896 3.9280642062171865e-16
			vertex 11.813228607177734 2.2063376903533936 3.982730389143999e-16
			vertex 11.696242332458496 2.1499998569488525 4.1078255087504344e-16
		endloop
	endfacet
	facet normal 0 -2.220446049250313e-16 -1
		outer loop
			vertex 11.696242332458496 2.1499998569488525 4.1078255087504344e-16
			vertex 11.813228607177734 2.2063376903533936 3.982730389143999e-16
			vertex 11.822832107543945 2.178893208503723 4.0436693804408216e-16
		endloop
	endfacet
	facet normal 0 -2.220446049250313e-16 -1
		outer loop
			vertex 11.696242332458496 2.1499998569488525 4.1078255087504344e-16
			vertex 11.822832107543945 2.178893208503723 4.0436693804408216e-16
			vertex 11.826087951660156 2.1499998569488525 4.1078255087504344e-16
		endloop
	endfacet
	facet normal 0 -2.220446049250313e-16 -1
		outer loop
			vertex 11.725135803222656 2.2765897512435913 3.826739478088667e-16
			vertex 11.752579689025879 2.2669864892959595 3.848063003140202e-16
			vertex 11.696242332458496 2.1499998569488525 4.1078255087504344e-16
		endloop
	endfacet
	facet normal 0 -2.220446049250313e-16 -1
		outer loop
			vertex 11.696242332458496 2.1499998569488525 4.1078255087504344e-16
			vertex 11.752579689025879 2.2669864892959595 3.848063003140202e-16
			vertex 11.777199745178223 2.2515170574188232 3.882412042035936e-16
		endloop
	endfacet
	facet normal 0 -2.220446049250313e-16 -1
		outer loop
			vertex 11.696242332458496 2.1499998569488525 4.1078255087504344e-16
			vertex 11.777199745178223 2.2515170574188232 3.882412042035936e-16
			vertex 11.797759056091309 2.2309571504592896 3.9280642062171865e-16
		endloop
	endfacet
	facet normal 0.11195740516436635 0.9937130065712445 0
		outer loop
			vertex 12.02624225616455 1.9786491394042969 4.488300532558449e-16
			vertex 12.054869651794434 1.975423812866211 0.6000000238418584
			vertex 12.054869651794434 1.975423812866211 4.495462196127484e-16
		endloop
	endfacet
	facet normal 0.3302752215998393 0.9438846740980473 0
		outer loop
			vertex 12.054869651794434 1.975423812866211 4.495462196127484e-16
			vertex 12.054869651794434 1.975423812866211 0.6000000238418584
			vertex 12.082061767578125 1.9659090042114258 0.6000000238418584
		endloop
	endfacet
	facet normal 0.3302752215998393 0.9438846740980473 0
		outer loop
			vertex 12.054869651794434 1.975423812866211 4.495462196127484e-16
			vertex 12.082061767578125 1.9659090042114258 0.6000000238418584
			vertex 12.082061767578125 1.9659090042114258 4.516589315414375e-16
		endloop
	endfacet
	facet normal 0.5320417062800161 0.8467181483697211 0
		outer loop
			vertex 12.082061767578125 1.9659090042114258 4.516589315414375e-16
			vertex 12.082061767578125 1.9659090042114258 0.6000000238418584
			vertex 12.106453895568848 1.9505820274353027 0.6000000238418584
		endloop
	endfacet
	facet normal 0.5320417062800161 0.8467181483697211 0
		outer loop
			vertex 12.082061767578125 1.9659090042114258 4.516589315414375e-16
			vertex 12.106453895568848 1.9505820274353027 0.6000000238418584
			vertex 12.106453895568848 1.9505820274353027 4.550622040443869e-16
		endloop
	endfacet
	facet normal 0.7071067811865476 0.7071067811865476 0
		outer loop
			vertex 12.106453895568848 1.9505820274353027 4.550622040443869e-16
			vertex 12.106453895568848 1.9505820274353027 0.6000000238418584
			vertex 12.126824378967285 1.9302115440368652 0.6000000238418584
		endloop
	endfacet
	facet normal 0.7071067811865476 0.7071067811865476 0
		outer loop
			vertex 12.106453895568848 1.9505820274353027 4.550622040443869e-16
			vertex 12.126824378967285 1.9302115440368652 0.6000000238418584
			vertex 12.126824378967285 1.9302115440368652 4.595853599827248e-16
		endloop
	endfacet
	facet normal 0.8467177198951977 0.5320423881754891 0
		outer loop
			vertex 12.126824378967285 1.9302115440368652 4.595853599827248e-16
			vertex 12.126824378967285 1.9302115440368652 0.6000000238418584
			vertex 12.142151832580566 1.9058187007904053 0.6000000238418584
		endloop
	endfacet
	facet normal 0.8467177198951977 0.5320423881754891 0
		outer loop
			vertex 12.126824378967285 1.9302115440368652 4.595853599827248e-16
			vertex 12.142151832580566 1.9058187007904053 0.6000000238418584
			vertex 12.142151832580566 1.9058187007904053 4.650016592243832e-16
		endloop
	endfacet
	facet normal 0.9438828685535853 0.33028038157156053 0
		outer loop
			vertex 12.142151832580566 1.9058187007904053 4.650016592243832e-16
			vertex 12.142151832580566 1.9058187007904053 0.6000000238418584
			vertex 12.151666641235352 1.878627061843872 0.6000000238418584
		endloop
	endfacet
	facet normal 0.9438828685535853 0.33028038157156053 0
		outer loop
			vertex 12.142151832580566 1.9058187007904053 4.650016592243832e-16
			vertex 12.151666641235352 1.878627061843872 0.6000000238418584
			vertex 12.151666641235352 1.878627061843872 4.710394159515303e-16
		endloop
	endfacet
	facet normal 0.9937129028350681 0.11195832590344713 0
		outer loop
			vertex 12.151666641235352 1.878627061843872 4.710394159515303e-16
			vertex 12.151666641235352 1.878627061843872 0.6000000238418584
			vertex 12.154891967773438 1.8499999046325684 0.6000000238418584
		endloop
	endfacet
	facet normal 0.9937129028350681 0.11195832590344713 0
		outer loop
			vertex 12.151666641235352 1.878627061843872 4.710394159515303e-16
			vertex 12.154891967773438 1.8499999046325684 0.6000000238418584
			vertex 12.154891967773438 1.8499999046325684 4.77395921764641e-16
		endloop
	endfacet
	facet normal 0.9937129028350681 -0.11195832590344713 0
		outer loop
			vertex 12.154891967773438 1.8499999046325684 4.77395921764641e-16
			vertex 12.154891967773438 1.8499999046325684 0.6000000238418584
			vertex 12.151666641235352 1.8213727474212646 0.6000000238418584
		endloop
	endfacet
	facet normal 0.9937129028350681 -0.11195832590344713 0
		outer loop
			vertex 12.154891967773438 1.8499999046325684 4.77395921764641e-16
			vertex 12.151666641235352 1.8213727474212646 0.6000000238418584
			vertex 12.151666641235352 1.8213727474212646 4.837524275777517e-16
		endloop
	endfacet
	facet normal 0.9438828685535853 -0.33028038157156053 0
		outer loop
			vertex 12.151666641235352 1.8213727474212646 4.837524275777517e-16
			vertex 12.151666641235352 1.8213727474212646 0.6000000238418584
			vertex 12.142151832580566 1.7941811084747314 0.6000000238418584
		endloop
	endfacet
	facet normal 0.9438828685535853 -0.33028038157156053 0
		outer loop
			vertex 12.151666641235352 1.8213727474212646 4.837524275777517e-16
			vertex 12.142151832580566 1.7941811084747314 0.6000000238418584
			vertex 12.142151832580566 1.7941811084747314 4.897901843048987e-16
		endloop
	endfacet
	facet normal 0.8467177198951977 -0.5320423881754891 0
		outer loop
			vertex 12.142151832580566 1.7941811084747314 4.897901843048987e-16
			vertex 12.142151832580566 1.7941811084747314 0.6000000238418584
			vertex 12.126824378967285 1.7697882652282715 0.6000000238418584
		endloop
	endfacet
	facet normal 0.8467177198951977 -0.5320423881754891 0
		outer loop
			vertex 12.142151832580566 1.7941811084747314 4.897901843048987e-16
			vertex 12.126824378967285 1.7697882652282715 0.6000000238418584
			vertex 12.126824378967285 1.7697882652282715 4.952064835465572e-16
		endloop
	endfacet
	facet normal 0.7071067811865476 -0.7071067811865476 0
		outer loop
			vertex 12.126824378967285 1.7697882652282715 4.952064835465572e-16
			vertex 12.126824378967285 1.7697882652282715 0.6000000238418584
			vertex 12.106453895568848 1.749417781829834 0.6000000238418585
		endloop
	endfacet
	facet normal 0.7071067811865476 -0.7071067811865476 0
		outer loop
			vertex 12.126824378967285 1.7697882652282715 4.952064835465572e-16
			vertex 12.106453895568848 1.749417781829834 0.6000000238418585
			vertex 12.106453895568848 1.749417781829834 4.997296394848951e-16
		endloop
	endfacet
	facet normal 0.5320417062800161 -0.8467181483697211 0
		outer loop
			vertex 12.106453895568848 1.749417781829834 4.997296394848951e-16
			vertex 12.106453895568848 1.749417781829834 0.6000000238418585
			vertex 12.082061767578125 1.734090805053711 0.6000000238418585
		endloop
	endfacet
	facet normal 0.5320417062800161 -0.8467181483697211 0
		outer loop
			vertex 12.106453895568848 1.749417781829834 4.997296394848951e-16
			vertex 12.082061767578125 1.734090805053711 0.6000000238418585
			vertex 12.082061767578125 1.734090805053711 5.031329119878445e-16
		endloop
	endfacet
	facet normal 0.3302752215998393 -0.9438846740980473 0
		outer loop
			vertex 12.082061767578125 1.734090805053711 5.031329119878445e-16
			vertex 12.082061767578125 1.734090805053711 0.6000000238418585
			vertex 12.054869651794434 1.7245759963989258 0.6000000238418585
		endloop
	endfacet
	facet normal 0.3302752215998393 -0.9438846740980473 0
		outer loop
			vertex 12.082061767578125 1.734090805053711 5.031329119878445e-16
			vertex 12.054869651794434 1.7245759963989258 0.6000000238418585
			vertex 12.054869651794434 1.7245759963989258 5.052456239165335e-16
		endloop
	endfacet
	facet normal 0.11196557739424719 -0.9937120858069368 0
		outer loop
			vertex 12.054869651794434 1.7245759963989258 5.052456239165335e-16
			vertex 12.054869651794434 1.7245759963989258 0.6000000238418585
			vertex 12.02624225616455 1.7213504314422607 0.6000000238418585
		endloop
	endfacet
	facet normal 0.11196557739424719 -0.9937120858069368 0
		outer loop
			vertex 12.054869651794434 1.7245759963989258 5.052456239165335e-16
			vertex 12.02624225616455 1.7213504314422607 0.6000000238418585
			vertex 12.02624225616455 1.7213504314422607 5.059618432129963e-16
		endloop
	endfacet
	facet normal -0.11196926070287645 -0.9937116707866782 0
		outer loop
			vertex 12.02624225616455 1.7213504314422607 5.059618432129963e-16
			vertex 12.02624225616455 1.7213504314422607 0.6000000238418585
			vertex 11.997615814208984 1.7245759963989258 0.6000000238418585
		endloop
	endfacet
	facet normal -0.11196926070287645 -0.9937116707866782 0
		outer loop
			vertex 12.02624225616455 1.7213504314422607 5.059618432129963e-16
			vertex 11.997615814208984 1.7245759963989258 0.6000000238418585
			vertex 11.997615814208984 1.7245759963989258 5.052456239165335e-16
		endloop
	endfacet
	facet normal -0.3302752215998393 -0.9438846740980473 0
		outer loop
			vertex 11.997615814208984 1.7245759963989258 5.052456239165335e-16
			vertex 11.997615814208984 1.7245759963989258 0.6000000238418585
			vertex 11.970423698425293 1.734090805053711 0.6000000238418585
		endloop
	endfacet
	facet normal -0.3302752215998393 -0.9438846740980473 0
		outer loop
			vertex 11.997615814208984 1.7245759963989258 5.052456239165335e-16
			vertex 11.970423698425293 1.734090805053711 0.6000000238418585
			vertex 11.970423698425293 1.734090805053711 5.031329119878445e-16
		endloop
	endfacet
	facet normal -0.5320267933135652 -0.8467275188609881 0
		outer loop
			vertex 11.970423698425293 1.734090805053711 5.031329119878445e-16
			vertex 11.970423698425293 1.734090805053711 0.6000000238418585
			vertex 11.946030616760254 1.749417781829834 0.6000000238418585
		endloop
	endfacet
	facet normal -0.5320267933135652 -0.8467275188609881 0
		outer loop
			vertex 11.970423698425293 1.734090805053711 5.031329119878445e-16
			vertex 11.946030616760254 1.749417781829834 0.6000000238418585
			vertex 11.946030616760254 1.749417781829834 4.997296394848951e-16
		endloop
	endfacet
	facet normal -0.7071233335052989 -0.707090228480322 0
		outer loop
			vertex 11.946030616760254 1.749417781829834 4.997296394848951e-16
			vertex 11.946030616760254 1.749417781829834 0.6000000238418585
			vertex 11.925661087036133 1.7697882652282715 0.6000000238418584
		endloop
	endfacet
	facet normal -0.7071233335052989 -0.707090228480322 0
		outer loop
			vertex 11.946030616760254 1.749417781829834 4.997296394848951e-16
			vertex 11.925661087036133 1.7697882652282715 0.6000000238418584
			vertex 11.925661087036133 1.7697882652282715 4.952064835465572e-16
		endloop
	endfacet
	facet normal -0.8467028069565791 -0.5320661206014249 0
		outer loop
			vertex 11.925661087036133 1.7697882652282715 4.952064835465572e-16
			vertex 11.925661087036133 1.7697882652282715 0.6000000238418584
			vertex 11.910332679748535 1.7941811084747314 0.6000000238418584
		endloop
	endfacet
	facet normal -0.8467028069565791 -0.5320661206014249 0
		outer loop
			vertex 11.925661087036133 1.7697882652282715 4.952064835465572e-16
			vertex 11.910332679748535 1.7941811084747314 0.6000000238418584
			vertex 11.910332679748535 1.7941811084747314 4.897901843048987e-16
		endloop
	endfacet
	facet normal -0.9438931883004343 -0.33025088808365216 0
		outer loop
			vertex 11.910332679748535 1.7941811084747314 4.897901843048987e-16
			vertex 11.910332679748535 1.7941811084747314 0.6000000238418584
			vertex 11.900818824768066 1.8213727474212646 0.6000000238418584
		endloop
	endfacet
	facet normal -0.9438931883004343 -0.33025088808365216 0
		outer loop
			vertex 11.910332679748535 1.7941811084747314 4.897901843048987e-16
			vertex 11.900818824768066 1.8213727474212646 0.6000000238418584
			vertex 11.900818824768066 1.8213727474212646 4.837524275777517e-16
		endloop
	endfacet
	facet normal -0.9937129028350681 -0.11195832590344713 0
		outer loop
			vertex 11.900818824768066 1.8213727474212646 4.837524275777517e-16
			vertex 11.900818824768066 1.8213727474212646 0.6000000238418584
			vertex 11.89759349822998 1.8499999046325684 0.6000000238418584
		endloop
	endfacet
	facet normal -0.9937129028350681 -0.11195832590344713 0
		outer loop
			vertex 11.900818824768066 1.8213727474212646 4.837524275777517e-16
			vertex 11.89759349822998 1.8499999046325684 0.6000000238418584
			vertex 11.89759349822998 1.8499999046325684 4.77395921764641e-16
		endloop
	endfacet
	facet normal -0.9937129028350681 0.11195832590344713 0
		outer loop
			vertex 11.89759349822998 1.8499999046325684 4.77395921764641e-16
			vertex 11.89759349822998 1.8499999046325684 0.6000000238418584
			vertex 11.900818824768066 1.878627061843872 0.6000000238418584
		endloop
	endfacet
	facet normal -0.9937129028350681 0.11195832590344713 0
		outer loop
			vertex 11.89759349822998 1.8499999046325684 4.77395921764641e-16
			vertex 11.900818824768066 1.878627061843872 0.6000000238418584
			vertex 11.900818824768066 1.878627061843872 4.710394159515303e-16
		endloop
	endfacet
	facet normal -0.9438931883004343 0.33025088808365216 0
		outer loop
			vertex 11.900818824768066 1.878627061843872 4.710394159515303e-16
			vertex 11.900818824768066 1.878627061843872 0.6000000238418584
			vertex 11.910332679748535 1.9058187007904053 0.6000000238418584
		endloop
	endfacet
	facet normal -0.9438931883004343 0.33025088808365216 0
		outer loop
			vertex 11.900818824768066 1.878627061843872 4.710394159515303e-16
			vertex 11.910332679748535 1.9058187007904053 0.6000000238418584
			vertex 11.910332679748535 1.9058187007904053 4.650016592243832e-16
		endloop
	endfacet
	facet normal -0.8467028069565791 0.5320661206014249 0
		outer loop
			vertex 11.910332679748535 1.9058187007904053 4.650016592243832e-16
			vertex 11.910332679748535 1.9058187007904053 0.6000000238418584
			vertex 11.925661087036133 1.9302115440368652 0.6000000238418584
		endloop
	endfacet
	facet normal -0.8467028069565791 0.5320661206014249 0
		outer loop
			vertex 11.910332679748535 1.9058187007904053 4.650016592243832e-16
			vertex 11.925661087036133 1.9302115440368652 0.6000000238418584
			vertex 11.925661087036133 1.9302115440368652 4.595853599827248e-16
		endloop
	endfacet
	facet normal -0.7071233335052989 0.707090228480322 0
		outer loop
			vertex 11.925661087036133 1.9302115440368652 4.595853599827248e-16
			vertex 11.925661087036133 1.9302115440368652 0.6000000238418584
			vertex 11.946030616760254 1.9505820274353027 0.6000000238418584
		endloop
	endfacet
	facet normal -0.7071233335052989 0.707090228480322 0
		outer loop
			vertex 11.925661087036133 1.9302115440368652 4.595853599827248e-16
			vertex 11.946030616760254 1.9505820274353027 0.6000000238418584
			vertex 11.946030616760254 1.9505820274353027 4.550622040443869e-16
		endloop
	endfacet
	facet normal -0.5320267933135652 0.8467275188609881 0
		outer loop
			vertex 11.946030616760254 1.9505820274353027 4.550622040443869e-16
			vertex 11.946030616760254 1.9505820274353027 0.6000000238418584
			vertex 11.970423698425293 1.9659090042114258 0.6000000238418584
		endloop
	endfacet
	facet normal -0.5320267933135652 0.8467275188609881 0
		outer loop
			vertex 11.946030616760254 1.9505820274353027 4.550622040443869e-16
			vertex 11.970423698425293 1.9659090042114258 0.6000000238418584
			vertex 11.970423698425293 1.9659090042114258 4.516589315414375e-16
		endloop
	endfacet
	facet normal -0.3302752215998393 0.9438846740980473 0
		outer loop
			vertex 11.970423698425293 1.9659090042114258 4.516589315414375e-16
			vertex 11.970423698425293 1.9659090042114258 0.6000000238418584
			vertex 11.997615814208984 1.975423812866211 0.6000000238418584
		endloop
	endfacet
	facet normal -0.3302752215998393 0.9438846740980473 0
		outer loop
			vertex 11.970423698425293 1.9659090042114258 4.516589315414375e-16
			vertex 11.997615814208984 1.975423812866211 0.6000000238418584
			vertex 11.997615814208984 1.975423812866211 4.495462196127484e-16
		endloop
	endfacet
	facet normal -0.11196108821098112 0.9937125916111827 0
		outer loop
			vertex 11.997615814208984 1.975423812866211 4.495462196127484e-16
			vertex 11.997615814208984 1.975423812866211 0.6000000238418584
			vertex 12.02624225616455 1.9786491394042969 0.6000000238418584
		endloop
	endfacet
	facet normal -0.11196108821098112 0.9937125916111827 0
		outer loop
			vertex 11.997615814208984 1.975423812866211 4.495462196127484e-16
			vertex 12.02624225616455 1.9786491394042969 0.6000000238418584
			vertex 12.02624225616455 1.9786491394042969 4.488300532558449e-16
		endloop
	endfacet
	facet normal 0.11195740516436635 0.9937130065712445 0
		outer loop
			vertex 12.02624225616455 1.9786491394042969 4.488300532558449e-16
			vertex 12.02624225616455 1.9786491394042969 0.6000000238418584
			vertex 12.054869651794434 1.975423812866211 0.6000000238418584
		endloop
	endfacet
	facet normal 0 0 1
		outer loop
			vertex 12.02624225616455 1.9786491394042969 0.6000000238418584
			vertex 11.997615814208984 1.975423812866211 0.6000000238418584
			vertex 12.02624225616455 1.8499999046325684 0.6000000238418584
		endloop
	endfacet
	facet normal 0 0 1
		outer loop
			vertex 12.106453895568848 1.9505820274353027 0.6000000238418584
			vertex 12.082061767578125 1.9659090042114258 0.6000000238418584
			vertex 12.02624225616455 1.8499999046325684 0.6000000238418584
		endloop
	endfacet
	facet normal 0 0 1
		outer loop
			vertex 12.02624225616455 1.8499999046325684 0.6000000238418584
			vertex 12.082061767578125 1.9659090042114258 0.6000000238418584
			vertex 12.054869651794434 1.975423812866211 0.6000000238418584
		endloop
	endfacet
	facet normal 0 0 1
		outer loop
			vertex 12.02624225616455 1.8499999046325684 0.6000000238418584
			vertex 12.054869651794434 1.975423812866211 0.6000000238418584
			vertex 12.02624225616455 1.9786491394042969 0.6000000238418584
		endloop
	endfacet
	facet normal 0 0 1
		outer loop
			vertex 12.151666641235352 1.878627061843872 0.6000000238418584
			vertex 12.142151832580566 1.9058187007904053 0.6000000238418584
			vertex 12.02624225616455 1.8499999046325684 0.6000000238418584
		endloop
	endfacet
	facet normal 0 0 1
		outer loop
			vertex 12.02624225616455 1.8499999046325684 0.6000000238418584
			vertex 12.142151832580566 1.9058187007904053 0.6000000238418584
			vertex 12.126824378967285 1.9302115440368652 0.6000000238418584
		endloop
	endfacet
	facet normal 0 0 1
		outer loop
			vertex 12.02624225616455 1.8499999046325684 0.6000000238418584
			vertex 12.126824378967285 1.9302115440368652 0.6000000238418584
			vertex 12.106453895568848 1.9505820274353027 0.6000000238418584
		endloop
	endfacet
	facet normal 0 0 1
		outer loop
			vertex 12.142151832580566 1.7941811084747314 0.6000000238418584
			vertex 12.151666641235352 1.8213727474212646 0.6000000238418584
			vertex 12.02624225616455 1.8499999046325684 0.6000000238418584
		endloop
	endfacet
	facet normal 0 0 1
		outer loop
			vertex 12.02624225616455 1.8499999046325684 0.6000000238418584
			vertex 12.151666641235352 1.8213727474212646 0.6000000238418584
			vertex 12.154891967773438 1.8499999046325684 0.6000000238418584
		endloop
	endfacet
	facet normal 0 0 1
		outer loop
			vertex 12.02624225616455 1.8499999046325684 0.6000000238418584
			vertex 12.154891967773438 1.8499999046325684 0.6000000238418584
			vertex 12.151666641235352 1.878627061843872 0.6000000238418584
		endloop
	endfacet
	facet normal -4.620478459735509e-16 7.35326370062876e-16 1
		outer loop
			vertex 12.082061767578125 1.734090805053711 0.6000000238418585
			vertex 12.106453895568848 1.749417781829834 0.6000000238418585
			vertex 12.02624225616455 1.8499999046325684 0.6000000238418584
		endloop
	endfacet
	facet normal 2.4180364611559723e-15 3.0321190550862953e-15 1
		outer loop
			vertex 12.02624225616455 1.8499999046325684 0.6000000238418584
			vertex 12.106453895568848 1.749417781829834 0.6000000238418585
			vertex 12.126824378967285 1.7697882652282715 0.6000000238418584
		endloop
	endfacet
	facet normal 0 0 1
		outer loop
			vertex 12.02624225616455 1.8499999046325684 0.6000000238418584
			vertex 12.126824378967285 1.7697882652282715 0.6000000238418584
			vertex 12.142151832580566 1.7941811084747314 0.6000000238418584
		endloop
	endfacet
	facet normal 9.723903447035373e-17 8.629829544523935e-16 1
		outer loop
			vertex 11.997615814208984 1.7245759963989258 0.6000000238418585
			vertex 12.02624225616455 1.7213504314422607 0.6000000238418585
			vertex 12.02624225616455 1.8499999046325684 0.6000000238418584
		endloop
	endfacet
	facet normal -9.723579511281923e-17 8.629829544523934e-16 1
		outer loop
			vertex 12.02624225616455 1.8499999046325684 0.6000000238418584
			vertex 12.02624225616455 1.7213504314422607 0.6000000238418585
			vertex 12.054869651794434 1.7245759963989258 0.6000000238418585
		endloop
	endfacet
	facet normal -2.868252230678138e-16 8.197100917442692e-16 1
		outer loop
			vertex 12.02624225616455 1.8499999046325684 0.6000000238418584
			vertex 12.054869651794434 1.7245759963989258 0.6000000238418585
			vertex 12.082061767578125 1.734090805053711 0.6000000238418585
		endloop
	endfacet
	facet normal -2.418099442259154e-15 3.0321692808858398e-15 1
		outer loop
			vertex 11.925661087036133 1.7697882652282715 0.6000000238418584
			vertex 11.946030616760254 1.749417781829834 0.6000000238418585
			vertex 12.02624225616455 1.8499999046325684 0.6000000238418584
		endloop
	endfacet
	facet normal 4.620358117868982e-16 7.353359670152308e-16 1
		outer loop
			vertex 12.02624225616455 1.8499999046325684 0.6000000238418584
			vertex 11.946030616760254 1.749417781829834 0.6000000238418585
			vertex 11.970423698425293 1.734090805053711 0.6000000238418585
		endloop
	endfacet
	facet normal 2.868259297523806e-16 8.197121113590888e-16 1
		outer loop
			vertex 12.02624225616455 1.8499999046325684 0.6000000238418584
			vertex 11.970423698425293 1.734090805053711 0.6000000238418585
			vertex 11.997615814208984 1.7245759963989258 0.6000000238418585
		endloop
	endfacet
	facet normal 0 0 1
		outer loop
			vertex 11.89759349822998 1.8499999046325684 0.6000000238418584
			vertex 11.900818824768066 1.8213727474212646 0.6000000238418584
			vertex 12.02624225616455 1.8499999046325684 0.6000000238418584
		endloop
	endfacet
	facet normal 0 0 1
		outer loop
			vertex 12.02624225616455 1.8499999046325684 0.6000000238418584
			vertex 11.900818824768066 1.8213727474212646 0.6000000238418584
			vertex 11.910332679748535 1.7941811084747314 0.6000000238418584
		endloop
	endfacet
	facet normal 0 0 1
		outer loop
			vertex 12.02624225616455 1.8499999046325684 0.6000000238418584
			vertex 11.910332679748535 1.7941811084747314 0.6000000238418584
			vertex 11.925661087036133 1.7697882652282715 0.6000000238418584
		endloop
	endfacet
	facet normal 0 0 1
		outer loop
			vertex 11.925661087036133 1.9302115440368652 0.6000000238418584
			vertex 11.910332679748535 1.9058187007904053 0.6000000238418584
			vertex 12.02624225616455 1.8499999046325684 0.6000000238418584
		endloop
	endfacet
	facet normal 0 0 1
		outer loop
			vertex 12.02624225616455 1.8499999046325684 0.6000000238418584
			vertex 11.910332679748535 1.9058187007904053 0.6000000238418584
			vertex 11.900818824768066 1.878627061843872 0.6000000238418584
		endloop
	endfacet
	facet normal 0 0 1
		outer loop
			vertex 12.02624225616455 1.8499999046325684 0.6000000238418584
			vertex 11.900818824768066 1.878627061843872 0.6000000238418584
			vertex 11.89759349822998 1.8499999046325684 0.6000000238418584
		endloop
	endfacet
	facet normal 0 0 1
		outer loop
			vertex 11.997615814208984 1.975423812866211 0.6000000238418584
			vertex 11.970423698425293 1.9659090042114258 0.6000000238418584
			vertex 12.02624225616455 1.8499999046325684 0.6000000238418584
		endloop
	endfacet
	facet normal 0 0 1
		outer loop
			vertex 12.02624225616455 1.8499999046325684 0.6000000238418584
			vertex 11.970423698425293 1.9659090042114258 0.6000000238418584
			vertex 11.946030616760254 1.9505820274353027 0.6000000238418584
		endloop
	endfacet
	facet normal 0 0 1
		outer loop
			vertex 12.02624225616455 1.8499999046325684 0.6000000238418584
			vertex 11.946030616760254 1.9505820274353027 0.6000000238418584
			vertex 11.925661087036133 1.9302115440368652 0.6000000238418584
		endloop
	endfacet
	facet normal 0 -2.220446049250313e-16 -1
		outer loop
			vertex 12.02624225616455 1.9786491394042969 4.488300532558449e-16
			vertex 12.054869651794434 1.975423812866211 4.495462196127484e-16
			vertex 12.02624225616455 1.8499999046325684 4.77395921764641e-16
		endloop
	endfacet
	facet normal 0 -2.220446049250313e-16 -1
		outer loop
			vertex 11.946030616760254 1.9505820274353027 4.550622040443869e-16
			vertex 11.970423698425293 1.9659090042114258 4.516589315414375e-16
			vertex 12.02624225616455 1.8499999046325684 4.77395921764641e-16
		endloop
	endfacet
	facet normal 0 -2.220446049250313e-16 -1
		outer loop
			vertex 12.02624225616455 1.8499999046325684 4.77395921764641e-16
			vertex 11.970423698425293 1.9659090042114258 4.516589315414375e-16
			vertex 11.997615814208984 1.975423812866211 4.495462196127484e-16
		endloop
	endfacet
	facet normal 0 -2.220446049250313e-16 -1
		outer loop
			vertex 12.02624225616455 1.8499999046325684 4.77395921764641e-16
			vertex 11.997615814208984 1.975423812866211 4.495462196127484e-16
			vertex 12.02624225616455 1.9786491394042969 4.488300532558449e-16
		endloop
	endfacet
	facet normal 0 -2.220446049250313e-16 -1
		outer loop
			vertex 11.900818824768066 1.878627061843872 4.710394159515303e-16
			vertex 11.910332679748535 1.9058187007904053 4.650016592243832e-16
			vertex 12.02624225616455 1.8499999046325684 4.77395921764641e-16
		endloop
	endfacet
	facet normal 0 -2.220446049250313e-16 -1
		outer loop
			vertex 12.02624225616455 1.8499999046325684 4.77395921764641e-16
			vertex 11.910332679748535 1.9058187007904053 4.650016592243832e-16
			vertex 11.925661087036133 1.9302115440368652 4.595853599827248e-16
		endloop
	endfacet
	facet normal 0 -2.220446049250313e-16 -1
		outer loop
			vertex 12.02624225616455 1.8499999046325684 4.77395921764641e-16
			vertex 11.925661087036133 1.9302115440368652 4.595853599827248e-16
			vertex 11.946030616760254 1.9505820274353027 4.550622040443869e-16
		endloop
	endfacet
	facet normal 0 -2.220446049250313e-16 -1
		outer loop
			vertex 11.910332679748535 1.7941811084747314 4.897901843048987e-16
			vertex 11.900818824768066 1.8213727474212646 4.837524275777517e-16
			vertex 12.02624225616455 1.8499999046325684 4.77395921764641e-16
		endloop
	endfacet
	facet normal 0 -2.220446049250313e-16 -1
		outer loop
			vertex 12.02624225616455 1.8499999046325684 4.77395921764641e-16
			vertex 11.900818824768066 1.8213727474212646 4.837524275777517e-16
			vertex 11.89759349822998 1.8499999046325684 4.77395921764641e-16
		endloop
	endfacet
	facet normal 0 -2.220446049250313e-16 -1
		outer loop
			vertex 12.02624225616455 1.8499999046325684 4.77395921764641e-16
			vertex 11.89759349822998 1.8499999046325684 4.77395921764641e-16
			vertex 11.900818824768066 1.878627061843872 4.710394159515303e-16
		endloop
	endfacet
	facet normal 0 -2.220446049250313e-16 -1
		outer loop
			vertex 11.970423698425293 1.734090805053711 5.031329119878445e-16
			vertex 11.946030616760254 1.749417781829834 4.997296394848951e-16
			vertex 12.02624225616455 1.8499999046325684 4.77395921764641e-16
		endloop
	endfacet
	facet normal 0 -2.220446049250313e-16 -1
		outer loop
			vertex 12.02624225616455 1.8499999046325684 4.77395921764641e-16
			vertex 11.946030616760254 1.749417781829834 4.997296394848951e-16
			vertex 11.925661087036133 1.7697882652282715 4.952064835465572e-16
		endloop
	endfacet
	facet normal 0 -2.220446049250313e-16 -1
		outer loop
			vertex 12.02624225616455 1.8499999046325684 4.77395921764641e-16
			vertex 11.925661087036133 1.7697882652282715 4.952064835465572e-16
			vertex 11.910332679748535 1.7941811084747314 4.897901843048987e-16
		endloop
	endfacet
	facet normal 0 -2.220446049250313e-16 -1
		outer loop
			vertex 12.054869651794434 1.7245759963989258 5.052456239165335e-16
			vertex 12.02624225616455 1.7213504314422607 5.059618432129963e-16
			vertex 12.02624225616455 1.8499999046325684 4.77395921764641e-16
		endloop
	endfacet
	facet normal 0 -2.220446049250313e-16 -1
		outer loop
			vertex 12.02624225616455 1.8499999046325684 4.77395921764641e-16
			vertex 12.02624225616455 1.7213504314422607 5.059618432129963e-16
			vertex 11.997615814208984 1.7245759963989258 5.052456239165335e-16
		endloop
	endfacet
	facet normal 0 -2.220446049250313e-16 -1
		outer loop
			vertex 12.02624225616455 1.8499999046325684 4.77395921764641e-16
			vertex 11.997615814208984 1.7245759963989258 5.052456239165335e-16
			vertex 11.970423698425293 1.734090805053711 5.031329119878445e-16
		endloop
	endfacet
	facet normal 0 -2.220446049250313e-16 -1
		outer loop
			vertex 12.126824378967285 1.7697882652282715 4.952064835465572e-16
			vertex 12.106453895568848 1.749417781829834 4.997296394848951e-16
			vertex 12.02624225616455 1.8499999046325684 4.77395921764641e-16
		endloop
	endfacet
	facet normal 0 -2.220446049250313e-16 -1
		outer loop
			vertex 12.02624225616455 1.8499999046325684 4.77395921764641e-16
			vertex 12.106453895568848 1.749417781829834 4.997296394848951e-16
			vertex 12.082061767578125 1.734090805053711 5.031329119878445e-16
		endloop
	endfacet
	facet normal 0 -2.220446049250313e-16 -1
		outer loop
			vertex 12.02624225616455 1.8499999046325684 4.77395921764641e-16
			vertex 12.082061767578125 1.734090805053711 5.031329119878445e-16
			vertex 12.054869651794434 1.7245759963989258 5.052456239165335e-16
		endloop
	endfacet
	facet normal 0 -2.220446049250313e-16 -1
		outer loop
			vertex 12.154891967773438 1.8499999046325684 4.77395921764641e-16
			vertex 12.151666641235352 1.8213727474212646 4.837524275777517e-16
			vertex 12.02624225616455 1.8499999046325684 4.77395921764641e-16
		endloop
	endfacet
	facet normal 0 -2.220446049250313e-16 -1
		outer loop
			vertex 12.02624225616455 1.8499999046325684 4.77395921764641e-16
			vertex 12.151666641235352 1.8213727474212646 4.837524275777517e-16
			vertex 12.142151832580566 1.7941811084747314 4.897901843048987e-16
		endloop
	endfacet
	facet normal 0 -2.220446049250313e-16 -1
		outer loop
			vertex 12.02624225616455 1.8499999046325684 4.77395921764641e-16
			vertex 12.142151832580566 1.7941811084747314 4.897901843048987e-16
			vertex 12.126824378967285 1.7697882652282715 4.952064835465572e-16
		endloop
	endfacet
	facet normal 0 -2.220446049250313e-16 -1
		outer loop
			vertex 12.126824378967285 1.9302115440368652 4.595853599827248e-16
			vertex 12.142151832580566 1.9058187007904053 4.650016592243832e-16
			vertex 12.02624225616455 1.8499999046325684 4.77395921764641e-16
		endloop
	endfacet
	facet normal 0 -2.220446049250313e-16 -1
		outer loop
			vertex 12.02624225616455 1.8499999046325684 4.77395921764641e-16
			vertex 12.142151832580566 1.9058187007904053 4.650016592243832e-16
			vertex 12.151666641235352 1.878627061843872 4.710394159515303e-16
		endloop
	endfacet
	facet normal 0 -2.220446049250313e-16 -1
		outer loop
			vertex 12.02624225616455 1.8499999046325684 4.77395921764641e-16
			vertex 12.151666641235352 1.878627061843872 4.710394159515303e-16
			vertex 12.154891967773438 1.8499999046325684 4.77395921764641e-16
		endloop
	endfacet
	facet normal 0 -2.220446049250313e-16 -1
		outer loop
			vertex 12.054869651794434 1.975423812866211 4.495462196127484e-16
			vertex 12.082061767578125 1.9659090042114258 4.516589315414375e-16
			vertex 12.02624225616455 1.8499999046325684 4.77395921764641e-16
		endloop
	endfacet
	facet normal 0 -2.220446049250313e-16 -1
		outer loop
			vertex 12.02624225616455 1.8499999046325684 4.77395921764641e-16
			vertex 12.082061767578125 1.9659090042114258 4.516589315414375e-16
			vertex 12.106453895568848 1.9505820274353027 4.550622040443869e-16
		endloop
	endfacet
	facet normal 0 -2.220446049250313e-16 -1
		outer loop
			vertex 12.02624225616455 1.8499999046325684 4.77395921764641e-16
			vertex 12.106453895568848 1.9505820274353027 4.550622040443869e-16
			vertex 12.126824378967285 1.9302115440368652 4.595853599827248e-16
		endloop
	endfacet
	facet normal 0.11196359968271272 0.9937123086417363 0
		outer loop
			vertex 12.02624225616455 2.2798452377319336 3.8195108459772396e-16
			vertex 12.055135726928711 2.2765897512435913 0.6000000238418582
			vertex 12.055135726928711 2.2765897512435913 3.826739478088667e-16
		endloop
	endfacet
	facet normal 0.33027591413075896 0.9438844317738753 0
		outer loop
			vertex 12.055135726928711 2.2765897512435913 3.826739478088667e-16
			vertex 12.055135726928711 2.2765897512435913 0.6000000238418582
			vertex 12.08258056640625 2.2669864892959595 0.6000000238418582
		endloop
	endfacet
	facet normal 0.33027591413075896 0.9438844317738753 0
		outer loop
			vertex 12.055135726928711 2.2765897512435913 3.826739478088667e-16
			vertex 12.08258056640625 2.2669864892959595 0.6000000238418582
			vertex 12.08258056640625 2.2669864892959595 3.848063003140202e-16
		endloop
	endfacet
	facet normal 0.5320376126086811 0.8467207206450394 0
		outer loop
			vertex 12.08258056640625 2.2669864892959595 3.848063003140202e-16
			vertex 12.08258056640625 2.2669864892959595 0.6000000238418582
			vertex 12.107199668884277 2.2515170574188232 0.6000000238418582
		endloop
	endfacet
	facet normal 0.5320376126086811 0.8467207206450394 0
		outer loop
			vertex 12.08258056640625 2.2669864892959595 3.848063003140202e-16
			vertex 12.107199668884277 2.2515170574188232 0.6000000238418582
			vertex 12.107199668884277 2.2515170574188232 3.882412042035936e-16
		endloop
	endfacet
	facet normal 0.7071006313534799 0.7071129309661295 0
		outer loop
			vertex 12.107199668884277 2.2515170574188232 3.882412042035936e-16
			vertex 12.107199668884277 2.2515170574188232 0.6000000238418582
			vertex 12.12775993347168 2.2309571504592896 0.6000000238418584
		endloop
	endfacet
	facet normal 0.7071006313534799 0.7071129309661295 0
		outer loop
			vertex 12.107199668884277 2.2515170574188232 3.882412042035936e-16
			vertex 12.12775993347168 2.2309571504592896 0.6000000238418584
			vertex 12.12775993347168 2.2309571504592896 3.9280642062171865e-16
		endloop
	endfacet
	facet normal 0.8467371307754425 0.5320114955206995 0
		outer loop
			vertex 12.12775993347168 2.2309571504592896 3.9280642062171865e-16
			vertex 12.12775993347168 2.2309571504592896 0.6000000238418584
			vertex 12.143228530883789 2.2063376903533936 0.6000000238418584
		endloop
	endfacet
	facet normal 0.8467371307754425 0.5320114955206995 0
		outer loop
			vertex 12.12775993347168 2.2309571504592896 3.9280642062171865e-16
			vertex 12.143228530883789 2.2063376903533936 0.6000000238418584
			vertex 12.143228530883789 2.2063376903533936 3.982730389143999e-16
		endloop
	endfacet
	facet normal 0.9438703083016556 0.3303162743591931 0
		outer loop
			vertex 12.143228530883789 2.2063376903533936 3.982730389143999e-16
			vertex 12.143228530883789 2.2063376903533936 0.6000000238418584
			vertex 12.152832984924316 2.178893208503723 0.6000000238418584
		endloop
	endfacet
	facet normal 0.9438703083016556 0.3303162743591931 0
		outer loop
			vertex 12.143228530883789 2.2063376903533936 3.982730389143999e-16
			vertex 12.152832984924316 2.178893208503723 0.6000000238418584
			vertex 12.152832984924316 2.178893208503723 4.0436693804408216e-16
		endloop
	endfacet
	facet normal 0.9937145378182026 0.1119438132669962 0
		outer loop
			vertex 12.152832984924316 2.178893208503723 4.0436693804408216e-16
			vertex 12.152832984924316 2.178893208503723 0.6000000238418584
			vertex 12.156087875366211 2.1499998569488525 0.6000000238418584
		endloop
	endfacet
	facet normal 0.9937145378182026 0.1119438132669962 0
		outer loop
			vertex 12.152832984924316 2.178893208503723 4.0436693804408216e-16
			vertex 12.156087875366211 2.1499998569488525 0.6000000238418584
			vertex 12.156087875366211 2.1499998569488525 4.1078255087504344e-16
		endloop
	endfacet
	facet normal 0.9937144864402647 -0.11194426934310193 0
		outer loop
			vertex 12.156087875366211 2.1499998569488525 4.1078255087504344e-16
			vertex 12.156087875366211 2.1499998569488525 0.6000000238418584
			vertex 12.152832984924316 2.1211066246032715 0.6000000238418584
		endloop
	endfacet
	facet normal 0.9937144864402647 -0.11194426934310193 0
		outer loop
			vertex 12.156087875366211 2.1499998569488525 4.1078255087504344e-16
			vertex 12.152832984924316 2.1211066246032715 0.6000000238418584
			vertex 12.152832984924316 2.1211066246032715 4.171981372362251e-16
		endloop
	endfacet
	facet normal 0.9438703083016556 -0.3303162743591931 0
		outer loop
			vertex 12.152832984924316 2.1211066246032715 4.171981372362251e-16
			vertex 12.152832984924316 2.1211066246032715 0.6000000238418584
			vertex 12.143228530883789 2.093662142753601 0.6000000238418584
		endloop
	endfacet
	facet normal 0.9438703083016556 -0.3303162743591931 0
		outer loop
			vertex 12.152832984924316 2.1211066246032715 4.171981372362251e-16
			vertex 12.143228530883789 2.093662142753601 0.6000000238418584
			vertex 12.143228530883789 2.093662142753601 4.232920363659074e-16
		endloop
	endfacet
	facet normal 0.8467371307754425 -0.5320114955206995 0
		outer loop
			vertex 12.143228530883789 2.093662142753601 4.232920363659074e-16
			vertex 12.143228530883789 2.093662142753601 0.6000000238418584
			vertex 12.12775993347168 2.069042682647705 0.6000000238418584
		endloop
	endfacet
	facet normal 0.8467371307754425 -0.5320114955206995 0
		outer loop
			vertex 12.143228530883789 2.093662142753601 4.232920363659074e-16
			vertex 12.12775993347168 2.069042682647705 0.6000000238418584
			vertex 12.12775993347168 2.069042682647705 4.2875865465858863e-16
		endloop
	endfacet
	facet normal 0.7071006313534799 -0.7071129309661295 0
		outer loop
			vertex 12.12775993347168 2.069042682647705 4.2875865465858863e-16
			vertex 12.12775993347168 2.069042682647705 0.6000000238418584
			vertex 12.107199668884277 2.0484827756881714 0.6000000238418584
		endloop
	endfacet
	facet normal 0.7071006313534799 -0.7071129309661295 0
		outer loop
			vertex 12.12775993347168 2.069042682647705 4.2875865465858863e-16
			vertex 12.107199668884277 2.0484827756881714 0.6000000238418584
			vertex 12.107199668884277 2.0484827756881714 4.333238710767137e-16
		endloop
	endfacet
	facet normal 0.5320405519974201 -0.8467188736707602 0
		outer loop
			vertex 12.107199668884277 2.0484827756881714 4.333238710767137e-16
			vertex 12.107199668884277 2.0484827756881714 0.6000000238418584
			vertex 12.08258056640625 2.0330132246017456 0.6000000238418584
		endloop
	endfacet
	facet normal 0.5320405519974201 -0.8467188736707602 0
		outer loop
			vertex 12.107199668884277 2.0484827756881714 4.333238710767137e-16
			vertex 12.08258056640625 2.0330132246017456 0.6000000238418584
			vertex 12.08258056640625 2.0330132246017456 4.367588014360667e-16
		endloop
	endfacet
	facet normal 0.3302722614917256 -0.9438857098659464 0
		outer loop
			vertex 12.08258056640625 2.0330132246017456 4.367588014360667e-16
			vertex 12.08258056640625 2.0330132246017456 0.6000000238418584
			vertex 12.055135726928711 2.0234100818634033 0.6000000238418584
		endloop
	endfacet
	facet normal 0.3302722614917256 -0.9438857098659464 0
		outer loop
			vertex 12.08258056640625 2.0330132246017456 4.367588014360667e-16
			vertex 12.055135726928711 2.0234100818634033 0.6000000238418584
			vertex 12.055135726928711 2.0234100818634033 4.388911274714406e-16
		endloop
	endfacet
	facet normal 0.11196359968271272 -0.9937123086417363 0
		outer loop
			vertex 12.055135726928711 2.0234100818634033 4.388911274714406e-16
			vertex 12.055135726928711 2.0234100818634033 0.6000000238418584
			vertex 12.02624225616455 2.020154595375061 0.6000000238418584
		endloop
	endfacet
	facet normal 0.11196359968271272 -0.9937123086417363 0
		outer loop
			vertex 12.055135726928711 2.0234100818634033 4.388911274714406e-16
			vertex 12.02624225616455 2.020154595375061 0.6000000238418584
			vertex 12.02624225616455 2.020154595375061 4.3961399068258333e-16
		endloop
	endfacet
	facet normal -0.11196724900844655 -0.9937118974579506 0
		outer loop
			vertex 12.02624225616455 2.020154595375061 4.3961399068258333e-16
			vertex 12.02624225616455 2.020154595375061 0.6000000238418584
			vertex 11.997349739074707 2.0234100818634033 0.6000000238418584
		endloop
	endfacet
	facet normal -0.11196724900844655 -0.9937118974579506 0
		outer loop
			vertex 12.02624225616455 2.020154595375061 4.3961399068258333e-16
			vertex 11.997349739074707 2.0234100818634033 0.6000000238418584
			vertex 11.997349739074707 2.0234100818634033 4.388911274714406e-16
		endloop
	endfacet
	facet normal -0.3302620370950075 -0.9438892873922535 0
		outer loop
			vertex 11.997349739074707 2.0234100818634033 4.388911274714406e-16
			vertex 11.997349739074707 2.0234100818634033 0.6000000238418584
			vertex 11.969903945922852 2.0330132246017456 0.6000000238418584
		endloop
	endfacet
	facet normal -0.3302620370950075 -0.9438892873922535 0
		outer loop
			vertex 11.997349739074707 2.0234100818634033 4.388911274714406e-16
			vertex 11.969903945922852 2.0330132246017456 0.6000000238418584
			vertex 11.969903945922852 2.0330132246017456 4.367588014360667e-16
		endloop
	endfacet
	facet normal -0.5320553281295879 -0.8467095888254228 0
		outer loop
			vertex 11.969903945922852 2.0330132246017456 4.367588014360667e-16
			vertex 11.969903945922852 2.0330132246017456 0.6000000238418584
			vertex 11.94528579711914 2.0484827756881714 0.6000000238418584
		endloop
	endfacet
	facet normal -0.5320553281295879 -0.8467095888254228 0
		outer loop
			vertex 11.969903945922852 2.0330132246017456 4.367588014360667e-16
			vertex 11.94528579711914 2.0484827756881714 0.6000000238418584
			vertex 11.94528579711914 2.0484827756881714 4.333238710767137e-16
		endloop
	endfacet
	facet normal -0.7070842320601337 -0.7071293295939088 0
		outer loop
			vertex 11.94528579711914 2.0484827756881714 4.333238710767137e-16
			vertex 11.94528579711914 2.0484827756881714 0.6000000238418584
			vertex 11.924724578857422 2.069042682647705 0.6000000238418584
		endloop
	endfacet
	facet normal -0.7070842320601337 -0.7071293295939088 0
		outer loop
			vertex 11.94528579711914 2.0484827756881714 4.333238710767137e-16
			vertex 11.924724578857422 2.069042682647705 0.6000000238418584
			vertex 11.924724578857422 2.069042682647705 4.2875865465858863e-16
		endloop
	endfacet
	facet normal -0.8467371307754425 -0.5320114955206995 0
		outer loop
			vertex 11.924724578857422 2.069042682647705 4.2875865465858863e-16
			vertex 11.924724578857422 2.069042682647705 0.6000000238418584
			vertex 11.909255981445312 2.093662142753601 0.6000000238418584
		endloop
	endfacet
	facet normal -0.8467371307754425 -0.5320114955206995 0
		outer loop
			vertex 11.924724578857422 2.069042682647705 4.2875865465858863e-16
			vertex 11.909255981445312 2.093662142753601 0.6000000238418584
			vertex 11.909255981445312 2.093662142753601 4.232920363659074e-16
		endloop
	endfacet
	facet normal -0.9438805338161056 -0.33028705376236517 0
		outer loop
			vertex 11.909255981445312 2.093662142753601 4.232920363659074e-16
			vertex 11.909255981445312 2.093662142753601 0.6000000238418584
			vertex 11.899652481079102 2.1211066246032715 0.6000000238418584
		endloop
	endfacet
	facet normal -0.9438805338161056 -0.33028705376236517 0
		outer loop
			vertex 11.909255981445312 2.093662142753601 4.232920363659074e-16
			vertex 11.899652481079102 2.1211066246032715 0.6000000238418584
			vertex 11.899652481079102 2.1211066246032715 4.171981372362251e-16
		endloop
	endfacet
	facet normal -0.9937108373022304 -0.11197665751441374 0
		outer loop
			vertex 11.899652481079102 2.1211066246032715 4.171981372362251e-16
			vertex 11.899652481079102 2.1211066246032715 0.6000000238418584
			vertex 11.89639663696289 2.1499998569488525 0.6000000238418584
		endloop
	endfacet
	facet normal -0.9937108373022304 -0.11197665751441374 0
		outer loop
			vertex 11.899652481079102 2.1211066246032715 4.171981372362251e-16
			vertex 11.89639663696289 2.1499998569488525 0.6000000238418584
			vertex 11.89639663696289 2.1499998569488525 4.1078255087504344e-16
		endloop
	endfacet
	facet normal -0.9937108887097135 0.11197620130970477 0
		outer loop
			vertex 11.89639663696289 2.1499998569488525 4.1078255087504344e-16
			vertex 11.89639663696289 2.1499998569488525 0.6000000238418584
			vertex 11.899652481079102 2.178893208503723 0.6000000238418584
		endloop
	endfacet
	facet normal -0.9937108887097135 0.11197620130970477 0
		outer loop
			vertex 11.89639663696289 2.1499998569488525 4.1078255087504344e-16
			vertex 11.899652481079102 2.178893208503723 0.6000000238418584
			vertex 11.899652481079102 2.178893208503723 4.0436693804408216e-16
		endloop
	endfacet
	facet normal -0.9438805338161056 0.33028705376236517 0
		outer loop
			vertex 11.899652481079102 2.178893208503723 4.0436693804408216e-16
			vertex 11.899652481079102 2.178893208503723 0.6000000238418584
			vertex 11.909255981445312 2.2063376903533936 0.6000000238418584
		endloop
	endfacet
	facet normal -0.9438805338161056 0.33028705376236517 0
		outer loop
			vertex 11.899652481079102 2.178893208503723 4.0436693804408216e-16
			vertex 11.909255981445312 2.2063376903533936 0.6000000238418584
			vertex 11.909255981445312 2.2063376903533936 3.982730389143999e-16
		endloop
	endfacet
	facet normal -0.8467371307754425 0.5320114955206995 0
		outer loop
			vertex 11.909255981445312 2.2063376903533936 3.982730389143999e-16
			vertex 11.909255981445312 2.2063376903533936 0.6000000238418584
			vertex 11.924724578857422 2.2309571504592896 0.6000000238418584
		endloop
	endfacet
	facet normal -0.8467371307754425 0.5320114955206995 0
		outer loop
			vertex 11.909255981445312 2.2063376903533936 3.982730389143999e-16
			vertex 11.924724578857422 2.2309571504592896 0.6000000238418584
			vertex 11.924724578857422 2.2309571504592896 3.9280642062171865e-16
		endloop
	endfacet
	facet normal -0.7070842320601337 0.7071293295939088 0
		outer loop
			vertex 11.924724578857422 2.2309571504592896 3.9280642062171865e-16
			vertex 11.924724578857422 2.2309571504592896 0.6000000238418584
			vertex 11.94528579711914 2.2515170574188232 0.6000000238418582
		endloop
	endfacet
	facet normal -0.7070842320601337 0.7071293295939088 0
		outer loop
			vertex 11.924724578857422 2.2309571504592896 3.9280642062171865e-16
			vertex 11.94528579711914 2.2515170574188232 0.6000000238418582
			vertex 11.94528579711914 2.2515170574188232 3.882412042035936e-16
		endloop
	endfacet
	facet normal -0.5320523887236804 0.84671143588204 0
		outer loop
			vertex 11.94528579711914 2.2515170574188232 3.882412042035936e-16
			vertex 11.94528579711914 2.2515170574188232 0.6000000238418582
			vertex 11.969903945922852 2.2669864892959595 0.6000000238418582
		endloop
	endfacet
	facet normal -0.5320523887236804 0.84671143588204 0
		outer loop
			vertex 11.94528579711914 2.2515170574188232 3.882412042035936e-16
			vertex 11.969903945922852 2.2669864892959595 0.6000000238418582
			vertex 11.969903945922852 2.2669864892959595 3.848063003140202e-16
		endloop
	endfacet
	facet normal -0.33026568964865255 0.9438880093744704 0
		outer loop
			vertex 11.969903945922852 2.2669864892959595 3.848063003140202e-16
			vertex 11.969903945922852 2.2669864892959595 0.6000000238418582
			vertex 11.997349739074707 2.2765897512435913 0.6000000238418582
		endloop
	endfacet
	facet normal -0.33026568964865255 0.9438880093744704 0
		outer loop
			vertex 11.969903945922852 2.2669864892959595 3.848063003140202e-16
			vertex 11.997349739074707 2.2765897512435913 0.6000000238418582
			vertex 11.997349739074707 2.2765897512435913 3.826739478088667e-16
		endloop
	endfacet
	facet normal -0.11196724900844655 0.9937118974579506 0
		outer loop
			vertex 11.997349739074707 2.2765897512435913 3.826739478088667e-16
			vertex 11.997349739074707 2.2765897512435913 0.6000000238418582
			vertex 12.02624225616455 2.2798452377319336 0.6000000238418582
		endloop
	endfacet
	facet normal -0.11196724900844655 0.9937118974579506 0
		outer loop
			vertex 11.997349739074707 2.2765897512435913 3.826739478088667e-16
			vertex 12.02624225616455 2.2798452377319336 0.6000000238418582
			vertex 12.02624225616455 2.2798452377319336 3.8195108459772396e-16
		endloop
	endfacet
	facet normal 0.11196359968271272 0.9937123086417363 0
		outer loop
			vertex 12.02624225616455 2.2798452377319336 3.8195108459772396e-16
			vertex 12.02624225616455 2.2798452377319336 0.6000000238418582
			vertex 12.055135726928711 2.2765897512435913 0.6000000238418582
		endloop
	endfacet
	facet normal -9.634168634201414e-17 8.550346711831734e-16 1
		outer loop
			vertex 12.02624225616455 2.2798452377319336 0.6000000238418582
			vertex 11.997349739074707 2.2765897512435913 0.6000000238418582
			vertex 12.02624225616455 2.1499998569488525 0.6000000238418584
		endloop
	endfacet
	facet normal 4.5778849985853265e-16 7.285556496704414e-16 1
		outer loop
			vertex 12.107199668884277 2.2515170574188232 0.6000000238418582
			vertex 12.08258056640625 2.2669864892959595 0.6000000238418582
			vertex 12.02624225616455 2.1499998569488525 0.6000000238418584
		endloop
	endfacet
	facet normal 2.8418401148879646e-16 8.121599327316551e-16 1
		outer loop
			vertex 12.02624225616455 2.1499998569488525 0.6000000238418584
			vertex 12.08258056640625 2.2669864892959595 0.6000000238418582
			vertex 12.055135726928711 2.2765897512435913 0.6000000238418582
		endloop
	endfacet
	facet normal 9.633850643356308e-17 8.550346711831735e-16 1
		outer loop
			vertex 12.02624225616455 2.1499998569488525 0.6000000238418584
			vertex 12.055135726928711 2.2765897512435913 0.6000000238418582
			vertex 12.02624225616455 2.2798452377319336 0.6000000238418582
		endloop
	endfacet
	facet normal 0 0 1
		outer loop
			vertex 12.152832984924316 2.178893208503723 0.6000000238418584
			vertex 12.143228530883789 2.2063376903533936 0.6000000238418584
			vertex 12.02624225616455 2.1499998569488525 0.6000000238418584
		endloop
	endfacet
	facet normal 0 0 1
		outer loop
			vertex 12.02624225616455 2.1499998569488525 0.6000000238418584
			vertex 12.143228530883789 2.2063376903533936 0.6000000238418584
			vertex 12.12775993347168 2.2309571504592896 0.6000000238418584
		endloop
	endfacet
	facet normal -2.395732978482436e-15 3.0041672204898035e-15 1
		outer loop
			vertex 12.02624225616455 2.1499998569488525 0.6000000238418584
			vertex 12.12775993347168 2.2309571504592896 0.6000000238418584
			vertex 12.107199668884277 2.2515170574188232 0.6000000238418582
		endloop
	endfacet
	facet normal 0 0 1
		outer loop
			vertex 12.143228530883789 2.093662142753601 0.6000000238418584
			vertex 12.152832984924316 2.1211066246032715 0.6000000238418584
			vertex 12.02624225616455 2.1499998569488525 0.6000000238418584
		endloop
	endfacet
	facet normal 0 0 1
		outer loop
			vertex 12.02624225616455 2.1499998569488525 0.6000000238418584
			vertex 12.152832984924316 2.1211066246032715 0.6000000238418584
			vertex 12.156087875366211 2.1499998569488525 0.6000000238418584
		endloop
	endfacet
	facet normal 0 0 1
		outer loop
			vertex 12.02624225616455 2.1499998569488525 0.6000000238418584
			vertex 12.156087875366211 2.1499998569488525 0.6000000238418584
			vertex 12.152832984924316 2.178893208503723 0.6000000238418584
		endloop
	endfacet
	facet normal 0 0 1
		outer loop
			vertex 12.08258056640625 2.0330132246017456 0.6000000238418584
			vertex 12.107199668884277 2.0484827756881714 0.6000000238418584
			vertex 12.02624225616455 2.1499998569488525 0.6000000238418584
		endloop
	endfacet
	facet normal 0 0 1
		outer loop
			vertex 12.02624225616455 2.1499998569488525 0.6000000238418584
			vertex 12.107199668884277 2.0484827756881714 0.6000000238418584
			vertex 12.12775993347168 2.069042682647705 0.6000000238418584
		endloop
	endfacet
	facet normal 0 0 1
		outer loop
			vertex 12.02624225616455 2.1499998569488525 0.6000000238418584
			vertex 12.12775993347168 2.069042682647705 0.6000000238418584
			vertex 12.143228530883789 2.093662142753601 0.6000000238418584
		endloop
	endfacet
	facet normal 0 0 1
		outer loop
			vertex 11.997349739074707 2.0234100818634033 0.6000000238418584
			vertex 12.02624225616455 2.020154595375061 0.6000000238418584
			vertex 12.02624225616455 2.1499998569488525 0.6000000238418584
		endloop
	endfacet
	facet normal 0 0 1
		outer loop
			vertex 12.02624225616455 2.1499998569488525 0.6000000238418584
			vertex 12.02624225616455 2.020154595375061 0.6000000238418584
			vertex 12.055135726928711 2.0234100818634033 0.6000000238418584
		endloop
	endfacet
	facet normal 0 0 1
		outer loop
			vertex 12.02624225616455 2.1499998569488525 0.6000000238418584
			vertex 12.055135726928711 2.0234100818634033 0.6000000238418584
			vertex 12.08258056640625 2.0330132246017456 0.6000000238418584
		endloop
	endfacet
	facet normal 0 0 1
		outer loop
			vertex 11.924724578857422 2.069042682647705 0.6000000238418584
			vertex 11.94528579711914 2.0484827756881714 0.6000000238418584
			vertex 12.02624225616455 2.1499998569488525 0.6000000238418584
		endloop
	endfacet
	facet normal 0 0 1
		outer loop
			vertex 12.02624225616455 2.1499998569488525 0.6000000238418584
			vertex 11.94528579711914 2.0484827756881714 0.6000000238418584
			vertex 11.969903945922852 2.0330132246017456 0.6000000238418584
		endloop
	endfacet
	facet normal 0 0 1
		outer loop
			vertex 12.02624225616455 2.1499998569488525 0.6000000238418584
			vertex 11.969903945922852 2.0330132246017456 0.6000000238418584
			vertex 11.997349739074707 2.0234100818634033 0.6000000238418584
		endloop
	endfacet
	facet normal 0 0 1
		outer loop
			vertex 11.89639663696289 2.1499998569488525 0.6000000238418584
			vertex 11.899652481079102 2.1211066246032715 0.6000000238418584
			vertex 12.02624225616455 2.1499998569488525 0.6000000238418584
		endloop
	endfacet
	facet normal 0 0 1
		outer loop
			vertex 12.02624225616455 2.1499998569488525 0.6000000238418584
			vertex 11.899652481079102 2.1211066246032715 0.6000000238418584
			vertex 11.909255981445312 2.093662142753601 0.6000000238418584
		endloop
	endfacet
	facet normal 0 0 1
		outer loop
			vertex 12.02624225616455 2.1499998569488525 0.6000000238418584
			vertex 11.909255981445312 2.093662142753601 0.6000000238418584
			vertex 11.924724578857422 2.069042682647705 0.6000000238418584
		endloop
	endfacet
	facet normal 0 0 1
		outer loop
			vertex 11.924724578857422 2.2309571504592896 0.6000000238418584
			vertex 11.909255981445312 2.2063376903533936 0.6000000238418584
			vertex 12.02624225616455 2.1499998569488525 0.6000000238418584
		endloop
	endfacet
	facet normal 0 0 1
		outer loop
			vertex 12.02624225616455 2.1499998569488525 0.6000000238418584
			vertex 11.909255981445312 2.2063376903533936 0.6000000238418584
			vertex 11.899652481079102 2.178893208503723 0.6000000238418584
		endloop
	endfacet
	facet normal 0 0 1
		outer loop
			vertex 12.02624225616455 2.1499998569488525 0.6000000238418584
			vertex 11.899652481079102 2.178893208503723 0.6000000238418584
			vertex 11.89639663696289 2.1499998569488525 0.6000000238418584
		endloop
	endfacet
	facet normal -2.8417556076928993e-16 8.121640024210526e-16 1
		outer loop
			vertex 11.997349739074707 2.2765897512435913 0.6000000238418582
			vertex 11.969903945922852 2.2669864892959595 0.6000000238418582
			vertex 12.02624225616455 2.1499998569488525 0.6000000238418584
		endloop
	endfacet
	facet normal -4.578021141299428e-16 7.285490933226687e-16 1
		outer loop
			vertex 12.02624225616455 2.1499998569488525 0.6000000238418584
			vertex 11.969903945922852 2.2669864892959595 0.6000000238418582
			vertex 11.94528579711914 2.2515170574188232 0.6000000238418582
		endloop
	endfacet
	facet normal 2.3956836772538557e-15 3.004105398435275e-15 1
		outer loop
			vertex 12.02624225616455 2.1499998569488525 0.6000000238418584
			vertex 11.94528579711914 2.2515170574188232 0.6000000238418582
			vertex 11.924724578857422 2.2309571504592896 0.6000000238418584
		endloop
	endfacet
	facet normal 0 -2.220446049250313e-16 -1
		outer loop
			vertex 12.02624225616455 2.2798452377319336 3.8195108459772396e-16
			vertex 12.055135726928711 2.2765897512435913 3.826739478088667e-16
			vertex 12.02624225616455 2.1499998569488525 4.1078255087504344e-16
		endloop
	endfacet
	facet normal 0 -2.220446049250313e-16 -1
		outer loop
			vertex 11.94528579711914 2.2515170574188232 3.882412042035936e-16
			vertex 11.969903945922852 2.2669864892959595 3.848063003140202e-16
			vertex 12.02624225616455 2.1499998569488525 4.1078255087504344e-16
		endloop
	endfacet
	facet normal 0 -2.220446049250313e-16 -1
		outer loop
			vertex 12.02624225616455 2.1499998569488525 4.1078255087504344e-16
			vertex 11.969903945922852 2.2669864892959595 3.848063003140202e-16
			vertex 11.997349739074707 2.2765897512435913 3.826739478088667e-16
		endloop
	endfacet
	facet normal 0 -2.220446049250313e-16 -1
		outer loop
			vertex 12.02624225616455 2.1499998569488525 4.1078255087504344e-16
			vertex 11.997349739074707 2.2765897512435913 3.826739478088667e-16
			vertex 12.02624225616455 2.2798452377319336 3.8195108459772396e-16
		endloop
	endfacet
	facet normal 0 -2.220446049250313e-16 -1
		outer loop
			vertex 11.899652481079102 2.178893208503723 4.0436693804408216e-16
			vertex 11.909255981445312 2.2063376903533936 3.982730389143999e-16
			vertex 12.02624225616455 2.1499998569488525 4.1078255087504344e-16
		endloop
	endfacet
	facet normal 0 -2.220446049250313e-16 -1
		outer loop
			vertex 12.02624225616455 2.1499998569488525 4.1078255087504344e-16
			vertex 11.909255981445312 2.2063376903533936 3.982730389143999e-16
			vertex 11.924724578857422 2.2309571504592896 3.9280642062171865e-16
		endloop
	endfacet
	facet normal 0 -2.220446049250313e-16 -1
		outer loop
			vertex 12.02624225616455 2.1499998569488525 4.1078255087504344e-16
			vertex 11.924724578857422 2.2309571504592896 3.9280642062171865e-16
			vertex 11.94528579711914 2.2515170574188232 3.882412042035936e-16
		endloop
	endfacet
	facet normal 0 -2.220446049250313e-16 -1
		outer loop
			vertex 11.909255981445312 2.093662142753601 4.232920363659074e-16
			vertex 11.899652481079102 2.1211066246032715 4.171981372362251e-16
			vertex 12.02624225616455 2.1499998569488525 4.1078255087504344e-16
		endloop
	endfacet
	facet normal 0 -2.220446049250313e-16 -1
		outer loop
			vertex 12.02624225616455 2.1499998569488525 4.1078255087504344e-16
			vertex 11.899652481079102 2.1211066246032715 4.171981372362251e-16
			vertex 11.89639663696289 2.1499998569488525 4.1078255087504344e-16
		endloop
	endfacet
	facet normal 0 -2.220446049250313e-16 -1
		outer loop
			vertex 12.02624225616455 2.1499998569488525 4.1078255087504344e-16
			vertex 11.89639663696289 2.1499998569488525 4.1078255087504344e-16
			vertex 11.899652481079102 2.178893208503723 4.0436693804408216e-16
		endloop
	endfacet
	facet normal 0 -2.220446049250313e-16 -1
		outer loop
			vertex 11.969903945922852 2.0330132246017456 4.367588014360667e-16
			vertex 11.94528579711914 2.0484827756881714 4.333238710767137e-16
			vertex 12.02624225616455 2.1499998569488525 4.1078255087504344e-16
		endloop
	endfacet
	facet normal 0 -2.220446049250313e-16 -1
		outer loop
			vertex 12.02624225616455 2.1499998569488525 4.1078255087504344e-16
			vertex 11.94528579711914 2.0484827756881714 4.333238710767137e-16
			vertex 11.924724578857422 2.069042682647705 4.2875865465858863e-16
		endloop
	endfacet
	facet normal 0 -2.220446049250313e-16 -1
		outer loop
			vertex 12.02624225616455 2.1499998569488525 4.1078255087504344e-16
			vertex 11.924724578857422 2.069042682647705 4.2875865465858863e-16
			vertex 11.909255981445312 2.093662142753601 4.232920363659074e-16
		endloop
	endfacet
	facet normal 0 -2.220446049250313e-16 -1
		outer loop
			vertex 12.055135726928711 2.0234100818634033 4.388911274714406e-16
			vertex 12.02624225616455 2.020154595375061 4.3961399068258333e-16
			vertex 12.02624225616455 2.1499998569488525 4.1078255087504344e-16
		endloop
	endfacet
	facet normal 0 -2.220446049250313e-16 -1
		outer loop
			vertex 12.02624225616455 2.1499998569488525 4.1078255087504344e-16
			vertex 12.02624225616455 2.020154595375061 4.3961399068258333e-16
			vertex 11.997349739074707 2.0234100818634033 4.388911274714406e-16
		endloop
	endfacet
	facet normal 0 -2.220446049250313e-16 -1
		outer loop
			vertex 12.02624225616455 2.1499998569488525 4.1078255087504344e-16
			vertex 11.997349739074707 2.0234100818634033 4.388911274714406e-16
			vertex 11.969903945922852 2.0330132246017456 4.367588014360667e-16
		endloop
	endfacet
	facet normal 0 -2.220446049250313e-16 -1
		outer loop
			vertex 12.12775993347168 2.069042682647705 4.2875865465858863e-16
			vertex 12.107199668884277 2.0484827756881714 4.333238710767137e-16
			vertex 12.02624225616455 2.1499998569488525 4.1078255087504344e-16
		endloop
	endfacet
	facet normal 0 -2.220446049250313e-16 -1
		outer loop
			vertex 12.02624225616455 2.1499998569488525 4.1078255087504344e-16
			vertex 12.107199668884277 2.0484827756881714 4.333238710767137e-16
			vertex 12.08258056640625 2.0330132246017456 4.367588014360667e-16
		endloop
	endfacet
	facet normal 0 -2.220446049250313e-16 -1
		outer loop
			vertex 12.02624225616455 2.1499998569488525 4.1078255087504344e-16
			vertex 12.08258056640625 2.0330132246017456 4.367588014360667e-16
			vertex 12.055135726928711 2.0234100818634033 4.388911274714406e-16
		endloop
	endfacet
	facet normal 0 -2.220446049250313e-16 -1
		outer loop
			vertex 12.156087875366211 2.1499998569488525 4.1078255087504344e-16
			vertex 12.152832984924316 2.1211066246032715 4.171981372362251e-16
			vertex 12.02624225616455 2.1499998569488525 4.1078255087504344e-16
		endloop
	endfacet
	facet normal 0 -2.220446049250313e-16 -1
		outer loop
			vertex 12.02624225616455 2.1499998569488525 4.1078255087504344e-16
			vertex 12.152832984924316 2.1211066246032715 4.171981372362251e-16
			vertex 12.143228530883789 2.093662142753601 4.232920363659074e-16
		endloop
	endfacet
	facet normal 0 -2.220446049250313e-16 -1
		outer loop
			vertex 12.02624225616455 2.1499998569488525 4.1078255087504344e-16
			vertex 12.143228530883789 2.093662142753601 4.232920363659074e-16
			vertex 12.12775993347168 2.069042682647705 4.2875865465858863e-16
		endloop
	endfacet
	facet normal 0 -2.220446049250313e-16 -1
		outer loop
			vertex 12.12775993347168 2.2309571504592896 3.9280642062171865e-16
			vertex 12.143228530883789 2.2063376903533936 3.982730389143999e-16
			vertex 12.02624225616455 2.1499998569488525 4.1078255087504344e-16
		endloop
	endfacet
	facet normal 0 -2.220446049250313e-16 -1
		outer loop
			vertex 12.02624225616455 2.1499998569488525 4.1078255087504344e-16
			vertex 12.143228530883789 2.2063376903533936 3.982730389143999e-16
			vertex 12.152832984924316 2.178893208503723 4.0436693804408216e-16
		endloop
	endfacet
	facet normal 0 -2.220446049250313e-16 -1
		outer loop
			vertex 12.02624225616455 2.1499998569488525 4.1078255087504344e-16
			vertex 12.152832984924316 2.178893208503723 4.0436693804408216e-16
			vertex 12.156087875366211 2.1499998569488525 4.1078255087504344e-16
		endloop
	endfacet
	facet normal 0 -2.220446049250313e-16 -1
		outer loop
			vertex 12.055135726928711 2.2765897512435913 3.826739478088667e-16
			vertex 12.08258056640625 2.2669864892959595 3.848063003140202e-16
			vertex 12.02624225616455 2.1499998569488525 4.1078255087504344e-16
		endloop
	endfacet
	facet normal 0 -2.220446049250313e-16 -1
		outer loop
			vertex 12.02624225616455 2.1499998569488525 4.1078255087504344e-16
			vertex 12.08258056640625 2.2669864892959595 3.848063003140202e-16
			vertex 12.107199668884277 2.2515170574188232 3.882412042035936e-16
		endloop
	endfacet
	facet normal 0 -2.220446049250313e-16 -1
		outer loop
			vertex 12.02624225616455 2.1499998569488525 4.1078255087504344e-16
			vertex 12.107199668884277 2.2515170574188232 3.882412042035936e-16
			vertex 12.12775993347168 2.2309571504592896 3.9280642062171865e-16
		endloop
	endfacet
	facet normal 0.11196108821098112 0.9937125916111827 0
		outer loop
			vertex 12.356243133544922 1.9786491394042969 4.488300532558449e-16
			vertex 12.384869575500488 1.975423812866211 0.6000000238418584
			vertex 12.384869575500488 1.975423812866211 4.495462196127484e-16
		endloop
	endfacet
	facet normal 0.3302752215998393 0.9438846740980473 0
		outer loop
			vertex 12.384869575500488 1.975423812866211 4.495462196127484e-16
			vertex 12.384869575500488 1.975423812866211 0.6000000238418584
			vertex 12.41206169128418 1.9659090042114258 0.6000000238418584
		endloop
	endfacet
	facet normal 0.3302752215998393 0.9438846740980473 0
		outer loop
			vertex 12.384869575500488 1.975423812866211 4.495462196127484e-16
			vertex 12.41206169128418 1.9659090042114258 0.6000000238418584
			vertex 12.41206169128418 1.9659090042114258 4.516589315414375e-16
		endloop
	endfacet
	facet normal 0.5320417062800161 0.8467181483697211 0
		outer loop
			vertex 12.41206169128418 1.9659090042114258 4.516589315414375e-16
			vertex 12.41206169128418 1.9659090042114258 0.6000000238418584
			vertex 12.436453819274902 1.9505820274353027 0.6000000238418584
		endloop
	endfacet
	facet normal 0.5320417062800161 0.8467181483697211 0
		outer loop
			vertex 12.41206169128418 1.9659090042114258 4.516589315414375e-16
			vertex 12.436453819274902 1.9505820274353027 0.6000000238418584
			vertex 12.436453819274902 1.9505820274353027 4.550622040443869e-16
		endloop
	endfacet
	facet normal 0.7071067811865476 0.7071067811865476 0
		outer loop
			vertex 12.436453819274902 1.9505820274353027 4.550622040443869e-16
			vertex 12.436453819274902 1.9505820274353027 0.6000000238418584
			vertex 12.45682430267334 1.9302115440368652 0.6000000238418584
		endloop
	endfacet
	facet normal 0.7071067811865476 0.7071067811865476 0
		outer loop
			vertex 12.436453819274902 1.9505820274353027 4.550622040443869e-16
			vertex 12.45682430267334 1.9302115440368652 0.6000000238418584
			vertex 12.45682430267334 1.9302115440368652 4.595853599827248e-16
		endloop
	endfacet
	facet normal 0.8467177198951977 0.5320423881754891 0
		outer loop
			vertex 12.45682430267334 1.9302115440368652 4.595853599827248e-16
			vertex 12.45682430267334 1.9302115440368652 0.6000000238418584
			vertex 12.472151756286621 1.9058187007904053 0.6000000238418584
		endloop
	endfacet
	facet normal 0.8467177198951977 0.5320423881754891 0
		outer loop
			vertex 12.45682430267334 1.9302115440368652 4.595853599827248e-16
			vertex 12.472151756286621 1.9058187007904053 0.6000000238418584
			vertex 12.472151756286621 1.9058187007904053 4.650016592243832e-16
		endloop
	endfacet
	facet normal 0.9438931883004343 0.33025088808365216 0
		outer loop
			vertex 12.472151756286621 1.9058187007904053 4.650016592243832e-16
			vertex 12.472151756286621 1.9058187007904053 0.6000000238418584
			vertex 12.48166561126709 1.878627061843872 0.6000000238418584
		endloop
	endfacet
	facet normal 0.9438931883004343 0.33025088808365216 0
		outer loop
			vertex 12.472151756286621 1.9058187007904053 4.650016592243832e-16
			vertex 12.48166561126709 1.878627061843872 0.6000000238418584
			vertex 12.48166561126709 1.878627061843872 4.710394159515303e-16
		endloop
	endfacet
	facet normal 0.9937092193246315 0.111991014948663 0
		outer loop
			vertex 12.48166561126709 1.878627061843872 4.710394159515303e-16
			vertex 12.48166561126709 1.878627061843872 0.6000000238418584
			vertex 12.484891891479492 1.8499999046325684 0.6000000238418584
		endloop
	endfacet
	facet normal 0.9937092193246315 0.111991014948663 0
		outer loop
			vertex 12.48166561126709 1.878627061843872 4.710394159515303e-16
			vertex 12.484891891479492 1.8499999046325684 0.6000000238418584
			vertex 12.484891891479492 1.8499999046325684 4.77395921764641e-16
		endloop
	endfacet
	facet normal 0.9937092193246315 -0.111991014948663 0
		outer loop
			vertex 12.484891891479492 1.8499999046325684 4.77395921764641e-16
			vertex 12.484891891479492 1.8499999046325684 0.6000000238418584
			vertex 12.48166561126709 1.8213727474212646 0.6000000238418584
		endloop
	endfacet
	facet normal 0.9937092193246315 -0.111991014948663 0
		outer loop
			vertex 12.484891891479492 1.8499999046325684 4.77395921764641e-16
			vertex 12.48166561126709 1.8213727474212646 0.6000000238418584
			vertex 12.48166561126709 1.8213727474212646 4.837524275777517e-16
		endloop
	endfacet
	facet normal 0.9438931883004343 -0.33025088808365216 0
		outer loop
			vertex 12.48166561126709 1.8213727474212646 4.837524275777517e-16
			vertex 12.48166561126709 1.8213727474212646 0.6000000238418584
			vertex 12.472151756286621 1.7941811084747314 0.6000000238418584
		endloop
	endfacet
	facet normal 0.9438931883004343 -0.33025088808365216 0
		outer loop
			vertex 12.48166561126709 1.8213727474212646 4.837524275777517e-16
			vertex 12.472151756286621 1.7941811084747314 0.6000000238418584
			vertex 12.472151756286621 1.7941811084747314 4.897901843048987e-16
		endloop
	endfacet
	facet normal 0.8467177198951977 -0.5320423881754891 0
		outer loop
			vertex 12.472151756286621 1.7941811084747314 4.897901843048987e-16
			vertex 12.472151756286621 1.7941811084747314 0.6000000238418584
			vertex 12.45682430267334 1.7697882652282715 0.6000000238418584
		endloop
	endfacet
	facet normal 0.8467177198951977 -0.5320423881754891 0
		outer loop
			vertex 12.472151756286621 1.7941811084747314 4.897901843048987e-16
			vertex 12.45682430267334 1.7697882652282715 0.6000000238418584
			vertex 12.45682430267334 1.7697882652282715 4.952064835465572e-16
		endloop
	endfacet
	facet normal 0.7071067811865476 -0.7071067811865476 0
		outer loop
			vertex 12.45682430267334 1.7697882652282715 4.952064835465572e-16
			vertex 12.45682430267334 1.7697882652282715 0.6000000238418584
			vertex 12.436453819274902 1.749417781829834 0.6000000238418585
		endloop
	endfacet
	facet normal 0.7071067811865476 -0.7071067811865476 0
		outer loop
			vertex 12.45682430267334 1.7697882652282715 4.952064835465572e-16
			vertex 12.436453819274902 1.749417781829834 0.6000000238418585
			vertex 12.436453819274902 1.749417781829834 4.997296394848951e-16
		endloop
	endfacet
	facet normal 0.5320417062800161 -0.8467181483697211 0
		outer loop
			vertex 12.436453819274902 1.749417781829834 4.997296394848951e-16
			vertex 12.436453819274902 1.749417781829834 0.6000000238418585
			vertex 12.41206169128418 1.734090805053711 0.6000000238418585
		endloop
	endfacet
	facet normal 0.5320417062800161 -0.8467181483697211 0
		outer loop
			vertex 12.436453819274902 1.749417781829834 4.997296394848951e-16
			vertex 12.41206169128418 1.734090805053711 0.6000000238418585
			vertex 12.41206169128418 1.734090805053711 5.031329119878445e-16
		endloop
	endfacet
	facet normal 0.3302752215998393 -0.9438846740980473 0
		outer loop
			vertex 12.41206169128418 1.734090805053711 5.031329119878445e-16
			vertex 12.41206169128418 1.734090805053711 0.6000000238418585
			vertex 12.384869575500488 1.7245759963989258 0.6000000238418585
		endloop
	endfacet
	facet normal 0.3302752215998393 -0.9438846740980473 0
		outer loop
			vertex 12.41206169128418 1.734090805053711 5.031329119878445e-16
			vertex 12.384869575500488 1.7245759963989258 0.6000000238418585
			vertex 12.384869575500488 1.7245759963989258 5.052456239165335e-16
		endloop
	endfacet
	facet normal 0.11196926070287645 -0.9937116707866782 0
		outer loop
			vertex 12.384869575500488 1.7245759963989258 5.052456239165335e-16
			vertex 12.384869575500488 1.7245759963989258 0.6000000238418585
			vertex 12.356243133544922 1.7213504314422607 0.6000000238418585
		endloop
	endfacet
	facet normal 0.11196926070287645 -0.9937116707866782 0
		outer loop
			vertex 12.384869575500488 1.7245759963989258 5.052456239165335e-16
			vertex 12.356243133544922 1.7213504314422607 0.6000000238418585
			vertex 12.356243133544922 1.7213504314422607 5.059618432129963e-16
		endloop
	endfacet
	facet normal -0.111961894326402 -0.9937125007862403 0
		outer loop
			vertex 12.356243133544922 1.7213504314422607 5.059618432129963e-16
			vertex 12.356243133544922 1.7213504314422607 0.6000000238418585
			vertex 12.327614784240723 1.7245759963989258 0.6000000238418585
		endloop
	endfacet
	facet normal -0.111961894326402 -0.9937125007862403 0
		outer loop
			vertex 12.356243133544922 1.7213504314422607 5.059618432129963e-16
			vertex 12.327614784240723 1.7245759963989258 0.6000000238418585
			vertex 12.327614784240723 1.7245759963989258 5.052456239165335e-16
		endloop
	endfacet
	facet normal -0.3302752215998393 -0.9438846740980473 0
		outer loop
			vertex 12.327614784240723 1.7245759963989258 5.052456239165335e-16
			vertex 12.327614784240723 1.7245759963989258 0.6000000238418585
			vertex 12.300422668457031 1.734090805053711 0.6000000238418585
		endloop
	endfacet
	facet normal -0.3302752215998393 -0.9438846740980473 0
		outer loop
			vertex 12.327614784240723 1.7245759963989258 5.052456239165335e-16
			vertex 12.300422668457031 1.734090805053711 0.6000000238418585
			vertex 12.300422668457031 1.734090805053711 5.031329119878445e-16
		endloop
	endfacet
	facet normal -0.5320417062800161 -0.8467181483697211 0
		outer loop
			vertex 12.300422668457031 1.734090805053711 5.031329119878445e-16
			vertex 12.300422668457031 1.734090805053711 0.6000000238418585
			vertex 12.276030540466309 1.749417781829834 0.6000000238418585
		endloop
	endfacet
	facet normal -0.5320417062800161 -0.8467181483697211 0
		outer loop
			vertex 12.300422668457031 1.734090805053711 5.031329119878445e-16
			vertex 12.276030540466309 1.749417781829834 0.6000000238418585
			vertex 12.276030540466309 1.749417781829834 4.997296394848951e-16
		endloop
	endfacet
	facet normal -0.7071067811865476 -0.7071067811865476 0
		outer loop
			vertex 12.276030540466309 1.749417781829834 4.997296394848951e-16
			vertex 12.276030540466309 1.749417781829834 0.6000000238418585
			vertex 12.255660057067871 1.7697882652282715 0.6000000238418584
		endloop
	endfacet
	facet normal -0.7071067811865476 -0.7071067811865476 0
		outer loop
			vertex 12.276030540466309 1.749417781829834 4.997296394848951e-16
			vertex 12.255660057067871 1.7697882652282715 0.6000000238418584
			vertex 12.255660057067871 1.7697882652282715 4.952064835465572e-16
		endloop
	endfacet
	facet normal -0.8467326326938989 -0.5320186544955536 0
		outer loop
			vertex 12.255660057067871 1.7697882652282715 4.952064835465572e-16
			vertex 12.255660057067871 1.7697882652282715 0.6000000238418584
			vertex 12.240333557128906 1.7941811084747314 0.6000000238418584
		endloop
	endfacet
	facet normal -0.8467326326938989 -0.5320186544955536 0
		outer loop
			vertex 12.255660057067871 1.7697882652282715 4.952064835465572e-16
			vertex 12.240333557128906 1.7941811084747314 0.6000000238418584
			vertex 12.240333557128906 1.7941811084747314 4.897901843048987e-16
		endloop
	endfacet
	facet normal -0.9438828685535853 -0.33028038157156053 0
		outer loop
			vertex 12.240333557128906 1.7941811084747314 4.897901843048987e-16
			vertex 12.240333557128906 1.7941811084747314 0.6000000238418584
			vertex 12.230818748474121 1.8213727474212646 0.6000000238418584
		endloop
	endfacet
	facet normal -0.9438828685535853 -0.33028038157156053 0
		outer loop
			vertex 12.240333557128906 1.7941811084747314 4.897901843048987e-16
			vertex 12.230818748474121 1.8213727474212646 0.6000000238418584
			vertex 12.230818748474121 1.8213727474212646 4.837524275777517e-16
		endloop
	endfacet
	facet normal -0.9937092193246315 -0.111991014948663 0
		outer loop
			vertex 12.230818748474121 1.8213727474212646 4.837524275777517e-16
			vertex 12.230818748474121 1.8213727474212646 0.6000000238418584
			vertex 12.227592468261719 1.8499999046325684 0.6000000238418584
		endloop
	endfacet
	facet normal -0.9937092193246315 -0.111991014948663 0
		outer loop
			vertex 12.230818748474121 1.8213727474212646 4.837524275777517e-16
			vertex 12.227592468261719 1.8499999046325684 0.6000000238418584
			vertex 12.227592468261719 1.8499999046325684 4.77395921764641e-16
		endloop
	endfacet
	facet normal -0.9937092193246315 0.111991014948663 0
		outer loop
			vertex 12.227592468261719 1.8499999046325684 4.77395921764641e-16
			vertex 12.227592468261719 1.8499999046325684 0.6000000238418584
			vertex 12.230818748474121 1.878627061843872 0.6000000238418584
		endloop
	endfacet
	facet normal -0.9937092193246315 0.111991014948663 0
		outer loop
			vertex 12.227592468261719 1.8499999046325684 4.77395921764641e-16
			vertex 12.230818748474121 1.878627061843872 0.6000000238418584
			vertex 12.230818748474121 1.878627061843872 4.710394159515303e-16
		endloop
	endfacet
	facet normal -0.9438828685535853 0.33028038157156053 0
		outer loop
			vertex 12.230818748474121 1.878627061843872 4.710394159515303e-16
			vertex 12.230818748474121 1.878627061843872 0.6000000238418584
			vertex 12.240333557128906 1.9058187007904053 0.6000000238418584
		endloop
	endfacet
	facet normal -0.9438828685535853 0.33028038157156053 0
		outer loop
			vertex 12.230818748474121 1.878627061843872 4.710394159515303e-16
			vertex 12.240333557128906 1.9058187007904053 0.6000000238418584
			vertex 12.240333557128906 1.9058187007904053 4.650016592243832e-16
		endloop
	endfacet
	facet normal -0.8467326326938989 0.5320186544955536 0
		outer loop
			vertex 12.240333557128906 1.9058187007904053 4.650016592243832e-16
			vertex 12.240333557128906 1.9058187007904053 0.6000000238418584
			vertex 12.255660057067871 1.9302115440368652 0.6000000238418584
		endloop
	endfacet
	facet normal -0.8467326326938989 0.5320186544955536 0
		outer loop
			vertex 12.240333557128906 1.9058187007904053 4.650016592243832e-16
			vertex 12.255660057067871 1.9302115440368652 0.6000000238418584
			vertex 12.255660057067871 1.9302115440368652 4.595853599827248e-16
		endloop
	endfacet
	facet normal -0.7071067811865476 0.7071067811865476 0
		outer loop
			vertex 12.255660057067871 1.9302115440368652 4.595853599827248e-16
			vertex 12.255660057067871 1.9302115440368652 0.6000000238418584
			vertex 12.276030540466309 1.9505820274353027 0.6000000238418584
		endloop
	endfacet
	facet normal -0.7071067811865476 0.7071067811865476 0
		outer loop
			vertex 12.255660057067871 1.9302115440368652 4.595853599827248e-16
			vertex 12.276030540466309 1.9505820274353027 0.6000000238418584
			vertex 12.276030540466309 1.9505820274353027 4.550622040443869e-16
		endloop
	endfacet
	facet normal -0.5320417062800161 0.8467181483697211 0
		outer loop
			vertex 12.276030540466309 1.9505820274353027 4.550622040443869e-16
			vertex 12.276030540466309 1.9505820274353027 0.6000000238418584
			vertex 12.300422668457031 1.9659090042114258 0.6000000238418584
		endloop
	endfacet
	facet normal -0.5320417062800161 0.8467181483697211 0
		outer loop
			vertex 12.276030540466309 1.9505820274353027 4.550622040443869e-16
			vertex 12.300422668457031 1.9659090042114258 0.6000000238418584
			vertex 12.300422668457031 1.9659090042114258 4.516589315414375e-16
		endloop
	endfacet
	facet normal -0.3302752215998393 0.9438846740980473 0
		outer loop
			vertex 12.300422668457031 1.9659090042114258 4.516589315414375e-16
			vertex 12.300422668457031 1.9659090042114258 0.6000000238418584
			vertex 12.327614784240723 1.975423812866211 0.6000000238418584
		endloop
	endfacet
	facet normal -0.3302752215998393 0.9438846740980473 0
		outer loop
			vertex 12.300422668457031 1.9659090042114258 4.516589315414375e-16
			vertex 12.327614784240723 1.975423812866211 0.6000000238418584
			vertex 12.327614784240723 1.975423812866211 4.495462196127484e-16
		endloop
	endfacet
	facet normal -0.11195372235851919 0.993713421490357 0
		outer loop
			vertex 12.327614784240723 1.975423812866211 4.495462196127484e-16
			vertex 12.327614784240723 1.975423812866211 0.6000000238418584
			vertex 12.356243133544922 1.9786491394042969 0.6000000238418584
		endloop
	endfacet
	facet normal -0.11195372235851919 0.993713421490357 0
		outer loop
			vertex 12.327614784240723 1.975423812866211 4.495462196127484e-16
			vertex 12.356243133544922 1.9786491394042969 0.6000000238418584
			vertex 12.356243133544922 1.9786491394042969 4.488300532558449e-16
		endloop
	endfacet
	facet normal 0.11196108821098112 0.9937125916111827 0
		outer loop
			vertex 12.356243133544922 1.9786491394042969 4.488300532558449e-16
			vertex 12.356243133544922 1.9786491394042969 0.6000000238418584
			vertex 12.384869575500488 1.975423812866211 0.6000000238418584
		endloop
	endfacet
	facet normal 0 0 1
		outer loop
			vertex 12.356243133544922 1.9786491394042969 0.6000000238418584
			vertex 12.327614784240723 1.975423812866211 0.6000000238418584
			vertex 12.356243133544922 1.8499999046325684 0.6000000238418584
		endloop
	endfacet
	facet normal 0 0 1
		outer loop
			vertex 12.436453819274902 1.9505820274353027 0.6000000238418584
			vertex 12.41206169128418 1.9659090042114258 0.6000000238418584
			vertex 12.356243133544922 1.8499999046325684 0.6000000238418584
		endloop
	endfacet
	facet normal 0 0 1
		outer loop
			vertex 12.356243133544922 1.8499999046325684 0.6000000238418584
			vertex 12.41206169128418 1.9659090042114258 0.6000000238418584
			vertex 12.384869575500488 1.975423812866211 0.6000000238418584
		endloop
	endfacet
	facet normal 0 0 1
		outer loop
			vertex 12.356243133544922 1.8499999046325684 0.6000000238418584
			vertex 12.384869575500488 1.975423812866211 0.6000000238418584
			vertex 12.356243133544922 1.9786491394042969 0.6000000238418584
		endloop
	endfacet
	facet normal 0 0 1
		outer loop
			vertex 12.48166561126709 1.878627061843872 0.6000000238418584
			vertex 12.472151756286621 1.9058187007904053 0.6000000238418584
			vertex 12.356243133544922 1.8499999046325684 0.6000000238418584
		endloop
	endfacet
	facet normal 0 0 1
		outer loop
			vertex 12.356243133544922 1.8499999046325684 0.6000000238418584
			vertex 12.472151756286621 1.9058187007904053 0.6000000238418584
			vertex 12.45682430267334 1.9302115440368652 0.6000000238418584
		endloop
	endfacet
	facet normal 0 0 1
		outer loop
			vertex 12.356243133544922 1.8499999046325684 0.6000000238418584
			vertex 12.45682430267334 1.9302115440368652 0.6000000238418584
			vertex 12.436453819274902 1.9505820274353027 0.6000000238418584
		endloop
	endfacet
	facet normal 0 0 1
		outer loop
			vertex 12.472151756286621 1.7941811084747314 0.6000000238418584
			vertex 12.48166561126709 1.8213727474212646 0.6000000238418584
			vertex 12.356243133544922 1.8499999046325684 0.6000000238418584
		endloop
	endfacet
	facet normal 0 0 1
		outer loop
			vertex 12.356243133544922 1.8499999046325684 0.6000000238418584
			vertex 12.48166561126709 1.8213727474212646 0.6000000238418584
			vertex 12.484891891479492 1.8499999046325684 0.6000000238418584
		endloop
	endfacet
	facet normal 0 0 1
		outer loop
			vertex 12.356243133544922 1.8499999046325684 0.6000000238418584
			vertex 12.484891891479492 1.8499999046325684 0.6000000238418584
			vertex 12.48166561126709 1.878627061843872 0.6000000238418584
		endloop
	endfacet
	facet normal -4.620496798306065e-16 7.353292885559793e-16 1
		outer loop
			vertex 12.41206169128418 1.734090805053711 0.6000000238418585
			vertex 12.436453819274902 1.749417781829834 0.6000000238418585
			vertex 12.356243133544922 1.8499999046325684 0.6000000238418584
		endloop
	endfacet
	facet normal 2.41804921619467e-15 3.032106300047597e-15 1
		outer loop
			vertex 12.356243133544922 1.8499999046325684 0.6000000238418584
			vertex 12.436453819274902 1.749417781829834 0.6000000238418585
			vertex 12.45682430267334 1.7697882652282715 0.6000000238418584
		endloop
	endfacet
	facet normal 0 0 1
		outer loop
			vertex 12.356243133544922 1.8499999046325684 0.6000000238418584
			vertex 12.45682430267334 1.7697882652282715 0.6000000238418584
			vertex 12.472151756286621 1.7941811084747314 0.6000000238418584
		endloop
	endfacet
	facet normal 9.723255597110523e-17 8.629829544523935e-16 1
		outer loop
			vertex 12.327614784240723 1.7245759963989258 0.6000000238418585
			vertex 12.356243133544922 1.7213504314422607 0.6000000238418585
			vertex 12.356243133544922 1.8499999046325684 0.6000000238418584
		endloop
	endfacet
	facet normal -9.723903447035373e-17 8.629829544523935e-16 1
		outer loop
			vertex 12.356243133544922 1.8499999046325684 0.6000000238418584
			vertex 12.356243133544922 1.7213504314422607 0.6000000238418585
			vertex 12.384869575500488 1.7245759963989258 0.6000000238418585
		endloop
	endfacet
	facet normal -2.868259297523806e-16 8.197121113590888e-16 1
		outer loop
			vertex 12.356243133544922 1.8499999046325684 0.6000000238418584
			vertex 12.384869575500488 1.7245759963989258 0.6000000238418585
			vertex 12.41206169128418 1.734090805053711 0.6000000238418585
		endloop
	endfacet
	facet normal -2.4180237062518374e-15 3.03213180999043e-15 1
		outer loop
			vertex 12.255660057067871 1.7697882652282715 0.6000000238418584
			vertex 12.276030540466309 1.749417781829834 0.6000000238418585
			vertex 12.356243133544922 1.8499999046325684 0.6000000238418584
		endloop
	endfacet
	facet normal 4.620460121310524e-16 7.353234515929396e-16 1
		outer loop
			vertex 12.356243133544922 1.8499999046325684 0.6000000238418584
			vertex 12.276030540466309 1.749417781829834 0.6000000238418585
			vertex 12.300422668457031 1.734090805053711 0.6000000238418585
		endloop
	endfacet
	facet normal 2.868245163867292e-16 8.197080721394015e-16 1
		outer loop
			vertex 12.356243133544922 1.8499999046325684 0.6000000238418584
			vertex 12.300422668457031 1.734090805053711 0.6000000238418585
			vertex 12.327614784240723 1.7245759963989258 0.6000000238418585
		endloop
	endfacet
	facet normal 0 0 1
		outer loop
			vertex 12.227592468261719 1.8499999046325684 0.6000000238418584
			vertex 12.230818748474121 1.8213727474212646 0.6000000238418584
			vertex 12.356243133544922 1.8499999046325684 0.6000000238418584
		endloop
	endfacet
	facet normal 0 0 1
		outer loop
			vertex 12.356243133544922 1.8499999046325684 0.6000000238418584
			vertex 12.230818748474121 1.8213727474212646 0.6000000238418584
			vertex 12.240333557128906 1.7941811084747314 0.6000000238418584
		endloop
	endfacet
	facet normal 0 0 1
		outer loop
			vertex 12.356243133544922 1.8499999046325684 0.6000000238418584
			vertex 12.240333557128906 1.7941811084747314 0.6000000238418584
			vertex 12.255660057067871 1.7697882652282715 0.6000000238418584
		endloop
	endfacet
	facet normal 0 0 1
		outer loop
			vertex 12.255660057067871 1.9302115440368652 0.6000000238418584
			vertex 12.240333557128906 1.9058187007904053 0.6000000238418584
			vertex 12.356243133544922 1.8499999046325684 0.6000000238418584
		endloop
	endfacet
	facet normal 0 0 1
		outer loop
			vertex 12.356243133544922 1.8499999046325684 0.6000000238418584
			vertex 12.240333557128906 1.9058187007904053 0.6000000238418584
			vertex 12.230818748474121 1.878627061843872 0.6000000238418584
		endloop
	endfacet
	facet normal 0 0 1
		outer loop
			vertex 12.356243133544922 1.8499999046325684 0.6000000238418584
			vertex 12.230818748474121 1.878627061843872 0.6000000238418584
			vertex 12.227592468261719 1.8499999046325684 0.6000000238418584
		endloop
	endfacet
	facet normal 0 0 1
		outer loop
			vertex 12.327614784240723 1.975423812866211 0.6000000238418584
			vertex 12.300422668457031 1.9659090042114258 0.6000000238418584
			vertex 12.356243133544922 1.8499999046325684 0.6000000238418584
		endloop
	endfacet
	facet normal 0 0 1
		outer loop
			vertex 12.356243133544922 1.8499999046325684 0.6000000238418584
			vertex 12.300422668457031 1.9659090042114258 0.6000000238418584
			vertex 12.276030540466309 1.9505820274353027 0.6000000238418584
		endloop
	endfacet
	facet normal 0 0 1
		outer loop
			vertex 12.356243133544922 1.8499999046325684 0.6000000238418584
			vertex 12.276030540466309 1.9505820274353027 0.6000000238418584
			vertex 12.255660057067871 1.9302115440368652 0.6000000238418584
		endloop
	endfacet
	facet normal 0 -2.220446049250313e-16 -1
		outer loop
			vertex 12.356243133544922 1.9786491394042969 4.488300532558449e-16
			vertex 12.384869575500488 1.975423812866211 4.495462196127484e-16
			vertex 12.356243133544922 1.8499999046325684 4.77395921764641e-16
		endloop
	endfacet
	facet normal 0 -2.220446049250313e-16 -1
		outer loop
			vertex 12.276030540466309 1.9505820274353027 4.550622040443869e-16
			vertex 12.300422668457031 1.9659090042114258 4.516589315414375e-16
			vertex 12.356243133544922 1.8499999046325684 4.77395921764641e-16
		endloop
	endfacet
	facet normal 0 -2.220446049250313e-16 -1
		outer loop
			vertex 12.356243133544922 1.8499999046325684 4.77395921764641e-16
			vertex 12.300422668457031 1.9659090042114258 4.516589315414375e-16
			vertex 12.327614784240723 1.975423812866211 4.495462196127484e-16
		endloop
	endfacet
	facet normal 0 -2.220446049250313e-16 -1
		outer loop
			vertex 12.356243133544922 1.8499999046325684 4.77395921764641e-16
			vertex 12.327614784240723 1.975423812866211 4.495462196127484e-16
			vertex 12.356243133544922 1.9786491394042969 4.488300532558449e-16
		endloop
	endfacet
	facet normal 0 -2.220446049250313e-16 -1
		outer loop
			vertex 12.230818748474121 1.878627061843872 4.710394159515303e-16
			vertex 12.240333557128906 1.9058187007904053 4.650016592243832e-16
			vertex 12.356243133544922 1.8499999046325684 4.77395921764641e-16
		endloop
	endfacet
	facet normal 0 -2.220446049250313e-16 -1
		outer loop
			vertex 12.356243133544922 1.8499999046325684 4.77395921764641e-16
			vertex 12.240333557128906 1.9058187007904053 4.650016592243832e-16
			vertex 12.255660057067871 1.9302115440368652 4.595853599827248e-16
		endloop
	endfacet
	facet normal 0 -2.220446049250313e-16 -1
		outer loop
			vertex 12.356243133544922 1.8499999046325684 4.77395921764641e-16
			vertex 12.255660057067871 1.9302115440368652 4.595853599827248e-16
			vertex 12.276030540466309 1.9505820274353027 4.550622040443869e-16
		endloop
	endfacet
	facet normal 0 -2.220446049250313e-16 -1
		outer loop
			vertex 12.240333557128906 1.7941811084747314 4.897901843048987e-16
			vertex 12.230818748474121 1.8213727474212646 4.837524275777517e-16
			vertex 12.356243133544922 1.8499999046325684 4.77395921764641e-16
		endloop
	endfacet
	facet normal 0 -2.220446049250313e-16 -1
		outer loop
			vertex 12.356243133544922 1.8499999046325684 4.77395921764641e-16
			vertex 12.230818748474121 1.8213727474212646 4.837524275777517e-16
			vertex 12.227592468261719 1.8499999046325684 4.77395921764641e-16
		endloop
	endfacet
	facet normal 0 -2.220446049250313e-16 -1
		outer loop
			vertex 12.356243133544922 1.8499999046325684 4.77395921764641e-16
			vertex 12.227592468261719 1.8499999046325684 4.77395921764641e-16
			vertex 12.230818748474121 1.878627061843872 4.710394159515303e-16
		endloop
	endfacet
	facet normal 0 -2.220446049250313e-16 -1
		outer loop
			vertex 12.300422668457031 1.734090805053711 5.031329119878445e-16
			vertex 12.276030540466309 1.749417781829834 4.997296394848951e-16
			vertex 12.356243133544922 1.8499999046325684 4.77395921764641e-16
		endloop
	endfacet
	facet normal 0 -2.220446049250313e-16 -1
		outer loop
			vertex 12.356243133544922 1.8499999046325684 4.77395921764641e-16
			vertex 12.276030540466309 1.749417781829834 4.997296394848951e-16
			vertex 12.255660057067871 1.7697882652282715 4.952064835465572e-16
		endloop
	endfacet
	facet normal 0 -2.220446049250313e-16 -1
		outer loop
			vertex 12.356243133544922 1.8499999046325684 4.77395921764641e-16
			vertex 12.255660057067871 1.7697882652282715 4.952064835465572e-16
			vertex 12.240333557128906 1.7941811084747314 4.897901843048987e-16
		endloop
	endfacet
	facet normal 0 -2.220446049250313e-16 -1
		outer loop
			vertex 12.384869575500488 1.7245759963989258 5.052456239165335e-16
			vertex 12.356243133544922 1.7213504314422607 5.059618432129963e-16
			vertex 12.356243133544922 1.8499999046325684 4.77395921764641e-16
		endloop
	endfacet
	facet normal 0 -2.220446049250313e-16 -1
		outer loop
			vertex 12.356243133544922 1.8499999046325684 4.77395921764641e-16
			vertex 12.356243133544922 1.7213504314422607 5.059618432129963e-16
			vertex 12.327614784240723 1.7245759963989258 5.052456239165335e-16
		endloop
	endfacet
	facet normal 0 -2.220446049250313e-16 -1
		outer loop
			vertex 12.356243133544922 1.8499999046325684 4.77395921764641e-16
			vertex 12.327614784240723 1.7245759963989258 5.052456239165335e-16
			vertex 12.300422668457031 1.734090805053711 5.031329119878445e-16
		endloop
	endfacet
	facet normal 0 -2.220446049250313e-16 -1
		outer loop
			vertex 12.45682430267334 1.7697882652282715 4.952064835465572e-16
			vertex 12.436453819274902 1.749417781829834 4.997296394848951e-16
			vertex 12.356243133544922 1.8499999046325684 4.77395921764641e-16
		endloop
	endfacet
	facet normal 0 -2.220446049250313e-16 -1
		outer loop
			vertex 12.356243133544922 1.8499999046325684 4.77395921764641e-16
			vertex 12.436453819274902 1.749417781829834 4.997296394848951e-16
			vertex 12.41206169128418 1.734090805053711 5.031329119878445e-16
		endloop
	endfacet
	facet normal 0 -2.220446049250313e-16 -1
		outer loop
			vertex 12.356243133544922 1.8499999046325684 4.77395921764641e-16
			vertex 12.41206169128418 1.734090805053711 5.031329119878445e-16
			vertex 12.384869575500488 1.7245759963989258 5.052456239165335e-16
		endloop
	endfacet
	facet normal 0 -2.220446049250313e-16 -1
		outer loop
			vertex 12.484891891479492 1.8499999046325684 4.77395921764641e-16
			vertex 12.48166561126709 1.8213727474212646 4.837524275777517e-16
			vertex 12.356243133544922 1.8499999046325684 4.77395921764641e-16
		endloop
	endfacet
	facet normal 0 -2.220446049250313e-16 -1
		outer loop
			vertex 12.356243133544922 1.8499999046325684 4.77395921764641e-16
			vertex 12.48166561126709 1.8213727474212646 4.837524275777517e-16
			vertex 12.472151756286621 1.7941811084747314 4.897901843048987e-16
		endloop
	endfacet
	facet normal 0 -2.220446049250313e-16 -1
		outer loop
			vertex 12.356243133544922 1.8499999046325684 4.77395921764641e-16
			vertex 12.472151756286621 1.7941811084747314 4.897901843048987e-16
			vertex 12.45682430267334 1.7697882652282715 4.952064835465572e-16
		endloop
	endfacet
	facet normal 0 -2.220446049250313e-16 -1
		outer loop
			vertex 12.45682430267334 1.9302115440368652 4.595853599827248e-16
			vertex 12.472151756286621 1.9058187007904053 4.650016592243832e-16
			vertex 12.356243133544922 1.8499999046325684 4.77395921764641e-16
		endloop
	endfacet
	facet normal 0 -2.220446049250313e-16 -1
		outer loop
			vertex 12.356243133544922 1.8499999046325684 4.77395921764641e-16
			vertex 12.472151756286621 1.9058187007904053 4.650016592243832e-16
			vertex 12.48166561126709 1.878627061843872 4.710394159515303e-16
		endloop
	endfacet
	facet normal 0 -2.220446049250313e-16 -1
		outer loop
			vertex 12.356243133544922 1.8499999046325684 4.77395921764641e-16
			vertex 12.48166561126709 1.878627061843872 4.710394159515303e-16
			vertex 12.484891891479492 1.8499999046325684 4.77395921764641e-16
		endloop
	endfacet
	facet normal 0 -2.220446049250313e-16 -1
		outer loop
			vertex 12.384869575500488 1.975423812866211 4.495462196127484e-16
			vertex 12.41206169128418 1.9659090042114258 4.516589315414375e-16
			vertex 12.356243133544922 1.8499999046325684 4.77395921764641e-16
		endloop
	endfacet
	facet normal 0 -2.220446049250313e-16 -1
		outer loop
			vertex 12.356243133544922 1.8499999046325684 4.77395921764641e-16
			vertex 12.41206169128418 1.9659090042114258 4.516589315414375e-16
			vertex 12.436453819274902 1.9505820274353027 4.550622040443869e-16
		endloop
	endfacet
	facet normal 0 -2.220446049250313e-16 -1
		outer loop
			vertex 12.356243133544922 1.8499999046325684 4.77395921764641e-16
			vertex 12.436453819274902 1.9505820274353027 4.550622040443869e-16
			vertex 12.45682430267334 1.9302115440368652 4.595853599827248e-16
		endloop
	endfacet
	facet normal 0.11196724900844655 0.9937118974579506 0
		outer loop
			vertex 12.356243133544922 2.2798452377319336 3.8195108459772396e-16
			vertex 12.385135650634766 2.2765897512435913 0.6000000238418582
			vertex 12.385135650634766 2.2765897512435913 3.826739478088667e-16
		endloop
	endfacet
	facet normal 0.33027591413075896 0.9438844317738753 0
		outer loop
			vertex 12.385135650634766 2.2765897512435913 3.826739478088667e-16
			vertex 12.385135650634766 2.2765897512435913 0.6000000238418582
			vertex 12.412580490112305 2.2669864892959595 0.6000000238418582
		endloop
	endfacet
	facet normal 0.33027591413075896 0.9438844317738753 0
		outer loop
			vertex 12.385135650634766 2.2765897512435913 3.826739478088667e-16
			vertex 12.412580490112305 2.2669864892959595 0.6000000238418582
			vertex 12.412580490112305 2.2669864892959595 3.848063003140202e-16
		endloop
	endfacet
	facet normal 0.5320376126086811 0.8467207206450394 0
		outer loop
			vertex 12.412580490112305 2.2669864892959595 3.848063003140202e-16
			vertex 12.412580490112305 2.2669864892959595 0.6000000238418582
			vertex 12.437199592590332 2.2515170574188232 0.6000000238418582
		endloop
	endfacet
	facet normal 0.5320376126086811 0.8467207206450394 0
		outer loop
			vertex 12.412580490112305 2.2669864892959595 3.848063003140202e-16
			vertex 12.437199592590332 2.2515170574188232 0.6000000238418582
			vertex 12.437199592590332 2.2515170574188232 3.882412042035936e-16
		endloop
	endfacet
	facet normal 0.7071006313534799 0.7071129309661295 0
		outer loop
			vertex 12.437199592590332 2.2515170574188232 3.882412042035936e-16
			vertex 12.437199592590332 2.2515170574188232 0.6000000238418582
			vertex 12.457759857177734 2.2309571504592896 0.6000000238418584
		endloop
	endfacet
	facet normal 0.7071006313534799 0.7071129309661295 0
		outer loop
			vertex 12.437199592590332 2.2515170574188232 3.882412042035936e-16
			vertex 12.457759857177734 2.2309571504592896 0.6000000238418584
			vertex 12.457759857177734 2.2309571504592896 3.9280642062171865e-16
		endloop
	endfacet
	facet normal 0.8467223552883284 0.532035011117676 0
		outer loop
			vertex 12.457759857177734 2.2309571504592896 3.9280642062171865e-16
			vertex 12.457759857177734 2.2309571504592896 0.6000000238418584
			vertex 12.47322940826416 2.2063376903533936 0.6000000238418584
		endloop
	endfacet
	facet normal 0.8467223552883284 0.532035011117676 0
		outer loop
			vertex 12.457759857177734 2.2309571504592896 3.9280642062171865e-16
			vertex 12.47322940826416 2.2063376903533936 0.6000000238418584
			vertex 12.47322940826416 2.2063376903533936 3.982730389143999e-16
		endloop
	endfacet
	facet normal 0.9438907586474581 0.330257832215871 0
		outer loop
			vertex 12.47322940826416 2.2063376903533936 3.982730389143999e-16
			vertex 12.47322940826416 2.2063376903533936 0.6000000238418584
			vertex 12.482831954956055 2.178893208503723 0.6000000238418584
		endloop
	endfacet
	facet normal 0.9438907586474581 0.330257832215871 0
		outer loop
			vertex 12.47322940826416 2.2063376903533936 3.982730389143999e-16
			vertex 12.482831954956055 2.178893208503723 0.6000000238418584
			vertex 12.482831954956055 2.178893208503723 4.0436693804408216e-16
		endloop
	endfacet
	facet normal 0.9937108887097135 0.11197620130970477 0
		outer loop
			vertex 12.482831954956055 2.178893208503723 4.0436693804408216e-16
			vertex 12.482831954956055 2.178893208503723 0.6000000238418584
			vertex 12.486087799072266 2.1499998569488525 0.6000000238418584
		endloop
	endfacet
	facet normal 0.9937108887097135 0.11197620130970477 0
		outer loop
			vertex 12.482831954956055 2.178893208503723 4.0436693804408216e-16
			vertex 12.486087799072266 2.1499998569488525 0.6000000238418584
			vertex 12.486087799072266 2.1499998569488525 4.1078255087504344e-16
		endloop
	endfacet
	facet normal 0.9937108373022304 -0.11197665751441374 0
		outer loop
			vertex 12.486087799072266 2.1499998569488525 4.1078255087504344e-16
			vertex 12.486087799072266 2.1499998569488525 0.6000000238418584
			vertex 12.482831954956055 2.1211066246032715 0.6000000238418584
		endloop
	endfacet
	facet normal 0.9937108373022304 -0.11197665751441374 0
		outer loop
			vertex 12.486087799072266 2.1499998569488525 4.1078255087504344e-16
			vertex 12.482831954956055 2.1211066246032715 0.6000000238418584
			vertex 12.482831954956055 2.1211066246032715 4.171981372362251e-16
		endloop
	endfacet
	facet normal 0.9438907586474581 -0.330257832215871 0
		outer loop
			vertex 12.482831954956055 2.1211066246032715 4.171981372362251e-16
			vertex 12.482831954956055 2.1211066246032715 0.6000000238418584
			vertex 12.47322940826416 2.093662142753601 0.6000000238418584
		endloop
	endfacet
	facet normal 0.9438907586474581 -0.330257832215871 0
		outer loop
			vertex 12.482831954956055 2.1211066246032715 4.171981372362251e-16
			vertex 12.47322940826416 2.093662142753601 0.6000000238418584
			vertex 12.47322940826416 2.093662142753601 4.232920363659074e-16
		endloop
	endfacet
	facet normal 0.8467223552883284 -0.532035011117676 0
		outer loop
			vertex 12.47322940826416 2.093662142753601 4.232920363659074e-16
			vertex 12.47322940826416 2.093662142753601 0.6000000238418584
			vertex 12.457759857177734 2.069042682647705 0.6000000238418584
		endloop
	endfacet
	facet normal 0.8467223552883284 -0.532035011117676 0
		outer loop
			vertex 12.47322940826416 2.093662142753601 4.232920363659074e-16
			vertex 12.457759857177734 2.069042682647705 0.6000000238418584
			vertex 12.457759857177734 2.069042682647705 4.2875865465858863e-16
		endloop
	endfacet
	facet normal 0.7071006313534799 -0.7071129309661295 0
		outer loop
			vertex 12.457759857177734 2.069042682647705 4.2875865465858863e-16
			vertex 12.457759857177734 2.069042682647705 0.6000000238418584
			vertex 12.437199592590332 2.0484827756881714 0.6000000238418584
		endloop
	endfacet
	facet normal 0.7071006313534799 -0.7071129309661295 0
		outer loop
			vertex 12.457759857177734 2.069042682647705 4.2875865465858863e-16
			vertex 12.437199592590332 2.0484827756881714 0.6000000238418584
			vertex 12.437199592590332 2.0484827756881714 4.333238710767137e-16
		endloop
	endfacet
	facet normal 0.5320405519974201 -0.8467188736707602 0
		outer loop
			vertex 12.437199592590332 2.0484827756881714 4.333238710767137e-16
			vertex 12.437199592590332 2.0484827756881714 0.6000000238418584
			vertex 12.412580490112305 2.0330132246017456 0.6000000238418584
		endloop
	endfacet
	facet normal 0.5320405519974201 -0.8467188736707602 0
		outer loop
			vertex 12.437199592590332 2.0484827756881714 4.333238710767137e-16
			vertex 12.412580490112305 2.0330132246017456 0.6000000238418584
			vertex 12.412580490112305 2.0330132246017456 4.367588014360667e-16
		endloop
	endfacet
	facet normal 0.3302722614917256 -0.9438857098659464 0
		outer loop
			vertex 12.412580490112305 2.0330132246017456 4.367588014360667e-16
			vertex 12.412580490112305 2.0330132246017456 0.6000000238418584
			vertex 12.385135650634766 2.0234100818634033 0.6000000238418584
		endloop
	endfacet
	facet normal 0.3302722614917256 -0.9438857098659464 0
		outer loop
			vertex 12.412580490112305 2.0330132246017456 4.367588014360667e-16
			vertex 12.385135650634766 2.0234100818634033 0.6000000238418584
			vertex 12.385135650634766 2.0234100818634033 4.388911274714406e-16
		endloop
	endfacet
	facet normal 0.11196724900844655 -0.9937118974579506 0
		outer loop
			vertex 12.385135650634766 2.0234100818634033 4.388911274714406e-16
			vertex 12.385135650634766 2.0234100818634033 0.6000000238418584
			vertex 12.356243133544922 2.020154595375061 0.6000000238418584
		endloop
	endfacet
	facet normal 0.11196724900844655 -0.9937118974579506 0
		outer loop
			vertex 12.385135650634766 2.0234100818634033 4.388911274714406e-16
			vertex 12.356243133544922 2.020154595375061 0.6000000238418584
			vertex 12.356243133544922 2.020154595375061 4.3961399068258333e-16
		endloop
	endfacet
	facet normal -0.11196359968271272 -0.9937123086417363 0
		outer loop
			vertex 12.356243133544922 2.020154595375061 4.3961399068258333e-16
			vertex 12.356243133544922 2.020154595375061 0.6000000238418584
			vertex 12.327349662780762 2.0234100818634033 0.6000000238418584
		endloop
	endfacet
	facet normal -0.11196359968271272 -0.9937123086417363 0
		outer loop
			vertex 12.356243133544922 2.020154595375061 4.3961399068258333e-16
			vertex 12.327349662780762 2.0234100818634033 0.6000000238418584
			vertex 12.327349662780762 2.0234100818634033 4.388911274714406e-16
		endloop
	endfacet
	facet normal -0.3302722614917256 -0.9438857098659464 0
		outer loop
			vertex 12.327349662780762 2.0234100818634033 4.388911274714406e-16
			vertex 12.327349662780762 2.0234100818634033 0.6000000238418584
			vertex 12.299904823303223 2.0330132246017456 0.6000000238418584
		endloop
	endfacet
	facet normal -0.3302722614917256 -0.9438857098659464 0
		outer loop
			vertex 12.327349662780762 2.0234100818634033 4.388911274714406e-16
			vertex 12.299904823303223 2.0330132246017456 0.6000000238418584
			vertex 12.299904823303223 2.0330132246017456 4.367588014360667e-16
		endloop
	endfacet
	facet normal -0.532025776523938 -0.8467281577425548 0
		outer loop
			vertex 12.299904823303223 2.0330132246017456 4.367588014360667e-16
			vertex 12.299904823303223 2.0330132246017456 0.6000000238418584
			vertex 12.275284767150879 2.0484827756881714 0.6000000238418584
		endloop
	endfacet
	facet normal -0.532025776523938 -0.8467281577425548 0
		outer loop
			vertex 12.299904823303223 2.0330132246017456 4.367588014360667e-16
			vertex 12.275284767150879 2.0484827756881714 0.6000000238418584
			vertex 12.275284767150879 2.0484827756881714 4.333238710767137e-16
		endloop
	endfacet
	facet normal -0.7071006313534799 -0.7071129309661295 0
		outer loop
			vertex 12.275284767150879 2.0484827756881714 4.333238710767137e-16
			vertex 12.275284767150879 2.0484827756881714 0.6000000238418584
			vertex 12.254724502563477 2.069042682647705 0.6000000238418584
		endloop
	endfacet
	facet normal -0.7071006313534799 -0.7071129309661295 0
		outer loop
			vertex 12.275284767150879 2.0484827756881714 4.333238710767137e-16
			vertex 12.254724502563477 2.069042682647705 0.6000000238418584
			vertex 12.254724502563477 2.069042682647705 4.2875865465858863e-16
		endloop
	endfacet
	facet normal -0.8467371307754425 -0.5320114955206995 0
		outer loop
			vertex 12.254724502563477 2.069042682647705 4.2875865465858863e-16
			vertex 12.254724502563477 2.069042682647705 0.6000000238418584
			vertex 12.239255905151367 2.093662142753601 0.6000000238418584
		endloop
	endfacet
	facet normal -0.8467371307754425 -0.5320114955206995 0
		outer loop
			vertex 12.254724502563477 2.069042682647705 4.2875865465858863e-16
			vertex 12.239255905151367 2.093662142753601 0.6000000238418584
			vertex 12.239255905151367 2.093662142753601 4.232920363659074e-16
		endloop
	endfacet
	facet normal -0.9438805338161056 -0.33028705376236517 0
		outer loop
			vertex 12.239255905151367 2.093662142753601 4.232920363659074e-16
			vertex 12.239255905151367 2.093662142753601 0.6000000238418584
			vertex 12.229652404785156 2.1211066246032715 0.6000000238418584
		endloop
	endfacet
	facet normal -0.9438805338161056 -0.33028705376236517 0
		outer loop
			vertex 12.239255905151367 2.093662142753601 4.232920363659074e-16
			vertex 12.229652404785156 2.1211066246032715 0.6000000238418584
			vertex 12.229652404785156 2.1211066246032715 4.171981372362251e-16
		endloop
	endfacet
	facet normal -0.9937108373022304 -0.11197665751441374 0
		outer loop
			vertex 12.229652404785156 2.1211066246032715 4.171981372362251e-16
			vertex 12.229652404785156 2.1211066246032715 0.6000000238418584
			vertex 12.226396560668945 2.1499998569488525 0.6000000238418584
		endloop
	endfacet
	facet normal -0.9937108373022304 -0.11197665751441374 0
		outer loop
			vertex 12.229652404785156 2.1211066246032715 4.171981372362251e-16
			vertex 12.226396560668945 2.1499998569488525 0.6000000238418584
			vertex 12.226396560668945 2.1499998569488525 4.1078255087504344e-16
		endloop
	endfacet
	facet normal -0.9937108887097135 0.11197620130970477 0
		outer loop
			vertex 12.226396560668945 2.1499998569488525 4.1078255087504344e-16
			vertex 12.226396560668945 2.1499998569488525 0.6000000238418584
			vertex 12.229652404785156 2.178893208503723 0.6000000238418584
		endloop
	endfacet
	facet normal -0.9937108887097135 0.11197620130970477 0
		outer loop
			vertex 12.226396560668945 2.1499998569488525 4.1078255087504344e-16
			vertex 12.229652404785156 2.178893208503723 0.6000000238418584
			vertex 12.229652404785156 2.178893208503723 4.0436693804408216e-16
		endloop
	endfacet
	facet normal -0.9438805338161056 0.33028705376236517 0
		outer loop
			vertex 12.229652404785156 2.178893208503723 4.0436693804408216e-16
			vertex 12.229652404785156 2.178893208503723 0.6000000238418584
			vertex 12.239255905151367 2.2063376903533936 0.6000000238418584
		endloop
	endfacet
	facet normal -0.9438805338161056 0.33028705376236517 0
		outer loop
			vertex 12.229652404785156 2.178893208503723 4.0436693804408216e-16
			vertex 12.239255905151367 2.2063376903533936 0.6000000238418584
			vertex 12.239255905151367 2.2063376903533936 3.982730389143999e-16
		endloop
	endfacet
	facet normal -0.8467371307754425 0.5320114955206995 0
		outer loop
			vertex 12.239255905151367 2.2063376903533936 3.982730389143999e-16
			vertex 12.239255905151367 2.2063376903533936 0.6000000238418584
			vertex 12.254724502563477 2.2309571504592896 0.6000000238418584
		endloop
	endfacet
	facet normal -0.8467371307754425 0.5320114955206995 0
		outer loop
			vertex 12.239255905151367 2.2063376903533936 3.982730389143999e-16
			vertex 12.254724502563477 2.2309571504592896 0.6000000238418584
			vertex 12.254724502563477 2.2309571504592896 3.9280642062171865e-16
		endloop
	endfacet
	facet normal -0.7071006313534799 0.7071129309661295 0
		outer loop
			vertex 12.254724502563477 2.2309571504592896 3.9280642062171865e-16
			vertex 12.254724502563477 2.2309571504592896 0.6000000238418584
			vertex 12.275284767150879 2.2515170574188232 0.6000000238418582
		endloop
	endfacet
	facet normal -0.7071006313534799 0.7071129309661295 0
		outer loop
			vertex 12.254724502563477 2.2309571504592896 3.9280642062171865e-16
			vertex 12.275284767150879 2.2515170574188232 0.6000000238418582
			vertex 12.275284767150879 2.2515170574188232 3.882412042035936e-16
		endloop
	endfacet
	facet normal -0.5320228371523724 0.8467300046345001 0
		outer loop
			vertex 12.275284767150879 2.2515170574188232 3.882412042035936e-16
			vertex 12.275284767150879 2.2515170574188232 0.6000000238418582
			vertex 12.299904823303223 2.2669864892959595 0.6000000238418582
		endloop
	endfacet
	facet normal -0.5320228371523724 0.8467300046345001 0
		outer loop
			vertex 12.275284767150879 2.2515170574188232 3.882412042035936e-16
			vertex 12.299904823303223 2.2669864892959595 0.6000000238418582
			vertex 12.299904823303223 2.2669864892959595 3.848063003140202e-16
		endloop
	endfacet
	facet normal -0.33027591413075896 0.9438844317738753 0
		outer loop
			vertex 12.299904823303223 2.2669864892959595 3.848063003140202e-16
			vertex 12.299904823303223 2.2669864892959595 0.6000000238418582
			vertex 12.327349662780762 2.2765897512435913 0.6000000238418582
		endloop
	endfacet
	facet normal -0.33027591413075896 0.9438844317738753 0
		outer loop
			vertex 12.299904823303223 2.2669864892959595 3.848063003140202e-16
			vertex 12.327349662780762 2.2765897512435913 0.6000000238418582
			vertex 12.327349662780762 2.2765897512435913 3.826739478088667e-16
		endloop
	endfacet
	facet normal -0.11196359968271272 0.9937123086417363 0
		outer loop
			vertex 12.327349662780762 2.2765897512435913 3.826739478088667e-16
			vertex 12.327349662780762 2.2765897512435913 0.6000000238418582
			vertex 12.356243133544922 2.2798452377319336 0.6000000238418582
		endloop
	endfacet
	facet normal -0.11196359968271272 0.9937123086417363 0
		outer loop
			vertex 12.327349662780762 2.2765897512435913 3.826739478088667e-16
			vertex 12.356243133544922 2.2798452377319336 0.6000000238418582
			vertex 12.356243133544922 2.2798452377319336 3.8195108459772396e-16
		endloop
	endfacet
	facet normal 0.11196724900844655 0.9937118974579506 0
		outer loop
			vertex 12.356243133544922 2.2798452377319336 3.8195108459772396e-16
			vertex 12.356243133544922 2.2798452377319336 0.6000000238418582
			vertex 12.385135650634766 2.2765897512435913 0.6000000238418582
		endloop
	endfacet
	facet normal -9.633850643356308e-17 8.550346711831735e-16 1
		outer loop
			vertex 12.356243133544922 2.2798452377319336 0.6000000238418582
			vertex 12.327349662780762 2.2765897512435913 0.6000000238418582
			vertex 12.356243133544922 2.1499998569488525 0.6000000238418584
		endloop
	endfacet
	facet normal 4.577903000608723e-16 7.285585146344706e-16 1
		outer loop
			vertex 12.437199592590332 2.2515170574188232 0.6000000238418582
			vertex 12.412580490112305 2.2669864892959595 0.6000000238418582
			vertex 12.356243133544922 2.1499998569488525 0.6000000238418584
		endloop
	endfacet
	facet normal 2.841847052183525e-16 8.121619153180318e-16 1
		outer loop
			vertex 12.356243133544922 2.1499998569488525 0.6000000238418584
			vertex 12.412580490112305 2.2669864892959595 0.6000000238418582
			vertex 12.385135650634766 2.2765897512435913 0.6000000238418582
		endloop
	endfacet
	facet normal 9.634168634201414e-17 8.550346711831734e-16 1
		outer loop
			vertex 12.356243133544922 2.1499998569488525 0.6000000238418584
			vertex 12.385135650634766 2.2765897512435913 0.6000000238418582
			vertex 12.356243133544922 2.2798452377319336 0.6000000238418582
		endloop
	endfacet
	facet normal 0 0 1
		outer loop
			vertex 12.482831954956055 2.178893208503723 0.6000000238418584
			vertex 12.47322940826416 2.2063376903533936 0.6000000238418584
			vertex 12.356243133544922 2.1499998569488525 0.6000000238418584
		endloop
	endfacet
	facet normal 0 0 1
		outer loop
			vertex 12.356243133544922 2.1499998569488525 0.6000000238418584
			vertex 12.47322940826416 2.2063376903533936 0.6000000238418584
			vertex 12.457759857177734 2.2309571504592896 0.6000000238418584
		endloop
	endfacet
	facet normal -2.3957454993411003e-15 3.0041546994133455e-15 1
		outer loop
			vertex 12.356243133544922 2.1499998569488525 0.6000000238418584
			vertex 12.457759857177734 2.2309571504592896 0.6000000238418584
			vertex 12.437199592590332 2.2515170574188232 0.6000000238418582
		endloop
	endfacet
	facet normal 0 0 1
		outer loop
			vertex 12.47322940826416 2.093662142753601 0.6000000238418584
			vertex 12.482831954956055 2.1211066246032715 0.6000000238418584
			vertex 12.356243133544922 2.1499998569488525 0.6000000238418584
		endloop
	endfacet
	facet normal 0 0 1
		outer loop
			vertex 12.356243133544922 2.1499998569488525 0.6000000238418584
			vertex 12.482831954956055 2.1211066246032715 0.6000000238418584
			vertex 12.486087799072266 2.1499998569488525 0.6000000238418584
		endloop
	endfacet
	facet normal 0 0 1
		outer loop
			vertex 12.356243133544922 2.1499998569488525 0.6000000238418584
			vertex 12.486087799072266 2.1499998569488525 0.6000000238418584
			vertex 12.482831954956055 2.178893208503723 0.6000000238418584
		endloop
	endfacet
	facet normal 0 0 1
		outer loop
			vertex 12.412580490112305 2.0330132246017456 0.6000000238418584
			vertex 12.437199592590332 2.0484827756881714 0.6000000238418584
			vertex 12.356243133544922 2.1499998569488525 0.6000000238418584
		endloop
	endfacet
	facet normal 0 0 1
		outer loop
			vertex 12.356243133544922 2.1499998569488525 0.6000000238418584
			vertex 12.437199592590332 2.0484827756881714 0.6000000238418584
			vertex 12.457759857177734 2.069042682647705 0.6000000238418584
		endloop
	endfacet
	facet normal 0 0 1
		outer loop
			vertex 12.356243133544922 2.1499998569488525 0.6000000238418584
			vertex 12.457759857177734 2.069042682647705 0.6000000238418584
			vertex 12.47322940826416 2.093662142753601 0.6000000238418584
		endloop
	endfacet
	facet normal 0 0 1
		outer loop
			vertex 12.327349662780762 2.0234100818634033 0.6000000238418584
			vertex 12.356243133544922 2.020154595375061 0.6000000238418584
			vertex 12.356243133544922 2.1499998569488525 0.6000000238418584
		endloop
	endfacet
	facet normal 0 0 1
		outer loop
			vertex 12.356243133544922 2.1499998569488525 0.6000000238418584
			vertex 12.356243133544922 2.020154595375061 0.6000000238418584
			vertex 12.385135650634766 2.0234100818634033 0.6000000238418584
		endloop
	endfacet
	facet normal 0 0 1
		outer loop
			vertex 12.356243133544922 2.1499998569488525 0.6000000238418584
			vertex 12.385135650634766 2.0234100818634033 0.6000000238418584
			vertex 12.412580490112305 2.0330132246017456 0.6000000238418584
		endloop
	endfacet
	facet normal 0 0 1
		outer loop
			vertex 12.254724502563477 2.069042682647705 0.6000000238418584
			vertex 12.275284767150879 2.0484827756881714 0.6000000238418584
			vertex 12.356243133544922 2.1499998569488525 0.6000000238418584
		endloop
	endfacet
	facet normal 0 0 1
		outer loop
			vertex 12.356243133544922 2.1499998569488525 0.6000000238418584
			vertex 12.275284767150879 2.0484827756881714 0.6000000238418584
			vertex 12.299904823303223 2.0330132246017456 0.6000000238418584
		endloop
	endfacet
	facet normal 0 0 1
		outer loop
			vertex 12.356243133544922 2.1499998569488525 0.6000000238418584
			vertex 12.299904823303223 2.0330132246017456 0.6000000238418584
			vertex 12.327349662780762 2.0234100818634033 0.6000000238418584
		endloop
	endfacet
	facet normal 0 0 1
		outer loop
			vertex 12.226396560668945 2.1499998569488525 0.6000000238418584
			vertex 12.229652404785156 2.1211066246032715 0.6000000238418584
			vertex 12.356243133544922 2.1499998569488525 0.6000000238418584
		endloop
	endfacet
	facet normal 0 0 1
		outer loop
			vertex 12.356243133544922 2.1499998569488525 0.6000000238418584
			vertex 12.229652404785156 2.1211066246032715 0.6000000238418584
			vertex 12.239255905151367 2.093662142753601 0.6000000238418584
		endloop
	endfacet
	facet normal 0 0 1
		outer loop
			vertex 12.356243133544922 2.1499998569488525 0.6000000238418584
			vertex 12.239255905151367 2.093662142753601 0.6000000238418584
			vertex 12.254724502563477 2.069042682647705 0.6000000238418584
		endloop
	endfacet
	facet normal 0 0 1
		outer loop
			vertex 12.254724502563477 2.2309571504592896 0.6000000238418584
			vertex 12.239255905151367 2.2063376903533936 0.6000000238418584
			vertex 12.356243133544922 2.1499998569488525 0.6000000238418584
		endloop
	endfacet
	facet normal 0 0 1
		outer loop
			vertex 12.356243133544922 2.1499998569488525 0.6000000238418584
			vertex 12.239255905151367 2.2063376903533936 0.6000000238418584
			vertex 12.229652404785156 2.178893208503723 0.6000000238418584
		endloop
	endfacet
	facet normal 0 0 1
		outer loop
			vertex 12.356243133544922 2.1499998569488525 0.6000000238418584
			vertex 12.229652404785156 2.178893208503723 0.6000000238418584
			vertex 12.226396560668945 2.1499998569488525 0.6000000238418584
		endloop
	endfacet
	facet normal -2.8418401148879646e-16 8.121599327316551e-16 1
		outer loop
			vertex 12.327349662780762 2.2765897512435913 0.6000000238418582
			vertex 12.299904823303223 2.2669864892959595 0.6000000238418582
			vertex 12.356243133544922 2.1499998569488525 0.6000000238418584
		endloop
	endfacet
	facet normal -4.577748863968298e-16 7.285622056282759e-16 1
		outer loop
			vertex 12.356243133544922 2.1499998569488525 0.6000000238418584
			vertex 12.299904823303223 2.2669864892959595 0.6000000238418582
			vertex 12.275284767150879 2.2515170574188232 0.6000000238418582
		endloop
	endfacet
	facet normal 2.395720457754646e-15 3.004179741435384e-15 1
		outer loop
			vertex 12.356243133544922 2.1499998569488525 0.6000000238418584
			vertex 12.275284767150879 2.2515170574188232 0.6000000238418582
			vertex 12.254724502563477 2.2309571504592896 0.6000000238418584
		endloop
	endfacet
	facet normal 0 -2.220446049250313e-16 -1
		outer loop
			vertex 12.356243133544922 2.2798452377319336 3.8195108459772396e-16
			vertex 12.385135650634766 2.2765897512435913 3.826739478088667e-16
			vertex 12.356243133544922 2.1499998569488525 4.1078255087504344e-16
		endloop
	endfacet
	facet normal 0 -2.220446049250313e-16 -1
		outer loop
			vertex 12.275284767150879 2.2515170574188232 3.882412042035936e-16
			vertex 12.299904823303223 2.2669864892959595 3.848063003140202e-16
			vertex 12.356243133544922 2.1499998569488525 4.1078255087504344e-16
		endloop
	endfacet
	facet normal 0 -2.220446049250313e-16 -1
		outer loop
			vertex 12.356243133544922 2.1499998569488525 4.1078255087504344e-16
			vertex 12.299904823303223 2.2669864892959595 3.848063003140202e-16
			vertex 12.327349662780762 2.2765897512435913 3.826739478088667e-16
		endloop
	endfacet
	facet normal 0 -2.220446049250313e-16 -1
		outer loop
			vertex 12.356243133544922 2.1499998569488525 4.1078255087504344e-16
			vertex 12.327349662780762 2.2765897512435913 3.826739478088667e-16
			vertex 12.356243133544922 2.2798452377319336 3.8195108459772396e-16
		endloop
	endfacet
	facet normal 0 -2.220446049250313e-16 -1
		outer loop
			vertex 12.229652404785156 2.178893208503723 4.0436693804408216e-16
			vertex 12.239255905151367 2.2063376903533936 3.982730389143999e-16
			vertex 12.356243133544922 2.1499998569488525 4.1078255087504344e-16
		endloop
	endfacet
	facet normal 0 -2.220446049250313e-16 -1
		outer loop
			vertex 12.356243133544922 2.1499998569488525 4.1078255087504344e-16
			vertex 12.239255905151367 2.2063376903533936 3.982730389143999e-16
			vertex 12.254724502563477 2.2309571504592896 3.9280642062171865e-16
		endloop
	endfacet
	facet normal 0 -2.220446049250313e-16 -1
		outer loop
			vertex 12.356243133544922 2.1499998569488525 4.1078255087504344e-16
			vertex 12.254724502563477 2.2309571504592896 3.9280642062171865e-16
			vertex 12.275284767150879 2.2515170574188232 3.882412042035936e-16
		endloop
	endfacet
	facet normal 0 -2.220446049250313e-16 -1
		outer loop
			vertex 12.239255905151367 2.093662142753601 4.232920363659074e-16
			vertex 12.229652404785156 2.1211066246032715 4.171981372362251e-16
			vertex 12.356243133544922 2.1499998569488525 4.1078255087504344e-16
		endloop
	endfacet
	facet normal 0 -2.220446049250313e-16 -1
		outer loop
			vertex 12.356243133544922 2.1499998569488525 4.1078255087504344e-16
			vertex 12.229652404785156 2.1211066246032715 4.171981372362251e-16
			vertex 12.226396560668945 2.1499998569488525 4.1078255087504344e-16
		endloop
	endfacet
	facet normal 0 -2.220446049250313e-16 -1
		outer loop
			vertex 12.356243133544922 2.1499998569488525 4.1078255087504344e-16
			vertex 12.226396560668945 2.1499998569488525 4.1078255087504344e-16
			vertex 12.229652404785156 2.178893208503723 4.0436693804408216e-16
		endloop
	endfacet
	facet normal 0 -2.220446049250313e-16 -1
		outer loop
			vertex 12.299904823303223 2.0330132246017456 4.367588014360667e-16
			vertex 12.275284767150879 2.0484827756881714 4.333238710767137e-16
			vertex 12.356243133544922 2.1499998569488525 4.1078255087504344e-16
		endloop
	endfacet
	facet normal 0 -2.220446049250313e-16 -1
		outer loop
			vertex 12.356243133544922 2.1499998569488525 4.1078255087504344e-16
			vertex 12.275284767150879 2.0484827756881714 4.333238710767137e-16
			vertex 12.254724502563477 2.069042682647705 4.2875865465858863e-16
		endloop
	endfacet
	facet normal 0 -2.220446049250313e-16 -1
		outer loop
			vertex 12.356243133544922 2.1499998569488525 4.1078255087504344e-16
			vertex 12.254724502563477 2.069042682647705 4.2875865465858863e-16
			vertex 12.239255905151367 2.093662142753601 4.232920363659074e-16
		endloop
	endfacet
	facet normal 0 -2.220446049250313e-16 -1
		outer loop
			vertex 12.385135650634766 2.0234100818634033 4.388911274714406e-16
			vertex 12.356243133544922 2.020154595375061 4.3961399068258333e-16
			vertex 12.356243133544922 2.1499998569488525 4.1078255087504344e-16
		endloop
	endfacet
	facet normal 0 -2.220446049250313e-16 -1
		outer loop
			vertex 12.356243133544922 2.1499998569488525 4.1078255087504344e-16
			vertex 12.356243133544922 2.020154595375061 4.3961399068258333e-16
			vertex 12.327349662780762 2.0234100818634033 4.388911274714406e-16
		endloop
	endfacet
	facet normal 0 -2.220446049250313e-16 -1
		outer loop
			vertex 12.356243133544922 2.1499998569488525 4.1078255087504344e-16
			vertex 12.327349662780762 2.0234100818634033 4.388911274714406e-16
			vertex 12.299904823303223 2.0330132246017456 4.367588014360667e-16
		endloop
	endfacet
	facet normal 0 -2.220446049250313e-16 -1
		outer loop
			vertex 12.457759857177734 2.069042682647705 4.2875865465858863e-16
			vertex 12.437199592590332 2.0484827756881714 4.333238710767137e-16
			vertex 12.356243133544922 2.1499998569488525 4.1078255087504344e-16
		endloop
	endfacet
	facet normal 0 -2.220446049250313e-16 -1
		outer loop
			vertex 12.356243133544922 2.1499998569488525 4.1078255087504344e-16
			vertex 12.437199592590332 2.0484827756881714 4.333238710767137e-16
			vertex 12.412580490112305 2.0330132246017456 4.367588014360667e-16
		endloop
	endfacet
	facet normal 0 -2.220446049250313e-16 -1
		outer loop
			vertex 12.356243133544922 2.1499998569488525 4.1078255087504344e-16
			vertex 12.412580490112305 2.0330132246017456 4.367588014360667e-16
			vertex 12.385135650634766 2.0234100818634033 4.388911274714406e-16
		endloop
	endfacet
	facet normal 0 -2.220446049250313e-16 -1
		outer loop
			vertex 12.486087799072266 2.1499998569488525 4.1078255087504344e-16
			vertex 12.482831954956055 2.1211066246032715 4.171981372362251e-16
			vertex 12.356243133544922 2.1499998569488525 4.1078255087504344e-16
		endloop
	endfacet
	facet normal 0 -2.220446049250313e-16 -1
		outer loop
			vertex 12.356243133544922 2.1499998569488525 4.1078255087504344e-16
			vertex 12.482831954956055 2.1211066246032715 4.171981372362251e-16
			vertex 12.47322940826416 2.093662142753601 4.232920363659074e-16
		endloop
	endfacet
	facet normal 0 -2.220446049250313e-16 -1
		outer loop
			vertex 12.356243133544922 2.1499998569488525 4.1078255087504344e-16
			vertex 12.47322940826416 2.093662142753601 4.232920363659074e-16
			vertex 12.457759857177734 2.069042682647705 4.2875865465858863e-16
		endloop
	endfacet
	facet normal 0 -2.220446049250313e-16 -1
		outer loop
			vertex 12.457759857177734 2.2309571504592896 3.9280642062171865e-16
			vertex 12.47322940826416 2.2063376903533936 3.982730389143999e-16
			vertex 12.356243133544922 2.1499998569488525 4.1078255087504344e-16
		endloop
	endfacet
	facet normal 0 -2.220446049250313e-16 -1
		outer loop
			vertex 12.356243133544922 2.1499998569488525 4.1078255087504344e-16
			vertex 12.47322940826416 2.2063376903533936 3.982730389143999e-16
			vertex 12.482831954956055 2.178893208503723 4.0436693804408216e-16
		endloop
	endfacet
	facet normal 0 -2.220446049250313e-16 -1
		outer loop
			vertex 12.356243133544922 2.1499998569488525 4.1078255087504344e-16
			vertex 12.482831954956055 2.178893208503723 4.0436693804408216e-16
			vertex 12.486087799072266 2.1499998569488525 4.1078255087504344e-16
		endloop
	endfacet
	facet normal 0 -2.220446049250313e-16 -1
		outer loop
			vertex 12.385135650634766 2.2765897512435913 3.826739478088667e-16
			vertex 12.412580490112305 2.2669864892959595 3.848063003140202e-16
			vertex 12.356243133544922 2.1499998569488525 4.1078255087504344e-16
		endloop
	endfacet
	facet normal 0 -2.220446049250313e-16 -1
		outer loop
			vertex 12.356243133544922 2.1499998569488525 4.1078255087504344e-16
			vertex 12.412580490112305 2.2669864892959595 3.848063003140202e-16
			vertex 12.437199592590332 2.2515170574188232 3.882412042035936e-16
		endloop
	endfacet
	facet normal 0 -2.220446049250313e-16 -1
		outer loop
			vertex 12.356243133544922 2.1499998569488525 4.1078255087504344e-16
			vertex 12.437199592590332 2.2515170574188232 3.882412042035936e-16
			vertex 12.457759857177734 2.2309571504592896 3.9280642062171865e-16
		endloop
	endfacet
	facet normal 0.11195372235851919 0.993713421490357 0
		outer loop
			vertex 12.68624210357666 1.9786491394042969 4.488300532558449e-16
			vertex 12.71487045288086 1.975423812866211 0.6000000238418584
			vertex 12.71487045288086 1.975423812866211 4.495462196127484e-16
		endloop
	endfacet
	facet normal 0.3302958623949232 0.9438774514124141 0
		outer loop
			vertex 12.71487045288086 1.975423812866211 4.495462196127484e-16
			vertex 12.71487045288086 1.975423812866211 0.6000000238418584
			vertex 12.742060661315918 1.9659090042114258 0.6000000238418584
		endloop
	endfacet
	facet normal 0.3302958623949232 0.9438774514124141 0
		outer loop
			vertex 12.71487045288086 1.975423812866211 4.495462196127484e-16
			vertex 12.742060661315918 1.9659090042114258 0.6000000238418584
			vertex 12.742060661315918 1.9659090042114258 4.516589315414375e-16
		endloop
	endfacet
	facet normal 0.5320267933135652 0.8467275188609881 0
		outer loop
			vertex 12.742060661315918 1.9659090042114258 4.516589315414375e-16
			vertex 12.742060661315918 1.9659090042114258 0.6000000238418584
			vertex 12.766453742980957 1.9505820274353027 0.6000000238418584
		endloop
	endfacet
	facet normal 0.5320267933135652 0.8467275188609881 0
		outer loop
			vertex 12.742060661315918 1.9659090042114258 4.516589315414375e-16
			vertex 12.766453742980957 1.9505820274353027 0.6000000238418584
			vertex 12.766453742980957 1.9505820274353027 4.550622040443869e-16
		endloop
	endfacet
	facet normal 0.7070902292552523 0.7071233327304047 0
		outer loop
			vertex 12.766453742980957 1.9505820274353027 4.550622040443869e-16
			vertex 12.766453742980957 1.9505820274353027 0.6000000238418584
			vertex 12.786825180053711 1.9302115440368652 0.6000000238418584
		endloop
	endfacet
	facet normal 0.7070902292552523 0.7071233327304047 0
		outer loop
			vertex 12.766453742980957 1.9505820274353027 4.550622040443869e-16
			vertex 12.786825180053711 1.9302115440368652 0.6000000238418584
			vertex 12.786825180053711 1.9302115440368652 4.595853599827248e-16
		endloop
	endfacet
	facet normal 0.8467326326938989 0.5320186544955536 0
		outer loop
			vertex 12.786825180053711 1.9302115440368652 4.595853599827248e-16
			vertex 12.786825180053711 1.9302115440368652 0.6000000238418584
			vertex 12.802151679992676 1.9058187007904053 0.6000000238418584
		endloop
	endfacet
	facet normal 0.8467326326938989 0.5320186544955536 0
		outer loop
			vertex 12.786825180053711 1.9302115440368652 4.595853599827248e-16
			vertex 12.802151679992676 1.9058187007904053 0.6000000238418584
			vertex 12.802151679992676 1.9058187007904053 4.650016592243832e-16
		endloop
	endfacet
	facet normal 0.9438828685535853 0.33028038157156053 0
		outer loop
			vertex 12.802151679992676 1.9058187007904053 4.650016592243832e-16
			vertex 12.802151679992676 1.9058187007904053 0.6000000238418584
			vertex 12.811666488647461 1.878627061843872 0.6000000238418584
		endloop
	endfacet
	facet normal 0.9438828685535853 0.33028038157156053 0
		outer loop
			vertex 12.802151679992676 1.9058187007904053 4.650016592243832e-16
			vertex 12.811666488647461 1.878627061843872 0.6000000238418584
			vertex 12.811666488647461 1.878627061843872 4.710394159515303e-16
		endloop
	endfacet
	facet normal 0.9937129028350681 0.11195832590344713 0
		outer loop
			vertex 12.811666488647461 1.878627061843872 4.710394159515303e-16
			vertex 12.811666488647461 1.878627061843872 0.6000000238418584
			vertex 12.814891815185547 1.8499999046325684 0.6000000238418584
		endloop
	endfacet
	facet normal 0.9937129028350681 0.11195832590344713 0
		outer loop
			vertex 12.811666488647461 1.878627061843872 4.710394159515303e-16
			vertex 12.814891815185547 1.8499999046325684 0.6000000238418584
			vertex 12.814891815185547 1.8499999046325684 4.77395921764641e-16
		endloop
	endfacet
	facet normal 0.9937129028350681 -0.11195832590344713 0
		outer loop
			vertex 12.814891815185547 1.8499999046325684 4.77395921764641e-16
			vertex 12.814891815185547 1.8499999046325684 0.6000000238418584
			vertex 12.811666488647461 1.8213727474212646 0.6000000238418584
		endloop
	endfacet
	facet normal 0.9937129028350681 -0.11195832590344713 0
		outer loop
			vertex 12.814891815185547 1.8499999046325684 4.77395921764641e-16
			vertex 12.811666488647461 1.8213727474212646 0.6000000238418584
			vertex 12.811666488647461 1.8213727474212646 4.837524275777517e-16
		endloop
	endfacet
	facet normal 0.9438828685535853 -0.33028038157156053 0
		outer loop
			vertex 12.811666488647461 1.8213727474212646 4.837524275777517e-16
			vertex 12.811666488647461 1.8213727474212646 0.6000000238418584
			vertex 12.802151679992676 1.7941811084747314 0.6000000238418584
		endloop
	endfacet
	facet normal 0.9438828685535853 -0.33028038157156053 0
		outer loop
			vertex 12.811666488647461 1.8213727474212646 4.837524275777517e-16
			vertex 12.802151679992676 1.7941811084747314 0.6000000238418584
			vertex 12.802151679992676 1.7941811084747314 4.897901843048987e-16
		endloop
	endfacet
	facet normal 0.8467326326938989 -0.5320186544955536 0
		outer loop
			vertex 12.802151679992676 1.7941811084747314 4.897901843048987e-16
			vertex 12.802151679992676 1.7941811084747314 0.6000000238418584
			vertex 12.786825180053711 1.7697882652282715 0.6000000238418584
		endloop
	endfacet
	facet normal 0.8467326326938989 -0.5320186544955536 0
		outer loop
			vertex 12.802151679992676 1.7941811084747314 4.897901843048987e-16
			vertex 12.786825180053711 1.7697882652282715 0.6000000238418584
			vertex 12.786825180053711 1.7697882652282715 4.952064835465572e-16
		endloop
	endfacet
	facet normal 0.7070902292552523 -0.7071233327304047 0
		outer loop
			vertex 12.786825180053711 1.7697882652282715 4.952064835465572e-16
			vertex 12.786825180053711 1.7697882652282715 0.6000000238418584
			vertex 12.766453742980957 1.749417781829834 0.6000000238418585
		endloop
	endfacet
	facet normal 0.7070902292552523 -0.7071233327304047 0
		outer loop
			vertex 12.786825180053711 1.7697882652282715 4.952064835465572e-16
			vertex 12.766453742980957 1.749417781829834 0.6000000238418585
			vertex 12.766453742980957 1.749417781829834 4.997296394848951e-16
		endloop
	endfacet
	facet normal 0.5320267933135652 -0.8467275188609881 0
		outer loop
			vertex 12.766453742980957 1.749417781829834 4.997296394848951e-16
			vertex 12.766453742980957 1.749417781829834 0.6000000238418585
			vertex 12.742060661315918 1.734090805053711 0.6000000238418585
		endloop
	endfacet
	facet normal 0.5320267933135652 -0.8467275188609881 0
		outer loop
			vertex 12.766453742980957 1.749417781829834 4.997296394848951e-16
			vertex 12.742060661315918 1.734090805053711 0.6000000238418585
			vertex 12.742060661315918 1.734090805053711 5.031329119878445e-16
		endloop
	endfacet
	facet normal 0.3302958623949232 -0.9438774514124141 0
		outer loop
			vertex 12.742060661315918 1.734090805053711 5.031329119878445e-16
			vertex 12.742060661315918 1.734090805053711 0.6000000238418585
			vertex 12.71487045288086 1.7245759963989258 0.6000000238418585
		endloop
	endfacet
	facet normal 0.3302958623949232 -0.9438774514124141 0
		outer loop
			vertex 12.742060661315918 1.734090805053711 5.031329119878445e-16
			vertex 12.71487045288086 1.7245759963989258 0.6000000238418585
			vertex 12.71487045288086 1.7245759963989258 5.052456239165335e-16
		endloop
	endfacet
	facet normal 0.111961894326402 -0.9937125007862403 0
		outer loop
			vertex 12.71487045288086 1.7245759963989258 5.052456239165335e-16
			vertex 12.71487045288086 1.7245759963989258 0.6000000238418585
			vertex 12.68624210357666 1.7213504314422607 0.6000000238418585
		endloop
	endfacet
	facet normal 0.111961894326402 -0.9937125007862403 0
		outer loop
			vertex 12.71487045288086 1.7245759963989258 5.052456239165335e-16
			vertex 12.68624210357666 1.7213504314422607 0.6000000238418585
			vertex 12.68624210357666 1.7213504314422607 5.059618432129963e-16
		endloop
	endfacet
	facet normal -0.11196557739424719 -0.9937120858069368 0
		outer loop
			vertex 12.68624210357666 1.7213504314422607 5.059618432129963e-16
			vertex 12.68624210357666 1.7213504314422607 0.6000000238418585
			vertex 12.657614707946777 1.7245759963989258 0.6000000238418585
		endloop
	endfacet
	facet normal -0.11196557739424719 -0.9937120858069368 0
		outer loop
			vertex 12.68624210357666 1.7213504314422607 5.059618432129963e-16
			vertex 12.657614707946777 1.7245759963989258 0.6000000238418585
			vertex 12.657614707946777 1.7245759963989258 5.052456239165335e-16
		endloop
	endfacet
	facet normal -0.33028554169464414 -0.9438810629244956 0
		outer loop
			vertex 12.657614707946777 1.7245759963989258 5.052456239165335e-16
			vertex 12.657614707946777 1.7245759963989258 0.6000000238418585
			vertex 12.630423545837402 1.734090805053711 0.6000000238418585
		endloop
	endfacet
	facet normal -0.33028554169464414 -0.9438810629244956 0
		outer loop
			vertex 12.657614707946777 1.7245759963989258 5.052456239165335e-16
			vertex 12.630423545837402 1.734090805053711 0.6000000238418585
			vertex 12.630423545837402 1.734090805053711 5.031329119878445e-16
		endloop
	endfacet
	facet normal -0.5320417062800161 -0.8467181483697211 0
		outer loop
			vertex 12.630423545837402 1.734090805053711 5.031329119878445e-16
			vertex 12.630423545837402 1.734090805053711 0.6000000238418585
			vertex 12.60603141784668 1.749417781829834 0.6000000238418585
		endloop
	endfacet
	facet normal -0.5320417062800161 -0.8467181483697211 0
		outer loop
			vertex 12.630423545837402 1.734090805053711 5.031329119878445e-16
			vertex 12.60603141784668 1.749417781829834 0.6000000238418585
			vertex 12.60603141784668 1.749417781829834 4.997296394848951e-16
		endloop
	endfacet
	facet normal -0.7070902292552523 -0.7071233327304047 0
		outer loop
			vertex 12.60603141784668 1.749417781829834 4.997296394848951e-16
			vertex 12.60603141784668 1.749417781829834 0.6000000238418585
			vertex 12.585659980773926 1.7697882652282715 0.6000000238418584
		endloop
	endfacet
	facet normal -0.7070902292552523 -0.7071233327304047 0
		outer loop
			vertex 12.60603141784668 1.749417781829834 4.997296394848951e-16
			vertex 12.585659980773926 1.7697882652282715 0.6000000238418584
			vertex 12.585659980773926 1.7697882652282715 4.952064835465572e-16
		endloop
	endfacet
	facet normal -0.8467326326938989 -0.5320186544955536 0
		outer loop
			vertex 12.585659980773926 1.7697882652282715 4.952064835465572e-16
			vertex 12.585659980773926 1.7697882652282715 0.6000000238418584
			vertex 12.570333480834961 1.7941811084747314 0.6000000238418584
		endloop
	endfacet
	facet normal -0.8467326326938989 -0.5320186544955536 0
		outer loop
			vertex 12.585659980773926 1.7697882652282715 4.952064835465572e-16
			vertex 12.570333480834961 1.7941811084747314 0.6000000238418584
			vertex 12.570333480834961 1.7941811084747314 4.897901843048987e-16
		endloop
	endfacet
	facet normal -0.9438828685535853 -0.33028038157156053 0
		outer loop
			vertex 12.570333480834961 1.7941811084747314 4.897901843048987e-16
			vertex 12.570333480834961 1.7941811084747314 0.6000000238418584
			vertex 12.560818672180176 1.8213727474212646 0.6000000238418584
		endloop
	endfacet
	facet normal -0.9438828685535853 -0.33028038157156053 0
		outer loop
			vertex 12.570333480834961 1.7941811084747314 4.897901843048987e-16
			vertex 12.560818672180176 1.8213727474212646 0.6000000238418584
			vertex 12.560818672180176 1.8213727474212646 4.837524275777517e-16
		endloop
	endfacet
	facet normal -0.9937129028350681 -0.11195832590344713 0
		outer loop
			vertex 12.560818672180176 1.8213727474212646 4.837524275777517e-16
			vertex 12.560818672180176 1.8213727474212646 0.6000000238418584
			vertex 12.55759334564209 1.8499999046325684 0.6000000238418584
		endloop
	endfacet
	facet normal -0.9937129028350681 -0.11195832590344713 0
		outer loop
			vertex 12.560818672180176 1.8213727474212646 4.837524275777517e-16
			vertex 12.55759334564209 1.8499999046325684 0.6000000238418584
			vertex 12.55759334564209 1.8499999046325684 4.77395921764641e-16
		endloop
	endfacet
	facet normal -0.9937129028350681 0.11195832590344713 0
		outer loop
			vertex 12.55759334564209 1.8499999046325684 4.77395921764641e-16
			vertex 12.55759334564209 1.8499999046325684 0.6000000238418584
			vertex 12.560818672180176 1.878627061843872 0.6000000238418584
		endloop
	endfacet
	facet normal -0.9937129028350681 0.11195832590344713 0
		outer loop
			vertex 12.55759334564209 1.8499999046325684 4.77395921764641e-16
			vertex 12.560818672180176 1.878627061843872 0.6000000238418584
			vertex 12.560818672180176 1.878627061843872 4.710394159515303e-16
		endloop
	endfacet
	facet normal -0.9438828685535853 0.33028038157156053 0
		outer loop
			vertex 12.560818672180176 1.878627061843872 4.710394159515303e-16
			vertex 12.560818672180176 1.878627061843872 0.6000000238418584
			vertex 12.570333480834961 1.9058187007904053 0.6000000238418584
		endloop
	endfacet
	facet normal -0.9438828685535853 0.33028038157156053 0
		outer loop
			vertex 12.560818672180176 1.878627061843872 4.710394159515303e-16
			vertex 12.570333480834961 1.9058187007904053 0.6000000238418584
			vertex 12.570333480834961 1.9058187007904053 4.650016592243832e-16
		endloop
	endfacet
	facet normal -0.8467326326938989 0.5320186544955536 0
		outer loop
			vertex 12.570333480834961 1.9058187007904053 4.650016592243832e-16
			vertex 12.570333480834961 1.9058187007904053 0.6000000238418584
			vertex 12.585659980773926 1.9302115440368652 0.6000000238418584
		endloop
	endfacet
	facet normal -0.8467326326938989 0.5320186544955536 0
		outer loop
			vertex 12.570333480834961 1.9058187007904053 4.650016592243832e-16
			vertex 12.585659980773926 1.9302115440368652 0.6000000238418584
			vertex 12.585659980773926 1.9302115440368652 4.595853599827248e-16
		endloop
	endfacet
	facet normal -0.7070902292552523 0.7071233327304047 0
		outer loop
			vertex 12.585659980773926 1.9302115440368652 4.595853599827248e-16
			vertex 12.585659980773926 1.9302115440368652 0.6000000238418584
			vertex 12.60603141784668 1.9505820274353027 0.6000000238418584
		endloop
	endfacet
	facet normal -0.7070902292552523 0.7071233327304047 0
		outer loop
			vertex 12.585659980773926 1.9302115440368652 4.595853599827248e-16
			vertex 12.60603141784668 1.9505820274353027 0.6000000238418584
			vertex 12.60603141784668 1.9505820274353027 4.550622040443869e-16
		endloop
	endfacet
	facet normal -0.5320417062800161 0.8467181483697211 0
		outer loop
			vertex 12.60603141784668 1.9505820274353027 4.550622040443869e-16
			vertex 12.60603141784668 1.9505820274353027 0.6000000238418584
			vertex 12.630423545837402 1.9659090042114258 0.6000000238418584
		endloop
	endfacet
	facet normal -0.5320417062800161 0.8467181483697211 0
		outer loop
			vertex 12.60603141784668 1.9505820274353027 4.550622040443869e-16
			vertex 12.630423545837402 1.9659090042114258 0.6000000238418584
			vertex 12.630423545837402 1.9659090042114258 4.516589315414375e-16
		endloop
	endfacet
	facet normal -0.33028554169464414 0.9438810629244956 0
		outer loop
			vertex 12.630423545837402 1.9659090042114258 4.516589315414375e-16
			vertex 12.630423545837402 1.9659090042114258 0.6000000238418584
			vertex 12.657614707946777 1.975423812866211 0.6000000238418584
		endloop
	endfacet
	facet normal -0.33028554169464414 0.9438810629244956 0
		outer loop
			vertex 12.630423545837402 1.9659090042114258 4.516589315414375e-16
			vertex 12.657614707946777 1.975423812866211 0.6000000238418584
			vertex 12.657614707946777 1.975423812866211 4.495462196127484e-16
		endloop
	endfacet
	facet normal -0.11195740516436635 0.9937130065712445 0
		outer loop
			vertex 12.657614707946777 1.975423812866211 4.495462196127484e-16
			vertex 12.657614707946777 1.975423812866211 0.6000000238418584
			vertex 12.68624210357666 1.9786491394042969 0.6000000238418584
		endloop
	endfacet
	facet normal -0.11195740516436635 0.9937130065712445 0
		outer loop
			vertex 12.657614707946777 1.975423812866211 4.495462196127484e-16
			vertex 12.68624210357666 1.9786491394042969 0.6000000238418584
			vertex 12.68624210357666 1.9786491394042969 4.488300532558449e-16
		endloop
	endfacet
	facet normal 0.11195372235851919 0.993713421490357 0
		outer loop
			vertex 12.68624210357666 1.9786491394042969 4.488300532558449e-16
			vertex 12.68624210357666 1.9786491394042969 0.6000000238418584
			vertex 12.71487045288086 1.975423812866211 0.6000000238418584
		endloop
	endfacet
	facet normal 0 0 1
		outer loop
			vertex 12.68624210357666 1.9786491394042969 0.6000000238418584
			vertex 12.657614707946777 1.975423812866211 0.6000000238418584
			vertex 12.68624210357666 1.8499999046325684 0.6000000238418584
		endloop
	endfacet
	facet normal 0 0 1
		outer loop
			vertex 12.766453742980957 1.9505820274353027 0.6000000238418584
			vertex 12.742060661315918 1.9659090042114258 0.6000000238418584
			vertex 12.68624210357666 1.8499999046325684 0.6000000238418584
		endloop
	endfacet
	facet normal 0 0 1
		outer loop
			vertex 12.68624210357666 1.8499999046325684 0.6000000238418584
			vertex 12.742060661315918 1.9659090042114258 0.6000000238418584
			vertex 12.71487045288086 1.975423812866211 0.6000000238418584
		endloop
	endfacet
	facet normal 0 0 1
		outer loop
			vertex 12.68624210357666 1.8499999046325684 0.6000000238418584
			vertex 12.71487045288086 1.975423812866211 0.6000000238418584
			vertex 12.68624210357666 1.9786491394042969 0.6000000238418584
		endloop
	endfacet
	facet normal 0 0 1
		outer loop
			vertex 12.811666488647461 1.878627061843872 0.6000000238418584
			vertex 12.802151679992676 1.9058187007904053 0.6000000238418584
			vertex 12.68624210357666 1.8499999046325684 0.6000000238418584
		endloop
	endfacet
	facet normal 0 0 1
		outer loop
			vertex 12.68624210357666 1.8499999046325684 0.6000000238418584
			vertex 12.802151679992676 1.9058187007904053 0.6000000238418584
			vertex 12.786825180053711 1.9302115440368652 0.6000000238418584
		endloop
	endfacet
	facet normal 0 0 1
		outer loop
			vertex 12.68624210357666 1.8499999046325684 0.6000000238418584
			vertex 12.786825180053711 1.9302115440368652 0.6000000238418584
			vertex 12.766453742980957 1.9505820274353027 0.6000000238418584
		endloop
	endfacet
	facet normal 0 0 1
		outer loop
			vertex 12.802151679992676 1.7941811084747314 0.6000000238418584
			vertex 12.811666488647461 1.8213727474212646 0.6000000238418584
			vertex 12.68624210357666 1.8499999046325684 0.6000000238418584
		endloop
	endfacet
	facet normal 0 0 1
		outer loop
			vertex 12.68624210357666 1.8499999046325684 0.6000000238418584
			vertex 12.811666488647461 1.8213727474212646 0.6000000238418584
			vertex 12.814891815185547 1.8499999046325684 0.6000000238418584
		endloop
	endfacet
	facet normal 0 0 1
		outer loop
			vertex 12.68624210357666 1.8499999046325684 0.6000000238418584
			vertex 12.814891815185547 1.8499999046325684 0.6000000238418584
			vertex 12.811666488647461 1.878627061843872 0.6000000238418584
		endloop
	endfacet
	facet normal -4.620358117868982e-16 7.353359670152308e-16 1
		outer loop
			vertex 12.742060661315918 1.734090805053711 0.6000000238418585
			vertex 12.766453742980957 1.749417781829834 0.6000000238418585
			vertex 12.68624210357666 1.8499999046325684 0.6000000238418584
		endloop
	endfacet
	facet normal 2.4179734833334788e-15 3.0320688319030135e-15 1
		outer loop
			vertex 12.68624210357666 1.8499999046325684 0.6000000238418584
			vertex 12.766453742980957 1.749417781829834 0.6000000238418585
			vertex 12.786825180053711 1.7697882652282715 0.6000000238418584
		endloop
	endfacet
	facet normal 0 0 1
		outer loop
			vertex 12.68624210357666 1.8499999046325684 0.6000000238418584
			vertex 12.786825180053711 1.7697882652282715 0.6000000238418584
			vertex 12.802151679992676 1.7941811084747314 0.6000000238418584
		endloop
	endfacet
	facet normal 9.723579511281923e-17 8.629829544523934e-16 1
		outer loop
			vertex 12.657614707946777 1.7245759963989258 0.6000000238418585
			vertex 12.68624210357666 1.7213504314422607 0.6000000238418585
			vertex 12.68624210357666 1.8499999046325684 0.6000000238418584
		endloop
	endfacet
	facet normal -9.723255597110523e-17 8.629829544523935e-16 1
		outer loop
			vertex 12.68624210357666 1.8499999046325684 0.6000000238418584
			vertex 12.68624210357666 1.7213504314422607 0.6000000238418585
			vertex 12.71487045288086 1.7245759963989258 0.6000000238418585
		endloop
	endfacet
	facet normal -2.8684314844671515e-16 8.197038193208676e-16 1
		outer loop
			vertex 12.68624210357666 1.8499999046325684 0.6000000238418584
			vertex 12.71487045288086 1.7245759963989258 0.6000000238418585
			vertex 12.742060661315918 1.734090805053711 0.6000000238418585
		endloop
	endfacet
	facet normal -2.4179862377077733e-15 3.032056076931605e-15 1
		outer loop
			vertex 12.585659980773926 1.7697882652282715 0.6000000238418584
			vertex 12.60603141784668 1.749417781829834 0.6000000238418585
			vertex 12.68624210357666 1.8499999046325684 0.6000000238418584
		endloop
	endfacet
	facet normal 4.620496798306065e-16 7.353292885559793e-16 1
		outer loop
			vertex 12.68624210357666 1.8499999046325684 0.6000000238418584
			vertex 12.60603141784668 1.749417781829834 0.6000000238418585
			vertex 12.630423545837402 1.734090805053711 0.6000000238418585
		endloop
	endfacet
	facet normal 2.868345388411381e-16 8.197079654644211e-16 1
		outer loop
			vertex 12.68624210357666 1.8499999046325684 0.6000000238418584
			vertex 12.630423545837402 1.734090805053711 0.6000000238418585
			vertex 12.657614707946777 1.7245759963989258 0.6000000238418585
		endloop
	endfacet
	facet normal 0 0 1
		outer loop
			vertex 12.55759334564209 1.8499999046325684 0.6000000238418584
			vertex 12.560818672180176 1.8213727474212646 0.6000000238418584
			vertex 12.68624210357666 1.8499999046325684 0.6000000238418584
		endloop
	endfacet
	facet normal 0 0 1
		outer loop
			vertex 12.68624210357666 1.8499999046325684 0.6000000238418584
			vertex 12.560818672180176 1.8213727474212646 0.6000000238418584
			vertex 12.570333480834961 1.7941811084747314 0.6000000238418584
		endloop
	endfacet
	facet normal 0 0 1
		outer loop
			vertex 12.68624210357666 1.8499999046325684 0.6000000238418584
			vertex 12.570333480834961 1.7941811084747314 0.6000000238418584
			vertex 12.585659980773926 1.7697882652282715 0.6000000238418584
		endloop
	endfacet
	facet normal 0 0 1
		outer loop
			vertex 12.585659980773926 1.9302115440368652 0.6000000238418584
			vertex 12.570333480834961 1.9058187007904053 0.6000000238418584
			vertex 12.68624210357666 1.8499999046325684 0.6000000238418584
		endloop
	endfacet
	facet normal 0 0 1
		outer loop
			vertex 12.68624210357666 1.8499999046325684 0.6000000238418584
			vertex 12.570333480834961 1.9058187007904053 0.6000000238418584
			vertex 12.560818672180176 1.878627061843872 0.6000000238418584
		endloop
	endfacet
	facet normal 0 0 1
		outer loop
			vertex 12.68624210357666 1.8499999046325684 0.6000000238418584
			vertex 12.560818672180176 1.878627061843872 0.6000000238418584
			vertex 12.55759334564209 1.8499999046325684 0.6000000238418584
		endloop
	endfacet
	facet normal 0 0 1
		outer loop
			vertex 12.657614707946777 1.975423812866211 0.6000000238418584
			vertex 12.630423545837402 1.9659090042114258 0.6000000238418584
			vertex 12.68624210357666 1.8499999046325684 0.6000000238418584
		endloop
	endfacet
	facet normal 0 0 1
		outer loop
			vertex 12.68624210357666 1.8499999046325684 0.6000000238418584
			vertex 12.630423545837402 1.9659090042114258 0.6000000238418584
			vertex 12.60603141784668 1.9505820274353027 0.6000000238418584
		endloop
	endfacet
	facet normal 0 0 1
		outer loop
			vertex 12.68624210357666 1.8499999046325684 0.6000000238418584
			vertex 12.60603141784668 1.9505820274353027 0.6000000238418584
			vertex 12.585659980773926 1.9302115440368652 0.6000000238418584
		endloop
	endfacet
	facet normal 0 -2.220446049250313e-16 -1
		outer loop
			vertex 12.68624210357666 1.9786491394042969 4.488300532558449e-16
			vertex 12.71487045288086 1.975423812866211 4.495462196127484e-16
			vertex 12.68624210357666 1.8499999046325684 4.77395921764641e-16
		endloop
	endfacet
	facet normal 0 -2.220446049250313e-16 -1
		outer loop
			vertex 12.60603141784668 1.9505820274353027 4.550622040443869e-16
			vertex 12.630423545837402 1.9659090042114258 4.516589315414375e-16
			vertex 12.68624210357666 1.8499999046325684 4.77395921764641e-16
		endloop
	endfacet
	facet normal 0 -2.220446049250313e-16 -1
		outer loop
			vertex 12.68624210357666 1.8499999046325684 4.77395921764641e-16
			vertex 12.630423545837402 1.9659090042114258 4.516589315414375e-16
			vertex 12.657614707946777 1.975423812866211 4.495462196127484e-16
		endloop
	endfacet
	facet normal 0 -2.220446049250313e-16 -1
		outer loop
			vertex 12.68624210357666 1.8499999046325684 4.77395921764641e-16
			vertex 12.657614707946777 1.975423812866211 4.495462196127484e-16
			vertex 12.68624210357666 1.9786491394042969 4.488300532558449e-16
		endloop
	endfacet
	facet normal 0 -2.220446049250313e-16 -1
		outer loop
			vertex 12.560818672180176 1.878627061843872 4.710394159515303e-16
			vertex 12.570333480834961 1.9058187007904053 4.650016592243832e-16
			vertex 12.68624210357666 1.8499999046325684 4.77395921764641e-16
		endloop
	endfacet
	facet normal 0 -2.220446049250313e-16 -1
		outer loop
			vertex 12.68624210357666 1.8499999046325684 4.77395921764641e-16
			vertex 12.570333480834961 1.9058187007904053 4.650016592243832e-16
			vertex 12.585659980773926 1.9302115440368652 4.595853599827248e-16
		endloop
	endfacet
	facet normal 0 -2.220446049250313e-16 -1
		outer loop
			vertex 12.68624210357666 1.8499999046325684 4.77395921764641e-16
			vertex 12.585659980773926 1.9302115440368652 4.595853599827248e-16
			vertex 12.60603141784668 1.9505820274353027 4.550622040443869e-16
		endloop
	endfacet
	facet normal 0 -2.220446049250313e-16 -1
		outer loop
			vertex 12.570333480834961 1.7941811084747314 4.897901843048987e-16
			vertex 12.560818672180176 1.8213727474212646 4.837524275777517e-16
			vertex 12.68624210357666 1.8499999046325684 4.77395921764641e-16
		endloop
	endfacet
	facet normal 0 -2.220446049250313e-16 -1
		outer loop
			vertex 12.68624210357666 1.8499999046325684 4.77395921764641e-16
			vertex 12.560818672180176 1.8213727474212646 4.837524275777517e-16
			vertex 12.55759334564209 1.8499999046325684 4.77395921764641e-16
		endloop
	endfacet
	facet normal 0 -2.220446049250313e-16 -1
		outer loop
			vertex 12.68624210357666 1.8499999046325684 4.77395921764641e-16
			vertex 12.55759334564209 1.8499999046325684 4.77395921764641e-16
			vertex 12.560818672180176 1.878627061843872 4.710394159515303e-16
		endloop
	endfacet
	facet normal 0 -2.220446049250313e-16 -1
		outer loop
			vertex 12.630423545837402 1.734090805053711 5.031329119878445e-16
			vertex 12.60603141784668 1.749417781829834 4.997296394848951e-16
			vertex 12.68624210357666 1.8499999046325684 4.77395921764641e-16
		endloop
	endfacet
	facet normal 0 -2.220446049250313e-16 -1
		outer loop
			vertex 12.68624210357666 1.8499999046325684 4.77395921764641e-16
			vertex 12.60603141784668 1.749417781829834 4.997296394848951e-16
			vertex 12.585659980773926 1.7697882652282715 4.952064835465572e-16
		endloop
	endfacet
	facet normal 0 -2.220446049250313e-16 -1
		outer loop
			vertex 12.68624210357666 1.8499999046325684 4.77395921764641e-16
			vertex 12.585659980773926 1.7697882652282715 4.952064835465572e-16
			vertex 12.570333480834961 1.7941811084747314 4.897901843048987e-16
		endloop
	endfacet
	facet normal 0 -2.220446049250313e-16 -1
		outer loop
			vertex 12.71487045288086 1.7245759963989258 5.052456239165335e-16
			vertex 12.68624210357666 1.7213504314422607 5.059618432129963e-16
			vertex 12.68624210357666 1.8499999046325684 4.77395921764641e-16
		endloop
	endfacet
	facet normal 0 -2.220446049250313e-16 -1
		outer loop
			vertex 12.68624210357666 1.8499999046325684 4.77395921764641e-16
			vertex 12.68624210357666 1.7213504314422607 5.059618432129963e-16
			vertex 12.657614707946777 1.7245759963989258 5.052456239165335e-16
		endloop
	endfacet
	facet normal 0 -2.220446049250313e-16 -1
		outer loop
			vertex 12.68624210357666 1.8499999046325684 4.77395921764641e-16
			vertex 12.657614707946777 1.7245759963989258 5.052456239165335e-16
			vertex 12.630423545837402 1.734090805053711 5.031329119878445e-16
		endloop
	endfacet
	facet normal 0 -2.220446049250313e-16 -1
		outer loop
			vertex 12.786825180053711 1.7697882652282715 4.952064835465572e-16
			vertex 12.766453742980957 1.749417781829834 4.997296394848951e-16
			vertex 12.68624210357666 1.8499999046325684 4.77395921764641e-16
		endloop
	endfacet
	facet normal 0 -2.220446049250313e-16 -1
		outer loop
			vertex 12.68624210357666 1.8499999046325684 4.77395921764641e-16
			vertex 12.766453742980957 1.749417781829834 4.997296394848951e-16
			vertex 12.742060661315918 1.734090805053711 5.031329119878445e-16
		endloop
	endfacet
	facet normal 0 -2.220446049250313e-16 -1
		outer loop
			vertex 12.68624210357666 1.8499999046325684 4.77395921764641e-16
			vertex 12.742060661315918 1.734090805053711 5.031329119878445e-16
			vertex 12.71487045288086 1.7245759963989258 5.052456239165335e-16
		endloop
	endfacet
	facet normal 0 -2.220446049250313e-16 -1
		outer loop
			vertex 12.814891815185547 1.8499999046325684 4.77395921764641e-16
			vertex 12.811666488647461 1.8213727474212646 4.837524275777517e-16
			vertex 12.68624210357666 1.8499999046325684 4.77395921764641e-16
		endloop
	endfacet
	facet normal 0 -2.220446049250313e-16 -1
		outer loop
			vertex 12.68624210357666 1.8499999046325684 4.77395921764641e-16
			vertex 12.811666488647461 1.8213727474212646 4.837524275777517e-16
			vertex 12.802151679992676 1.7941811084747314 4.897901843048987e-16
		endloop
	endfacet
	facet normal 0 -2.220446049250313e-16 -1
		outer loop
			vertex 12.68624210357666 1.8499999046325684 4.77395921764641e-16
			vertex 12.802151679992676 1.7941811084747314 4.897901843048987e-16
			vertex 12.786825180053711 1.7697882652282715 4.952064835465572e-16
		endloop
	endfacet
	facet normal 0 -2.220446049250313e-16 -1
		outer loop
			vertex 12.786825180053711 1.9302115440368652 4.595853599827248e-16
			vertex 12.802151679992676 1.9058187007904053 4.650016592243832e-16
			vertex 12.68624210357666 1.8499999046325684 4.77395921764641e-16
		endloop
	endfacet
	facet normal 0 -2.220446049250313e-16 -1
		outer loop
			vertex 12.68624210357666 1.8499999046325684 4.77395921764641e-16
			vertex 12.802151679992676 1.9058187007904053 4.650016592243832e-16
			vertex 12.811666488647461 1.878627061843872 4.710394159515303e-16
		endloop
	endfacet
	facet normal 0 -2.220446049250313e-16 -1
		outer loop
			vertex 12.68624210357666 1.8499999046325684 4.77395921764641e-16
			vertex 12.811666488647461 1.878627061843872 4.710394159515303e-16
			vertex 12.814891815185547 1.8499999046325684 4.77395921764641e-16
		endloop
	endfacet
	facet normal 0 -2.220446049250313e-16 -1
		outer loop
			vertex 12.71487045288086 1.975423812866211 4.495462196127484e-16
			vertex 12.742060661315918 1.9659090042114258 4.516589315414375e-16
			vertex 12.68624210357666 1.8499999046325684 4.77395921764641e-16
		endloop
	endfacet
	facet normal 0 -2.220446049250313e-16 -1
		outer loop
			vertex 12.68624210357666 1.8499999046325684 4.77395921764641e-16
			vertex 12.742060661315918 1.9659090042114258 4.516589315414375e-16
			vertex 12.766453742980957 1.9505820274353027 4.550622040443869e-16
		endloop
	endfacet
	facet normal 0 -2.220446049250313e-16 -1
		outer loop
			vertex 12.68624210357666 1.8499999046325684 4.77395921764641e-16
			vertex 12.766453742980957 1.9505820274353027 4.550622040443869e-16
			vertex 12.786825180053711 1.9302115440368652 4.595853599827248e-16
		endloop
	endfacet
	facet normal 0.11196359968271272 0.9937123086417363 0
		outer loop
			vertex 12.68624210357666 2.2798452377319336 3.8195108459772396e-16
			vertex 12.71513557434082 2.2765897512435913 0.6000000238418582
			vertex 12.71513557434082 2.2765897512435913 3.826739478088667e-16
		endloop
	endfacet
	facet normal 0.33027591413075896 0.9438844317738753 0
		outer loop
			vertex 12.71513557434082 2.2765897512435913 3.826739478088667e-16
			vertex 12.71513557434082 2.2765897512435913 0.6000000238418582
			vertex 12.74258041381836 2.2669864892959595 0.6000000238418582
		endloop
	endfacet
	facet normal 0.33027591413075896 0.9438844317738753 0
		outer loop
			vertex 12.71513557434082 2.2765897512435913 3.826739478088667e-16
			vertex 12.74258041381836 2.2669864892959595 0.6000000238418582
			vertex 12.74258041381836 2.2669864892959595 3.848063003140202e-16
		endloop
	endfacet
	facet normal 0.5320228371523724 0.8467300046345001 0
		outer loop
			vertex 12.74258041381836 2.2669864892959595 3.848063003140202e-16
			vertex 12.74258041381836 2.2669864892959595 0.6000000238418582
			vertex 12.767200469970703 2.2515170574188232 0.6000000238418582
		endloop
	endfacet
	facet normal 0.5320228371523724 0.8467300046345001 0
		outer loop
			vertex 12.74258041381836 2.2669864892959595 3.848063003140202e-16
			vertex 12.767200469970703 2.2515170574188232 0.6000000238418582
			vertex 12.767200469970703 2.2515170574188232 3.882412042035936e-16
		endloop
	endfacet
	facet normal 0.7071170310271855 0.7070965311973312 0
		outer loop
			vertex 12.767200469970703 2.2515170574188232 3.882412042035936e-16
			vertex 12.767200469970703 2.2515170574188232 0.6000000238418582
			vertex 12.787759780883789 2.2309571504592896 0.6000000238418584
		endloop
	endfacet
	facet normal 0.7071170310271855 0.7070965311973312 0
		outer loop
			vertex 12.767200469970703 2.2515170574188232 3.882412042035936e-16
			vertex 12.787759780883789 2.2309571504592896 0.6000000238418584
			vertex 12.787759780883789 2.2309571504592896 3.9280642062171865e-16
		endloop
	endfacet
	facet normal 0.8467223552883284 0.532035011117676 0
		outer loop
			vertex 12.787759780883789 2.2309571504592896 3.9280642062171865e-16
			vertex 12.787759780883789 2.2309571504592896 0.6000000238418584
			vertex 12.803229331970215 2.2063376903533936 0.6000000238418584
		endloop
	endfacet
	facet normal 0.8467223552883284 0.532035011117676 0
		outer loop
			vertex 12.787759780883789 2.2309571504592896 3.9280642062171865e-16
			vertex 12.803229331970215 2.2063376903533936 0.6000000238418584
			vertex 12.803229331970215 2.2063376903533936 3.982730389143999e-16
		endloop
	endfacet
	facet normal 0.9438907586474581 0.330257832215871 0
		outer loop
			vertex 12.803229331970215 2.2063376903533936 3.982730389143999e-16
			vertex 12.803229331970215 2.2063376903533936 0.6000000238418584
			vertex 12.81283187866211 2.178893208503723 0.6000000238418584
		endloop
	endfacet
	facet normal 0.9438907586474581 0.330257832215871 0
		outer loop
			vertex 12.803229331970215 2.2063376903533936 3.982730389143999e-16
			vertex 12.81283187866211 2.178893208503723 0.6000000238418584
			vertex 12.81283187866211 2.178893208503723 4.0436693804408216e-16
		endloop
	endfacet
	facet normal 0.9937108887097135 0.11197620130970477 0
		outer loop
			vertex 12.81283187866211 2.178893208503723 4.0436693804408216e-16
			vertex 12.81283187866211 2.178893208503723 0.6000000238418584
			vertex 12.81608772277832 2.1499998569488525 0.6000000238418584
		endloop
	endfacet
	facet normal 0.9937108887097135 0.11197620130970477 0
		outer loop
			vertex 12.81283187866211 2.178893208503723 4.0436693804408216e-16
			vertex 12.81608772277832 2.1499998569488525 0.6000000238418584
			vertex 12.81608772277832 2.1499998569488525 4.1078255087504344e-16
		endloop
	endfacet
	facet normal 0.9937108373022304 -0.11197665751441374 0
		outer loop
			vertex 12.81608772277832 2.1499998569488525 4.1078255087504344e-16
			vertex 12.81608772277832 2.1499998569488525 0.6000000238418584
			vertex 12.81283187866211 2.1211066246032715 0.6000000238418584
		endloop
	endfacet
	facet normal 0.9937108373022304 -0.11197665751441374 0
		outer loop
			vertex 12.81608772277832 2.1499998569488525 4.1078255087504344e-16
			vertex 12.81283187866211 2.1211066246032715 0.6000000238418584
			vertex 12.81283187866211 2.1211066246032715 4.171981372362251e-16
		endloop
	endfacet
	facet normal 0.9438907586474581 -0.330257832215871 0
		outer loop
			vertex 12.81283187866211 2.1211066246032715 4.171981372362251e-16
			vertex 12.81283187866211 2.1211066246032715 0.6000000238418584
			vertex 12.803229331970215 2.093662142753601 0.6000000238418584
		endloop
	endfacet
	facet normal 0.9438907586474581 -0.330257832215871 0
		outer loop
			vertex 12.81283187866211 2.1211066246032715 4.171981372362251e-16
			vertex 12.803229331970215 2.093662142753601 0.6000000238418584
			vertex 12.803229331970215 2.093662142753601 4.232920363659074e-16
		endloop
	endfacet
	facet normal 0.8467223552883284 -0.532035011117676 0
		outer loop
			vertex 12.803229331970215 2.093662142753601 4.232920363659074e-16
			vertex 12.803229331970215 2.093662142753601 0.6000000238418584
			vertex 12.787759780883789 2.069042682647705 0.6000000238418584
		endloop
	endfacet
	facet normal 0.8467223552883284 -0.532035011117676 0
		outer loop
			vertex 12.803229331970215 2.093662142753601 4.232920363659074e-16
			vertex 12.787759780883789 2.069042682647705 0.6000000238418584
			vertex 12.787759780883789 2.069042682647705 4.2875865465858863e-16
		endloop
	endfacet
	facet normal 0.7071170310271855 -0.7070965311973312 0
		outer loop
			vertex 12.787759780883789 2.069042682647705 4.2875865465858863e-16
			vertex 12.787759780883789 2.069042682647705 0.6000000238418584
			vertex 12.767200469970703 2.0484827756881714 0.6000000238418584
		endloop
	endfacet
	facet normal 0.7071170310271855 -0.7070965311973312 0
		outer loop
			vertex 12.787759780883789 2.069042682647705 4.2875865465858863e-16
			vertex 12.767200469970703 2.0484827756881714 0.6000000238418584
			vertex 12.767200469970703 2.0484827756881714 4.333238710767137e-16
		endloop
	endfacet
	facet normal 0.532025776523938 -0.8467281577425548 0
		outer loop
			vertex 12.767200469970703 2.0484827756881714 4.333238710767137e-16
			vertex 12.767200469970703 2.0484827756881714 0.6000000238418584
			vertex 12.74258041381836 2.0330132246017456 0.6000000238418584
		endloop
	endfacet
	facet normal 0.532025776523938 -0.8467281577425548 0
		outer loop
			vertex 12.767200469970703 2.0484827756881714 4.333238710767137e-16
			vertex 12.74258041381836 2.0330132246017456 0.6000000238418584
			vertex 12.74258041381836 2.0330132246017456 4.367588014360667e-16
		endloop
	endfacet
	facet normal 0.3302722614917256 -0.9438857098659464 0
		outer loop
			vertex 12.74258041381836 2.0330132246017456 4.367588014360667e-16
			vertex 12.74258041381836 2.0330132246017456 0.6000000238418584
			vertex 12.71513557434082 2.0234100818634033 0.6000000238418584
		endloop
	endfacet
	facet normal 0.3302722614917256 -0.9438857098659464 0
		outer loop
			vertex 12.74258041381836 2.0330132246017456 4.367588014360667e-16
			vertex 12.71513557434082 2.0234100818634033 0.6000000238418584
			vertex 12.71513557434082 2.0234100818634033 4.388911274714406e-16
		endloop
	endfacet
	facet normal 0.11196359968271272 -0.9937123086417363 0
		outer loop
			vertex 12.71513557434082 2.0234100818634033 4.388911274714406e-16
			vertex 12.71513557434082 2.0234100818634033 0.6000000238418584
			vertex 12.68624210357666 2.020154595375061 0.6000000238418584
		endloop
	endfacet
	facet normal 0.11196359968271272 -0.9937123086417363 0
		outer loop
			vertex 12.71513557434082 2.0234100818634033 4.388911274714406e-16
			vertex 12.68624210357666 2.020154595375061 0.6000000238418584
			vertex 12.68624210357666 2.020154595375061 4.3961399068258333e-16
		endloop
	endfacet
	facet normal -0.11196359968271272 -0.9937123086417363 0
		outer loop
			vertex 12.68624210357666 2.020154595375061 4.3961399068258333e-16
			vertex 12.68624210357666 2.020154595375061 0.6000000238418584
			vertex 12.6573486328125 2.0234100818634033 0.6000000238418584
		endloop
	endfacet
	facet normal -0.11196359968271272 -0.9937123086417363 0
		outer loop
			vertex 12.68624210357666 2.020154595375061 4.3961399068258333e-16
			vertex 12.6573486328125 2.0234100818634033 0.6000000238418584
			vertex 12.6573486328125 2.0234100818634033 4.388911274714406e-16
		endloop
	endfacet
	facet normal -0.3302824864827681 -0.9438821320073605 0
		outer loop
			vertex 12.6573486328125 2.0234100818634033 4.388911274714406e-16
			vertex 12.6573486328125 2.0234100818634033 0.6000000238418584
			vertex 12.629904747009277 2.0330132246017456 0.6000000238418584
		endloop
	endfacet
	facet normal -0.3302824864827681 -0.9438821320073605 0
		outer loop
			vertex 12.6573486328125 2.0234100818634033 4.388911274714406e-16
			vertex 12.629904747009277 2.0330132246017456 0.6000000238418584
			vertex 12.629904747009277 2.0330132246017456 4.367588014360667e-16
		endloop
	endfacet
	facet normal -0.532025776523938 -0.8467281577425548 0
		outer loop
			vertex 12.629904747009277 2.0330132246017456 4.367588014360667e-16
			vertex 12.629904747009277 2.0330132246017456 0.6000000238418584
			vertex 12.605284690856934 2.0484827756881714 0.6000000238418584
		endloop
	endfacet
	facet normal -0.532025776523938 -0.8467281577425548 0
		outer loop
			vertex 12.629904747009277 2.0330132246017456 4.367588014360667e-16
			vertex 12.605284690856934 2.0484827756881714 0.6000000238418584
			vertex 12.605284690856934 2.0484827756881714 4.333238710767137e-16
		endloop
	endfacet
	facet normal -0.7071170310271855 -0.7070965311973312 0
		outer loop
			vertex 12.605284690856934 2.0484827756881714 4.333238710767137e-16
			vertex 12.605284690856934 2.0484827756881714 0.6000000238418584
			vertex 12.584725379943848 2.069042682647705 0.6000000238418584
		endloop
	endfacet
	facet normal -0.7071170310271855 -0.7070965311973312 0
		outer loop
			vertex 12.605284690856934 2.0484827756881714 4.333238710767137e-16
			vertex 12.584725379943848 2.069042682647705 0.6000000238418584
			vertex 12.584725379943848 2.069042682647705 4.2875865465858863e-16
		endloop
	endfacet
	facet normal -0.8467223552883284 -0.532035011117676 0
		outer loop
			vertex 12.584725379943848 2.069042682647705 4.2875865465858863e-16
			vertex 12.584725379943848 2.069042682647705 0.6000000238418584
			vertex 12.569255828857422 2.093662142753601 0.6000000238418584
		endloop
	endfacet
	facet normal -0.8467223552883284 -0.532035011117676 0
		outer loop
			vertex 12.584725379943848 2.069042682647705 4.2875865465858863e-16
			vertex 12.569255828857422 2.093662142753601 0.6000000238418584
			vertex 12.569255828857422 2.093662142753601 4.232920363659074e-16
		endloop
	endfacet
	facet normal -0.9438907586474581 -0.330257832215871 0
		outer loop
			vertex 12.569255828857422 2.093662142753601 4.232920363659074e-16
			vertex 12.569255828857422 2.093662142753601 0.6000000238418584
			vertex 12.559653282165527 2.1211066246032715 0.6000000238418584
		endloop
	endfacet
	facet normal -0.9438907586474581 -0.330257832215871 0
		outer loop
			vertex 12.569255828857422 2.093662142753601 4.232920363659074e-16
			vertex 12.559653282165527 2.1211066246032715 0.6000000238418584
			vertex 12.559653282165527 2.1211066246032715 4.171981372362251e-16
		endloop
	endfacet
	facet normal -0.9937108373022304 -0.11197665751441374 0
		outer loop
			vertex 12.559653282165527 2.1211066246032715 4.171981372362251e-16
			vertex 12.559653282165527 2.1211066246032715 0.6000000238418584
			vertex 12.556397438049316 2.1499998569488525 0.6000000238418584
		endloop
	endfacet
	facet normal -0.9937108373022304 -0.11197665751441374 0
		outer loop
			vertex 12.559653282165527 2.1211066246032715 4.171981372362251e-16
			vertex 12.556397438049316 2.1499998569488525 0.6000000238418584
			vertex 12.556397438049316 2.1499998569488525 4.1078255087504344e-16
		endloop
	endfacet
	facet normal -0.9937108887097135 0.11197620130970477 0
		outer loop
			vertex 12.556397438049316 2.1499998569488525 4.1078255087504344e-16
			vertex 12.556397438049316 2.1499998569488525 0.6000000238418584
			vertex 12.559653282165527 2.178893208503723 0.6000000238418584
		endloop
	endfacet
	facet normal -0.9937108887097135 0.11197620130970477 0
		outer loop
			vertex 12.556397438049316 2.1499998569488525 4.1078255087504344e-16
			vertex 12.559653282165527 2.178893208503723 0.6000000238418584
			vertex 12.559653282165527 2.178893208503723 4.0436693804408216e-16
		endloop
	endfacet
	facet normal -0.9438907586474581 0.330257832215871 0
		outer loop
			vertex 12.559653282165527 2.178893208503723 4.0436693804408216e-16
			vertex 12.559653282165527 2.178893208503723 0.6000000238418584
			vertex 12.569255828857422 2.2063376903533936 0.6000000238418584
		endloop
	endfacet
	facet normal -0.9438907586474581 0.330257832215871 0
		outer loop
			vertex 12.559653282165527 2.178893208503723 4.0436693804408216e-16
			vertex 12.569255828857422 2.2063376903533936 0.6000000238418584
			vertex 12.569255828857422 2.2063376903533936 3.982730389143999e-16
		endloop
	endfacet
	facet normal -0.8467223552883284 0.532035011117676 0
		outer loop
			vertex 12.569255828857422 2.2063376903533936 3.982730389143999e-16
			vertex 12.569255828857422 2.2063376903533936 0.6000000238418584
			vertex 12.584725379943848 2.2309571504592896 0.6000000238418584
		endloop
	endfacet
	facet normal -0.8467223552883284 0.532035011117676 0
		outer loop
			vertex 12.569255828857422 2.2063376903533936 3.982730389143999e-16
			vertex 12.584725379943848 2.2309571504592896 0.6000000238418584
			vertex 12.584725379943848 2.2309571504592896 3.9280642062171865e-16
		endloop
	endfacet
	facet normal -0.7071170310271855 0.7070965311973312 0
		outer loop
			vertex 12.584725379943848 2.2309571504592896 3.9280642062171865e-16
			vertex 12.584725379943848 2.2309571504592896 0.6000000238418584
			vertex 12.605284690856934 2.2515170574188232 0.6000000238418582
		endloop
	endfacet
	facet normal -0.7071170310271855 0.7070965311973312 0
		outer loop
			vertex 12.584725379943848 2.2309571504592896 3.9280642062171865e-16
			vertex 12.605284690856934 2.2515170574188232 0.6000000238418582
			vertex 12.605284690856934 2.2515170574188232 3.882412042035936e-16
		endloop
	endfacet
	facet normal -0.5320228371523724 0.8467300046345001 0
		outer loop
			vertex 12.605284690856934 2.2515170574188232 3.882412042035936e-16
			vertex 12.605284690856934 2.2515170574188232 0.6000000238418582
			vertex 12.629904747009277 2.2669864892959595 0.6000000238418582
		endloop
	endfacet
	facet normal -0.5320228371523724 0.8467300046345001 0
		outer loop
			vertex 12.605284690856934 2.2515170574188232 3.882412042035936e-16
			vertex 12.629904747009277 2.2669864892959595 0.6000000238418582
			vertex 12.629904747009277 2.2669864892959595 3.848063003140202e-16
		endloop
	endfacet
	facet normal -0.33028613920719213 0.9438808538409958 0
		outer loop
			vertex 12.629904747009277 2.2669864892959595 3.848063003140202e-16
			vertex 12.629904747009277 2.2669864892959595 0.6000000238418582
			vertex 12.6573486328125 2.2765897512435913 0.6000000238418582
		endloop
	endfacet
	facet normal -0.33028613920719213 0.9438808538409958 0
		outer loop
			vertex 12.629904747009277 2.2669864892959595 3.848063003140202e-16
			vertex 12.6573486328125 2.2765897512435913 0.6000000238418582
			vertex 12.6573486328125 2.2765897512435913 3.826739478088667e-16
		endloop
	endfacet
	facet normal -0.11196359968271272 0.9937123086417363 0
		outer loop
			vertex 12.6573486328125 2.2765897512435913 3.826739478088667e-16
			vertex 12.6573486328125 2.2765897512435913 0.6000000238418582
			vertex 12.68624210357666 2.2798452377319336 0.6000000238418582
		endloop
	endfacet
	facet normal -0.11196359968271272 0.9937123086417363 0
		outer loop
			vertex 12.6573486328125 2.2765897512435913 3.826739478088667e-16
			vertex 12.68624210357666 2.2798452377319336 0.6000000238418582
			vertex 12.68624210357666 2.2798452377319336 3.8195108459772396e-16
		endloop
	endfacet
	facet normal 0.11196359968271272 0.9937123086417363 0
		outer loop
			vertex 12.68624210357666 2.2798452377319336 3.8195108459772396e-16
			vertex 12.68624210357666 2.2798452377319336 0.6000000238418582
			vertex 12.71513557434082 2.2765897512435913 0.6000000238418582
		endloop
	endfacet
	facet normal -9.633850643356308e-17 8.550346711831735e-16 1
		outer loop
			vertex 12.68624210357666 2.2798452377319336 0.6000000238418582
			vertex 12.6573486328125 2.2765897512435913 0.6000000238418582
			vertex 12.68624210357666 2.1499998569488525 0.6000000238418584
		endloop
	endfacet
	facet normal 4.577748863968298e-16 7.285622056282759e-16 1
		outer loop
			vertex 12.767200469970703 2.2515170574188232 0.6000000238418582
			vertex 12.74258041381836 2.2669864892959595 0.6000000238418582
			vertex 12.68624210357666 2.1499998569488525 0.6000000238418584
		endloop
	endfacet
	facet normal 2.8418401148879646e-16 8.121599327316551e-16 1
		outer loop
			vertex 12.68624210357666 2.1499998569488525 0.6000000238418584
			vertex 12.74258041381836 2.2669864892959595 0.6000000238418582
			vertex 12.71513557434082 2.2765897512435913 0.6000000238418582
		endloop
	endfacet
	facet normal 9.633850643356308e-17 8.550346711831735e-16 1
		outer loop
			vertex 12.68624210357666 2.1499998569488525 0.6000000238418584
			vertex 12.71513557434082 2.2765897512435913 0.6000000238418582
			vertex 12.68624210357666 2.2798452377319336 0.6000000238418582
		endloop
	endfacet
	facet normal 0 0 1
		outer loop
			vertex 12.81283187866211 2.178893208503723 0.6000000238418584
			vertex 12.803229331970215 2.2063376903533936 0.6000000238418584
			vertex 12.68624210357666 2.1499998569488525 0.6000000238418584
		endloop
	endfacet
	facet normal 0 0 1
		outer loop
			vertex 12.68624210357666 2.1499998569488525 0.6000000238418584
			vertex 12.803229331970215 2.2063376903533936 0.6000000238418584
			vertex 12.787759780883789 2.2309571504592896 0.6000000238418584
		endloop
	endfacet
	facet normal -2.3957822817402165e-15 3.004229045088879e-15 1
		outer loop
			vertex 12.68624210357666 2.1499998569488525 0.6000000238418584
			vertex 12.787759780883789 2.2309571504592896 0.6000000238418584
			vertex 12.767200469970703 2.2515170574188232 0.6000000238418582
		endloop
	endfacet
	facet normal 0 0 1
		outer loop
			vertex 12.803229331970215 2.093662142753601 0.6000000238418584
			vertex 12.81283187866211 2.1211066246032715 0.6000000238418584
			vertex 12.68624210357666 2.1499998569488525 0.6000000238418584
		endloop
	endfacet
	facet normal 0 0 1
		outer loop
			vertex 12.68624210357666 2.1499998569488525 0.6000000238418584
			vertex 12.81283187866211 2.1211066246032715 0.6000000238418584
			vertex 12.81608772277832 2.1499998569488525 0.6000000238418584
		endloop
	endfacet
	facet normal 0 0 1
		outer loop
			vertex 12.68624210357666 2.1499998569488525 0.6000000238418584
			vertex 12.81608772277832 2.1499998569488525 0.6000000238418584
			vertex 12.81283187866211 2.178893208503723 0.6000000238418584
		endloop
	endfacet
	facet normal 0 0 1
		outer loop
			vertex 12.74258041381836 2.0330132246017456 0.6000000238418584
			vertex 12.767200469970703 2.0484827756881714 0.6000000238418584
			vertex 12.68624210357666 2.1499998569488525 0.6000000238418584
		endloop
	endfacet
	facet normal 0 0 1
		outer loop
			vertex 12.68624210357666 2.1499998569488525 0.6000000238418584
			vertex 12.767200469970703 2.0484827756881714 0.6000000238418584
			vertex 12.787759780883789 2.069042682647705 0.6000000238418584
		endloop
	endfacet
	facet normal 0 0 1
		outer loop
			vertex 12.68624210357666 2.1499998569488525 0.6000000238418584
			vertex 12.787759780883789 2.069042682647705 0.6000000238418584
			vertex 12.803229331970215 2.093662142753601 0.6000000238418584
		endloop
	endfacet
	facet normal 0 0 1
		outer loop
			vertex 12.6573486328125 2.0234100818634033 0.6000000238418584
			vertex 12.68624210357666 2.020154595375061 0.6000000238418584
			vertex 12.68624210357666 2.1499998569488525 0.6000000238418584
		endloop
	endfacet
	facet normal 0 0 1
		outer loop
			vertex 12.68624210357666 2.1499998569488525 0.6000000238418584
			vertex 12.68624210357666 2.020154595375061 0.6000000238418584
			vertex 12.71513557434082 2.0234100818634033 0.6000000238418584
		endloop
	endfacet
	facet normal 0 0 1
		outer loop
			vertex 12.68624210357666 2.1499998569488525 0.6000000238418584
			vertex 12.71513557434082 2.0234100818634033 0.6000000238418584
			vertex 12.74258041381836 2.0330132246017456 0.6000000238418584
		endloop
	endfacet
	facet normal 0 0 1
		outer loop
			vertex 12.584725379943848 2.069042682647705 0.6000000238418584
			vertex 12.605284690856934 2.0484827756881714 0.6000000238418584
			vertex 12.68624210357666 2.1499998569488525 0.6000000238418584
		endloop
	endfacet
	facet normal 0 0 1
		outer loop
			vertex 12.68624210357666 2.1499998569488525 0.6000000238418584
			vertex 12.605284690856934 2.0484827756881714 0.6000000238418584
			vertex 12.629904747009277 2.0330132246017456 0.6000000238418584
		endloop
	endfacet
	facet normal 0 0 1
		outer loop
			vertex 12.68624210357666 2.1499998569488525 0.6000000238418584
			vertex 12.629904747009277 2.0330132246017456 0.6000000238418584
			vertex 12.6573486328125 2.0234100818634033 0.6000000238418584
		endloop
	endfacet
	facet normal 0 0 1
		outer loop
			vertex 12.556397438049316 2.1499998569488525 0.6000000238418584
			vertex 12.559653282165527 2.1211066246032715 0.6000000238418584
			vertex 12.68624210357666 2.1499998569488525 0.6000000238418584
		endloop
	endfacet
	facet normal 0 0 1
		outer loop
			vertex 12.68624210357666 2.1499998569488525 0.6000000238418584
			vertex 12.559653282165527 2.1211066246032715 0.6000000238418584
			vertex 12.569255828857422 2.093662142753601 0.6000000238418584
		endloop
	endfacet
	facet normal 0 0 1
		outer loop
			vertex 12.68624210357666 2.1499998569488525 0.6000000238418584
			vertex 12.569255828857422 2.093662142753601 0.6000000238418584
			vertex 12.584725379943848 2.069042682647705 0.6000000238418584
		endloop
	endfacet
	facet normal 0 0 1
		outer loop
			vertex 12.584725379943848 2.2309571504592896 0.6000000238418584
			vertex 12.569255828857422 2.2063376903533936 0.6000000238418584
			vertex 12.68624210357666 2.1499998569488525 0.6000000238418584
		endloop
	endfacet
	facet normal 0 0 1
		outer loop
			vertex 12.68624210357666 2.1499998569488525 0.6000000238418584
			vertex 12.569255828857422 2.2063376903533936 0.6000000238418584
			vertex 12.559653282165527 2.178893208503723 0.6000000238418584
		endloop
	endfacet
	facet normal 0 0 1
		outer loop
			vertex 12.68624210357666 2.1499998569488525 0.6000000238418584
			vertex 12.559653282165527 2.178893208503723 0.6000000238418584
			vertex 12.556397438049316 2.1499998569488525 0.6000000238418584
		endloop
	endfacet
	facet normal -2.841931564817451e-16 8.121578454356045e-16 1
		outer loop
			vertex 12.6573486328125 2.2765897512435913 0.6000000238418582
			vertex 12.629904747009277 2.2669864892959595 0.6000000238418582
			vertex 12.68624210357666 2.1499998569488525 0.6000000238418584
		endloop
	endfacet
	facet normal -4.57776686492104e-16 7.285650705328878e-16 1
		outer loop
			vertex 12.68624210357666 2.1499998569488525 0.6000000238418584
			vertex 12.629904747009277 2.2669864892959595 0.6000000238418582
			vertex 12.605284690856934 2.2515170574188232 0.6000000238418582
		endloop
	endfacet
	facet normal 2.3957948031142364e-15 3.0042165240778626e-15 1
		outer loop
			vertex 12.68624210357666 2.1499998569488525 0.6000000238418584
			vertex 12.605284690856934 2.2515170574188232 0.6000000238418582
			vertex 12.584725379943848 2.2309571504592896 0.6000000238418584
		endloop
	endfacet
	facet normal 0 -2.220446049250313e-16 -1
		outer loop
			vertex 12.68624210357666 2.2798452377319336 3.8195108459772396e-16
			vertex 12.71513557434082 2.2765897512435913 3.826739478088667e-16
			vertex 12.68624210357666 2.1499998569488525 4.1078255087504344e-16
		endloop
	endfacet
	facet normal 0 -2.220446049250313e-16 -1
		outer loop
			vertex 12.605284690856934 2.2515170574188232 3.882412042035936e-16
			vertex 12.629904747009277 2.2669864892959595 3.848063003140202e-16
			vertex 12.68624210357666 2.1499998569488525 4.1078255087504344e-16
		endloop
	endfacet
	facet normal 0 -2.220446049250313e-16 -1
		outer loop
			vertex 12.68624210357666 2.1499998569488525 4.1078255087504344e-16
			vertex 12.629904747009277 2.2669864892959595 3.848063003140202e-16
			vertex 12.6573486328125 2.2765897512435913 3.826739478088667e-16
		endloop
	endfacet
	facet normal 0 -2.220446049250313e-16 -1
		outer loop
			vertex 12.68624210357666 2.1499998569488525 4.1078255087504344e-16
			vertex 12.6573486328125 2.2765897512435913 3.826739478088667e-16
			vertex 12.68624210357666 2.2798452377319336 3.8195108459772396e-16
		endloop
	endfacet
	facet normal 0 -2.220446049250313e-16 -1
		outer loop
			vertex 12.559653282165527 2.178893208503723 4.0436693804408216e-16
			vertex 12.569255828857422 2.2063376903533936 3.982730389143999e-16
			vertex 12.68624210357666 2.1499998569488525 4.1078255087504344e-16
		endloop
	endfacet
	facet normal 0 -2.220446049250313e-16 -1
		outer loop
			vertex 12.68624210357666 2.1499998569488525 4.1078255087504344e-16
			vertex 12.569255828857422 2.2063376903533936 3.982730389143999e-16
			vertex 12.584725379943848 2.2309571504592896 3.9280642062171865e-16
		endloop
	endfacet
	facet normal 0 -2.220446049250313e-16 -1
		outer loop
			vertex 12.68624210357666 2.1499998569488525 4.1078255087504344e-16
			vertex 12.584725379943848 2.2309571504592896 3.9280642062171865e-16
			vertex 12.605284690856934 2.2515170574188232 3.882412042035936e-16
		endloop
	endfacet
	facet normal 0 -2.220446049250313e-16 -1
		outer loop
			vertex 12.569255828857422 2.093662142753601 4.232920363659074e-16
			vertex 12.559653282165527 2.1211066246032715 4.171981372362251e-16
			vertex 12.68624210357666 2.1499998569488525 4.1078255087504344e-16
		endloop
	endfacet
	facet normal 0 -2.220446049250313e-16 -1
		outer loop
			vertex 12.68624210357666 2.1499998569488525 4.1078255087504344e-16
			vertex 12.559653282165527 2.1211066246032715 4.171981372362251e-16
			vertex 12.556397438049316 2.1499998569488525 4.1078255087504344e-16
		endloop
	endfacet
	facet normal 0 -2.220446049250313e-16 -1
		outer loop
			vertex 12.68624210357666 2.1499998569488525 4.1078255087504344e-16
			vertex 12.556397438049316 2.1499998569488525 4.1078255087504344e-16
			vertex 12.559653282165527 2.178893208503723 4.0436693804408216e-16
		endloop
	endfacet
	facet normal 0 -2.220446049250313e-16 -1
		outer loop
			vertex 12.629904747009277 2.0330132246017456 4.367588014360667e-16
			vertex 12.605284690856934 2.0484827756881714 4.333238710767137e-16
			vertex 12.68624210357666 2.1499998569488525 4.1078255087504344e-16
		endloop
	endfacet
	facet normal 0 -2.220446049250313e-16 -1
		outer loop
			vertex 12.68624210357666 2.1499998569488525 4.1078255087504344e-16
			vertex 12.605284690856934 2.0484827756881714 4.333238710767137e-16
			vertex 12.584725379943848 2.069042682647705 4.2875865465858863e-16
		endloop
	endfacet
	facet normal 0 -2.220446049250313e-16 -1
		outer loop
			vertex 12.68624210357666 2.1499998569488525 4.1078255087504344e-16
			vertex 12.584725379943848 2.069042682647705 4.2875865465858863e-16
			vertex 12.569255828857422 2.093662142753601 4.232920363659074e-16
		endloop
	endfacet
	facet normal 0 -2.220446049250313e-16 -1
		outer loop
			vertex 12.71513557434082 2.0234100818634033 4.388911274714406e-16
			vertex 12.68624210357666 2.020154595375061 4.3961399068258333e-16
			vertex 12.68624210357666 2.1499998569488525 4.1078255087504344e-16
		endloop
	endfacet
	facet normal 0 -2.220446049250313e-16 -1
		outer loop
			vertex 12.68624210357666 2.1499998569488525 4.1078255087504344e-16
			vertex 12.68624210357666 2.020154595375061 4.3961399068258333e-16
			vertex 12.6573486328125 2.0234100818634033 4.388911274714406e-16
		endloop
	endfacet
	facet normal 0 -2.220446049250313e-16 -1
		outer loop
			vertex 12.68624210357666 2.1499998569488525 4.1078255087504344e-16
			vertex 12.6573486328125 2.0234100818634033 4.388911274714406e-16
			vertex 12.629904747009277 2.0330132246017456 4.367588014360667e-16
		endloop
	endfacet
	facet normal 0 -2.220446049250313e-16 -1
		outer loop
			vertex 12.787759780883789 2.069042682647705 4.2875865465858863e-16
			vertex 12.767200469970703 2.0484827756881714 4.333238710767137e-16
			vertex 12.68624210357666 2.1499998569488525 4.1078255087504344e-16
		endloop
	endfacet
	facet normal 0 -2.220446049250313e-16 -1
		outer loop
			vertex 12.68624210357666 2.1499998569488525 4.1078255087504344e-16
			vertex 12.767200469970703 2.0484827756881714 4.333238710767137e-16
			vertex 12.74258041381836 2.0330132246017456 4.367588014360667e-16
		endloop
	endfacet
	facet normal 0 -2.220446049250313e-16 -1
		outer loop
			vertex 12.68624210357666 2.1499998569488525 4.1078255087504344e-16
			vertex 12.74258041381836 2.0330132246017456 4.367588014360667e-16
			vertex 12.71513557434082 2.0234100818634033 4.388911274714406e-16
		endloop
	endfacet
	facet normal 0 -2.220446049250313e-16 -1
		outer loop
			vertex 12.81608772277832 2.1499998569488525 4.1078255087504344e-16
			vertex 12.81283187866211 2.1211066246032715 4.171981372362251e-16
			vertex 12.68624210357666 2.1499998569488525 4.1078255087504344e-16
		endloop
	endfacet
	facet normal 0 -2.220446049250313e-16 -1
		outer loop
			vertex 12.68624210357666 2.1499998569488525 4.1078255087504344e-16
			vertex 12.81283187866211 2.1211066246032715 4.171981372362251e-16
			vertex 12.803229331970215 2.093662142753601 4.232920363659074e-16
		endloop
	endfacet
	facet normal 0 -2.220446049250313e-16 -1
		outer loop
			vertex 12.68624210357666 2.1499998569488525 4.1078255087504344e-16
			vertex 12.803229331970215 2.093662142753601 4.232920363659074e-16
			vertex 12.787759780883789 2.069042682647705 4.2875865465858863e-16
		endloop
	endfacet
	facet normal 0 -2.220446049250313e-16 -1
		outer loop
			vertex 12.787759780883789 2.2309571504592896 3.9280642062171865e-16
			vertex 12.803229331970215 2.2063376903533936 3.982730389143999e-16
			vertex 12.68624210357666 2.1499998569488525 4.1078255087504344e-16
		endloop
	endfacet
	facet normal 0 -2.220446049250313e-16 -1
		outer loop
			vertex 12.68624210357666 2.1499998569488525 4.1078255087504344e-16
			vertex 12.803229331970215 2.2063376903533936 3.982730389143999e-16
			vertex 12.81283187866211 2.178893208503723 4.0436693804408216e-16
		endloop
	endfacet
	facet normal 0 -2.220446049250313e-16 -1
		outer loop
			vertex 12.68624210357666 2.1499998569488525 4.1078255087504344e-16
			vertex 12.81283187866211 2.178893208503723 4.0436693804408216e-16
			vertex 12.81608772277832 2.1499998569488525 4.1078255087504344e-16
		endloop
	endfacet
	facet normal 0 -2.220446049250313e-16 -1
		outer loop
			vertex 12.71513557434082 2.2765897512435913 3.826739478088667e-16
			vertex 12.74258041381836 2.2669864892959595 3.848063003140202e-16
			vertex 12.68624210357666 2.1499998569488525 4.1078255087504344e-16
		endloop
	endfacet
	facet normal 0 -2.220446049250313e-16 -1
		outer loop
			vertex 12.68624210357666 2.1499998569488525 4.1078255087504344e-16
			vertex 12.74258041381836 2.2669864892959595 3.848063003140202e-16
			vertex 12.767200469970703 2.2515170574188232 3.882412042035936e-16
		endloop
	endfacet
	facet normal 0 -2.220446049250313e-16 -1
		outer loop
			vertex 12.68624210357666 2.1499998569488525 4.1078255087504344e-16
			vertex 12.767200469970703 2.2515170574188232 3.882412042035936e-16
			vertex 12.787759780883789 2.2309571504592896 3.9280642062171865e-16
		endloop
	endfacet
	facet normal 0.11195740516436635 0.9937130065712445 0
		outer loop
			vertex 13.016242027282715 1.9786491394042969 4.488300532558449e-16
			vertex 13.044869422912598 1.975423812866211 0.6000000238418584
			vertex 13.044869422912598 1.975423812866211 4.495462196127484e-16
		endloop
	endfacet
	facet normal 0.3302752215998393 0.9438846740980473 0
		outer loop
			vertex 13.044869422912598 1.975423812866211 4.495462196127484e-16
			vertex 13.044869422912598 1.975423812866211 0.6000000238418584
			vertex 13.072061538696289 1.9659090042114258 0.6000000238418584
		endloop
	endfacet
	facet normal 0.3302752215998393 0.9438846740980473 0
		outer loop
			vertex 13.044869422912598 1.975423812866211 4.495462196127484e-16
			vertex 13.072061538696289 1.9659090042114258 0.6000000238418584
			vertex 13.072061538696289 1.9659090042114258 4.516589315414375e-16
		endloop
	endfacet
	facet normal 0.5320267933135652 0.8467275188609881 0
		outer loop
			vertex 13.072061538696289 1.9659090042114258 4.516589315414375e-16
			vertex 13.072061538696289 1.9659090042114258 0.6000000238418584
			vertex 13.096454620361328 1.9505820274353027 0.6000000238418584
		endloop
	endfacet
	facet normal 0.5320267933135652 0.8467275188609881 0
		outer loop
			vertex 13.072061538696289 1.9659090042114258 4.516589315414375e-16
			vertex 13.096454620361328 1.9505820274353027 0.6000000238418584
			vertex 13.096454620361328 1.9505820274353027 4.550622040443869e-16
		endloop
	endfacet
	facet normal 0.7071233335052989 0.707090228480322 0
		outer loop
			vertex 13.096454620361328 1.9505820274353027 4.550622040443869e-16
			vertex 13.096454620361328 1.9505820274353027 0.6000000238418584
			vertex 13.11682415008545 1.9302115440368652 0.6000000238418584
		endloop
	endfacet
	facet normal 0.7071233335052989 0.707090228480322 0
		outer loop
			vertex 13.096454620361328 1.9505820274353027 4.550622040443869e-16
			vertex 13.11682415008545 1.9302115440368652 0.6000000238418584
			vertex 13.11682415008545 1.9302115440368652 4.595853599827248e-16
		endloop
	endfacet
	facet normal 0.8467177198951977 0.5320423881754891 0
		outer loop
			vertex 13.11682415008545 1.9302115440368652 4.595853599827248e-16
			vertex 13.11682415008545 1.9302115440368652 0.6000000238418584
			vertex 13.13215160369873 1.9058187007904053 0.6000000238418584
		endloop
	endfacet
	facet normal 0.8467177198951977 0.5320423881754891 0
		outer loop
			vertex 13.11682415008545 1.9302115440368652 4.595853599827248e-16
			vertex 13.13215160369873 1.9058187007904053 0.6000000238418584
			vertex 13.13215160369873 1.9058187007904053 4.650016592243832e-16
		endloop
	endfacet
	facet normal 0.9438828685535853 0.33028038157156053 0
		outer loop
			vertex 13.13215160369873 1.9058187007904053 4.650016592243832e-16
			vertex 13.13215160369873 1.9058187007904053 0.6000000238418584
			vertex 13.141666412353516 1.878627061843872 0.6000000238418584
		endloop
	endfacet
	facet normal 0.9438828685535853 0.33028038157156053 0
		outer loop
			vertex 13.13215160369873 1.9058187007904053 4.650016592243832e-16
			vertex 13.141666412353516 1.878627061843872 0.6000000238418584
			vertex 13.141666412353516 1.878627061843872 4.710394159515303e-16
		endloop
	endfacet
	facet normal 0.9937129028350681 0.11195832590344713 0
		outer loop
			vertex 13.141666412353516 1.878627061843872 4.710394159515303e-16
			vertex 13.141666412353516 1.878627061843872 0.6000000238418584
			vertex 13.144891738891602 1.8499999046325684 0.6000000238418584
		endloop
	endfacet
	facet normal 0.9937129028350681 0.11195832590344713 0
		outer loop
			vertex 13.141666412353516 1.878627061843872 4.710394159515303e-16
			vertex 13.144891738891602 1.8499999046325684 0.6000000238418584
			vertex 13.144891738891602 1.8499999046325684 4.77395921764641e-16
		endloop
	endfacet
	facet normal 0.9937129028350681 -0.11195832590344713 0
		outer loop
			vertex 13.144891738891602 1.8499999046325684 4.77395921764641e-16
			vertex 13.144891738891602 1.8499999046325684 0.6000000238418584
			vertex 13.141666412353516 1.8213727474212646 0.6000000238418584
		endloop
	endfacet
	facet normal 0.9937129028350681 -0.11195832590344713 0
		outer loop
			vertex 13.144891738891602 1.8499999046325684 4.77395921764641e-16
			vertex 13.141666412353516 1.8213727474212646 0.6000000238418584
			vertex 13.141666412353516 1.8213727474212646 4.837524275777517e-16
		endloop
	endfacet
	facet normal 0.9438828685535853 -0.33028038157156053 0
		outer loop
			vertex 13.141666412353516 1.8213727474212646 4.837524275777517e-16
			vertex 13.141666412353516 1.8213727474212646 0.6000000238418584
			vertex 13.13215160369873 1.7941811084747314 0.6000000238418584
		endloop
	endfacet
	facet normal 0.9438828685535853 -0.33028038157156053 0
		outer loop
			vertex 13.141666412353516 1.8213727474212646 4.837524275777517e-16
			vertex 13.13215160369873 1.7941811084747314 0.6000000238418584
			vertex 13.13215160369873 1.7941811084747314 4.897901843048987e-16
		endloop
	endfacet
	facet normal 0.8467177198951977 -0.5320423881754891 0
		outer loop
			vertex 13.13215160369873 1.7941811084747314 4.897901843048987e-16
			vertex 13.13215160369873 1.7941811084747314 0.6000000238418584
			vertex 13.11682415008545 1.7697882652282715 0.6000000238418584
		endloop
	endfacet
	facet normal 0.8467177198951977 -0.5320423881754891 0
		outer loop
			vertex 13.13215160369873 1.7941811084747314 4.897901843048987e-16
			vertex 13.11682415008545 1.7697882652282715 0.6000000238418584
			vertex 13.11682415008545 1.7697882652282715 4.952064835465572e-16
		endloop
	endfacet
	facet normal 0.7071233335052989 -0.707090228480322 0
		outer loop
			vertex 13.11682415008545 1.7697882652282715 4.952064835465572e-16
			vertex 13.11682415008545 1.7697882652282715 0.6000000238418584
			vertex 13.096454620361328 1.749417781829834 0.6000000238418585
		endloop
	endfacet
	facet normal 0.7071233335052989 -0.707090228480322 0
		outer loop
			vertex 13.11682415008545 1.7697882652282715 4.952064835465572e-16
			vertex 13.096454620361328 1.749417781829834 0.6000000238418585
			vertex 13.096454620361328 1.749417781829834 4.997296394848951e-16
		endloop
	endfacet
	facet normal 0.5320267933135652 -0.8467275188609881 0
		outer loop
			vertex 13.096454620361328 1.749417781829834 4.997296394848951e-16
			vertex 13.096454620361328 1.749417781829834 0.6000000238418585
			vertex 13.072061538696289 1.734090805053711 0.6000000238418585
		endloop
	endfacet
	facet normal 0.5320267933135652 -0.8467275188609881 0
		outer loop
			vertex 13.096454620361328 1.749417781829834 4.997296394848951e-16
			vertex 13.072061538696289 1.734090805053711 0.6000000238418585
			vertex 13.072061538696289 1.734090805053711 5.031329119878445e-16
		endloop
	endfacet
	facet normal 0.3302752215998393 -0.9438846740980473 0
		outer loop
			vertex 13.072061538696289 1.734090805053711 5.031329119878445e-16
			vertex 13.072061538696289 1.734090805053711 0.6000000238418585
			vertex 13.044869422912598 1.7245759963989258 0.6000000238418585
		endloop
	endfacet
	facet normal 0.3302752215998393 -0.9438846740980473 0
		outer loop
			vertex 13.072061538696289 1.734090805053711 5.031329119878445e-16
			vertex 13.044869422912598 1.7245759963989258 0.6000000238418585
			vertex 13.044869422912598 1.7245759963989258 5.052456239165335e-16
		endloop
	endfacet
	facet normal 0.11196557739424719 -0.9937120858069368 0
		outer loop
			vertex 13.044869422912598 1.7245759963989258 5.052456239165335e-16
			vertex 13.044869422912598 1.7245759963989258 0.6000000238418585
			vertex 13.016242027282715 1.7213504314422607 0.6000000238418585
		endloop
	endfacet
	facet normal 0.11196557739424719 -0.9937120858069368 0
		outer loop
			vertex 13.044869422912598 1.7245759963989258 5.052456239165335e-16
			vertex 13.016242027282715 1.7213504314422607 0.6000000238418585
			vertex 13.016242027282715 1.7213504314422607 5.059618432129963e-16
		endloop
	endfacet
	facet normal -0.11196926070287645 -0.9937116707866782 0
		outer loop
			vertex 13.016242027282715 1.7213504314422607 5.059618432129963e-16
			vertex 13.016242027282715 1.7213504314422607 0.6000000238418585
			vertex 12.987615585327148 1.7245759963989258 0.6000000238418585
		endloop
	endfacet
	facet normal -0.11196926070287645 -0.9937116707866782 0
		outer loop
			vertex 13.016242027282715 1.7213504314422607 5.059618432129963e-16
			vertex 12.987615585327148 1.7245759963989258 0.6000000238418585
			vertex 12.987615585327148 1.7245759963989258 5.052456239165335e-16
		endloop
	endfacet
	facet normal -0.3302752215998393 -0.9438846740980473 0
		outer loop
			vertex 12.987615585327148 1.7245759963989258 5.052456239165335e-16
			vertex 12.987615585327148 1.7245759963989258 0.6000000238418585
			vertex 12.960423469543457 1.734090805053711 0.6000000238418585
		endloop
	endfacet
	facet normal -0.3302752215998393 -0.9438846740980473 0
		outer loop
			vertex 12.987615585327148 1.7245759963989258 5.052456239165335e-16
			vertex 12.960423469543457 1.734090805053711 0.6000000238418585
			vertex 12.960423469543457 1.734090805053711 5.031329119878445e-16
		endloop
	endfacet
	facet normal -0.5320417062800161 -0.8467181483697211 0
		outer loop
			vertex 12.960423469543457 1.734090805053711 5.031329119878445e-16
			vertex 12.960423469543457 1.734090805053711 0.6000000238418585
			vertex 12.936031341552734 1.749417781829834 0.6000000238418585
		endloop
	endfacet
	facet normal -0.5320417062800161 -0.8467181483697211 0
		outer loop
			vertex 12.960423469543457 1.734090805053711 5.031329119878445e-16
			vertex 12.936031341552734 1.749417781829834 0.6000000238418585
			vertex 12.936031341552734 1.749417781829834 4.997296394848951e-16
		endloop
	endfacet
	facet normal -0.7071067811865476 -0.7071067811865476 0
		outer loop
			vertex 12.936031341552734 1.749417781829834 4.997296394848951e-16
			vertex 12.936031341552734 1.749417781829834 0.6000000238418585
			vertex 12.915660858154297 1.7697882652282715 0.6000000238418584
		endloop
	endfacet
	facet normal -0.7071067811865476 -0.7071067811865476 0
		outer loop
			vertex 12.936031341552734 1.749417781829834 4.997296394848951e-16
			vertex 12.915660858154297 1.7697882652282715 0.6000000238418584
			vertex 12.915660858154297 1.7697882652282715 4.952064835465572e-16
		endloop
	endfacet
	facet normal -0.8467177198951977 -0.5320423881754891 0
		outer loop
			vertex 12.915660858154297 1.7697882652282715 4.952064835465572e-16
			vertex 12.915660858154297 1.7697882652282715 0.6000000238418584
			vertex 12.900333404541016 1.7941811084747314 0.6000000238418584
		endloop
	endfacet
	facet normal -0.8467177198951977 -0.5320423881754891 0
		outer loop
			vertex 12.915660858154297 1.7697882652282715 4.952064835465572e-16
			vertex 12.900333404541016 1.7941811084747314 0.6000000238418584
			vertex 12.900333404541016 1.7941811084747314 4.897901843048987e-16
		endloop
	endfacet
	facet normal -0.9438828685535853 -0.33028038157156053 0
		outer loop
			vertex 12.900333404541016 1.7941811084747314 4.897901843048987e-16
			vertex 12.900333404541016 1.7941811084747314 0.6000000238418584
			vertex 12.89081859588623 1.8213727474212646 0.6000000238418584
		endloop
	endfacet
	facet normal -0.9438828685535853 -0.33028038157156053 0
		outer loop
			vertex 12.900333404541016 1.7941811084747314 4.897901843048987e-16
			vertex 12.89081859588623 1.8213727474212646 0.6000000238418584
			vertex 12.89081859588623 1.8213727474212646 4.837524275777517e-16
		endloop
	endfacet
	facet normal -0.9937129028350681 -0.11195832590344713 0
		outer loop
			vertex 12.89081859588623 1.8213727474212646 4.837524275777517e-16
			vertex 12.89081859588623 1.8213727474212646 0.6000000238418584
			vertex 12.887593269348145 1.8499999046325684 0.6000000238418584
		endloop
	endfacet
	facet normal -0.9937129028350681 -0.11195832590344713 0
		outer loop
			vertex 12.89081859588623 1.8213727474212646 4.837524275777517e-16
			vertex 12.887593269348145 1.8499999046325684 0.6000000238418584
			vertex 12.887593269348145 1.8499999046325684 4.77395921764641e-16
		endloop
	endfacet
	facet normal -0.9937129028350681 0.11195832590344713 0
		outer loop
			vertex 12.887593269348145 1.8499999046325684 4.77395921764641e-16
			vertex 12.887593269348145 1.8499999046325684 0.6000000238418584
			vertex 12.89081859588623 1.878627061843872 0.6000000238418584
		endloop
	endfacet
	facet normal -0.9937129028350681 0.11195832590344713 0
		outer loop
			vertex 12.887593269348145 1.8499999046325684 4.77395921764641e-16
			vertex 12.89081859588623 1.878627061843872 0.6000000238418584
			vertex 12.89081859588623 1.878627061843872 4.710394159515303e-16
		endloop
	endfacet
	facet normal -0.9438828685535853 0.33028038157156053 0
		outer loop
			vertex 12.89081859588623 1.878627061843872 4.710394159515303e-16
			vertex 12.89081859588623 1.878627061843872 0.6000000238418584
			vertex 12.900333404541016 1.9058187007904053 0.6000000238418584
		endloop
	endfacet
	facet normal -0.9438828685535853 0.33028038157156053 0
		outer loop
			vertex 12.89081859588623 1.878627061843872 4.710394159515303e-16
			vertex 12.900333404541016 1.9058187007904053 0.6000000238418584
			vertex 12.900333404541016 1.9058187007904053 4.650016592243832e-16
		endloop
	endfacet
	facet normal -0.8467177198951977 0.5320423881754891 0
		outer loop
			vertex 12.900333404541016 1.9058187007904053 4.650016592243832e-16
			vertex 12.900333404541016 1.9058187007904053 0.6000000238418584
			vertex 12.915660858154297 1.9302115440368652 0.6000000238418584
		endloop
	endfacet
	facet normal -0.8467177198951977 0.5320423881754891 0
		outer loop
			vertex 12.900333404541016 1.9058187007904053 4.650016592243832e-16
			vertex 12.915660858154297 1.9302115440368652 0.6000000238418584
			vertex 12.915660858154297 1.9302115440368652 4.595853599827248e-16
		endloop
	endfacet
	facet normal -0.7071067811865476 0.7071067811865476 0
		outer loop
			vertex 12.915660858154297 1.9302115440368652 4.595853599827248e-16
			vertex 12.915660858154297 1.9302115440368652 0.6000000238418584
			vertex 12.936031341552734 1.9505820274353027 0.6000000238418584
		endloop
	endfacet
	facet normal -0.7071067811865476 0.7071067811865476 0
		outer loop
			vertex 12.915660858154297 1.9302115440368652 4.595853599827248e-16
			vertex 12.936031341552734 1.9505820274353027 0.6000000238418584
			vertex 12.936031341552734 1.9505820274353027 4.550622040443869e-16
		endloop
	endfacet
	facet normal -0.5320417062800161 0.8467181483697211 0
		outer loop
			vertex 12.936031341552734 1.9505820274353027 4.550622040443869e-16
			vertex 12.936031341552734 1.9505820274353027 0.6000000238418584
			vertex 12.960423469543457 1.9659090042114258 0.6000000238418584
		endloop
	endfacet
	facet normal -0.5320417062800161 0.8467181483697211 0
		outer loop
			vertex 12.936031341552734 1.9505820274353027 4.550622040443869e-16
			vertex 12.960423469543457 1.9659090042114258 0.6000000238418584
			vertex 12.960423469543457 1.9659090042114258 4.516589315414375e-16
		endloop
	endfacet
	facet normal -0.3302752215998393 0.9438846740980473 0
		outer loop
			vertex 12.960423469543457 1.9659090042114258 4.516589315414375e-16
			vertex 12.960423469543457 1.9659090042114258 0.6000000238418584
			vertex 12.987615585327148 1.975423812866211 0.6000000238418584
		endloop
	endfacet
	facet normal -0.3302752215998393 0.9438846740980473 0
		outer loop
			vertex 12.960423469543457 1.9659090042114258 4.516589315414375e-16
			vertex 12.987615585327148 1.975423812866211 0.6000000238418584
			vertex 12.987615585327148 1.975423812866211 4.495462196127484e-16
		endloop
	endfacet
	facet normal -0.11196108821098112 0.9937125916111827 0
		outer loop
			vertex 12.987615585327148 1.975423812866211 4.495462196127484e-16
			vertex 12.987615585327148 1.975423812866211 0.6000000238418584
			vertex 13.016242027282715 1.9786491394042969 0.6000000238418584
		endloop
	endfacet
	facet normal -0.11196108821098112 0.9937125916111827 0
		outer loop
			vertex 12.987615585327148 1.975423812866211 4.495462196127484e-16
			vertex 13.016242027282715 1.9786491394042969 0.6000000238418584
			vertex 13.016242027282715 1.9786491394042969 4.488300532558449e-16
		endloop
	endfacet
	facet normal 0.11195740516436635 0.9937130065712445 0
		outer loop
			vertex 13.016242027282715 1.9786491394042969 4.488300532558449e-16
			vertex 13.016242027282715 1.9786491394042969 0.6000000238418584
			vertex 13.044869422912598 1.975423812866211 0.6000000238418584
		endloop
	endfacet
	facet normal 0 0 1
		outer loop
			vertex 13.016242027282715 1.9786491394042969 0.6000000238418584
			vertex 12.987615585327148 1.975423812866211 0.6000000238418584
			vertex 13.016242027282715 1.8499999046325684 0.6000000238418584
		endloop
	endfacet
	facet normal 0 0 1
		outer loop
			vertex 13.096454620361328 1.9505820274353027 0.6000000238418584
			vertex 13.072061538696289 1.9659090042114258 0.6000000238418584
			vertex 13.016242027282715 1.8499999046325684 0.6000000238418584
		endloop
	endfacet
	facet normal 0 0 1
		outer loop
			vertex 13.016242027282715 1.8499999046325684 0.6000000238418584
			vertex 13.072061538696289 1.9659090042114258 0.6000000238418584
			vertex 13.044869422912598 1.975423812866211 0.6000000238418584
		endloop
	endfacet
	facet normal 0 0 1
		outer loop
			vertex 13.016242027282715 1.8499999046325684 0.6000000238418584
			vertex 13.044869422912598 1.975423812866211 0.6000000238418584
			vertex 13.016242027282715 1.9786491394042969 0.6000000238418584
		endloop
	endfacet
	facet normal 0 0 1
		outer loop
			vertex 13.141666412353516 1.878627061843872 0.6000000238418584
			vertex 13.13215160369873 1.9058187007904053 0.6000000238418584
			vertex 13.016242027282715 1.8499999046325684 0.6000000238418584
		endloop
	endfacet
	facet normal 0 0 1
		outer loop
			vertex 13.016242027282715 1.8499999046325684 0.6000000238418584
			vertex 13.13215160369873 1.9058187007904053 0.6000000238418584
			vertex 13.11682415008545 1.9302115440368652 0.6000000238418584
		endloop
	endfacet
	facet normal 0 0 1
		outer loop
			vertex 13.016242027282715 1.8499999046325684 0.6000000238418584
			vertex 13.11682415008545 1.9302115440368652 0.6000000238418584
			vertex 13.096454620361328 1.9505820274353027 0.6000000238418584
		endloop
	endfacet
	facet normal 0 0 1
		outer loop
			vertex 13.13215160369873 1.7941811084747314 0.6000000238418584
			vertex 13.141666412353516 1.8213727474212646 0.6000000238418584
			vertex 13.016242027282715 1.8499999046325684 0.6000000238418584
		endloop
	endfacet
	facet normal 0 0 1
		outer loop
			vertex 13.016242027282715 1.8499999046325684 0.6000000238418584
			vertex 13.141666412353516 1.8213727474212646 0.6000000238418584
			vertex 13.144891738891602 1.8499999046325684 0.6000000238418584
		endloop
	endfacet
	facet normal 0 0 1
		outer loop
			vertex 13.016242027282715 1.8499999046325684 0.6000000238418584
			vertex 13.144891738891602 1.8499999046325684 0.6000000238418584
			vertex 13.141666412353516 1.878627061843872 0.6000000238418584
		endloop
	endfacet
	facet normal -4.620339780399243e-16 7.353330485832177e-16 1
		outer loop
			vertex 13.072061538696289 1.734090805053711 0.6000000238418585
			vertex 13.096454620361328 1.749417781829834 0.6000000238418585
			vertex 13.016242027282715 1.8499999046325684 0.6000000238418584
		endloop
	endfacet
	facet normal 2.4180866866905747e-15 3.032182035857249e-15 1
		outer loop
			vertex 13.016242027282715 1.8499999046325684 0.6000000238418584
			vertex 13.096454620361328 1.749417781829834 0.6000000238418585
			vertex 13.11682415008545 1.7697882652282715 0.6000000238418584
		endloop
	endfacet
	facet normal 0 0 1
		outer loop
			vertex 13.016242027282715 1.8499999046325684 0.6000000238418584
			vertex 13.11682415008545 1.7697882652282715 0.6000000238418584
			vertex 13.13215160369873 1.7941811084747314 0.6000000238418584
		endloop
	endfacet
	facet normal 9.723903447035373e-17 8.629829544523935e-16 1
		outer loop
			vertex 12.987615585327148 1.7245759963989258 0.6000000238418585
			vertex 13.016242027282715 1.7213504314422607 0.6000000238418585
			vertex 13.016242027282715 1.8499999046325684 0.6000000238418584
		endloop
	endfacet
	facet normal -9.723579511281923e-17 8.629829544523934e-16 1
		outer loop
			vertex 13.016242027282715 1.8499999046325684 0.6000000238418584
			vertex 13.016242027282715 1.7213504314422607 0.6000000238418585
			vertex 13.044869422912598 1.7245759963989258 0.6000000238418585
		endloop
	endfacet
	facet normal -2.868252230678138e-16 8.197100917442692e-16 1
		outer loop
			vertex 13.016242027282715 1.8499999046325684 0.6000000238418584
			vertex 13.044869422912598 1.7245759963989258 0.6000000238418585
			vertex 13.072061538696289 1.734090805053711 0.6000000238418585
		endloop
	endfacet
	facet normal -2.41804921619467e-15 3.032106300047597e-15 1
		outer loop
			vertex 12.915660858154297 1.7697882652282715 0.6000000238418584
			vertex 12.936031341552734 1.749417781829834 0.6000000238418585
			vertex 13.016242027282715 1.8499999046325684 0.6000000238418584
		endloop
	endfacet
	facet normal 4.620496798306065e-16 7.353292885559793e-16 1
		outer loop
			vertex 13.016242027282715 1.8499999046325684 0.6000000238418584
			vertex 12.936031341552734 1.749417781829834 0.6000000238418585
			vertex 12.960423469543457 1.734090805053711 0.6000000238418585
		endloop
	endfacet
	facet normal 2.868259297523806e-16 8.197121113590888e-16 1
		outer loop
			vertex 13.016242027282715 1.8499999046325684 0.6000000238418584
			vertex 12.960423469543457 1.734090805053711 0.6000000238418585
			vertex 12.987615585327148 1.7245759963989258 0.6000000238418585
		endloop
	endfacet
	facet normal 0 0 1
		outer loop
			vertex 12.887593269348145 1.8499999046325684 0.6000000238418584
			vertex 12.89081859588623 1.8213727474212646 0.6000000238418584
			vertex 13.016242027282715 1.8499999046325684 0.6000000238418584
		endloop
	endfacet
	facet normal 0 0 1
		outer loop
			vertex 13.016242027282715 1.8499999046325684 0.6000000238418584
			vertex 12.89081859588623 1.8213727474212646 0.6000000238418584
			vertex 12.900333404541016 1.7941811084747314 0.6000000238418584
		endloop
	endfacet
	facet normal 0 0 1
		outer loop
			vertex 13.016242027282715 1.8499999046325684 0.6000000238418584
			vertex 12.900333404541016 1.7941811084747314 0.6000000238418584
			vertex 12.915660858154297 1.7697882652282715 0.6000000238418584
		endloop
	endfacet
	facet normal 0 0 1
		outer loop
			vertex 12.915660858154297 1.9302115440368652 0.6000000238418584
			vertex 12.900333404541016 1.9058187007904053 0.6000000238418584
			vertex 13.016242027282715 1.8499999046325684 0.6000000238418584
		endloop
	endfacet
	facet normal 0 0 1
		outer loop
			vertex 13.016242027282715 1.8499999046325684 0.6000000238418584
			vertex 12.900333404541016 1.9058187007904053 0.6000000238418584
			vertex 12.89081859588623 1.878627061843872 0.6000000238418584
		endloop
	endfacet
	facet normal 0 0 1
		outer loop
			vertex 13.016242027282715 1.8499999046325684 0.6000000238418584
			vertex 12.89081859588623 1.878627061843872 0.6000000238418584
			vertex 12.887593269348145 1.8499999046325684 0.6000000238418584
		endloop
	endfacet
	facet normal 0 0 1
		outer loop
			vertex 12.987615585327148 1.975423812866211 0.6000000238418584
			vertex 12.960423469543457 1.9659090042114258 0.6000000238418584
			vertex 13.016242027282715 1.8499999046325684 0.6000000238418584
		endloop
	endfacet
	facet normal 0 0 1
		outer loop
			vertex 13.016242027282715 1.8499999046325684 0.6000000238418584
			vertex 12.960423469543457 1.9659090042114258 0.6000000238418584
			vertex 12.936031341552734 1.9505820274353027 0.6000000238418584
		endloop
	endfacet
	facet normal 0 0 1
		outer loop
			vertex 13.016242027282715 1.8499999046325684 0.6000000238418584
			vertex 12.936031341552734 1.9505820274353027 0.6000000238418584
			vertex 12.915660858154297 1.9302115440368652 0.6000000238418584
		endloop
	endfacet
	facet normal 0 -2.220446049250313e-16 -1
		outer loop
			vertex 13.016242027282715 1.9786491394042969 4.488300532558449e-16
			vertex 13.044869422912598 1.975423812866211 4.495462196127484e-16
			vertex 13.016242027282715 1.8499999046325684 4.77395921764641e-16
		endloop
	endfacet
	facet normal 0 -2.220446049250313e-16 -1
		outer loop
			vertex 12.936031341552734 1.9505820274353027 4.550622040443869e-16
			vertex 12.960423469543457 1.9659090042114258 4.516589315414375e-16
			vertex 13.016242027282715 1.8499999046325684 4.77395921764641e-16
		endloop
	endfacet
	facet normal 0 -2.220446049250313e-16 -1
		outer loop
			vertex 13.016242027282715 1.8499999046325684 4.77395921764641e-16
			vertex 12.960423469543457 1.9659090042114258 4.516589315414375e-16
			vertex 12.987615585327148 1.975423812866211 4.495462196127484e-16
		endloop
	endfacet
	facet normal 0 -2.220446049250313e-16 -1
		outer loop
			vertex 13.016242027282715 1.8499999046325684 4.77395921764641e-16
			vertex 12.987615585327148 1.975423812866211 4.495462196127484e-16
			vertex 13.016242027282715 1.9786491394042969 4.488300532558449e-16
		endloop
	endfacet
	facet normal 0 -2.220446049250313e-16 -1
		outer loop
			vertex 12.89081859588623 1.878627061843872 4.710394159515303e-16
			vertex 12.900333404541016 1.9058187007904053 4.650016592243832e-16
			vertex 13.016242027282715 1.8499999046325684 4.77395921764641e-16
		endloop
	endfacet
	facet normal 0 -2.220446049250313e-16 -1
		outer loop
			vertex 13.016242027282715 1.8499999046325684 4.77395921764641e-16
			vertex 12.900333404541016 1.9058187007904053 4.650016592243832e-16
			vertex 12.915660858154297 1.9302115440368652 4.595853599827248e-16
		endloop
	endfacet
	facet normal 0 -2.220446049250313e-16 -1
		outer loop
			vertex 13.016242027282715 1.8499999046325684 4.77395921764641e-16
			vertex 12.915660858154297 1.9302115440368652 4.595853599827248e-16
			vertex 12.936031341552734 1.9505820274353027 4.550622040443869e-16
		endloop
	endfacet
	facet normal 0 -2.220446049250313e-16 -1
		outer loop
			vertex 12.900333404541016 1.7941811084747314 4.897901843048987e-16
			vertex 12.89081859588623 1.8213727474212646 4.837524275777517e-16
			vertex 13.016242027282715 1.8499999046325684 4.77395921764641e-16
		endloop
	endfacet
	facet normal 0 -2.220446049250313e-16 -1
		outer loop
			vertex 13.016242027282715 1.8499999046325684 4.77395921764641e-16
			vertex 12.89081859588623 1.8213727474212646 4.837524275777517e-16
			vertex 12.887593269348145 1.8499999046325684 4.77395921764641e-16
		endloop
	endfacet
	facet normal 0 -2.220446049250313e-16 -1
		outer loop
			vertex 13.016242027282715 1.8499999046325684 4.77395921764641e-16
			vertex 12.887593269348145 1.8499999046325684 4.77395921764641e-16
			vertex 12.89081859588623 1.878627061843872 4.710394159515303e-16
		endloop
	endfacet
	facet normal 0 -2.220446049250313e-16 -1
		outer loop
			vertex 12.960423469543457 1.734090805053711 5.031329119878445e-16
			vertex 12.936031341552734 1.749417781829834 4.997296394848951e-16
			vertex 13.016242027282715 1.8499999046325684 4.77395921764641e-16
		endloop
	endfacet
	facet normal 0 -2.220446049250313e-16 -1
		outer loop
			vertex 13.016242027282715 1.8499999046325684 4.77395921764641e-16
			vertex 12.936031341552734 1.749417781829834 4.997296394848951e-16
			vertex 12.915660858154297 1.7697882652282715 4.952064835465572e-16
		endloop
	endfacet
	facet normal 0 -2.220446049250313e-16 -1
		outer loop
			vertex 13.016242027282715 1.8499999046325684 4.77395921764641e-16
			vertex 12.915660858154297 1.7697882652282715 4.952064835465572e-16
			vertex 12.900333404541016 1.7941811084747314 4.897901843048987e-16
		endloop
	endfacet
	facet normal 0 -2.220446049250313e-16 -1
		outer loop
			vertex 13.044869422912598 1.7245759963989258 5.052456239165335e-16
			vertex 13.016242027282715 1.7213504314422607 5.059618432129963e-16
			vertex 13.016242027282715 1.8499999046325684 4.77395921764641e-16
		endloop
	endfacet
	facet normal 0 -2.220446049250313e-16 -1
		outer loop
			vertex 13.016242027282715 1.8499999046325684 4.77395921764641e-16
			vertex 13.016242027282715 1.7213504314422607 5.059618432129963e-16
			vertex 12.987615585327148 1.7245759963989258 5.052456239165335e-16
		endloop
	endfacet
	facet normal 0 -2.220446049250313e-16 -1
		outer loop
			vertex 13.016242027282715 1.8499999046325684 4.77395921764641e-16
			vertex 12.987615585327148 1.7245759963989258 5.052456239165335e-16
			vertex 12.960423469543457 1.734090805053711 5.031329119878445e-16
		endloop
	endfacet
	facet normal 0 -2.220446049250313e-16 -1
		outer loop
			vertex 13.11682415008545 1.7697882652282715 4.952064835465572e-16
			vertex 13.096454620361328 1.749417781829834 4.997296394848951e-16
			vertex 13.016242027282715 1.8499999046325684 4.77395921764641e-16
		endloop
	endfacet
	facet normal 0 -2.220446049250313e-16 -1
		outer loop
			vertex 13.016242027282715 1.8499999046325684 4.77395921764641e-16
			vertex 13.096454620361328 1.749417781829834 4.997296394848951e-16
			vertex 13.072061538696289 1.734090805053711 5.031329119878445e-16
		endloop
	endfacet
	facet normal 0 -2.220446049250313e-16 -1
		outer loop
			vertex 13.016242027282715 1.8499999046325684 4.77395921764641e-16
			vertex 13.072061538696289 1.734090805053711 5.031329119878445e-16
			vertex 13.044869422912598 1.7245759963989258 5.052456239165335e-16
		endloop
	endfacet
	facet normal 0 -2.220446049250313e-16 -1
		outer loop
			vertex 13.144891738891602 1.8499999046325684 4.77395921764641e-16
			vertex 13.141666412353516 1.8213727474212646 4.837524275777517e-16
			vertex 13.016242027282715 1.8499999046325684 4.77395921764641e-16
		endloop
	endfacet
	facet normal 0 -2.220446049250313e-16 -1
		outer loop
			vertex 13.016242027282715 1.8499999046325684 4.77395921764641e-16
			vertex 13.141666412353516 1.8213727474212646 4.837524275777517e-16
			vertex 13.13215160369873 1.7941811084747314 4.897901843048987e-16
		endloop
	endfacet
	facet normal 0 -2.220446049250313e-16 -1
		outer loop
			vertex 13.016242027282715 1.8499999046325684 4.77395921764641e-16
			vertex 13.13215160369873 1.7941811084747314 4.897901843048987e-16
			vertex 13.11682415008545 1.7697882652282715 4.952064835465572e-16
		endloop
	endfacet
	facet normal 0 -2.220446049250313e-16 -1
		outer loop
			vertex 13.11682415008545 1.9302115440368652 4.595853599827248e-16
			vertex 13.13215160369873 1.9058187007904053 4.650016592243832e-16
			vertex 13.016242027282715 1.8499999046325684 4.77395921764641e-16
		endloop
	endfacet
	facet normal 0 -2.220446049250313e-16 -1
		outer loop
			vertex 13.016242027282715 1.8499999046325684 4.77395921764641e-16
			vertex 13.13215160369873 1.9058187007904053 4.650016592243832e-16
			vertex 13.141666412353516 1.878627061843872 4.710394159515303e-16
		endloop
	endfacet
	facet normal 0 -2.220446049250313e-16 -1
		outer loop
			vertex 13.016242027282715 1.8499999046325684 4.77395921764641e-16
			vertex 13.141666412353516 1.878627061843872 4.710394159515303e-16
			vertex 13.144891738891602 1.8499999046325684 4.77395921764641e-16
		endloop
	endfacet
	facet normal 0 -2.220446049250313e-16 -1
		outer loop
			vertex 13.044869422912598 1.975423812866211 4.495462196127484e-16
			vertex 13.072061538696289 1.9659090042114258 4.516589315414375e-16
			vertex 13.016242027282715 1.8499999046325684 4.77395921764641e-16
		endloop
	endfacet
	facet normal 0 -2.220446049250313e-16 -1
		outer loop
			vertex 13.016242027282715 1.8499999046325684 4.77395921764641e-16
			vertex 13.072061538696289 1.9659090042114258 4.516589315414375e-16
			vertex 13.096454620361328 1.9505820274353027 4.550622040443869e-16
		endloop
	endfacet
	facet normal 0 -2.220446049250313e-16 -1
		outer loop
			vertex 13.016242027282715 1.8499999046325684 4.77395921764641e-16
			vertex 13.096454620361328 1.9505820274353027 4.550622040443869e-16
			vertex 13.11682415008545 1.9302115440368652 4.595853599827248e-16
		endloop
	endfacet
	facet normal 0.11196359968271272 0.9937123086417363 0
		outer loop
			vertex 13.016242027282715 2.2798452377319336 3.8195108459772396e-16
			vertex 13.045135498046875 2.2765897512435913 0.6000000238418582
			vertex 13.045135498046875 2.2765897512435913 3.826739478088667e-16
		endloop
	endfacet
	facet normal 0.33027591413075896 0.9438844317738753 0
		outer loop
			vertex 13.045135498046875 2.2765897512435913 3.826739478088667e-16
			vertex 13.045135498046875 2.2765897512435913 0.6000000238418582
			vertex 13.072580337524414 2.2669864892959595 0.6000000238418582
		endloop
	endfacet
	facet normal 0.33027591413075896 0.9438844317738753 0
		outer loop
			vertex 13.045135498046875 2.2765897512435913 3.826739478088667e-16
			vertex 13.072580337524414 2.2669864892959595 0.6000000238418582
			vertex 13.072580337524414 2.2669864892959595 3.848063003140202e-16
		endloop
	endfacet
	facet normal 0.5320376126086811 0.8467207206450394 0
		outer loop
			vertex 13.072580337524414 2.2669864892959595 3.848063003140202e-16
			vertex 13.072580337524414 2.2669864892959595 0.6000000238418582
			vertex 13.097199440002441 2.2515170574188232 0.6000000238418582
		endloop
	endfacet
	facet normal 0.5320376126086811 0.8467207206450394 0
		outer loop
			vertex 13.072580337524414 2.2669864892959595 3.848063003140202e-16
			vertex 13.097199440002441 2.2515170574188232 0.6000000238418582
			vertex 13.097199440002441 2.2515170574188232 3.882412042035936e-16
		endloop
	endfacet
	facet normal 0.7071006313534799 0.7071129309661295 0
		outer loop
			vertex 13.097199440002441 2.2515170574188232 3.882412042035936e-16
			vertex 13.097199440002441 2.2515170574188232 0.6000000238418582
			vertex 13.117759704589844 2.2309571504592896 0.6000000238418584
		endloop
	endfacet
	facet normal 0.7071006313534799 0.7071129309661295 0
		outer loop
			vertex 13.097199440002441 2.2515170574188232 3.882412042035936e-16
			vertex 13.117759704589844 2.2309571504592896 0.6000000238418584
			vertex 13.117759704589844 2.2309571504592896 3.9280642062171865e-16
		endloop
	endfacet
	facet normal 0.8467223552883284 0.532035011117676 0
		outer loop
			vertex 13.117759704589844 2.2309571504592896 3.9280642062171865e-16
			vertex 13.117759704589844 2.2309571504592896 0.6000000238418584
			vertex 13.13322925567627 2.2063376903533936 0.6000000238418584
		endloop
	endfacet
	facet normal 0.8467223552883284 0.532035011117676 0
		outer loop
			vertex 13.117759704589844 2.2309571504592896 3.9280642062171865e-16
			vertex 13.13322925567627 2.2063376903533936 0.6000000238418584
			vertex 13.13322925567627 2.2063376903533936 3.982730389143999e-16
		endloop
	endfacet
	facet normal 0.9438805338161056 0.33028705376236517 0
		outer loop
			vertex 13.13322925567627 2.2063376903533936 3.982730389143999e-16
			vertex 13.13322925567627 2.2063376903533936 0.6000000238418584
			vertex 13.14283275604248 2.178893208503723 0.6000000238418584
		endloop
	endfacet
	facet normal 0.9438805338161056 0.33028705376236517 0
		outer loop
			vertex 13.13322925567627 2.2063376903533936 3.982730389143999e-16
			vertex 13.14283275604248 2.178893208503723 0.6000000238418584
			vertex 13.14283275604248 2.178893208503723 4.0436693804408216e-16
		endloop
	endfacet
	facet normal 0.9937108887097135 0.11197620130970477 0
		outer loop
			vertex 13.14283275604248 2.178893208503723 4.0436693804408216e-16
			vertex 13.14283275604248 2.178893208503723 0.6000000238418584
			vertex 13.146088600158691 2.1499998569488525 0.6000000238418584
		endloop
	endfacet
	facet normal 0.9937108887097135 0.11197620130970477 0
		outer loop
			vertex 13.14283275604248 2.178893208503723 4.0436693804408216e-16
			vertex 13.146088600158691 2.1499998569488525 0.6000000238418584
			vertex 13.146088600158691 2.1499998569488525 4.1078255087504344e-16
		endloop
	endfacet
	facet normal 0.9937108373022304 -0.11197665751441374 0
		outer loop
			vertex 13.146088600158691 2.1499998569488525 4.1078255087504344e-16
			vertex 13.146088600158691 2.1499998569488525 0.6000000238418584
			vertex 13.14283275604248 2.1211066246032715 0.6000000238418584
		endloop
	endfacet
	facet normal 0.9937108373022304 -0.11197665751441374 0
		outer loop
			vertex 13.146088600158691 2.1499998569488525 4.1078255087504344e-16
			vertex 13.14283275604248 2.1211066246032715 0.6000000238418584
			vertex 13.14283275604248 2.1211066246032715 4.171981372362251e-16
		endloop
	endfacet
	facet normal 0.9438805338161056 -0.33028705376236517 0
		outer loop
			vertex 13.14283275604248 2.1211066246032715 4.171981372362251e-16
			vertex 13.14283275604248 2.1211066246032715 0.6000000238418584
			vertex 13.13322925567627 2.093662142753601 0.6000000238418584
		endloop
	endfacet
	facet normal 0.9438805338161056 -0.33028705376236517 0
		outer loop
			vertex 13.14283275604248 2.1211066246032715 4.171981372362251e-16
			vertex 13.13322925567627 2.093662142753601 0.6000000238418584
			vertex 13.13322925567627 2.093662142753601 4.232920363659074e-16
		endloop
	endfacet
	facet normal 0.8467223552883284 -0.532035011117676 0
		outer loop
			vertex 13.13322925567627 2.093662142753601 4.232920363659074e-16
			vertex 13.13322925567627 2.093662142753601 0.6000000238418584
			vertex 13.117759704589844 2.069042682647705 0.6000000238418584
		endloop
	endfacet
	facet normal 0.8467223552883284 -0.532035011117676 0
		outer loop
			vertex 13.13322925567627 2.093662142753601 4.232920363659074e-16
			vertex 13.117759704589844 2.069042682647705 0.6000000238418584
			vertex 13.117759704589844 2.069042682647705 4.2875865465858863e-16
		endloop
	endfacet
	facet normal 0.7071006313534799 -0.7071129309661295 0
		outer loop
			vertex 13.117759704589844 2.069042682647705 4.2875865465858863e-16
			vertex 13.117759704589844 2.069042682647705 0.6000000238418584
			vertex 13.097199440002441 2.0484827756881714 0.6000000238418584
		endloop
	endfacet
	facet normal 0.7071006313534799 -0.7071129309661295 0
		outer loop
			vertex 13.117759704589844 2.069042682647705 4.2875865465858863e-16
			vertex 13.097199440002441 2.0484827756881714 0.6000000238418584
			vertex 13.097199440002441 2.0484827756881714 4.333238710767137e-16
		endloop
	endfacet
	facet normal 0.5320405519974201 -0.8467188736707602 0
		outer loop
			vertex 13.097199440002441 2.0484827756881714 4.333238710767137e-16
			vertex 13.097199440002441 2.0484827756881714 0.6000000238418584
			vertex 13.072580337524414 2.0330132246017456 0.6000000238418584
		endloop
	endfacet
	facet normal 0.5320405519974201 -0.8467188736707602 0
		outer loop
			vertex 13.097199440002441 2.0484827756881714 4.333238710767137e-16
			vertex 13.072580337524414 2.0330132246017456 0.6000000238418584
			vertex 13.072580337524414 2.0330132246017456 4.367588014360667e-16
		endloop
	endfacet
	facet normal 0.3302722614917256 -0.9438857098659464 0
		outer loop
			vertex 13.072580337524414 2.0330132246017456 4.367588014360667e-16
			vertex 13.072580337524414 2.0330132246017456 0.6000000238418584
			vertex 13.045135498046875 2.0234100818634033 0.6000000238418584
		endloop
	endfacet
	facet normal 0.3302722614917256 -0.9438857098659464 0
		outer loop
			vertex 13.072580337524414 2.0330132246017456 4.367588014360667e-16
			vertex 13.045135498046875 2.0234100818634033 0.6000000238418584
			vertex 13.045135498046875 2.0234100818634033 4.388911274714406e-16
		endloop
	endfacet
	facet normal 0.11196359968271272 -0.9937123086417363 0
		outer loop
			vertex 13.045135498046875 2.0234100818634033 4.388911274714406e-16
			vertex 13.045135498046875 2.0234100818634033 0.6000000238418584
			vertex 13.016242027282715 2.020154595375061 0.6000000238418584
		endloop
	endfacet
	facet normal 0.11196359968271272 -0.9937123086417363 0
		outer loop
			vertex 13.045135498046875 2.0234100818634033 4.388911274714406e-16
			vertex 13.016242027282715 2.020154595375061 0.6000000238418584
			vertex 13.016242027282715 2.020154595375061 4.3961399068258333e-16
		endloop
	endfacet
	facet normal -0.11196359968271272 -0.9937123086417363 0
		outer loop
			vertex 13.016242027282715 2.020154595375061 4.3961399068258333e-16
			vertex 13.016242027282715 2.020154595375061 0.6000000238418584
			vertex 12.987348556518555 2.0234100818634033 0.6000000238418584
		endloop
	endfacet
	facet normal -0.11196359968271272 -0.9937123086417363 0
		outer loop
			vertex 13.016242027282715 2.020154595375061 4.3961399068258333e-16
			vertex 12.987348556518555 2.0234100818634033 0.6000000238418584
			vertex 12.987348556518555 2.0234100818634033 4.388911274714406e-16
		endloop
	endfacet
	facet normal -0.3302824864827681 -0.9438821320073605 0
		outer loop
			vertex 12.987348556518555 2.0234100818634033 4.388911274714406e-16
			vertex 12.987348556518555 2.0234100818634033 0.6000000238418584
			vertex 12.959904670715332 2.0330132246017456 0.6000000238418584
		endloop
	endfacet
	facet normal -0.3302824864827681 -0.9438821320073605 0
		outer loop
			vertex 12.987348556518555 2.0234100818634033 4.388911274714406e-16
			vertex 12.959904670715332 2.0330132246017456 0.6000000238418584
			vertex 12.959904670715332 2.0330132246017456 4.367588014360667e-16
		endloop
	endfacet
	facet normal -0.5320405519974201 -0.8467188736707602 0
		outer loop
			vertex 12.959904670715332 2.0330132246017456 4.367588014360667e-16
			vertex 12.959904670715332 2.0330132246017456 0.6000000238418584
			vertex 12.935285568237305 2.0484827756881714 0.6000000238418584
		endloop
	endfacet
	facet normal -0.5320405519974201 -0.8467188736707602 0
		outer loop
			vertex 12.959904670715332 2.0330132246017456 4.367588014360667e-16
			vertex 12.935285568237305 2.0484827756881714 0.6000000238418584
			vertex 12.935285568237305 2.0484827756881714 4.333238710767137e-16
		endloop
	endfacet
	facet normal -0.7071006313534799 -0.7071129309661295 0
		outer loop
			vertex 12.935285568237305 2.0484827756881714 4.333238710767137e-16
			vertex 12.935285568237305 2.0484827756881714 0.6000000238418584
			vertex 12.914725303649902 2.069042682647705 0.6000000238418584
		endloop
	endfacet
	facet normal -0.7071006313534799 -0.7071129309661295 0
		outer loop
			vertex 12.935285568237305 2.0484827756881714 4.333238710767137e-16
			vertex 12.914725303649902 2.069042682647705 0.6000000238418584
			vertex 12.914725303649902 2.069042682647705 4.2875865465858863e-16
		endloop
	endfacet
	facet normal -0.8467223552883284 -0.532035011117676 0
		outer loop
			vertex 12.914725303649902 2.069042682647705 4.2875865465858863e-16
			vertex 12.914725303649902 2.069042682647705 0.6000000238418584
			vertex 12.899255752563477 2.093662142753601 0.6000000238418584
		endloop
	endfacet
	facet normal -0.8467223552883284 -0.532035011117676 0
		outer loop
			vertex 12.914725303649902 2.069042682647705 4.2875865465858863e-16
			vertex 12.899255752563477 2.093662142753601 0.6000000238418584
			vertex 12.899255752563477 2.093662142753601 4.232920363659074e-16
		endloop
	endfacet
	facet normal -0.9438805338161056 -0.33028705376236517 0
		outer loop
			vertex 12.899255752563477 2.093662142753601 4.232920363659074e-16
			vertex 12.899255752563477 2.093662142753601 0.6000000238418584
			vertex 12.889652252197266 2.1211066246032715 0.6000000238418584
		endloop
	endfacet
	facet normal -0.9438805338161056 -0.33028705376236517 0
		outer loop
			vertex 12.899255752563477 2.093662142753601 4.232920363659074e-16
			vertex 12.889652252197266 2.1211066246032715 0.6000000238418584
			vertex 12.889652252197266 2.1211066246032715 4.171981372362251e-16
		endloop
	endfacet
	facet normal -0.9937144864402647 -0.11194426934310193 0
		outer loop
			vertex 12.889652252197266 2.1211066246032715 4.171981372362251e-16
			vertex 12.889652252197266 2.1211066246032715 0.6000000238418584
			vertex 12.886397361755371 2.1499998569488525 0.6000000238418584
		endloop
	endfacet
	facet normal -0.9937144864402647 -0.11194426934310193 0
		outer loop
			vertex 12.889652252197266 2.1211066246032715 4.171981372362251e-16
			vertex 12.886397361755371 2.1499998569488525 0.6000000238418584
			vertex 12.886397361755371 2.1499998569488525 4.1078255087504344e-16
		endloop
	endfacet
	facet normal -0.9937145378182026 0.1119438132669962 0
		outer loop
			vertex 12.886397361755371 2.1499998569488525 4.1078255087504344e-16
			vertex 12.886397361755371 2.1499998569488525 0.6000000238418584
			vertex 12.889652252197266 2.178893208503723 0.6000000238418584
		endloop
	endfacet
	facet normal -0.9937145378182026 0.1119438132669962 0
		outer loop
			vertex 12.886397361755371 2.1499998569488525 4.1078255087504344e-16
			vertex 12.889652252197266 2.178893208503723 0.6000000238418584
			vertex 12.889652252197266 2.178893208503723 4.0436693804408216e-16
		endloop
	endfacet
	facet normal -0.9438805338161056 0.33028705376236517 0
		outer loop
			vertex 12.889652252197266 2.178893208503723 4.0436693804408216e-16
			vertex 12.889652252197266 2.178893208503723 0.6000000238418584
			vertex 12.899255752563477 2.2063376903533936 0.6000000238418584
		endloop
	endfacet
	facet normal -0.9438805338161056 0.33028705376236517 0
		outer loop
			vertex 12.889652252197266 2.178893208503723 4.0436693804408216e-16
			vertex 12.899255752563477 2.2063376903533936 0.6000000238418584
			vertex 12.899255752563477 2.2063376903533936 3.982730389143999e-16
		endloop
	endfacet
	facet normal -0.8467223552883284 0.532035011117676 0
		outer loop
			vertex 12.899255752563477 2.2063376903533936 3.982730389143999e-16
			vertex 12.899255752563477 2.2063376903533936 0.6000000238418584
			vertex 12.914725303649902 2.2309571504592896 0.6000000238418584
		endloop
	endfacet
	facet normal -0.8467223552883284 0.532035011117676 0
		outer loop
			vertex 12.899255752563477 2.2063376903533936 3.982730389143999e-16
			vertex 12.914725303649902 2.2309571504592896 0.6000000238418584
			vertex 12.914725303649902 2.2309571504592896 3.9280642062171865e-16
		endloop
	endfacet
	facet normal -0.7071006313534799 0.7071129309661295 0
		outer loop
			vertex 12.914725303649902 2.2309571504592896 3.9280642062171865e-16
			vertex 12.914725303649902 2.2309571504592896 0.6000000238418584
			vertex 12.935285568237305 2.2515170574188232 0.6000000238418582
		endloop
	endfacet
	facet normal -0.7071006313534799 0.7071129309661295 0
		outer loop
			vertex 12.914725303649902 2.2309571504592896 3.9280642062171865e-16
			vertex 12.935285568237305 2.2515170574188232 0.6000000238418582
			vertex 12.935285568237305 2.2515170574188232 3.882412042035936e-16
		endloop
	endfacet
	facet normal -0.5320376126086811 0.8467207206450394 0
		outer loop
			vertex 12.935285568237305 2.2515170574188232 3.882412042035936e-16
			vertex 12.935285568237305 2.2515170574188232 0.6000000238418582
			vertex 12.959904670715332 2.2669864892959595 0.6000000238418582
		endloop
	endfacet
	facet normal -0.5320376126086811 0.8467207206450394 0
		outer loop
			vertex 12.935285568237305 2.2515170574188232 3.882412042035936e-16
			vertex 12.959904670715332 2.2669864892959595 0.6000000238418582
			vertex 12.959904670715332 2.2669864892959595 3.848063003140202e-16
		endloop
	endfacet
	facet normal -0.33028613920719213 0.9438808538409958 0
		outer loop
			vertex 12.959904670715332 2.2669864892959595 3.848063003140202e-16
			vertex 12.959904670715332 2.2669864892959595 0.6000000238418582
			vertex 12.987348556518555 2.2765897512435913 0.6000000238418582
		endloop
	endfacet
	facet normal -0.33028613920719213 0.9438808538409958 0
		outer loop
			vertex 12.959904670715332 2.2669864892959595 3.848063003140202e-16
			vertex 12.987348556518555 2.2765897512435913 0.6000000238418582
			vertex 12.987348556518555 2.2765897512435913 3.826739478088667e-16
		endloop
	endfacet
	facet normal -0.11196359968271272 0.9937123086417363 0
		outer loop
			vertex 12.987348556518555 2.2765897512435913 3.826739478088667e-16
			vertex 12.987348556518555 2.2765897512435913 0.6000000238418582
			vertex 13.016242027282715 2.2798452377319336 0.6000000238418582
		endloop
	endfacet
	facet normal -0.11196359968271272 0.9937123086417363 0
		outer loop
			vertex 12.987348556518555 2.2765897512435913 3.826739478088667e-16
			vertex 13.016242027282715 2.2798452377319336 0.6000000238418582
			vertex 13.016242027282715 2.2798452377319336 3.8195108459772396e-16
		endloop
	endfacet
	facet normal 0.11196359968271272 0.9937123086417363 0
		outer loop
			vertex 13.016242027282715 2.2798452377319336 3.8195108459772396e-16
			vertex 13.016242027282715 2.2798452377319336 0.6000000238418582
			vertex 13.045135498046875 2.2765897512435913 0.6000000238418582
		endloop
	endfacet
	facet normal -9.633850643356308e-17 8.550346711831735e-16 1
		outer loop
			vertex 13.016242027282715 2.2798452377319336 0.6000000238418582
			vertex 12.987348556518555 2.2765897512435913 0.6000000238418582
			vertex 13.016242027282715 2.1499998569488525 0.6000000238418584
		endloop
	endfacet
	facet normal 4.5778849985853265e-16 7.285556496704414e-16 1
		outer loop
			vertex 13.097199440002441 2.2515170574188232 0.6000000238418582
			vertex 13.072580337524414 2.2669864892959595 0.6000000238418582
			vertex 13.016242027282715 2.1499998569488525 0.6000000238418584
		endloop
	endfacet
	facet normal 2.8418401148879646e-16 8.121599327316551e-16 1
		outer loop
			vertex 13.016242027282715 2.1499998569488525 0.6000000238418584
			vertex 13.072580337524414 2.2669864892959595 0.6000000238418582
			vertex 13.045135498046875 2.2765897512435913 0.6000000238418582
		endloop
	endfacet
	facet normal 9.633850643356308e-17 8.550346711831735e-16 1
		outer loop
			vertex 13.016242027282715 2.1499998569488525 0.6000000238418584
			vertex 13.045135498046875 2.2765897512435913 0.6000000238418582
			vertex 13.016242027282715 2.2798452377319336 0.6000000238418582
		endloop
	endfacet
	facet normal 0 0 1
		outer loop
			vertex 13.14283275604248 2.178893208503723 0.6000000238418584
			vertex 13.13322925567627 2.2063376903533936 0.6000000238418584
			vertex 13.016242027282715 2.1499998569488525 0.6000000238418584
		endloop
	endfacet
	facet normal 0 0 1
		outer loop
			vertex 13.016242027282715 2.1499998569488525 0.6000000238418584
			vertex 13.13322925567627 2.2063376903533936 0.6000000238418584
			vertex 13.117759704589844 2.2309571504592896 0.6000000238418584
		endloop
	endfacet
	facet normal -2.395732978482436e-15 3.0041672204898035e-15 1
		outer loop
			vertex 13.016242027282715 2.1499998569488525 0.6000000238418584
			vertex 13.117759704589844 2.2309571504592896 0.6000000238418584
			vertex 13.097199440002441 2.2515170574188232 0.6000000238418582
		endloop
	endfacet
	facet normal 0 0 1
		outer loop
			vertex 13.13322925567627 2.093662142753601 0.6000000238418584
			vertex 13.14283275604248 2.1211066246032715 0.6000000238418584
			vertex 13.016242027282715 2.1499998569488525 0.6000000238418584
		endloop
	endfacet
	facet normal 0 0 1
		outer loop
			vertex 13.016242027282715 2.1499998569488525 0.6000000238418584
			vertex 13.14283275604248 2.1211066246032715 0.6000000238418584
			vertex 13.146088600158691 2.1499998569488525 0.6000000238418584
		endloop
	endfacet
	facet normal 0 0 1
		outer loop
			vertex 13.016242027282715 2.1499998569488525 0.6000000238418584
			vertex 13.146088600158691 2.1499998569488525 0.6000000238418584
			vertex 13.14283275604248 2.178893208503723 0.6000000238418584
		endloop
	endfacet
	facet normal 0 0 1
		outer loop
			vertex 13.072580337524414 2.0330132246017456 0.6000000238418584
			vertex 13.097199440002441 2.0484827756881714 0.6000000238418584
			vertex 13.016242027282715 2.1499998569488525 0.6000000238418584
		endloop
	endfacet
	facet normal 0 0 1
		outer loop
			vertex 13.016242027282715 2.1499998569488525 0.6000000238418584
			vertex 13.097199440002441 2.0484827756881714 0.6000000238418584
			vertex 13.117759704589844 2.069042682647705 0.6000000238418584
		endloop
	endfacet
	facet normal 0 0 1
		outer loop
			vertex 13.016242027282715 2.1499998569488525 0.6000000238418584
			vertex 13.117759704589844 2.069042682647705 0.6000000238418584
			vertex 13.13322925567627 2.093662142753601 0.6000000238418584
		endloop
	endfacet
	facet normal 0 0 1
		outer loop
			vertex 12.987348556518555 2.0234100818634033 0.6000000238418584
			vertex 13.016242027282715 2.020154595375061 0.6000000238418584
			vertex 13.016242027282715 2.1499998569488525 0.6000000238418584
		endloop
	endfacet
	facet normal 0 0 1
		outer loop
			vertex 13.016242027282715 2.1499998569488525 0.6000000238418584
			vertex 13.016242027282715 2.020154595375061 0.6000000238418584
			vertex 13.045135498046875 2.0234100818634033 0.6000000238418584
		endloop
	endfacet
	facet normal 0 0 1
		outer loop
			vertex 13.016242027282715 2.1499998569488525 0.6000000238418584
			vertex 13.045135498046875 2.0234100818634033 0.6000000238418584
			vertex 13.072580337524414 2.0330132246017456 0.6000000238418584
		endloop
	endfacet
	facet normal 0 0 1
		outer loop
			vertex 12.914725303649902 2.069042682647705 0.6000000238418584
			vertex 12.935285568237305 2.0484827756881714 0.6000000238418584
			vertex 13.016242027282715 2.1499998569488525 0.6000000238418584
		endloop
	endfacet
	facet normal 0 0 1
		outer loop
			vertex 13.016242027282715 2.1499998569488525 0.6000000238418584
			vertex 12.935285568237305 2.0484827756881714 0.6000000238418584
			vertex 12.959904670715332 2.0330132246017456 0.6000000238418584
		endloop
	endfacet
	facet normal 0 0 1
		outer loop
			vertex 13.016242027282715 2.1499998569488525 0.6000000238418584
			vertex 12.959904670715332 2.0330132246017456 0.6000000238418584
			vertex 12.987348556518555 2.0234100818634033 0.6000000238418584
		endloop
	endfacet
	facet normal 0 0 1
		outer loop
			vertex 12.886397361755371 2.1499998569488525 0.6000000238418584
			vertex 12.889652252197266 2.1211066246032715 0.6000000238418584
			vertex 13.016242027282715 2.1499998569488525 0.6000000238418584
		endloop
	endfacet
	facet normal 0 0 1
		outer loop
			vertex 13.016242027282715 2.1499998569488525 0.6000000238418584
			vertex 12.889652252197266 2.1211066246032715 0.6000000238418584
			vertex 12.899255752563477 2.093662142753601 0.6000000238418584
		endloop
	endfacet
	facet normal 0 0 1
		outer loop
			vertex 13.016242027282715 2.1499998569488525 0.6000000238418584
			vertex 12.899255752563477 2.093662142753601 0.6000000238418584
			vertex 12.914725303649902 2.069042682647705 0.6000000238418584
		endloop
	endfacet
	facet normal 0 0 1
		outer loop
			vertex 12.914725303649902 2.2309571504592896 0.6000000238418584
			vertex 12.899255752563477 2.2063376903533936 0.6000000238418584
			vertex 13.016242027282715 2.1499998569488525 0.6000000238418584
		endloop
	endfacet
	facet normal 0 0 1
		outer loop
			vertex 13.016242027282715 2.1499998569488525 0.6000000238418584
			vertex 12.899255752563477 2.2063376903533936 0.6000000238418584
			vertex 12.889652252197266 2.178893208503723 0.6000000238418584
		endloop
	endfacet
	facet normal 0 0 1
		outer loop
			vertex 13.016242027282715 2.1499998569488525 0.6000000238418584
			vertex 12.889652252197266 2.178893208503723 0.6000000238418584
			vertex 12.886397361755371 2.1499998569488525 0.6000000238418584
		endloop
	endfacet
	facet normal -2.841931564817451e-16 8.121578454356045e-16 1
		outer loop
			vertex 12.987348556518555 2.2765897512435913 0.6000000238418582
			vertex 12.959904670715332 2.2669864892959595 0.6000000238418582
			vertex 13.016242027282715 2.1499998569488525 0.6000000238418584
		endloop
	endfacet
	facet normal -4.577903000608723e-16 7.285585146344706e-16 1
		outer loop
			vertex 13.016242027282715 2.1499998569488525 0.6000000238418584
			vertex 12.959904670715332 2.2669864892959595 0.6000000238418582
			vertex 12.935285568237305 2.2515170574188232 0.6000000238418582
		endloop
	endfacet
	facet normal 2.3957454993411003e-15 3.0041546994133455e-15 1
		outer loop
			vertex 13.016242027282715 2.1499998569488525 0.6000000238418584
			vertex 12.935285568237305 2.2515170574188232 0.6000000238418582
			vertex 12.914725303649902 2.2309571504592896 0.6000000238418584
		endloop
	endfacet
	facet normal 0 -2.220446049250313e-16 -1
		outer loop
			vertex 13.016242027282715 2.2798452377319336 3.8195108459772396e-16
			vertex 13.045135498046875 2.2765897512435913 3.826739478088667e-16
			vertex 13.016242027282715 2.1499998569488525 4.1078255087504344e-16
		endloop
	endfacet
	facet normal 0 -2.220446049250313e-16 -1
		outer loop
			vertex 12.935285568237305 2.2515170574188232 3.882412042035936e-16
			vertex 12.959904670715332 2.2669864892959595 3.848063003140202e-16
			vertex 13.016242027282715 2.1499998569488525 4.1078255087504344e-16
		endloop
	endfacet
	facet normal 0 -2.220446049250313e-16 -1
		outer loop
			vertex 13.016242027282715 2.1499998569488525 4.1078255087504344e-16
			vertex 12.959904670715332 2.2669864892959595 3.848063003140202e-16
			vertex 12.987348556518555 2.2765897512435913 3.826739478088667e-16
		endloop
	endfacet
	facet normal 0 -2.220446049250313e-16 -1
		outer loop
			vertex 13.016242027282715 2.1499998569488525 4.1078255087504344e-16
			vertex 12.987348556518555 2.2765897512435913 3.826739478088667e-16
			vertex 13.016242027282715 2.2798452377319336 3.8195108459772396e-16
		endloop
	endfacet
	facet normal 0 -2.220446049250313e-16 -1
		outer loop
			vertex 12.889652252197266 2.178893208503723 4.0436693804408216e-16
			vertex 12.899255752563477 2.2063376903533936 3.982730389143999e-16
			vertex 13.016242027282715 2.1499998569488525 4.1078255087504344e-16
		endloop
	endfacet
	facet normal 0 -2.220446049250313e-16 -1
		outer loop
			vertex 13.016242027282715 2.1499998569488525 4.1078255087504344e-16
			vertex 12.899255752563477 2.2063376903533936 3.982730389143999e-16
			vertex 12.914725303649902 2.2309571504592896 3.9280642062171865e-16
		endloop
	endfacet
	facet normal 0 -2.220446049250313e-16 -1
		outer loop
			vertex 13.016242027282715 2.1499998569488525 4.1078255087504344e-16
			vertex 12.914725303649902 2.2309571504592896 3.9280642062171865e-16
			vertex 12.935285568237305 2.2515170574188232 3.882412042035936e-16
		endloop
	endfacet
	facet normal 0 -2.220446049250313e-16 -1
		outer loop
			vertex 12.899255752563477 2.093662142753601 4.232920363659074e-16
			vertex 12.889652252197266 2.1211066246032715 4.171981372362251e-16
			vertex 13.016242027282715 2.1499998569488525 4.1078255087504344e-16
		endloop
	endfacet
	facet normal 0 -2.220446049250313e-16 -1
		outer loop
			vertex 13.016242027282715 2.1499998569488525 4.1078255087504344e-16
			vertex 12.889652252197266 2.1211066246032715 4.171981372362251e-16
			vertex 12.886397361755371 2.1499998569488525 4.1078255087504344e-16
		endloop
	endfacet
	facet normal 0 -2.220446049250313e-16 -1
		outer loop
			vertex 13.016242027282715 2.1499998569488525 4.1078255087504344e-16
			vertex 12.886397361755371 2.1499998569488525 4.1078255087504344e-16
			vertex 12.889652252197266 2.178893208503723 4.0436693804408216e-16
		endloop
	endfacet
	facet normal 0 -2.220446049250313e-16 -1
		outer loop
			vertex 12.959904670715332 2.0330132246017456 4.367588014360667e-16
			vertex 12.935285568237305 2.0484827756881714 4.333238710767137e-16
			vertex 13.016242027282715 2.1499998569488525 4.1078255087504344e-16
		endloop
	endfacet
	facet normal 0 -2.220446049250313e-16 -1
		outer loop
			vertex 13.016242027282715 2.1499998569488525 4.1078255087504344e-16
			vertex 12.935285568237305 2.0484827756881714 4.333238710767137e-16
			vertex 12.914725303649902 2.069042682647705 4.2875865465858863e-16
		endloop
	endfacet
	facet normal 0 -2.220446049250313e-16 -1
		outer loop
			vertex 13.016242027282715 2.1499998569488525 4.1078255087504344e-16
			vertex 12.914725303649902 2.069042682647705 4.2875865465858863e-16
			vertex 12.899255752563477 2.093662142753601 4.232920363659074e-16
		endloop
	endfacet
	facet normal 0 -2.220446049250313e-16 -1
		outer loop
			vertex 13.045135498046875 2.0234100818634033 4.388911274714406e-16
			vertex 13.016242027282715 2.020154595375061 4.3961399068258333e-16
			vertex 13.016242027282715 2.1499998569488525 4.1078255087504344e-16
		endloop
	endfacet
	facet normal 0 -2.220446049250313e-16 -1
		outer loop
			vertex 13.016242027282715 2.1499998569488525 4.1078255087504344e-16
			vertex 13.016242027282715 2.020154595375061 4.3961399068258333e-16
			vertex 12.987348556518555 2.0234100818634033 4.388911274714406e-16
		endloop
	endfacet
	facet normal 0 -2.220446049250313e-16 -1
		outer loop
			vertex 13.016242027282715 2.1499998569488525 4.1078255087504344e-16
			vertex 12.987348556518555 2.0234100818634033 4.388911274714406e-16
			vertex 12.959904670715332 2.0330132246017456 4.367588014360667e-16
		endloop
	endfacet
	facet normal 0 -2.220446049250313e-16 -1
		outer loop
			vertex 13.117759704589844 2.069042682647705 4.2875865465858863e-16
			vertex 13.097199440002441 2.0484827756881714 4.333238710767137e-16
			vertex 13.016242027282715 2.1499998569488525 4.1078255087504344e-16
		endloop
	endfacet
	facet normal 0 -2.220446049250313e-16 -1
		outer loop
			vertex 13.016242027282715 2.1499998569488525 4.1078255087504344e-16
			vertex 13.097199440002441 2.0484827756881714 4.333238710767137e-16
			vertex 13.072580337524414 2.0330132246017456 4.367588014360667e-16
		endloop
	endfacet
	facet normal 0 -2.220446049250313e-16 -1
		outer loop
			vertex 13.016242027282715 2.1499998569488525 4.1078255087504344e-16
			vertex 13.072580337524414 2.0330132246017456 4.367588014360667e-16
			vertex 13.045135498046875 2.0234100818634033 4.388911274714406e-16
		endloop
	endfacet
	facet normal 0 -2.220446049250313e-16 -1
		outer loop
			vertex 13.146088600158691 2.1499998569488525 4.1078255087504344e-16
			vertex 13.14283275604248 2.1211066246032715 4.171981372362251e-16
			vertex 13.016242027282715 2.1499998569488525 4.1078255087504344e-16
		endloop
	endfacet
	facet normal 0 -2.220446049250313e-16 -1
		outer loop
			vertex 13.016242027282715 2.1499998569488525 4.1078255087504344e-16
			vertex 13.14283275604248 2.1211066246032715 4.171981372362251e-16
			vertex 13.13322925567627 2.093662142753601 4.232920363659074e-16
		endloop
	endfacet
	facet normal 0 -2.220446049250313e-16 -1
		outer loop
			vertex 13.016242027282715 2.1499998569488525 4.1078255087504344e-16
			vertex 13.13322925567627 2.093662142753601 4.232920363659074e-16
			vertex 13.117759704589844 2.069042682647705 4.2875865465858863e-16
		endloop
	endfacet
	facet normal 0 -2.220446049250313e-16 -1
		outer loop
			vertex 13.117759704589844 2.2309571504592896 3.9280642062171865e-16
			vertex 13.13322925567627 2.2063376903533936 3.982730389143999e-16
			vertex 13.016242027282715 2.1499998569488525 4.1078255087504344e-16
		endloop
	endfacet
	facet normal 0 -2.220446049250313e-16 -1
		outer loop
			vertex 13.016242027282715 2.1499998569488525 4.1078255087504344e-16
			vertex 13.13322925567627 2.2063376903533936 3.982730389143999e-16
			vertex 13.14283275604248 2.178893208503723 4.0436693804408216e-16
		endloop
	endfacet
	facet normal 0 -2.220446049250313e-16 -1
		outer loop
			vertex 13.016242027282715 2.1499998569488525 4.1078255087504344e-16
			vertex 13.14283275604248 2.178893208503723 4.0436693804408216e-16
			vertex 13.146088600158691 2.1499998569488525 4.1078255087504344e-16
		endloop
	endfacet
	facet normal 0 -2.220446049250313e-16 -1
		outer loop
			vertex 13.045135498046875 2.2765897512435913 3.826739478088667e-16
			vertex 13.072580337524414 2.2669864892959595 3.848063003140202e-16
			vertex 13.016242027282715 2.1499998569488525 4.1078255087504344e-16
		endloop
	endfacet
	facet normal 0 -2.220446049250313e-16 -1
		outer loop
			vertex 13.016242027282715 2.1499998569488525 4.1078255087504344e-16
			vertex 13.072580337524414 2.2669864892959595 3.848063003140202e-16
			vertex 13.097199440002441 2.2515170574188232 3.882412042035936e-16
		endloop
	endfacet
	facet normal 0 -2.220446049250313e-16 -1
		outer loop
			vertex 13.016242027282715 2.1499998569488525 4.1078255087504344e-16
			vertex 13.097199440002441 2.2515170574188232 3.882412042035936e-16
			vertex 13.117759704589844 2.2309571504592896 3.9280642062171865e-16
		endloop
	endfacet
	facet normal 0.25881876549066773 0.9659259012107952 0
		outer loop
			vertex 6.673887252807617 0.7302443981170654 0.09999999403953624
			vertex 6.848846912384033 0.6833641529083252 0.6818498969078072
			vertex 6.848846912384033 0.6833641529083252 0.09999999403953626
		endloop
	endfacet
	facet normal 0.7071080974601407 0.7071054649105042 0
		outer loop
			vertex 6.848846912384033 0.6833641529083252 0.09999999403953626
			vertex 6.848846912384033 0.6833641529083252 0.6818498969078072
			vertex 6.976925849914551 0.5552847385406494 0.6818498969078072
		endloop
	endfacet
	facet normal 0.7071080974601407 0.7071054649105042 0
		outer loop
			vertex 6.848846912384033 0.6833641529083252 0.09999999403953626
			vertex 6.976925849914551 0.5552847385406494 0.6818498969078072
			vertex 6.976925849914551 0.5552847385406494 0.09999999403953629
		endloop
	endfacet
	facet normal 0.9659252430722667 0.2588212216874469 0
		outer loop
			vertex 6.976925849914551 0.5552847385406494 0.09999999403953629
			vertex 6.976925849914551 0.5552847385406494 0.6818498969078072
			vertex 7.023806571960449 0.3803250789642334 0.6818498969078072
		endloop
	endfacet
	facet normal 0.9659252430722667 0.2588212216874469 0
		outer loop
			vertex 6.976925849914551 0.5552847385406494 0.09999999403953629
			vertex 7.023806571960449 0.3803250789642334 0.6818498969078072
			vertex 7.023806571960449 0.3803250789642334 0.09999999403953633
		endloop
	endfacet
	facet normal 0.9659251548971018 -0.25882155075845176 0
		outer loop
			vertex 7.023806571960449 0.3803250789642334 0.09999999403953633
			vertex 7.023806571960449 0.3803250789642334 0.6818498969078072
			vertex 6.976925849914551 0.20536565780639648 0.6818498969078073
		endloop
	endfacet
	facet normal 0.9659251548971018 -0.25882155075845176 0
		outer loop
			vertex 7.023806571960449 0.3803250789642334 0.09999999403953633
			vertex 6.976925849914551 0.20536565780639648 0.6818498969078073
			vertex 6.976925849914551 0.20536565780639648 0.09999999403953637
		endloop
	endfacet
	facet normal 0.7071080974601407 -0.7071054649105042 0
		outer loop
			vertex 6.976925849914551 0.20536565780639648 0.09999999403953637
			vertex 6.976925849914551 0.20536565780639648 0.6818498969078073
			vertex 6.848846912384033 0.0772862434387207 0.6818498969078073
		endloop
	endfacet
	facet normal 0.7071080974601407 -0.7071054649105042 0
		outer loop
			vertex 6.976925849914551 0.20536565780639648 0.09999999403953637
			vertex 6.848846912384033 0.0772862434387207 0.6818498969078073
			vertex 6.848846912384033 0.0772862434387207 0.0999999940395364
		endloop
	endfacet
	facet normal 0.25881999358968494 -0.9659255721421995 0
		outer loop
			vertex 6.848846912384033 0.0772862434387207 0.0999999940395364
			vertex 6.848846912384033 0.0772862434387207 0.6818498969078073
			vertex 6.673887252807617 0.030405759811401367 0.6818498969078073
		endloop
	endfacet
	facet normal 0.25881999358968494 -0.9659255721421995 0
		outer loop
			vertex 6.848846912384033 0.0772862434387207 0.0999999940395364
			vertex 6.673887252807617 0.030405759811401367 0.6818498969078073
			vertex 6.673887252807617 0.030405759811401367 0.09999999403953641
		endloop
	endfacet
	facet normal -0.25881999358968494 -0.9659255721421995 0
		outer loop
			vertex 6.673887252807617 0.030405759811401367 0.09999999403953641
			vertex 6.673887252807617 0.030405759811401367 0.6818498969078073
			vertex 6.498927593231201 0.0772862434387207 0.6818498969078073
		endloop
	endfacet
	facet normal -0.25881999358968494 -0.9659255721421995 0
		outer loop
			vertex 6.673887252807617 0.030405759811401367 0.09999999403953641
			vertex 6.498927593231201 0.0772862434387207 0.6818498969078073
			vertex 6.498927593231201 0.0772862434387207 0.0999999940395364
		endloop
	endfacet
	facet normal -0.7071067811865476 -0.7071067811865476 0
		outer loop
			vertex 6.498927593231201 0.0772862434387207 0.0999999940395364
			vertex 6.498927593231201 0.0772862434387207 0.6818498969078073
			vertex 6.370848178863525 0.20536565780639648 0.6818498969078073
		endloop
	endfacet
	facet normal -0.7071067811865476 -0.7071067811865476 0
		outer loop
			vertex 6.498927593231201 0.0772862434387207 0.0999999940395364
			vertex 6.370848178863525 0.20536565780639648 0.6818498969078073
			vertex 6.370848178863525 0.20536565780639648 0.09999999403953637
		endloop
	endfacet
	facet normal -0.9659258130372439 -0.25881909455899815 0
		outer loop
			vertex 6.370848178863525 0.20536565780639648 0.09999999403953637
			vertex 6.370848178863525 0.20536565780639648 0.6818498969078073
			vertex 6.323967933654785 0.3803250789642334 0.6818498969078072
		endloop
	endfacet
	facet normal -0.9659258130372439 -0.25881909455899815 0
		outer loop
			vertex 6.370848178863525 0.20536565780639648 0.09999999403953637
			vertex 6.323967933654785 0.3803250789642334 0.6818498969078072
			vertex 6.323967933654785 0.3803250789642334 0.09999999403953633
		endloop
	endfacet
	facet normal -0.9659259012107952 0.25881876549066773 0
		outer loop
			vertex 6.323967933654785 0.3803250789642334 0.09999999403953633
			vertex 6.323967933654785 0.3803250789642334 0.6818498969078072
			vertex 6.370848178863525 0.5552847385406494 0.6818498969078072
		endloop
	endfacet
	facet normal -0.9659259012107952 0.25881876549066773 0
		outer loop
			vertex 6.323967933654785 0.3803250789642334 0.09999999403953633
			vertex 6.370848178863525 0.5552847385406494 0.6818498969078072
			vertex 6.370848178863525 0.5552847385406494 0.09999999403953629
		endloop
	endfacet
	facet normal -0.7071067811865476 0.7071067811865476 0
		outer loop
			vertex 6.370848178863525 0.5552847385406494 0.09999999403953629
			vertex 6.370848178863525 0.5552847385406494 0.6818498969078072
			vertex 6.498927593231201 0.6833641529083252 0.6818498969078072
		endloop
	endfacet
	facet normal -0.7071067811865476 0.7071067811865476 0
		outer loop
			vertex 6.370848178863525 0.5552847385406494 0.09999999403953629
			vertex 6.498927593231201 0.6833641529083252 0.6818498969078072
			vertex 6.498927593231201 0.6833641529083252 0.09999999403953626
		endloop
	endfacet
	facet normal -0.25881876549066773 0.9659259012107952 0
		outer loop
			vertex 6.498927593231201 0.6833641529083252 0.09999999403953626
			vertex 6.498927593231201 0.6833641529083252 0.6818498969078072
			vertex 6.673887252807617 0.7302443981170654 0.6818498969078072
		endloop
	endfacet
	facet normal -0.25881876549066773 0.9659259012107952 0
		outer loop
			vertex 6.498927593231201 0.6833641529083252 0.09999999403953626
			vertex 6.673887252807617 0.7302443981170654 0.6818498969078072
			vertex 6.673887252807617 0.7302443981170654 0.09999999403953624
		endloop
	endfacet
	facet normal 0.25881876549066773 0.9659259012107952 0
		outer loop
			vertex 6.673887252807617 0.7302443981170654 0.09999999403953624
			vertex 6.673887252807617 0.7302443981170654 0.6818498969078072
			vertex 6.848846912384033 0.6833641529083252 0.6818498969078072
		endloop
	endfacet
	facet normal 2.3226496233809517e-16 2.3226496233809517e-16 1
		outer loop
			vertex 6.370848178863525 0.20536565780639648 0.6818498969078073
			vertex 6.498927593231201 0.0772862434387207 0.6818498969078073
			vertex 6.673887252807617 0.3803250789642334 0.6818498969078072
		endloop
	endfacet
	facet normal 8.501517779527724e-17 3.172797167395755e-16 1
		outer loop
			vertex 6.673887252807617 0.3803250789642334 0.6818498969078072
			vertex 6.498927593231201 0.0772862434387207 0.6818498969078073
			vertex 6.673887252807617 0.030405759811401367 0.6818498969078073
		endloop
	endfacet
	facet normal -8.501517779527724e-17 3.172797167395755e-16 1
		outer loop
			vertex 6.673887252807617 0.3803250789642334 0.6818498969078072
			vertex 6.673887252807617 0.030405759811401367 0.6818498969078073
			vertex 6.848846912384033 0.0772862434387207 0.6818498969078073
		endloop
	endfacet
	facet normal 0 0 1
		outer loop
			vertex 6.498927593231201 0.6833641529083252 0.6818498969078072
			vertex 6.370848178863525 0.5552847385406494 0.6818498969078072
			vertex 6.673887252807617 0.3803250789642334 0.6818498969078072
		endloop
	endfacet
	facet normal 0 0 1
		outer loop
			vertex 6.673887252807617 0.3803250789642334 0.6818498969078072
			vertex 6.370848178863525 0.5552847385406494 0.6818498969078072
			vertex 6.323967933654785 0.3803250789642334 0.6818498969078072
		endloop
	endfacet
	facet normal 0 6.345602981982812e-16 1
		outer loop
			vertex 6.673887252807617 0.3803250789642334 0.6818498969078072
			vertex 6.323967933654785 0.3803250789642334 0.6818498969078072
			vertex 6.370848178863525 0.20536565780639648 0.6818498969078073
		endloop
	endfacet
	facet normal 0 0 1
		outer loop
			vertex 6.976925849914551 0.5552847385406494 0.6818498969078072
			vertex 6.848846912384033 0.6833641529083252 0.6818498969078072
			vertex 6.673887252807617 0.3803250789642334 0.6818498969078072
		endloop
	endfacet
	facet normal 0 0 1
		outer loop
			vertex 6.673887252807617 0.3803250789642334 0.6818498969078072
			vertex 6.848846912384033 0.6833641529083252 0.6818498969078072
			vertex 6.673887252807617 0.7302443981170654 0.6818498969078072
		endloop
	endfacet
	facet normal 0 0 1
		outer loop
			vertex 6.673887252807617 0.3803250789642334 0.6818498969078072
			vertex 6.673887252807617 0.7302443981170654 0.6818498969078072
			vertex 6.498927593231201 0.6833641529083252 0.6818498969078072
		endloop
	endfacet
	facet normal -2.3226551054846037e-16 2.322646458285009e-16 1
		outer loop
			vertex 6.848846912384033 0.0772862434387207 0.6818498969078073
			vertex 6.976925849914551 0.20536565780639648 0.6818498969078073
			vertex 6.673887252807617 0.3803250789642334 0.6818498969078072
		endloop
	endfacet
	facet normal 0 6.345602981982812e-16 1
		outer loop
			vertex 6.673887252807617 0.3803250789642334 0.6818498969078072
			vertex 6.976925849914551 0.20536565780639648 0.6818498969078073
			vertex 7.023806571960449 0.3803250789642334 0.6818498969078072
		endloop
	endfacet
	facet normal 0 0 1
		outer loop
			vertex 6.673887252807617 0.3803250789642334 0.6818498969078072
			vertex 7.023806571960449 0.3803250789642334 0.6818498969078072
			vertex 6.976925849914551 0.5552847385406494 0.6818498969078072
		endloop
	endfacet
	facet normal 0 1 0
		outer loop
			vertex 5.155607223510742 4 0
			vertex 5.155607223510742 4 0.09999999403953552
			vertex 6.013311386108398 4 0.09999999403953552
		endloop
	endfacet
	facet normal 0 1 0
		outer loop
			vertex 8.236557006835938 4 0.10999999940395355
			vertex 8.236557006835938 4 0.2199999988079071
			vertex 8.336557388305664 4 0.2199999988079071
		endloop
	endfacet
	facet normal 0 1 0
		outer loop
			vertex 7.9329304695129395 4 0.2199999988079071
			vertex 8.032930374145508 4 0.2199999988079071
			vertex 7.9329304695129395 4 0.09999999403953552
		endloop
	endfacet
	facet normal 0 1 0
		outer loop
			vertex 7.9329304695129395 4 0.09999999403953552
			vertex 8.032930374145508 4 0.2199999988079071
			vertex 8.032930374145508 4 0.10999999940395355
		endloop
	endfacet
	facet normal 0 1 0
		outer loop
			vertex 10.036242485046387 4 0.09999999403953552
			vertex 10.036242485046387 4 0
			vertex 8.336557388305664 4 0.09999999403953552
		endloop
	endfacet
	facet normal 0 1 0
		outer loop
			vertex 8.336557388305664 4 0.09999999403953552
			vertex 10.036242485046387 4 0
			vertex 8.236557006835938 4 0
		endloop
	endfacet
	facet normal 0 1 0
		outer loop
			vertex 8.336557388305664 4 0.09999999403953552
			vertex 8.236557006835938 4 0
			vertex 8.236557006835938 4 0.09999999403953552
		endloop
	endfacet
	facet normal 0 1 0
		outer loop
			vertex 6.013311386108398 4 0.09999999403953552
			vertex 6.305129528045654 4 0.09999999403953552
			vertex 5.155607223510742 4 0
		endloop
	endfacet
	facet normal 0 1 0
		outer loop
			vertex 5.155607223510742 4 0
			vertex 6.305129528045654 4 0.09999999403953552
			vertex 6.79744291305542 4 0.09999999403953552
		endloop
	endfacet
	facet normal 0 1 0
		outer loop
			vertex 5.155607223510742 4 0
			vertex 6.79744291305542 4 0.09999999403953552
			vertex 8.032930374145508 4 0
		endloop
	endfacet
	facet normal 0 1 0
		outer loop
			vertex 8.032930374145508 4 0
			vertex 6.79744291305542 4 0.09999999403953552
			vertex 7.9329304695129395 4 0.09999999403953552
		endloop
	endfacet
	facet normal 0 1 0
		outer loop
			vertex 8.032930374145508 4 0
			vertex 7.9329304695129395 4 0.09999999403953552
			vertex 8.032930374145508 4 0.09999999403953552
		endloop
	endfacet
	facet normal 0 1 0
		outer loop
			vertex 8.032930374145508 4 0.09999999403953552
			vertex 7.9329304695129395 4 0.09999999403953552
			vertex 8.032930374145508 4 0.10999999940395355
		endloop
	endfacet
	facet normal 0 1 0
		outer loop
			vertex 8.032930374145508 4 0.09999999403953552
			vertex 8.032930374145508 4 0.10999999940395355
			vertex 8.236557006835938 4 0.09999999403953552
		endloop
	endfacet
	facet normal 0 1 0
		outer loop
			vertex 8.236557006835938 4 0.09999999403953552
			vertex 8.032930374145508 4 0.10999999940395355
			vertex 8.236557006835938 4 0.10999999940395355
		endloop
	endfacet
	facet normal 0 1 0
		outer loop
			vertex 8.236557006835938 4 0.09999999403953552
			vertex 8.236557006835938 4 0.10999999940395355
			vertex 8.336557388305664 4 0.09999999403953552
		endloop
	endfacet
	facet normal 0 1 0
		outer loop
			vertex 8.336557388305664 4 0.09999999403953552
			vertex 8.236557006835938 4 0.10999999940395355
			vertex 8.336557388305664 4 0.2199999988079071
		endloop
	endfacet
	facet normal 0 -1 0
		outer loop
			vertex 7.9329304695129395 0 0.09999999403953641
			vertex 8.032930374145508 0 8.881784197001252e-16
			vertex 7.9329304695129395 0 0.219999998807908
		endloop
	endfacet
	facet normal 0 -1 0
		outer loop
			vertex 7.9329304695129395 0 0.219999998807908
			vertex 8.032930374145508 0 8.881784197001252e-16
			vertex 8.032930374145508 0 0.09999999403953641
		endloop
	endfacet
	facet normal 0 -1 0
		outer loop
			vertex 7.9329304695129395 0 0.219999998807908
			vertex 8.032930374145508 0 0.09999999403953641
			vertex 8.336557388305664 0 0.219999998807908
		endloop
	endfacet
	facet normal 0 -1 0
		outer loop
			vertex 8.336557388305664 0 0.219999998807908
			vertex 8.032930374145508 0 0.09999999403953641
			vertex 8.236557006835938 0 0.09999999403953641
		endloop
	endfacet
	facet normal 0 -1 0
		outer loop
			vertex 8.336557388305664 0 0.219999998807908
			vertex 8.236557006835938 0 0.09999999403953641
			vertex 8.336557388305664 0 0.09999999403953641
		endloop
	endfacet
	facet normal 0 -1 0
		outer loop
			vertex 8.336557388305664 0 0.09999999403953641
			vertex 8.236557006835938 0 0.09999999403953641
			vertex 8.236557006835938 0 8.881784197001252e-16
		endloop
	endfacet
	facet normal 0 -1 0
		outer loop
			vertex 8.336557388305664 0 0.09999999403953641
			vertex 8.236557006835938 0 8.881784197001252e-16
			vertex 10.036242485046387 0 0.09999999403953641
		endloop
	endfacet
	facet normal 0 -1 0
		outer loop
			vertex 10.036242485046387 0 0.09999999403953641
			vertex 8.236557006835938 0 8.881784197001252e-16
			vertex 10.036242485046387 0 8.881784197001252e-16
		endloop
	endfacet
	facet normal 0 -1 0
		outer loop
			vertex 7.9329304695129395 0 0.09999999403953641
			vertex 6.79744291305542 0 0.09999999403953641
			vertex 8.032930374145508 0 8.881784197001252e-16
		endloop
	endfacet
	facet normal 0 -1 0
		outer loop
			vertex 8.032930374145508 0 8.881784197001252e-16
			vertex 6.79744291305542 0 0.09999999403953641
			vertex 6.305129528045654 0 0.09999999403953641
		endloop
	endfacet
	facet normal 0 -1 0
		outer loop
			vertex 8.032930374145508 0 8.881784197001252e-16
			vertex 6.305129528045654 0 0.09999999403953641
			vertex 6.013311386108398 0 0.09999999403953641
		endloop
	endfacet
	facet normal 0 -1 0
		outer loop
			vertex 0 0 0.09999999403953641
			vertex 0 0 8.881784197001252e-16
			vertex 4.154734134674072 0 0.09999999403953641
		endloop
	endfacet
	facet normal 0 -1 0
		outer loop
			vertex 4.154734134674072 0 0.09999999403953641
			vertex 0 0 8.881784197001252e-16
			vertex 8.032930374145508 0 8.881784197001252e-16
		endloop
	endfacet
	facet normal 0 -1 0
		outer loop
			vertex 4.154734134674072 0 0.09999999403953641
			vertex 8.032930374145508 0 8.881784197001252e-16
			vertex 5.092784881591797 0 0.09999999403953641
		endloop
	endfacet
	facet normal 0 -1 0
		outer loop
			vertex 5.092784881591797 0 0.09999999403953641
			vertex 8.032930374145508 0 8.881784197001252e-16
			vertex 6.013311386108398 0 0.09999999403953641
		endloop
	endfacet
	facet normal 4.1423843523147486e-17 3.9179817112584627e-16 1
		outer loop
			vertex 6.41622257232666 3.342625141143799 0.09999999403953568
			vertex 6.480290412902832 3.406692922115326 0.09999999403953565
			vertex 6.305129528045654 3.389791488647461 0.09999999403953566
		endloop
	endfacet
	facet normal 1.5880262467890022e-16 2.198691035083997e-16 1
		outer loop
			vertex 4.1343159675598145 1.3746910095214844 0.0999999940395361
			vertex 4.176826477050781 1.5333425998687744 0.09999999403953606
			vertex 4.154734134674072 1.8648910522460938 0.099999994039536
		endloop
	endfacet
	facet normal -8.418716143913667e-17 2.0367776402100064e-16 1
		outer loop
			vertex 4.154734134674072 1.8648910522460938 0.099999994039536
			vertex 4.176826477050781 1.5333425998687744 0.09999999403953606
			vertex 4.292967319488525 1.6494836807250977 0.09999999403953605
		endloop
	endfacet
	facet normal 1.57191662304809e-17 2.6779056461539176e-16 1
		outer loop
			vertex 4.154734134674072 1.8648910522460938 0.099999994039536
			vertex 4.292967319488525 1.6494836807250977 0.09999999403953605
			vertex 4.4516191482543945 1.6919941902160645 0.09999999403953604
		endloop
	endfacet
	facet normal -1.2967011311588603e-17 2.7806177557375555e-16 1
		outer loop
			vertex 4.292967319488525 1.099898338317871 0.09999999403953616
			vertex 4.154734134674072 0.8938159942626953 0.09999999403953622
			vertex 4.4516191482543945 1.0573878288269043 0.09999999403953617
		endloop
	endfacet
	facet normal 0 2.545264808844611e-16 1
		outer loop
			vertex 4.4516191482543945 1.0573878288269043 0.09999999403953617
			vertex 4.154734134674072 0.8938159942626953 0.09999999403953622
			vertex 5.092784881591797 0.8938159942626953 0.09999999403953622
		endloop
	endfacet
	facet normal 9.400230766621933e-18 2.913733247746668e-16 1
		outer loop
			vertex 4.4516191482543945 1.0573878288269043 0.09999999403953617
			vertex 5.092784881591797 0.8938159942626953 0.09999999403953622
			vertex 4.6102705001831055 1.099898338317871 0.09999999403953616
		endloop
	endfacet
	facet normal 7.778448560421258e-17 2.832623451085301e-16 1
		outer loop
			vertex 4.726411819458008 1.5333425998687744 0.09999999403953606
			vertex 4.768922328948975 1.3746910095214844 0.0999999940395361
			vertex 5.092784881591797 0.8938159942626953 0.09999999403953622
		endloop
	endfacet
	facet normal 3.350682875794135e-17 2.5344196659799526e-16 1
		outer loop
			vertex 5.092784881591797 0.8938159942626953 0.09999999403953622
			vertex 4.768922328948975 1.3746910095214844 0.0999999940395361
			vertex 4.726411819458008 1.2160394191741943 0.09999999403953615
		endloop
	endfacet
	facet normal -4.485381940585271e-17 1.6434468688767344e-16 1
		outer loop
			vertex 5.092784881591797 0.8938159942626953 0.09999999403953622
			vertex 4.726411819458008 1.2160394191741943 0.09999999403953615
			vertex 4.6102705001831055 1.099898338317871 0.09999999403953616
		endloop
	endfacet
	facet normal 8.970333169013195e-17 2.0919392294820366e-16 1
		outer loop
			vertex 4.292967319488525 1.099898338317871 0.09999999403953616
			vertex 4.176826477050781 1.2160394191741943 0.09999999403953615
			vertex 4.154734134674072 0.8938159942626953 0.09999999403953622
		endloop
	endfacet
	facet normal -1.3989408810075463e-16 2.2493562393788927e-16 1
		outer loop
			vertex 4.154734134674072 0.8938159942626953 0.09999999403953622
			vertex 4.176826477050781 1.2160394191741943 0.09999999403953615
			vertex 4.1343159675598145 1.3746910095214844 0.0999999940395361
		endloop
	endfacet
	facet normal 0 2.3087558916482194e-16 1
		outer loop
			vertex 4.154734134674072 0.8938159942626953 0.09999999403953622
			vertex 4.1343159675598145 1.3746910095214844 0.0999999940395361
			vertex 0 0.8938159942626953 0.09999999403953622
		endloop
	endfacet
	facet normal 2.578718198986098e-19 2.286585399342297e-16 1
		outer loop
			vertex 0 0.8938159942626953 0.09999999403953622
			vertex 4.1343159675598145 1.3746910095214844 0.0999999940395361
			vertex 0 1.8648910522460938 0.099999994039536
		endloop
	endfacet
	facet normal -4.9996739709192967e-17 1.8346828279400695e-16 1
		outer loop
			vertex 5.743045330047607 2.6317503452301025 0.09999999403953583
			vertex 5.7211809158325195 2.550150752067566 0.09999999403953584
			vertex 6.013311386108398 2.1759108304977417 0.09999999403953592
		endloop
	endfacet
	facet normal 5.518806297604037e-18 2.268035381418573e-16 1
		outer loop
			vertex 6.013311386108398 2.1759108304977417 0.09999999403953592
			vertex 5.7211809158325195 2.550150752067566 0.09999999403953584
			vertex 5.6614460945129395 2.4904156923294067 0.09999999403953586
		endloop
	endfacet
	facet normal -1.643502962578281e-17 1.6566805039716284e-16 1
		outer loop
			vertex 5.416647434234619 2.6317503452301025 0.09999999403953583
			vertex 5.155607223510742 2.7733912467956543 0.0999999940395358
			vertex 5.438511848449707 2.550150752067566 0.09999999403953584
		endloop
	endfacet
	facet normal 1.779352252494554e-17 2.0904465964630558e-16 1
		outer loop
			vertex 5.438511848449707 2.550150752067566 0.09999999403953584
			vertex 5.155607223510742 2.7733912467956543 0.0999999940395358
			vertex 5.155607223510742 2.1759108304977417 0.09999999403953592
		endloop
	endfacet
	facet normal -5.596286616581461e-18 2.267260581321245e-16 1
		outer loop
			vertex 5.438511848449707 2.550150752067566 0.09999999403953584
			vertex 5.155607223510742 2.1759108304977417 0.09999999403953592
			vertex 5.498246669769287 2.4904156923294067 0.09999999403953586
		endloop
	endfacet
	facet normal -8.588367304251357e-17 3.1419569362936965e-16 1
		outer loop
			vertex 5.498246669769287 2.4904156923294067 0.09999999403953586
			vertex 5.155607223510742 2.1759108304977417 0.09999999403953592
			vertex 5.579846382141113 2.468551278114319 0.09999999403953587
		endloop
	endfacet
	facet normal 5.4654858818407785e-17 4.3074173437468525e-16 1
		outer loop
			vertex 5.579846382141113 2.7949492931365967 0.09999999403953579
			vertex 5.155607223510742 2.8809974193573 0.09999999403953577
			vertex 5.498246669769287 2.7730847597122192 0.0999999940395358
		endloop
	endfacet
	facet normal 2.307213961446772e-19 2.5793664949590395e-16 1
		outer loop
			vertex 5.498246669769287 2.7730847597122192 0.0999999940395358
			vertex 5.155607223510742 2.8809974193573 0.09999999403953577
			vertex 5.155607223510742 2.7733912467956543 0.0999999940395358
		endloop
	endfacet
	facet normal 2.0762436965826582e-19 2.3211516208826307e-16 1
		outer loop
			vertex 5.498246669769287 2.7730847597122192 0.0999999940395358
			vertex 5.155607223510742 2.7733912467956543 0.0999999940395358
			vertex 5.438511848449707 2.7133498191833496 0.09999999403953581
		endloop
	endfacet
	facet normal -1.2262579588355658e-17 1.7335775884271914e-16 1
		outer loop
			vertex 5.438511848449707 2.7133498191833496 0.09999999403953581
			vertex 5.155607223510742 2.7733912467956543 0.0999999940395358
			vertex 5.416647434234619 2.6317503452301025 0.09999999403953583
		endloop
	endfacet
	facet normal -2.0218523329943012e-19 2.3212060121376738e-16 1
		outer loop
			vertex 5.7211809158325195 2.7133498191833496 0.09999999403953581
			vertex 6.013311386108398 2.7733912467956543 0.0999999940395358
			vertex 5.6614460945129395 2.7730847597122192 0.0999999940395358
		endloop
	endfacet
	facet normal -2.246719221908923e-19 2.57936649495904e-16 1
		outer loop
			vertex 5.6614460945129395 2.7730847597122192 0.0999999940395358
			vertex 6.013311386108398 2.7733912467956543 0.0999999940395358
			vertex 6.013311386108398 2.8809974193573 0.09999999403953577
		endloop
	endfacet
	facet normal -5.3986642293658754e-17 4.3323555736936343e-16 1
		outer loop
			vertex 5.6614460945129395 2.7730847597122192 0.0999999940395358
			vertex 6.013311386108398 2.8809974193573 0.09999999403953577
			vertex 5.579846382141113 2.7949492931365967 0.09999999403953579
		endloop
	endfacet
	facet normal 0 2.274269786413511e-16 1
		outer loop
			vertex 5.005607604980469 4 0.09999999403953552
			vertex 4.154734134674072 4 0.09999999403953552
			vertex 4.154734134674072 3.389791488647461 0.09999999403953566
		endloop
	endfacet
	facet normal -6.14561216170791e-17 3.1241655954458284e-16 1
		outer loop
			vertex 4.154734134674072 2.8809974193573 0.09999999403953577
			vertex 4.366349697113037 2.967045545578003 0.09999999403953576
			vertex 4.270751476287842 2.9926609992980957 0.09999999403953574
		endloop
	endfacet
	facet normal 6.035582463705069e-17 3.1652145272826533e-16 1
		outer loop
			vertex 4.270751476287842 3.3238240480422974 0.09999999403953568
			vertex 4.366349697113037 3.3494396209716797 0.09999999403953566
			vertex 4.154734134674072 3.389791488647461 0.09999999403953566
		endloop
	endfacet
	facet normal 0 2.274269786413511e-16 1
		outer loop
			vertex 5.005607604980469 4 0.09999999403953552
			vertex 4.154734134674072 3.389791488647461 0.09999999403953566
			vertex 5.005607604980469 3.389791488647461 0.09999999403953566
		endloop
	endfacet
	facet normal 0 0 1
		outer loop
			vertex 5.005607604980469 3.389791488647461 0.09999999403953566
			vertex 4.154734134674072 3.389791488647461 0.09999999403953566
			vertex 4.366349697113037 3.3494396209716797 0.09999999403953566
		endloop
	endfacet
	facet normal -2.7677916800533888e-17 4.3847604106457435e-16 1
		outer loop
			vertex 5.005607604980469 3.389791488647461 0.09999999403953566
			vertex 4.366349697113037 3.3494396209716797 0.09999999403953566
			vertex 4.461948394775391 3.3238240480422974 0.09999999403953568
		endloop
	endfacet
	facet normal 1.3061846125032567e-18 1.9960860073095236e-16 1
		outer loop
			vertex 4.461948394775391 3.3238240480422974 0.09999999403953568
			vertex 4.531930923461914 3.2538411021232605 0.09999999403953569
			vertex 5.005607604980469 3.389791488647461 0.09999999403953566
		endloop
	endfacet
	facet normal 1.5722287163907836e-17 1.4938019173878713e-16 1
		outer loop
			vertex 5.005607604980469 3.389791488647461 0.09999999403953566
			vertex 4.531930923461914 3.2538411021232605 0.09999999403953569
			vertex 4.557546615600586 3.1582425832748413 0.0999999940395357
		endloop
	endfacet
	facet normal -1.9845895733853987e-17 2.1820675429139198e-16 1
		outer loop
			vertex 5.005607604980469 3.389791488647461 0.09999999403953566
			vertex 4.557546615600586 3.1582425832748413 0.0999999940395357
			vertex 5.005607604980469 2.8809974193573 0.09999999403953577
		endloop
	endfacet
	facet normal 2.4650268955185154e-17 2.2295288181324316e-16 1
		outer loop
			vertex 4.270751476287842 2.9926609992980957 0.09999999403953574
			vertex 4.200767993927002 3.0626439452171326 0.09999999403953573
			vertex 4.154734134674072 2.8809974193573 0.09999999403953577
		endloop
	endfacet
	facet normal -1.1725728915187032e-16 2.5891587381600777e-16 1
		outer loop
			vertex 4.154734134674072 2.8809974193573 0.09999999403953577
			vertex 4.200767993927002 3.0626439452171326 0.09999999403953573
			vertex 4.175152778625488 3.1582425832748413 0.0999999940395357
		endloop
	endfacet
	facet normal 4.3549276331957136e-16 2.1820675429139198e-16 1
		outer loop
			vertex 4.154734134674072 2.8809974193573 0.09999999403953577
			vertex 4.175152778625488 3.1582425832748413 0.0999999940395357
			vertex 4.154734134674072 3.389791488647461 0.09999999403953566
		endloop
	endfacet
	facet normal -9.725802895043128e-17 1.712272674970558e-16 1
		outer loop
			vertex 4.154734134674072 3.389791488647461 0.09999999403953566
			vertex 4.175152778625488 3.1582425832748413 0.0999999940395357
			vertex 4.200767993927002 3.2538411021232605 0.09999999403953569
		endloop
	endfacet
	facet normal -4.375542914602012e-18 2.0267800036035996e-16 1
		outer loop
			vertex 4.154734134674072 3.389791488647461 0.09999999403953566
			vertex 4.200767993927002 3.2538411021232605 0.09999999403953569
			vertex 4.270751476287842 3.3238240480422974 0.09999999403953568
		endloop
	endfacet
	facet normal 2.1259498017149658e-17 2.846379343079428e-16 1
		outer loop
			vertex 4.557546615600586 3.1582425832748413 0.0999999940395357
			vertex 4.531930923461914 3.0626439452171326 0.09999999403953573
			vertex 5.005607604980469 2.8809974193573 0.09999999403953577
		endloop
	endfacet
	facet normal -8.564363756774695e-18 2.0686673660256234e-16 1
		outer loop
			vertex 5.005607604980469 2.8809974193573 0.09999999403953577
			vertex 4.531930923461914 3.0626439452171326 0.09999999403953573
			vertex 4.461948394775391 2.9926609992980957 0.09999999403953574
		endloop
	endfacet
	facet normal 3.409100536542455e-17 4.1454397836998785e-16 1
		outer loop
			vertex 5.005607604980469 2.8809974193573 0.09999999403953577
			vertex 4.461948394775391 2.9926609992980957 0.09999999403953574
			vertex 4.366349697113037 2.967045545578003 0.09999999403953576
		endloop
	endfacet
	facet normal 0 1.6127937257133984e-16 1
		outer loop
			vertex 4.366349697113037 2.967045545578003 0.09999999403953576
			vertex 4.154734134674072 2.8809974193573 0.09999999403953577
			vertex 5.005607604980469 2.8809974193573 0.09999999403953577
		endloop
	endfacet
	facet normal 0 2.5793664949590395e-16 1
		outer loop
			vertex 5.005607604980469 2.8809974193573 0.09999999403953577
			vertex 4.154734134674072 2.8809974193573 0.09999999403953577
			vertex 4.154734134674072 2.7733912467956543 0.0999999940395358
		endloop
	endfacet
	facet normal 0 2.5793664949590395e-16 1
		outer loop
			vertex 5.005607604980469 2.8809974193573 0.09999999403953577
			vertex 4.154734134674072 2.7733912467956543 0.0999999940395358
			vertex 5.005607604980469 2.7733912467956543 0.0999999940395358
		endloop
	endfacet
	facet normal 0 2.0904465964630558e-16 1
		outer loop
			vertex 5.005607604980469 2.7733912467956543 0.0999999940395358
			vertex 4.154734134674072 2.7733912467956543 0.0999999940395358
			vertex 4.154734134674072 2.1759108304977417 0.09999999403953592
		endloop
	endfacet
	facet normal 0 2.0904465964630558e-16 1
		outer loop
			vertex 5.005607604980469 2.7733912467956543 0.0999999940395358
			vertex 4.154734134674072 2.1759108304977417 0.09999999403953592
			vertex 5.005607604980469 2.1759108304977417 0.09999999403953592
		endloop
	endfacet
	facet normal 0 2.0543106934845066e-16 1
		outer loop
			vertex 5.092784881591797 1.8648910522460938 0.099999994039536
			vertex 5.092784881591797 2 0.09999999403953597
			vertex 5.005607604980469 2 0.09999999403953597
		endloop
	endfacet
	facet normal 0 2.366731104937729e-16 1
		outer loop
			vertex 5.005607604980469 2.1759108304977417 0.09999999403953592
			vertex 4.154734134674072 2.1759108304977417 0.09999999403953592
			vertex 5.005607604980469 2 0.09999999403953597
		endloop
	endfacet
	facet normal -2.805841280402145e-18 2.231013713312125e-16 1
		outer loop
			vertex 5.005607604980469 2 0.09999999403953597
			vertex 4.154734134674072 2.1759108304977417 0.09999999403953592
			vertex 4.154734134674072 1.8648910522460938 0.099999994039536
		endloop
	endfacet
	facet normal 0 2.0543106934845069e-16 1
		outer loop
			vertex 5.005607604980469 2 0.09999999403953597
			vertex 4.154734134674072 1.8648910522460938 0.099999994039536
			vertex 5.092784881591797 1.8648910522460938 0.099999994039536
		endloop
	endfacet
	facet normal 0 2.407988377268082e-16 1
		outer loop
			vertex 5.092784881591797 1.8648910522460938 0.099999994039536
			vertex 4.154734134674072 1.8648910522460938 0.099999994039536
			vertex 4.4516191482543945 1.6919941902160645 0.09999999403953604
		endloop
	endfacet
	facet normal -1.1512334640994471e-17 2.834908472627406e-16 1
		outer loop
			vertex 5.092784881591797 1.8648910522460938 0.099999994039536
			vertex 4.4516191482543945 1.6919941902160645 0.09999999403953604
			vertex 4.6102705001831055 1.6494836807250977 0.09999999403953605
		endloop
	endfacet
	facet normal 0 2.0543106934845069e-16 1
		outer loop
			vertex 5.092784881591797 2 0.09999999403953597
			vertex 5.092784881591797 1.8648910522460938 0.099999994039536
			vertex 5.155607223510742 2 0.09999999403953597
		endloop
	endfacet
	facet normal 0 2.0543106934845069e-16 1
		outer loop
			vertex 5.155607223510742 2 0.09999999403953597
			vertex 5.092784881591797 1.8648910522460938 0.099999994039536
			vertex 6.013311386108398 1.8648910522460938 0.099999994039536
		endloop
	endfacet
	facet normal 4.921369732011907e-18 2.366731104937729e-16 1
		outer loop
			vertex 5.155607223510742 2 0.09999999403953597
			vertex 6.013311386108398 1.8648910522460938 0.099999994039536
			vertex 5.155607223510742 2.1759108304977417 0.09999999403953592
		endloop
	endfacet
	facet normal 0 1.6127937257133987e-16 1
		outer loop
			vertex 5.579846382141113 2.7949492931365967 0.09999999403953579
			vertex 6.013311386108398 2.8809974193573 0.09999999403953577
			vertex 5.155607223510742 2.8809974193573 0.09999999403953577
		endloop
	endfacet
	facet normal 0 2.1820675429139198e-16 1
		outer loop
			vertex 5.155607223510742 2.8809974193573 0.09999999403953577
			vertex 6.013311386108398 2.8809974193573 0.09999999403953577
			vertex 6.013311386108398 3.389791488647461 0.09999999403953566
		endloop
	endfacet
	facet normal 0 2.1820675429139198e-16 1
		outer loop
			vertex 5.155607223510742 2.8809974193573 0.09999999403953577
			vertex 6.013311386108398 3.389791488647461 0.09999999403953566
			vertex 5.155607223510742 3.389791488647461 0.09999999403953566
		endloop
	endfacet
	facet normal 0 2.274269786413511e-16 1
		outer loop
			vertex 5.155607223510742 3.389791488647461 0.09999999403953566
			vertex 6.013311386108398 3.389791488647461 0.09999999403953566
			vertex 6.013311386108398 4 0.09999999403953552
		endloop
	endfacet
	facet normal 0 2.274269786413511e-16 1
		outer loop
			vertex 5.155607223510742 3.389791488647461 0.09999999403953566
			vertex 6.013311386108398 4 0.09999999403953552
			vertex 5.155607223510742 4 0.09999999403953552
		endloop
	endfacet
	facet normal 3.554463894207764e-17 2.3124391959686247e-16 1
		outer loop
			vertex 6.79744291305542 0.8938159942626953 0.09999999403953622
			vertex 6.813960552215576 1.611440658569336 0.09999999403953605
			vertex 6.709924697875977 1.5074048042297363 0.09999999403953608
		endloop
	endfacet
	facet normal 0 2.320620541305891e-16 1
		outer loop
			vertex 6.79744291305542 0.8938159942626953 0.09999999403953622
			vertex 7.9329304695129395 0.8938159942626953 0.09999999403953622
			vertex 6.813960552215576 1.611440658569336 0.09999999403953605
		endloop
	endfacet
	facet normal -2.1827626416664943e-18 2.286585399342297e-16 1
		outer loop
			vertex 6.813960552215576 1.611440658569336 0.09999999403953605
			vertex 7.9329304695129395 0.8938159942626953 0.09999999403953622
			vertex 7.9329304695129395 1.8648910522460938 0.099999994039536
		endloop
	endfacet
	facet normal 5.71962451860385e-18 1.937699237482279e-16 1
		outer loop
			vertex 6.813960552215576 1.611440658569336 0.09999999403953605
			vertex 7.9329304695129395 1.8648910522460938 0.099999994039536
			vertex 6.8520402908325195 1.753556489944458 0.09999999403953602
		endloop
	endfacet
	facet normal 1.8113750319819652e-17 2.4867480821912045e-16 1
		outer loop
			vertex 6.321657180786133 1.895672082901001 0.099999994039536
			vertex 6.425693035125732 1.9997079372406006 0.09999999403953597
			vertex 6.305129528045654 2.1759108304977417 0.09999999403953592
		endloop
	endfacet
	facet normal 2.901973553948254e-17 2.561370229531726e-16 1
		outer loop
			vertex 6.305129528045654 2.1759108304977417 0.09999999403953592
			vertex 6.425693035125732 1.9997079372406006 0.09999999403953597
			vertex 6.567808628082275 2.037787675857544 0.09999999403953595
		endloop
	endfacet
	facet normal 0 2.0094802850347912e-16 1
		outer loop
			vertex 6.305129528045654 2.1759108304977417 0.09999999403953592
			vertex 6.567808628082275 2.037787675857544 0.09999999403953595
			vertex 6.79744291305542 2.1759108304977417 0.09999999403953592
		endloop
	endfacet
	facet normal -3.0306646374203296e-17 2.5133382434055684e-16 1
		outer loop
			vertex 6.79744291305542 2.1759108304977417 0.09999999403953592
			vertex 6.567808628082275 2.037787675857544 0.09999999403953595
			vertex 6.709924697875977 1.9997079372406006 0.09999999403953597
		endloop
	endfacet
	facet normal -2.0383474462426888e-17 2.464050840765132e-16 1
		outer loop
			vertex 6.79744291305542 2.1759108304977417 0.09999999403953592
			vertex 6.709924697875977 1.9997079372406006 0.09999999403953597
			vertex 6.813960552215576 1.895672082901001 0.099999994039536
		endloop
	endfacet
	facet normal 5.757201500796971e-17 2.1486179652819693e-16 1
		outer loop
			vertex 6.567808628082275 1.469325065612793 0.09999999403953608
			vertex 6.425693035125732 1.5074048042297363 0.09999999403953608
			vertex 6.305129528045654 0.8938159942626953 0.09999999403953622
		endloop
	endfacet
	facet normal -3.3944721674135217e-17 2.3284383686480486e-16 1
		outer loop
			vertex 6.305129528045654 0.8938159942626953 0.09999999403953622
			vertex 6.425693035125732 1.5074048042297363 0.09999999403953608
			vertex 6.321657180786133 1.611440658569336 0.09999999403953605
		endloop
	endfacet
	facet normal 1.051956180894358e-17 2.3181977752945225e-16 1
		outer loop
			vertex 6.305129528045654 0.8938159942626953 0.09999999403953622
			vertex 6.321657180786133 1.611440658569336 0.09999999403953605
			vertex 6.013311386108398 1.8648910522460938 0.099999994039536
		endloop
	endfacet
	facet normal -2.5003350528442837e-17 1.8860287628483062e-16 1
		outer loop
			vertex 6.013311386108398 1.8648910522460938 0.099999994039536
			vertex 6.321657180786133 1.611440658569336 0.09999999403953605
			vertex 6.2835774421691895 1.753556489944458 0.09999999403953602
		endloop
	endfacet
	facet normal 0 2.492988254665382e-16 1
		outer loop
			vertex 6.013311386108398 1.8648910522460938 0.099999994039536
			vertex 6.2835774421691895 1.753556489944458 0.09999999403953602
			vertex 6.305129528045654 1.8648910522460938 0.099999994039536
		endloop
	endfacet
	facet normal 7.055732837331736e-17 1.7747639393335177e-16 1
		outer loop
			vertex 6.79744291305542 3.389791488647461 0.09999999403953566
			vertex 6.719394683837891 3.342625141143799 0.09999999403953568
			vertex 6.74284553527832 3.2551069259643555 0.09999999403953569
		endloop
	endfacet
	facet normal -2.9919122989313637e-17 2.1820675429139198e-16 1
		outer loop
			vertex 6.79744291305542 3.389791488647461 0.09999999403953566
			vertex 6.74284553527832 3.2551069259643555 0.09999999403953569
			vertex 6.79744291305542 2.8809974193573 0.09999999403953577
		endloop
	endfacet
	facet normal -1.5463703977472225e-16 2.0000547606122418e-16 1
		outer loop
			vertex 6.74284553527832 3.2551069259643555 0.09999999403953569
			vertex 6.719394683837891 3.167588531970978 0.0999999940395357
			vertex 6.79744291305542 2.8809974193573 0.09999999403953577
		endloop
	endfacet
	facet normal -2.004758603748919e-17 2.3665863128207546e-16 1
		outer loop
			vertex 6.79744291305542 2.8809974193573 0.09999999403953577
			vertex 6.719394683837891 3.167588531970978 0.0999999940395357
			vertex 6.655326843261719 3.1035207509994507 0.09999999403953572
		endloop
	endfacet
	facet normal 7.832374251261447e-17 2.994841628376056e-16 1
		outer loop
			vertex 6.79744291305542 2.8809974193573 0.09999999403953577
			vertex 6.655326843261719 3.1035207509994507 0.09999999403953572
			vertex 6.567808628082275 3.0800703167915344 0.09999999403953573
		endloop
	endfacet
	facet normal -7.575003707416279e-17 3.090893626549667e-16 1
		outer loop
			vertex 6.567808628082275 3.0800703167915344 0.09999999403953573
			vertex 6.480290412902832 3.1035207509994507 0.09999999403953572
			vertex 6.305129528045654 2.8809974193573 0.09999999403953577
		endloop
	endfacet
	facet normal 1.838177079832921e-17 2.349928144931455e-16 1
		outer loop
			vertex 6.305129528045654 2.8809974193573 0.09999999403953577
			vertex 6.480290412902832 3.1035207509994507 0.09999999403953572
			vertex 6.41622257232666 3.167588531970978 0.0999999940395357
		endloop
	endfacet
	facet normal 6.168543306409749e-17 2.1820675429139198e-16 1
		outer loop
			vertex 6.305129528045654 2.8809974193573 0.09999999403953577
			vertex 6.41622257232666 3.167588531970978 0.0999999940395357
			vertex 6.305129528045654 3.389791488647461 0.09999999403953566
		endloop
	endfacet
	facet normal -1.2411497967941151e-16 1.2531360026195973e-16 1
		outer loop
			vertex 6.305129528045654 3.389791488647461 0.09999999403953566
			vertex 6.41622257232666 3.167588531970978 0.0999999940395357
			vertex 6.392772197723389 3.2551069259643555 0.09999999403953569
		endloop
	endfacet
	facet normal -5.1713772317315966e-17 1.72426906900043e-16 1
		outer loop
			vertex 6.305129528045654 3.389791488647461 0.09999999403953566
			vertex 6.392772197723389 3.2551069259643555 0.09999999403953569
			vertex 6.41622257232666 3.342625141143799 0.09999999403953568
		endloop
	endfacet
	facet normal -5.235581969223946e-17 3.8086618478632934e-16 1
		outer loop
			vertex 6.719394683837891 3.342625141143799 0.09999999403953568
			vertex 6.79744291305542 3.389791488647461 0.09999999403953566
			vertex 6.655326843261719 3.406692922115326 0.09999999403953565
		endloop
	endfacet
	facet normal -7.060387944921082e-17 2.2742697864135116e-16 1
		outer loop
			vertex 6.655326843261719 3.406692922115326 0.09999999403953565
			vertex 6.79744291305542 3.389791488647461 0.09999999403953566
			vertex 6.79744291305542 4 0.09999999403953552
		endloop
	endfacet
	facet normal 5.300546098225007e-17 1.9781857802266597e-16 1
		outer loop
			vertex 6.655326843261719 3.406692922115326 0.09999999403953565
			vertex 6.79744291305542 4 0.09999999403953552
			vertex 6.567808628082275 3.430143415927887 0.09999999403953565
		endloop
	endfacet
	facet normal -6.583758253760674e-17 2.4570858769439964e-16 1
		outer loop
			vertex 6.567808628082275 3.430143415927887 0.09999999403953565
			vertex 6.79744291305542 4 0.09999999403953552
			vertex 6.480290412902832 3.406692922115326 0.09999999403953565
		endloop
	endfacet
	facet normal 0 2.10515085570255e-16 1
		outer loop
			vertex 6.480290412902832 3.406692922115326 0.09999999403953565
			vertex 6.79744291305542 4 0.09999999403953552
			vertex 6.305129528045654 4 0.09999999403953552
		endloop
	endfacet
	facet normal 5.728416973739065e-17 2.274269786413511e-16 1
		outer loop
			vertex 6.480290412902832 3.406692922115326 0.09999999403953565
			vertex 6.305129528045654 4 0.09999999403953552
			vertex 6.305129528045654 3.389791488647461 0.09999999403953566
		endloop
	endfacet
	facet normal -1.0589339154645493e-17 2.061166455865977e-16 1
		outer loop
			vertex 6.498927593231201 0.0772862434387207 0.0999999940395364
			vertex 6.370848178863525 0.20536565780639648 0.09999999403953637
			vertex 6.305129528045654 0 0.09999999403953641
		endloop
	endfacet
	facet normal 7.139327022114207e-17 2.1883004060430432e-16 1
		outer loop
			vertex 6.323967933654785 0.3803250789642334 0.09999999403953633
			vertex 6.370848178863525 0.5552847385406494 0.09999999403953629
			vertex 6.305129528045654 0.8938159942626953 0.09999999403953622
		endloop
	endfacet
	facet normal 9.82760919320338e-18 2.068783755480398e-16 1
		outer loop
			vertex 6.370848178863525 0.5552847385406494 0.09999999403953629
			vertex 6.498927593231201 0.6833641529083252 0.09999999403953626
			vertex 6.305129528045654 0.8938159942626953 0.09999999403953622
		endloop
	endfacet
	facet normal 0 1.97828458784254e-16 1
		outer loop
			vertex 6.305129528045654 0.8938159942626953 0.09999999403953622
			vertex 6.498927593231201 0.6833641529083252 0.09999999403953626
			vertex 6.79744291305542 0.8938159942626953 0.09999999403953622
		endloop
	endfacet
	facet normal 0 2.4113934077977765e-16 1
		outer loop
			vertex 6.305129528045654 0.8938159942626953 0.09999999403953622
			vertex 6.79744291305542 0.8938159942626953 0.09999999403953622
			vertex 6.567808628082275 1.469325065612793 0.09999999403953608
		endloop
	endfacet
	facet normal -5.837204206713901e-17 2.1784827064761698e-16 1
		outer loop
			vertex 6.567808628082275 1.469325065612793 0.09999999403953608
			vertex 6.79744291305542 0.8938159942626953 0.09999999403953622
			vertex 6.709924697875977 1.5074048042297363 0.09999999403953608
		endloop
	endfacet
	facet normal -1.8664956660413233e-17 2.2636655007363903e-16 1
		outer loop
			vertex 6.498927593231201 0.0772862434387207 0.0999999940395364
			vertex 6.305129528045654 0 0.09999999403953641
			vertex 6.673887252807617 0.030405759811401367 0.09999999403953641
		endloop
	endfacet
	facet normal 0 0 1
		outer loop
			vertex 6.673887252807617 0.030405759811401367 0.09999999403953641
			vertex 6.305129528045654 0 0.09999999403953641
			vertex 6.79744291305542 0 0.09999999403953641
		endloop
	endfacet
	facet normal 3.797333761162845e-17 1.543069743864175e-16 1
		outer loop
			vertex 6.673887252807617 0.030405759811401367 0.09999999403953641
			vertex 6.79744291305542 0 0.09999999403953641
			vertex 6.848846912384033 0.0772862434387207 0.0999999940395364
		endloop
	endfacet
	facet normal 0 1.7956349267794315e-16 1
		outer loop
			vertex 6.848846912384033 0.0772862434387207 0.0999999940395364
			vertex 6.79744291305542 0 0.09999999403953641
			vertex 7.9329304695129395 0 0.09999999403953641
		endloop
	endfacet
	facet normal 2.4717401755483267e-18 2.1423425376793528e-16 1
		outer loop
			vertex 6.848846912384033 0.0772862434387207 0.0999999940395364
			vertex 7.9329304695129395 0 0.09999999403953641
			vertex 6.976925849914551 0.20536565780639648 0.09999999403953637
		endloop
	endfacet
	facet normal 4.244366052820466e-17 1.3762426757571514e-16 1
		outer loop
			vertex 6.498927593231201 0.6833641529083252 0.09999999403953626
			vertex 6.673887252807617 0.7302443981170654 0.09999999403953624
			vertex 6.79744291305542 0.8938159942626953 0.09999999403953622
		endloop
	endfacet
	facet normal -2.8154681310117e-17 1.9095152575364396e-16 1
		outer loop
			vertex 6.79744291305542 0.8938159942626953 0.09999999403953622
			vertex 6.673887252807617 0.7302443981170654 0.09999999403953624
			vertex 6.848846912384033 0.6833641529083252 0.09999999403953626
		endloop
	endfacet
	facet normal 0 1.97828458784254e-16 1
		outer loop
			vertex 6.79744291305542 0.8938159942626953 0.09999999403953622
			vertex 6.848846912384033 0.6833641529083252 0.09999999403953626
			vertex 7.9329304695129395 0.8938159942626953 0.09999999403953622
		endloop
	endfacet
	facet normal -3.0689099016015594e-18 2.1363708626513327e-16 1
		outer loop
			vertex 7.9329304695129395 0.8938159942626953 0.09999999403953622
			vertex 6.848846912384033 0.6833641529083252 0.09999999403953626
			vertex 6.976925849914551 0.5552847385406494 0.09999999403953629
		endloop
	endfacet
	facet normal -4.390871491966266e-18 2.1737027593657074e-16 1
		outer loop
			vertex 7.9329304695129395 0.8938159942626953 0.09999999403953622
			vertex 6.976925849914551 0.5552847385406494 0.09999999403953629
			vertex 7.9329304695129395 0 0.09999999403953641
		endloop
	endfacet
	facet normal 8.963344983242898e-18 2.40361530252274e-16 1
		outer loop
			vertex 7.9329304695129395 0 0.09999999403953641
			vertex 6.976925849914551 0.5552847385406494 0.09999999403953629
			vertex 7.023806571960449 0.3803250789642334 0.09999999403953633
		endloop
	endfacet
	facet normal 7.15651540809032e-18 2.3604250940292763e-16 1
		outer loop
			vertex 7.9329304695129395 0 0.09999999403953641
			vertex 7.023806571960449 0.3803250789642334 0.09999999403953633
			vertex 6.976925849914551 0.20536565780639648 0.09999999403953637
		endloop
	endfacet
	facet normal -2.4443955985582395e-16 1.9229303283861772e-16 1
		outer loop
			vertex 6.286290645599365 2.5329335927963257 0.09999999403953584
			vertex 6.315617561340332 2.6423834562301636 0.09999999403953583
			vertex 6.305129528045654 2.7733912467956543 0.0999999940395358
		endloop
	endfacet
	facet normal 1.2457738230491862e-16 2.2183526051054608e-16 1
		outer loop
			vertex 6.305129528045654 2.7733912467956543 0.0999999940395358
			vertex 6.315617561340332 2.6423834562301636 0.09999999403953583
			vertex 6.395740509033203 2.722506284713745 0.0999999940395358
		endloop
	endfacet
	facet normal 0 0 1
		outer loop
			vertex 6.305129528045654 2.7733912467956543 0.0999999940395358
			vertex 6.395740509033203 2.722506284713745 0.0999999940395358
			vertex 6.505190849304199 2.7518333196640015 0.0999999940395358
		endloop
	endfacet
	facet normal -7.543059604167217e-17 2.709821198959424e-16 1
		outer loop
			vertex 6.614640235900879 2.722506284713745 0.0999999940395358
			vertex 6.69476318359375 2.6423834562301636 0.09999999403953583
			vertex 6.79744291305542 2.7733912467956543 0.0999999940395358
		endloop
	endfacet
	facet normal 8.088318304876372e-17 1.4846836343262982e-16 1
		outer loop
			vertex 6.79744291305542 2.7733912467956543 0.0999999940395358
			vertex 6.69476318359375 2.6423834562301636 0.09999999403953583
			vertex 6.724090099334717 2.5329335927963257 0.09999999403953584
		endloop
	endfacet
	facet normal -1.1769180455798663e-16 2.0904465964630562e-16 1
		outer loop
			vertex 6.79744291305542 2.7733912467956543 0.0999999940395358
			vertex 6.724090099334717 2.5329335927963257 0.09999999403953584
			vertex 6.79744291305542 2.1759108304977417 0.09999999403953592
		endloop
	endfacet
	facet normal 4.302167291774694e-17 2.4206436320746046e-16 1
		outer loop
			vertex 6.724090099334717 2.5329335927963257 0.09999999403953584
			vertex 6.69476318359375 2.4234838485717773 0.09999999403953587
			vertex 6.79744291305542 2.1759108304977417 0.09999999403953592
		endloop
	endfacet
	facet normal 8.636987585688022e-17 2.600428238049264e-16 1
		outer loop
			vertex 6.79744291305542 2.1759108304977417 0.09999999403953592
			vertex 6.69476318359375 2.4234838485717773 0.09999999403953587
			vertex 6.614640235900879 2.343361020088196 0.0999999940395359
		endloop
	endfacet
	facet normal 0 1.6575422030582871e-16 1
		outer loop
			vertex 6.79744291305542 2.1759108304977417 0.09999999403953592
			vertex 6.614640235900879 2.343361020088196 0.0999999940395359
			vertex 6.305129528045654 2.1759108304977417 0.09999999403953592
		endloop
	endfacet
	facet normal -8.799603120242591e-17 3.2840386538849937e-16 1
		outer loop
			vertex 6.305129528045654 2.1759108304977417 0.09999999403953592
			vertex 6.614640235900879 2.343361020088196 0.0999999940395359
			vertex 6.505190849304199 2.3140339851379395 0.0999999940395359
		endloop
	endfacet
	facet normal 9.275887386063314e-17 2.7844658303670363e-16 1
		outer loop
			vertex 6.315617561340332 2.4234838485717773 0.09999999403953587
			vertex 6.286290645599365 2.5329335927963257 0.09999999403953584
			vertex 6.013311386108398 2.7733912467956543 0.0999999940395358
		endloop
	endfacet
	facet normal 3.87893860806695e-17 1.4476443024783882e-16 1
		outer loop
			vertex 6.505190849304199 2.3140339851379395 0.0999999940395359
			vertex 6.395740509033203 2.343361020088196 0.0999999940395359
			vertex 6.305129528045654 2.1759108304977417 0.09999999403953592
		endloop
	endfacet
	facet normal -1.1722526432118484e-16 2.291873894329946e-16 1
		outer loop
			vertex 6.305129528045654 2.1759108304977417 0.09999999403953592
			vertex 6.395740509033203 2.343361020088196 0.0999999940395359
			vertex 6.315617561340332 2.4234838485717773 0.09999999403953587
		endloop
	endfacet
	facet normal 0 2.2422132938031823e-16 1
		outer loop
			vertex 6.305129528045654 2.1759108304977417 0.09999999403953592
			vertex 6.315617561340332 2.4234838485717773 0.09999999403953587
			vertex 6.013311386108398 2.1759108304977417 0.09999999403953592
		endloop
	endfacet
	facet normal 1.2428902345377847e-17 2.0904465964630562e-16 1
		outer loop
			vertex 6.013311386108398 2.1759108304977417 0.09999999403953592
			vertex 6.315617561340332 2.4234838485717773 0.09999999403953587
			vertex 6.013311386108398 2.7733912467956543 0.0999999940395358
		endloop
	endfacet
	facet normal -6.858791189526118e-18 2.0904465964630558e-16 1
		outer loop
			vertex 6.013311386108398 2.1759108304977417 0.09999999403953592
			vertex 6.013311386108398 2.7733912467956543 0.0999999940395358
			vertex 5.743045330047607 2.6317503452301025 0.09999999403953583
		endloop
	endfacet
	facet normal 1.1895526081696498e-17 1.7325940759705677e-16 1
		outer loop
			vertex 5.743045330047607 2.6317503452301025 0.09999999403953583
			vertex 6.013311386108398 2.7733912467956543 0.0999999940395358
			vertex 5.7211809158325195 2.7133498191833496 0.09999999403953581
		endloop
	endfacet
	facet normal 5.412354373797599e-18 1.9675305203163527e-16 1
		outer loop
			vertex 6.8520402908325195 1.753556489944458 0.09999999403953602
			vertex 7.9329304695129395 1.8648910522460938 0.099999994039536
			vertex 6.813960552215576 1.895672082901001 0.099999994039536
		endloop
	endfacet
	facet normal 6.1371535051490834e-18 2.231013713312125e-16 1
		outer loop
			vertex 6.813960552215576 1.895672082901001 0.099999994039536
			vertex 7.9329304695129395 1.8648910522460938 0.099999994039536
			vertex 7.9329304695129395 2.1759108304977417 0.09999999403953592
		endloop
	endfacet
	facet normal 0 2.476065127828858e-16 1
		outer loop
			vertex 6.813960552215576 1.895672082901001 0.099999994039536
			vertex 7.9329304695129395 2.1759108304977417 0.09999999403953592
			vertex 6.79744291305542 2.1759108304977417 0.09999999403953592
		endloop
	endfacet
	facet normal 0 2.0904465964630558e-16 1
		outer loop
			vertex 6.79744291305542 2.1759108304977417 0.09999999403953592
			vertex 7.9329304695129395 2.1759108304977417 0.09999999403953592
			vertex 7.9329304695129395 2.7733912467956543 0.0999999940395358
		endloop
	endfacet
	facet normal 0 2.0904465964630558e-16 1
		outer loop
			vertex 6.79744291305542 2.1759108304977417 0.09999999403953592
			vertex 7.9329304695129395 2.7733912467956543 0.0999999940395358
			vertex 6.79744291305542 2.7733912467956543 0.0999999940395358
		endloop
	endfacet
	facet normal 0 2.5793664949590395e-16 1
		outer loop
			vertex 6.79744291305542 2.7733912467956543 0.0999999940395358
			vertex 7.9329304695129395 2.7733912467956543 0.0999999940395358
			vertex 7.9329304695129395 2.8809974193573 0.09999999403953577
		endloop
	endfacet
	facet normal 0 2.5793664949590395e-16 1
		outer loop
			vertex 6.79744291305542 2.7733912467956543 0.0999999940395358
			vertex 7.9329304695129395 2.8809974193573 0.09999999403953577
			vertex 6.79744291305542 2.8809974193573 0.09999999403953577
		endloop
	endfacet
	facet normal 0 2.1820675429139198e-16 1
		outer loop
			vertex 6.79744291305542 2.8809974193573 0.09999999403953577
			vertex 7.9329304695129395 2.8809974193573 0.09999999403953577
			vertex 7.9329304695129395 3.389791488647461 0.09999999403953566
		endloop
	endfacet
	facet normal 0 2.1820675429139198e-16 1
		outer loop
			vertex 6.79744291305542 2.8809974193573 0.09999999403953577
			vertex 7.9329304695129395 3.389791488647461 0.09999999403953566
			vertex 6.79744291305542 3.389791488647461 0.09999999403953566
		endloop
	endfacet
	facet normal 0 2.2742697864135116e-16 1
		outer loop
			vertex 6.79744291305542 3.389791488647461 0.09999999403953566
			vertex 7.9329304695129395 3.389791488647461 0.09999999403953566
			vertex 7.9329304695129395 4 0.09999999403953552
		endloop
	endfacet
	facet normal 0 2.2742697864135116e-16 1
		outer loop
			vertex 6.79744291305542 3.389791488647461 0.09999999403953566
			vertex 7.9329304695129395 4 0.09999999403953552
			vertex 6.79744291305542 4 0.09999999403953552
		endloop
	endfacet
	facet normal 0 2.091362709843378e-16 1
		outer loop
			vertex 6.567808628082275 3.0800703167915344 0.09999999403953573
			vertex 6.305129528045654 2.8809974193573 0.09999999403953577
			vertex 6.79744291305542 2.8809974193573 0.09999999403953577
		endloop
	endfacet
	facet normal 0 2.5793664949590395e-16 1
		outer loop
			vertex 6.79744291305542 2.8809974193573 0.09999999403953577
			vertex 6.305129528045654 2.8809974193573 0.09999999403953577
			vertex 6.305129528045654 2.7733912467956543 0.0999999940395358
		endloop
	endfacet
	facet normal 0 2.5793664949590395e-16 1
		outer loop
			vertex 6.79744291305542 2.8809974193573 0.09999999403953577
			vertex 6.305129528045654 2.7733912467956543 0.0999999940395358
			vertex 6.79744291305542 2.7733912467956543 0.0999999940395358
		endloop
	endfacet
	facet normal 0 0 1
		outer loop
			vertex 6.79744291305542 2.7733912467956543 0.0999999940395358
			vertex 6.305129528045654 2.7733912467956543 0.0999999940395358
			vertex 6.505190849304199 2.7518333196640015 0.0999999940395358
		endloop
	endfacet
	facet normal 0 0 1
		outer loop
			vertex 6.79744291305542 2.7733912467956543 0.0999999940395358
			vertex 6.505190849304199 2.7518333196640015 0.0999999940395358
			vertex 6.614640235900879 2.722506284713745 0.0999999940395358
		endloop
	endfacet
	facet normal -7.260496588308787e-16 3.898471356606961e-16 1
		outer loop
			vertex 6.2835774421691895 1.753556489944458 0.09999999403953602
			vertex 6.321657180786133 1.895672082901001 0.099999994039536
			vertex 6.305129528045654 1.8648910522460938 0.099999994039536
		endloop
	endfacet
	facet normal -4.15503051638963e-16 2.231013713312125e-16 1
		outer loop
			vertex 6.305129528045654 1.8648910522460938 0.099999994039536
			vertex 6.321657180786133 1.895672082901001 0.099999994039536
			vertex 6.305129528045654 2.1759108304977417 0.09999999403953592
		endloop
	endfacet
	facet normal 0 2.231013713312125e-16 1
		outer loop
			vertex 6.305129528045654 1.8648910522460938 0.099999994039536
			vertex 6.305129528045654 2.1759108304977417 0.09999999403953592
			vertex 6.013311386108398 1.8648910522460938 0.099999994039536
		endloop
	endfacet
	facet normal 0 2.231013713312125e-16 1
		outer loop
			vertex 6.013311386108398 1.8648910522460938 0.099999994039536
			vertex 6.305129528045654 2.1759108304977417 0.09999999403953592
			vertex 6.013311386108398 2.1759108304977417 0.09999999403953592
		endloop
	endfacet
	facet normal 0 2.231013713312125e-16 1
		outer loop
			vertex 6.013311386108398 1.8648910522460938 0.099999994039536
			vertex 6.013311386108398 2.1759108304977417 0.09999999403953592
			vertex 5.155607223510742 2.1759108304977417 0.09999999403953592
		endloop
	endfacet
	facet normal 0 2.2062914587378265e-16 1
		outer loop
			vertex 5.155607223510742 2.1759108304977417 0.09999999403953592
			vertex 6.013311386108398 2.1759108304977417 0.09999999403953592
			vertex 5.6614460945129395 2.4904156923294067 0.09999999403953586
		endloop
	endfacet
	facet normal 1.9498454340942356e-16 -9.297732979937459e-17 1
		outer loop
			vertex 5.155607223510742 2.1759108304977417 0.09999999403953592
			vertex 5.6614460945129395 2.4904156923294067 0.09999999403953586
			vertex 5.579846382141113 2.468551278114319 0.09999999403953587
		endloop
	endfacet
	facet normal 0 1.7314218420994665e-16 1
		outer loop
			vertex 6.286290645599365 2.5329335927963257 0.09999999403953584
			vertex 6.305129528045654 2.7733912467956543 0.0999999940395358
			vertex 6.013311386108398 2.7733912467956543 0.0999999940395358
		endloop
	endfacet
	facet normal 0 2.5793664949590395e-16 1
		outer loop
			vertex 6.013311386108398 2.7733912467956543 0.0999999940395358
			vertex 6.305129528045654 2.7733912467956543 0.0999999940395358
			vertex 6.305129528045654 2.8809974193573 0.09999999403953577
		endloop
	endfacet
	facet normal 0 2.5793664949590395e-16 1
		outer loop
			vertex 6.013311386108398 2.7733912467956543 0.0999999940395358
			vertex 6.305129528045654 2.8809974193573 0.09999999403953577
			vertex 6.013311386108398 2.8809974193573 0.09999999403953577
		endloop
	endfacet
	facet normal 0 2.1820675429139198e-16 1
		outer loop
			vertex 6.013311386108398 2.8809974193573 0.09999999403953577
			vertex 6.305129528045654 2.8809974193573 0.09999999403953577
			vertex 6.305129528045654 3.389791488647461 0.09999999403953566
		endloop
	endfacet
	facet normal 0 2.1820675429139198e-16 1
		outer loop
			vertex 6.013311386108398 2.8809974193573 0.09999999403953577
			vertex 6.305129528045654 3.389791488647461 0.09999999403953566
			vertex 6.013311386108398 3.389791488647461 0.09999999403953566
		endloop
	endfacet
	facet normal 0 2.2742697864135116e-16 1
		outer loop
			vertex 6.013311386108398 3.389791488647461 0.09999999403953566
			vertex 6.305129528045654 3.389791488647461 0.09999999403953566
			vertex 6.305129528045654 4 0.09999999403953552
		endloop
	endfacet
	facet normal 0 2.2742697864135116e-16 1
		outer loop
			vertex 6.013311386108398 3.389791488647461 0.09999999403953566
			vertex 6.305129528045654 4 0.09999999403953552
			vertex 6.013311386108398 4 0.09999999403953552
		endloop
	endfacet
	facet normal 4.265798908294222e-17 1.6214885205708366e-16 1
		outer loop
			vertex 4.6102705001831055 1.6494836807250977 0.09999999403953605
			vertex 4.726411819458008 1.5333425998687744 0.09999999403953606
			vertex 5.092784881591797 1.8648910522460938 0.099999994039536
		endloop
	endfacet
	facet normal -1.7529798619948047e-17 2.286585399342297e-16 1
		outer loop
			vertex 5.092784881591797 1.8648910522460938 0.099999994039536
			vertex 4.726411819458008 1.5333425998687744 0.09999999403953606
			vertex 5.092784881591797 0.8938159942626953 0.09999999403953622
		endloop
	endfacet
	facet normal 0 2.2865853993422973e-16 1
		outer loop
			vertex 5.092784881591797 1.8648910522460938 0.099999994039536
			vertex 5.092784881591797 0.8938159942626953 0.09999999403953622
			vertex 6.013311386108398 1.8648910522460938 0.099999994039536
		endloop
	endfacet
	facet normal 0 2.2865853993422973e-16 1
		outer loop
			vertex 6.013311386108398 1.8648910522460938 0.099999994039536
			vertex 5.092784881591797 0.8938159942626953 0.09999999403953622
			vertex 6.013311386108398 0.8938159942626953 0.09999999403953622
		endloop
	endfacet
	facet normal 0 2.286585399342297e-16 1
		outer loop
			vertex 6.013311386108398 1.8648910522460938 0.099999994039536
			vertex 6.013311386108398 0.8938159942626953 0.09999999403953622
			vertex 6.305129528045654 0.8938159942626953 0.09999999403953622
		endloop
	endfacet
	facet normal -5.992296254385595e-17 2.219037991142451e-16 1
		outer loop
			vertex 6.370848178863525 0.20536565780639648 0.09999999403953637
			vertex 6.323967933654785 0.3803250789642334 0.09999999403953633
			vertex 6.305129528045654 0 0.09999999403953641
		endloop
	endfacet
	facet normal 3.160349655836639e-17 2.1737027593657072e-16 1
		outer loop
			vertex 6.305129528045654 0 0.09999999403953641
			vertex 6.323967933654785 0.3803250789642334 0.09999999403953633
			vertex 6.305129528045654 0.8938159942626953 0.09999999403953622
		endloop
	endfacet
	facet normal 0 2.1737027593657074e-16 1
		outer loop
			vertex 6.305129528045654 0 0.09999999403953641
			vertex 6.305129528045654 0.8938159942626953 0.09999999403953622
			vertex 6.013311386108398 0 0.09999999403953641
		endloop
	endfacet
	facet normal 0 2.1737027593657074e-16 1
		outer loop
			vertex 6.013311386108398 0 0.09999999403953641
			vertex 6.305129528045654 0.8938159942626953 0.09999999403953622
			vertex 6.013311386108398 0.8938159942626953 0.09999999403953622
		endloop
	endfacet
	facet normal 0 2.1737027593657072e-16 1
		outer loop
			vertex 6.013311386108398 0 0.09999999403953641
			vertex 6.013311386108398 0.8938159942626953 0.09999999403953622
			vertex 5.092784881591797 0 0.09999999403953641
		endloop
	endfacet
	facet normal 0 2.1737027593657072e-16 1
		outer loop
			vertex 5.092784881591797 0 0.09999999403953641
			vertex 6.013311386108398 0.8938159942626953 0.09999999403953622
			vertex 5.092784881591797 0.8938159942626953 0.09999999403953622
		endloop
	endfacet
	facet normal 0 2.1737027593657074e-16 1
		outer loop
			vertex 5.092784881591797 0 0.09999999403953641
			vertex 5.092784881591797 0.8938159942626953 0.09999999403953622
			vertex 4.154734134674072 0 0.09999999403953641
		endloop
	endfacet
	facet normal 0 2.1737027593657074e-16 1
		outer loop
			vertex 4.154734134674072 0 0.09999999403953641
			vertex 5.092784881591797 0.8938159942626953 0.09999999403953622
			vertex 4.154734134674072 0.8938159942626953 0.09999999403953622
		endloop
	endfacet
	facet normal 0 2.1737027593657072e-16 1
		outer loop
			vertex 4.154734134674072 0 0.09999999403953641
			vertex 4.154734134674072 0.8938159942626953 0.09999999403953622
			vertex 0 0 0.09999999403953641
		endloop
	endfacet
	facet normal 0 2.1737027593657072e-16 1
		outer loop
			vertex 0 0 0.09999999403953641
			vertex 4.154734134674072 0.8938159942626953 0.09999999403953622
			vertex 0 0.8938159942626953 0.09999999403953622
		endloop
	endfacet
	facet normal 0 2.264836654142993e-16 1
		outer loop
			vertex 4.1343159675598145 1.3746910095214844 0.0999999940395361
			vertex 4.154734134674072 1.8648910522460938 0.099999994039536
			vertex 0 1.8648910522460938 0.099999994039536
		endloop
	endfacet
	facet normal 0 2.231013713312125e-16 1
		outer loop
			vertex 0 1.8648910522460938 0.099999994039536
			vertex 4.154734134674072 1.8648910522460938 0.099999994039536
			vertex 4.154734134674072 2.1759108304977417 0.09999999403953592
		endloop
	endfacet
	facet normal 0 2.231013713312125e-16 1
		outer loop
			vertex 0 1.8648910522460938 0.099999994039536
			vertex 4.154734134674072 2.1759108304977417 0.09999999403953592
			vertex 0 2.1759108304977417 0.09999999403953592
		endloop
	endfacet
	facet normal 0 2.0904465964630558e-16 1
		outer loop
			vertex 0 2.1759108304977417 0.09999999403953592
			vertex 4.154734134674072 2.1759108304977417 0.09999999403953592
			vertex 4.154734134674072 2.7733912467956543 0.0999999940395358
		endloop
	endfacet
	facet normal 0 2.0904465964630558e-16 1
		outer loop
			vertex 0 2.1759108304977417 0.09999999403953592
			vertex 4.154734134674072 2.7733912467956543 0.0999999940395358
			vertex 0 2.7733912467956543 0.0999999940395358
		endloop
	endfacet
	facet normal 0 2.5793664949590395e-16 1
		outer loop
			vertex 0 2.7733912467956543 0.0999999940395358
			vertex 4.154734134674072 2.7733912467956543 0.0999999940395358
			vertex 4.154734134674072 2.8809974193573 0.09999999403953577
		endloop
	endfacet
	facet normal 0 2.5793664949590395e-16 1
		outer loop
			vertex 0 2.7733912467956543 0.0999999940395358
			vertex 4.154734134674072 2.8809974193573 0.09999999403953577
			vertex 0 2.8809974193573 0.09999999403953577
		endloop
	endfacet
	facet normal 0 2.1820675429139198e-16 1
		outer loop
			vertex 0 2.8809974193573 0.09999999403953577
			vertex 4.154734134674072 2.8809974193573 0.09999999403953577
			vertex 4.154734134674072 3.389791488647461 0.09999999403953566
		endloop
	endfacet
	facet normal 0 2.1820675429139198e-16 1
		outer loop
			vertex 0 2.8809974193573 0.09999999403953577
			vertex 4.154734134674072 3.389791488647461 0.09999999403953566
			vertex 0 3.389791488647461 0.09999999403953566
		endloop
	endfacet
	facet normal 0 2.274269786413511e-16 1
		outer loop
			vertex 0 3.389791488647461 0.09999999403953566
			vertex 4.154734134674072 3.389791488647461 0.09999999403953566
			vertex 4.154734134674072 4 0.09999999403953552
		endloop
	endfacet
	facet normal 0 2.274269786413511e-16 1
		outer loop
			vertex 0 3.389791488647461 0.09999999403953566
			vertex 4.154734134674072 4 0.09999999403953552
			vertex 0 4 0.09999999403953552
		endloop
	endfacet
	facet normal 0 -2.220446049250313e-16 -1
		outer loop
			vertex 5.155607223510742 4 0
			vertex 8.032930374145508 4 0
			vertex 5.155607223510742 2 4.440892098500626e-16
		endloop
	endfacet
	facet normal 0 -2.220446049250313e-16 -1
		outer loop
			vertex 5.155607223510742 2 4.440892098500626e-16
			vertex 8.032930374145508 4 0
			vertex 8.032930374145508 0 8.881784197001252e-16
		endloop
	endfacet
	facet normal 0 -2.220446049250313e-16 -1
		outer loop
			vertex 5.155607223510742 2 4.440892098500626e-16
			vertex 8.032930374145508 0 8.881784197001252e-16
			vertex 5.005607604980469 2 4.440892098500626e-16
		endloop
	endfacet
	facet normal 0 -2.220446049250313e-16 -1
		outer loop
			vertex 5.005607604980469 2 4.440892098500626e-16
			vertex 8.032930374145508 0 8.881784197001252e-16
			vertex 0 0 8.881784197001252e-16
		endloop
	endfacet
	facet normal 0 -2.220446049250313e-16 -1
		outer loop
			vertex 5.005607604980469 2 4.440892098500626e-16
			vertex 0 0 8.881784197001252e-16
			vertex 5.005607604980469 4 0
		endloop
	endfacet
	facet normal 0 -2.220446049250313e-16 -1
		outer loop
			vertex 5.005607604980469 4 0
			vertex 0 0 8.881784197001252e-16
			vertex 0 4 0
		endloop
	endfacet
	facet normal 0.25881810963923485 0.9659260769452149 0
		outer loop
			vertex 6.567808628082275 2.037787675857544 0.09999999403953595
			vertex 6.709924697875977 1.9997079372406006 0.6818498969078068
			vertex 6.709924697875977 1.9997079372406006 0.09999999403953597
		endloop
	endfacet
	facet normal 0.7071067811865476 0.7071067811865476 0
		outer loop
			vertex 6.709924697875977 1.9997079372406006 0.09999999403953597
			vertex 6.709924697875977 1.9997079372406006 0.6818498969078068
			vertex 6.813960552215576 1.895672082901001 0.6818498969078068
		endloop
	endfacet
	facet normal 0.7071067811865476 0.7071067811865476 0
		outer loop
			vertex 6.709924697875977 1.9997079372406006 0.09999999403953597
			vertex 6.813960552215576 1.895672082901001 0.6818498969078068
			vertex 6.813960552215576 1.895672082901001 0.099999994039536
		endloop
	endfacet
	facet normal 0.9659258598440497 0.2588189198735932 0
		outer loop
			vertex 6.813960552215576 1.895672082901001 0.099999994039536
			vertex 6.813960552215576 1.895672082901001 0.6818498969078068
			vertex 6.8520402908325195 1.753556489944458 0.6818498969078068
		endloop
	endfacet
	facet normal 0.9659258598440497 0.2588189198735932 0
		outer loop
			vertex 6.813960552215576 1.895672082901001 0.099999994039536
			vertex 6.8520402908325195 1.753556489944458 0.6818498969078068
			vertex 6.8520402908325195 1.753556489944458 0.09999999403953602
		endloop
	endfacet
	facet normal 0.9659259683948871 -0.25881851475580264 0
		outer loop
			vertex 6.8520402908325195 1.753556489944458 0.09999999403953602
			vertex 6.8520402908325195 1.753556489944458 0.6818498969078068
			vertex 6.813960552215576 1.611440658569336 0.681849896907807
		endloop
	endfacet
	facet normal 0.9659259683948871 -0.25881851475580264 0
		outer loop
			vertex 6.8520402908325195 1.753556489944458 0.09999999403953602
			vertex 6.813960552215576 1.611440658569336 0.681849896907807
			vertex 6.813960552215576 1.611440658569336 0.09999999403953605
		endloop
	endfacet
	facet normal 0.7071067811865476 -0.7071067811865476 0
		outer loop
			vertex 6.813960552215576 1.611440658569336 0.09999999403953605
			vertex 6.813960552215576 1.611440658569336 0.681849896907807
			vertex 6.709924697875977 1.5074048042297363 0.681849896907807
		endloop
	endfacet
	facet normal 0.7071067811865476 -0.7071067811865476 0
		outer loop
			vertex 6.813960552215576 1.611440658569336 0.09999999403953605
			vertex 6.709924697875977 1.5074048042297363 0.681849896907807
			vertex 6.709924697875977 1.5074048042297363 0.09999999403953608
		endloop
	endfacet
	facet normal 0.25881810963923485 -0.9659260769452149 0
		outer loop
			vertex 6.709924697875977 1.5074048042297363 0.09999999403953608
			vertex 6.709924697875977 1.5074048042297363 0.681849896907807
			vertex 6.567808628082275 1.469325065612793 0.681849896907807
		endloop
	endfacet
	facet normal 0.25881810963923485 -0.9659260769452149 0
		outer loop
			vertex 6.709924697875977 1.5074048042297363 0.09999999403953608
			vertex 6.567808628082275 1.469325065612793 0.681849896907807
			vertex 6.567808628082275 1.469325065612793 0.09999999403953608
		endloop
	endfacet
	facet normal -0.2588189198735932 -0.9659258598440497 0
		outer loop
			vertex 6.567808628082275 1.469325065612793 0.09999999403953608
			vertex 6.567808628082275 1.469325065612793 0.681849896907807
			vertex 6.425693035125732 1.5074048042297363 0.681849896907807
		endloop
	endfacet
	facet normal -0.2588189198735932 -0.9659258598440497 0
		outer loop
			vertex 6.567808628082275 1.469325065612793 0.09999999403953608
			vertex 6.425693035125732 1.5074048042297363 0.681849896907807
			vertex 6.425693035125732 1.5074048042297363 0.09999999403953608
		endloop
	endfacet
	facet normal -0.7071067811865476 -0.7071067811865476 0
		outer loop
			vertex 6.425693035125732 1.5074048042297363 0.09999999403953608
			vertex 6.425693035125732 1.5074048042297363 0.681849896907807
			vertex 6.321657180786133 1.611440658569336 0.681849896907807
		endloop
	endfacet
	facet normal -0.7071067811865476 -0.7071067811865476 0
		outer loop
			vertex 6.425693035125732 1.5074048042297363 0.09999999403953608
			vertex 6.321657180786133 1.611440658569336 0.681849896907807
			vertex 6.321657180786133 1.611440658569336 0.09999999403953605
		endloop
	endfacet
	facet normal -0.9659259683948871 -0.25881851475580264 0
		outer loop
			vertex 6.321657180786133 1.611440658569336 0.09999999403953605
			vertex 6.321657180786133 1.611440658569336 0.681849896907807
			vertex 6.2835774421691895 1.753556489944458 0.6818498969078068
		endloop
	endfacet
	facet normal -0.9659259683948871 -0.25881851475580264 0
		outer loop
			vertex 6.321657180786133 1.611440658569336 0.09999999403953605
			vertex 6.2835774421691895 1.753556489944458 0.6818498969078068
			vertex 6.2835774421691895 1.753556489944458 0.09999999403953602
		endloop
	endfacet
	facet normal -0.9659258598440497 0.2588189198735932 0
		outer loop
			vertex 6.2835774421691895 1.753556489944458 0.09999999403953602
			vertex 6.2835774421691895 1.753556489944458 0.6818498969078068
			vertex 6.321657180786133 1.895672082901001 0.6818498969078068
		endloop
	endfacet
	facet normal -0.9659258598440497 0.2588189198735932 0
		outer loop
			vertex 6.2835774421691895 1.753556489944458 0.09999999403953602
			vertex 6.321657180786133 1.895672082901001 0.6818498969078068
			vertex 6.321657180786133 1.895672082901001 0.099999994039536
		endloop
	endfacet
	facet normal -0.7071067811865476 0.7071067811865476 0
		outer loop
			vertex 6.321657180786133 1.895672082901001 0.099999994039536
			vertex 6.321657180786133 1.895672082901001 0.6818498969078068
			vertex 6.425693035125732 1.9997079372406006 0.6818498969078068
		endloop
	endfacet
	facet normal -0.7071067811865476 0.7071067811865476 0
		outer loop
			vertex 6.321657180786133 1.895672082901001 0.099999994039536
			vertex 6.425693035125732 1.9997079372406006 0.6818498969078068
			vertex 6.425693035125732 1.9997079372406006 0.09999999403953597
		endloop
	endfacet
	facet normal -0.2588189198735932 0.9659258598440497 0
		outer loop
			vertex 6.425693035125732 1.9997079372406006 0.09999999403953597
			vertex 6.425693035125732 1.9997079372406006 0.6818498969078068
			vertex 6.567808628082275 2.037787675857544 0.6818498969078068
		endloop
	endfacet
	facet normal -0.2588189198735932 0.9659258598440497 0
		outer loop
			vertex 6.425693035125732 1.9997079372406006 0.09999999403953597
			vertex 6.567808628082275 2.037787675857544 0.6818498969078068
			vertex 6.567808628082275 2.037787675857544 0.09999999403953595
		endloop
	endfacet
	facet normal 0.25881810963923485 0.9659260769452149 0
		outer loop
			vertex 6.567808628082275 2.037787675857544 0.09999999403953595
			vertex 6.567808628082275 2.037787675857544 0.6818498969078068
			vertex 6.709924697875977 1.9997079372406006 0.6818498969078068
		endloop
	endfacet
	facet normal 2.859429793889874e-16 2.859429793889874e-16 1
		outer loop
			vertex 6.321657180786133 1.611440658569336 0.681849896907807
			vertex 6.425693035125732 1.5074048042297363 0.681849896907807
			vertex 6.567808628082275 1.753556489944458 0.6818498969078068
		endloop
	endfacet
	facet normal 1.0466232201295621e-16 3.9060530595296015e-16 1
		outer loop
			vertex 6.567808628082275 1.753556489944458 0.6818498969078068
			vertex 6.425693035125732 1.5074048042297363 0.681849896907807
			vertex 6.567808628082275 1.469325065612793 0.681849896907807
		endloop
	endfacet
	facet normal -1.0466197084306901e-16 3.9060530595296015e-16 1
		outer loop
			vertex 6.567808628082275 1.753556489944458 0.6818498969078068
			vertex 6.567808628082275 1.469325065612793 0.681849896907807
			vertex 6.709924697875977 1.5074048042297363 0.681849896907807
		endloop
	endfacet
	facet normal 0 0 1
		outer loop
			vertex 6.425693035125732 1.9997079372406006 0.6818498969078068
			vertex 6.321657180786133 1.895672082901001 0.6818498969078068
			vertex 6.567808628082275 1.753556489944458 0.6818498969078068
		endloop
	endfacet
	facet normal 0 0 1
		outer loop
			vertex 6.567808628082275 1.753556489944458 0.6818498969078068
			vertex 6.321657180786133 1.895672082901001 0.6818498969078068
			vertex 6.2835774421691895 1.753556489944458 0.6818498969078068
		endloop
	endfacet
	facet normal 0 7.812099566125504e-16 1
		outer loop
			vertex 6.567808628082275 1.753556489944458 0.6818498969078068
			vertex 6.2835774421691895 1.753556489944458 0.6818498969078068
			vertex 6.321657180786133 1.611440658569336 0.681849896907807
		endloop
	endfacet
	facet normal 0 0 1
		outer loop
			vertex 6.813960552215576 1.895672082901001 0.6818498969078068
			vertex 6.709924697875977 1.9997079372406006 0.6818498969078068
			vertex 6.567808628082275 1.753556489944458 0.6818498969078068
		endloop
	endfacet
	facet normal 0 0 1
		outer loop
			vertex 6.567808628082275 1.753556489944458 0.6818498969078068
			vertex 6.709924697875977 1.9997079372406006 0.6818498969078068
			vertex 6.567808628082275 2.037787675857544 0.6818498969078068
		endloop
	endfacet
	facet normal 0 0 1
		outer loop
			vertex 6.567808628082275 1.753556489944458 0.6818498969078068
			vertex 6.567808628082275 2.037787675857544 0.6818498969078068
			vertex 6.425693035125732 1.9997079372406006 0.6818498969078068
		endloop
	endfacet
	facet normal -2.8594262821834353e-16 2.8594262821834353e-16 1
		outer loop
			vertex 6.709924697875977 1.5074048042297363 0.681849896907807
			vertex 6.813960552215576 1.611440658569336 0.681849896907807
			vertex 6.567808628082275 1.753556489944458 0.6818498969078068
		endloop
	endfacet
	facet normal 0 7.812099566125506e-16 1
		outer loop
			vertex 6.567808628082275 1.753556489944458 0.6818498969078068
			vertex 6.813960552215576 1.611440658569336 0.681849896907807
			vertex 6.8520402908325195 1.753556489944458 0.6818498969078068
		endloop
	endfacet
	facet normal 0 0 1
		outer loop
			vertex 6.567808628082275 1.753556489944458 0.6818498969078068
			vertex 6.8520402908325195 1.753556489944458 0.6818498969078068
			vertex 6.813960552215576 1.895672082901001 0.6818498969078068
		endloop
	endfacet
	facet normal 0.2588203642069417 0.9659254728351387 0
		outer loop
			vertex 6.505190849304199 2.7518333196640015 0.0999999940395358
			vertex 6.614640235900879 2.722506284713745 0.6818498969078067
			vertex 6.614640235900879 2.722506284713745 0.0999999940395358
		endloop
	endfacet
	facet normal 0.707106255158777 0.7071073072139268 0
		outer loop
			vertex 6.614640235900879 2.722506284713745 0.0999999940395358
			vertex 6.614640235900879 2.722506284713745 0.6818498969078067
			vertex 6.69476318359375 2.6423834562301636 0.6818498969078067
		endloop
	endfacet
	facet normal 0.707106255158777 0.7071073072139268 0
		outer loop
			vertex 6.614640235900879 2.722506284713745 0.0999999940395358
			vertex 6.69476318359375 2.6423834562301636 0.6818498969078067
			vertex 6.69476318359375 2.6423834562301636 0.09999999403953583
		endloop
	endfacet
	facet normal 0.9659260177485235 0.2588183305650492 0
		outer loop
			vertex 6.69476318359375 2.6423834562301636 0.09999999403953583
			vertex 6.69476318359375 2.6423834562301636 0.6818498969078067
			vertex 6.724090099334717 2.5329335927963257 0.6818498969078067
		endloop
	endfacet
	facet normal 0.9659260177485235 0.2588183305650492 0
		outer loop
			vertex 6.69476318359375 2.6423834562301636 0.09999999403953583
			vertex 6.724090099334717 2.5329335927963257 0.6818498969078067
			vertex 6.724090099334717 2.5329335927963257 0.09999999403953584
		endloop
	endfacet
	facet normal 0.9659259472744355 -0.2588185935785617 0
		outer loop
			vertex 6.724090099334717 2.5329335927963257 0.09999999403953584
			vertex 6.724090099334717 2.5329335927963257 0.6818498969078067
			vertex 6.69476318359375 2.4234838485717773 0.6818498969078067
		endloop
	endfacet
	facet normal 0.9659259472744355 -0.2588185935785617 0
		outer loop
			vertex 6.724090099334717 2.5329335927963257 0.09999999403953584
			vertex 6.69476318359375 2.4234838485717773 0.6818498969078067
			vertex 6.69476318359375 2.4234838485717773 0.09999999403953587
		endloop
	endfacet
	facet normal 0.707106255158777 -0.7071073072139268 0
		outer loop
			vertex 6.69476318359375 2.4234838485717773 0.09999999403953587
			vertex 6.69476318359375 2.4234838485717773 0.6818498969078067
			vertex 6.614640235900879 2.343361020088196 0.6818498969078067
		endloop
	endfacet
	facet normal 0.707106255158777 -0.7071073072139268 0
		outer loop
			vertex 6.69476318359375 2.4234838485717773 0.09999999403953587
			vertex 6.614640235900879 2.343361020088196 0.6818498969078067
			vertex 6.614640235900879 2.343361020088196 0.0999999940395359
		endloop
	endfacet
	facet normal 0.2588203642069417 -0.9659254728351387 0
		outer loop
			vertex 6.614640235900879 2.343361020088196 0.0999999940395359
			vertex 6.614640235900879 2.343361020088196 0.6818498969078067
			vertex 6.505190849304199 2.3140339851379395 0.6818498969078067
		endloop
	endfacet
	facet normal 0.2588203642069417 -0.9659254728351387 0
		outer loop
			vertex 6.614640235900879 2.343361020088196 0.0999999940395359
			vertex 6.505190849304199 2.3140339851379395 0.6818498969078067
			vertex 6.505190849304199 2.3140339851379395 0.0999999940395359
		endloop
	endfacet
	facet normal -0.25881826009406944 -0.965926036631107 0
		outer loop
			vertex 6.505190849304199 2.3140339851379395 0.0999999940395359
			vertex 6.505190849304199 2.3140339851379395 0.6818498969078067
			vertex 6.395740509033203 2.343361020088196 0.6818498969078067
		endloop
	endfacet
	facet normal -0.25881826009406944 -0.965926036631107 0
		outer loop
			vertex 6.505190849304199 2.3140339851379395 0.0999999940395359
			vertex 6.395740509033203 2.343361020088196 0.6818498969078067
			vertex 6.395740509033203 2.343361020088196 0.0999999940395359
		endloop
	endfacet
	facet normal -0.707106255158777 -0.7071073072139268 0
		outer loop
			vertex 6.395740509033203 2.343361020088196 0.0999999940395359
			vertex 6.395740509033203 2.343361020088196 0.6818498969078067
			vertex 6.315617561340332 2.4234838485717773 0.6818498969078067
		endloop
	endfacet
	facet normal -0.707106255158777 -0.7071073072139268 0
		outer loop
			vertex 6.395740509033203 2.343361020088196 0.0999999940395359
			vertex 6.315617561340332 2.4234838485717773 0.6818498969078067
			vertex 6.315617561340332 2.4234838485717773 0.09999999403953587
		endloop
	endfacet
	facet normal -0.9659259472744355 -0.2588185935785617 0
		outer loop
			vertex 6.315617561340332 2.4234838485717773 0.09999999403953587
			vertex 6.315617561340332 2.4234838485717773 0.6818498969078067
			vertex 6.286290645599365 2.5329335927963257 0.6818498969078067
		endloop
	endfacet
	facet normal -0.9659259472744355 -0.2588185935785617 0
		outer loop
			vertex 6.315617561340332 2.4234838485717773 0.09999999403953587
			vertex 6.286290645599365 2.5329335927963257 0.6818498969078067
			vertex 6.286290645599365 2.5329335927963257 0.09999999403953584
		endloop
	endfacet
	facet normal -0.9659260177485235 0.2588183305650492 0
		outer loop
			vertex 6.286290645599365 2.5329335927963257 0.09999999403953584
			vertex 6.286290645599365 2.5329335927963257 0.6818498969078067
			vertex 6.315617561340332 2.6423834562301636 0.6818498969078067
		endloop
	endfacet
	facet normal -0.9659260177485235 0.2588183305650492 0
		outer loop
			vertex 6.286290645599365 2.5329335927963257 0.09999999403953584
			vertex 6.315617561340332 2.6423834562301636 0.6818498969078067
			vertex 6.315617561340332 2.6423834562301636 0.09999999403953583
		endloop
	endfacet
	facet normal -0.707106255158777 0.7071073072139268 0
		outer loop
			vertex 6.315617561340332 2.6423834562301636 0.09999999403953583
			vertex 6.315617561340332 2.6423834562301636 0.6818498969078067
			vertex 6.395740509033203 2.722506284713745 0.6818498969078067
		endloop
	endfacet
	facet normal -0.707106255158777 0.7071073072139268 0
		outer loop
			vertex 6.315617561340332 2.6423834562301636 0.09999999403953583
			vertex 6.395740509033203 2.722506284713745 0.6818498969078067
			vertex 6.395740509033203 2.722506284713745 0.0999999940395358
		endloop
	endfacet
	facet normal -0.25881826009406944 0.965926036631107 0
		outer loop
			vertex 6.395740509033203 2.722506284713745 0.0999999940395358
			vertex 6.395740509033203 2.722506284713745 0.6818498969078067
			vertex 6.505190849304199 2.7518333196640015 0.6818498969078066
		endloop
	endfacet
	facet normal -0.25881826009406944 0.965926036631107 0
		outer loop
			vertex 6.395740509033203 2.722506284713745 0.0999999940395358
			vertex 6.505190849304199 2.7518333196640015 0.6818498969078066
			vertex 6.505190849304199 2.7518333196640015 0.0999999940395358
		endloop
	endfacet
	facet normal 0.2588203642069417 0.9659254728351387 0
		outer loop
			vertex 6.505190849304199 2.7518333196640015 0.0999999940395358
			vertex 6.505190849304199 2.7518333196640015 0.6818498969078066
			vertex 6.614640235900879 2.722506284713745 0.6818498969078067
		endloop
	endfacet
	facet normal 0 0 1
		outer loop
			vertex 6.315617561340332 2.4234838485717773 0.6818498969078067
			vertex 6.395740509033203 2.343361020088196 0.6818498969078067
			vertex 6.505190849304199 2.5329335927963257 0.6818498969078067
		endloop
	endfacet
	facet normal 0 0 1
		outer loop
			vertex 6.505190849304199 2.5329335927963257 0.6818498969078067
			vertex 6.395740509033203 2.343361020088196 0.6818498969078067
			vertex 6.505190849304199 2.3140339851379395 0.6818498969078067
		endloop
	endfacet
	facet normal 0 0 1
		outer loop
			vertex 6.505190849304199 2.5329335927963257 0.6818498969078067
			vertex 6.505190849304199 2.3140339851379395 0.6818498969078067
			vertex 6.614640235900879 2.343361020088196 0.6818498969078067
		endloop
	endfacet
	facet normal 0 0 1
		outer loop
			vertex 6.395740509033203 2.722506284713745 0.6818498969078067
			vertex 6.315617561340332 2.6423834562301636 0.6818498969078067
			vertex 6.505190849304199 2.5329335927963257 0.6818498969078067
		endloop
	endfacet
	facet normal 0 0 1
		outer loop
			vertex 6.505190849304199 2.5329335927963257 0.6818498969078067
			vertex 6.315617561340332 2.6423834562301636 0.6818498969078067
			vertex 6.286290645599365 2.5329335927963257 0.6818498969078067
		endloop
	endfacet
	facet normal 0 0 1
		outer loop
			vertex 6.505190849304199 2.5329335927963257 0.6818498969078067
			vertex 6.286290645599365 2.5329335927963257 0.6818498969078067
			vertex 6.315617561340332 2.4234838485717773 0.6818498969078067
		endloop
	endfacet
	facet normal 0 0 1
		outer loop
			vertex 6.69476318359375 2.6423834562301636 0.6818498969078067
			vertex 6.614640235900879 2.722506284713745 0.6818498969078067
			vertex 6.505190849304199 2.5329335927963257 0.6818498969078067
		endloop
	endfacet
	facet normal -8.784710527870259e-16 5.071833759282318e-16 1
		outer loop
			vertex 6.505190849304199 2.5329335927963257 0.6818498969078067
			vertex 6.614640235900879 2.722506284713745 0.6818498969078067
			vertex 6.505190849304199 2.7518333196640015 0.6818498969078066
		endloop
	endfacet
	facet normal 8.784633983998519e-16 5.071833759282317e-16 1
		outer loop
			vertex 6.505190849304199 2.5329335927963257 0.6818498969078067
			vertex 6.505190849304199 2.7518333196640015 0.6818498969078066
			vertex 6.395740509033203 2.722506284713745 0.6818498969078067
		endloop
	endfacet
	facet normal 0 0 1
		outer loop
			vertex 6.614640235900879 2.343361020088196 0.6818498969078067
			vertex 6.69476318359375 2.4234838485717773 0.6818498969078067
			vertex 6.505190849304199 2.5329335927963257 0.6818498969078067
		endloop
	endfacet
	facet normal 0 0 1
		outer loop
			vertex 6.505190849304199 2.5329335927963257 0.6818498969078067
			vertex 6.69476318359375 2.4234838485717773 0.6818498969078067
			vertex 6.724090099334717 2.5329335927963257 0.6818498969078067
		endloop
	endfacet
	facet normal 0 0 1
		outer loop
			vertex 6.505190849304199 2.5329335927963257 0.6818498969078067
			vertex 6.724090099334717 2.5329335927963257 0.6818498969078067
			vertex 6.69476318359375 2.6423834562301636 0.6818498969078067
		endloop
	endfacet
	facet normal 0.2588196498988685 0.9659256642341725 0
		outer loop
			vertex 6.567808628082275 3.430143415927887 0.09999999403953565
			vertex 6.655326843261719 3.406692922115326 0.6818498969078065
			vertex 6.655326843261719 3.406692922115326 0.09999999403953565
		endloop
	endfacet
	facet normal 0.7071064522627261 0.7071071101102161 0
		outer loop
			vertex 6.655326843261719 3.406692922115326 0.09999999403953565
			vertex 6.655326843261719 3.406692922115326 0.6818498969078065
			vertex 6.719394683837891 3.342625141143799 0.6818498969078065
		endloop
	endfacet
	facet normal 0.7071064522627261 0.7071071101102161 0
		outer loop
			vertex 6.655326843261719 3.406692922115326 0.09999999403953565
			vertex 6.719394683837891 3.342625141143799 0.6818498969078065
			vertex 6.719394683837891 3.342625141143799 0.09999999403953568
		endloop
	endfacet
	facet normal 0.965924677454478 0.25882333257351964 0
		outer loop
			vertex 6.719394683837891 3.342625141143799 0.09999999403953568
			vertex 6.719394683837891 3.342625141143799 0.6818498969078065
			vertex 6.74284553527832 3.2551069259643555 0.6818498969078065
		endloop
	endfacet
	facet normal 0.965924677454478 0.25882333257351964 0
		outer loop
			vertex 6.719394683837891 3.342625141143799 0.09999999403953568
			vertex 6.74284553527832 3.2551069259643555 0.6818498969078065
			vertex 6.74284553527832 3.2551069259643555 0.09999999403953569
		endloop
	endfacet
	facet normal 0.9659248096606639 -0.25882283918157317 0
		outer loop
			vertex 6.74284553527832 3.2551069259643555 0.09999999403953569
			vertex 6.74284553527832 3.2551069259643555 0.6818498969078065
			vertex 6.719394683837891 3.167588531970978 0.6818498969078066
		endloop
	endfacet
	facet normal 0.9659248096606639 -0.25882283918157317 0
		outer loop
			vertex 6.74284553527832 3.2551069259643555 0.09999999403953569
			vertex 6.719394683837891 3.167588531970978 0.6818498969078066
			vertex 6.719394683837891 3.167588531970978 0.0999999940395357
		endloop
	endfacet
	facet normal 0.7071064522627261 -0.7071071101102161 0
		outer loop
			vertex 6.719394683837891 3.167588531970978 0.0999999940395357
			vertex 6.719394683837891 3.167588531970978 0.6818498969078066
			vertex 6.655326843261719 3.1035207509994507 0.6818498969078066
		endloop
	endfacet
	facet normal 0.7071064522627261 -0.7071071101102161 0
		outer loop
			vertex 6.719394683837891 3.167588531970978 0.0999999940395357
			vertex 6.655326843261719 3.1035207509994507 0.6818498969078066
			vertex 6.655326843261719 3.1035207509994507 0.09999999403953572
		endloop
	endfacet
	facet normal 0.25881903611866264 -0.9659258286962857 0
		outer loop
			vertex 6.655326843261719 3.1035207509994507 0.09999999403953572
			vertex 6.655326843261719 3.1035207509994507 0.6818498969078066
			vertex 6.567808628082275 3.0800703167915344 0.6818498969078066
		endloop
	endfacet
	facet normal 0.25881903611866264 -0.9659258286962857 0
		outer loop
			vertex 6.655326843261719 3.1035207509994507 0.09999999403953572
			vertex 6.567808628082275 3.0800703167915344 0.6818498969078066
			vertex 6.567808628082275 3.0800703167915344 0.09999999403953573
		endloop
	endfacet
	facet normal -0.25881903611866264 -0.9659258286962857 0
		outer loop
			vertex 6.567808628082275 3.0800703167915344 0.09999999403953573
			vertex 6.567808628082275 3.0800703167915344 0.6818498969078066
			vertex 6.480290412902832 3.1035207509994507 0.6818498969078066
		endloop
	endfacet
	facet normal -0.25881903611866264 -0.9659258286962857 0
		outer loop
			vertex 6.567808628082275 3.0800703167915344 0.09999999403953573
			vertex 6.480290412902832 3.1035207509994507 0.6818498969078066
			vertex 6.480290412902832 3.1035207509994507 0.09999999403953572
		endloop
	endfacet
	facet normal -0.7071064522627261 -0.7071071101102161 0
		outer loop
			vertex 6.480290412902832 3.1035207509994507 0.09999999403953572
			vertex 6.480290412902832 3.1035207509994507 0.6818498969078066
			vertex 6.41622257232666 3.167588531970978 0.6818498969078066
		endloop
	endfacet
	facet normal -0.7071064522627261 -0.7071071101102161 0
		outer loop
			vertex 6.480290412902832 3.1035207509994507 0.09999999403953572
			vertex 6.41622257232666 3.167588531970978 0.6818498969078066
			vertex 6.41622257232666 3.167588531970978 0.0999999940395357
		endloop
	endfacet
	facet normal -0.9659261253594149 -0.258817928954213 0
		outer loop
			vertex 6.41622257232666 3.167588531970978 0.0999999940395357
			vertex 6.41622257232666 3.167588531970978 0.6818498969078066
			vertex 6.392772197723389 3.2551069259643555 0.6818498969078065
		endloop
	endfacet
	facet normal -0.9659261253594149 -0.258817928954213 0
		outer loop
			vertex 6.41622257232666 3.167588531970978 0.0999999940395357
			vertex 6.392772197723389 3.2551069259643555 0.6818498969078065
			vertex 6.392772197723389 3.2551069259643555 0.09999999403953569
		endloop
	endfacet
	facet normal -0.9659259931580653 0.25881842233814334 0
		outer loop
			vertex 6.392772197723389 3.2551069259643555 0.09999999403953569
			vertex 6.392772197723389 3.2551069259643555 0.6818498969078065
			vertex 6.41622257232666 3.342625141143799 0.6818498969078065
		endloop
	endfacet
	facet normal -0.9659259931580653 0.25881842233814334 0
		outer loop
			vertex 6.392772197723389 3.2551069259643555 0.09999999403953569
			vertex 6.41622257232666 3.342625141143799 0.6818498969078065
			vertex 6.41622257232666 3.342625141143799 0.09999999403953568
		endloop
	endfacet
	facet normal -0.7071064522627261 0.7071071101102161 0
		outer loop
			vertex 6.41622257232666 3.342625141143799 0.09999999403953568
			vertex 6.41622257232666 3.342625141143799 0.6818498969078065
			vertex 6.480290412902832 3.406692922115326 0.6818498969078065
		endloop
	endfacet
	facet normal -0.7071064522627261 0.7071071101102161 0
		outer loop
			vertex 6.41622257232666 3.342625141143799 0.09999999403953568
			vertex 6.480290412902832 3.406692922115326 0.6818498969078065
			vertex 6.480290412902832 3.406692922115326 0.09999999403953565
		endloop
	endfacet
	facet normal -0.2588196498988685 0.9659256642341725 0
		outer loop
			vertex 6.480290412902832 3.406692922115326 0.09999999403953565
			vertex 6.480290412902832 3.406692922115326 0.6818498969078065
			vertex 6.567808628082275 3.430143415927887 0.6818498969078065
		endloop
	endfacet
	facet normal -0.2588196498988685 0.9659256642341725 0
		outer loop
			vertex 6.480290412902832 3.406692922115326 0.09999999403953565
			vertex 6.567808628082275 3.430143415927887 0.6818498969078065
			vertex 6.567808628082275 3.430143415927887 0.09999999403953565
		endloop
	endfacet
	facet normal 0.2588196498988685 0.9659256642341725 0
		outer loop
			vertex 6.567808628082275 3.430143415927887 0.09999999403953565
			vertex 6.567808628082275 3.430143415927887 0.6818498969078065
			vertex 6.655326843261719 3.406692922115326 0.6818498969078065
		endloop
	endfacet
	facet normal 4.643253806984268e-16 4.643258126776363e-16 1
		outer loop
			vertex 6.41622257232666 3.167588531970978 0.6818498969078066
			vertex 6.480290412902832 3.1035207509994507 0.6818498969078066
			vertex 6.567808628082275 3.2551069259643555 0.6818498969078065
		endloop
	endfacet
	facet normal 1.6995493297389513e-16 6.342804684527375e-16 1
		outer loop
			vertex 6.567808628082275 3.2551069259643555 0.6818498969078065
			vertex 6.480290412902832 3.1035207509994507 0.6818498969078066
			vertex 6.567808628082275 3.0800703167915344 0.6818498969078066
		endloop
	endfacet
	facet normal -1.6995493297389513e-16 6.342804684527375e-16 1
		outer loop
			vertex 6.567808628082275 3.2551069259643555 0.6818498969078065
			vertex 6.567808628082275 3.0800703167915344 0.6818498969078066
			vertex 6.655326843261719 3.1035207509994507 0.6818498969078066
		endloop
	endfacet
	facet normal 0 0 1
		outer loop
			vertex 6.480290412902832 3.406692922115326 0.6818498969078065
			vertex 6.41622257232666 3.342625141143799 0.6818498969078065
			vertex 6.567808628082275 3.2551069259643555 0.6818498969078065
		endloop
	endfacet
	facet normal 0 0 1
		outer loop
			vertex 6.567808628082275 3.2551069259643555 0.6818498969078065
			vertex 6.41622257232666 3.342625141143799 0.6818498969078065
			vertex 6.392772197723389 3.2551069259643555 0.6818498969078065
		endloop
	endfacet
	facet normal 0 1.2685596409700624e-15 1
		outer loop
			vertex 6.567808628082275 3.2551069259643555 0.6818498969078065
			vertex 6.392772197723389 3.2551069259643555 0.6818498969078065
			vertex 6.41622257232666 3.167588531970978 0.6818498969078066
		endloop
	endfacet
	facet normal 0 0 1
		outer loop
			vertex 6.719394683837891 3.342625141143799 0.6818498969078065
			vertex 6.655326843261719 3.406692922115326 0.6818498969078065
			vertex 6.567808628082275 3.2551069259643555 0.6818498969078065
		endloop
	endfacet
	facet normal 0 0 1
		outer loop
			vertex 6.567808628082275 3.2551069259643555 0.6818498969078065
			vertex 6.655326843261719 3.406692922115326 0.6818498969078065
			vertex 6.567808628082275 3.430143415927887 0.6818498969078065
		endloop
	endfacet
	facet normal 0 0 1
		outer loop
			vertex 6.567808628082275 3.2551069259643555 0.6818498969078065
			vertex 6.567808628082275 3.430143415927887 0.6818498969078065
			vertex 6.480290412902832 3.406692922115326 0.6818498969078065
		endloop
	endfacet
	facet normal -4.643253806984268e-16 4.643258126776363e-16 1
		outer loop
			vertex 6.655326843261719 3.1035207509994507 0.6818498969078066
			vertex 6.719394683837891 3.167588531970978 0.6818498969078066
			vertex 6.567808628082275 3.2551069259643555 0.6818498969078065
		endloop
	endfacet
	facet normal 0 1.2685596409700624e-15 1
		outer loop
			vertex 6.567808628082275 3.2551069259643555 0.6818498969078065
			vertex 6.719394683837891 3.167588531970978 0.6818498969078066
			vertex 6.74284553527832 3.2551069259643555 0.6818498969078065
		endloop
	endfacet
	facet normal 0 0 1
		outer loop
			vertex 6.567808628082275 3.2551069259643555 0.6818498969078065
			vertex 6.74284553527832 3.2551069259643555 0.6818498969078065
			vertex 6.719394683837891 3.342625141143799 0.6818498969078065
		endloop
	endfacet
	facet normal -1 0 0
		outer loop
			vertex 8.236557006835938 4 0
			vertex 8.236557006835938 0 8.881784197001252e-16
			vertex 8.236557006835938 4 0.09999999403953552
		endloop
	endfacet
	facet normal -1 0 0
		outer loop
			vertex 8.236557006835938 4 0.09999999403953552
			vertex 8.236557006835938 0 8.881784197001252e-16
			vertex 8.236557006835938 0 0.09999999403953641
		endloop
	endfacet
	facet normal 1 0 0
		outer loop
			vertex 8.032930374145508 0 0.09999999403953641
			vertex 8.032930374145508 0 8.881784197001252e-16
			vertex 8.032930374145508 4 0.09999999403953552
		endloop
	endfacet
	facet normal 1 0 0
		outer loop
			vertex 8.032930374145508 4 0.09999999403953552
			vertex 8.032930374145508 0 8.881784197001252e-16
			vertex 8.032930374145508 4 0
		endloop
	endfacet
	facet normal -1 0 0
		outer loop
			vertex 8.236557006835938 2 0.109999999403954
			vertex 8.236557006835938 2 0.21999999880790755
			vertex 8.236557006835938 4 0.10999999940395355
		endloop
	endfacet
	facet normal -1 0 0
		outer loop
			vertex 8.236557006835938 4 0.10999999940395355
			vertex 8.236557006835938 2 0.21999999880790755
			vertex 8.236557006835938 4 0.2199999988079071
		endloop
	endfacet
	facet normal 1 0 0
		outer loop
			vertex 10.036242485046387 4 0.09999999403953552
			vertex 10.036242485046387 0 0.09999999403953641
			vertex 10.036242485046387 4 0
		endloop
	endfacet
	facet normal 1 0 0
		outer loop
			vertex 10.036242485046387 4 0
			vertex 10.036242485046387 0 0.09999999403953641
			vertex 10.036242485046387 0 8.881784197001252e-16
		endloop
	endfacet
	facet normal 0 2.220446049250313e-16 1
		outer loop
			vertex 8.336557388305664 4 0.09999999403953552
			vertex 8.336557388305664 0 0.09999999403953641
			vertex 10.036242485046387 4 0.09999999403953552
		endloop
	endfacet
	facet normal 0 2.220446049250313e-16 1
		outer loop
			vertex 10.036242485046387 4 0.09999999403953552
			vertex 8.336557388305664 0 0.09999999403953641
			vertex 10.036242485046387 0 0.09999999403953641
		endloop
	endfacet
	facet normal 0 -2.220446049250313e-16 -1
		outer loop
			vertex 8.236557006835938 0 8.881784197001252e-16
			vertex 8.236557006835938 4 0
			vertex 10.036242485046387 0 8.881784197001252e-16
		endloop
	endfacet
	facet normal 0 -2.220446049250313e-16 -1
		outer loop
			vertex 10.036242485046387 0 8.881784197001252e-16
			vertex 8.236557006835938 4 0
			vertex 10.036242485046387 4 0
		endloop
	endfacet
	facet normal 1 0 0
		outer loop
			vertex 8.336557388305664 4 0.2199999988079071
			vertex 8.336557388305664 0 0.219999998807908
			vertex 8.336557388305664 4 0.09999999403953552
		endloop
	endfacet
	facet normal 1 0 0
		outer loop
			vertex 8.336557388305664 4 0.09999999403953552
			vertex 8.336557388305664 0 0.219999998807908
			vertex 8.336557388305664 0 0.09999999403953641
		endloop
	endfacet
	facet normal 0 2.220446049250313e-16 1
		outer loop
			vertex 8.336557388305664 4 0.2199999988079071
			vertex 8.236557006835938 4 0.2199999988079071
			vertex 8.236557006835938 2 0.21999999880790755
		endloop
	endfacet
	facet normal 0 2.220446049250313e-16 1
		outer loop
			vertex 8.032930374145508 4 0.2199999988079071
			vertex 7.9329304695129395 4 0.2199999988079071
			vertex 8.032930374145508 2 0.21999999880790755
		endloop
	endfacet
	facet normal 0 2.220446049250313e-16 1
		outer loop
			vertex 8.032930374145508 2 0.21999999880790755
			vertex 7.9329304695129395 4 0.2199999988079071
			vertex 7.9329304695129395 0 0.219999998807908
		endloop
	endfacet
	facet normal 0 2.220446049250313e-16 1
		outer loop
			vertex 8.032930374145508 2 0.21999999880790755
			vertex 7.9329304695129395 0 0.219999998807908
			vertex 8.236557006835938 2 0.21999999880790755
		endloop
	endfacet
	facet normal 0 2.220446049250313e-16 1
		outer loop
			vertex 8.236557006835938 2 0.21999999880790755
			vertex 7.9329304695129395 0 0.219999998807908
			vertex 8.336557388305664 0 0.219999998807908
		endloop
	endfacet
	facet normal 0 2.220446049250313e-16 1
		outer loop
			vertex 8.236557006835938 2 0.21999999880790755
			vertex 8.336557388305664 0 0.219999998807908
			vertex 8.336557388305664 4 0.2199999988079071
		endloop
	endfacet
	facet normal 0 1 0
		outer loop
			vertex 8.032930374145508 2 0.21999999880790755
			vertex 8.236557006835938 2 0.21999999880790755
			vertex 8.032930374145508 2 0.109999999403954
		endloop
	endfacet
	facet normal 0 1 0
		outer loop
			vertex 8.032930374145508 2 0.109999999403954
			vertex 8.236557006835938 2 0.21999999880790755
			vertex 8.236557006835938 2 0.109999999403954
		endloop
	endfacet
	facet normal 0 -2.220446049250313e-16 -1
		outer loop
			vertex 8.032930374145508 0 0.09999999403953641
			vertex 8.032930374145508 4 0.09999999403953552
			vertex 8.236557006835938 0 0.09999999403953641
		endloop
	endfacet
	facet normal 0 -2.220446049250313e-16 -1
		outer loop
			vertex 8.236557006835938 0 0.09999999403953641
			vertex 8.032930374145508 4 0.09999999403953552
			vertex 8.236557006835938 4 0.09999999403953552
		endloop
	endfacet
	facet normal -1 0 0
		outer loop
			vertex 7.9329304695129395 4 0.09999999403953552
			vertex 7.9329304695129395 3.389791488647461 0.09999999403953566
			vertex 7.9329304695129395 4 0.2199999988079071
		endloop
	endfacet
	facet normal -1 0 0
		outer loop
			vertex 7.9329304695129395 4 0.2199999988079071
			vertex 7.9329304695129395 3.389791488647461 0.09999999403953566
			vertex 7.9329304695129395 2.8809974193573 0.09999999403953577
		endloop
	endfacet
	facet normal -1 0 0
		outer loop
			vertex 7.9329304695129395 4 0.2199999988079071
			vertex 7.9329304695129395 2.8809974193573 0.09999999403953577
			vertex 7.9329304695129395 2.7733912467956543 0.0999999940395358
		endloop
	endfacet
	facet normal -1 0 0
		outer loop
			vertex 7.9329304695129395 2.7733912467956543 0.0999999940395358
			vertex 7.9329304695129395 2.1759108304977417 0.09999999403953592
			vertex 7.9329304695129395 4 0.2199999988079071
		endloop
	endfacet
	facet normal -1 0 0
		outer loop
			vertex 7.9329304695129395 4 0.2199999988079071
			vertex 7.9329304695129395 2.1759108304977417 0.09999999403953592
			vertex 7.9329304695129395 1.8648910522460938 0.099999994039536
		endloop
	endfacet
	facet normal -1 0 0
		outer loop
			vertex 7.9329304695129395 4 0.2199999988079071
			vertex 7.9329304695129395 1.8648910522460938 0.099999994039536
			vertex 7.9329304695129395 0 0.219999998807908
		endloop
	endfacet
	facet normal -1 0 0
		outer loop
			vertex 7.9329304695129395 0 0.219999998807908
			vertex 7.9329304695129395 1.8648910522460938 0.099999994039536
			vertex 7.9329304695129395 0.8938159942626953 0.09999999403953622
		endloop
	endfacet
	facet normal -1 0 0
		outer loop
			vertex 7.9329304695129395 0 0.219999998807908
			vertex 7.9329304695129395 0.8938159942626953 0.09999999403953622
			vertex 7.9329304695129395 0 0.09999999403953641
		endloop
	endfacet
	facet normal 1 0 0
		outer loop
			vertex 8.032930374145508 4 0.2199999988079071
			vertex 8.032930374145508 2 0.21999999880790755
			vertex 8.032930374145508 4 0.10999999940395355
		endloop
	endfacet
	facet normal 1 0 0
		outer loop
			vertex 8.032930374145508 4 0.10999999940395355
			vertex 8.032930374145508 2 0.21999999880790755
			vertex 8.032930374145508 2 0.109999999403954
		endloop
	endfacet
	facet normal 0 2.220446049250313e-16 1
		outer loop
			vertex 8.032930374145508 4 0.10999999940395355
			vertex 8.032930374145508 2 0.109999999403954
			vertex 8.236557006835938 4 0.10999999940395355
		endloop
	endfacet
	facet normal 0 2.220446049250313e-16 1
		outer loop
			vertex 8.236557006835938 4 0.10999999940395355
			vertex 8.032930374145508 2 0.109999999403954
			vertex 8.236557006835938 2 0.109999999403954
		endloop
	endfacet
	facet normal 0.25881856347465704 0.9659259553407368 0
		outer loop
			vertex 5.579846382141113 2.7949492931365967 0.09999999403953579
			vertex 5.6614460945129395 2.7730847597122192 0.6818498969078066
			vertex 5.6614460945129395 2.7730847597122192 0.0999999940395358
		endloop
	endfacet
	facet normal 0.707107486751317 0.7071060756210742 0
		outer loop
			vertex 5.6614460945129395 2.7730847597122192 0.0999999940395358
			vertex 5.6614460945129395 2.7730847597122192 0.6818498969078066
			vertex 5.7211809158325195 2.7133498191833496 0.6818498969078067
		endloop
	endfacet
	facet normal 0.707107486751317 0.7071060756210742 0
		outer loop
			vertex 5.6614460945129395 2.7730847597122192 0.0999999940395358
			vertex 5.7211809158325195 2.7133498191833496 0.6818498969078067
			vertex 5.7211809158325195 2.7133498191833496 0.09999999403953581
		endloop
	endfacet
	facet normal 0.9659261190674246 0.2588179524363475 0
		outer loop
			vertex 5.7211809158325195 2.7133498191833496 0.09999999403953581
			vertex 5.7211809158325195 2.7133498191833496 0.6818498969078067
			vertex 5.743045330047607 2.6317503452301025 0.6818498969078067
		endloop
	endfacet
	facet normal 0.9659261190674246 0.2588179524363475 0
		outer loop
			vertex 5.7211809158325195 2.7133498191833496 0.09999999403953581
			vertex 5.743045330047607 2.6317503452301025 0.6818498969078067
			vertex 5.743045330047607 2.6317503452301025 0.09999999403953583
		endloop
	endfacet
	facet normal 0.9659262135941378 -0.25881759965599765 0
		outer loop
			vertex 5.743045330047607 2.6317503452301025 0.09999999403953583
			vertex 5.743045330047607 2.6317503452301025 0.6818498969078067
			vertex 5.7211809158325195 2.550150752067566 0.6818498969078067
		endloop
	endfacet
	facet normal 0.9659262135941378 -0.25881759965599765 0
		outer loop
			vertex 5.743045330047607 2.6317503452301025 0.09999999403953583
			vertex 5.7211809158325195 2.550150752067566 0.6818498969078067
			vertex 5.7211809158325195 2.550150752067566 0.09999999403953584
		endloop
	endfacet
	facet normal 0.7071081923139743 -0.7071053700563048 0
		outer loop
			vertex 5.7211809158325195 2.550150752067566 0.09999999403953584
			vertex 5.7211809158325195 2.550150752067566 0.6818498969078067
			vertex 5.6614460945129395 2.4904156923294067 0.6818498969078067
		endloop
	endfacet
	facet normal 0.7071081923139743 -0.7071053700563048 0
		outer loop
			vertex 5.7211809158325195 2.550150752067566 0.09999999403953584
			vertex 5.6614460945129395 2.4904156923294067 0.6818498969078067
			vertex 5.6614460945129395 2.4904156923294067 0.09999999403953586
		endloop
	endfacet
	facet normal 0.258817246876575 -0.9659263081204643 0
		outer loop
			vertex 5.6614460945129395 2.4904156923294067 0.09999999403953586
			vertex 5.6614460945129395 2.4904156923294067 0.6818498969078067
			vertex 5.579846382141113 2.468551278114319 0.6818498969078067
		endloop
	endfacet
	facet normal 0.258817246876575 -0.9659263081204643 0
		outer loop
			vertex 5.6614460945129395 2.4904156923294067 0.09999999403953586
			vertex 5.579846382141113 2.468551278114319 0.6818498969078067
			vertex 5.579846382141113 2.468551278114319 0.09999999403953587
		endloop
	endfacet
	facet normal -0.258817246876575 -0.9659263081204643 0
		outer loop
			vertex 5.579846382141113 2.468551278114319 0.09999999403953587
			vertex 5.579846382141113 2.468551278114319 0.6818498969078067
			vertex 5.498246669769287 2.4904156923294067 0.6818498969078067
		endloop
	endfacet
	facet normal -0.258817246876575 -0.9659263081204643 0
		outer loop
			vertex 5.579846382141113 2.468551278114319 0.09999999403953587
			vertex 5.498246669769287 2.4904156923294067 0.6818498969078067
			vertex 5.498246669769287 2.4904156923294067 0.09999999403953586
		endloop
	endfacet
	facet normal -0.7071081923139743 -0.7071053700563048 0
		outer loop
			vertex 5.498246669769287 2.4904156923294067 0.09999999403953586
			vertex 5.498246669769287 2.4904156923294067 0.6818498969078067
			vertex 5.438511848449707 2.550150752067566 0.6818498969078067
		endloop
	endfacet
	facet normal -0.7071081923139743 -0.7071053700563048 0
		outer loop
			vertex 5.498246669769287 2.4904156923294067 0.09999999403953586
			vertex 5.438511848449707 2.550150752067566 0.6818498969078067
			vertex 5.438511848449707 2.550150752067566 0.09999999403953584
		endloop
	endfacet
	facet normal -0.9659262135941378 -0.25881759965599765 0
		outer loop
			vertex 5.438511848449707 2.550150752067566 0.09999999403953584
			vertex 5.438511848449707 2.550150752067566 0.6818498969078067
			vertex 5.416647434234619 2.6317503452301025 0.6818498969078067
		endloop
	endfacet
	facet normal -0.9659262135941378 -0.25881759965599765 0
		outer loop
			vertex 5.438511848449707 2.550150752067566 0.09999999403953584
			vertex 5.416647434234619 2.6317503452301025 0.6818498969078067
			vertex 5.416647434234619 2.6317503452301025 0.09999999403953583
		endloop
	endfacet
	facet normal -0.9659261190674246 0.2588179524363475 0
		outer loop
			vertex 5.416647434234619 2.6317503452301025 0.09999999403953583
			vertex 5.416647434234619 2.6317503452301025 0.6818498969078067
			vertex 5.438511848449707 2.7133498191833496 0.6818498969078067
		endloop
	endfacet
	facet normal -0.9659261190674246 0.2588179524363475 0
		outer loop
			vertex 5.416647434234619 2.6317503452301025 0.09999999403953583
			vertex 5.438511848449707 2.7133498191833496 0.6818498969078067
			vertex 5.438511848449707 2.7133498191833496 0.09999999403953581
		endloop
	endfacet
	facet normal -0.707107486751317 0.7071060756210742 0
		outer loop
			vertex 5.438511848449707 2.7133498191833496 0.09999999403953581
			vertex 5.438511848449707 2.7133498191833496 0.6818498969078067
			vertex 5.498246669769287 2.7730847597122192 0.6818498969078066
		endloop
	endfacet
	facet normal -0.707107486751317 0.7071060756210742 0
		outer loop
			vertex 5.438511848449707 2.7133498191833496 0.09999999403953581
			vertex 5.498246669769287 2.7730847597122192 0.6818498969078066
			vertex 5.498246669769287 2.7730847597122192 0.0999999940395358
		endloop
	endfacet
	facet normal -0.25881856347465704 0.9659259553407368 0
		outer loop
			vertex 5.498246669769287 2.7730847597122192 0.0999999940395358
			vertex 5.498246669769287 2.7730847597122192 0.6818498969078066
			vertex 5.579846382141113 2.7949492931365967 0.6818498969078066
		endloop
	endfacet
	facet normal -0.25881856347465704 0.9659259553407368 0
		outer loop
			vertex 5.498246669769287 2.7730847597122192 0.0999999940395358
			vertex 5.579846382141113 2.7949492931365967 0.6818498969078066
			vertex 5.579846382141113 2.7949492931365967 0.09999999403953579
		endloop
	endfacet
	facet normal 0.25881856347465704 0.9659259553407368 0
		outer loop
			vertex 5.579846382141113 2.7949492931365967 0.09999999403953579
			vertex 5.579846382141113 2.7949492931365967 0.6818498969078066
			vertex 5.6614460945129395 2.7730847597122192 0.6818498969078066
		endloop
	endfacet
	facet normal 0 0 1
		outer loop
			vertex 5.438511848449707 2.550150752067566 0.6818498969078067
			vertex 5.498246669769287 2.4904156923294067 0.6818498969078067
			vertex 5.579846382141113 2.6317503452301025 0.6818498969078067
		endloop
	endfacet
	facet normal 0 0 1
		outer loop
			vertex 5.579846382141113 2.6317503452301025 0.6818498969078067
			vertex 5.498246669769287 2.4904156923294067 0.6818498969078067
			vertex 5.579846382141113 2.468551278114319 0.6818498969078067
		endloop
	endfacet
	facet normal 0 0 1
		outer loop
			vertex 5.579846382141113 2.6317503452301025 0.6818498969078067
			vertex 5.579846382141113 2.468551278114319 0.6818498969078067
			vertex 5.6614460945129395 2.4904156923294067 0.6818498969078067
		endloop
	endfacet
	facet normal 6.802885275808384e-16 1.17829511837711e-15 1
		outer loop
			vertex 5.498246669769287 2.7730847597122192 0.6818498969078066
			vertex 5.438511848449707 2.7133498191833496 0.6818498969078067
			vertex 5.579846382141113 2.6317503452301025 0.6818498969078067
		endloop
	endfacet
	facet normal 0 0 1
		outer loop
			vertex 5.579846382141113 2.6317503452301025 0.6818498969078067
			vertex 5.438511848449707 2.7133498191833496 0.6818498969078067
			vertex 5.416647434234619 2.6317503452301025 0.6818498969078067
		endloop
	endfacet
	facet normal 0 0 1
		outer loop
			vertex 5.579846382141113 2.6317503452301025 0.6818498969078067
			vertex 5.416647434234619 2.6317503452301025 0.6818498969078067
			vertex 5.438511848449707 2.550150752067566 0.6818498969078067
		endloop
	endfacet
	facet normal -6.802885275808384e-16 1.17829511837711e-15 1
		outer loop
			vertex 5.7211809158325195 2.7133498191833496 0.6818498969078067
			vertex 5.6614460945129395 2.7730847597122192 0.6818498969078066
			vertex 5.579846382141113 2.6317503452301025 0.6818498969078067
		endloop
	endfacet
	facet normal 1.8228228390004532e-16 6.802881016495681e-16 1
		outer loop
			vertex 5.579846382141113 2.6317503452301025 0.6818498969078067
			vertex 5.6614460945129395 2.7730847597122192 0.6818498969078066
			vertex 5.579846382141113 2.7949492931365967 0.6818498969078066
		endloop
	endfacet
	facet normal -1.8228228390004532e-16 6.802881016495681e-16 1
		outer loop
			vertex 5.579846382141113 2.6317503452301025 0.6818498969078067
			vertex 5.579846382141113 2.7949492931365967 0.6818498969078066
			vertex 5.498246669769287 2.7730847597122192 0.6818498969078066
		endloop
	endfacet
	facet normal 0 0 1
		outer loop
			vertex 5.6614460945129395 2.4904156923294067 0.6818498969078067
			vertex 5.7211809158325195 2.550150752067566 0.6818498969078067
			vertex 5.579846382141113 2.6317503452301025 0.6818498969078067
		endloop
	endfacet
	facet normal 0 0 1
		outer loop
			vertex 5.579846382141113 2.6317503452301025 0.6818498969078067
			vertex 5.7211809158325195 2.550150752067566 0.6818498969078067
			vertex 5.743045330047607 2.6317503452301025 0.6818498969078067
		endloop
	endfacet
	facet normal 0 0 1
		outer loop
			vertex 5.579846382141113 2.6317503452301025 0.6818498969078067
			vertex 5.743045330047607 2.6317503452301025 0.6818498969078067
			vertex 5.7211809158325195 2.7133498191833496 0.6818498969078067
		endloop
	endfacet
	facet normal -1 0 0
		outer loop
			vertex 5.155607223510742 2 4.440892098500626e-16
			vertex 5.155607223510742 2 0.09999999403953597
			vertex 5.155607223510742 2.1759108304977417 0.09999999403953592
		endloop
	endfacet
	facet normal -1 0 0
		outer loop
			vertex 5.155607223510742 2.1759108304977417 0.09999999403953592
			vertex 5.155607223510742 2.7733912467956543 0.0999999940395358
			vertex 5.155607223510742 2 4.440892098500626e-16
		endloop
	endfacet
	facet normal -1 0 0
		outer loop
			vertex 5.155607223510742 2 4.440892098500626e-16
			vertex 5.155607223510742 2.7733912467956543 0.0999999940395358
			vertex 5.155607223510742 2.8809974193573 0.09999999403953577
		endloop
	endfacet
	facet normal -1 0 0
		outer loop
			vertex 5.155607223510742 2 4.440892098500626e-16
			vertex 5.155607223510742 2.8809974193573 0.09999999403953577
			vertex 5.155607223510742 4 0
		endloop
	endfacet
	facet normal -1 0 0
		outer loop
			vertex 5.155607223510742 4 0
			vertex 5.155607223510742 2.8809974193573 0.09999999403953577
			vertex 5.155607223510742 3.389791488647461 0.09999999403953566
		endloop
	endfacet
	facet normal -1 0 0
		outer loop
			vertex 5.155607223510742 4 0
			vertex 5.155607223510742 3.389791488647461 0.09999999403953566
			vertex 5.155607223510742 4 0.09999999403953552
		endloop
	endfacet
	facet normal 0 1 0
		outer loop
			vertex 5.005607604980469 2 4.440892098500626e-16
			vertex 5.005607604980469 2 0.09999999403953597
			vertex 5.155607223510742 2 4.440892098500626e-16
		endloop
	endfacet
	facet normal 0 1 0
		outer loop
			vertex 5.155607223510742 2 4.440892098500626e-16
			vertex 5.005607604980469 2 0.09999999403953597
			vertex 5.092784881591797 2 0.09999999403953597
		endloop
	endfacet
	facet normal 0 1 0
		outer loop
			vertex 5.155607223510742 2 4.440892098500626e-16
			vertex 5.092784881591797 2 0.09999999403953597
			vertex 5.155607223510742 2 0.09999999403953597
		endloop
	endfacet
	facet normal 0.2588190897715909 0.9659258143200261 0
		outer loop
			vertex 4.4516191482543945 1.6919941902160645 0.09999999403953604
			vertex 4.6102705001831055 1.6494836807250977 0.5887942910194403
			vertex 4.6102705001831055 1.6494836807250977 0.09999999403953605
		endloop
	endfacet
	facet normal 0.7071060553998307 0.7071075069725193 0
		outer loop
			vertex 4.6102705001831055 1.6494836807250977 0.09999999403953605
			vertex 4.6102705001831055 1.6494836807250977 0.5887942910194403
			vertex 4.726411819458008 1.5333425998687744 0.5887942910194403
		endloop
	endfacet
	facet normal 0.7071060553998307 0.7071075069725193 0
		outer loop
			vertex 4.6102705001831055 1.6494836807250977 0.09999999403953605
			vertex 4.726411819458008 1.5333425998687744 0.5887942910194403
			vertex 4.726411819458008 1.5333425998687744 0.09999999403953606
		endloop
	endfacet
	facet normal 0.9659259115570792 0.2588187268777628 0
		outer loop
			vertex 4.726411819458008 1.5333425998687744 0.09999999403953606
			vertex 4.726411819458008 1.5333425998687744 0.5887942910194403
			vertex 4.768922328948975 1.3746910095214844 0.5887942910194403
		endloop
	endfacet
	facet normal 0.9659259115570792 0.2588187268777628 0
		outer loop
			vertex 4.726411819458008 1.5333425998687744 0.09999999403953606
			vertex 4.768922328948975 1.3746910095214844 0.5887942910194403
			vertex 4.768922328948975 1.3746910095214844 0.0999999940395361
		endloop
	endfacet
	facet normal 0.9659259115570792 -0.2588187268777628 0
		outer loop
			vertex 4.768922328948975 1.3746910095214844 0.0999999940395361
			vertex 4.768922328948975 1.3746910095214844 0.5887942910194403
			vertex 4.726411819458008 1.2160394191741943 0.5887942910194404
		endloop
	endfacet
	facet normal 0.9659259115570792 -0.2588187268777628 0
		outer loop
			vertex 4.768922328948975 1.3746910095214844 0.0999999940395361
			vertex 4.726411819458008 1.2160394191741943 0.5887942910194404
			vertex 4.726411819458008 1.2160394191741943 0.09999999403953615
		endloop
	endfacet
	facet normal 0.7071060553998307 -0.7071075069725193 0
		outer loop
			vertex 4.726411819458008 1.2160394191741943 0.09999999403953615
			vertex 4.726411819458008 1.2160394191741943 0.5887942910194404
			vertex 4.6102705001831055 1.099898338317871 0.5887942910194404
		endloop
	endfacet
	facet normal 0.7071060553998307 -0.7071075069725193 0
		outer loop
			vertex 4.726411819458008 1.2160394191741943 0.09999999403953615
			vertex 4.6102705001831055 1.099898338317871 0.5887942910194404
			vertex 4.6102705001831055 1.099898338317871 0.09999999403953616
		endloop
	endfacet
	facet normal 0.2588190897715909 -0.9659258143200261 0
		outer loop
			vertex 4.6102705001831055 1.099898338317871 0.09999999403953616
			vertex 4.6102705001831055 1.099898338317871 0.5887942910194404
			vertex 4.4516191482543945 1.0573878288269043 0.5887942910194404
		endloop
	endfacet
	facet normal 0.2588190897715909 -0.9659258143200261 0
		outer loop
			vertex 4.6102705001831055 1.099898338317871 0.09999999403953616
			vertex 4.4516191482543945 1.0573878288269043 0.5887942910194404
			vertex 4.4516191482543945 1.0573878288269043 0.09999999403953617
		endloop
	endfacet
	facet normal -0.25881836398491576 -0.9659260087937231 0
		outer loop
			vertex 4.4516191482543945 1.0573878288269043 0.09999999403953617
			vertex 4.4516191482543945 1.0573878288269043 0.5887942910194404
			vertex 4.292967319488525 1.099898338317871 0.5887942910194404
		endloop
	endfacet
	facet normal -0.25881836398491576 -0.9659260087937231 0
		outer loop
			vertex 4.4516191482543945 1.0573878288269043 0.09999999403953617
			vertex 4.292967319488525 1.099898338317871 0.5887942910194404
			vertex 4.292967319488525 1.099898338317871 0.09999999403953616
		endloop
	endfacet
	facet normal -0.7071075069740094 -0.7071060553983409 0
		outer loop
			vertex 4.292967319488525 1.099898338317871 0.09999999403953616
			vertex 4.292967319488525 1.099898338317871 0.5887942910194404
			vertex 4.176826477050781 1.2160394191741943 0.5887942910194404
		endloop
	endfacet
	facet normal -0.7071075069740094 -0.7071060553983409 0
		outer loop
			vertex 4.292967319488525 1.099898338317871 0.09999999403953616
			vertex 4.176826477050781 1.2160394191741943 0.5887942910194404
			vertex 4.176826477050781 1.2160394191741943 0.09999999403953615
		endloop
	endfacet
	facet normal -0.9659259115570792 -0.2588187268777628 0
		outer loop
			vertex 4.176826477050781 1.2160394191741943 0.09999999403953615
			vertex 4.176826477050781 1.2160394191741943 0.5887942910194404
			vertex 4.1343159675598145 1.3746910095214844 0.5887942910194403
		endloop
	endfacet
	facet normal -0.9659259115570792 -0.2588187268777628 0
		outer loop
			vertex 4.176826477050781 1.2160394191741943 0.09999999403953615
			vertex 4.1343159675598145 1.3746910095214844 0.5887942910194403
			vertex 4.1343159675598145 1.3746910095214844 0.0999999940395361
		endloop
	endfacet
	facet normal -0.9659259115570792 0.2588187268777628 0
		outer loop
			vertex 4.1343159675598145 1.3746910095214844 0.0999999940395361
			vertex 4.1343159675598145 1.3746910095214844 0.5887942910194403
			vertex 4.176826477050781 1.5333425998687744 0.5887942910194403
		endloop
	endfacet
	facet normal -0.9659259115570792 0.2588187268777628 0
		outer loop
			vertex 4.1343159675598145 1.3746910095214844 0.0999999940395361
			vertex 4.176826477050781 1.5333425998687744 0.5887942910194403
			vertex 4.176826477050781 1.5333425998687744 0.09999999403953606
		endloop
	endfacet
	facet normal -0.7071075069740094 0.7071060553983409 0
		outer loop
			vertex 4.176826477050781 1.5333425998687744 0.09999999403953606
			vertex 4.176826477050781 1.5333425998687744 0.5887942910194403
			vertex 4.292967319488525 1.6494836807250977 0.5887942910194403
		endloop
	endfacet
	facet normal -0.7071075069740094 0.7071060553983409 0
		outer loop
			vertex 4.176826477050781 1.5333425998687744 0.09999999403953606
			vertex 4.292967319488525 1.6494836807250977 0.5887942910194403
			vertex 4.292967319488525 1.6494836807250977 0.09999999403953605
		endloop
	endfacet
	facet normal -0.25881836398491576 0.9659260087937231 0
		outer loop
			vertex 4.292967319488525 1.6494836807250977 0.09999999403953605
			vertex 4.292967319488525 1.6494836807250977 0.5887942910194403
			vertex 4.4516191482543945 1.6919941902160645 0.5887942910194403
		endloop
	endfacet
	facet normal -0.25881836398491576 0.9659260087937231 0
		outer loop
			vertex 4.292967319488525 1.6494836807250977 0.09999999403953605
			vertex 4.4516191482543945 1.6919941902160645 0.5887942910194403
			vertex 4.4516191482543945 1.6919941902160645 0.09999999403953604
		endloop
	endfacet
	facet normal 0.25881908977159096 0.9659258143200261 0
		outer loop
			vertex 4.4516191482543945 1.6919941902160645 0.09999999403953604
			vertex 4.4516191482543945 1.6919941902160645 0.5887942910194403
			vertex 4.6102705001831055 1.6494836807250977 0.5887942910194403
		endloop
	endfacet
	facet normal 2.5613993708528204e-16 2.561394112720263e-16 1
		outer loop
			vertex 4.176826477050781 1.2160394191741943 0.5887942910194404
			vertex 4.292967319488525 1.099898338317871 0.5887942910194404
			vertex 4.4516191482543945 1.3746910095214844 0.5887942910194403
		endloop
	endfacet
	facet normal 9.375340112896762e-17 3.498934432976267e-16 1
		outer loop
			vertex 4.4516191482543945 1.3746910095214844 0.5887942910194403
			vertex 4.292967319488525 1.099898338317871 0.5887942910194404
			vertex 4.4516191482543945 1.0573878288269043 0.5887942910194404
		endloop
	endfacet
	facet normal -9.375368291103139e-17 3.498934432976267e-16 1
		outer loop
			vertex 4.4516191482543945 1.3746910095214844 0.5887942910194403
			vertex 4.4516191482543945 1.0573878288269043 0.5887942910194404
			vertex 4.6102705001831055 1.099898338317871 0.5887942910194404
		endloop
	endfacet
	facet normal 0 0 1
		outer loop
			vertex 4.292967319488525 1.6494836807250977 0.5887942910194403
			vertex 4.176826477050781 1.5333425998687744 0.5887942910194403
			vertex 4.4516191482543945 1.3746910095214844 0.5887942910194403
		endloop
	endfacet
	facet normal 0 0 1
		outer loop
			vertex 4.4516191482543945 1.3746910095214844 0.5887942910194403
			vertex 4.176826477050781 1.5333425998687744 0.5887942910194403
			vertex 4.1343159675598145 1.3746910095214844 0.5887942910194403
		endloop
	endfacet
	facet normal 0 6.997868865952535e-16 1
		outer loop
			vertex 4.4516191482543945 1.3746910095214844 0.5887942910194403
			vertex 4.1343159675598145 1.3746910095214844 0.5887942910194403
			vertex 4.176826477050781 1.2160394191741943 0.5887942910194404
		endloop
	endfacet
	facet normal 0 0 1
		outer loop
			vertex 4.726411819458008 1.5333425998687744 0.5887942910194403
			vertex 4.6102705001831055 1.6494836807250977 0.5887942910194403
			vertex 4.4516191482543945 1.3746910095214844 0.5887942910194403
		endloop
	endfacet
	facet normal 0 0 1
		outer loop
			vertex 4.4516191482543945 1.3746910095214844 0.5887942910194403
			vertex 4.6102705001831055 1.6494836807250977 0.5887942910194403
			vertex 4.4516191482543945 1.6919941902160645 0.5887942910194403
		endloop
	endfacet
	facet normal 0 0 1
		outer loop
			vertex 4.4516191482543945 1.3746910095214844 0.5887942910194403
			vertex 4.4516191482543945 1.6919941902160645 0.5887942910194403
			vertex 4.292967319488525 1.6494836807250977 0.5887942910194403
		endloop
	endfacet
	facet normal -2.561395521636025e-16 2.561400779760681e-16 1
		outer loop
			vertex 4.6102705001831055 1.099898338317871 0.5887942910194404
			vertex 4.726411819458008 1.2160394191741943 0.5887942910194404
			vertex 4.4516191482543945 1.3746910095214844 0.5887942910194403
		endloop
	endfacet
	facet normal 0 6.997868865952535e-16 1
		outer loop
			vertex 4.4516191482543945 1.3746910095214844 0.5887942910194403
			vertex 4.726411819458008 1.2160394191741943 0.5887942910194404
			vertex 4.768922328948975 1.3746910095214844 0.5887942910194403
		endloop
	endfacet
	facet normal 0 0 1
		outer loop
			vertex 4.4516191482543945 1.3746910095214844 0.5887942910194403
			vertex 4.768922328948975 1.3746910095214844 0.5887942910194403
			vertex 4.726411819458008 1.5333425998687744 0.5887942910194403
		endloop
	endfacet
	facet normal 1 0 0
		outer loop
			vertex 5.005607604980469 2.1759108304977417 0.09999999403953592
			vertex 5.005607604980469 2 0.09999999403953597
			vertex 5.005607604980469 2 4.440892098500626e-16
		endloop
	endfacet
	facet normal 1 0 0
		outer loop
			vertex 5.005607604980469 4 0.09999999403953552
			vertex 5.005607604980469 3.389791488647461 0.09999999403953566
			vertex 5.005607604980469 4 0
		endloop
	endfacet
	facet normal 1 0 0
		outer loop
			vertex 5.005607604980469 4 0
			vertex 5.005607604980469 3.389791488647461 0.09999999403953566
			vertex 5.005607604980469 2.8809974193573 0.09999999403953577
		endloop
	endfacet
	facet normal 1 0 0
		outer loop
			vertex 5.005607604980469 4 0
			vertex 5.005607604980469 2.8809974193573 0.09999999403953577
			vertex 5.005607604980469 2 4.440892098500626e-16
		endloop
	endfacet
	facet normal 1 0 0
		outer loop
			vertex 5.005607604980469 2 4.440892098500626e-16
			vertex 5.005607604980469 2.8809974193573 0.09999999403953577
			vertex 5.005607604980469 2.7733912467956543 0.0999999940395358
		endloop
	endfacet
	facet normal 1 0 0
		outer loop
			vertex 5.005607604980469 2 4.440892098500626e-16
			vertex 5.005607604980469 2.7733912467956543 0.0999999940395358
			vertex 5.005607604980469 2.1759108304977417 0.09999999403953592
		endloop
	endfacet
	facet normal 0 1 0
		outer loop
			vertex 5.005607604980469 4 0.09999999403953552
			vertex 5.005607604980469 4 0
			vertex 4.154734134674072 4 0.09999999403953552
		endloop
	endfacet
	facet normal 0 1 0
		outer loop
			vertex 4.154734134674072 4 0.09999999403953552
			vertex 5.005607604980469 4 0
			vertex 0 4 0
		endloop
	endfacet
	facet normal 0 1 0
		outer loop
			vertex 4.154734134674072 4 0.09999999403953552
			vertex 0 4 0
			vertex 0 4 0.09999999403953552
		endloop
	endfacet
	facet normal 0.25881884801227184 0.9659258790992199 0
		outer loop
			vertex 4.366349697113037 3.3494396209716797 0.09999999403953566
			vertex 4.461948394775391 3.3238240480422974 0.6818498969078065
			vertex 4.461948394775391 3.3238240480422974 0.09999999403953568
		endloop
	endfacet
	facet normal 0.7071088890456512 0.7071046733211604 0
		outer loop
			vertex 4.461948394775391 3.3238240480422974 0.09999999403953568
			vertex 4.461948394775391 3.3238240480422974 0.6818498969078065
			vertex 4.531930923461914 3.2538411021232605 0.6818498969078065
		endloop
	endfacet
	facet normal 0.7071088890456512 0.7071046733211604 0
		outer loop
			vertex 4.461948394775391 3.3238240480422974 0.09999999403953568
			vertex 4.531930923461914 3.2538411021232605 0.6818498969078065
			vertex 4.531930923461914 3.2538411021232605 0.09999999403953569
		endloop
	endfacet
	facet normal 0.9659254569481684 0.25882042349759043 0
		outer loop
			vertex 4.531930923461914 3.2538411021232605 0.09999999403953569
			vertex 4.531930923461914 3.2538411021232605 0.6818498969078065
			vertex 4.557546615600586 3.1582425832748413 0.6818498969078066
		endloop
	endfacet
	facet normal 0.9659254569481684 0.25882042349759043 0
		outer loop
			vertex 4.531930923461914 3.2538411021232605 0.09999999403953569
			vertex 4.557546615600586 3.1582425832748413 0.6818498969078066
			vertex 4.557546615600586 3.1582425832748413 0.0999999940395357
		endloop
	endfacet
	facet normal 0.965925537634297 -0.2588201223743907 0
		outer loop
			vertex 4.557546615600586 3.1582425832748413 0.0999999940395357
			vertex 4.557546615600586 3.1582425832748413 0.6818498969078066
			vertex 4.531930923461914 3.0626439452171326 0.6818498969078066
		endloop
	endfacet
	facet normal 0.965925537634297 -0.2588201223743907 0
		outer loop
			vertex 4.557546615600586 3.1582425832748413 0.0999999940395357
			vertex 4.531930923461914 3.0626439452171326 0.6818498969078066
			vertex 4.531930923461914 3.0626439452171326 0.09999999403953573
		endloop
	endfacet
	facet normal 0.7071088890456512 -0.7071046733211604 0
		outer loop
			vertex 4.531930923461914 3.0626439452171326 0.09999999403953573
			vertex 4.531930923461914 3.0626439452171326 0.6818498969078066
			vertex 4.461948394775391 2.9926609992980957 0.6818498969078066
		endloop
	endfacet
	facet normal 0.7071088890456512 -0.7071046733211604 0
		outer loop
			vertex 4.531930923461914 3.0626439452171326 0.09999999403953573
			vertex 4.461948394775391 2.9926609992980957 0.6818498969078066
			vertex 4.461948394775391 2.9926609992980957 0.09999999403953574
		endloop
	endfacet
	facet normal 0.2588177242104484 -0.9659261802200644 0
		outer loop
			vertex 4.461948394775391 2.9926609992980957 0.09999999403953574
			vertex 4.461948394775391 2.9926609992980957 0.6818498969078066
			vertex 4.366349697113037 2.967045545578003 0.6818498969078066
		endloop
	endfacet
	facet normal 0.2588177242104484 -0.9659261802200644 0
		outer loop
			vertex 4.461948394775391 2.9926609992980957 0.09999999403953574
			vertex 4.366349697113037 2.967045545578003 0.6818498969078066
			vertex 4.366349697113037 2.967045545578003 0.09999999403953576
		endloop
	endfacet
	facet normal -0.25881892869699147 -0.9659258574798284 0
		outer loop
			vertex 4.366349697113037 2.967045545578003 0.09999999403953576
			vertex 4.366349697113037 2.967045545578003 0.6818498969078066
			vertex 4.270751476287842 2.9926609992980957 0.6818498969078066
		endloop
	endfacet
	facet normal -0.25881892869699147 -0.9659258574798284 0
		outer loop
			vertex 4.366349697113037 2.967045545578003 0.09999999403953576
			vertex 4.270751476287842 2.9926609992980957 0.6818498969078066
			vertex 4.270751476287842 2.9926609992980957 0.09999999403953574
		endloop
	endfacet
	facet normal -0.7071040710912185 -0.7071094912714897 0
		outer loop
			vertex 4.270751476287842 2.9926609992980957 0.09999999403953574
			vertex 4.270751476287842 2.9926609992980957 0.6818498969078066
			vertex 4.200767993927002 3.0626439452171326 0.6818498969078066
		endloop
	endfacet
	facet normal -0.7071040710912185 -0.7071094912714897 0
		outer loop
			vertex 4.270751476287842 2.9926609992980957 0.09999999403953574
			vertex 4.200767993927002 3.0626439452171326 0.6818498969078066
			vertex 4.200767993927002 3.0626439452171326 0.09999999403953573
		endloop
	endfacet
	facet normal -0.9659267421167869 -0.25881562716275563 0
		outer loop
			vertex 4.200767993927002 3.0626439452171326 0.09999999403953573
			vertex 4.200767993927002 3.0626439452171326 0.6818498969078066
			vertex 4.175152778625488 3.1582425832748413 0.6818498969078066
		endloop
	endfacet
	facet normal -0.9659267421167869 -0.25881562716275563 0
		outer loop
			vertex 4.200767993927002 3.0626439452171326 0.09999999403953573
			vertex 4.175152778625488 3.1582425832748413 0.6818498969078066
			vertex 4.175152778625488 3.1582425832748413 0.0999999940395357
		endloop
	endfacet
	facet normal -0.9659266614333605 0.2588159282814764 0
		outer loop
			vertex 4.175152778625488 3.1582425832748413 0.0999999940395357
			vertex 4.175152778625488 3.1582425832748413 0.6818498969078066
			vertex 4.200767993927002 3.2538411021232605 0.6818498969078065
		endloop
	endfacet
	facet normal -0.9659266614333605 0.2588159282814764 0
		outer loop
			vertex 4.175152778625488 3.1582425832748413 0.0999999940395357
			vertex 4.200767993927002 3.2538411021232605 0.6818498969078065
			vertex 4.200767993927002 3.2538411021232605 0.09999999403953569
		endloop
	endfacet
	facet normal -0.7071040710912185 0.7071094912714897 0
		outer loop
			vertex 4.200767993927002 3.2538411021232605 0.09999999403953569
			vertex 4.200767993927002 3.2538411021232605 0.6818498969078065
			vertex 4.270751476287842 3.3238240480422974 0.6818498969078065
		endloop
	endfacet
	facet normal -0.7071040710912185 0.7071094912714897 0
		outer loop
			vertex 4.200767993927002 3.2538411021232605 0.09999999403953569
			vertex 4.270751476287842 3.3238240480422974 0.6818498969078065
			vertex 4.270751476287842 3.3238240480422974 0.09999999403953568
		endloop
	endfacet
	facet normal -0.2588200525032938 0.9659255563562816 0
		outer loop
			vertex 4.270751476287842 3.3238240480422974 0.09999999403953568
			vertex 4.270751476287842 3.3238240480422974 0.6818498969078065
			vertex 4.366349697113037 3.3494396209716797 0.6818498969078065
		endloop
	endfacet
	facet normal -0.2588200525032938 0.9659255563562816 0
		outer loop
			vertex 4.270751476287842 3.3238240480422974 0.09999999403953568
			vertex 4.366349697113037 3.3494396209716797 0.6818498969078065
			vertex 4.366349697113037 3.3494396209716797 0.09999999403953566
		endloop
	endfacet
	facet normal 0.25881884801227184 0.9659258790992199 0
		outer loop
			vertex 4.366349697113037 3.3494396209716797 0.09999999403953566
			vertex 4.366349697113037 3.3494396209716797 0.6818498969078065
			vertex 4.461948394775391 3.3238240480422974 0.6818498969078065
		endloop
	endfacet
	facet normal 0 0 1
		outer loop
			vertex 4.200767993927002 3.0626439452171326 0.6818498969078066
			vertex 4.270751476287842 2.9926609992980957 0.6818498969078066
			vertex 4.366349697113037 3.1582425832748413 0.6818498969078066
		endloop
	endfacet
	facet normal 0 0 1
		outer loop
			vertex 4.366349697113037 3.1582425832748413 0.6818498969078066
			vertex 4.270751476287842 2.9926609992980957 0.6818498969078066
			vertex 4.366349697113037 2.967045545578003 0.6818498969078066
		endloop
	endfacet
	facet normal 0 0 1
		outer loop
			vertex 4.366349697113037 3.1582425832748413 0.6818498969078066
			vertex 4.366349697113037 2.967045545578003 0.6818498969078066
			vertex 4.461948394775391 2.9926609992980957 0.6818498969078066
		endloop
	endfacet
	facet normal -4.250780939815667e-16 4.250813523419593e-16 1
		outer loop
			vertex 4.270751476287842 3.3238240480422974 0.6818498969078065
			vertex 4.200767993927002 3.2538411021232605 0.6818498969078065
			vertex 4.366349697113037 3.1582425832748413 0.6818498969078066
		endloop
	endfacet
	facet normal 0 1.1613391483455136e-15 1
		outer loop
			vertex 4.366349697113037 3.1582425832748413 0.6818498969078066
			vertex 4.200767993927002 3.2538411021232605 0.6818498969078065
			vertex 4.175152778625488 3.1582425832748413 0.6818498969078066
		endloop
	endfacet
	facet normal 0 0 1
		outer loop
			vertex 4.366349697113037 3.1582425832748413 0.6818498969078066
			vertex 4.175152778625488 3.1582425832748413 0.6818498969078066
			vertex 4.200767993927002 3.0626439452171326 0.6818498969078066
		endloop
	endfacet
	facet normal 4.2508099031088004e-16 4.2507845601330695e-16 1
		outer loop
			vertex 4.531930923461914 3.2538411021232605 0.6818498969078065
			vertex 4.461948394775391 3.3238240480422974 0.6818498969078065
			vertex 4.366349697113037 3.1582425832748413 0.6818498969078066
		endloop
	endfacet
	facet normal 1.5558981648086861e-16 5.806695741727567e-16 1
		outer loop
			vertex 4.366349697113037 3.1582425832748413 0.6818498969078066
			vertex 4.461948394775391 3.3238240480422974 0.6818498969078065
			vertex 4.366349697113037 3.3494396209716797 0.6818498969078065
		endloop
	endfacet
	facet normal -1.5559059255185924e-16 5.806695741727567e-16 1
		outer loop
			vertex 4.366349697113037 3.1582425832748413 0.6818498969078066
			vertex 4.366349697113037 3.3494396209716797 0.6818498969078065
			vertex 4.270751476287842 3.3238240480422974 0.6818498969078065
		endloop
	endfacet
	facet normal 0 0 1
		outer loop
			vertex 4.461948394775391 2.9926609992980957 0.6818498969078066
			vertex 4.531930923461914 3.0626439452171326 0.6818498969078066
			vertex 4.366349697113037 3.1582425832748413 0.6818498969078066
		endloop
	endfacet
	facet normal 0 0 1
		outer loop
			vertex 4.366349697113037 3.1582425832748413 0.6818498969078066
			vertex 4.531930923461914 3.0626439452171326 0.6818498969078066
			vertex 4.557546615600586 3.1582425832748413 0.6818498969078066
		endloop
	endfacet
	facet normal 0 1.1613391483455136e-15 1
		outer loop
			vertex 4.366349697113037 3.1582425832748413 0.6818498969078066
			vertex 4.557546615600586 3.1582425832748413 0.6818498969078066
			vertex 4.531930923461914 3.2538411021232605 0.6818498969078065
		endloop
	endfacet
	facet normal -1 0 0
		outer loop
			vertex 0 0 0.09999999403953641
			vertex 0 0.8938159942626953 0.09999999403953622
			vertex 0 0 8.881784197001252e-16
		endloop
	endfacet
	facet normal -1 0 0
		outer loop
			vertex 0 0 8.881784197001252e-16
			vertex 0 0.8938159942626953 0.09999999403953622
			vertex 0 1.8648910522460938 0.099999994039536
		endloop
	endfacet
	facet normal -1 0 0
		outer loop
			vertex 0 0 8.881784197001252e-16
			vertex 0 1.8648910522460938 0.099999994039536
			vertex 0 4 0
		endloop
	endfacet
	facet normal -1 0 0
		outer loop
			vertex 0 4 0
			vertex 0 1.8648910522460938 0.099999994039536
			vertex 0 2.1759108304977417 0.09999999403953592
		endloop
	endfacet
	facet normal -1 0 0
		outer loop
			vertex 0 4 0
			vertex 0 2.1759108304977417 0.09999999403953592
			vertex 0 2.7733912467956543 0.0999999940395358
		endloop
	endfacet
	facet normal -1 0 0
		outer loop
			vertex 0 2.7733912467956543 0.0999999940395358
			vertex 0 2.8809974193573 0.09999999403953577
			vertex 0 4 0
		endloop
	endfacet
	facet normal -1 0 0
		outer loop
			vertex 0 4 0
			vertex 0 2.8809974193573 0.09999999403953577
			vertex 0 3.389791488647461 0.09999999403953566
		endloop
	endfacet
	facet normal -1 0 0
		outer loop
			vertex 0 4 0
			vertex 0 3.389791488647461 0.09999999403953566
			vertex 0 4 0.09999999403953552
		endloop
	endfacet
	facet normal -5.660339194938696e-17 2.1124515120090718e-16 1
		outer loop
			vertex 11.431241989135742 1.7374165058135986 0.09999999403953602
			vertex 11.366242408752441 1.7199997901916504 0.09999999403953602
			vertex 11.533966064453125 1.239380121231079 0.09999999403953613
		endloop
	endfacet
	facet normal 6.575240227001506e-17 5.514154765545806e-16 1
		outer loop
			vertex 11.766690254211426 2.0374165773391724 0.09999999403953595
			vertex 11.701689720153809 2.019999861717224 0.09999999403953597
			vertex 11.869413375854492 2 0.09999999403953597
		endloop
	endfacet
	facet normal 6.575214354367096e-17 5.514164421413712e-16 1
		outer loop
			vertex 12.437585830688477 2.0374165773391724 0.09999999403953595
			vertex 12.37258529663086 2.019999861717224 0.09999999403953597
			vertex 12.54030990600586 2 0.09999999403953597
		endloop
	endfacet
	facet normal 6.575269937165916e-17 5.514179681205009e-16 1
		outer loop
			vertex 12.773033142089844 2.0374165773391724 0.09999999403953595
			vertex 12.708033561706543 2.019999861717224 0.09999999403953597
			vertex 12.875757217407227 2 0.09999999403953597
		endloop
	endfacet
	facet normal 0 2.229200634720301e-16 1
		outer loop
			vertex 13.273481369018555 1.239380121231079 0.09999999403953613
			vertex 13.108480453491211 1.7374165058135986 0.09999999403953602
			vertex 12.875757217407227 1.239380121231079 0.09999999403953613
		endloop
	endfacet
	facet normal -6.828108177233892e-17 2.5482655626109456e-16 1
		outer loop
			vertex 12.875757217407227 1.239380121231079 0.09999999403953613
			vertex 13.108480453491211 1.7374165058135986 0.09999999403953602
			vertex 13.04348087310791 1.7199997901916504 0.09999999403953602
		endloop
	endfacet
	facet normal 5.660339194938696e-17 2.1124515120090718e-16 1
		outer loop
			vertex 12.875757217407227 1.239380121231079 0.09999999403953613
			vertex 13.04348087310791 1.7199997901916504 0.09999999403953602
			vertex 12.97848129272461 1.7374165058135986 0.09999999403953602
		endloop
	endfacet
	facet normal 6.575297059235636e-17 5.51416955918666e-16 1
		outer loop
			vertex 12.875757217407227 2 0.09999999403953597
			vertex 12.97848129272461 1.962583303451538 0.09999999403953598
			vertex 13.04348087310791 1.9800000190734863 0.09999999403953597
		endloop
	endfacet
	facet normal -5.697941371317132e-17 2.346725333055716e-16 1
		outer loop
			vertex 12.97848129272461 1.7374165058135986 0.09999999403953602
			vertex 12.93089771270752 1.7849998474121094 0.09999999403953601
			vertex 12.875757217407227 1.239380121231079 0.09999999403953613
		endloop
	endfacet
	facet normal 4.17598511082637e-17 2.2469391320334626e-16 1
		outer loop
			vertex 12.875757217407227 1.239380121231079 0.09999999403953613
			vertex 12.93089771270752 1.7849998474121094 0.09999999403953601
			vertex 12.913480758666992 1.8499999046325684 0.099999994039536
		endloop
	endfacet
	facet normal 1.3482571525258608e-16 2.189443877844888e-16 1
		outer loop
			vertex 12.875757217407227 1.239380121231079 0.09999999403953613
			vertex 12.913480758666992 1.8499999046325684 0.099999994039536
			vertex 12.875757217407227 2 0.09999999403953597
		endloop
	endfacet
	facet normal 5.4803290692463456e-17 1.988195390155213e-16 1
		outer loop
			vertex 12.875757217407227 2 0.09999999403953597
			vertex 12.913480758666992 1.8499999046325684 0.099999994039536
			vertex 12.93089771270752 1.9149999618530273 0.09999999403953598
		endloop
	endfacet
	facet normal -9.902734983961488e-17 9.902784602082553e-17 1
		outer loop
			vertex 12.875757217407227 2 0.09999999403953597
			vertex 12.93089771270752 1.9149999618530273 0.09999999403953598
			vertex 12.97848129272461 1.962583303451538 0.09999999403953598
		endloop
	endfacet
	facet normal -5.231128402633687e-17 6.015816371019594e-16 1
		outer loop
			vertex 13.04348087310791 1.9800000190734863 0.09999999403953597
			vertex 13.108480453491211 1.962583303451538 0.09999999403953598
			vertex 13.273481369018555 2 0.09999999403953597
		endloop
	endfacet
	facet normal 6.855986195136845e-17 6.856157956349076e-17 1
		outer loop
			vertex 13.108480453491211 1.962583303451538 0.09999999403953598
			vertex 13.156064987182617 1.9149999618530273 0.09999999403953598
			vertex 13.273481369018555 2 0.09999999403953597
		endloop
	endfacet
	facet normal -3.045899100786889e-17 2.053431116836907e-16 1
		outer loop
			vertex 13.273481369018555 2 0.09999999403953597
			vertex 13.156064987182617 1.9149999618530273 0.09999999403953598
			vertex 13.173480987548828 1.8499999046325684 0.099999994039536
		endloop
	endfacet
	facet normal -5.086084030337499e-17 2.1894438778448882e-16 1
		outer loop
			vertex 13.273481369018555 2 0.09999999403953597
			vertex 13.173480987548828 1.8499999046325684 0.099999994039536
			vertex 13.273481369018555 1.239380121231079 0.09999999403953613
		endloop
	endfacet
	facet normal -3.189562129787461e-17 2.220502962184446e-16 1
		outer loop
			vertex 13.273481369018555 1.239380121231079 0.09999999403953613
			vertex 13.173480987548828 1.8499999046325684 0.099999994039536
			vertex 13.156064987182617 1.7849998474121094 0.09999999403953601
		endloop
	endfacet
	facet normal 5.162677395924359e-17 2.4002416516560226e-16 1
		outer loop
			vertex 13.273481369018555 1.239380121231079 0.09999999403953613
			vertex 13.156064987182617 1.7849998474121094 0.09999999403953601
			vertex 13.108480453491211 1.7374165058135986 0.09999999403953602
		endloop
	endfacet
	facet normal 0 0 1
		outer loop
			vertex 13.04348087310791 1.9800000190734863 0.09999999403953597
			vertex 13.273481369018555 2 0.09999999403953597
			vertex 12.875757217407227 2 0.09999999403953597
		endloop
	endfacet
	facet normal 0 0 1
		outer loop
			vertex 12.875757217407227 2 0.09999999403953597
			vertex 13.273481369018555 2 0.09999999403953597
			vertex 13.04348087310791 2.019999861717224 0.09999999403953597
		endloop
	endfacet
	facet normal -6.575269937165916e-17 5.514179681205009e-16 1
		outer loop
			vertex 12.875757217407227 2 0.09999999403953597
			vertex 13.04348087310791 2.019999861717224 0.09999999403953597
			vertex 12.97848129272461 2.0374165773391724 0.09999999403953595
		endloop
	endfacet
	facet normal 4.6654996169392804e-17 2.1912299104976827e-16 1
		outer loop
			vertex 13.273481369018555 3.1399998664855957 0.09999999403953572
			vertex 13.156064987182617 2.2149999141693115 0.09999999403953592
			vertex 13.273481369018555 2 0.09999999403953597
		endloop
	endfacet
	facet normal 7.139361817763745e-17 2.3263331964239983e-16 1
		outer loop
			vertex 13.273481369018555 2 0.09999999403953597
			vertex 13.156064987182617 2.2149999141693115 0.09999999403953592
			vertex 13.173480987548828 2.1499998569488525 0.09999999403953594
		endloop
	endfacet
	facet normal 3.0459044734087456e-17 2.053434738857379e-16 1
		outer loop
			vertex 13.173480987548828 2.1499998569488525 0.09999999403953594
			vertex 13.156064987182617 2.084999918937683 0.09999999403953595
			vertex 13.273481369018555 2 0.09999999403953597
		endloop
	endfacet
	facet normal -6.855990232900195e-17 6.856161994213582e-17 1
		outer loop
			vertex 13.273481369018555 2 0.09999999403953597
			vertex 13.156064987182617 2.084999918937683 0.09999999403953595
			vertex 13.108480453491211 2.0374165773391724 0.09999999403953595
		endloop
	endfacet
	facet normal 5.23110486205569e-17 6.015825156417054e-16 1
		outer loop
			vertex 13.273481369018555 2 0.09999999403953597
			vertex 13.108480453491211 2.0374165773391724 0.09999999403953595
			vertex 13.04348087310791 2.019999861717224 0.09999999403953597
		endloop
	endfacet
	facet normal -3.5232719517077274e-17 2.2294494934390545e-16 1
		outer loop
			vertex 12.93089771270752 2.2149999141693115 0.09999999403953592
			vertex 12.875757217407227 3.1399998664855957 0.09999999403953572
			vertex 12.913480758666992 2.1499998569488525 0.09999999403953594
		endloop
	endfacet
	facet normal -1.355345104223863e-16 2.1912299104976827e-16 1
		outer loop
			vertex 12.913480758666992 2.1499998569488525 0.09999999403953594
			vertex 12.875757217407227 3.1399998664855957 0.09999999403953572
			vertex 12.875757217407227 2 0.09999999403953597
		endloop
	endfacet
	facet normal -5.480338428824991e-17 1.9881987856942182e-16 1
		outer loop
			vertex 12.913480758666992 2.1499998569488525 0.09999999403953594
			vertex 12.875757217407227 2 0.09999999403953597
			vertex 12.93089771270752 2.084999918937683 0.09999999403953595
		endloop
	endfacet
	facet normal 9.902743407658078e-17 9.90279302582135e-17 1
		outer loop
			vertex 12.93089771270752 2.084999918937683 0.09999999403953595
			vertex 12.875757217407227 2 0.09999999403953597
			vertex 12.97848129272461 2.0374165773391724 0.09999999403953595
		endloop
	endfacet
	facet normal 6.285955534726827e-17 2.2879236220874746e-16 1
		outer loop
			vertex 12.93089771270752 2.2149999141693115 0.09999999403953592
			vertex 12.97848129272461 2.2625832557678223 0.09999999403953591
			vertex 12.875757217407227 3.1399998664855957 0.09999999403953572
		endloop
	endfacet
	facet normal -5.752854752832903e-17 2.1469785294593213e-16 1
		outer loop
			vertex 12.875757217407227 3.1399998664855957 0.09999999403953572
			vertex 12.97848129272461 2.2625832557678223 0.09999999403953591
			vertex 13.04348087310791 2.2799999713897705 0.09999999403953591
		endloop
	endfacet
	facet normal 0 2.259175034989438e-16 1
		outer loop
			vertex 12.875757217407227 3.1399998664855957 0.09999999403953572
			vertex 13.04348087310791 2.2799999713897705 0.09999999403953591
			vertex 13.273481369018555 3.1399998664855957 0.09999999403953572
		endloop
	endfacet
	facet normal 5.64869267210087e-17 2.1081050030930667e-16 1
		outer loop
			vertex 13.273481369018555 3.1399998664855957 0.09999999403953572
			vertex 13.04348087310791 2.2799999713897705 0.09999999403953591
			vertex 13.108480453491211 2.2625832557678223 0.09999999403953591
		endloop
	endfacet
	facet normal -5.910317441439078e-17 2.325475774061682e-16 1
		outer loop
			vertex 13.273481369018555 3.1399998664855957 0.09999999403953572
			vertex 13.108480453491211 2.2625832557678223 0.09999999403953591
			vertex 13.156064987182617 2.2149999141693115 0.09999999403953592
		endloop
	endfacet
	facet normal 5.660263249057943e-17 2.1124541623210705e-16 1
		outer loop
			vertex 12.643033027648926 1.7374165058135986 0.09999999403953602
			vertex 12.54030990600586 1.239380121231079 0.09999999403953613
			vertex 12.708033561706543 1.7199997901916504 0.09999999403953602
		endloop
	endfacet
	facet normal 0 2.309982500354633e-16 1
		outer loop
			vertex 12.708033561706543 1.7199997901916504 0.09999999403953602
			vertex 12.54030990600586 1.239380121231079 0.09999999403953613
			vertex 12.875757217407227 1.239380121231079 0.09999999403953613
		endloop
	endfacet
	facet normal -5.660339194938696e-17 2.1124515120090718e-16 1
		outer loop
			vertex 12.708033561706543 1.7199997901916504 0.09999999403953602
			vertex 12.875757217407227 1.239380121231079 0.09999999403953613
			vertex 12.773033142089844 1.7374165058135986 0.09999999403953602
		endloop
	endfacet
	facet normal 6.575267348826123e-17 5.514144643470421e-16 1
		outer loop
			vertex 12.54030990600586 2 0.09999999403953597
			vertex 12.643033027648926 1.962583303451538 0.09999999403953598
			vertex 12.708033561706543 1.9800000190734863 0.09999999403953597
		endloop
	endfacet
	facet normal -5.698045090228301e-17 2.3467263812421833e-16 1
		outer loop
			vertex 12.643033027648926 1.7374165058135986 0.09999999403953602
			vertex 12.595450401306152 1.7849998474121094 0.09999999403953601
			vertex 12.54030990600586 1.239380121231079 0.09999999403953613
		endloop
	endfacet
	facet normal 4.17598511082637e-17 2.2469391320334626e-16 1
		outer loop
			vertex 12.54030990600586 1.239380121231079 0.09999999403953613
			vertex 12.595450401306152 1.7849998474121094 0.09999999403953601
			vertex 12.578033447265625 1.8499999046325684 0.099999994039536
		endloop
	endfacet
	facet normal 1.3482571525258608e-16 2.189443877844888e-16 1
		outer loop
			vertex 12.54030990600586 1.239380121231079 0.09999999403953613
			vertex 12.578033447265625 1.8499999046325684 0.099999994039536
			vertex 12.54030990600586 2 0.09999999403953597
		endloop
	endfacet
	facet normal 5.4803290692463456e-17 1.988195390155213e-16 1
		outer loop
			vertex 12.54030990600586 2 0.09999999403953597
			vertex 12.578033447265625 1.8499999046325684 0.099999994039536
			vertex 12.595450401306152 1.9149999618530273 0.09999999403953598
		endloop
	endfacet
	facet normal -9.902855365425211e-17 9.902706509252487e-17 1
		outer loop
			vertex 12.54030990600586 2 0.09999999403953597
			vertex 12.595450401306152 1.9149999618530273 0.09999999403953598
			vertex 12.643033027648926 1.962583303451538 0.09999999403953598
		endloop
	endfacet
	facet normal -6.575297059235636e-17 5.51416955918666e-16 1
		outer loop
			vertex 12.708033561706543 1.9800000190734863 0.09999999403953597
			vertex 12.773033142089844 1.962583303451538 0.09999999403953598
			vertex 12.875757217407227 2 0.09999999403953597
		endloop
	endfacet
	facet normal 9.90278797506766e-17 9.902639119907923e-17 1
		outer loop
			vertex 12.773033142089844 1.962583303451538 0.09999999403953598
			vertex 12.820615768432617 1.9149999618530273 0.09999999403953598
			vertex 12.875757217407227 2 0.09999999403953597
		endloop
	endfacet
	facet normal -5.480261992504507e-17 1.9881971874959844e-16 1
		outer loop
			vertex 12.875757217407227 2 0.09999999403953597
			vertex 12.820615768432617 1.9149999618530273 0.09999999403953598
			vertex 12.838032722473145 1.8499999046325684 0.099999994039536
		endloop
	endfacet
	facet normal -1.3482230686177654e-16 2.1894438778448882e-16 1
		outer loop
			vertex 12.875757217407227 2 0.09999999403953597
			vertex 12.838032722473145 1.8499999046325684 0.099999994039536
			vertex 12.875757217407227 1.239380121231079 0.09999999403953613
		endloop
	endfacet
	facet normal -4.1759653308850894e-17 2.2469386020241935e-16 1
		outer loop
			vertex 12.875757217407227 1.239380121231079 0.09999999403953613
			vertex 12.838032722473145 1.8499999046325684 0.099999994039536
			vertex 12.820615768432617 1.7849998474121094 0.09999999403953601
		endloop
	endfacet
	facet normal 5.698036044781178e-17 2.346727285773299e-16 1
		outer loop
			vertex 12.875757217407227 1.239380121231079 0.09999999403953613
			vertex 12.820615768432617 1.7849998474121094 0.09999999403953601
			vertex 12.773033142089844 1.7374165058135986 0.09999999403953602
		endloop
	endfacet
	facet normal 0 0 1
		outer loop
			vertex 12.708033561706543 1.9800000190734863 0.09999999403953597
			vertex 12.875757217407227 2 0.09999999403953597
			vertex 12.54030990600586 2 0.09999999403953597
		endloop
	endfacet
	facet normal 0 0 1
		outer loop
			vertex 12.54030990600586 2 0.09999999403953597
			vertex 12.875757217407227 2 0.09999999403953597
			vertex 12.708033561706543 2.019999861717224 0.09999999403953597
		endloop
	endfacet
	facet normal -6.575240227001506e-17 5.514154765545806e-16 1
		outer loop
			vertex 12.54030990600586 2 0.09999999403953597
			vertex 12.708033561706543 2.019999861717224 0.09999999403953597
			vertex 12.643033027648926 2.0374165773391724 0.09999999403953595
		endloop
	endfacet
	facet normal 3.523260862342803e-17 2.229449196296302e-16 1
		outer loop
			vertex 12.875757217407227 3.1399998664855957 0.09999999403953572
			vertex 12.820615768432617 2.2149999141693115 0.09999999403953592
			vertex 12.838032722473145 2.1499998569488525 0.09999999403953594
		endloop
	endfacet
	facet normal 1.3553108411325206e-16 2.1912299104976827e-16 1
		outer loop
			vertex 12.875757217407227 3.1399998664855957 0.09999999403953572
			vertex 12.838032722473145 2.1499998569488525 0.09999999403953594
			vertex 12.875757217407227 2 0.09999999403953597
		endloop
	endfacet
	facet normal 5.480271351977055e-17 1.9882005830411287e-16 1
		outer loop
			vertex 12.875757217407227 2 0.09999999403953597
			vertex 12.838032722473145 2.1499998569488525 0.09999999403953594
			vertex 12.820615768432617 2.084999918937683 0.09999999403953595
		endloop
	endfacet
	facet normal -9.902796398685571e-17 9.902647543399213e-17 1
		outer loop
			vertex 12.875757217407227 2 0.09999999403953597
			vertex 12.820615768432617 2.084999918937683 0.09999999403953595
			vertex 12.773033142089844 2.0374165773391724 0.09999999403953595
		endloop
	endfacet
	facet normal -3.5232719517077274e-17 2.2294494934390545e-16 1
		outer loop
			vertex 12.595450401306152 2.2149999141693115 0.09999999403953592
			vertex 12.54030990600586 3.1399998664855957 0.09999999403953572
			vertex 12.578033447265625 2.1499998569488525 0.09999999403953594
		endloop
	endfacet
	facet normal -1.355345104223863e-16 2.1912299104976827e-16 1
		outer loop
			vertex 12.578033447265625 2.1499998569488525 0.09999999403953594
			vertex 12.54030990600586 3.1399998664855957 0.09999999403953572
			vertex 12.54030990600586 2 0.09999999403953597
		endloop
	endfacet
	facet normal -5.480338428824991e-17 1.9881987856942182e-16 1
		outer loop
			vertex 12.578033447265625 2.1499998569488525 0.09999999403953594
			vertex 12.54030990600586 2 0.09999999403953597
			vertex 12.595450401306152 2.084999918937683 0.09999999403953595
		endloop
	endfacet
	facet normal 9.902863789157772e-17 9.902714932858425e-17 1
		outer loop
			vertex 12.595450401306152 2.084999918937683 0.09999999403953595
			vertex 12.54030990600586 2 0.09999999403953597
			vertex 12.643033027648926 2.0374165773391724 0.09999999403953595
		endloop
	endfacet
	facet normal 6.286074433127621e-17 2.287924330856885e-16 1
		outer loop
			vertex 12.595450401306152 2.2149999141693115 0.09999999403953592
			vertex 12.643033027648926 2.2625832557678223 0.09999999403953591
			vertex 12.54030990600586 3.1399998664855957 0.09999999403953572
		endloop
	endfacet
	facet normal -5.752774539842302e-17 2.1469800938334677e-16 1
		outer loop
			vertex 12.54030990600586 3.1399998664855957 0.09999999403953572
			vertex 12.643033027648926 2.2625832557678223 0.09999999403953591
			vertex 12.708033561706543 2.2799999713897705 0.09999999403953591
		endloop
	endfacet
	facet normal 0 2.259175034989438e-16 1
		outer loop
			vertex 12.54030990600586 3.1399998664855957 0.09999999403953572
			vertex 12.708033561706543 2.2799999713897705 0.09999999403953591
			vertex 12.875757217407227 3.1399998664855957 0.09999999403953572
		endloop
	endfacet
	facet normal 5.752854752832903e-17 2.1469785294593213e-16 1
		outer loop
			vertex 12.875757217407227 3.1399998664855957 0.09999999403953572
			vertex 12.708033561706543 2.2799999713897705 0.09999999403953591
			vertex 12.773033142089844 2.2625832557678223 0.09999999403953591
		endloop
	endfacet
	facet normal -6.286068316711384e-17 2.287924942489315e-16 1
		outer loop
			vertex 12.875757217407227 3.1399998664855957 0.09999999403953572
			vertex 12.773033142089844 2.2625832557678223 0.09999999403953591
			vertex 12.820615768432617 2.2149999141693115 0.09999999403953592
		endloop
	endfacet
	facet normal 5.660339194938696e-17 2.1124515120090718e-16 1
		outer loop
			vertex 12.307585716247559 1.7374165058135986 0.09999999403953602
			vertex 12.204861640930176 1.239380121231079 0.09999999403953613
			vertex 12.37258529663086 1.7199997901916504 0.09999999403953602
		endloop
	endfacet
	facet normal 0 2.309982500354633e-16 1
		outer loop
			vertex 12.37258529663086 1.7199997901916504 0.09999999403953602
			vertex 12.204861640930176 1.239380121231079 0.09999999403953613
			vertex 12.54030990600586 1.239380121231079 0.09999999403953613
		endloop
	endfacet
	facet normal -5.660260496966211e-17 2.1124531352190828e-16 1
		outer loop
			vertex 12.37258529663086 1.7199997901916504 0.09999999403953602
			vertex 12.54030990600586 1.239380121231079 0.09999999403953613
			vertex 12.437585830688477 1.7374165058135986 0.09999999403953602
		endloop
	endfacet
	facet normal 6.575297059235636e-17 5.51416955918666e-16 1
		outer loop
			vertex 12.204861640930176 2 0.09999999403953597
			vertex 12.307585716247559 1.962583303451538 0.09999999403953598
			vertex 12.37258529663086 1.9800000190734863 0.09999999403953597
		endloop
	endfacet
	facet normal -5.697941371317132e-17 2.346725333055716e-16 1
		outer loop
			vertex 12.307585716247559 1.7374165058135986 0.09999999403953602
			vertex 12.260002136230469 1.7849998474121094 0.09999999403953601
			vertex 12.204861640930176 1.239380121231079 0.09999999403953613
		endloop
	endfacet
	facet normal 4.17598511082637e-17 2.2469391320334626e-16 1
		outer loop
			vertex 12.204861640930176 1.239380121231079 0.09999999403953613
			vertex 12.260002136230469 1.7849998474121094 0.09999999403953601
			vertex 12.242585182189941 1.8499999046325684 0.099999994039536
		endloop
	endfacet
	facet normal 1.3482571525258608e-16 2.189443877844888e-16 1
		outer loop
			vertex 12.204861640930176 1.239380121231079 0.09999999403953613
			vertex 12.242585182189941 1.8499999046325684 0.099999994039536
			vertex 12.204861640930176 2 0.09999999403953597
		endloop
	endfacet
	facet normal 5.4803290692463456e-17 1.988195390155213e-16 1
		outer loop
			vertex 12.204861640930176 2 0.09999999403953597
			vertex 12.242585182189941 1.8499999046325684 0.099999994039536
			vertex 12.260002136230469 1.9149999618530273 0.09999999403953598
		endloop
	endfacet
	facet normal -9.902734983961488e-17 9.902784602082553e-17 1
		outer loop
			vertex 12.204861640930176 2 0.09999999403953597
			vertex 12.260002136230469 1.9149999618530273 0.09999999403953598
			vertex 12.307585716247559 1.962583303451538 0.09999999403953598
		endloop
	endfacet
	facet normal -6.575241476132487e-17 5.514154299360431e-16 1
		outer loop
			vertex 12.37258529663086 1.9800000190734863 0.09999999403953597
			vertex 12.437585830688477 1.962583303451538 0.09999999403953598
			vertex 12.54030990600586 2 0.09999999403953597
		endloop
	endfacet
	facet normal 9.90278797506766e-17 9.902639119907923e-17 1
		outer loop
			vertex 12.437585830688477 1.962583303451538 0.09999999403953598
			vertex 12.48516845703125 1.9149999618530273 0.09999999403953598
			vertex 12.54030990600586 2 0.09999999403953597
		endloop
	endfacet
	facet normal -5.480261992504507e-17 1.9881971874959844e-16 1
		outer loop
			vertex 12.54030990600586 2 0.09999999403953597
			vertex 12.48516845703125 1.9149999618530273 0.09999999403953598
			vertex 12.502585411071777 1.8499999046325684 0.099999994039536
		endloop
	endfacet
	facet normal -1.3482230686177654e-16 2.1894438778448882e-16 1
		outer loop
			vertex 12.54030990600586 2 0.09999999403953597
			vertex 12.502585411071777 1.8499999046325684 0.099999994039536
			vertex 12.54030990600586 1.239380121231079 0.09999999403953613
		endloop
	endfacet
	facet normal -4.1759653308850894e-17 2.2469386020241935e-16 1
		outer loop
			vertex 12.54030990600586 1.239380121231079 0.09999999403953613
			vertex 12.502585411071777 1.8499999046325684 0.099999994039536
			vertex 12.48516845703125 1.7849998474121094 0.09999999403953601
		endloop
	endfacet
	facet normal 5.698036044781178e-17 2.346727285773299e-16 1
		outer loop
			vertex 12.54030990600586 1.239380121231079 0.09999999403953613
			vertex 12.48516845703125 1.7849998474121094 0.09999999403953601
			vertex 12.437585830688477 1.7374165058135986 0.09999999403953602
		endloop
	endfacet
	facet normal 0 0 1
		outer loop
			vertex 12.37258529663086 1.9800000190734863 0.09999999403953597
			vertex 12.54030990600586 2 0.09999999403953597
			vertex 12.204861640930176 2 0.09999999403953597
		endloop
	endfacet
	facet normal 0 0 1
		outer loop
			vertex 12.204861640930176 2 0.09999999403953597
			vertex 12.54030990600586 2 0.09999999403953597
			vertex 12.37258529663086 2.019999861717224 0.09999999403953597
		endloop
	endfacet
	facet normal -6.575269937165916e-17 5.514179681205009e-16 1
		outer loop
			vertex 12.204861640930176 2 0.09999999403953597
			vertex 12.37258529663086 2.019999861717224 0.09999999403953597
			vertex 12.307585716247559 2.0374165773391724 0.09999999403953595
		endloop
	endfacet
	facet normal 3.523260862342803e-17 2.229449196296302e-16 1
		outer loop
			vertex 12.54030990600586 3.1399998664855957 0.09999999403953572
			vertex 12.48516845703125 2.2149999141693115 0.09999999403953592
			vertex 12.502585411071777 2.1499998569488525 0.09999999403953594
		endloop
	endfacet
	facet normal 1.3553108411325206e-16 2.1912299104976827e-16 1
		outer loop
			vertex 12.54030990600586 3.1399998664855957 0.09999999403953572
			vertex 12.502585411071777 2.1499998569488525 0.09999999403953594
			vertex 12.54030990600586 2 0.09999999403953597
		endloop
	endfacet
	facet normal 5.480271351977055e-17 1.9882005830411287e-16 1
		outer loop
			vertex 12.54030990600586 2 0.09999999403953597
			vertex 12.502585411071777 2.1499998569488525 0.09999999403953594
			vertex 12.48516845703125 2.084999918937683 0.09999999403953595
		endloop
	endfacet
	facet normal -9.902796398685571e-17 9.902647543399213e-17 1
		outer loop
			vertex 12.54030990600586 2 0.09999999403953597
			vertex 12.48516845703125 2.084999918937683 0.09999999403953595
			vertex 12.437585830688477 2.0374165773391724 0.09999999403953595
		endloop
	endfacet
	facet normal -3.5232719517077274e-17 2.2294494934390545e-16 1
		outer loop
			vertex 12.260002136230469 2.2149999141693115 0.09999999403953592
			vertex 12.204861640930176 3.1399998664855957 0.09999999403953572
			vertex 12.242585182189941 2.1499998569488525 0.09999999403953594
		endloop
	endfacet
	facet normal -1.355345104223863e-16 2.1912299104976827e-16 1
		outer loop
			vertex 12.242585182189941 2.1499998569488525 0.09999999403953594
			vertex 12.204861640930176 3.1399998664855957 0.09999999403953572
			vertex 12.204861640930176 2 0.09999999403953597
		endloop
	endfacet
	facet normal -5.480338428824991e-17 1.9881987856942182e-16 1
		outer loop
			vertex 12.242585182189941 2.1499998569488525 0.09999999403953594
			vertex 12.204861640930176 2 0.09999999403953597
			vertex 12.260002136230469 2.084999918937683 0.09999999403953595
		endloop
	endfacet
	facet normal 9.902743407658078e-17 9.90279302582135e-17 1
		outer loop
			vertex 12.260002136230469 2.084999918937683 0.09999999403953595
			vertex 12.204861640930176 2 0.09999999403953597
			vertex 12.307585716247559 2.0374165773391724 0.09999999403953595
		endloop
	endfacet
	facet normal 6.285955534726827e-17 2.2879236220874746e-16 1
		outer loop
			vertex 12.260002136230469 2.2149999141693115 0.09999999403953592
			vertex 12.307585716247559 2.2625832557678223 0.09999999403953591
			vertex 12.204861640930176 3.1399998664855957 0.09999999403953572
		endloop
	endfacet
	facet normal -5.752854752832903e-17 2.1469785294593213e-16 1
		outer loop
			vertex 12.204861640930176 3.1399998664855957 0.09999999403953572
			vertex 12.307585716247559 2.2625832557678223 0.09999999403953591
			vertex 12.37258529663086 2.2799999713897705 0.09999999403953591
		endloop
	endfacet
	facet normal 0 2.259175034989438e-16 1
		outer loop
			vertex 12.204861640930176 3.1399998664855957 0.09999999403953572
			vertex 12.37258529663086 2.2799999713897705 0.09999999403953591
			vertex 12.54030990600586 3.1399998664855957 0.09999999403953572
		endloop
	endfacet
	facet normal 5.752772915392136e-17 2.1469794875760616e-16 1
		outer loop
			vertex 12.54030990600586 3.1399998664855957 0.09999999403953572
			vertex 12.37258529663086 2.2799999713897705 0.09999999403953591
			vertex 12.437585830688477 2.2625832557678223 0.09999999403953591
		endloop
	endfacet
	facet normal -6.286068316711384e-17 2.287924942489315e-16 1
		outer loop
			vertex 12.54030990600586 3.1399998664855957 0.09999999403953572
			vertex 12.437585830688477 2.2625832557678223 0.09999999403953591
			vertex 12.48516845703125 2.2149999141693115 0.09999999403953592
		endloop
	endfacet
	facet normal 5.660260496966211e-17 2.1124531352190828e-16 1
		outer loop
			vertex 11.972137451171875 1.7374165058135986 0.09999999403953602
			vertex 11.869413375854492 1.239380121231079 0.09999999403953613
			vertex 12.037137985229492 1.7199997901916504 0.09999999403953602
		endloop
	endfacet
	facet normal 0 2.309982500354633e-16 1
		outer loop
			vertex 12.037137985229492 1.7199997901916504 0.09999999403953602
			vertex 11.869413375854492 1.239380121231079 0.09999999403953613
			vertex 12.204861640930176 1.239380121231079 0.09999999403953613
		endloop
	endfacet
	facet normal -5.660339194938696e-17 2.1124515120090718e-16 1
		outer loop
			vertex 12.037137985229492 1.7199997901916504 0.09999999403953602
			vertex 12.204861640930176 1.239380121231079 0.09999999403953613
			vertex 12.102137565612793 1.7374165058135986 0.09999999403953602
		endloop
	endfacet
	facet normal -6.575297059235636e-17 5.51416955918666e-16 1
		outer loop
			vertex 12.037137985229492 1.9800000190734863 0.09999999403953597
			vertex 12.102137565612793 1.962583303451538 0.09999999403953598
			vertex 12.204861640930176 2 0.09999999403953597
		endloop
	endfacet
	facet normal -5.698036044781178e-17 2.346727285773299e-16 1
		outer loop
			vertex 11.972137451171875 1.7374165058135986 0.09999999403953602
			vertex 11.924554824829102 1.7849998474121094 0.09999999403953601
			vertex 11.869413375854492 1.239380121231079 0.09999999403953613
		endloop
	endfacet
	facet normal 4.1759653308850894e-17 2.2469386020241935e-16 1
		outer loop
			vertex 11.869413375854492 1.239380121231079 0.09999999403953613
			vertex 11.924554824829102 1.7849998474121094 0.09999999403953601
			vertex 11.907137870788574 1.8499999046325684 0.099999994039536
		endloop
	endfacet
	facet normal 1.3482230686177654e-16 2.1894438778448882e-16 1
		outer loop
			vertex 11.869413375854492 1.239380121231079 0.09999999403953613
			vertex 11.907137870788574 1.8499999046325684 0.099999994039536
			vertex 11.869413375854492 2 0.09999999403953597
		endloop
	endfacet
	facet normal 5.480261992504507e-17 1.9881971874959844e-16 1
		outer loop
			vertex 11.869413375854492 2 0.09999999403953597
			vertex 11.907137870788574 1.8499999046325684 0.099999994039536
			vertex 11.924554824829102 1.9149999618530273 0.09999999403953598
		endloop
	endfacet
	facet normal -9.90278797506766e-17 9.902639119907923e-17 1
		outer loop
			vertex 11.869413375854492 2 0.09999999403953597
			vertex 11.924554824829102 1.9149999618530273 0.09999999403953598
			vertex 11.972137451171875 1.962583303451538 0.09999999403953598
		endloop
	endfacet
	facet normal 9.902734983961488e-17 9.902784602082553e-17 1
		outer loop
			vertex 12.102137565612793 1.962583303451538 0.09999999403953598
			vertex 12.149721145629883 1.9149999618530273 0.09999999403953598
			vertex 12.204861640930176 2 0.09999999403953597
		endloop
	endfacet
	facet normal -5.4803290692463456e-17 1.988195390155213e-16 1
		outer loop
			vertex 12.204861640930176 2 0.09999999403953597
			vertex 12.149721145629883 1.9149999618530273 0.09999999403953598
			vertex 12.16713809967041 1.8499999046325684 0.099999994039536
		endloop
	endfacet
	facet normal -1.3482571525258608e-16 2.189443877844888e-16 1
		outer loop
			vertex 12.204861640930176 2 0.09999999403953597
			vertex 12.16713809967041 1.8499999046325684 0.099999994039536
			vertex 12.204861640930176 1.239380121231079 0.09999999403953613
		endloop
	endfacet
	facet normal -4.17598511082637e-17 2.2469391320334626e-16 1
		outer loop
			vertex 12.204861640930176 1.239380121231079 0.09999999403953613
			vertex 12.16713809967041 1.8499999046325684 0.099999994039536
			vertex 12.149721145629883 1.7849998474121094 0.09999999403953601
		endloop
	endfacet
	facet normal 5.697941371317132e-17 2.346725333055716e-16 1
		outer loop
			vertex 12.204861640930176 1.239380121231079 0.09999999403953613
			vertex 12.149721145629883 1.7849998474121094 0.09999999403953601
			vertex 12.102137565612793 1.7374165058135986 0.09999999403953602
		endloop
	endfacet
	facet normal -6.575214354367096e-17 5.514164421413712e-16 1
		outer loop
			vertex 11.869413375854492 2 0.09999999403953597
			vertex 12.037137985229492 2.019999861717224 0.09999999403953597
			vertex 11.972137451171875 2.0374165773391724 0.09999999403953595
		endloop
	endfacet
	facet normal 6.575241476132487e-17 5.514154299360431e-16 1
		outer loop
			vertex 11.972137451171875 1.962583303451538 0.09999999403953598
			vertex 12.037137985229492 1.9800000190734863 0.09999999403953597
			vertex 11.869413375854492 2 0.09999999403953597
		endloop
	endfacet
	facet normal 0 0 1
		outer loop
			vertex 11.869413375854492 2 0.09999999403953597
			vertex 12.037137985229492 1.9800000190734863 0.09999999403953597
			vertex 12.204861640930176 2 0.09999999403953597
		endloop
	endfacet
	facet normal 0 0 1
		outer loop
			vertex 11.869413375854492 2 0.09999999403953597
			vertex 12.204861640930176 2 0.09999999403953597
			vertex 12.037137985229492 2.019999861717224 0.09999999403953597
		endloop
	endfacet
	facet normal 6.575269937165916e-17 5.514179681205009e-16 1
		outer loop
			vertex 12.037137985229492 2.019999861717224 0.09999999403953597
			vertex 12.204861640930176 2 0.09999999403953597
			vertex 12.102137565612793 2.0374165773391724 0.09999999403953595
		endloop
	endfacet
	facet normal 5.752854752832903e-17 2.1469785294593213e-16 1
		outer loop
			vertex 12.102137565612793 2.2625832557678223 0.09999999403953591
			vertex 12.204861640930176 3.1399998664855957 0.09999999403953572
			vertex 12.037137985229492 2.2799999713897705 0.09999999403953591
		endloop
	endfacet
	facet normal 0 2.259175034989438e-16 1
		outer loop
			vertex 12.037137985229492 2.2799999713897705 0.09999999403953591
			vertex 12.204861640930176 3.1399998664855957 0.09999999403953572
			vertex 11.869413375854492 3.1399998664855957 0.09999999403953572
		endloop
	endfacet
	facet normal -5.752772915392136e-17 2.1469794875760616e-16 1
		outer loop
			vertex 12.037137985229492 2.2799999713897705 0.09999999403953591
			vertex 11.869413375854492 3.1399998664855957 0.09999999403953572
			vertex 11.972137451171875 2.2625832557678223 0.09999999403953591
		endloop
	endfacet
	facet normal 9.902796398685571e-17 9.902647543399213e-17 1
		outer loop
			vertex 11.972137451171875 2.0374165773391724 0.09999999403953595
			vertex 11.924554824829102 2.084999918937683 0.09999999403953595
			vertex 11.869413375854492 2 0.09999999403953597
		endloop
	endfacet
	facet normal -5.480271351977055e-17 1.9882005830411287e-16 1
		outer loop
			vertex 11.869413375854492 2 0.09999999403953597
			vertex 11.924554824829102 2.084999918937683 0.09999999403953595
			vertex 11.907137870788574 2.1499998569488525 0.09999999403953594
		endloop
	endfacet
	facet normal -1.3553108411325206e-16 2.1912299104976827e-16 1
		outer loop
			vertex 11.869413375854492 2 0.09999999403953597
			vertex 11.907137870788574 2.1499998569488525 0.09999999403953594
			vertex 11.869413375854492 3.1399998664855957 0.09999999403953572
		endloop
	endfacet
	facet normal -3.523260862342803e-17 2.229449196296302e-16 1
		outer loop
			vertex 11.869413375854492 3.1399998664855957 0.09999999403953572
			vertex 11.907137870788574 2.1499998569488525 0.09999999403953594
			vertex 11.924554824829102 2.2149999141693115 0.09999999403953592
		endloop
	endfacet
	facet normal 6.286068316711384e-17 2.287924942489315e-16 1
		outer loop
			vertex 11.869413375854492 3.1399998664855957 0.09999999403953572
			vertex 11.924554824829102 2.2149999141693115 0.09999999403953592
			vertex 11.972137451171875 2.2625832557678223 0.09999999403953591
		endloop
	endfacet
	facet normal -6.285955534726827e-17 2.2879236220874746e-16 1
		outer loop
			vertex 12.102137565612793 2.2625832557678223 0.09999999403953591
			vertex 12.149721145629883 2.2149999141693115 0.09999999403953592
			vertex 12.204861640930176 3.1399998664855957 0.09999999403953572
		endloop
	endfacet
	facet normal 3.5232719517077274e-17 2.2294494934390545e-16 1
		outer loop
			vertex 12.204861640930176 3.1399998664855957 0.09999999403953572
			vertex 12.149721145629883 2.2149999141693115 0.09999999403953592
			vertex 12.16713809967041 2.1499998569488525 0.09999999403953594
		endloop
	endfacet
	facet normal 1.355345104223863e-16 2.1912299104976827e-16 1
		outer loop
			vertex 12.204861640930176 3.1399998664855957 0.09999999403953572
			vertex 12.16713809967041 2.1499998569488525 0.09999999403953594
			vertex 12.204861640930176 2 0.09999999403953597
		endloop
	endfacet
	facet normal 5.480338428824991e-17 1.9881987856942182e-16 1
		outer loop
			vertex 12.204861640930176 2 0.09999999403953597
			vertex 12.16713809967041 2.1499998569488525 0.09999999403953594
			vertex 12.149721145629883 2.084999918937683 0.09999999403953595
		endloop
	endfacet
	facet normal -9.902743407658078e-17 9.90279302582135e-17 1
		outer loop
			vertex 12.204861640930176 2 0.09999999403953597
			vertex 12.149721145629883 2.084999918937683 0.09999999403953595
			vertex 12.102137565612793 2.0374165773391724 0.09999999403953595
		endloop
	endfacet
	facet normal 5.660339194938696e-17 2.1124515120090718e-16 1
		outer loop
			vertex 11.636690139770508 1.7374165058135986 0.09999999403953602
			vertex 11.533966064453125 1.239380121231079 0.09999999403953613
			vertex 11.701689720153809 1.7199997901916504 0.09999999403953602
		endloop
	endfacet
	facet normal 0 2.309982500354633e-16 1
		outer loop
			vertex 11.701689720153809 1.7199997901916504 0.09999999403953602
			vertex 11.533966064453125 1.239380121231079 0.09999999403953613
			vertex 11.869413375854492 1.239380121231079 0.09999999403953613
		endloop
	endfacet
	facet normal -5.660263249057943e-17 2.1124541623210705e-16 1
		outer loop
			vertex 11.701689720153809 1.7199997901916504 0.09999999403953602
			vertex 11.869413375854492 1.239380121231079 0.09999999403953613
			vertex 11.766690254211426 1.7374165058135986 0.09999999403953602
		endloop
	endfacet
	facet normal 6.575297059235636e-17 5.51416955918666e-16 1
		outer loop
			vertex 11.533966064453125 2 0.09999999403953597
			vertex 11.636690139770508 1.962583303451538 0.09999999403953598
			vertex 11.701689720153809 1.9800000190734863 0.09999999403953597
		endloop
	endfacet
	facet normal -5.697941371317132e-17 2.346725333055716e-16 1
		outer loop
			vertex 11.636690139770508 1.7374165058135986 0.09999999403953602
			vertex 11.589106559753418 1.7849998474121094 0.09999999403953601
			vertex 11.533966064453125 1.239380121231079 0.09999999403953613
		endloop
	endfacet
	facet normal 4.1761511538553503e-17 2.2469374539975667e-16 1
		outer loop
			vertex 11.533966064453125 1.239380121231079 0.09999999403953613
			vertex 11.589106559753418 1.7849998474121094 0.09999999403953601
			vertex 11.571690559387207 1.8499999046325684 0.099999994039536
		endloop
	endfacet
	facet normal 1.3482230686177654e-16 2.1894438778448882e-16 1
		outer loop
			vertex 11.533966064453125 1.239380121231079 0.09999999403953613
			vertex 11.571690559387207 1.8499999046325684 0.099999994039536
			vertex 11.533966064453125 2 0.09999999403953597
		endloop
	endfacet
	facet normal 5.480416787425432e-17 1.9882010805336492e-16 1
		outer loop
			vertex 11.533966064453125 2 0.09999999403953597
			vertex 11.571690559387207 1.8499999046325684 0.099999994039536
			vertex 11.589106559753418 1.9149999618530273 0.09999999403953598
		endloop
	endfacet
	facet normal -9.902734983961488e-17 9.902784602082553e-17 1
		outer loop
			vertex 11.533966064453125 2 0.09999999403953597
			vertex 11.589106559753418 1.9149999618530273 0.09999999403953598
			vertex 11.636690139770508 1.962583303451538 0.09999999403953598
		endloop
	endfacet
	facet normal -6.575267348826123e-17 5.514144643470421e-16 1
		outer loop
			vertex 11.701689720153809 1.9800000190734863 0.09999999403953597
			vertex 11.766690254211426 1.962583303451538 0.09999999403953598
			vertex 11.869413375854492 2 0.09999999403953597
		endloop
	endfacet
	facet normal 9.902802373597814e-17 9.902851992056537e-17 1
		outer loop
			vertex 11.766690254211426 1.962583303451538 0.09999999403953598
			vertex 11.814273834228516 1.9149999618530273 0.09999999403953598
			vertex 11.869413375854492 2 0.09999999403953597
		endloop
	endfacet
	facet normal -5.480396147630203e-17 1.9881935927704432e-16 1
		outer loop
			vertex 11.869413375854492 2 0.09999999403953597
			vertex 11.814273834228516 1.9149999618530273 0.09999999403953598
			vertex 11.831690788269043 1.8499999046325684 0.099999994039536
		endloop
	endfacet
	facet normal -1.348291238157324e-16 2.1894438778448882e-16 1
		outer loop
			vertex 11.869413375854492 2 0.09999999403953597
			vertex 11.831690788269043 1.8499999046325684 0.099999994039536
			vertex 11.869413375854492 1.239380121231079 0.09999999403953613
		endloop
	endfacet
	facet normal -4.1760048909550326e-17 2.246939662047753e-16 1
		outer loop
			vertex 11.869413375854492 1.239380121231079 0.09999999403953613
			vertex 11.831690788269043 1.8499999046325684 0.099999994039536
			vertex 11.814273834228516 1.7849998474121094 0.09999999403953601
		endloop
	endfacet
	facet normal 5.697950416463675e-17 2.34672442853653e-16 1
		outer loop
			vertex 11.869413375854492 1.239380121231079 0.09999999403953613
			vertex 11.814273834228516 1.7849998474121094 0.09999999403953601
			vertex 11.766690254211426 1.7374165058135986 0.09999999403953602
		endloop
	endfacet
	facet normal 0 0 1
		outer loop
			vertex 11.701689720153809 1.9800000190734863 0.09999999403953597
			vertex 11.869413375854492 2 0.09999999403953597
			vertex 11.533966064453125 2 0.09999999403953597
		endloop
	endfacet
	facet normal 0 0 1
		outer loop
			vertex 11.533966064453125 2 0.09999999403953597
			vertex 11.869413375854492 2 0.09999999403953597
			vertex 11.701689720153809 2.019999861717224 0.09999999403953597
		endloop
	endfacet
	facet normal -6.575269937165916e-17 5.514179681205009e-16 1
		outer loop
			vertex 11.533966064453125 2 0.09999999403953597
			vertex 11.701689720153809 2.019999861717224 0.09999999403953597
			vertex 11.636690139770508 2.0374165773391724 0.09999999403953595
		endloop
	endfacet
	facet normal 3.523283041142459e-17 2.229449790583677e-16 1
		outer loop
			vertex 11.869413375854492 3.1399998664855957 0.09999999403953572
			vertex 11.814273834228516 2.2149999141693115 0.09999999403953592
			vertex 11.831690788269043 2.1499998569488525 0.09999999403953594
		endloop
	endfacet
	facet normal 1.355379369047633e-16 2.1912299104976827e-16 1
		outer loop
			vertex 11.869413375854492 3.1399998664855957 0.09999999403953572
			vertex 11.831690788269043 2.1499998569488525 0.09999999403953594
			vertex 11.869413375854492 2 0.09999999403953597
		endloop
	endfacet
	facet normal 5.4804055073149465e-17 1.988196988303309e-16 1
		outer loop
			vertex 11.869413375854492 2 0.09999999403953597
			vertex 11.831690788269043 2.1499998569488525 0.09999999403953594
			vertex 11.814273834228516 2.084999918937683 0.09999999403953595
		endloop
	endfacet
	facet normal -9.90281079740905e-17 9.902860415909982e-17 1
		outer loop
			vertex 11.869413375854492 2 0.09999999403953597
			vertex 11.814273834228516 2.084999918937683 0.09999999403953595
			vertex 11.766690254211426 2.0374165773391724 0.09999999403953595
		endloop
	endfacet
	facet normal -3.523429769319317e-17 2.2294485526669764e-16 1
		outer loop
			vertex 11.589106559753418 2.2149999141693115 0.09999999403953592
			vertex 11.533966064453125 3.1399998664855957 0.09999999403953572
			vertex 11.571690559387207 2.1499998569488525 0.09999999403953594
		endloop
	endfacet
	facet normal -1.3553108411325206e-16 2.1912299104976827e-16 1
		outer loop
			vertex 11.571690559387207 2.1499998569488525 0.09999999403953594
			vertex 11.533966064453125 3.1399998664855957 0.09999999403953572
			vertex 11.533966064453125 2 0.09999999403953597
		endloop
	endfacet
	facet normal -5.480426147180674e-17 1.9882044760920908e-16 1
		outer loop
			vertex 11.571690559387207 2.1499998569488525 0.09999999403953594
			vertex 11.533966064453125 2 0.09999999403953597
			vertex 11.589106559753418 2.084999918937683 0.09999999403953595
		endloop
	endfacet
	facet normal 9.902743407658078e-17 9.90279302582135e-17 1
		outer loop
			vertex 11.589106559753418 2.084999918937683 0.09999999403953595
			vertex 11.533966064453125 2 0.09999999403953597
			vertex 11.636690139770508 2.0374165773391724 0.09999999403953595
		endloop
	endfacet
	facet normal 6.285955534726827e-17 2.2879236220874746e-16 1
		outer loop
			vertex 11.589106559753418 2.2149999141693115 0.09999999403953592
			vertex 11.636690139770508 2.2625832557678223 0.09999999403953591
			vertex 11.533966064453125 3.1399998664855957 0.09999999403953572
		endloop
	endfacet
	facet normal -5.752854752832903e-17 2.1469785294593213e-16 1
		outer loop
			vertex 11.533966064453125 3.1399998664855957 0.09999999403953572
			vertex 11.636690139770508 2.2625832557678223 0.09999999403953591
			vertex 11.701689720153809 2.2799999713897705 0.09999999403953591
		endloop
	endfacet
	facet normal 0 2.259175034989438e-16 1
		outer loop
			vertex 11.533966064453125 3.1399998664855957 0.09999999403953572
			vertex 11.701689720153809 2.2799999713897705 0.09999999403953591
			vertex 11.869413375854492 3.1399998664855957 0.09999999403953572
		endloop
	endfacet
	facet normal 5.752774539842302e-17 2.1469800938334677e-16 1
		outer loop
			vertex 11.869413375854492 3.1399998664855957 0.09999999403953572
			vertex 11.701689720153809 2.2799999713897705 0.09999999403953591
			vertex 11.766690254211426 2.2625832557678223 0.09999999403953591
		endloop
	endfacet
	facet normal -6.285961650923591e-17 2.2879230104647334e-16 1
		outer loop
			vertex 11.869413375854492 3.1399998664855957 0.09999999403953572
			vertex 11.766690254211426 2.2625832557678223 0.09999999403953591
			vertex 11.814273834228516 2.2149999141693115 0.09999999403953592
		endloop
	endfacet
	facet normal 0 2.309982500354633e-16 1
		outer loop
			vertex 11.533966064453125 1.239380121231079 0.09999999403953613
			vertex 11.366242408752441 1.7199997901916504 0.09999999403953602
			vertex 11.186243057250977 1.239380121231079 0.09999999403953613
		endloop
	endfacet
	facet normal 5.62513364037763e-17 2.099312718660761e-16 1
		outer loop
			vertex 11.186243057250977 1.239380121231079 0.09999999403953613
			vertex 11.366242408752441 1.7199997901916504 0.09999999403953602
			vertex 11.30124282836914 1.7374165058135986 0.09999999403953602
		endloop
	endfacet
	facet normal -5.583843842824568e-17 2.3581351430740777e-16 1
		outer loop
			vertex 11.186243057250977 1.239380121231079 0.09999999403953613
			vertex 11.30124282836914 1.7374165058135986 0.09999999403953602
			vertex 11.25365924835205 1.7849998474121094 0.09999999403953601
		endloop
	endfacet
	facet normal 4.734423614414223e-17 2.008182143368871e-16 1
		outer loop
			vertex 11.186243057250977 2 0.09999999403953597
			vertex 11.236242294311523 1.8499999046325684 0.099999994039536
			vertex 11.25365924835205 1.9149999618530273 0.09999999403953598
		endloop
	endfacet
	facet normal -9.105164914316429e-17 9.105210536175013e-17 1
		outer loop
			vertex 11.25365924835205 1.9149999618530273 0.09999999403953598
			vertex 11.30124282836914 1.962583303451538 0.09999999403953598
			vertex 11.186243057250977 2 0.09999999403953597
		endloop
	endfacet
	facet normal 6.258314535398935e-17 5.632468160860221e-16 1
		outer loop
			vertex 11.186243057250977 2 0.09999999403953597
			vertex 11.30124282836914 1.962583303451538 0.09999999403953598
			vertex 11.366242408752441 1.9800000190734863 0.09999999403953597
		endloop
	endfacet
	facet normal 0 0 1
		outer loop
			vertex 11.186243057250977 2 0.09999999403953597
			vertex 11.366242408752441 1.9800000190734863 0.09999999403953597
			vertex 11.533966064453125 2 0.09999999403953597
		endloop
	endfacet
	facet normal -6.575297059235636e-17 5.51416955918666e-16 1
		outer loop
			vertex 11.533966064453125 2 0.09999999403953597
			vertex 11.366242408752441 1.9800000190734863 0.09999999403953597
			vertex 11.431241989135742 1.962583303451538 0.09999999403953598
		endloop
	endfacet
	facet normal 9.90268199342244e-17 9.902930082700205e-17 1
		outer loop
			vertex 11.431241989135742 1.962583303451538 0.09999999403953598
			vertex 11.478826522827148 1.9149999618530273 0.09999999403953598
			vertex 11.533966064453125 2 0.09999999403953597
		endloop
	endfacet
	facet normal -5.4804838679566334e-17 1.9881992831897607e-16 1
		outer loop
			vertex 11.533966064453125 2 0.09999999403953597
			vertex 11.478826522827148 1.9149999618530273 0.09999999403953598
			vertex 11.49624252319336 1.8499999046325684 0.099999994039536
		endloop
	endfacet
	facet normal -1.3482571525258608e-16 2.189443877844888e-16 1
		outer loop
			vertex 11.533966064453125 2 0.09999999403953597
			vertex 11.49624252319336 1.8499999046325684 0.099999994039536
			vertex 11.533966064453125 1.239380121231079 0.09999999403953613
		endloop
	endfacet
	facet normal -4.1761709355570196e-17 2.246937984024983e-16 1
		outer loop
			vertex 11.533966064453125 1.239380121231079 0.09999999403953613
			vertex 11.49624252319336 1.8499999046325684 0.099999994039536
			vertex 11.478826522827148 1.7849998474121094 0.09999999403953601
		endloop
	endfacet
	facet normal 5.697846700999054e-17 2.346723380403021e-16 1
		outer loop
			vertex 11.533966064453125 1.239380121231079 0.09999999403953613
			vertex 11.478826522827148 1.7849998474121094 0.09999999403953601
			vertex 11.431241989135742 1.7374165058135986 0.09999999403953602
		endloop
	endfacet
	facet normal 9.105172035759469e-17 9.105217657653735e-17 1
		outer loop
			vertex 11.30124282836914 2.0374165773391724 0.09999999403953595
			vertex 11.25365924835205 2.084999918937683 0.09999999403953595
			vertex 11.186243057250977 2 0.09999999403953597
		endloop
	endfacet
	facet normal -6.258288167020262e-17 5.632478001599349e-16 1
		outer loop
			vertex 11.30124282836914 2.0374165773391724 0.09999999403953595
			vertex 11.186243057250977 2 0.09999999403953597
			vertex 11.366242408752441 2.019999861717224 0.09999999403953597
		endloop
	endfacet
	facet normal 0 0 1
		outer loop
			vertex 11.366242408752441 2.019999861717224 0.09999999403953597
			vertex 11.186243057250977 2 0.09999999403953597
			vertex 11.533966064453125 2 0.09999999403953597
		endloop
	endfacet
	facet normal 6.575269937165916e-17 5.514179681205009e-16 1
		outer loop
			vertex 11.366242408752441 2.019999861717224 0.09999999403953597
			vertex 11.533966064453125 2 0.09999999403953597
			vertex 11.431241989135742 2.0374165773391724 0.09999999403953595
		endloop
	endfacet
	facet normal -3.3860871382753205e-17 2.2257735865356086e-16 1
		outer loop
			vertex 11.236242294311523 2.1499998569488525 0.09999999403953594
			vertex 11.25365924835205 2.2149999141693115 0.09999999403953592
			vertex 11.186243057250977 3.1399998664855957 0.09999999403953572
		endloop
	endfacet
	facet normal 6.208201743533964e-17 2.2956990401656647e-16 1
		outer loop
			vertex 11.186243057250977 3.1399998664855957 0.09999999403953572
			vertex 11.25365924835205 2.2149999141693115 0.09999999403953592
			vertex 11.30124282836914 2.2625832557678223 0.09999999403953591
		endloop
	endfacet
	facet normal 0 2.214330421103649e-16 1
		outer loop
			vertex 11.186243057250977 3.1399998664855957 0.09999999403953572
			vertex 11.30124282836914 2.2625832557678223 0.09999999403953591
			vertex 11.533966064453125 3.1399998664855957 0.09999999403953572
		endloop
	endfacet
	facet normal -6.387271798491484e-17 2.383744419486573e-16 1
		outer loop
			vertex 11.533966064453125 3.1399998664855957 0.09999999403953572
			vertex 11.30124282836914 2.2625832557678223 0.09999999403953591
			vertex 11.366242408752441 2.2799999713897705 0.09999999403953591
		endloop
	endfacet
	facet normal 5.752854752832903e-17 2.1469785294593213e-16 1
		outer loop
			vertex 11.533966064453125 3.1399998664855957 0.09999999403953572
			vertex 11.366242408752441 2.2799999713897705 0.09999999403953591
			vertex 11.431241989135742 2.2625832557678223 0.09999999403953591
		endloop
	endfacet
	facet normal -6.285842756789172e-17 2.2879223017330136e-16 1
		outer loop
			vertex 11.431241989135742 2.2625832557678223 0.09999999403953591
			vertex 11.478826522827148 2.2149999141693115 0.09999999403953592
			vertex 11.533966064453125 3.1399998664855957 0.09999999403953572
		endloop
	endfacet
	facet normal 3.523440859747529e-17 2.2294488498219486e-16 1
		outer loop
			vertex 11.533966064453125 3.1399998664855957 0.09999999403953572
			vertex 11.478826522827148 2.2149999141693115 0.09999999403953592
			vertex 11.49624252319336 2.1499998569488525 0.09999999403953594
		endloop
	endfacet
	facet normal 1.355345104223863e-16 2.1912299104976827e-16 1
		outer loop
			vertex 11.533966064453125 3.1399998664855957 0.09999999403953572
			vertex 11.49624252319336 2.1499998569488525 0.09999999403953594
			vertex 11.533966064453125 2 0.09999999403953597
		endloop
	endfacet
	facet normal 5.480493227817978e-17 1.988202678742063e-16 1
		outer loop
			vertex 11.533966064453125 2 0.09999999403953597
			vertex 11.49624252319336 2.1499998569488525 0.09999999403953594
			vertex 11.478826522827148 2.084999918937683 0.09999999403953595
		endloop
	endfacet
	facet normal -9.902690417197704e-17 9.902938506686507e-17 1
		outer loop
			vertex 11.533966064453125 2 0.09999999403953597
			vertex 11.478826522827148 2.084999918937683 0.09999999403953595
			vertex 11.431241989135742 2.0374165773391724 0.09999999403953595
		endloop
	endfacet
	facet normal 3.9360078454710293e-17 2.2405088715380154e-16 1
		outer loop
			vertex 11.25365924835205 1.7849998474121094 0.09999999403953601
			vertex 11.236242294311523 1.8499999046325684 0.099999994039536
			vertex 11.186243057250977 1.239380121231079 0.09999999403953613
		endloop
	endfacet
	facet normal 1.0172362082343969e-16 2.1894438778448884e-16 1
		outer loop
			vertex 11.186243057250977 1.239380121231079 0.09999999403953613
			vertex 11.236242294311523 1.8499999046325684 0.099999994039536
			vertex 11.186243057250977 2 0.09999999403953597
		endloop
	endfacet
	facet normal 0 2.1894438778448882e-16 1
		outer loop
			vertex 11.186243057250977 1.239380121231079 0.09999999403953613
			vertex 11.186243057250977 2 0.09999999403953597
			vertex 11.136242866516113 1.239380121231079 0.09999999403953613
		endloop
	endfacet
	facet normal 0 2.1894438778448882e-16 1
		outer loop
			vertex 11.136242866516113 1.239380121231079 0.09999999403953613
			vertex 11.186243057250977 2 0.09999999403953597
			vertex 11.136242866516113 2 0.09999999403953597
		endloop
	endfacet
	facet normal -4.7344317813816056e-17 2.0081856075198214e-16 1
		outer loop
			vertex 11.25365924835205 2.084999918937683 0.09999999403953595
			vertex 11.236242294311523 2.1499998569488525 0.09999999403953594
			vertex 11.186243057250977 2 0.09999999403953597
		endloop
	endfacet
	facet normal -1.0225839426008836e-16 2.1912299104976827e-16 1
		outer loop
			vertex 11.186243057250977 2 0.09999999403953597
			vertex 11.236242294311523 2.1499998569488525 0.09999999403953594
			vertex 11.186243057250977 3.1399998664855957 0.09999999403953572
		endloop
	endfacet
	facet normal 0 2.1912299104976827e-16 1
		outer loop
			vertex 11.186243057250977 2 0.09999999403953597
			vertex 11.186243057250977 3.1399998664855957 0.09999999403953572
			vertex 11.136242866516113 2 0.09999999403953597
		endloop
	endfacet
	facet normal 0 2.1912299104976827e-16 1
		outer loop
			vertex 11.136242866516113 2 0.09999999403953597
			vertex 11.186243057250977 3.1399998664855957 0.09999999403953572
			vertex 11.136242866516113 3.1399998664855957 0.09999999403953572
		endloop
	endfacet
	facet normal 0 2.2591744086763936e-16 1
		outer loop
			vertex 13.273481369018555 3.1399998664855957 0.09999999403953572
			vertex 13.273481369018555 4 0.09999999403953552
			vertex 12.875757217407227 3.1399998664855957 0.09999999403953572
		endloop
	endfacet
	facet normal 0 2.2591744086763936e-16 1
		outer loop
			vertex 12.875757217407227 3.1399998664855957 0.09999999403953572
			vertex 13.273481369018555 4 0.09999999403953552
			vertex 12.875757217407227 4 0.09999999403953552
		endloop
	endfacet
	facet normal 0 2.2591744086763936e-16 1
		outer loop
			vertex 12.875757217407227 3.1399998664855957 0.09999999403953572
			vertex 12.875757217407227 4 0.09999999403953552
			vertex 12.54030990600586 3.1399998664855957 0.09999999403953572
		endloop
	endfacet
	facet normal 0 2.2591744086763936e-16 1
		outer loop
			vertex 12.54030990600586 3.1399998664855957 0.09999999403953572
			vertex 12.875757217407227 4 0.09999999403953552
			vertex 12.54030990600586 4 0.09999999403953552
		endloop
	endfacet
	facet normal 0 2.2591744086763936e-16 1
		outer loop
			vertex 12.54030990600586 3.1399998664855957 0.09999999403953572
			vertex 12.54030990600586 4 0.09999999403953552
			vertex 12.204861640930176 3.1399998664855957 0.09999999403953572
		endloop
	endfacet
	facet normal 0 2.2591744086763936e-16 1
		outer loop
			vertex 12.204861640930176 3.1399998664855957 0.09999999403953572
			vertex 12.54030990600586 4 0.09999999403953552
			vertex 12.204861640930176 4 0.09999999403953552
		endloop
	endfacet
	facet normal 0 2.2591744086763936e-16 1
		outer loop
			vertex 12.204861640930176 3.1399998664855957 0.09999999403953572
			vertex 12.204861640930176 4 0.09999999403953552
			vertex 11.869413375854492 3.1399998664855957 0.09999999403953572
		endloop
	endfacet
	facet normal 0 2.2591744086763936e-16 1
		outer loop
			vertex 11.869413375854492 3.1399998664855957 0.09999999403953572
			vertex 12.204861640930176 4 0.09999999403953552
			vertex 11.869413375854492 4 0.09999999403953552
		endloop
	endfacet
	facet normal 0 2.2591744086763936e-16 1
		outer loop
			vertex 11.869413375854492 3.1399998664855957 0.09999999403953572
			vertex 11.869413375854492 4 0.09999999403953552
			vertex 11.533966064453125 3.1399998664855957 0.09999999403953572
		endloop
	endfacet
	facet normal 0 2.2591744086763936e-16 1
		outer loop
			vertex 11.533966064453125 3.1399998664855957 0.09999999403953572
			vertex 11.869413375854492 4 0.09999999403953552
			vertex 11.533966064453125 4 0.09999999403953552
		endloop
	endfacet
	facet normal 0 2.2591744086763936e-16 1
		outer loop
			vertex 11.533966064453125 3.1399998664855957 0.09999999403953572
			vertex 11.533966064453125 4 0.09999999403953552
			vertex 11.186243057250977 3.1399998664855957 0.09999999403953572
		endloop
	endfacet
	facet normal 0 2.2591744086763936e-16 1
		outer loop
			vertex 11.186243057250977 3.1399998664855957 0.09999999403953572
			vertex 11.533966064453125 4 0.09999999403953552
			vertex 11.186243057250977 4 0.09999999403953552
		endloop
	endfacet
	facet normal 0 2.2591744086763936e-16 1
		outer loop
			vertex 11.186243057250977 3.1399998664855957 0.09999999403953572
			vertex 11.186243057250977 4 0.09999999403953552
			vertex 11.136242866516113 3.1399998664855957 0.09999999403953572
		endloop
	endfacet
	facet normal 0 2.2591744086763936e-16 1
		outer loop
			vertex 11.136242866516113 3.1399998664855957 0.09999999403953572
			vertex 11.186243057250977 4 0.09999999403953552
			vertex 11.136242866516113 4 0.09999999403953552
		endloop
	endfacet
	facet normal 1 0 0
		outer loop
			vertex 11.136242866516113 1.239380121231079 0.6000000238418586
			vertex 11.136242866516113 1.239380121231079 0.09999999403953613
			vertex 11.136242866516113 2 0.09999999403953597
		endloop
	endfacet
	facet normal 1 0 0
		outer loop
			vertex 11.136242866516113 1.239380121231079 0.6000000238418586
			vertex 11.136242866516113 2 0.09999999403953597
			vertex 11.136242866516113 4 0.6000000238418579
		endloop
	endfacet
	facet normal 1 0 0
		outer loop
			vertex 11.136242866516113 4 0.6000000238418579
			vertex 11.136242866516113 2 0.09999999403953597
			vertex 11.136242866516113 3.1399998664855957 0.09999999403953572
		endloop
	endfacet
	facet normal 1 0 0
		outer loop
			vertex 11.136242866516113 4 0.6000000238418579
			vertex 11.136242866516113 3.1399998664855957 0.09999999403953572
			vertex 11.136242866516113 4 0.09999999403953552
		endloop
	endfacet
	facet normal -0.2588208551790388 -0.9659253412787093 0
		outer loop
			vertex 11.366242408752441 1.9800000190734863 0.09999999403953597
			vertex 11.366242408752441 1.9800000190734863 4.485300977133985e-16
			vertex 11.431241989135742 1.962583303451538 0.09999999403953598
		endloop
	endfacet
	facet normal -0.2588208551790388 -0.9659253412787093 0
		outer loop
			vertex 11.431241989135742 1.962583303451538 0.09999999403953598
			vertex 11.366242408752441 1.9800000190734863 4.485300977133985e-16
			vertex 11.431241989135742 1.962583303451538 4.523973854527656e-16
		endloop
	endfacet
	facet normal -0.7070979237622645 -0.7071156384998813 0
		outer loop
			vertex 11.431241989135742 1.962583303451538 0.09999999403953598
			vertex 11.431241989135742 1.962583303451538 4.523973854527656e-16
			vertex 11.478826522827148 1.9149999618530273 0.09999999403953598
		endloop
	endfacet
	facet normal -0.7070979237622645 -0.7071156384998813 0
		outer loop
			vertex 11.478826522827148 1.9149999618530273 0.09999999403953598
			vertex 11.431241989135742 1.962583303451538 4.523973854527656e-16
			vertex 11.478826522827148 1.9149999618530273 4.6296300973901975e-16
		endloop
	endfacet
	facet normal -0.9659284731551147 -0.25880916666190373 0
		outer loop
			vertex 11.478826522827148 1.9149999618530273 0.09999999403953598
			vertex 11.478826522827148 1.9149999618530273 4.6296300973901975e-16
			vertex 11.49624252319336 1.8499999046325684 0.099999994039536
		endloop
	endfacet
	facet normal -0.9659284731551147 -0.25880916666190373 0
		outer loop
			vertex 11.49624252319336 1.8499999046325684 0.099999994039536
			vertex 11.478826522827148 1.9149999618530273 4.6296300973901975e-16
			vertex 11.49624252319336 1.8499999046325684 4.77395921764641e-16
		endloop
	endfacet
	facet normal -0.9659284731551147 0.25880916666190373 0
		outer loop
			vertex 11.49624252319336 1.8499999046325684 0.099999994039536
			vertex 11.49624252319336 1.8499999046325684 4.77395921764641e-16
			vertex 11.478826522827148 1.7849998474121094 0.09999999403953601
		endloop
	endfacet
	facet normal -0.9659284731551147 0.25880916666190373 0
		outer loop
			vertex 11.478826522827148 1.7849998474121094 0.09999999403953601
			vertex 11.49624252319336 1.8499999046325684 4.77395921764641e-16
			vertex 11.478826522827148 1.7849998474121094 4.918288337902622e-16
		endloop
	endfacet
	facet normal -0.7070979237622645 0.7071156384998813 0
		outer loop
			vertex 11.478826522827148 1.7849998474121094 0.09999999403953601
			vertex 11.478826522827148 1.7849998474121094 4.918288337902622e-16
			vertex 11.431241989135742 1.7374165058135986 0.09999999403953602
		endloop
	endfacet
	facet normal -0.7070979237622645 0.7071156384998813 0
		outer loop
			vertex 11.431241989135742 1.7374165058135986 0.09999999403953602
			vertex 11.478826522827148 1.7849998474121094 4.918288337902622e-16
			vertex 11.431241989135742 1.7374165058135986 5.023944580765164e-16
		endloop
	endfacet
	facet normal -0.2588208551790388 0.9659253412787093 0
		outer loop
			vertex 11.431241989135742 1.7374165058135986 0.09999999403953602
			vertex 11.431241989135742 1.7374165058135986 5.023944580765164e-16
			vertex 11.366242408752441 1.7199997901916504 0.09999999403953602
		endloop
	endfacet
	facet normal -0.2588208551790388 0.9659253412787093 0
		outer loop
			vertex 11.366242408752441 1.7199997901916504 0.09999999403953602
			vertex 11.431241989135742 1.7374165058135986 5.023944580765164e-16
			vertex 11.366242408752441 1.7199997901916504 5.062617458158835e-16
		endloop
	endfacet
	facet normal 0.2588208551790388 0.9659253412787093 0
		outer loop
			vertex 11.366242408752441 1.7199997901916504 0.09999999403953602
			vertex 11.366242408752441 1.7199997901916504 5.062617458158835e-16
			vertex 11.30124282836914 1.7374165058135986 0.09999999403953602
		endloop
	endfacet
	facet normal 0.2588208551790388 0.9659253412787093 0
		outer loop
			vertex 11.30124282836914 1.7374165058135986 0.09999999403953602
			vertex 11.366242408752441 1.7199997901916504 5.062617458158835e-16
			vertex 11.30124282836914 1.7374165058135986 5.023944580765164e-16
		endloop
	endfacet
	facet normal 0.7071050096928146 0.7071085526758424 0
		outer loop
			vertex 11.30124282836914 1.7374165058135986 0.09999999403953602
			vertex 11.30124282836914 1.7374165058135986 5.023944580765164e-16
			vertex 11.25365924835205 1.7849998474121094 0.09999999403953601
		endloop
	endfacet
	facet normal 0.7071050096928146 0.7071085526758424 0
		outer loop
			vertex 11.25365924835205 1.7849998474121094 0.09999999403953601
			vertex 11.30124282836914 1.7374165058135986 5.023944580765164e-16
			vertex 11.25365924835205 1.7849998474121094 4.918288337902622e-16
		endloop
	endfacet
	facet normal 0.9659249302017197 0.25882238932287727 0
		outer loop
			vertex 11.25365924835205 1.7849998474121094 0.09999999403953601
			vertex 11.25365924835205 1.7849998474121094 4.918288337902622e-16
			vertex 11.236242294311523 1.8499999046325684 0.099999994039536
		endloop
	endfacet
	facet normal 0.9659249302017197 0.25882238932287727 0
		outer loop
			vertex 11.236242294311523 1.8499999046325684 0.099999994039536
			vertex 11.25365924835205 1.7849998474121094 4.918288337902622e-16
			vertex 11.236242294311523 1.8499999046325684 4.77395921764641e-16
		endloop
	endfacet
	facet normal 0.9659249302017197 -0.25882238932287727 0
		outer loop
			vertex 11.236242294311523 1.8499999046325684 0.099999994039536
			vertex 11.236242294311523 1.8499999046325684 4.77395921764641e-16
			vertex 11.25365924835205 1.9149999618530273 0.09999999403953598
		endloop
	endfacet
	facet normal 0.9659249302017197 -0.25882238932287727 0
		outer loop
			vertex 11.25365924835205 1.9149999618530273 0.09999999403953598
			vertex 11.236242294311523 1.8499999046325684 4.77395921764641e-16
			vertex 11.25365924835205 1.9149999618530273 4.6296300973901975e-16
		endloop
	endfacet
	facet normal 0.7071050096928146 -0.7071085526758424 0
		outer loop
			vertex 11.25365924835205 1.9149999618530273 0.09999999403953598
			vertex 11.25365924835205 1.9149999618530273 4.6296300973901975e-16
			vertex 11.30124282836914 1.962583303451538 0.09999999403953598
		endloop
	endfacet
	facet normal 0.7071050096928146 -0.7071085526758424 0
		outer loop
			vertex 11.30124282836914 1.962583303451538 0.09999999403953598
			vertex 11.25365924835205 1.9149999618530273 4.6296300973901975e-16
			vertex 11.30124282836914 1.962583303451538 4.523973854527656e-16
		endloop
	endfacet
	facet normal 0.2588208551790388 -0.9659253412787093 0
		outer loop
			vertex 11.30124282836914 1.962583303451538 0.09999999403953598
			vertex 11.30124282836914 1.962583303451538 4.523973854527656e-16
			vertex 11.366242408752441 1.9800000190734863 0.09999999403953597
		endloop
	endfacet
	facet normal 0.25882085517903886 -0.9659253412787094 0
		outer loop
			vertex 11.366242408752441 1.9800000190734863 0.09999999403953597
			vertex 11.30124282836914 1.962583303451538 4.523973854527656e-16
			vertex 11.366242408752441 1.9800000190734863 4.485300977133985e-16
		endloop
	endfacet
	facet normal 0 -1 0
		outer loop
			vertex 10.916242599487305 0 8.881784197001252e-16
			vertex 11.076242446899414 0 8.881784197001252e-16
			vertex 10.916242599487305 0 0.6000000238418588
		endloop
	endfacet
	facet normal 0 -1 0
		outer loop
			vertex 10.916242599487305 0 0.6000000238418588
			vertex 11.076242446899414 0 8.881784197001252e-16
			vertex 11.533966064453125 0 8.881784197001252e-16
		endloop
	endfacet
	facet normal 0 -1 0
		outer loop
			vertex 10.916242599487305 0 0.6000000238418588
			vertex 11.533966064453125 0 8.881784197001252e-16
			vertex 11.869413375854492 0 8.881784197001252e-16
		endloop
	endfacet
	facet normal 0 -1 0
		outer loop
			vertex 11.869413375854492 0 8.881784197001252e-16
			vertex 12.204861640930176 0 8.881784197001252e-16
			vertex 10.916242599487305 0 0.6000000238418588
		endloop
	endfacet
	facet normal 0 -1 0
		outer loop
			vertex 10.916242599487305 0 0.6000000238418588
			vertex 12.204861640930176 0 8.881784197001252e-16
			vertex 12.54030990600586 0 8.881784197001252e-16
		endloop
	endfacet
	facet normal 0 -1 0
		outer loop
			vertex 10.916242599487305 0 0.6000000238418588
			vertex 12.54030990600586 0 8.881784197001252e-16
			vertex 14.409420013427734 0 0.6000000238418588
		endloop
	endfacet
	facet normal 0 -1 0
		outer loop
			vertex 14.409420013427734 0 0.6000000238418588
			vertex 12.54030990600586 0 8.881784197001252e-16
			vertex 12.875757217407227 0 8.881784197001252e-16
		endloop
	endfacet
	facet normal 0 -1 0
		outer loop
			vertex 14.409420013427734 0 0.6000000238418588
			vertex 12.875757217407227 0 8.881784197001252e-16
			vertex 14.409420013427734 0 8.881784197001252e-16
		endloop
	endfacet
	facet normal 0 1 0
		outer loop
			vertex 13.273481369018555 4 0.09999999403953552
			vertex 13.273481369018555 4 0.6000000238418579
			vertex 14.409420013427734 4 0.6000000238418579
		endloop
	endfacet
	facet normal 0 1 0
		outer loop
			vertex 10.916242599487305 4 0.6000000238418579
			vertex 11.136242866516113 4 0.6000000238418579
			vertex 11.136242866516113 4 0.09999999403953552
		endloop
	endfacet
	facet normal 0 1 0
		outer loop
			vertex 14.409420013427734 4 0.6000000238418579
			vertex 14.409420013427734 4 0
			vertex 13.273481369018555 4 0.09999999403953552
		endloop
	endfacet
	facet normal 0 1 0
		outer loop
			vertex 13.273481369018555 4 0.09999999403953552
			vertex 14.409420013427734 4 0
			vertex 12.875757217407227 4 0
		endloop
	endfacet
	facet normal 0 1 0
		outer loop
			vertex 13.273481369018555 4 0.09999999403953552
			vertex 12.875757217407227 4 0
			vertex 12.875757217407227 4 0.09999999403953552
		endloop
	endfacet
	facet normal 0 1 0
		outer loop
			vertex 12.875757217407227 4 0.09999999403953552
			vertex 12.875757217407227 4 0
			vertex 12.54030990600586 4 0.09999999403953552
		endloop
	endfacet
	facet normal 0 1 0
		outer loop
			vertex 12.54030990600586 4 0.09999999403953552
			vertex 12.875757217407227 4 0
			vertex 12.54030990600586 4 0
		endloop
	endfacet
	facet normal 0 1 0
		outer loop
			vertex 12.54030990600586 4 0.09999999403953552
			vertex 12.54030990600586 4 0
			vertex 12.204861640930176 4 0.09999999403953552
		endloop
	endfacet
	facet normal 0 1 0
		outer loop
			vertex 12.204861640930176 4 0.09999999403953552
			vertex 12.54030990600586 4 0
			vertex 12.204861640930176 4 0
		endloop
	endfacet
	facet normal 0 1 0
		outer loop
			vertex 12.204861640930176 4 0.09999999403953552
			vertex 12.204861640930176 4 0
			vertex 11.869413375854492 4 0.09999999403953552
		endloop
	endfacet
	facet normal 0 1 0
		outer loop
			vertex 11.869413375854492 4 0.09999999403953552
			vertex 12.204861640930176 4 0
			vertex 11.869413375854492 4 0
		endloop
	endfacet
	facet normal 0 1 0
		outer loop
			vertex 11.869413375854492 4 0.09999999403953552
			vertex 11.869413375854492 4 0
			vertex 11.533966064453125 4 0.09999999403953552
		endloop
	endfacet
	facet normal 0 1 0
		outer loop
			vertex 11.533966064453125 4 0.09999999403953552
			vertex 11.869413375854492 4 0
			vertex 11.533966064453125 4 0
		endloop
	endfacet
	facet normal 0 1 0
		outer loop
			vertex 11.533966064453125 4 0.09999999403953552
			vertex 11.533966064453125 4 0
			vertex 11.186243057250977 4 0.09999999403953552
		endloop
	endfacet
	facet normal 0 1 0
		outer loop
			vertex 11.186243057250977 4 0.09999999403953552
			vertex 11.533966064453125 4 0
			vertex 11.076242446899414 4 0
		endloop
	endfacet
	facet normal 0 1 0
		outer loop
			vertex 11.186243057250977 4 0.09999999403953552
			vertex 11.076242446899414 4 0
			vertex 11.136242866516113 4 0.09999999403953552
		endloop
	endfacet
	facet normal 0 1 0
		outer loop
			vertex 11.136242866516113 4 0.09999999403953552
			vertex 11.076242446899414 4 0
			vertex 10.916242599487305 4 0
		endloop
	endfacet
	facet normal 0 1 0
		outer loop
			vertex 11.136242866516113 4 0.09999999403953552
			vertex 10.916242599487305 4 0
			vertex 10.916242599487305 4 0.6000000238418579
		endloop
	endfacet
	facet normal -0.2588208551790388 -0.9659253412787093 0
		outer loop
			vertex 11.366242408752441 2.2799999713897705 0.09999999403953591
			vertex 11.366242408752441 2.2799999713897705 3.8191672682380095e-16
			vertex 11.431241989135742 2.2625832557678223 0.09999999403953591
		endloop
	endfacet
	facet normal -0.2588208551790388 -0.9659253412787093 0
		outer loop
			vertex 11.431241989135742 2.2625832557678223 0.09999999403953591
			vertex 11.366242408752441 2.2799999713897705 3.8191672682380095e-16
			vertex 11.431241989135742 2.2625832557678223 3.8578401456316807e-16
		endloop
	endfacet
	facet normal -0.7070979237622645 -0.7071156384998813 0
		outer loop
			vertex 11.431241989135742 2.2625832557678223 0.09999999403953591
			vertex 11.431241989135742 2.2625832557678223 3.8578401456316807e-16
			vertex 11.478826522827148 2.2149999141693115 0.09999999403953592
		endloop
	endfacet
	facet normal -0.7070979237622645 -0.7071156384998813 0
		outer loop
			vertex 11.478826522827148 2.2149999141693115 0.09999999403953592
			vertex 11.431241989135742 2.2625832557678223 3.8578401456316807e-16
			vertex 11.478826522827148 2.2149999141693115 3.963496388494222e-16
		endloop
	endfacet
	facet normal -0.9659284731551147 -0.25880916666190373 0
		outer loop
			vertex 11.478826522827148 2.2149999141693115 0.09999999403953592
			vertex 11.478826522827148 2.2149999141693115 3.963496388494222e-16
			vertex 11.49624252319336 2.1499998569488525 0.09999999403953594
		endloop
	endfacet
	facet normal -0.9659284731551147 -0.25880916666190373 0
		outer loop
			vertex 11.49624252319336 2.1499998569488525 0.09999999403953594
			vertex 11.478826522827148 2.2149999141693115 3.963496388494222e-16
			vertex 11.49624252319336 2.1499998569488525 4.1078255087504344e-16
		endloop
	endfacet
	facet normal -0.9659283544958228 0.2588096095221202 0
		outer loop
			vertex 11.49624252319336 2.1499998569488525 0.09999999403953594
			vertex 11.49624252319336 2.1499998569488525 4.1078255087504344e-16
			vertex 11.478826522827148 2.084999918937683 0.09999999403953595
		endloop
	endfacet
	facet normal -0.9659283544958228 0.2588096095221202 0
		outer loop
			vertex 11.478826522827148 2.084999918937683 0.09999999403953595
			vertex 11.49624252319336 2.1499998569488525 4.1078255087504344e-16
			vertex 11.478826522827148 2.084999918937683 4.252154364308851e-16
		endloop
	endfacet
	facet normal -0.7070979237622645 0.7071156384998813 0
		outer loop
			vertex 11.478826522827148 2.084999918937683 0.09999999403953595
			vertex 11.478826522827148 2.084999918937683 4.252154364308851e-16
			vertex 11.431241989135742 2.0374165773391724 0.09999999403953595
		endloop
	endfacet
	facet normal -0.7070979237622645 0.7071156384998813 0
		outer loop
			vertex 11.431241989135742 2.0374165773391724 0.09999999403953595
			vertex 11.478826522827148 2.084999918937683 4.252154364308851e-16
			vertex 11.431241989135742 2.0374165773391724 4.357810607171392e-16
		endloop
	endfacet
	facet normal -0.2588208551790388 0.9659253412787093 0
		outer loop
			vertex 11.431241989135742 2.0374165773391724 0.09999999403953595
			vertex 11.431241989135742 2.0374165773391724 4.357810607171392e-16
			vertex 11.366242408752441 2.019999861717224 0.09999999403953597
		endloop
	endfacet
	facet normal -0.2588208551790388 0.9659253412787093 0
		outer loop
			vertex 11.366242408752441 2.019999861717224 0.09999999403953597
			vertex 11.431241989135742 2.0374165773391724 4.357810607171392e-16
			vertex 11.366242408752441 2.019999861717224 4.3964834845650633e-16
		endloop
	endfacet
	facet normal 0.2588208551790388 0.9659253412787093 0
		outer loop
			vertex 11.366242408752441 2.019999861717224 0.09999999403953597
			vertex 11.366242408752441 2.019999861717224 4.3964834845650633e-16
			vertex 11.30124282836914 2.0374165773391724 0.09999999403953595
		endloop
	endfacet
	facet normal 0.25882085517903886 0.9659253412787094 0
		outer loop
			vertex 11.30124282836914 2.0374165773391724 0.09999999403953595
			vertex 11.366242408752441 2.019999861717224 4.3964834845650633e-16
			vertex 11.30124282836914 2.0374165773391724 4.357810607171392e-16
		endloop
	endfacet
	facet normal 0.7071050096928146 0.7071085526758424 0
		outer loop
			vertex 11.30124282836914 2.0374165773391724 0.09999999403953595
			vertex 11.30124282836914 2.0374165773391724 4.357810607171392e-16
			vertex 11.25365924835205 2.084999918937683 0.09999999403953595
		endloop
	endfacet
	facet normal 0.7071050096928146 0.7071085526758424 0
		outer loop
			vertex 11.25365924835205 2.084999918937683 0.09999999403953595
			vertex 11.30124282836914 2.0374165773391724 4.357810607171392e-16
			vertex 11.25365924835205 2.084999918937683 4.252154364308851e-16
		endloop
	endfacet
	facet normal 0.9659248115307382 0.2588228322024707 0
		outer loop
			vertex 11.25365924835205 2.084999918937683 0.09999999403953595
			vertex 11.25365924835205 2.084999918937683 4.252154364308851e-16
			vertex 11.236242294311523 2.1499998569488525 0.09999999403953594
		endloop
	endfacet
	facet normal 0.9659248115307382 0.2588228322024707 0
		outer loop
			vertex 11.236242294311523 2.1499998569488525 0.09999999403953594
			vertex 11.25365924835205 2.084999918937683 4.252154364308851e-16
			vertex 11.236242294311523 2.1499998569488525 4.1078255087504344e-16
		endloop
	endfacet
	facet normal 0.9659249302017197 -0.25882238932287727 0
		outer loop
			vertex 11.236242294311523 2.1499998569488525 0.09999999403953594
			vertex 11.236242294311523 2.1499998569488525 4.1078255087504344e-16
			vertex 11.25365924835205 2.2149999141693115 0.09999999403953592
		endloop
	endfacet
	facet normal 0.9659249302017197 -0.25882238932287727 0
		outer loop
			vertex 11.25365924835205 2.2149999141693115 0.09999999403953592
			vertex 11.236242294311523 2.1499998569488525 4.1078255087504344e-16
			vertex 11.25365924835205 2.2149999141693115 3.963496388494222e-16
		endloop
	endfacet
	facet normal 0.7071050096928146 -0.7071085526758424 0
		outer loop
			vertex 11.25365924835205 2.2149999141693115 0.09999999403953592
			vertex 11.25365924835205 2.2149999141693115 3.963496388494222e-16
			vertex 11.30124282836914 2.2625832557678223 0.09999999403953591
		endloop
	endfacet
	facet normal 0.7071050096928146 -0.7071085526758424 0
		outer loop
			vertex 11.30124282836914 2.2625832557678223 0.09999999403953591
			vertex 11.25365924835205 2.2149999141693115 3.963496388494222e-16
			vertex 11.30124282836914 2.2625832557678223 3.8578401456316807e-16
		endloop
	endfacet
	facet normal 0.2588208551790388 -0.9659253412787093 0
		outer loop
			vertex 11.30124282836914 2.2625832557678223 0.09999999403953591
			vertex 11.30124282836914 2.2625832557678223 3.8578401456316807e-16
			vertex 11.366242408752441 2.2799999713897705 0.09999999403953591
		endloop
	endfacet
	facet normal 0.2588208551790388 -0.9659253412787093 0
		outer loop
			vertex 11.366242408752441 2.2799999713897705 0.09999999403953591
			vertex 11.30124282836914 2.2625832557678223 3.8578401456316807e-16
			vertex 11.366242408752441 2.2799999713897705 3.8191672682380095e-16
		endloop
	endfacet
	facet normal -0.25881731218688975 -0.9659262906207462 0
		outer loop
			vertex 11.701689720153809 2.2799999713897705 0.09999999403953591
			vertex 11.701689720153809 2.2799999713897705 3.8191672682380095e-16
			vertex 11.766690254211426 2.2625832557678223 0.09999999403953591
		endloop
	endfacet
	facet normal -0.25881731218688975 -0.9659262906207462 0
		outer loop
			vertex 11.766690254211426 2.2625832557678223 0.09999999403953591
			vertex 11.701689720153809 2.2799999713897705 3.8191672682380095e-16
			vertex 11.766690254211426 2.2625832557678223 3.8578401456316807e-16
		endloop
	endfacet
	facet normal -0.7071050096928146 -0.7071085526758424 0
		outer loop
			vertex 11.766690254211426 2.2625832557678223 0.09999999403953591
			vertex 11.766690254211426 2.2625832557678223 3.8578401456316807e-16
			vertex 11.814273834228516 2.2149999141693115 0.09999999403953592
		endloop
	endfacet
	facet normal -0.7071050096928146 -0.7071085526758424 0
		outer loop
			vertex 11.814273834228516 2.2149999141693115 0.09999999403953592
			vertex 11.766690254211426 2.2625832557678223 3.8578401456316807e-16
			vertex 11.814273834228516 2.2149999141693115 3.963496388494222e-16
		endloop
	endfacet
	facet normal -0.9659249302017197 -0.25882238932287727 0
		outer loop
			vertex 11.814273834228516 2.2149999141693115 0.09999999403953592
			vertex 11.814273834228516 2.2149999141693115 3.963496388494222e-16
			vertex 11.831690788269043 2.1499998569488525 0.09999999403953594
		endloop
	endfacet
	facet normal -0.9659249302017197 -0.25882238932287727 0
		outer loop
			vertex 11.831690788269043 2.1499998569488525 0.09999999403953594
			vertex 11.814273834228516 2.2149999141693115 3.963496388494222e-16
			vertex 11.831690788269043 2.1499998569488525 4.1078255087504344e-16
		endloop
	endfacet
	facet normal -0.9659248115307382 0.2588228322024707 0
		outer loop
			vertex 11.831690788269043 2.1499998569488525 0.09999999403953594
			vertex 11.831690788269043 2.1499998569488525 4.1078255087504344e-16
			vertex 11.814273834228516 2.084999918937683 0.09999999403953595
		endloop
	endfacet
	facet normal -0.9659248115307382 0.2588228322024707 0
		outer loop
			vertex 11.814273834228516 2.084999918937683 0.09999999403953595
			vertex 11.831690788269043 2.1499998569488525 4.1078255087504344e-16
			vertex 11.814273834228516 2.084999918937683 4.252154364308851e-16
		endloop
	endfacet
	facet normal -0.7071050096928146 0.7071085526758424 0
		outer loop
			vertex 11.814273834228516 2.084999918937683 0.09999999403953595
			vertex 11.814273834228516 2.084999918937683 4.252154364308851e-16
			vertex 11.766690254211426 2.0374165773391724 0.09999999403953595
		endloop
	endfacet
	facet normal -0.7071050096928146 0.7071085526758424 0
		outer loop
			vertex 11.766690254211426 2.0374165773391724 0.09999999403953595
			vertex 11.814273834228516 2.084999918937683 4.252154364308851e-16
			vertex 11.766690254211426 2.0374165773391724 4.357810607171392e-16
		endloop
	endfacet
	facet normal -0.25881731218688975 0.9659262906207462 0
		outer loop
			vertex 11.766690254211426 2.0374165773391724 0.09999999403953595
			vertex 11.766690254211426 2.0374165773391724 4.357810607171392e-16
			vertex 11.701689720153809 2.019999861717224 0.09999999403953597
		endloop
	endfacet
	facet normal -0.25881731218688975 0.9659262906207462 0
		outer loop
			vertex 11.701689720153809 2.019999861717224 0.09999999403953597
			vertex 11.766690254211426 2.0374165773391724 4.357810607171392e-16
			vertex 11.701689720153809 2.019999861717224 4.3964834845650633e-16
		endloop
	endfacet
	facet normal 0.2588208551790388 0.9659253412787093 0
		outer loop
			vertex 11.701689720153809 2.019999861717224 0.09999999403953597
			vertex 11.701689720153809 2.019999861717224 4.3964834845650633e-16
			vertex 11.636690139770508 2.0374165773391724 0.09999999403953595
		endloop
	endfacet
	facet normal 0.25882085517903886 0.9659253412787094 0
		outer loop
			vertex 11.636690139770508 2.0374165773391724 0.09999999403953595
			vertex 11.701689720153809 2.019999861717224 4.3964834845650633e-16
			vertex 11.636690139770508 2.0374165773391724 4.357810607171392e-16
		endloop
	endfacet
	facet normal 0.7071050096928146 0.7071085526758424 0
		outer loop
			vertex 11.636690139770508 2.0374165773391724 0.09999999403953595
			vertex 11.636690139770508 2.0374165773391724 4.357810607171392e-16
			vertex 11.589106559753418 2.084999918937683 0.09999999403953595
		endloop
	endfacet
	facet normal 0.7071050096928146 0.7071085526758424 0
		outer loop
			vertex 11.589106559753418 2.084999918937683 0.09999999403953595
			vertex 11.636690139770508 2.0374165773391724 4.357810607171392e-16
			vertex 11.589106559753418 2.084999918937683 4.252154364308851e-16
		endloop
	endfacet
	facet normal 0.9659283544958228 0.2588096095221202 0
		outer loop
			vertex 11.589106559753418 2.084999918937683 0.09999999403953595
			vertex 11.589106559753418 2.084999918937683 4.252154364308851e-16
			vertex 11.571690559387207 2.1499998569488525 0.09999999403953594
		endloop
	endfacet
	facet normal 0.9659283544958228 0.2588096095221202 0
		outer loop
			vertex 11.571690559387207 2.1499998569488525 0.09999999403953594
			vertex 11.589106559753418 2.084999918937683 4.252154364308851e-16
			vertex 11.571690559387207 2.1499998569488525 4.1078255087504344e-16
		endloop
	endfacet
	facet normal 0.9659284731551147 -0.25880916666190373 0
		outer loop
			vertex 11.571690559387207 2.1499998569488525 0.09999999403953594
			vertex 11.571690559387207 2.1499998569488525 4.1078255087504344e-16
			vertex 11.589106559753418 2.2149999141693115 0.09999999403953592
		endloop
	endfacet
	facet normal 0.9659284731551147 -0.25880916666190373 0
		outer loop
			vertex 11.589106559753418 2.2149999141693115 0.09999999403953592
			vertex 11.571690559387207 2.1499998569488525 4.1078255087504344e-16
			vertex 11.589106559753418 2.2149999141693115 3.963496388494222e-16
		endloop
	endfacet
	facet normal 0.7071050096928146 -0.7071085526758424 0
		outer loop
			vertex 11.589106559753418 2.2149999141693115 0.09999999403953592
			vertex 11.589106559753418 2.2149999141693115 3.963496388494222e-16
			vertex 11.636690139770508 2.2625832557678223 0.09999999403953591
		endloop
	endfacet
	facet normal 0.7071050096928146 -0.7071085526758424 0
		outer loop
			vertex 11.636690139770508 2.2625832557678223 0.09999999403953591
			vertex 11.589106559753418 2.2149999141693115 3.963496388494222e-16
			vertex 11.636690139770508 2.2625832557678223 3.8578401456316807e-16
		endloop
	endfacet
	facet normal 0.2588208551790388 -0.9659253412787093 0
		outer loop
			vertex 11.636690139770508 2.2625832557678223 0.09999999403953591
			vertex 11.636690139770508 2.2625832557678223 3.8578401456316807e-16
			vertex 11.701689720153809 2.2799999713897705 0.09999999403953591
		endloop
	endfacet
	facet normal 0.2588208551790388 -0.9659253412787093 0
		outer loop
			vertex 11.701689720153809 2.2799999713897705 0.09999999403953591
			vertex 11.636690139770508 2.2625832557678223 3.8578401456316807e-16
			vertex 11.701689720153809 2.2799999713897705 3.8191672682380095e-16
		endloop
	endfacet
	facet normal -0.25881731218688975 -0.9659262906207462 0
		outer loop
			vertex 11.701689720153809 1.9800000190734863 0.09999999403953597
			vertex 11.701689720153809 1.9800000190734863 4.485300977133985e-16
			vertex 11.766690254211426 1.962583303451538 0.09999999403953598
		endloop
	endfacet
	facet normal -0.25881731218688975 -0.9659262906207462 0
		outer loop
			vertex 11.766690254211426 1.962583303451538 0.09999999403953598
			vertex 11.701689720153809 1.9800000190734863 4.485300977133985e-16
			vertex 11.766690254211426 1.962583303451538 4.523973854527656e-16
		endloop
	endfacet
	facet normal -0.7071050096928146 -0.7071085526758424 0
		outer loop
			vertex 11.766690254211426 1.962583303451538 0.09999999403953598
			vertex 11.766690254211426 1.962583303451538 4.523973854527656e-16
			vertex 11.814273834228516 1.9149999618530273 0.09999999403953598
		endloop
	endfacet
	facet normal -0.7071050096928146 -0.7071085526758424 0
		outer loop
			vertex 11.814273834228516 1.9149999618530273 0.09999999403953598
			vertex 11.766690254211426 1.962583303451538 4.523973854527656e-16
			vertex 11.814273834228516 1.9149999618530273 4.6296300973901975e-16
		endloop
	endfacet
	facet normal -0.9659249302017197 -0.25882238932287727 0
		outer loop
			vertex 11.814273834228516 1.9149999618530273 0.09999999403953598
			vertex 11.814273834228516 1.9149999618530273 4.6296300973901975e-16
			vertex 11.831690788269043 1.8499999046325684 0.099999994039536
		endloop
	endfacet
	facet normal -0.9659249302017197 -0.25882238932287727 0
		outer loop
			vertex 11.831690788269043 1.8499999046325684 0.099999994039536
			vertex 11.814273834228516 1.9149999618530273 4.6296300973901975e-16
			vertex 11.831690788269043 1.8499999046325684 4.77395921764641e-16
		endloop
	endfacet
	facet normal -0.9659249302017197 0.25882238932287727 0
		outer loop
			vertex 11.831690788269043 1.8499999046325684 0.099999994039536
			vertex 11.831690788269043 1.8499999046325684 4.77395921764641e-16
			vertex 11.814273834228516 1.7849998474121094 0.09999999403953601
		endloop
	endfacet
	facet normal -0.9659249302017197 0.25882238932287727 0
		outer loop
			vertex 11.814273834228516 1.7849998474121094 0.09999999403953601
			vertex 11.831690788269043 1.8499999046325684 4.77395921764641e-16
			vertex 11.814273834228516 1.7849998474121094 4.918288337902622e-16
		endloop
	endfacet
	facet normal -0.7071050096928146 0.7071085526758424 0
		outer loop
			vertex 11.814273834228516 1.7849998474121094 0.09999999403953601
			vertex 11.814273834228516 1.7849998474121094 4.918288337902622e-16
			vertex 11.766690254211426 1.7374165058135986 0.09999999403953602
		endloop
	endfacet
	facet normal -0.7071050096928146 0.7071085526758424 0
		outer loop
			vertex 11.766690254211426 1.7374165058135986 0.09999999403953602
			vertex 11.814273834228516 1.7849998474121094 4.918288337902622e-16
			vertex 11.766690254211426 1.7374165058135986 5.023944580765164e-16
		endloop
	endfacet
	facet normal -0.25881731218688975 0.9659262906207462 0
		outer loop
			vertex 11.766690254211426 1.7374165058135986 0.09999999403953602
			vertex 11.766690254211426 1.7374165058135986 5.023944580765164e-16
			vertex 11.701689720153809 1.7199997901916504 0.09999999403953602
		endloop
	endfacet
	facet normal -0.25881731218688975 0.9659262906207462 0
		outer loop
			vertex 11.701689720153809 1.7199997901916504 0.09999999403953602
			vertex 11.766690254211426 1.7374165058135986 5.023944580765164e-16
			vertex 11.701689720153809 1.7199997901916504 5.062617458158835e-16
		endloop
	endfacet
	facet normal 0.2588208551790388 0.9659253412787093 0
		outer loop
			vertex 11.701689720153809 1.7199997901916504 0.09999999403953602
			vertex 11.701689720153809 1.7199997901916504 5.062617458158835e-16
			vertex 11.636690139770508 1.7374165058135986 0.09999999403953602
		endloop
	endfacet
	facet normal 0.2588208551790388 0.9659253412787093 0
		outer loop
			vertex 11.636690139770508 1.7374165058135986 0.09999999403953602
			vertex 11.701689720153809 1.7199997901916504 5.062617458158835e-16
			vertex 11.636690139770508 1.7374165058135986 5.023944580765164e-16
		endloop
	endfacet
	facet normal 0.7071050096928146 0.7071085526758424 0
		outer loop
			vertex 11.636690139770508 1.7374165058135986 0.09999999403953602
			vertex 11.636690139770508 1.7374165058135986 5.023944580765164e-16
			vertex 11.589106559753418 1.7849998474121094 0.09999999403953601
		endloop
	endfacet
	facet normal 0.7071050096928146 0.7071085526758424 0
		outer loop
			vertex 11.589106559753418 1.7849998474121094 0.09999999403953601
			vertex 11.636690139770508 1.7374165058135986 5.023944580765164e-16
			vertex 11.589106559753418 1.7849998474121094 4.918288337902622e-16
		endloop
	endfacet
	facet normal 0.9659284731551147 0.25880916666190373 0
		outer loop
			vertex 11.589106559753418 1.7849998474121094 0.09999999403953601
			vertex 11.589106559753418 1.7849998474121094 4.918288337902622e-16
			vertex 11.571690559387207 1.8499999046325684 0.099999994039536
		endloop
	endfacet
	facet normal 0.9659284731551147 0.25880916666190373 0
		outer loop
			vertex 11.571690559387207 1.8499999046325684 0.099999994039536
			vertex 11.589106559753418 1.7849998474121094 4.918288337902622e-16
			vertex 11.571690559387207 1.8499999046325684 4.77395921764641e-16
		endloop
	endfacet
	facet normal 0.9659284731551147 -0.25880916666190373 0
		outer loop
			vertex 11.571690559387207 1.8499999046325684 0.099999994039536
			vertex 11.571690559387207 1.8499999046325684 4.77395921764641e-16
			vertex 11.589106559753418 1.9149999618530273 0.09999999403953598
		endloop
	endfacet
	facet normal 0.9659284731551147 -0.25880916666190373 0
		outer loop
			vertex 11.589106559753418 1.9149999618530273 0.09999999403953598
			vertex 11.571690559387207 1.8499999046325684 4.77395921764641e-16
			vertex 11.589106559753418 1.9149999618530273 4.6296300973901975e-16
		endloop
	endfacet
	facet normal 0.7071050096928146 -0.7071085526758424 0
		outer loop
			vertex 11.589106559753418 1.9149999618530273 0.09999999403953598
			vertex 11.589106559753418 1.9149999618530273 4.6296300973901975e-16
			vertex 11.636690139770508 1.962583303451538 0.09999999403953598
		endloop
	endfacet
	facet normal 0.7071050096928146 -0.7071085526758424 0
		outer loop
			vertex 11.636690139770508 1.962583303451538 0.09999999403953598
			vertex 11.589106559753418 1.9149999618530273 4.6296300973901975e-16
			vertex 11.636690139770508 1.962583303451538 4.523973854527656e-16
		endloop
	endfacet
	facet normal 0.2588208551790388 -0.9659253412787093 0
		outer loop
			vertex 11.636690139770508 1.962583303451538 0.09999999403953598
			vertex 11.636690139770508 1.962583303451538 4.523973854527656e-16
			vertex 11.701689720153809 1.9800000190734863 0.09999999403953597
		endloop
	endfacet
	facet normal 0.25882085517903886 -0.9659253412787094 0
		outer loop
			vertex 11.701689720153809 1.9800000190734863 0.09999999403953597
			vertex 11.636690139770508 1.962583303451538 4.523973854527656e-16
			vertex 11.701689720153809 1.9800000190734863 4.485300977133985e-16
		endloop
	endfacet
	facet normal -0.2588208551790388 -0.9659253412787093 0
		outer loop
			vertex 12.037137985229492 2.2799999713897705 0.09999999403953591
			vertex 12.037137985229492 2.2799999713897705 3.8191672682380095e-16
			vertex 12.102137565612793 2.2625832557678223 0.09999999403953591
		endloop
	endfacet
	facet normal -0.2588208551790388 -0.9659253412787093 0
		outer loop
			vertex 12.102137565612793 2.2625832557678223 0.09999999403953591
			vertex 12.037137985229492 2.2799999713897705 3.8191672682380095e-16
			vertex 12.102137565612793 2.2625832557678223 3.8578401456316807e-16
		endloop
	endfacet
	facet normal -0.7071050096928146 -0.7071085526758424 0
		outer loop
			vertex 12.102137565612793 2.2625832557678223 0.09999999403953591
			vertex 12.102137565612793 2.2625832557678223 3.8578401456316807e-16
			vertex 12.149721145629883 2.2149999141693115 0.09999999403953592
		endloop
	endfacet
	facet normal -0.7071050096928146 -0.7071085526758424 0
		outer loop
			vertex 12.149721145629883 2.2149999141693115 0.09999999403953592
			vertex 12.102137565612793 2.2625832557678223 3.8578401456316807e-16
			vertex 12.149721145629883 2.2149999141693115 3.963496388494222e-16
		endloop
	endfacet
	facet normal -0.9659249302017197 -0.25882238932287727 0
		outer loop
			vertex 12.149721145629883 2.2149999141693115 0.09999999403953592
			vertex 12.149721145629883 2.2149999141693115 3.963496388494222e-16
			vertex 12.16713809967041 2.1499998569488525 0.09999999403953594
		endloop
	endfacet
	facet normal -0.9659249302017197 -0.25882238932287727 0
		outer loop
			vertex 12.16713809967041 2.1499998569488525 0.09999999403953594
			vertex 12.149721145629883 2.2149999141693115 3.963496388494222e-16
			vertex 12.16713809967041 2.1499998569488525 4.1078255087504344e-16
		endloop
	endfacet
	facet normal -0.9659248115307382 0.2588228322024707 0
		outer loop
			vertex 12.16713809967041 2.1499998569488525 0.09999999403953594
			vertex 12.16713809967041 2.1499998569488525 4.1078255087504344e-16
			vertex 12.149721145629883 2.084999918937683 0.09999999403953595
		endloop
	endfacet
	facet normal -0.9659248115307382 0.2588228322024707 0
		outer loop
			vertex 12.149721145629883 2.084999918937683 0.09999999403953595
			vertex 12.16713809967041 2.1499998569488525 4.1078255087504344e-16
			vertex 12.149721145629883 2.084999918937683 4.252154364308851e-16
		endloop
	endfacet
	facet normal -0.7071050096928146 0.7071085526758424 0
		outer loop
			vertex 12.149721145629883 2.084999918937683 0.09999999403953595
			vertex 12.149721145629883 2.084999918937683 4.252154364308851e-16
			vertex 12.102137565612793 2.0374165773391724 0.09999999403953595
		endloop
	endfacet
	facet normal -0.7071050096928146 0.7071085526758424 0
		outer loop
			vertex 12.102137565612793 2.0374165773391724 0.09999999403953595
			vertex 12.149721145629883 2.084999918937683 4.252154364308851e-16
			vertex 12.102137565612793 2.0374165773391724 4.357810607171392e-16
		endloop
	endfacet
	facet normal -0.2588208551790388 0.9659253412787093 0
		outer loop
			vertex 12.102137565612793 2.0374165773391724 0.09999999403953595
			vertex 12.102137565612793 2.0374165773391724 4.357810607171392e-16
			vertex 12.037137985229492 2.019999861717224 0.09999999403953597
		endloop
	endfacet
	facet normal -0.2588208551790388 0.9659253412787093 0
		outer loop
			vertex 12.037137985229492 2.019999861717224 0.09999999403953597
			vertex 12.102137565612793 2.0374165773391724 4.357810607171392e-16
			vertex 12.037137985229492 2.019999861717224 4.3964834845650633e-16
		endloop
	endfacet
	facet normal 0.25881731218688975 0.9659262906207462 0
		outer loop
			vertex 12.037137985229492 2.019999861717224 0.09999999403953597
			vertex 12.037137985229492 2.019999861717224 4.3964834845650633e-16
			vertex 11.972137451171875 2.0374165773391724 0.09999999403953595
		endloop
	endfacet
	facet normal 0.25881731218688975 0.9659262906207461 0
		outer loop
			vertex 11.972137451171875 2.0374165773391724 0.09999999403953595
			vertex 12.037137985229492 2.019999861717224 4.3964834845650633e-16
			vertex 11.972137451171875 2.0374165773391724 4.357810607171392e-16
		endloop
	endfacet
	facet normal 0.7071120956943746 0.7071014666387772 0
		outer loop
			vertex 11.972137451171875 2.0374165773391724 0.09999999403953595
			vertex 11.972137451171875 2.0374165773391724 4.357810607171392e-16
			vertex 11.924554824829102 2.084999918937683 0.09999999403953595
		endloop
	endfacet
	facet normal 0.7071120956943746 0.7071014666387772 0
		outer loop
			vertex 11.924554824829102 2.084999918937683 0.09999999403953595
			vertex 11.972137451171875 2.0374165773391724 4.357810607171392e-16
			vertex 11.924554824829102 2.084999918937683 4.252154364308851e-16
		endloop
	endfacet
	facet normal 0.9659248115307382 0.2588228322024707 0
		outer loop
			vertex 11.924554824829102 2.084999918937683 0.09999999403953595
			vertex 11.924554824829102 2.084999918937683 4.252154364308851e-16
			vertex 11.907137870788574 2.1499998569488525 0.09999999403953594
		endloop
	endfacet
	facet normal 0.9659248115307382 0.2588228322024707 0
		outer loop
			vertex 11.907137870788574 2.1499998569488525 0.09999999403953594
			vertex 11.924554824829102 2.084999918937683 4.252154364308851e-16
			vertex 11.907137870788574 2.1499998569488525 4.1078255087504344e-16
		endloop
	endfacet
	facet normal 0.9659249302017197 -0.25882238932287727 0
		outer loop
			vertex 11.907137870788574 2.1499998569488525 0.09999999403953594
			vertex 11.907137870788574 2.1499998569488525 4.1078255087504344e-16
			vertex 11.924554824829102 2.2149999141693115 0.09999999403953592
		endloop
	endfacet
	facet normal 0.9659249302017197 -0.25882238932287727 0
		outer loop
			vertex 11.924554824829102 2.2149999141693115 0.09999999403953592
			vertex 11.907137870788574 2.1499998569488525 4.1078255087504344e-16
			vertex 11.924554824829102 2.2149999141693115 3.963496388494222e-16
		endloop
	endfacet
	facet normal 0.7071120956943746 -0.7071014666387772 0
		outer loop
			vertex 11.924554824829102 2.2149999141693115 0.09999999403953592
			vertex 11.924554824829102 2.2149999141693115 3.963496388494222e-16
			vertex 11.972137451171875 2.2625832557678223 0.09999999403953591
		endloop
	endfacet
	facet normal 0.7071120956943746 -0.7071014666387772 0
		outer loop
			vertex 11.972137451171875 2.2625832557678223 0.09999999403953591
			vertex 11.924554824829102 2.2149999141693115 3.963496388494222e-16
			vertex 11.972137451171875 2.2625832557678223 3.8578401456316807e-16
		endloop
	endfacet
	facet normal 0.25881731218688975 -0.9659262906207462 0
		outer loop
			vertex 11.972137451171875 2.2625832557678223 0.09999999403953591
			vertex 11.972137451171875 2.2625832557678223 3.8578401456316807e-16
			vertex 12.037137985229492 2.2799999713897705 0.09999999403953591
		endloop
	endfacet
	facet normal 0.25881731218688975 -0.9659262906207462 0
		outer loop
			vertex 12.037137985229492 2.2799999713897705 0.09999999403953591
			vertex 11.972137451171875 2.2625832557678223 3.8578401456316807e-16
			vertex 12.037137985229492 2.2799999713897705 3.8191672682380095e-16
		endloop
	endfacet
	facet normal -0.2588208551790388 -0.9659253412787093 0
		outer loop
			vertex 12.037137985229492 1.9800000190734863 0.09999999403953597
			vertex 12.037137985229492 1.9800000190734863 4.485300977133985e-16
			vertex 12.102137565612793 1.962583303451538 0.09999999403953598
		endloop
	endfacet
	facet normal -0.2588208551790388 -0.9659253412787093 0
		outer loop
			vertex 12.102137565612793 1.962583303451538 0.09999999403953598
			vertex 12.037137985229492 1.9800000190734863 4.485300977133985e-16
			vertex 12.102137565612793 1.962583303451538 4.523973854527656e-16
		endloop
	endfacet
	facet normal -0.7071050096928146 -0.7071085526758424 0
		outer loop
			vertex 12.102137565612793 1.962583303451538 0.09999999403953598
			vertex 12.102137565612793 1.962583303451538 4.523973854527656e-16
			vertex 12.149721145629883 1.9149999618530273 0.09999999403953598
		endloop
	endfacet
	facet normal -0.7071050096928146 -0.7071085526758424 0
		outer loop
			vertex 12.149721145629883 1.9149999618530273 0.09999999403953598
			vertex 12.102137565612793 1.962583303451538 4.523973854527656e-16
			vertex 12.149721145629883 1.9149999618530273 4.6296300973901975e-16
		endloop
	endfacet
	facet normal -0.9659249302017197 -0.25882238932287727 0
		outer loop
			vertex 12.149721145629883 1.9149999618530273 0.09999999403953598
			vertex 12.149721145629883 1.9149999618530273 4.6296300973901975e-16
			vertex 12.16713809967041 1.8499999046325684 0.099999994039536
		endloop
	endfacet
	facet normal -0.9659249302017197 -0.25882238932287727 0
		outer loop
			vertex 12.16713809967041 1.8499999046325684 0.099999994039536
			vertex 12.149721145629883 1.9149999618530273 4.6296300973901975e-16
			vertex 12.16713809967041 1.8499999046325684 4.77395921764641e-16
		endloop
	endfacet
	facet normal -0.9659249302017197 0.25882238932287727 0
		outer loop
			vertex 12.16713809967041 1.8499999046325684 0.099999994039536
			vertex 12.16713809967041 1.8499999046325684 4.77395921764641e-16
			vertex 12.149721145629883 1.7849998474121094 0.09999999403953601
		endloop
	endfacet
	facet normal -0.9659249302017197 0.25882238932287727 0
		outer loop
			vertex 12.149721145629883 1.7849998474121094 0.09999999403953601
			vertex 12.16713809967041 1.8499999046325684 4.77395921764641e-16
			vertex 12.149721145629883 1.7849998474121094 4.918288337902622e-16
		endloop
	endfacet
	facet normal -0.7071050096928146 0.7071085526758424 0
		outer loop
			vertex 12.149721145629883 1.7849998474121094 0.09999999403953601
			vertex 12.149721145629883 1.7849998474121094 4.918288337902622e-16
			vertex 12.102137565612793 1.7374165058135986 0.09999999403953602
		endloop
	endfacet
	facet normal -0.7071050096928146 0.7071085526758424 0
		outer loop
			vertex 12.102137565612793 1.7374165058135986 0.09999999403953602
			vertex 12.149721145629883 1.7849998474121094 4.918288337902622e-16
			vertex 12.102137565612793 1.7374165058135986 5.023944580765164e-16
		endloop
	endfacet
	facet normal -0.2588208551790388 0.9659253412787093 0
		outer loop
			vertex 12.102137565612793 1.7374165058135986 0.09999999403953602
			vertex 12.102137565612793 1.7374165058135986 5.023944580765164e-16
			vertex 12.037137985229492 1.7199997901916504 0.09999999403953602
		endloop
	endfacet
	facet normal -0.2588208551790388 0.9659253412787093 0
		outer loop
			vertex 12.037137985229492 1.7199997901916504 0.09999999403953602
			vertex 12.102137565612793 1.7374165058135986 5.023944580765164e-16
			vertex 12.037137985229492 1.7199997901916504 5.062617458158835e-16
		endloop
	endfacet
	facet normal 0.25881731218688975 0.9659262906207462 0
		outer loop
			vertex 12.037137985229492 1.7199997901916504 0.09999999403953602
			vertex 12.037137985229492 1.7199997901916504 5.062617458158835e-16
			vertex 11.972137451171875 1.7374165058135986 0.09999999403953602
		endloop
	endfacet
	facet normal 0.25881731218688975 0.9659262906207462 0
		outer loop
			vertex 11.972137451171875 1.7374165058135986 0.09999999403953602
			vertex 12.037137985229492 1.7199997901916504 5.062617458158835e-16
			vertex 11.972137451171875 1.7374165058135986 5.023944580765164e-16
		endloop
	endfacet
	facet normal 0.7071120956943746 0.7071014666387772 0
		outer loop
			vertex 11.972137451171875 1.7374165058135986 0.09999999403953602
			vertex 11.972137451171875 1.7374165058135986 5.023944580765164e-16
			vertex 11.924554824829102 1.7849998474121094 0.09999999403953601
		endloop
	endfacet
	facet normal 0.7071120956943746 0.7071014666387772 0
		outer loop
			vertex 11.924554824829102 1.7849998474121094 0.09999999403953601
			vertex 11.972137451171875 1.7374165058135986 5.023944580765164e-16
			vertex 11.924554824829102 1.7849998474121094 4.918288337902622e-16
		endloop
	endfacet
	facet normal 0.9659249302017197 0.25882238932287727 0
		outer loop
			vertex 11.924554824829102 1.7849998474121094 0.09999999403953601
			vertex 11.924554824829102 1.7849998474121094 4.918288337902622e-16
			vertex 11.907137870788574 1.8499999046325684 0.099999994039536
		endloop
	endfacet
	facet normal 0.9659249302017197 0.25882238932287727 0
		outer loop
			vertex 11.907137870788574 1.8499999046325684 0.099999994039536
			vertex 11.924554824829102 1.7849998474121094 4.918288337902622e-16
			vertex 11.907137870788574 1.8499999046325684 4.77395921764641e-16
		endloop
	endfacet
	facet normal 0.9659249302017197 -0.25882238932287727 0
		outer loop
			vertex 11.907137870788574 1.8499999046325684 0.099999994039536
			vertex 11.907137870788574 1.8499999046325684 4.77395921764641e-16
			vertex 11.924554824829102 1.9149999618530273 0.09999999403953598
		endloop
	endfacet
	facet normal 0.9659249302017197 -0.25882238932287727 0
		outer loop
			vertex 11.924554824829102 1.9149999618530273 0.09999999403953598
			vertex 11.907137870788574 1.8499999046325684 4.77395921764641e-16
			vertex 11.924554824829102 1.9149999618530273 4.6296300973901975e-16
		endloop
	endfacet
	facet normal 0.7071120956943746 -0.7071014666387772 0
		outer loop
			vertex 11.924554824829102 1.9149999618530273 0.09999999403953598
			vertex 11.924554824829102 1.9149999618530273 4.6296300973901975e-16
			vertex 11.972137451171875 1.962583303451538 0.09999999403953598
		endloop
	endfacet
	facet normal 0.7071120956943746 -0.7071014666387772 0
		outer loop
			vertex 11.972137451171875 1.962583303451538 0.09999999403953598
			vertex 11.924554824829102 1.9149999618530273 4.6296300973901975e-16
			vertex 11.972137451171875 1.962583303451538 4.523973854527656e-16
		endloop
	endfacet
	facet normal 0.25881731218688975 -0.9659262906207462 0
		outer loop
			vertex 11.972137451171875 1.962583303451538 0.09999999403953598
			vertex 11.972137451171875 1.962583303451538 4.523973854527656e-16
			vertex 12.037137985229492 1.9800000190734863 0.09999999403953597
		endloop
	endfacet
	facet normal 0.25881731218688975 -0.9659262906207461 0
		outer loop
			vertex 12.037137985229492 1.9800000190734863 0.09999999403953597
			vertex 11.972137451171875 1.962583303451538 4.523973854527656e-16
			vertex 12.037137985229492 1.9800000190734863 4.485300977133985e-16
		endloop
	endfacet
	facet normal -0.25881731218688975 -0.9659262906207462 0
		outer loop
			vertex 12.37258529663086 2.2799999713897705 0.09999999403953591
			vertex 12.37258529663086 2.2799999713897705 3.8191672682380095e-16
			vertex 12.437585830688477 2.2625832557678223 0.09999999403953591
		endloop
	endfacet
	facet normal -0.25881731218688975 -0.9659262906207462 0
		outer loop
			vertex 12.437585830688477 2.2625832557678223 0.09999999403953591
			vertex 12.37258529663086 2.2799999713897705 3.8191672682380095e-16
			vertex 12.437585830688477 2.2625832557678223 3.8578401456316807e-16
		endloop
	endfacet
	facet normal -0.7071120956943746 -0.7071014666387772 0
		outer loop
			vertex 12.437585830688477 2.2625832557678223 0.09999999403953591
			vertex 12.437585830688477 2.2625832557678223 3.8578401456316807e-16
			vertex 12.48516845703125 2.2149999141693115 0.09999999403953592
		endloop
	endfacet
	facet normal -0.7071120956943746 -0.7071014666387772 0
		outer loop
			vertex 12.48516845703125 2.2149999141693115 0.09999999403953592
			vertex 12.437585830688477 2.2625832557678223 3.8578401456316807e-16
			vertex 12.48516845703125 2.2149999141693115 3.963496388494222e-16
		endloop
	endfacet
	facet normal -0.9659249302017197 -0.25882238932287727 0
		outer loop
			vertex 12.48516845703125 2.2149999141693115 0.09999999403953592
			vertex 12.48516845703125 2.2149999141693115 3.963496388494222e-16
			vertex 12.502585411071777 2.1499998569488525 0.09999999403953594
		endloop
	endfacet
	facet normal -0.9659249302017197 -0.25882238932287727 0
		outer loop
			vertex 12.502585411071777 2.1499998569488525 0.09999999403953594
			vertex 12.48516845703125 2.2149999141693115 3.963496388494222e-16
			vertex 12.502585411071777 2.1499998569488525 4.1078255087504344e-16
		endloop
	endfacet
	facet normal -0.9659248115307382 0.2588228322024707 0
		outer loop
			vertex 12.502585411071777 2.1499998569488525 0.09999999403953594
			vertex 12.502585411071777 2.1499998569488525 4.1078255087504344e-16
			vertex 12.48516845703125 2.084999918937683 0.09999999403953595
		endloop
	endfacet
	facet normal -0.9659248115307382 0.2588228322024707 0
		outer loop
			vertex 12.48516845703125 2.084999918937683 0.09999999403953595
			vertex 12.502585411071777 2.1499998569488525 4.1078255087504344e-16
			vertex 12.48516845703125 2.084999918937683 4.252154364308851e-16
		endloop
	endfacet
	facet normal -0.7071120956943746 0.7071014666387772 0
		outer loop
			vertex 12.48516845703125 2.084999918937683 0.09999999403953595
			vertex 12.48516845703125 2.084999918937683 4.252154364308851e-16
			vertex 12.437585830688477 2.0374165773391724 0.09999999403953595
		endloop
	endfacet
	facet normal -0.7071120956943746 0.7071014666387772 0
		outer loop
			vertex 12.437585830688477 2.0374165773391724 0.09999999403953595
			vertex 12.48516845703125 2.084999918937683 4.252154364308851e-16
			vertex 12.437585830688477 2.0374165773391724 4.357810607171392e-16
		endloop
	endfacet
	facet normal -0.25881731218688975 0.9659262906207462 0
		outer loop
			vertex 12.437585830688477 2.0374165773391724 0.09999999403953595
			vertex 12.437585830688477 2.0374165773391724 4.357810607171392e-16
			vertex 12.37258529663086 2.019999861717224 0.09999999403953597
		endloop
	endfacet
	facet normal -0.25881731218688975 0.9659262906207462 0
		outer loop
			vertex 12.37258529663086 2.019999861717224 0.09999999403953597
			vertex 12.437585830688477 2.0374165773391724 4.357810607171392e-16
			vertex 12.37258529663086 2.019999861717224 4.3964834845650633e-16
		endloop
	endfacet
	facet normal 0.2588208551790388 0.9659253412787093 0
		outer loop
			vertex 12.37258529663086 2.019999861717224 0.09999999403953597
			vertex 12.37258529663086 2.019999861717224 4.3964834845650633e-16
			vertex 12.307585716247559 2.0374165773391724 0.09999999403953595
		endloop
	endfacet
	facet normal 0.25882085517903886 0.9659253412787094 0
		outer loop
			vertex 12.307585716247559 2.0374165773391724 0.09999999403953595
			vertex 12.37258529663086 2.019999861717224 4.3964834845650633e-16
			vertex 12.307585716247559 2.0374165773391724 4.357810607171392e-16
		endloop
	endfacet
	facet normal 0.7071050096928146 0.7071085526758424 0
		outer loop
			vertex 12.307585716247559 2.0374165773391724 0.09999999403953595
			vertex 12.307585716247559 2.0374165773391724 4.357810607171392e-16
			vertex 12.260002136230469 2.084999918937683 0.09999999403953595
		endloop
	endfacet
	facet normal 0.7071050096928146 0.7071085526758424 0
		outer loop
			vertex 12.260002136230469 2.084999918937683 0.09999999403953595
			vertex 12.307585716247559 2.0374165773391724 4.357810607171392e-16
			vertex 12.260002136230469 2.084999918937683 4.252154364308851e-16
		endloop
	endfacet
	facet normal 0.9659248115307382 0.2588228322024707 0
		outer loop
			vertex 12.260002136230469 2.084999918937683 0.09999999403953595
			vertex 12.260002136230469 2.084999918937683 4.252154364308851e-16
			vertex 12.242585182189941 2.1499998569488525 0.09999999403953594
		endloop
	endfacet
	facet normal 0.9659248115307382 0.2588228322024707 0
		outer loop
			vertex 12.242585182189941 2.1499998569488525 0.09999999403953594
			vertex 12.260002136230469 2.084999918937683 4.252154364308851e-16
			vertex 12.242585182189941 2.1499998569488525 4.1078255087504344e-16
		endloop
	endfacet
	facet normal 0.9659249302017197 -0.25882238932287727 0
		outer loop
			vertex 12.242585182189941 2.1499998569488525 0.09999999403953594
			vertex 12.242585182189941 2.1499998569488525 4.1078255087504344e-16
			vertex 12.260002136230469 2.2149999141693115 0.09999999403953592
		endloop
	endfacet
	facet normal 0.9659249302017197 -0.25882238932287727 0
		outer loop
			vertex 12.260002136230469 2.2149999141693115 0.09999999403953592
			vertex 12.242585182189941 2.1499998569488525 4.1078255087504344e-16
			vertex 12.260002136230469 2.2149999141693115 3.963496388494222e-16
		endloop
	endfacet
	facet normal 0.7071050096928146 -0.7071085526758424 0
		outer loop
			vertex 12.260002136230469 2.2149999141693115 0.09999999403953592
			vertex 12.260002136230469 2.2149999141693115 3.963496388494222e-16
			vertex 12.307585716247559 2.2625832557678223 0.09999999403953591
		endloop
	endfacet
	facet normal 0.7071050096928146 -0.7071085526758424 0
		outer loop
			vertex 12.307585716247559 2.2625832557678223 0.09999999403953591
			vertex 12.260002136230469 2.2149999141693115 3.963496388494222e-16
			vertex 12.307585716247559 2.2625832557678223 3.8578401456316807e-16
		endloop
	endfacet
	facet normal 0.2588208551790388 -0.9659253412787093 0
		outer loop
			vertex 12.307585716247559 2.2625832557678223 0.09999999403953591
			vertex 12.307585716247559 2.2625832557678223 3.8578401456316807e-16
			vertex 12.37258529663086 2.2799999713897705 0.09999999403953591
		endloop
	endfacet
	facet normal 0.2588208551790388 -0.9659253412787093 0
		outer loop
			vertex 12.37258529663086 2.2799999713897705 0.09999999403953591
			vertex 12.307585716247559 2.2625832557678223 3.8578401456316807e-16
			vertex 12.37258529663086 2.2799999713897705 3.8191672682380095e-16
		endloop
	endfacet
	facet normal -0.25881731218688975 -0.9659262906207462 0
		outer loop
			vertex 12.37258529663086 1.9800000190734863 0.09999999403953597
			vertex 12.37258529663086 1.9800000190734863 4.485300977133985e-16
			vertex 12.437585830688477 1.962583303451538 0.09999999403953598
		endloop
	endfacet
	facet normal -0.25881731218688975 -0.9659262906207462 0
		outer loop
			vertex 12.437585830688477 1.962583303451538 0.09999999403953598
			vertex 12.37258529663086 1.9800000190734863 4.485300977133985e-16
			vertex 12.437585830688477 1.962583303451538 4.523973854527656e-16
		endloop
	endfacet
	facet normal -0.7071120956943746 -0.7071014666387772 0
		outer loop
			vertex 12.437585830688477 1.962583303451538 0.09999999403953598
			vertex 12.437585830688477 1.962583303451538 4.523973854527656e-16
			vertex 12.48516845703125 1.9149999618530273 0.09999999403953598
		endloop
	endfacet
	facet normal -0.7071120956943746 -0.7071014666387772 0
		outer loop
			vertex 12.48516845703125 1.9149999618530273 0.09999999403953598
			vertex 12.437585830688477 1.962583303451538 4.523973854527656e-16
			vertex 12.48516845703125 1.9149999618530273 4.6296300973901975e-16
		endloop
	endfacet
	facet normal -0.9659249302017197 -0.25882238932287727 0
		outer loop
			vertex 12.48516845703125 1.9149999618530273 0.09999999403953598
			vertex 12.48516845703125 1.9149999618530273 4.6296300973901975e-16
			vertex 12.502585411071777 1.8499999046325684 0.099999994039536
		endloop
	endfacet
	facet normal -0.9659249302017197 -0.25882238932287727 0
		outer loop
			vertex 12.502585411071777 1.8499999046325684 0.099999994039536
			vertex 12.48516845703125 1.9149999618530273 4.6296300973901975e-16
			vertex 12.502585411071777 1.8499999046325684 4.77395921764641e-16
		endloop
	endfacet
	facet normal -0.9659249302017197 0.25882238932287727 0
		outer loop
			vertex 12.502585411071777 1.8499999046325684 0.099999994039536
			vertex 12.502585411071777 1.8499999046325684 4.77395921764641e-16
			vertex 12.48516845703125 1.7849998474121094 0.09999999403953601
		endloop
	endfacet
	facet normal -0.9659249302017197 0.25882238932287727 0
		outer loop
			vertex 12.48516845703125 1.7849998474121094 0.09999999403953601
			vertex 12.502585411071777 1.8499999046325684 4.77395921764641e-16
			vertex 12.48516845703125 1.7849998474121094 4.918288337902622e-16
		endloop
	endfacet
	facet normal -0.7071120956943746 0.7071014666387772 0
		outer loop
			vertex 12.48516845703125 1.7849998474121094 0.09999999403953601
			vertex 12.48516845703125 1.7849998474121094 4.918288337902622e-16
			vertex 12.437585830688477 1.7374165058135986 0.09999999403953602
		endloop
	endfacet
	facet normal -0.7071120956943746 0.7071014666387772 0
		outer loop
			vertex 12.437585830688477 1.7374165058135986 0.09999999403953602
			vertex 12.48516845703125 1.7849998474121094 4.918288337902622e-16
			vertex 12.437585830688477 1.7374165058135986 5.023944580765164e-16
		endloop
	endfacet
	facet normal -0.25881731218688975 0.9659262906207462 0
		outer loop
			vertex 12.437585830688477 1.7374165058135986 0.09999999403953602
			vertex 12.437585830688477 1.7374165058135986 5.023944580765164e-16
			vertex 12.37258529663086 1.7199997901916504 0.09999999403953602
		endloop
	endfacet
	facet normal -0.25881731218688975 0.9659262906207462 0
		outer loop
			vertex 12.37258529663086 1.7199997901916504 0.09999999403953602
			vertex 12.437585830688477 1.7374165058135986 5.023944580765164e-16
			vertex 12.37258529663086 1.7199997901916504 5.062617458158835e-16
		endloop
	endfacet
	facet normal 0.2588208551790388 0.9659253412787093 0
		outer loop
			vertex 12.37258529663086 1.7199997901916504 0.09999999403953602
			vertex 12.37258529663086 1.7199997901916504 5.062617458158835e-16
			vertex 12.307585716247559 1.7374165058135986 0.09999999403953602
		endloop
	endfacet
	facet normal 0.2588208551790388 0.9659253412787093 0
		outer loop
			vertex 12.307585716247559 1.7374165058135986 0.09999999403953602
			vertex 12.37258529663086 1.7199997901916504 5.062617458158835e-16
			vertex 12.307585716247559 1.7374165058135986 5.023944580765164e-16
		endloop
	endfacet
	facet normal 0.7071050096928146 0.7071085526758424 0
		outer loop
			vertex 12.307585716247559 1.7374165058135986 0.09999999403953602
			vertex 12.307585716247559 1.7374165058135986 5.023944580765164e-16
			vertex 12.260002136230469 1.7849998474121094 0.09999999403953601
		endloop
	endfacet
	facet normal 0.7071050096928146 0.7071085526758424 0
		outer loop
			vertex 12.260002136230469 1.7849998474121094 0.09999999403953601
			vertex 12.307585716247559 1.7374165058135986 5.023944580765164e-16
			vertex 12.260002136230469 1.7849998474121094 4.918288337902622e-16
		endloop
	endfacet
	facet normal 0.9659249302017197 0.25882238932287727 0
		outer loop
			vertex 12.260002136230469 1.7849998474121094 0.09999999403953601
			vertex 12.260002136230469 1.7849998474121094 4.918288337902622e-16
			vertex 12.242585182189941 1.8499999046325684 0.099999994039536
		endloop
	endfacet
	facet normal 0.9659249302017197 0.25882238932287727 0
		outer loop
			vertex 12.242585182189941 1.8499999046325684 0.099999994039536
			vertex 12.260002136230469 1.7849998474121094 4.918288337902622e-16
			vertex 12.242585182189941 1.8499999046325684 4.77395921764641e-16
		endloop
	endfacet
	facet normal 0.9659249302017197 -0.25882238932287727 0
		outer loop
			vertex 12.242585182189941 1.8499999046325684 0.099999994039536
			vertex 12.242585182189941 1.8499999046325684 4.77395921764641e-16
			vertex 12.260002136230469 1.9149999618530273 0.09999999403953598
		endloop
	endfacet
	facet normal 0.9659249302017197 -0.25882238932287727 0
		outer loop
			vertex 12.260002136230469 1.9149999618530273 0.09999999403953598
			vertex 12.242585182189941 1.8499999046325684 4.77395921764641e-16
			vertex 12.260002136230469 1.9149999618530273 4.6296300973901975e-16
		endloop
	endfacet
	facet normal 0.7071050096928146 -0.7071085526758424 0
		outer loop
			vertex 12.260002136230469 1.9149999618530273 0.09999999403953598
			vertex 12.260002136230469 1.9149999618530273 4.6296300973901975e-16
			vertex 12.307585716247559 1.962583303451538 0.09999999403953598
		endloop
	endfacet
	facet normal 0.7071050096928146 -0.7071085526758424 0
		outer loop
			vertex 12.307585716247559 1.962583303451538 0.09999999403953598
			vertex 12.260002136230469 1.9149999618530273 4.6296300973901975e-16
			vertex 12.307585716247559 1.962583303451538 4.523973854527656e-16
		endloop
	endfacet
	facet normal 0.2588208551790388 -0.9659253412787093 0
		outer loop
			vertex 12.307585716247559 1.962583303451538 0.09999999403953598
			vertex 12.307585716247559 1.962583303451538 4.523973854527656e-16
			vertex 12.37258529663086 1.9800000190734863 0.09999999403953597
		endloop
	endfacet
	facet normal 0.25882085517903886 -0.9659253412787094 0
		outer loop
			vertex 12.37258529663086 1.9800000190734863 0.09999999403953597
			vertex 12.307585716247559 1.962583303451538 4.523973854527656e-16
			vertex 12.37258529663086 1.9800000190734863 4.485300977133985e-16
		endloop
	endfacet
	facet normal -0.2588208551790388 -0.9659253412787093 0
		outer loop
			vertex 12.708033561706543 2.2799999713897705 0.09999999403953591
			vertex 12.708033561706543 2.2799999713897705 3.8191672682380095e-16
			vertex 12.773033142089844 2.2625832557678223 0.09999999403953591
		endloop
	endfacet
	facet normal -0.2588208551790388 -0.9659253412787093 0
		outer loop
			vertex 12.773033142089844 2.2625832557678223 0.09999999403953591
			vertex 12.708033561706543 2.2799999713897705 3.8191672682380095e-16
			vertex 12.773033142089844 2.2625832557678223 3.8578401456316807e-16
		endloop
	endfacet
	facet normal -0.7071120956943746 -0.7071014666387772 0
		outer loop
			vertex 12.773033142089844 2.2625832557678223 0.09999999403953591
			vertex 12.773033142089844 2.2625832557678223 3.8578401456316807e-16
			vertex 12.820615768432617 2.2149999141693115 0.09999999403953592
		endloop
	endfacet
	facet normal -0.7071120956943746 -0.7071014666387772 0
		outer loop
			vertex 12.820615768432617 2.2149999141693115 0.09999999403953592
			vertex 12.773033142089844 2.2625832557678223 3.8578401456316807e-16
			vertex 12.820615768432617 2.2149999141693115 3.963496388494222e-16
		endloop
	endfacet
	facet normal -0.9659249302017197 -0.25882238932287727 0
		outer loop
			vertex 12.820615768432617 2.2149999141693115 0.09999999403953592
			vertex 12.820615768432617 2.2149999141693115 3.963496388494222e-16
			vertex 12.838032722473145 2.1499998569488525 0.09999999403953594
		endloop
	endfacet
	facet normal -0.9659249302017197 -0.25882238932287727 0
		outer loop
			vertex 12.838032722473145 2.1499998569488525 0.09999999403953594
			vertex 12.820615768432617 2.2149999141693115 3.963496388494222e-16
			vertex 12.838032722473145 2.1499998569488525 4.1078255087504344e-16
		endloop
	endfacet
	facet normal -0.9659248115307382 0.2588228322024707 0
		outer loop
			vertex 12.838032722473145 2.1499998569488525 0.09999999403953594
			vertex 12.838032722473145 2.1499998569488525 4.1078255087504344e-16
			vertex 12.820615768432617 2.084999918937683 0.09999999403953595
		endloop
	endfacet
	facet normal -0.9659248115307382 0.2588228322024707 0
		outer loop
			vertex 12.820615768432617 2.084999918937683 0.09999999403953595
			vertex 12.838032722473145 2.1499998569488525 4.1078255087504344e-16
			vertex 12.820615768432617 2.084999918937683 4.252154364308851e-16
		endloop
	endfacet
	facet normal -0.7071120956943746 0.7071014666387772 0
		outer loop
			vertex 12.820615768432617 2.084999918937683 0.09999999403953595
			vertex 12.820615768432617 2.084999918937683 4.252154364308851e-16
			vertex 12.773033142089844 2.0374165773391724 0.09999999403953595
		endloop
	endfacet
	facet normal -0.7071120956943746 0.7071014666387772 0
		outer loop
			vertex 12.773033142089844 2.0374165773391724 0.09999999403953595
			vertex 12.820615768432617 2.084999918937683 4.252154364308851e-16
			vertex 12.773033142089844 2.0374165773391724 4.357810607171392e-16
		endloop
	endfacet
	facet normal -0.2588208551790388 0.9659253412787093 0
		outer loop
			vertex 12.773033142089844 2.0374165773391724 0.09999999403953595
			vertex 12.773033142089844 2.0374165773391724 4.357810607171392e-16
			vertex 12.708033561706543 2.019999861717224 0.09999999403953597
		endloop
	endfacet
	facet normal -0.2588208551790388 0.9659253412787093 0
		outer loop
			vertex 12.708033561706543 2.019999861717224 0.09999999403953597
			vertex 12.773033142089844 2.0374165773391724 4.357810607171392e-16
			vertex 12.708033561706543 2.019999861717224 4.3964834845650633e-16
		endloop
	endfacet
	facet normal 0.25881731218688975 0.9659262906207462 0
		outer loop
			vertex 12.708033561706543 2.019999861717224 0.09999999403953597
			vertex 12.708033561706543 2.019999861717224 4.3964834845650633e-16
			vertex 12.643033027648926 2.0374165773391724 0.09999999403953595
		endloop
	endfacet
	facet normal 0.25881731218688975 0.9659262906207461 0
		outer loop
			vertex 12.643033027648926 2.0374165773391724 0.09999999403953595
			vertex 12.708033561706543 2.019999861717224 4.3964834845650633e-16
			vertex 12.643033027648926 2.0374165773391724 4.357810607171392e-16
		endloop
	endfacet
	facet normal 0.7071120956943746 0.7071014666387772 0
		outer loop
			vertex 12.643033027648926 2.0374165773391724 0.09999999403953595
			vertex 12.643033027648926 2.0374165773391724 4.357810607171392e-16
			vertex 12.595450401306152 2.084999918937683 0.09999999403953595
		endloop
	endfacet
	facet normal 0.7071120956943746 0.7071014666387772 0
		outer loop
			vertex 12.595450401306152 2.084999918937683 0.09999999403953595
			vertex 12.643033027648926 2.0374165773391724 4.357810607171392e-16
			vertex 12.595450401306152 2.084999918937683 4.252154364308851e-16
		endloop
	endfacet
	facet normal 0.9659248115307382 0.2588228322024707 0
		outer loop
			vertex 12.595450401306152 2.084999918937683 0.09999999403953595
			vertex 12.595450401306152 2.084999918937683 4.252154364308851e-16
			vertex 12.578033447265625 2.1499998569488525 0.09999999403953594
		endloop
	endfacet
	facet normal 0.9659248115307382 0.2588228322024707 0
		outer loop
			vertex 12.578033447265625 2.1499998569488525 0.09999999403953594
			vertex 12.595450401306152 2.084999918937683 4.252154364308851e-16
			vertex 12.578033447265625 2.1499998569488525 4.1078255087504344e-16
		endloop
	endfacet
	facet normal 0.9659249302017197 -0.25882238932287727 0
		outer loop
			vertex 12.578033447265625 2.1499998569488525 0.09999999403953594
			vertex 12.578033447265625 2.1499998569488525 4.1078255087504344e-16
			vertex 12.595450401306152 2.2149999141693115 0.09999999403953592
		endloop
	endfacet
	facet normal 0.9659249302017197 -0.25882238932287727 0
		outer loop
			vertex 12.595450401306152 2.2149999141693115 0.09999999403953592
			vertex 12.578033447265625 2.1499998569488525 4.1078255087504344e-16
			vertex 12.595450401306152 2.2149999141693115 3.963496388494222e-16
		endloop
	endfacet
	facet normal 0.7071120956943746 -0.7071014666387772 0
		outer loop
			vertex 12.595450401306152 2.2149999141693115 0.09999999403953592
			vertex 12.595450401306152 2.2149999141693115 3.963496388494222e-16
			vertex 12.643033027648926 2.2625832557678223 0.09999999403953591
		endloop
	endfacet
	facet normal 0.7071120956943746 -0.7071014666387772 0
		outer loop
			vertex 12.643033027648926 2.2625832557678223 0.09999999403953591
			vertex 12.595450401306152 2.2149999141693115 3.963496388494222e-16
			vertex 12.643033027648926 2.2625832557678223 3.8578401456316807e-16
		endloop
	endfacet
	facet normal 0.25881731218688975 -0.9659262906207462 0
		outer loop
			vertex 12.643033027648926 2.2625832557678223 0.09999999403953591
			vertex 12.643033027648926 2.2625832557678223 3.8578401456316807e-16
			vertex 12.708033561706543 2.2799999713897705 0.09999999403953591
		endloop
	endfacet
	facet normal 0.25881731218688975 -0.9659262906207462 0
		outer loop
			vertex 12.708033561706543 2.2799999713897705 0.09999999403953591
			vertex 12.643033027648926 2.2625832557678223 3.8578401456316807e-16
			vertex 12.708033561706543 2.2799999713897705 3.8191672682380095e-16
		endloop
	endfacet
	facet normal -0.2588208551790388 -0.9659253412787093 0
		outer loop
			vertex 12.708033561706543 1.9800000190734863 0.09999999403953597
			vertex 12.708033561706543 1.9800000190734863 4.485300977133985e-16
			vertex 12.773033142089844 1.962583303451538 0.09999999403953598
		endloop
	endfacet
	facet normal -0.2588208551790388 -0.9659253412787093 0
		outer loop
			vertex 12.773033142089844 1.962583303451538 0.09999999403953598
			vertex 12.708033561706543 1.9800000190734863 4.485300977133985e-16
			vertex 12.773033142089844 1.962583303451538 4.523973854527656e-16
		endloop
	endfacet
	facet normal -0.7071120956943746 -0.7071014666387772 0
		outer loop
			vertex 12.773033142089844 1.962583303451538 0.09999999403953598
			vertex 12.773033142089844 1.962583303451538 4.523973854527656e-16
			vertex 12.820615768432617 1.9149999618530273 0.09999999403953598
		endloop
	endfacet
	facet normal -0.7071120956943746 -0.7071014666387772 0
		outer loop
			vertex 12.820615768432617 1.9149999618530273 0.09999999403953598
			vertex 12.773033142089844 1.962583303451538 4.523973854527656e-16
			vertex 12.820615768432617 1.9149999618530273 4.6296300973901975e-16
		endloop
	endfacet
	facet normal -0.9659249302017197 -0.25882238932287727 0
		outer loop
			vertex 12.820615768432617 1.9149999618530273 0.09999999403953598
			vertex 12.820615768432617 1.9149999618530273 4.6296300973901975e-16
			vertex 12.838032722473145 1.8499999046325684 0.099999994039536
		endloop
	endfacet
	facet normal -0.9659249302017197 -0.25882238932287727 0
		outer loop
			vertex 12.838032722473145 1.8499999046325684 0.099999994039536
			vertex 12.820615768432617 1.9149999618530273 4.6296300973901975e-16
			vertex 12.838032722473145 1.8499999046325684 4.77395921764641e-16
		endloop
	endfacet
	facet normal -0.9659249302017197 0.25882238932287727 0
		outer loop
			vertex 12.838032722473145 1.8499999046325684 0.099999994039536
			vertex 12.838032722473145 1.8499999046325684 4.77395921764641e-16
			vertex 12.820615768432617 1.7849998474121094 0.09999999403953601
		endloop
	endfacet
	facet normal -0.9659249302017197 0.25882238932287727 0
		outer loop
			vertex 12.820615768432617 1.7849998474121094 0.09999999403953601
			vertex 12.838032722473145 1.8499999046325684 4.77395921764641e-16
			vertex 12.820615768432617 1.7849998474121094 4.918288337902622e-16
		endloop
	endfacet
	facet normal -0.7071120956943746 0.7071014666387772 0
		outer loop
			vertex 12.820615768432617 1.7849998474121094 0.09999999403953601
			vertex 12.820615768432617 1.7849998474121094 4.918288337902622e-16
			vertex 12.773033142089844 1.7374165058135986 0.09999999403953602
		endloop
	endfacet
	facet normal -0.7071120956943746 0.7071014666387772 0
		outer loop
			vertex 12.773033142089844 1.7374165058135986 0.09999999403953602
			vertex 12.820615768432617 1.7849998474121094 4.918288337902622e-16
			vertex 12.773033142089844 1.7374165058135986 5.023944580765164e-16
		endloop
	endfacet
	facet normal -0.2588208551790388 0.9659253412787093 0
		outer loop
			vertex 12.773033142089844 1.7374165058135986 0.09999999403953602
			vertex 12.773033142089844 1.7374165058135986 5.023944580765164e-16
			vertex 12.708033561706543 1.7199997901916504 0.09999999403953602
		endloop
	endfacet
	facet normal -0.2588208551790388 0.9659253412787093 0
		outer loop
			vertex 12.708033561706543 1.7199997901916504 0.09999999403953602
			vertex 12.773033142089844 1.7374165058135986 5.023944580765164e-16
			vertex 12.708033561706543 1.7199997901916504 5.062617458158835e-16
		endloop
	endfacet
	facet normal 0.25881731218688975 0.9659262906207462 0
		outer loop
			vertex 12.708033561706543 1.7199997901916504 0.09999999403953602
			vertex 12.708033561706543 1.7199997901916504 5.062617458158835e-16
			vertex 12.643033027648926 1.7374165058135986 0.09999999403953602
		endloop
	endfacet
	facet normal 0.25881731218688975 0.9659262906207462 0
		outer loop
			vertex 12.643033027648926 1.7374165058135986 0.09999999403953602
			vertex 12.708033561706543 1.7199997901916504 5.062617458158835e-16
			vertex 12.643033027648926 1.7374165058135986 5.023944580765164e-16
		endloop
	endfacet
	facet normal 0.7071120956943746 0.7071014666387772 0
		outer loop
			vertex 12.643033027648926 1.7374165058135986 0.09999999403953602
			vertex 12.643033027648926 1.7374165058135986 5.023944580765164e-16
			vertex 12.595450401306152 1.7849998474121094 0.09999999403953601
		endloop
	endfacet
	facet normal 0.7071120956943746 0.7071014666387772 0
		outer loop
			vertex 12.595450401306152 1.7849998474121094 0.09999999403953601
			vertex 12.643033027648926 1.7374165058135986 5.023944580765164e-16
			vertex 12.595450401306152 1.7849998474121094 4.918288337902622e-16
		endloop
	endfacet
	facet normal 0.9659249302017197 0.25882238932287727 0
		outer loop
			vertex 12.595450401306152 1.7849998474121094 0.09999999403953601
			vertex 12.595450401306152 1.7849998474121094 4.918288337902622e-16
			vertex 12.578033447265625 1.8499999046325684 0.099999994039536
		endloop
	endfacet
	facet normal 0.9659249302017197 0.25882238932287727 0
		outer loop
			vertex 12.578033447265625 1.8499999046325684 0.099999994039536
			vertex 12.595450401306152 1.7849998474121094 4.918288337902622e-16
			vertex 12.578033447265625 1.8499999046325684 4.77395921764641e-16
		endloop
	endfacet
	facet normal 0.9659249302017197 -0.25882238932287727 0
		outer loop
			vertex 12.578033447265625 1.8499999046325684 0.099999994039536
			vertex 12.578033447265625 1.8499999046325684 4.77395921764641e-16
			vertex 12.595450401306152 1.9149999618530273 0.09999999403953598
		endloop
	endfacet
	facet normal 0.9659249302017197 -0.25882238932287727 0
		outer loop
			vertex 12.595450401306152 1.9149999618530273 0.09999999403953598
			vertex 12.578033447265625 1.8499999046325684 4.77395921764641e-16
			vertex 12.595450401306152 1.9149999618530273 4.6296300973901975e-16
		endloop
	endfacet
	facet normal 0.7071120956943746 -0.7071014666387772 0
		outer loop
			vertex 12.595450401306152 1.9149999618530273 0.09999999403953598
			vertex 12.595450401306152 1.9149999618530273 4.6296300973901975e-16
			vertex 12.643033027648926 1.962583303451538 0.09999999403953598
		endloop
	endfacet
	facet normal 0.7071120956943746 -0.7071014666387772 0
		outer loop
			vertex 12.643033027648926 1.962583303451538 0.09999999403953598
			vertex 12.595450401306152 1.9149999618530273 4.6296300973901975e-16
			vertex 12.643033027648926 1.962583303451538 4.523973854527656e-16
		endloop
	endfacet
	facet normal 0.25881731218688975 -0.9659262906207462 0
		outer loop
			vertex 12.643033027648926 1.962583303451538 0.09999999403953598
			vertex 12.643033027648926 1.962583303451538 4.523973854527656e-16
			vertex 12.708033561706543 1.9800000190734863 0.09999999403953597
		endloop
	endfacet
	facet normal 0.25881731218688975 -0.9659262906207461 0
		outer loop
			vertex 12.708033561706543 1.9800000190734863 0.09999999403953597
			vertex 12.643033027648926 1.962583303451538 4.523973854527656e-16
			vertex 12.708033561706543 1.9800000190734863 4.485300977133985e-16
		endloop
	endfacet
	facet normal -0.2588208551790388 -0.9659253412787093 0
		outer loop
			vertex 13.04348087310791 2.2799999713897705 0.09999999403953591
			vertex 13.04348087310791 2.2799999713897705 3.8191672682380095e-16
			vertex 13.108480453491211 2.2625832557678223 0.09999999403953591
		endloop
	endfacet
	facet normal -0.2588208551790388 -0.9659253412787093 0
		outer loop
			vertex 13.108480453491211 2.2625832557678223 0.09999999403953591
			vertex 13.04348087310791 2.2799999713897705 3.8191672682380095e-16
			vertex 13.108480453491211 2.2625832557678223 3.8578401456316807e-16
		endloop
	endfacet
	facet normal -0.7070979237622645 -0.7071156384998813 0
		outer loop
			vertex 13.108480453491211 2.2625832557678223 0.09999999403953591
			vertex 13.108480453491211 2.2625832557678223 3.8578401456316807e-16
			vertex 13.156064987182617 2.2149999141693115 0.09999999403953592
		endloop
	endfacet
	facet normal -0.7070979237622645 -0.7071156384998813 0
		outer loop
			vertex 13.156064987182617 2.2149999141693115 0.09999999403953592
			vertex 13.108480453491211 2.2625832557678223 3.8578401456316807e-16
			vertex 13.156064987182617 2.2149999141693115 3.963496388494222e-16
		endloop
	endfacet
	facet normal -0.9659284731551147 -0.25880916666190373 0
		outer loop
			vertex 13.156064987182617 2.2149999141693115 0.09999999403953592
			vertex 13.156064987182617 2.2149999141693115 3.963496388494222e-16
			vertex 13.173480987548828 2.1499998569488525 0.09999999403953594
		endloop
	endfacet
	facet normal -0.9659284731551147 -0.25880916666190373 0
		outer loop
			vertex 13.173480987548828 2.1499998569488525 0.09999999403953594
			vertex 13.156064987182617 2.2149999141693115 3.963496388494222e-16
			vertex 13.173480987548828 2.1499998569488525 4.1078255087504344e-16
		endloop
	endfacet
	facet normal -0.9659283544958228 0.2588096095221202 0
		outer loop
			vertex 13.173480987548828 2.1499998569488525 0.09999999403953594
			vertex 13.173480987548828 2.1499998569488525 4.1078255087504344e-16
			vertex 13.156064987182617 2.084999918937683 0.09999999403953595
		endloop
	endfacet
	facet normal -0.9659283544958228 0.2588096095221202 0
		outer loop
			vertex 13.156064987182617 2.084999918937683 0.09999999403953595
			vertex 13.173480987548828 2.1499998569488525 4.1078255087504344e-16
			vertex 13.156064987182617 2.084999918937683 4.252154364308851e-16
		endloop
	endfacet
	facet normal -0.7070979237622645 0.7071156384998813 0
		outer loop
			vertex 13.156064987182617 2.084999918937683 0.09999999403953595
			vertex 13.156064987182617 2.084999918937683 4.252154364308851e-16
			vertex 13.108480453491211 2.0374165773391724 0.09999999403953595
		endloop
	endfacet
	facet normal -0.7070979237622645 0.7071156384998813 0
		outer loop
			vertex 13.108480453491211 2.0374165773391724 0.09999999403953595
			vertex 13.156064987182617 2.084999918937683 4.252154364308851e-16
			vertex 13.108480453491211 2.0374165773391724 4.357810607171392e-16
		endloop
	endfacet
	facet normal -0.2588208551790388 0.9659253412787093 0
		outer loop
			vertex 13.108480453491211 2.0374165773391724 0.09999999403953595
			vertex 13.108480453491211 2.0374165773391724 4.357810607171392e-16
			vertex 13.04348087310791 2.019999861717224 0.09999999403953597
		endloop
	endfacet
	facet normal -0.2588208551790388 0.9659253412787093 0
		outer loop
			vertex 13.04348087310791 2.019999861717224 0.09999999403953597
			vertex 13.108480453491211 2.0374165773391724 4.357810607171392e-16
			vertex 13.04348087310791 2.019999861717224 4.3964834845650633e-16
		endloop
	endfacet
	facet normal 0.2588208551790388 0.9659253412787093 0
		outer loop
			vertex 13.04348087310791 2.019999861717224 0.09999999403953597
			vertex 13.04348087310791 2.019999861717224 4.3964834845650633e-16
			vertex 12.97848129272461 2.0374165773391724 0.09999999403953595
		endloop
	endfacet
	facet normal 0.25882085517903886 0.9659253412787094 0
		outer loop
			vertex 12.97848129272461 2.0374165773391724 0.09999999403953595
			vertex 13.04348087310791 2.019999861717224 4.3964834845650633e-16
			vertex 12.97848129272461 2.0374165773391724 4.357810607171392e-16
		endloop
	endfacet
	facet normal 0.7071050096928146 0.7071085526758424 0
		outer loop
			vertex 12.97848129272461 2.0374165773391724 0.09999999403953595
			vertex 12.97848129272461 2.0374165773391724 4.357810607171392e-16
			vertex 12.93089771270752 2.084999918937683 0.09999999403953595
		endloop
	endfacet
	facet normal 0.7071050096928146 0.7071085526758424 0
		outer loop
			vertex 12.93089771270752 2.084999918937683 0.09999999403953595
			vertex 12.97848129272461 2.0374165773391724 4.357810607171392e-16
			vertex 12.93089771270752 2.084999918937683 4.252154364308851e-16
		endloop
	endfacet
	facet normal 0.9659248115307382 0.2588228322024707 0
		outer loop
			vertex 12.93089771270752 2.084999918937683 0.09999999403953595
			vertex 12.93089771270752 2.084999918937683 4.252154364308851e-16
			vertex 12.913480758666992 2.1499998569488525 0.09999999403953594
		endloop
	endfacet
	facet normal 0.9659248115307382 0.2588228322024707 0
		outer loop
			vertex 12.913480758666992 2.1499998569488525 0.09999999403953594
			vertex 12.93089771270752 2.084999918937683 4.252154364308851e-16
			vertex 12.913480758666992 2.1499998569488525 4.1078255087504344e-16
		endloop
	endfacet
	facet normal 0.9659249302017197 -0.25882238932287727 0
		outer loop
			vertex 12.913480758666992 2.1499998569488525 0.09999999403953594
			vertex 12.913480758666992 2.1499998569488525 4.1078255087504344e-16
			vertex 12.93089771270752 2.2149999141693115 0.09999999403953592
		endloop
	endfacet
	facet normal 0.9659249302017197 -0.25882238932287727 0
		outer loop
			vertex 12.93089771270752 2.2149999141693115 0.09999999403953592
			vertex 12.913480758666992 2.1499998569488525 4.1078255087504344e-16
			vertex 12.93089771270752 2.2149999141693115 3.963496388494222e-16
		endloop
	endfacet
	facet normal 0.7071050096928146 -0.7071085526758424 0
		outer loop
			vertex 12.93089771270752 2.2149999141693115 0.09999999403953592
			vertex 12.93089771270752 2.2149999141693115 3.963496388494222e-16
			vertex 12.97848129272461 2.2625832557678223 0.09999999403953591
		endloop
	endfacet
	facet normal 0.7071050096928146 -0.7071085526758424 0
		outer loop
			vertex 12.97848129272461 2.2625832557678223 0.09999999403953591
			vertex 12.93089771270752 2.2149999141693115 3.963496388494222e-16
			vertex 12.97848129272461 2.2625832557678223 3.8578401456316807e-16
		endloop
	endfacet
	facet normal 0.2588208551790388 -0.9659253412787093 0
		outer loop
			vertex 12.97848129272461 2.2625832557678223 0.09999999403953591
			vertex 12.97848129272461 2.2625832557678223 3.8578401456316807e-16
			vertex 13.04348087310791 2.2799999713897705 0.09999999403953591
		endloop
	endfacet
	facet normal 0.2588208551790388 -0.9659253412787093 0
		outer loop
			vertex 13.04348087310791 2.2799999713897705 0.09999999403953591
			vertex 12.97848129272461 2.2625832557678223 3.8578401456316807e-16
			vertex 13.04348087310791 2.2799999713897705 3.8191672682380095e-16
		endloop
	endfacet
	facet normal -0.2588208551790388 -0.9659253412787093 0
		outer loop
			vertex 13.04348087310791 1.9800000190734863 0.09999999403953597
			vertex 13.04348087310791 1.9800000190734863 4.485300977133985e-16
			vertex 13.108480453491211 1.962583303451538 0.09999999403953598
		endloop
	endfacet
	facet normal -0.2588208551790388 -0.9659253412787093 0
		outer loop
			vertex 13.108480453491211 1.962583303451538 0.09999999403953598
			vertex 13.04348087310791 1.9800000190734863 4.485300977133985e-16
			vertex 13.108480453491211 1.962583303451538 4.523973854527656e-16
		endloop
	endfacet
	facet normal -0.7070979237622645 -0.7071156384998813 0
		outer loop
			vertex 13.108480453491211 1.962583303451538 0.09999999403953598
			vertex 13.108480453491211 1.962583303451538 4.523973854527656e-16
			vertex 13.156064987182617 1.9149999618530273 0.09999999403953598
		endloop
	endfacet
	facet normal -0.7070979237622645 -0.7071156384998813 0
		outer loop
			vertex 13.156064987182617 1.9149999618530273 0.09999999403953598
			vertex 13.108480453491211 1.962583303451538 4.523973854527656e-16
			vertex 13.156064987182617 1.9149999618530273 4.6296300973901975e-16
		endloop
	endfacet
	facet normal -0.9659284731551147 -0.25880916666190373 0
		outer loop
			vertex 13.156064987182617 1.9149999618530273 0.09999999403953598
			vertex 13.156064987182617 1.9149999618530273 4.6296300973901975e-16
			vertex 13.173480987548828 1.8499999046325684 0.099999994039536
		endloop
	endfacet
	facet normal -0.9659284731551147 -0.25880916666190373 0
		outer loop
			vertex 13.173480987548828 1.8499999046325684 0.099999994039536
			vertex 13.156064987182617 1.9149999618530273 4.6296300973901975e-16
			vertex 13.173480987548828 1.8499999046325684 4.77395921764641e-16
		endloop
	endfacet
	facet normal -0.9659284731551147 0.25880916666190373 0
		outer loop
			vertex 13.173480987548828 1.8499999046325684 0.099999994039536
			vertex 13.173480987548828 1.8499999046325684 4.77395921764641e-16
			vertex 13.156064987182617 1.7849998474121094 0.09999999403953601
		endloop
	endfacet
	facet normal -0.9659284731551147 0.25880916666190373 0
		outer loop
			vertex 13.156064987182617 1.7849998474121094 0.09999999403953601
			vertex 13.173480987548828 1.8499999046325684 4.77395921764641e-16
			vertex 13.156064987182617 1.7849998474121094 4.918288337902622e-16
		endloop
	endfacet
	facet normal -0.7070979237622645 0.7071156384998813 0
		outer loop
			vertex 13.156064987182617 1.7849998474121094 0.09999999403953601
			vertex 13.156064987182617 1.7849998474121094 4.918288337902622e-16
			vertex 13.108480453491211 1.7374165058135986 0.09999999403953602
		endloop
	endfacet
	facet normal -0.7070979237622645 0.7071156384998813 0
		outer loop
			vertex 13.108480453491211 1.7374165058135986 0.09999999403953602
			vertex 13.156064987182617 1.7849998474121094 4.918288337902622e-16
			vertex 13.108480453491211 1.7374165058135986 5.023944580765164e-16
		endloop
	endfacet
	facet normal -0.2588208551790388 0.9659253412787093 0
		outer loop
			vertex 13.108480453491211 1.7374165058135986 0.09999999403953602
			vertex 13.108480453491211 1.7374165058135986 5.023944580765164e-16
			vertex 13.04348087310791 1.7199997901916504 0.09999999403953602
		endloop
	endfacet
	facet normal -0.2588208551790388 0.9659253412787093 0
		outer loop
			vertex 13.04348087310791 1.7199997901916504 0.09999999403953602
			vertex 13.108480453491211 1.7374165058135986 5.023944580765164e-16
			vertex 13.04348087310791 1.7199997901916504 5.062617458158835e-16
		endloop
	endfacet
	facet normal 0.2588208551790388 0.9659253412787093 0
		outer loop
			vertex 13.04348087310791 1.7199997901916504 0.09999999403953602
			vertex 13.04348087310791 1.7199997901916504 5.062617458158835e-16
			vertex 12.97848129272461 1.7374165058135986 0.09999999403953602
		endloop
	endfacet
	facet normal 0.2588208551790388 0.9659253412787093 0
		outer loop
			vertex 12.97848129272461 1.7374165058135986 0.09999999403953602
			vertex 13.04348087310791 1.7199997901916504 5.062617458158835e-16
			vertex 12.97848129272461 1.7374165058135986 5.023944580765164e-16
		endloop
	endfacet
	facet normal 0.7071050096928146 0.7071085526758424 0
		outer loop
			vertex 12.97848129272461 1.7374165058135986 0.09999999403953602
			vertex 12.97848129272461 1.7374165058135986 5.023944580765164e-16
			vertex 12.93089771270752 1.7849998474121094 0.09999999403953601
		endloop
	endfacet
	facet normal 0.7071050096928146 0.7071085526758424 0
		outer loop
			vertex 12.93089771270752 1.7849998474121094 0.09999999403953601
			vertex 12.97848129272461 1.7374165058135986 5.023944580765164e-16
			vertex 12.93089771270752 1.7849998474121094 4.918288337902622e-16
		endloop
	endfacet
	facet normal 0.9659249302017197 0.25882238932287727 0
		outer loop
			vertex 12.93089771270752 1.7849998474121094 0.09999999403953601
			vertex 12.93089771270752 1.7849998474121094 4.918288337902622e-16
			vertex 12.913480758666992 1.8499999046325684 0.099999994039536
		endloop
	endfacet
	facet normal 0.9659249302017197 0.25882238932287727 0
		outer loop
			vertex 12.913480758666992 1.8499999046325684 0.099999994039536
			vertex 12.93089771270752 1.7849998474121094 4.918288337902622e-16
			vertex 12.913480758666992 1.8499999046325684 4.77395921764641e-16
		endloop
	endfacet
	facet normal 0.9659249302017197 -0.25882238932287727 0
		outer loop
			vertex 12.913480758666992 1.8499999046325684 0.099999994039536
			vertex 12.913480758666992 1.8499999046325684 4.77395921764641e-16
			vertex 12.93089771270752 1.9149999618530273 0.09999999403953598
		endloop
	endfacet
	facet normal 0.9659249302017197 -0.25882238932287727 0
		outer loop
			vertex 12.93089771270752 1.9149999618530273 0.09999999403953598
			vertex 12.913480758666992 1.8499999046325684 4.77395921764641e-16
			vertex 12.93089771270752 1.9149999618530273 4.6296300973901975e-16
		endloop
	endfacet
	facet normal 0.7071050096928146 -0.7071085526758424 0
		outer loop
			vertex 12.93089771270752 1.9149999618530273 0.09999999403953598
			vertex 12.93089771270752 1.9149999618530273 4.6296300973901975e-16
			vertex 12.97848129272461 1.962583303451538 0.09999999403953598
		endloop
	endfacet
	facet normal 0.7071050096928146 -0.7071085526758424 0
		outer loop
			vertex 12.97848129272461 1.962583303451538 0.09999999403953598
			vertex 12.93089771270752 1.9149999618530273 4.6296300973901975e-16
			vertex 12.97848129272461 1.962583303451538 4.523973854527656e-16
		endloop
	endfacet
	facet normal 0.2588208551790388 -0.9659253412787093 0
		outer loop
			vertex 12.97848129272461 1.962583303451538 0.09999999403953598
			vertex 12.97848129272461 1.962583303451538 4.523973854527656e-16
			vertex 13.04348087310791 1.9800000190734863 0.09999999403953597
		endloop
	endfacet
	facet normal 0.25882085517903886 -0.9659253412787094 0
		outer loop
			vertex 13.04348087310791 1.9800000190734863 0.09999999403953597
			vertex 12.97848129272461 1.962583303451538 4.523973854527656e-16
			vertex 13.04348087310791 1.9800000190734863 4.485300977133985e-16
		endloop
	endfacet
	facet normal 0 -2.220446049250313e-16 -1
		outer loop
			vertex 10.916242599487305 3.1399998664855957 1.9095838988168008e-16
			vertex 10.916242599487305 4 0
			vertex 11.076242446899414 4 0
		endloop
	endfacet
	facet normal 0 -2.220446049250313e-16 -1
		outer loop
			vertex 10.916242599487305 3.1399998664855957 1.9095838988168008e-16
			vertex 11.076242446899414 3.1399998664855957 1.9095838988168008e-16
			vertex 10.916242599487305 2 4.440892098500626e-16
		endloop
	endfacet
	facet normal 0 -2.220446049250313e-16 -1
		outer loop
			vertex 10.916242599487305 2 4.440892098500626e-16
			vertex 11.076242446899414 3.1399998664855957 1.9095838988168008e-16
			vertex 11.076242446899414 2 4.440892098500626e-16
		endloop
	endfacet
	facet normal 0 -2.220446049250313e-16 -1
		outer loop
			vertex 10.916242599487305 2 4.440892098500626e-16
			vertex 11.076242446899414 2 4.440892098500626e-16
			vertex 10.916242599487305 0 8.881784197001252e-16
		endloop
	endfacet
	facet normal 0 -2.220446049250313e-16 -1
		outer loop
			vertex 10.916242599487305 0 8.881784197001252e-16
			vertex 11.076242446899414 2 4.440892098500626e-16
			vertex 11.076242446899414 0 8.881784197001252e-16
		endloop
	endfacet
	facet normal 0 -2.220446049250313e-16 -1
		outer loop
			vertex 11.49624252319336 1.8499999046325684 4.77395921764641e-16
			vertex 11.478826522827148 1.9149999618530273 4.6296300973901975e-16
			vertex 11.533966064453125 2 4.440892098500626e-16
		endloop
	endfacet
	facet normal 0 -2.220446049250313e-16 -1
		outer loop
			vertex 11.30124282836914 1.962583303451538 4.523973854527656e-16
			vertex 11.076242446899414 2 4.440892098500626e-16
			vertex 11.366242408752441 1.9800000190734863 4.485300977133985e-16
		endloop
	endfacet
	facet normal 0 -2.220446049250313e-16 -1
		outer loop
			vertex 11.366242408752441 1.9800000190734863 4.485300977133985e-16
			vertex 11.076242446899414 2 4.440892098500626e-16
			vertex 11.533966064453125 2 4.440892098500626e-16
		endloop
	endfacet
	facet normal 0 -2.220446049250313e-16 -1
		outer loop
			vertex 11.366242408752441 1.9800000190734863 4.485300977133985e-16
			vertex 11.533966064453125 2 4.440892098500626e-16
			vertex 11.431241989135742 1.962583303451538 4.523973854527656e-16
		endloop
	endfacet
	facet normal 0 -2.220446049250313e-16 -1
		outer loop
			vertex 11.431241989135742 1.962583303451538 4.523973854527656e-16
			vertex 11.533966064453125 2 4.440892098500626e-16
			vertex 11.478826522827148 1.9149999618530273 4.6296300973901975e-16
		endloop
	endfacet
	facet normal 0 -2.220446049250313e-16 -1
		outer loop
			vertex 11.30124282836914 1.962583303451538 4.523973854527656e-16
			vertex 11.25365924835205 1.9149999618530273 4.6296300973901975e-16
			vertex 11.076242446899414 2 4.440892098500626e-16
		endloop
	endfacet
	facet normal 0 -2.220446049250313e-16 -1
		outer loop
			vertex 11.076242446899414 2 4.440892098500626e-16
			vertex 11.25365924835205 1.9149999618530273 4.6296300973901975e-16
			vertex 11.236242294311523 1.8499999046325684 4.77395921764641e-16
		endloop
	endfacet
	facet normal 0 -2.220446049250313e-16 -1
		outer loop
			vertex 11.076242446899414 2 4.440892098500626e-16
			vertex 11.236242294311523 1.8499999046325684 4.77395921764641e-16
			vertex 11.076242446899414 0 8.881784197001252e-16
		endloop
	endfacet
	facet normal 0 -2.220446049250313e-16 -1
		outer loop
			vertex 11.533966064453125 0 8.881784197001252e-16
			vertex 11.431241989135742 1.7374165058135986 5.023944580765164e-16
			vertex 11.478826522827148 1.7849998474121094 4.918288337902622e-16
		endloop
	endfacet
	facet normal 0 -2.220446049250313e-16 -1
		outer loop
			vertex 11.236242294311523 1.8499999046325684 4.77395921764641e-16
			vertex 11.25365924835205 1.7849998474121094 4.918288337902622e-16
			vertex 11.076242446899414 0 8.881784197001252e-16
		endloop
	endfacet
	facet normal 0 -2.220446049250313e-16 -1
		outer loop
			vertex 11.076242446899414 0 8.881784197001252e-16
			vertex 11.25365924835205 1.7849998474121094 4.918288337902622e-16
			vertex 11.30124282836914 1.7374165058135986 5.023944580765164e-16
		endloop
	endfacet
	facet normal 0 -2.220446049250313e-16 -1
		outer loop
			vertex 11.076242446899414 0 8.881784197001252e-16
			vertex 11.30124282836914 1.7374165058135986 5.023944580765164e-16
			vertex 11.533966064453125 0 8.881784197001252e-16
		endloop
	endfacet
	facet normal 0 -2.220446049250313e-16 -1
		outer loop
			vertex 11.533966064453125 0 8.881784197001252e-16
			vertex 11.30124282836914 1.7374165058135986 5.023944580765164e-16
			vertex 11.366242408752441 1.7199997901916504 5.062617458158835e-16
		endloop
	endfacet
	facet normal 0 -2.220446049250313e-16 -1
		outer loop
			vertex 11.533966064453125 0 8.881784197001252e-16
			vertex 11.366242408752441 1.7199997901916504 5.062617458158835e-16
			vertex 11.431241989135742 1.7374165058135986 5.023944580765164e-16
		endloop
	endfacet
	facet normal 0 -2.220446049250313e-16 -1
		outer loop
			vertex 11.49624252319336 2.1499998569488525 4.1078255087504344e-16
			vertex 11.478826522827148 2.2149999141693115 3.963496388494222e-16
			vertex 11.533966064453125 3.1399998664855957 1.9095838988168008e-16
		endloop
	endfacet
	facet normal 0 -2.220446049250313e-16 -1
		outer loop
			vertex 11.478826522827148 2.2149999141693115 3.963496388494222e-16
			vertex 11.431241989135742 2.2625832557678223 3.8578401456316807e-16
			vertex 11.533966064453125 3.1399998664855957 1.9095838988168008e-16
		endloop
	endfacet
	facet normal 0 -2.220446049250313e-16 -1
		outer loop
			vertex 11.533966064453125 3.1399998664855957 1.9095838988168008e-16
			vertex 11.431241989135742 2.2625832557678223 3.8578401456316807e-16
			vertex 11.366242408752441 2.2799999713897705 3.8191672682380095e-16
		endloop
	endfacet
	facet normal 0 -2.220446049250313e-16 -1
		outer loop
			vertex 11.533966064453125 3.1399998664855957 1.9095838988168008e-16
			vertex 11.366242408752441 2.2799999713897705 3.8191672682380095e-16
			vertex 11.076242446899414 3.1399998664855957 1.9095838988168008e-16
		endloop
	endfacet
	facet normal 0 -2.220446049250313e-16 -1
		outer loop
			vertex 11.366242408752441 2.2799999713897705 3.8191672682380095e-16
			vertex 11.30124282836914 2.2625832557678223 3.8578401456316807e-16
			vertex 11.076242446899414 3.1399998664855957 1.9095838988168008e-16
		endloop
	endfacet
	facet normal 0 -2.220446049250313e-16 -1
		outer loop
			vertex 11.076242446899414 3.1399998664855957 1.9095838988168008e-16
			vertex 11.30124282836914 2.2625832557678223 3.8578401456316807e-16
			vertex 11.25365924835205 2.2149999141693115 3.963496388494222e-16
		endloop
	endfacet
	facet normal 0 -2.220446049250313e-16 -1
		outer loop
			vertex 11.076242446899414 3.1399998664855957 1.9095838988168008e-16
			vertex 11.25365924835205 2.2149999141693115 3.963496388494222e-16
			vertex 11.076242446899414 2 4.440892098500626e-16
		endloop
	endfacet
	facet normal 0 -2.220446049250313e-16 -1
		outer loop
			vertex 11.076242446899414 2 4.440892098500626e-16
			vertex 11.25365924835205 2.2149999141693115 3.963496388494222e-16
			vertex 11.236242294311523 2.1499998569488525 4.1078255087504344e-16
		endloop
	endfacet
	facet normal 0 -2.220446049250313e-16 -1
		outer loop
			vertex 11.076242446899414 2 4.440892098500626e-16
			vertex 11.236242294311523 2.1499998569488525 4.1078255087504344e-16
			vertex 11.25365924835205 2.084999918937683 4.252154364308851e-16
		endloop
	endfacet
	facet normal 0 -2.220446049250313e-16 -1
		outer loop
			vertex 11.25365924835205 2.084999918937683 4.252154364308851e-16
			vertex 11.30124282836914 2.0374165773391724 4.357810607171392e-16
			vertex 11.076242446899414 2 4.440892098500626e-16
		endloop
	endfacet
	facet normal 0 -2.220446049250313e-16 -1
		outer loop
			vertex 11.076242446899414 2 4.440892098500626e-16
			vertex 11.30124282836914 2.0374165773391724 4.357810607171392e-16
			vertex 11.366242408752441 2.019999861717224 4.3964834845650633e-16
		endloop
	endfacet
	facet normal 0 -2.220446049250313e-16 -1
		outer loop
			vertex 11.076242446899414 2 4.440892098500626e-16
			vertex 11.366242408752441 2.019999861717224 4.3964834845650633e-16
			vertex 11.533966064453125 2 4.440892098500626e-16
		endloop
	endfacet
	facet normal 0 -2.220446049250313e-16 -1
		outer loop
			vertex 11.533966064453125 2 4.440892098500626e-16
			vertex 11.366242408752441 2.019999861717224 4.3964834845650633e-16
			vertex 11.431241989135742 2.0374165773391724 4.357810607171392e-16
		endloop
	endfacet
	facet normal 0 -2.220446049250313e-16 -1
		outer loop
			vertex 11.533966064453125 2 4.440892098500626e-16
			vertex 11.431241989135742 2.0374165773391724 4.357810607171392e-16
			vertex 11.478826522827148 2.084999918937683 4.252154364308851e-16
		endloop
	endfacet
	facet normal 0 -2.220446049250313e-16 -1
		outer loop
			vertex 11.869413375854492 2 4.440892098500626e-16
			vertex 11.766690254211426 1.962583303451538 4.523973854527656e-16
			vertex 11.701689720153809 1.9800000190734863 4.485300977133985e-16
		endloop
	endfacet
	facet normal 0 -2.220446049250313e-16 -1
		outer loop
			vertex 11.869413375854492 2 4.440892098500626e-16
			vertex 11.701689720153809 1.9800000190734863 4.485300977133985e-16
			vertex 11.533966064453125 2 4.440892098500626e-16
		endloop
	endfacet
	facet normal 0 -2.220446049250313e-16 -1
		outer loop
			vertex 11.533966064453125 2 4.440892098500626e-16
			vertex 11.701689720153809 1.9800000190734863 4.485300977133985e-16
			vertex 11.636690139770508 1.962583303451538 4.523973854527656e-16
		endloop
	endfacet
	facet normal 0 -2.220446049250313e-16 -1
		outer loop
			vertex 11.533966064453125 2 4.440892098500626e-16
			vertex 11.636690139770508 1.962583303451538 4.523973854527656e-16
			vertex 11.589106559753418 1.9149999618530273 4.6296300973901975e-16
		endloop
	endfacet
	facet normal 0 -2.220446049250313e-16 -1
		outer loop
			vertex 11.589106559753418 1.9149999618530273 4.6296300973901975e-16
			vertex 11.571690559387207 1.8499999046325684 4.77395921764641e-16
			vertex 11.533966064453125 2 4.440892098500626e-16
		endloop
	endfacet
	facet normal 0 -2.220446049250313e-16 -1
		outer loop
			vertex 11.533966064453125 2 4.440892098500626e-16
			vertex 11.571690559387207 1.8499999046325684 4.77395921764641e-16
			vertex 11.533966064453125 0 8.881784197001252e-16
		endloop
	endfacet
	facet normal 0 -2.220446049250313e-16 -1
		outer loop
			vertex 11.533966064453125 2 4.440892098500626e-16
			vertex 11.533966064453125 0 8.881784197001252e-16
			vertex 11.49624252319336 1.8499999046325684 4.77395921764641e-16
		endloop
	endfacet
	facet normal 0 -2.220446049250313e-16 -1
		outer loop
			vertex 11.49624252319336 1.8499999046325684 4.77395921764641e-16
			vertex 11.533966064453125 0 8.881784197001252e-16
			vertex 11.478826522827148 1.7849998474121094 4.918288337902622e-16
		endloop
	endfacet
	facet normal 0 -2.220446049250313e-16 -1
		outer loop
			vertex 11.571690559387207 1.8499999046325684 4.77395921764641e-16
			vertex 11.589106559753418 1.7849998474121094 4.918288337902622e-16
			vertex 11.533966064453125 0 8.881784197001252e-16
		endloop
	endfacet
	facet normal 0 -2.220446049250313e-16 -1
		outer loop
			vertex 11.533966064453125 0 8.881784197001252e-16
			vertex 11.589106559753418 1.7849998474121094 4.918288337902622e-16
			vertex 11.636690139770508 1.7374165058135986 5.023944580765164e-16
		endloop
	endfacet
	facet normal 0 -2.220446049250313e-16 -1
		outer loop
			vertex 11.533966064453125 0 8.881784197001252e-16
			vertex 11.636690139770508 1.7374165058135986 5.023944580765164e-16
			vertex 11.869413375854492 0 8.881784197001252e-16
		endloop
	endfacet
	facet normal 0 -2.220446049250313e-16 -1
		outer loop
			vertex 11.869413375854492 0 8.881784197001252e-16
			vertex 11.636690139770508 1.7374165058135986 5.023944580765164e-16
			vertex 11.701689720153809 1.7199997901916504 5.062617458158835e-16
		endloop
	endfacet
	facet normal 0 -2.220446049250313e-16 -1
		outer loop
			vertex 11.869413375854492 0 8.881784197001252e-16
			vertex 11.701689720153809 1.7199997901916504 5.062617458158835e-16
			vertex 11.766690254211426 1.7374165058135986 5.023944580765164e-16
		endloop
	endfacet
	facet normal 0 -2.220446049250313e-16 -1
		outer loop
			vertex 11.766690254211426 1.7374165058135986 5.023944580765164e-16
			vertex 11.814273834228516 1.7849998474121094 4.918288337902622e-16
			vertex 11.869413375854492 0 8.881784197001252e-16
		endloop
	endfacet
	facet normal 0 -2.220446049250313e-16 -1
		outer loop
			vertex 11.869413375854492 0 8.881784197001252e-16
			vertex 11.814273834228516 1.7849998474121094 4.918288337902622e-16
			vertex 11.831690788269043 1.8499999046325684 4.77395921764641e-16
		endloop
	endfacet
	facet normal 0 -2.220446049250313e-16 -1
		outer loop
			vertex 11.869413375854492 0 8.881784197001252e-16
			vertex 11.831690788269043 1.8499999046325684 4.77395921764641e-16
			vertex 11.869413375854492 2 4.440892098500626e-16
		endloop
	endfacet
	facet normal 0 -2.220446049250313e-16 -1
		outer loop
			vertex 11.869413375854492 2 4.440892098500626e-16
			vertex 11.831690788269043 1.8499999046325684 4.77395921764641e-16
			vertex 11.814273834228516 1.9149999618530273 4.6296300973901975e-16
		endloop
	endfacet
	facet normal 0 -2.220446049250313e-16 -1
		outer loop
			vertex 11.869413375854492 2 4.440892098500626e-16
			vertex 11.814273834228516 1.9149999618530273 4.6296300973901975e-16
			vertex 11.766690254211426 1.962583303451538 4.523973854527656e-16
		endloop
	endfacet
	facet normal 0 -2.220446049250313e-16 -1
		outer loop
			vertex 11.571690559387207 2.1499998569488525 4.1078255087504344e-16
			vertex 11.589106559753418 2.084999918937683 4.252154364308851e-16
			vertex 11.533966064453125 2 4.440892098500626e-16
		endloop
	endfacet
	facet normal 0 -2.220446049250313e-16 -1
		outer loop
			vertex 11.869413375854492 3.1399998664855957 1.9095838988168008e-16
			vertex 11.814273834228516 2.2149999141693115 3.963496388494222e-16
			vertex 11.766690254211426 2.2625832557678223 3.8578401456316807e-16
		endloop
	endfacet
	facet normal 0 -2.220446049250313e-16 -1
		outer loop
			vertex 11.869413375854492 3.1399998664855957 1.9095838988168008e-16
			vertex 11.766690254211426 2.2625832557678223 3.8578401456316807e-16
			vertex 11.533966064453125 3.1399998664855957 1.9095838988168008e-16
		endloop
	endfacet
	facet normal 0 -2.220446049250313e-16 -1
		outer loop
			vertex 11.766690254211426 2.2625832557678223 3.8578401456316807e-16
			vertex 11.701689720153809 2.2799999713897705 3.8191672682380095e-16
			vertex 11.533966064453125 3.1399998664855957 1.9095838988168008e-16
		endloop
	endfacet
	facet normal 0 -2.220446049250313e-16 -1
		outer loop
			vertex 11.533966064453125 3.1399998664855957 1.9095838988168008e-16
			vertex 11.701689720153809 2.2799999713897705 3.8191672682380095e-16
			vertex 11.636690139770508 2.2625832557678223 3.8578401456316807e-16
		endloop
	endfacet
	facet normal 0 -2.220446049250313e-16 -1
		outer loop
			vertex 11.533966064453125 3.1399998664855957 1.9095838988168008e-16
			vertex 11.636690139770508 2.2625832557678223 3.8578401456316807e-16
			vertex 11.589106559753418 2.2149999141693115 3.963496388494222e-16
		endloop
	endfacet
	facet normal 0 -2.220446049250313e-16 -1
		outer loop
			vertex 11.814273834228516 2.2149999141693115 3.963496388494222e-16
			vertex 11.869413375854492 3.1399998664855957 1.9095838988168008e-16
			vertex 11.831690788269043 2.1499998569488525 4.1078255087504344e-16
		endloop
	endfacet
	facet normal 0 -2.220446049250313e-16 -1
		outer loop
			vertex 11.831690788269043 2.1499998569488525 4.1078255087504344e-16
			vertex 11.869413375854492 3.1399998664855957 1.9095838988168008e-16
			vertex 11.869413375854492 2 4.440892098500626e-16
		endloop
	endfacet
	facet normal 0 -2.220446049250313e-16 -1
		outer loop
			vertex 11.831690788269043 2.1499998569488525 4.1078255087504344e-16
			vertex 11.869413375854492 2 4.440892098500626e-16
			vertex 11.814273834228516 2.084999918937683 4.252154364308851e-16
		endloop
	endfacet
	facet normal 0 -2.220446049250313e-16 -1
		outer loop
			vertex 11.478826522827148 2.084999918937683 4.252154364308851e-16
			vertex 11.49624252319336 2.1499998569488525 4.1078255087504344e-16
			vertex 11.533966064453125 2 4.440892098500626e-16
		endloop
	endfacet
	facet normal 0 -2.220446049250313e-16 -1
		outer loop
			vertex 11.533966064453125 2 4.440892098500626e-16
			vertex 11.49624252319336 2.1499998569488525 4.1078255087504344e-16
			vertex 11.533966064453125 3.1399998664855957 1.9095838988168008e-16
		endloop
	endfacet
	facet normal 0 -2.220446049250313e-16 -1
		outer loop
			vertex 11.533966064453125 2 4.440892098500626e-16
			vertex 11.533966064453125 3.1399998664855957 1.9095838988168008e-16
			vertex 11.571690559387207 2.1499998569488525 4.1078255087504344e-16
		endloop
	endfacet
	facet normal 0 -2.220446049250313e-16 -1
		outer loop
			vertex 11.571690559387207 2.1499998569488525 4.1078255087504344e-16
			vertex 11.533966064453125 3.1399998664855957 1.9095838988168008e-16
			vertex 11.589106559753418 2.2149999141693115 3.963496388494222e-16
		endloop
	endfacet
	facet normal 0 -2.220446049250313e-16 -1
		outer loop
			vertex 11.589106559753418 2.084999918937683 4.252154364308851e-16
			vertex 11.636690139770508 2.0374165773391724 4.357810607171392e-16
			vertex 11.533966064453125 2 4.440892098500626e-16
		endloop
	endfacet
	facet normal 0 -2.220446049250313e-16 -1
		outer loop
			vertex 11.533966064453125 2 4.440892098500626e-16
			vertex 11.636690139770508 2.0374165773391724 4.357810607171392e-16
			vertex 11.701689720153809 2.019999861717224 4.3964834845650633e-16
		endloop
	endfacet
	facet normal 0 -2.220446049250313e-16 -1
		outer loop
			vertex 11.533966064453125 2 4.440892098500626e-16
			vertex 11.701689720153809 2.019999861717224 4.3964834845650633e-16
			vertex 11.869413375854492 2 4.440892098500626e-16
		endloop
	endfacet
	facet normal 0 -2.220446049250313e-16 -1
		outer loop
			vertex 11.869413375854492 2 4.440892098500626e-16
			vertex 11.701689720153809 2.019999861717224 4.3964834845650633e-16
			vertex 11.766690254211426 2.0374165773391724 4.357810607171392e-16
		endloop
	endfacet
	facet normal 0 -2.220446049250313e-16 -1
		outer loop
			vertex 11.869413375854492 2 4.440892098500626e-16
			vertex 11.766690254211426 2.0374165773391724 4.357810607171392e-16
			vertex 11.814273834228516 2.084999918937683 4.252154364308851e-16
		endloop
	endfacet
	facet normal 0 -2.220446049250313e-16 -1
		outer loop
			vertex 12.204861640930176 2 4.440892098500626e-16
			vertex 12.16713809967041 1.8499999046325684 4.77395921764641e-16
			vertex 12.149721145629883 1.9149999618530273 4.6296300973901975e-16
		endloop
	endfacet
	facet normal 0 -2.220446049250313e-16 -1
		outer loop
			vertex 12.149721145629883 1.9149999618530273 4.6296300973901975e-16
			vertex 12.102137565612793 1.962583303451538 4.523973854527656e-16
			vertex 12.204861640930176 2 4.440892098500626e-16
		endloop
	endfacet
	facet normal 0 -2.220446049250313e-16 -1
		outer loop
			vertex 12.204861640930176 2 4.440892098500626e-16
			vertex 12.102137565612793 1.962583303451538 4.523973854527656e-16
			vertex 12.037137985229492 1.9800000190734863 4.485300977133985e-16
		endloop
	endfacet
	facet normal 0 -2.220446049250313e-16 -1
		outer loop
			vertex 12.204861640930176 2 4.440892098500626e-16
			vertex 12.037137985229492 1.9800000190734863 4.485300977133985e-16
			vertex 11.869413375854492 2 4.440892098500626e-16
		endloop
	endfacet
	facet normal 0 -2.220446049250313e-16 -1
		outer loop
			vertex 11.869413375854492 2 4.440892098500626e-16
			vertex 12.037137985229492 1.9800000190734863 4.485300977133985e-16
			vertex 11.972137451171875 1.962583303451538 4.523973854527656e-16
		endloop
	endfacet
	facet normal 0 -2.220446049250313e-16 -1
		outer loop
			vertex 11.924554824829102 1.7849998474121094 4.918288337902622e-16
			vertex 11.869413375854492 0 8.881784197001252e-16
			vertex 11.907137870788574 1.8499999046325684 4.77395921764641e-16
		endloop
	endfacet
	facet normal 0 -2.220446049250313e-16 -1
		outer loop
			vertex 11.907137870788574 1.8499999046325684 4.77395921764641e-16
			vertex 11.869413375854492 0 8.881784197001252e-16
			vertex 11.869413375854492 2 4.440892098500626e-16
		endloop
	endfacet
	facet normal 0 -2.220446049250313e-16 -1
		outer loop
			vertex 11.907137870788574 1.8499999046325684 4.77395921764641e-16
			vertex 11.869413375854492 2 4.440892098500626e-16
			vertex 11.924554824829102 1.9149999618530273 4.6296300973901975e-16
		endloop
	endfacet
	facet normal 0 -2.220446049250313e-16 -1
		outer loop
			vertex 11.924554824829102 1.9149999618530273 4.6296300973901975e-16
			vertex 11.869413375854492 2 4.440892098500626e-16
			vertex 11.972137451171875 1.962583303451538 4.523973854527656e-16
		endloop
	endfacet
	facet normal 0 -2.220446049250313e-16 -1
		outer loop
			vertex 11.924554824829102 1.7849998474121094 4.918288337902622e-16
			vertex 11.972137451171875 1.7374165058135986 5.023944580765164e-16
			vertex 11.869413375854492 0 8.881784197001252e-16
		endloop
	endfacet
	facet normal 0 -2.220446049250313e-16 -1
		outer loop
			vertex 11.869413375854492 0 8.881784197001252e-16
			vertex 11.972137451171875 1.7374165058135986 5.023944580765164e-16
			vertex 12.037137985229492 1.7199997901916504 5.062617458158835e-16
		endloop
	endfacet
	facet normal 0 -2.220446049250313e-16 -1
		outer loop
			vertex 11.869413375854492 0 8.881784197001252e-16
			vertex 12.037137985229492 1.7199997901916504 5.062617458158835e-16
			vertex 12.204861640930176 0 8.881784197001252e-16
		endloop
	endfacet
	facet normal 0 -2.220446049250313e-16 -1
		outer loop
			vertex 12.204861640930176 0 8.881784197001252e-16
			vertex 12.037137985229492 1.7199997901916504 5.062617458158835e-16
			vertex 12.102137565612793 1.7374165058135986 5.023944580765164e-16
		endloop
	endfacet
	facet normal 0 -2.220446049250313e-16 -1
		outer loop
			vertex 12.204861640930176 0 8.881784197001252e-16
			vertex 12.102137565612793 1.7374165058135986 5.023944580765164e-16
			vertex 12.149721145629883 1.7849998474121094 4.918288337902622e-16
		endloop
	endfacet
	facet normal 0 -2.220446049250313e-16 -1
		outer loop
			vertex 12.16713809967041 2.1499998569488525 4.1078255087504344e-16
			vertex 12.149721145629883 2.2149999141693115 3.963496388494222e-16
			vertex 12.204861640930176 3.1399998664855957 1.9095838988168008e-16
		endloop
	endfacet
	facet normal 0 -2.220446049250313e-16 -1
		outer loop
			vertex 12.204861640930176 3.1399998664855957 1.9095838988168008e-16
			vertex 12.149721145629883 2.2149999141693115 3.963496388494222e-16
			vertex 12.102137565612793 2.2625832557678223 3.8578401456316807e-16
		endloop
	endfacet
	facet normal 0 -2.220446049250313e-16 -1
		outer loop
			vertex 12.204861640930176 3.1399998664855957 1.9095838988168008e-16
			vertex 12.102137565612793 2.2625832557678223 3.8578401456316807e-16
			vertex 11.869413375854492 3.1399998664855957 1.9095838988168008e-16
		endloop
	endfacet
	facet normal 0 -2.220446049250313e-16 -1
		outer loop
			vertex 11.869413375854492 3.1399998664855957 1.9095838988168008e-16
			vertex 12.102137565612793 2.2625832557678223 3.8578401456316807e-16
			vertex 12.037137985229492 2.2799999713897705 3.8191672682380095e-16
		endloop
	endfacet
	facet normal 0 -2.220446049250313e-16 -1
		outer loop
			vertex 11.869413375854492 3.1399998664855957 1.9095838988168008e-16
			vertex 12.037137985229492 2.2799999713897705 3.8191672682380095e-16
			vertex 11.972137451171875 2.2625832557678223 3.8578401456316807e-16
		endloop
	endfacet
	facet normal 0 -2.220446049250313e-16 -1
		outer loop
			vertex 11.972137451171875 2.2625832557678223 3.8578401456316807e-16
			vertex 11.924554824829102 2.2149999141693115 3.963496388494222e-16
			vertex 11.869413375854492 3.1399998664855957 1.9095838988168008e-16
		endloop
	endfacet
	facet normal 0 -2.220446049250313e-16 -1
		outer loop
			vertex 11.869413375854492 3.1399998664855957 1.9095838988168008e-16
			vertex 11.924554824829102 2.2149999141693115 3.963496388494222e-16
			vertex 11.907137870788574 2.1499998569488525 4.1078255087504344e-16
		endloop
	endfacet
	facet normal 0 -2.220446049250313e-16 -1
		outer loop
			vertex 11.869413375854492 3.1399998664855957 1.9095838988168008e-16
			vertex 11.907137870788574 2.1499998569488525 4.1078255087504344e-16
			vertex 11.869413375854492 2 4.440892098500626e-16
		endloop
	endfacet
	facet normal 0 -2.220446049250313e-16 -1
		outer loop
			vertex 11.869413375854492 2 4.440892098500626e-16
			vertex 11.907137870788574 2.1499998569488525 4.1078255087504344e-16
			vertex 11.924554824829102 2.084999918937683 4.252154364308851e-16
		endloop
	endfacet
	facet normal 0 -2.220446049250313e-16 -1
		outer loop
			vertex 11.924554824829102 2.084999918937683 4.252154364308851e-16
			vertex 11.972137451171875 2.0374165773391724 4.357810607171392e-16
			vertex 11.869413375854492 2 4.440892098500626e-16
		endloop
	endfacet
	facet normal 0 -2.220446049250313e-16 -1
		outer loop
			vertex 11.869413375854492 2 4.440892098500626e-16
			vertex 11.972137451171875 2.0374165773391724 4.357810607171392e-16
			vertex 12.037137985229492 2.019999861717224 4.3964834845650633e-16
		endloop
	endfacet
	facet normal 0 -2.220446049250313e-16 -1
		outer loop
			vertex 11.869413375854492 2 4.440892098500626e-16
			vertex 12.037137985229492 2.019999861717224 4.3964834845650633e-16
			vertex 12.204861640930176 2 4.440892098500626e-16
		endloop
	endfacet
	facet normal 0 -2.220446049250313e-16 -1
		outer loop
			vertex 12.204861640930176 2 4.440892098500626e-16
			vertex 12.037137985229492 2.019999861717224 4.3964834845650633e-16
			vertex 12.102137565612793 2.0374165773391724 4.357810607171392e-16
		endloop
	endfacet
	facet normal 0 -2.220446049250313e-16 -1
		outer loop
			vertex 12.204861640930176 2 4.440892098500626e-16
			vertex 12.102137565612793 2.0374165773391724 4.357810607171392e-16
			vertex 12.149721145629883 2.084999918937683 4.252154364308851e-16
		endloop
	endfacet
	facet normal 0 -2.220446049250313e-16 -1
		outer loop
			vertex 12.502585411071777 1.8499999046325684 4.77395921764641e-16
			vertex 12.48516845703125 1.9149999618530273 4.6296300973901975e-16
			vertex 12.54030990600586 2 4.440892098500626e-16
		endloop
	endfacet
	facet normal 0 -2.220446049250313e-16 -1
		outer loop
			vertex 12.48516845703125 1.9149999618530273 4.6296300973901975e-16
			vertex 12.437585830688477 1.962583303451538 4.523973854527656e-16
			vertex 12.54030990600586 2 4.440892098500626e-16
		endloop
	endfacet
	facet normal 0 -2.220446049250313e-16 -1
		outer loop
			vertex 12.54030990600586 2 4.440892098500626e-16
			vertex 12.437585830688477 1.962583303451538 4.523973854527656e-16
			vertex 12.37258529663086 1.9800000190734863 4.485300977133985e-16
		endloop
	endfacet
	facet normal 0 -2.220446049250313e-16 -1
		outer loop
			vertex 12.54030990600586 2 4.440892098500626e-16
			vertex 12.37258529663086 1.9800000190734863 4.485300977133985e-16
			vertex 12.204861640930176 2 4.440892098500626e-16
		endloop
	endfacet
	facet normal 0 -2.220446049250313e-16 -1
		outer loop
			vertex 12.204861640930176 2 4.440892098500626e-16
			vertex 12.37258529663086 1.9800000190734863 4.485300977133985e-16
			vertex 12.307585716247559 1.962583303451538 4.523973854527656e-16
		endloop
	endfacet
	facet normal 0 -2.220446049250313e-16 -1
		outer loop
			vertex 12.204861640930176 2 4.440892098500626e-16
			vertex 12.307585716247559 1.962583303451538 4.523973854527656e-16
			vertex 12.260002136230469 1.9149999618530273 4.6296300973901975e-16
		endloop
	endfacet
	facet normal 0 -2.220446049250313e-16 -1
		outer loop
			vertex 12.260002136230469 1.9149999618530273 4.6296300973901975e-16
			vertex 12.242585182189941 1.8499999046325684 4.77395921764641e-16
			vertex 12.204861640930176 2 4.440892098500626e-16
		endloop
	endfacet
	facet normal 0 -2.220446049250313e-16 -1
		outer loop
			vertex 12.204861640930176 2 4.440892098500626e-16
			vertex 12.242585182189941 1.8499999046325684 4.77395921764641e-16
			vertex 12.204861640930176 0 8.881784197001252e-16
		endloop
	endfacet
	facet normal 0 -2.220446049250313e-16 -1
		outer loop
			vertex 12.204861640930176 2 4.440892098500626e-16
			vertex 12.204861640930176 0 8.881784197001252e-16
			vertex 12.16713809967041 1.8499999046325684 4.77395921764641e-16
		endloop
	endfacet
	facet normal 0 -2.220446049250313e-16 -1
		outer loop
			vertex 12.16713809967041 1.8499999046325684 4.77395921764641e-16
			vertex 12.204861640930176 0 8.881784197001252e-16
			vertex 12.149721145629883 1.7849998474121094 4.918288337902622e-16
		endloop
	endfacet
	facet normal 0 -2.220446049250313e-16 -1
		outer loop
			vertex 12.54030990600586 0 8.881784197001252e-16
			vertex 12.437585830688477 1.7374165058135986 5.023944580765164e-16
			vertex 12.48516845703125 1.7849998474121094 4.918288337902622e-16
		endloop
	endfacet
	facet normal 0 -2.220446049250313e-16 -1
		outer loop
			vertex 12.242585182189941 1.8499999046325684 4.77395921764641e-16
			vertex 12.260002136230469 1.7849998474121094 4.918288337902622e-16
			vertex 12.204861640930176 0 8.881784197001252e-16
		endloop
	endfacet
	facet normal 0 -2.220446049250313e-16 -1
		outer loop
			vertex 12.204861640930176 0 8.881784197001252e-16
			vertex 12.260002136230469 1.7849998474121094 4.918288337902622e-16
			vertex 12.307585716247559 1.7374165058135986 5.023944580765164e-16
		endloop
	endfacet
	facet normal 0 -2.220446049250313e-16 -1
		outer loop
			vertex 12.204861640930176 0 8.881784197001252e-16
			vertex 12.307585716247559 1.7374165058135986 5.023944580765164e-16
			vertex 12.54030990600586 0 8.881784197001252e-16
		endloop
	endfacet
	facet normal 0 -2.220446049250313e-16 -1
		outer loop
			vertex 12.54030990600586 0 8.881784197001252e-16
			vertex 12.307585716247559 1.7374165058135986 5.023944580765164e-16
			vertex 12.37258529663086 1.7199997901916504 5.062617458158835e-16
		endloop
	endfacet
	facet normal 0 -2.220446049250313e-16 -1
		outer loop
			vertex 12.54030990600586 0 8.881784197001252e-16
			vertex 12.37258529663086 1.7199997901916504 5.062617458158835e-16
			vertex 12.437585830688477 1.7374165058135986 5.023944580765164e-16
		endloop
	endfacet
	facet normal 0 -2.220446049250313e-16 -1
		outer loop
			vertex 12.242585182189941 2.1499998569488525 4.1078255087504344e-16
			vertex 12.260002136230469 2.084999918937683 4.252154364308851e-16
			vertex 12.204861640930176 2 4.440892098500626e-16
		endloop
	endfacet
	facet normal 0 -2.220446049250313e-16 -1
		outer loop
			vertex 12.502585411071777 2.1499998569488525 4.1078255087504344e-16
			vertex 12.48516845703125 2.2149999141693115 3.963496388494222e-16
			vertex 12.54030990600586 3.1399998664855957 1.9095838988168008e-16
		endloop
	endfacet
	facet normal 0 -2.220446049250313e-16 -1
		outer loop
			vertex 12.54030990600586 3.1399998664855957 1.9095838988168008e-16
			vertex 12.48516845703125 2.2149999141693115 3.963496388494222e-16
			vertex 12.437585830688477 2.2625832557678223 3.8578401456316807e-16
		endloop
	endfacet
	facet normal 0 -2.220446049250313e-16 -1
		outer loop
			vertex 12.54030990600586 3.1399998664855957 1.9095838988168008e-16
			vertex 12.437585830688477 2.2625832557678223 3.8578401456316807e-16
			vertex 12.204861640930176 3.1399998664855957 1.9095838988168008e-16
		endloop
	endfacet
	facet normal 0 -2.220446049250313e-16 -1
		outer loop
			vertex 12.437585830688477 2.2625832557678223 3.8578401456316807e-16
			vertex 12.37258529663086 2.2799999713897705 3.8191672682380095e-16
			vertex 12.204861640930176 3.1399998664855957 1.9095838988168008e-16
		endloop
	endfacet
	facet normal 0 -2.220446049250313e-16 -1
		outer loop
			vertex 12.204861640930176 3.1399998664855957 1.9095838988168008e-16
			vertex 12.37258529663086 2.2799999713897705 3.8191672682380095e-16
			vertex 12.307585716247559 2.2625832557678223 3.8578401456316807e-16
		endloop
	endfacet
	facet normal 0 -2.220446049250313e-16 -1
		outer loop
			vertex 12.204861640930176 3.1399998664855957 1.9095838988168008e-16
			vertex 12.307585716247559 2.2625832557678223 3.8578401456316807e-16
			vertex 12.260002136230469 2.2149999141693115 3.963496388494222e-16
		endloop
	endfacet
	facet normal 0 -2.220446049250313e-16 -1
		outer loop
			vertex 12.149721145629883 2.084999918937683 4.252154364308851e-16
			vertex 12.16713809967041 2.1499998569488525 4.1078255087504344e-16
			vertex 12.204861640930176 2 4.440892098500626e-16
		endloop
	endfacet
	facet normal 0 -2.220446049250313e-16 -1
		outer loop
			vertex 12.204861640930176 2 4.440892098500626e-16
			vertex 12.16713809967041 2.1499998569488525 4.1078255087504344e-16
			vertex 12.204861640930176 3.1399998664855957 1.9095838988168008e-16
		endloop
	endfacet
	facet normal 0 -2.220446049250313e-16 -1
		outer loop
			vertex 12.204861640930176 2 4.440892098500626e-16
			vertex 12.204861640930176 3.1399998664855957 1.9095838988168008e-16
			vertex 12.242585182189941 2.1499998569488525 4.1078255087504344e-16
		endloop
	endfacet
	facet normal 0 -2.220446049250313e-16 -1
		outer loop
			vertex 12.242585182189941 2.1499998569488525 4.1078255087504344e-16
			vertex 12.204861640930176 3.1399998664855957 1.9095838988168008e-16
			vertex 12.260002136230469 2.2149999141693115 3.963496388494222e-16
		endloop
	endfacet
	facet normal 0 -2.220446049250313e-16 -1
		outer loop
			vertex 12.260002136230469 2.084999918937683 4.252154364308851e-16
			vertex 12.307585716247559 2.0374165773391724 4.357810607171392e-16
			vertex 12.204861640930176 2 4.440892098500626e-16
		endloop
	endfacet
	facet normal 0 -2.220446049250313e-16 -1
		outer loop
			vertex 12.204861640930176 2 4.440892098500626e-16
			vertex 12.307585716247559 2.0374165773391724 4.357810607171392e-16
			vertex 12.37258529663086 2.019999861717224 4.3964834845650633e-16
		endloop
	endfacet
	facet normal 0 -2.220446049250313e-16 -1
		outer loop
			vertex 12.204861640930176 2 4.440892098500626e-16
			vertex 12.37258529663086 2.019999861717224 4.3964834845650633e-16
			vertex 12.54030990600586 2 4.440892098500626e-16
		endloop
	endfacet
	facet normal 0 -2.220446049250313e-16 -1
		outer loop
			vertex 12.54030990600586 2 4.440892098500626e-16
			vertex 12.37258529663086 2.019999861717224 4.3964834845650633e-16
			vertex 12.437585830688477 2.0374165773391724 4.357810607171392e-16
		endloop
	endfacet
	facet normal 0 -2.220446049250313e-16 -1
		outer loop
			vertex 12.54030990600586 2 4.440892098500626e-16
			vertex 12.437585830688477 2.0374165773391724 4.357810607171392e-16
			vertex 12.48516845703125 2.084999918937683 4.252154364308851e-16
		endloop
	endfacet
	facet normal 0 -2.220446049250313e-16 -1
		outer loop
			vertex 12.875757217407227 2 4.440892098500626e-16
			vertex 12.773033142089844 1.962583303451538 4.523973854527656e-16
			vertex 12.708033561706543 1.9800000190734863 4.485300977133985e-16
		endloop
	endfacet
	facet normal 0 -2.220446049250313e-16 -1
		outer loop
			vertex 12.875757217407227 2 4.440892098500626e-16
			vertex 12.708033561706543 1.9800000190734863 4.485300977133985e-16
			vertex 12.54030990600586 2 4.440892098500626e-16
		endloop
	endfacet
	facet normal 0 -2.220446049250313e-16 -1
		outer loop
			vertex 12.54030990600586 2 4.440892098500626e-16
			vertex 12.708033561706543 1.9800000190734863 4.485300977133985e-16
			vertex 12.643033027648926 1.962583303451538 4.523973854527656e-16
		endloop
	endfacet
	facet normal 0 -2.220446049250313e-16 -1
		outer loop
			vertex 12.54030990600586 2 4.440892098500626e-16
			vertex 12.643033027648926 1.962583303451538 4.523973854527656e-16
			vertex 12.595450401306152 1.9149999618530273 4.6296300973901975e-16
		endloop
	endfacet
	facet normal 0 -2.220446049250313e-16 -1
		outer loop
			vertex 12.595450401306152 1.9149999618530273 4.6296300973901975e-16
			vertex 12.578033447265625 1.8499999046325684 4.77395921764641e-16
			vertex 12.54030990600586 2 4.440892098500626e-16
		endloop
	endfacet
	facet normal 0 -2.220446049250313e-16 -1
		outer loop
			vertex 12.54030990600586 2 4.440892098500626e-16
			vertex 12.578033447265625 1.8499999046325684 4.77395921764641e-16
			vertex 12.54030990600586 0 8.881784197001252e-16
		endloop
	endfacet
	facet normal 0 -2.220446049250313e-16 -1
		outer loop
			vertex 12.54030990600586 2 4.440892098500626e-16
			vertex 12.54030990600586 0 8.881784197001252e-16
			vertex 12.502585411071777 1.8499999046325684 4.77395921764641e-16
		endloop
	endfacet
	facet normal 0 -2.220446049250313e-16 -1
		outer loop
			vertex 12.502585411071777 1.8499999046325684 4.77395921764641e-16
			vertex 12.54030990600586 0 8.881784197001252e-16
			vertex 12.48516845703125 1.7849998474121094 4.918288337902622e-16
		endloop
	endfacet
	facet normal 0 -2.220446049250313e-16 -1
		outer loop
			vertex 12.578033447265625 1.8499999046325684 4.77395921764641e-16
			vertex 12.595450401306152 1.7849998474121094 4.918288337902622e-16
			vertex 12.54030990600586 0 8.881784197001252e-16
		endloop
	endfacet
	facet normal 0 -2.220446049250313e-16 -1
		outer loop
			vertex 12.54030990600586 0 8.881784197001252e-16
			vertex 12.595450401306152 1.7849998474121094 4.918288337902622e-16
			vertex 12.643033027648926 1.7374165058135986 5.023944580765164e-16
		endloop
	endfacet
	facet normal 0 -2.220446049250313e-16 -1
		outer loop
			vertex 12.54030990600586 0 8.881784197001252e-16
			vertex 12.643033027648926 1.7374165058135986 5.023944580765164e-16
			vertex 12.875757217407227 0 8.881784197001252e-16
		endloop
	endfacet
	facet normal 0 -2.220446049250313e-16 -1
		outer loop
			vertex 12.875757217407227 0 8.881784197001252e-16
			vertex 12.643033027648926 1.7374165058135986 5.023944580765164e-16
			vertex 12.708033561706543 1.7199997901916504 5.062617458158835e-16
		endloop
	endfacet
	facet normal 0 -2.220446049250313e-16 -1
		outer loop
			vertex 12.875757217407227 0 8.881784197001252e-16
			vertex 12.708033561706543 1.7199997901916504 5.062617458158835e-16
			vertex 12.773033142089844 1.7374165058135986 5.023944580765164e-16
		endloop
	endfacet
	facet normal 0 -2.220446049250313e-16 -1
		outer loop
			vertex 12.773033142089844 1.7374165058135986 5.023944580765164e-16
			vertex 12.820615768432617 1.7849998474121094 4.918288337902622e-16
			vertex 12.875757217407227 0 8.881784197001252e-16
		endloop
	endfacet
	facet normal 0 -2.220446049250313e-16 -1
		outer loop
			vertex 12.875757217407227 0 8.881784197001252e-16
			vertex 12.820615768432617 1.7849998474121094 4.918288337902622e-16
			vertex 12.838032722473145 1.8499999046325684 4.77395921764641e-16
		endloop
	endfacet
	facet normal 0 -2.220446049250313e-16 -1
		outer loop
			vertex 12.875757217407227 0 8.881784197001252e-16
			vertex 12.838032722473145 1.8499999046325684 4.77395921764641e-16
			vertex 12.875757217407227 2 4.440892098500626e-16
		endloop
	endfacet
	facet normal 0 -2.220446049250313e-16 -1
		outer loop
			vertex 12.875757217407227 2 4.440892098500626e-16
			vertex 12.838032722473145 1.8499999046325684 4.77395921764641e-16
			vertex 12.820615768432617 1.9149999618530273 4.6296300973901975e-16
		endloop
	endfacet
	facet normal 0 -2.220446049250313e-16 -1
		outer loop
			vertex 12.875757217407227 2 4.440892098500626e-16
			vertex 12.820615768432617 1.9149999618530273 4.6296300973901975e-16
			vertex 12.773033142089844 1.962583303451538 4.523973854527656e-16
		endloop
	endfacet
	facet normal 0 -2.220446049250313e-16 -1
		outer loop
			vertex 12.578033447265625 2.1499998569488525 4.1078255087504344e-16
			vertex 12.595450401306152 2.084999918937683 4.252154364308851e-16
			vertex 12.54030990600586 2 4.440892098500626e-16
		endloop
	endfacet
	facet normal 0 -2.220446049250313e-16 -1
		outer loop
			vertex 12.875757217407227 3.1399998664855957 1.9095838988168008e-16
			vertex 12.820615768432617 2.2149999141693115 3.963496388494222e-16
			vertex 12.773033142089844 2.2625832557678223 3.8578401456316807e-16
		endloop
	endfacet
	facet normal 0 -2.220446049250313e-16 -1
		outer loop
			vertex 12.875757217407227 3.1399998664855957 1.9095838988168008e-16
			vertex 12.773033142089844 2.2625832557678223 3.8578401456316807e-16
			vertex 12.54030990600586 3.1399998664855957 1.9095838988168008e-16
		endloop
	endfacet
	facet normal 0 -2.220446049250313e-16 -1
		outer loop
			vertex 12.773033142089844 2.2625832557678223 3.8578401456316807e-16
			vertex 12.708033561706543 2.2799999713897705 3.8191672682380095e-16
			vertex 12.54030990600586 3.1399998664855957 1.9095838988168008e-16
		endloop
	endfacet
	facet normal 0 -2.220446049250313e-16 -1
		outer loop
			vertex 12.54030990600586 3.1399998664855957 1.9095838988168008e-16
			vertex 12.708033561706543 2.2799999713897705 3.8191672682380095e-16
			vertex 12.643033027648926 2.2625832557678223 3.8578401456316807e-16
		endloop
	endfacet
	facet normal 0 -2.220446049250313e-16 -1
		outer loop
			vertex 12.54030990600586 3.1399998664855957 1.9095838988168008e-16
			vertex 12.643033027648926 2.2625832557678223 3.8578401456316807e-16
			vertex 12.595450401306152 2.2149999141693115 3.963496388494222e-16
		endloop
	endfacet
	facet normal 0 -2.220446049250313e-16 -1
		outer loop
			vertex 12.820615768432617 2.2149999141693115 3.963496388494222e-16
			vertex 12.875757217407227 3.1399998664855957 1.9095838988168008e-16
			vertex 12.838032722473145 2.1499998569488525 4.1078255087504344e-16
		endloop
	endfacet
	facet normal 0 -2.220446049250313e-16 -1
		outer loop
			vertex 12.838032722473145 2.1499998569488525 4.1078255087504344e-16
			vertex 12.875757217407227 3.1399998664855957 1.9095838988168008e-16
			vertex 12.875757217407227 2 4.440892098500626e-16
		endloop
	endfacet
	facet normal 0 -2.220446049250313e-16 -1
		outer loop
			vertex 12.838032722473145 2.1499998569488525 4.1078255087504344e-16
			vertex 12.875757217407227 2 4.440892098500626e-16
			vertex 12.820615768432617 2.084999918937683 4.252154364308851e-16
		endloop
	endfacet
	facet normal 0 -2.220446049250313e-16 -1
		outer loop
			vertex 12.48516845703125 2.084999918937683 4.252154364308851e-16
			vertex 12.502585411071777 2.1499998569488525 4.1078255087504344e-16
			vertex 12.54030990600586 2 4.440892098500626e-16
		endloop
	endfacet
	facet normal 0 -2.220446049250313e-16 -1
		outer loop
			vertex 12.54030990600586 2 4.440892098500626e-16
			vertex 12.502585411071777 2.1499998569488525 4.1078255087504344e-16
			vertex 12.54030990600586 3.1399998664855957 1.9095838988168008e-16
		endloop
	endfacet
	facet normal 0 -2.220446049250313e-16 -1
		outer loop
			vertex 12.54030990600586 2 4.440892098500626e-16
			vertex 12.54030990600586 3.1399998664855957 1.9095838988168008e-16
			vertex 12.578033447265625 2.1499998569488525 4.1078255087504344e-16
		endloop
	endfacet
	facet normal 0 -2.220446049250313e-16 -1
		outer loop
			vertex 12.578033447265625 2.1499998569488525 4.1078255087504344e-16
			vertex 12.54030990600586 3.1399998664855957 1.9095838988168008e-16
			vertex 12.595450401306152 2.2149999141693115 3.963496388494222e-16
		endloop
	endfacet
	facet normal 0 -2.220446049250313e-16 -1
		outer loop
			vertex 12.595450401306152 2.084999918937683 4.252154364308851e-16
			vertex 12.643033027648926 2.0374165773391724 4.357810607171392e-16
			vertex 12.54030990600586 2 4.440892098500626e-16
		endloop
	endfacet
	facet normal 0 -2.220446049250313e-16 -1
		outer loop
			vertex 12.54030990600586 2 4.440892098500626e-16
			vertex 12.643033027648926 2.0374165773391724 4.357810607171392e-16
			vertex 12.708033561706543 2.019999861717224 4.3964834845650633e-16
		endloop
	endfacet
	facet normal 0 -2.220446049250313e-16 -1
		outer loop
			vertex 12.54030990600586 2 4.440892098500626e-16
			vertex 12.708033561706543 2.019999861717224 4.3964834845650633e-16
			vertex 12.875757217407227 2 4.440892098500626e-16
		endloop
	endfacet
	facet normal 0 -2.220446049250313e-16 -1
		outer loop
			vertex 12.875757217407227 2 4.440892098500626e-16
			vertex 12.708033561706543 2.019999861717224 4.3964834845650633e-16
			vertex 12.773033142089844 2.0374165773391724 4.357810607171392e-16
		endloop
	endfacet
	facet normal 0 -2.220446049250313e-16 -1
		outer loop
			vertex 12.875757217407227 2 4.440892098500626e-16
			vertex 12.773033142089844 2.0374165773391724 4.357810607171392e-16
			vertex 12.820615768432617 2.084999918937683 4.252154364308851e-16
		endloop
	endfacet
	facet normal 0 -2.220446049250313e-16 -1
		outer loop
			vertex 12.875757217407227 2 4.440892098500626e-16
			vertex 13.04348087310791 1.9800000190734863 4.485300977133985e-16
			vertex 12.97848129272461 1.962583303451538 4.523973854527656e-16
		endloop
	endfacet
	facet normal 0 -2.220446049250313e-16 -1
		outer loop
			vertex 13.156064987182617 1.9149999618530273 4.6296300973901975e-16
			vertex 13.108480453491211 1.962583303451538 4.523973854527656e-16
			vertex 14.409420013427734 2 4.440892098500626e-16
		endloop
	endfacet
	facet normal 0 -2.220446049250313e-16 -1
		outer loop
			vertex 14.409420013427734 2 4.440892098500626e-16
			vertex 13.108480453491211 1.962583303451538 4.523973854527656e-16
			vertex 13.04348087310791 1.9800000190734863 4.485300977133985e-16
		endloop
	endfacet
	facet normal 0 -2.220446049250313e-16 -1
		outer loop
			vertex 12.93089771270752 1.7849998474121094 4.918288337902622e-16
			vertex 12.875757217407227 0 8.881784197001252e-16
			vertex 12.913480758666992 1.8499999046325684 4.77395921764641e-16
		endloop
	endfacet
	facet normal 0 -2.220446049250313e-16 -1
		outer loop
			vertex 12.913480758666992 1.8499999046325684 4.77395921764641e-16
			vertex 12.875757217407227 0 8.881784197001252e-16
			vertex 12.875757217407227 2 4.440892098500626e-16
		endloop
	endfacet
	facet normal 0 -2.220446049250313e-16 -1
		outer loop
			vertex 12.913480758666992 1.8499999046325684 4.77395921764641e-16
			vertex 12.875757217407227 2 4.440892098500626e-16
			vertex 12.93089771270752 1.9149999618530273 4.6296300973901975e-16
		endloop
	endfacet
	facet normal 0 -2.220446049250313e-16 -1
		outer loop
			vertex 12.93089771270752 1.9149999618530273 4.6296300973901975e-16
			vertex 12.875757217407227 2 4.440892098500626e-16
			vertex 12.97848129272461 1.962583303451538 4.523973854527656e-16
		endloop
	endfacet
	facet normal 0 -2.220446049250313e-16 -1
		outer loop
			vertex 12.93089771270752 1.7849998474121094 4.918288337902622e-16
			vertex 12.97848129272461 1.7374165058135986 5.023944580765164e-16
			vertex 12.875757217407227 0 8.881784197001252e-16
		endloop
	endfacet
	facet normal 0 -2.220446049250313e-16 -1
		outer loop
			vertex 12.875757217407227 0 8.881784197001252e-16
			vertex 12.97848129272461 1.7374165058135986 5.023944580765164e-16
			vertex 13.04348087310791 1.7199997901916504 5.062617458158835e-16
		endloop
	endfacet
	facet normal 0 -2.220446049250313e-16 -1
		outer loop
			vertex 12.875757217407227 0 8.881784197001252e-16
			vertex 13.04348087310791 1.7199997901916504 5.062617458158835e-16
			vertex 14.409420013427734 0 8.881784197001252e-16
		endloop
	endfacet
	facet normal 0 -2.220446049250313e-16 -1
		outer loop
			vertex 13.04348087310791 1.7199997901916504 5.062617458158835e-16
			vertex 13.108480453491211 1.7374165058135986 5.023944580765164e-16
			vertex 14.409420013427734 0 8.881784197001252e-16
		endloop
	endfacet
	facet normal 0 -2.220446049250313e-16 -1
		outer loop
			vertex 14.409420013427734 0 8.881784197001252e-16
			vertex 13.108480453491211 1.7374165058135986 5.023944580765164e-16
			vertex 13.156064987182617 1.7849998474121094 4.918288337902622e-16
		endloop
	endfacet
	facet normal 0 -2.220446049250313e-16 -1
		outer loop
			vertex 14.409420013427734 0 8.881784197001252e-16
			vertex 13.156064987182617 1.7849998474121094 4.918288337902622e-16
			vertex 14.409420013427734 2 4.440892098500626e-16
		endloop
	endfacet
	facet normal 0 -2.220446049250313e-16 -1
		outer loop
			vertex 14.409420013427734 2 4.440892098500626e-16
			vertex 13.156064987182617 1.7849998474121094 4.918288337902622e-16
			vertex 13.173480987548828 1.8499999046325684 4.77395921764641e-16
		endloop
	endfacet
	facet normal 0 -2.220446049250313e-16 -1
		outer loop
			vertex 14.409420013427734 2 4.440892098500626e-16
			vertex 13.173480987548828 1.8499999046325684 4.77395921764641e-16
			vertex 13.156064987182617 1.9149999618530273 4.6296300973901975e-16
		endloop
	endfacet
	facet normal 0 -2.220446049250313e-16 -1
		outer loop
			vertex 14.409420013427734 3.1399998664855957 1.9095838988168008e-16
			vertex 13.108480453491211 2.2625832557678223 3.8578401456316807e-16
			vertex 12.875757217407227 3.1399998664855957 1.9095838988168008e-16
		endloop
	endfacet
	facet normal 0 -2.220446049250313e-16 -1
		outer loop
			vertex 12.875757217407227 3.1399998664855957 1.9095838988168008e-16
			vertex 13.108480453491211 2.2625832557678223 3.8578401456316807e-16
			vertex 13.04348087310791 2.2799999713897705 3.8191672682380095e-16
		endloop
	endfacet
	facet normal 0 -2.220446049250313e-16 -1
		outer loop
			vertex 12.875757217407227 3.1399998664855957 1.9095838988168008e-16
			vertex 13.04348087310791 2.2799999713897705 3.8191672682380095e-16
			vertex 12.97848129272461 2.2625832557678223 3.8578401456316807e-16
		endloop
	endfacet
	facet normal 0 -2.220446049250313e-16 -1
		outer loop
			vertex 12.97848129272461 2.0374165773391724 4.357810607171392e-16
			vertex 13.04348087310791 2.019999861717224 4.3964834845650633e-16
			vertex 12.875757217407227 2 4.440892098500626e-16
		endloop
	endfacet
	facet normal 0 -2.220446049250313e-16 -1
		outer loop
			vertex 13.04348087310791 1.9800000190734863 4.485300977133985e-16
			vertex 12.875757217407227 2 4.440892098500626e-16
			vertex 14.409420013427734 2 4.440892098500626e-16
		endloop
	endfacet
	facet normal 0 -2.220446049250313e-16 -1
		outer loop
			vertex 14.409420013427734 2 4.440892098500626e-16
			vertex 12.875757217407227 2 4.440892098500626e-16
			vertex 13.04348087310791 2.019999861717224 4.3964834845650633e-16
		endloop
	endfacet
	facet normal 0 -2.220446049250313e-16 -1
		outer loop
			vertex 14.409420013427734 2 4.440892098500626e-16
			vertex 13.04348087310791 2.019999861717224 4.3964834845650633e-16
			vertex 13.108480453491211 2.0374165773391724 4.357810607171392e-16
		endloop
	endfacet
	facet normal 0 -2.220446049250313e-16 -1
		outer loop
			vertex 13.108480453491211 2.0374165773391724 4.357810607171392e-16
			vertex 13.156064987182617 2.084999918937683 4.252154364308851e-16
			vertex 14.409420013427734 2 4.440892098500626e-16
		endloop
	endfacet
	facet normal 0 -2.220446049250313e-16 -1
		outer loop
			vertex 14.409420013427734 2 4.440892098500626e-16
			vertex 13.156064987182617 2.084999918937683 4.252154364308851e-16
			vertex 13.173480987548828 2.1499998569488525 4.1078255087504344e-16
		endloop
	endfacet
	facet normal 0 -2.220446049250313e-16 -1
		outer loop
			vertex 14.409420013427734 2 4.440892098500626e-16
			vertex 13.173480987548828 2.1499998569488525 4.1078255087504344e-16
			vertex 14.409420013427734 3.1399998664855957 1.9095838988168008e-16
		endloop
	endfacet
	facet normal 0 -2.220446049250313e-16 -1
		outer loop
			vertex 14.409420013427734 3.1399998664855957 1.9095838988168008e-16
			vertex 13.173480987548828 2.1499998569488525 4.1078255087504344e-16
			vertex 13.156064987182617 2.2149999141693115 3.963496388494222e-16
		endloop
	endfacet
	facet normal 0 -2.220446049250313e-16 -1
		outer loop
			vertex 14.409420013427734 3.1399998664855957 1.9095838988168008e-16
			vertex 13.156064987182617 2.2149999141693115 3.963496388494222e-16
			vertex 13.108480453491211 2.2625832557678223 3.8578401456316807e-16
		endloop
	endfacet
	facet normal 0 -2.220446049250313e-16 -1
		outer loop
			vertex 12.97848129272461 2.2625832557678223 3.8578401456316807e-16
			vertex 12.93089771270752 2.2149999141693115 3.963496388494222e-16
			vertex 12.875757217407227 3.1399998664855957 1.9095838988168008e-16
		endloop
	endfacet
	facet normal 0 -2.220446049250313e-16 -1
		outer loop
			vertex 12.875757217407227 3.1399998664855957 1.9095838988168008e-16
			vertex 12.93089771270752 2.2149999141693115 3.963496388494222e-16
			vertex 12.913480758666992 2.1499998569488525 4.1078255087504344e-16
		endloop
	endfacet
	facet normal 0 -2.220446049250313e-16 -1
		outer loop
			vertex 12.875757217407227 3.1399998664855957 1.9095838988168008e-16
			vertex 12.913480758666992 2.1499998569488525 4.1078255087504344e-16
			vertex 12.875757217407227 2 4.440892098500626e-16
		endloop
	endfacet
	facet normal 0 -2.220446049250313e-16 -1
		outer loop
			vertex 12.875757217407227 2 4.440892098500626e-16
			vertex 12.913480758666992 2.1499998569488525 4.1078255087504344e-16
			vertex 12.93089771270752 2.084999918937683 4.252154364308851e-16
		endloop
	endfacet
	facet normal 0 -2.220446049250313e-16 -1
		outer loop
			vertex 12.875757217407227 2 4.440892098500626e-16
			vertex 12.93089771270752 2.084999918937683 4.252154364308851e-16
			vertex 12.97848129272461 2.0374165773391724 4.357810607171392e-16
		endloop
	endfacet
	facet normal 0 -2.220446049250313e-16 -1
		outer loop
			vertex 10.916242599487305 3.1399998664855957 1.9095838988168008e-16
			vertex 11.076242446899414 4 0
			vertex 11.076242446899414 3.1399998664855957 1.9095838988168008e-16
		endloop
	endfacet
	facet normal 0 -2.220446049250313e-16 -1
		outer loop
			vertex 11.076242446899414 3.1399998664855957 1.9095838988168008e-16
			vertex 11.076242446899414 4 0
			vertex 11.533966064453125 4 0
		endloop
	endfacet
	facet normal 0 -2.220446049250313e-16 -1
		outer loop
			vertex 11.076242446899414 3.1399998664855957 1.9095838988168008e-16
			vertex 11.533966064453125 4 0
			vertex 11.533966064453125 3.1399998664855957 1.9095838988168008e-16
		endloop
	endfacet
	facet normal 0 -2.220446049250313e-16 -1
		outer loop
			vertex 11.533966064453125 3.1399998664855957 1.9095838988168008e-16
			vertex 11.533966064453125 4 0
			vertex 11.869413375854492 4 0
		endloop
	endfacet
	facet normal 0 -2.220446049250313e-16 -1
		outer loop
			vertex 11.533966064453125 3.1399998664855957 1.9095838988168008e-16
			vertex 11.869413375854492 4 0
			vertex 11.869413375854492 3.1399998664855957 1.9095838988168008e-16
		endloop
	endfacet
	facet normal 0 -2.220446049250313e-16 -1
		outer loop
			vertex 11.869413375854492 3.1399998664855957 1.9095838988168008e-16
			vertex 11.869413375854492 4 0
			vertex 12.204861640930176 4 0
		endloop
	endfacet
	facet normal 0 -2.220446049250313e-16 -1
		outer loop
			vertex 11.869413375854492 3.1399998664855957 1.9095838988168008e-16
			vertex 12.204861640930176 4 0
			vertex 12.204861640930176 3.1399998664855957 1.9095838988168008e-16
		endloop
	endfacet
	facet normal 0 -2.220446049250313e-16 -1
		outer loop
			vertex 12.204861640930176 3.1399998664855957 1.9095838988168008e-16
			vertex 12.204861640930176 4 0
			vertex 12.54030990600586 4 0
		endloop
	endfacet
	facet normal 0 -2.220446049250313e-16 -1
		outer loop
			vertex 12.204861640930176 3.1399998664855957 1.9095838988168008e-16
			vertex 12.54030990600586 4 0
			vertex 12.54030990600586 3.1399998664855957 1.9095838988168008e-16
		endloop
	endfacet
	facet normal 0 -2.220446049250313e-16 -1
		outer loop
			vertex 12.54030990600586 3.1399998664855957 1.9095838988168008e-16
			vertex 12.54030990600586 4 0
			vertex 12.875757217407227 4 0
		endloop
	endfacet
	facet normal 0 -2.220446049250313e-16 -1
		outer loop
			vertex 12.54030990600586 3.1399998664855957 1.9095838988168008e-16
			vertex 12.875757217407227 4 0
			vertex 12.875757217407227 3.1399998664855957 1.9095838988168008e-16
		endloop
	endfacet
	facet normal 0 -2.220446049250313e-16 -1
		outer loop
			vertex 12.875757217407227 3.1399998664855957 1.9095838988168008e-16
			vertex 12.875757217407227 4 0
			vertex 14.409420013427734 4 0
		endloop
	endfacet
	facet normal 0 -2.220446049250313e-16 -1
		outer loop
			vertex 12.875757217407227 3.1399998664855957 1.9095838988168008e-16
			vertex 14.409420013427734 4 0
			vertex 14.409420013427734 3.1399998664855957 1.9095838988168008e-16
		endloop
	endfacet
	facet normal -1 0 0
		outer loop
			vertex 10.916242599487305 0 8.881784197001252e-16
			vertex 10.916242599487305 0 0.6000000238418588
			vertex 10.916242599487305 2 4.440892098500626e-16
		endloop
	endfacet
	facet normal -1 0 0
		outer loop
			vertex 10.916242599487305 2 4.440892098500626e-16
			vertex 10.916242599487305 0 0.6000000238418588
			vertex 10.916242599487305 4 0.6000000238418579
		endloop
	endfacet
	facet normal -1 0 0
		outer loop
			vertex 10.916242599487305 2 4.440892098500626e-16
			vertex 10.916242599487305 4 0.6000000238418579
			vertex 10.916242599487305 3.1399998664855957 1.9095838988168008e-16
		endloop
	endfacet
	facet normal -1 0 0
		outer loop
			vertex 10.916242599487305 3.1399998664855957 1.9095838988168008e-16
			vertex 10.916242599487305 4 0.6000000238418579
			vertex 10.916242599487305 4 0
		endloop
	endfacet
	facet normal 0 2.4129863727278227e-16 1
		outer loop
			vertex 11.136242866516113 4 0.6000000238418579
			vertex 10.916242599487305 4 0.6000000238418579
			vertex 11.136242866516113 1.239380121231079 0.6000000238418586
		endloop
	endfacet
	facet normal -2.416045451376692e-16 2.220446049250313e-16 1
		outer loop
			vertex 11.136242866516113 1.239380121231079 0.6000000238418586
			vertex 10.916242599487305 4 0.6000000238418579
			vertex 10.916242599487305 0 0.6000000238418588
		endloop
	endfacet
	facet normal 0 1.7915779115811046e-16 1
		outer loop
			vertex 11.136242866516113 1.239380121231079 0.6000000238418586
			vertex 10.916242599487305 0 0.6000000238418588
			vertex 13.273481369018555 1.239380121231079 0.6000000238418586
		endloop
	endfacet
	facet normal 0 1.7915779115811046e-16 1
		outer loop
			vertex 13.273481369018555 1.239380121231079 0.6000000238418586
			vertex 10.916242599487305 0 0.6000000238418588
			vertex 14.409420013427734 0 0.6000000238418588
		endloop
	endfacet
	facet normal 6.779955041591272e-17 2.412986372727822e-16 1
		outer loop
			vertex 13.273481369018555 1.239380121231079 0.6000000238418586
			vertex 14.409420013427734 0 0.6000000238418588
			vertex 13.273481369018555 4 0.6000000238418579
		endloop
	endfacet
	facet normal 0 2.220446049250313e-16 1
		outer loop
			vertex 13.273481369018555 4 0.6000000238418579
			vertex 14.409420013427734 0 0.6000000238418588
			vertex 14.409420013427734 4 0.6000000238418579
		endloop
	endfacet
	facet normal 0 1 0
		outer loop
			vertex 13.273481369018555 1.239380121231079 0.09999999403953613
			vertex 12.875757217407227 1.239380121231079 0.09999999403953613
			vertex 13.273481369018555 1.239380121231079 0.6000000238418586
		endloop
	endfacet
	facet normal 0 1 0
		outer loop
			vertex 13.273481369018555 1.239380121231079 0.6000000238418586
			vertex 12.875757217407227 1.239380121231079 0.09999999403953613
			vertex 12.54030990600586 1.239380121231079 0.09999999403953613
		endloop
	endfacet
	facet normal 0 1 0
		outer loop
			vertex 13.273481369018555 1.239380121231079 0.6000000238418586
			vertex 12.54030990600586 1.239380121231079 0.09999999403953613
			vertex 11.136242866516113 1.239380121231079 0.6000000238418586
		endloop
	endfacet
	facet normal 0 1 0
		outer loop
			vertex 11.136242866516113 1.239380121231079 0.6000000238418586
			vertex 12.54030990600586 1.239380121231079 0.09999999403953613
			vertex 12.204861640930176 1.239380121231079 0.09999999403953613
		endloop
	endfacet
	facet normal 0 1 0
		outer loop
			vertex 11.136242866516113 1.239380121231079 0.6000000238418586
			vertex 12.204861640930176 1.239380121231079 0.09999999403953613
			vertex 11.869413375854492 1.239380121231079 0.09999999403953613
		endloop
	endfacet
	facet normal 0 1 0
		outer loop
			vertex 11.869413375854492 1.239380121231079 0.09999999403953613
			vertex 11.533966064453125 1.239380121231079 0.09999999403953613
			vertex 11.136242866516113 1.239380121231079 0.6000000238418586
		endloop
	endfacet
	facet normal 0 1 0
		outer loop
			vertex 11.136242866516113 1.239380121231079 0.6000000238418586
			vertex 11.533966064453125 1.239380121231079 0.09999999403953613
			vertex 11.186243057250977 1.239380121231079 0.09999999403953613
		endloop
	endfacet
	facet normal 0 1 0
		outer loop
			vertex 11.136242866516113 1.239380121231079 0.6000000238418586
			vertex 11.186243057250977 1.239380121231079 0.09999999403953613
			vertex 11.136242866516113 1.239380121231079 0.09999999403953613
		endloop
	endfacet
	facet normal -1 0 0
		outer loop
			vertex 13.273481369018555 4 0.6000000238418579
			vertex 13.273481369018555 4 0.09999999403953552
			vertex 13.273481369018555 3.1399998664855957 0.09999999403953572
		endloop
	endfacet
	facet normal -1 0 0
		outer loop
			vertex 13.273481369018555 4 0.6000000238418579
			vertex 13.273481369018555 3.1399998664855957 0.09999999403953572
			vertex 13.273481369018555 1.239380121231079 0.6000000238418586
		endloop
	endfacet
	facet normal -1 0 0
		outer loop
			vertex 13.273481369018555 1.239380121231079 0.6000000238418586
			vertex 13.273481369018555 3.1399998664855957 0.09999999403953572
			vertex 13.273481369018555 2 0.09999999403953597
		endloop
	endfacet
	facet normal -1 0 0
		outer loop
			vertex 13.273481369018555 1.239380121231079 0.6000000238418586
			vertex 13.273481369018555 2 0.09999999403953597
			vertex 13.273481369018555 1.239380121231079 0.09999999403953613
		endloop
	endfacet
	facet normal 1 0 0
		outer loop
			vertex 14.409420013427734 3.1399998664855957 1.9095838988168008e-16
			vertex 14.409420013427734 4 0
			vertex 14.409420013427734 4 0.6000000238418579
		endloop
	endfacet
	facet normal 1 0 0
		outer loop
			vertex 14.409420013427734 3.1399998664855957 1.9095838988168008e-16
			vertex 14.409420013427734 4 0.6000000238418579
			vertex 14.409420013427734 2 4.440892098500626e-16
		endloop
	endfacet
	facet normal 1 0 0
		outer loop
			vertex 14.409420013427734 2 4.440892098500626e-16
			vertex 14.409420013427734 4 0.6000000238418579
			vertex 14.409420013427734 0 0.6000000238418588
		endloop
	endfacet
	facet normal 1 0 0
		outer loop
			vertex 14.409420013427734 2 4.440892098500626e-16
			vertex 14.409420013427734 0 0.6000000238418588
			vertex 14.409420013427734 0 8.881784197001252e-16
		endloop
	endfacet
endsolid exported
