solid exported
	facet normal 0.08258319327054568 -0.9965841741615405 0
		outer loop
			vertex 6.731482028961182 0.035178422927856445 0.6818498969078073
			vertex 6.673887252807617 0.030405759811401367 0.6818498969078073
			vertex 6.673887252807617 0.030405759811401367 0.09999999403953641
		endloop
	endfacet
	facet normal -0.08258319327054568 -0.9965841741615405 0
		outer loop
			vertex 6.673887252807617 0.030405759811401367 0.09999999403953641
			vertex 6.673887252807617 0.030405759811401367 0.6818498969078073
			vertex 6.616292476654053 0.035178422927856445 0.0999999940395364
		endloop
	endfacet
	facet normal -0.08258319327054568 -0.9965841741615405 0
		outer loop
			vertex 6.673887252807617 0.030405759811401367 0.6818498969078073
			vertex 6.616292476654053 0.035178422927856445 0.6818498969078073
			vertex 6.616292476654053 0.035178422927856445 0.0999999940395364
		endloop
	endfacet
	facet normal -0.324697729931677 -0.9458178387920245 0
		outer loop
			vertex 6.616292476654053 0.035178422927856445 0.0999999940395364
			vertex 6.616292476654053 0.035178422927856445 0.6818498969078073
			vertex 6.507343769073486 0.07258033752441406 0.6818498969078073
		endloop
	endfacet
	facet normal -0.324697729931677 -0.9458178387920245 0
		outer loop
			vertex 6.616292476654053 0.035178422927856445 0.0999999940395364
			vertex 6.507343769073486 0.07258033752441406 0.6818498969078073
			vertex 6.507343769073486 0.07258033752441406 0.0999999940395364
		endloop
	endfacet
	facet normal -0.6142124042917604 -0.7891407494320232 0
		outer loop
			vertex 6.507343769073486 0.07258033752441406 0.0999999940395364
			vertex 6.507343769073486 0.07258033752441406 0.6818498969078073
			vertex 6.41644287109375 0.14333128929138184 0.6818498969078073
		endloop
	endfacet
	facet normal -0.6142124042917604 -0.7891407494320232 0
		outer loop
			vertex 6.507343769073486 0.07258033752441406 0.0999999940395364
			vertex 6.41644287109375 0.14333128929138184 0.6818498969078073
			vertex 6.41644287109375 0.14333128929138184 0.09999999403953638
		endloop
	endfacet
	facet normal -0.8371672235640828 -0.5469470173517772 0
		outer loop
			vertex 6.41644287109375 0.14333128929138184 0.09999999403953638
			vertex 6.41644287109375 0.14333128929138184 0.6818498969078073
			vertex 6.353440284729004 0.23976421356201172 0.6818498969078073
		endloop
	endfacet
	facet normal -0.8371672235640828 -0.5469470173517772 0
		outer loop
			vertex 6.41644287109375 0.14333128929138184 0.09999999403953638
			vertex 6.353440284729004 0.23976421356201172 0.6818498969078073
			vertex 6.353440284729004 0.23976421356201172 0.09999999403953636
		endloop
	endfacet
	facet normal -0.9694003153062837 -0.24548529219502743 0
		outer loop
			vertex 6.353440284729004 0.23976421356201172 0.09999999403953636
			vertex 6.353440284729004 0.23976421356201172 0.6818498969078073
			vertex 6.325162887573242 0.3514292240142822 0.6818498969078072
		endloop
	endfacet
	facet normal -0.9694003153062837 -0.24548529219502743 0
		outer loop
			vertex 6.353440284729004 0.23976421356201172 0.09999999403953636
			vertex 6.325162887573242 0.3514292240142822 0.6818498969078072
			vertex 6.325162887573242 0.3514292240142822 0.09999999403953633
		endloop
	endfacet
	facet normal -0.9965843764998253 0.08258075148879836 0
		outer loop
			vertex 6.325162887573242 0.3514292240142822 0.09999999403953633
			vertex 6.325162887573242 0.3514292240142822 0.6818498969078072
			vertex 6.334675312042236 0.46622514724731445 0.6818498969078072
		endloop
	endfacet
	facet normal -0.9965843764998253 0.08258075148879836 0
		outer loop
			vertex 6.325162887573242 0.3514292240142822 0.09999999403953633
			vertex 6.334675312042236 0.46622514724731445 0.6818498969078072
			vertex 6.334675312042236 0.46622514724731445 0.09999999403953631
		endloop
	endfacet
	facet normal -0.9157746109111723 0.4016924968312092 0
		outer loop
			vertex 6.334675312042236 0.46622514724731445 0.09999999403953631
			vertex 6.334675312042236 0.46622514724731445 0.6818498969078072
			vertex 6.380946159362793 0.5717129707336426 0.6818498969078072
		endloop
	endfacet
	facet normal -0.9157746109111723 0.4016924968312092 0
		outer loop
			vertex 6.334675312042236 0.46622514724731445 0.09999999403953631
			vertex 6.380946159362793 0.5717129707336426 0.6818498969078072
			vertex 6.380946159362793 0.5717129707336426 0.09999999403953629
		endloop
	endfacet
	facet normal -0.7357240556066299 0.6772814141859591 0
		outer loop
			vertex 6.380946159362793 0.5717129707336426 0.09999999403953629
			vertex 6.380946159362793 0.5717129707336426 0.6818498969078072
			vertex 6.4589619636535645 0.6564607620239258 0.6818498969078072
		endloop
	endfacet
	facet normal -0.7357240556066299 0.6772814141859591 0
		outer loop
			vertex 6.380946159362793 0.5717129707336426 0.09999999403953629
			vertex 6.4589619636535645 0.6564607620239258 0.6818498969078072
			vertex 6.4589619636535645 0.6564607620239258 0.09999999403953626
		endloop
	endfacet
	facet normal -0.4759461239796183 0.8794744379848558 0
		outer loop
			vertex 6.4589619636535645 0.6564607620239258 0.09999999403953626
			vertex 6.4589619636535645 0.6564607620239258 0.6818498969078072
			vertex 6.560268402099609 0.711284875869751 0.6818498969078072
		endloop
	endfacet
	facet normal -0.4759461239796183 0.8794744379848558 0
		outer loop
			vertex 6.4589619636535645 0.6564607620239258 0.09999999403953626
			vertex 6.560268402099609 0.711284875869751 0.6818498969078072
			vertex 6.560268402099609 0.711284875869751 0.09999999403953626
		endloop
	endfacet
	facet normal -0.16459365602619624 0.9863614593017767 0
		outer loop
			vertex 6.560268402099609 0.711284875869751 0.09999999403953626
			vertex 6.560268402099609 0.711284875869751 0.6818498969078072
			vertex 6.673887252807617 0.7302443981170654 0.6818498969078072
		endloop
	endfacet
	facet normal -0.16459365602619624 0.9863614593017767 0
		outer loop
			vertex 6.560268402099609 0.711284875869751 0.09999999403953626
			vertex 6.673887252807617 0.7302443981170654 0.6818498969078072
			vertex 6.673887252807617 0.7302443981170654 0.09999999403953624
		endloop
	endfacet
	facet normal 0.1645943280841553 0.9863613471555571 0
		outer loop
			vertex 6.673887252807617 0.7302443981170654 0.09999999403953624
			vertex 6.673887252807617 0.7302443981170654 0.6818498969078072
			vertex 6.787505626678467 0.711284875869751 0.6818498969078072
		endloop
	endfacet
	facet normal 0.1645943280841553 0.9863613471555571 0
		outer loop
			vertex 6.673887252807617 0.7302443981170654 0.09999999403953624
			vertex 6.787505626678467 0.711284875869751 0.6818498969078072
			vertex 6.787505626678467 0.711284875869751 0.09999999403953626
		endloop
	endfacet
	facet normal 0.47594785674047996 0.8794735002625967 0
		outer loop
			vertex 6.787505626678467 0.711284875869751 0.09999999403953626
			vertex 6.787505626678467 0.711284875869751 0.6818498969078072
			vertex 6.8888115882873535 0.6564607620239258 0.6818498969078072
		endloop
	endfacet
	facet normal 0.47594785674047996 0.8794735002625967 0
		outer loop
			vertex 6.787505626678467 0.711284875869751 0.09999999403953626
			vertex 6.8888115882873535 0.6564607620239258 0.6818498969078072
			vertex 6.8888115882873535 0.6564607620239258 0.09999999403953626
		endloop
	endfacet
	facet normal 0.735721992886657 0.6772836548912767 0
		outer loop
			vertex 6.8888115882873535 0.6564607620239258 0.09999999403953626
			vertex 6.8888115882873535 0.6564607620239258 0.6818498969078072
			vertex 6.966827869415283 0.5717129707336426 0.6818498969078072
		endloop
	endfacet
	facet normal 0.735721992886657 0.6772836548912767 0
		outer loop
			vertex 6.8888115882873535 0.6564607620239258 0.09999999403953626
			vertex 6.966827869415283 0.5717129707336426 0.6818498969078072
			vertex 6.966827869415283 0.5717129707336426 0.09999999403953629
		endloop
	endfacet
	facet normal 0.9157730881218203 0.40169596845353667 0
		outer loop
			vertex 6.966827869415283 0.5717129707336426 0.09999999403953629
			vertex 6.966827869415283 0.5717129707336426 0.6818498969078072
			vertex 7.013099193572998 0.46622514724731445 0.6818498969078072
		endloop
	endfacet
	facet normal 0.9157730881218203 0.40169596845353667 0
		outer loop
			vertex 6.966827869415283 0.5717129707336426 0.09999999403953629
			vertex 7.013099193572998 0.46622514724731445 0.6818498969078072
			vertex 7.013099193572998 0.46622514724731445 0.09999999403953631
		endloop
	endfacet
	facet normal 0.9965847171745729 0.08257664012344365 0
		outer loop
			vertex 7.013099193572998 0.46622514724731445 0.09999999403953631
			vertex 7.013099193572998 0.46622514724731445 0.6818498969078072
			vertex 7.022611141204834 0.3514292240142822 0.6818498969078072
		endloop
	endfacet
	facet normal 0.9965847171745729 0.08257664012344365 0
		outer loop
			vertex 7.013099193572998 0.46622514724731445 0.09999999403953631
			vertex 7.022611141204834 0.3514292240142822 0.6818498969078072
			vertex 7.022611141204834 0.3514292240142822 0.09999999403953633
		endloop
	endfacet
	facet normal 0.9694003153062837 -0.24548529219502743 0
		outer loop
			vertex 7.022611141204834 0.3514292240142822 0.09999999403953633
			vertex 7.022611141204834 0.3514292240142822 0.6818498969078072
			vertex 6.994333744049072 0.23976421356201172 0.6818498969078073
		endloop
	endfacet
	facet normal 0.9694003153062837 -0.24548529219502743 0
		outer loop
			vertex 7.022611141204834 0.3514292240142822 0.09999999403953633
			vertex 6.994333744049072 0.23976421356201172 0.6818498969078073
			vertex 6.994333744049072 0.23976421356201172 0.09999999403953636
		endloop
	endfacet
	facet normal 0.8371653281041234 -0.546949918566879 0
		outer loop
			vertex 6.994333744049072 0.23976421356201172 0.09999999403953636
			vertex 6.994333744049072 0.23976421356201172 0.6818498969078073
			vertex 6.931330680847168 0.14333128929138184 0.6818498969078073
		endloop
	endfacet
	facet normal 0.8371653281041234 -0.546949918566879 0
		outer loop
			vertex 6.994333744049072 0.23976421356201172 0.09999999403953636
			vertex 6.931330680847168 0.14333128929138184 0.6818498969078073
			vertex 6.931330680847168 0.14333128929138184 0.09999999403953638
		endloop
	endfacet
	facet normal 0.6142124042917604 -0.7891407494320232 0
		outer loop
			vertex 6.931330680847168 0.14333128929138184 0.09999999403953638
			vertex 6.931330680847168 0.14333128929138184 0.6818498969078073
			vertex 6.840429782867432 0.07258033752441406 0.6818498969078073
		endloop
	endfacet
	facet normal 0.6142124042917604 -0.7891407494320232 0
		outer loop
			vertex 6.931330680847168 0.14333128929138184 0.09999999403953638
			vertex 6.840429782867432 0.07258033752441406 0.6818498969078073
			vertex 6.840429782867432 0.07258033752441406 0.0999999940395364
		endloop
	endfacet
	facet normal 0.3247002725165475 -0.9458169659229422 0
		outer loop
			vertex 6.840429782867432 0.07258033752441406 0.0999999940395364
			vertex 6.840429782867432 0.07258033752441406 0.6818498969078073
			vertex 6.731482028961182 0.035178422927856445 0.6818498969078073
		endloop
	endfacet
	facet normal 0.3247002725165475 -0.9458169659229422 0
		outer loop
			vertex 6.840429782867432 0.07258033752441406 0.0999999940395364
			vertex 6.731482028961182 0.035178422927856445 0.6818498969078073
			vertex 6.731482028961182 0.035178422927856445 0.0999999940395364
		endloop
	endfacet
	facet normal 0.08258319327054568 -0.9965841741615405 0
		outer loop
			vertex 6.731482028961182 0.035178422927856445 0.0999999940395364
			vertex 6.731482028961182 0.035178422927856445 0.6818498969078073
			vertex 6.673887252807617 0.030405759811401367 0.09999999403953641
		endloop
	endfacet
	facet normal -2.629178031085326e-17 3.1727971673957546e-16 1
		outer loop
			vertex 6.673887252807617 0.030405759811401367 0.6818498969078073
			vertex 6.731482028961182 0.035178422927856445 0.6818498969078073
			vertex 6.673887252807617 0.3803250789642334 0.6818498969078072
		endloop
	endfacet
	facet normal 2.629178031085326e-17 3.1727971673957546e-16 1
		outer loop
			vertex 6.673887252807617 0.030405759811401367 0.6818498969078073
			vertex 6.673887252807617 0.3803250789642334 0.6818498969078072
			vertex 6.616292476654053 0.035178422927856445 0.6818498969078073
		endloop
	endfacet
	facet normal 2.6928879776270927e-16 1.7593462882542655e-16 1
		outer loop
			vertex 6.353440284729004 0.23976421356201172 0.6818498969078073
			vertex 6.41644287109375 0.14333128929138184 0.6818498969078073
			vertex 6.673887252807617 0.3803250789642334 0.6818498969078072
		endloop
	endfacet
	facet normal 1.9757169382465258e-16 2.5384032208063325e-16 1
		outer loop
			vertex 6.673887252807617 0.3803250789642334 0.6818498969078072
			vertex 6.41644287109375 0.14333128929138184 0.6818498969078073
			vertex 6.507343769073486 0.07258033752441406 0.6818498969078073
		endloop
	endfacet
	facet normal 1.0444452631679679e-16 3.0423833321962534e-16 1
		outer loop
			vertex 6.673887252807617 0.3803250789642334 0.6818498969078072
			vertex 6.507343769073486 0.07258033752441406 0.6818498969078073
			vertex 6.616292476654053 0.035178422927856445 0.6818498969078073
		endloop
	endfacet
	facet normal 0 0 1
		outer loop
			vertex 6.380946159362793 0.5717129707336426 0.6818498969078072
			vertex 6.334675312042236 0.46622514724731445 0.6818498969078072
			vertex 6.673887252807617 0.3803250789642334 0.6818498969078072
		endloop
	endfacet
	facet normal 0 0 1
		outer loop
			vertex 6.673887252807617 0.3803250789642334 0.6818498969078072
			vertex 6.334675312042236 0.46622514724731445 0.6818498969078072
			vertex 6.325162887573242 0.3514292240142822 0.6818498969078072
		endloop
	endfacet
	facet normal -8.06914834771275e-17 9.738104791887771e-16 1
		outer loop
			vertex 6.673887252807617 0.3803250789642334 0.6818498969078072
			vertex 6.325162887573242 0.3514292240142822 0.6818498969078072
			vertex 6.353440284729004 0.23976421356201172 0.6818498969078073
		endloop
	endfacet
	facet normal 0 0 1
		outer loop
			vertex 6.673887252807617 0.7302443981170654 0.6818498969078072
			vertex 6.560268402099609 0.711284875869751 0.6818498969078072
			vertex 6.673887252807617 0.3803250789642334 0.6818498969078072
		endloop
	endfacet
	facet normal 0 0 1
		outer loop
			vertex 6.673887252807617 0.3803250789642334 0.6818498969078072
			vertex 6.560268402099609 0.711284875869751 0.6818498969078072
			vertex 6.4589619636535645 0.6564607620239258 0.6818498969078072
		endloop
	endfacet
	facet normal 0 0 1
		outer loop
			vertex 6.673887252807617 0.3803250789642334 0.6818498969078072
			vertex 6.4589619636535645 0.6564607620239258 0.6818498969078072
			vertex 6.380946159362793 0.5717129707336426 0.6818498969078072
		endloop
	endfacet
	facet normal 0 0 1
		outer loop
			vertex 6.966827869415283 0.5717129707336426 0.6818498969078072
			vertex 6.8888115882873535 0.6564607620239258 0.6818498969078072
			vertex 6.673887252807617 0.3803250789642334 0.6818498969078072
		endloop
	endfacet
	facet normal 0 0 1
		outer loop
			vertex 6.673887252807617 0.3803250789642334 0.6818498969078072
			vertex 6.8888115882873535 0.6564607620239258 0.6818498969078072
			vertex 6.787505626678467 0.711284875869751 0.6818498969078072
		endloop
	endfacet
	facet normal 0 0 1
		outer loop
			vertex 6.673887252807617 0.3803250789642334 0.6818498969078072
			vertex 6.787505626678467 0.711284875869751 0.6818498969078072
			vertex 6.673887252807617 0.7302443981170654 0.6818498969078072
		endloop
	endfacet
	facet normal 8.069159154519986e-17 9.738104518222475e-16 1
		outer loop
			vertex 6.994333744049072 0.23976421356201172 0.6818498969078073
			vertex 7.022611141204834 0.3514292240142822 0.6818498969078072
			vertex 6.673887252807617 0.3803250789642334 0.6818498969078072
		endloop
	endfacet
	facet normal 0 0 1
		outer loop
			vertex 6.673887252807617 0.3803250789642334 0.6818498969078072
			vertex 7.022611141204834 0.3514292240142822 0.6818498969078072
			vertex 7.013099193572998 0.46622514724731445 0.6818498969078072
		endloop
	endfacet
	facet normal 0 0 1
		outer loop
			vertex 6.673887252807617 0.3803250789642334 0.6818498969078072
			vertex 7.013099193572998 0.46622514724731445 0.6818498969078072
			vertex 6.966827869415283 0.5717129707336426 0.6818498969078072
		endloop
	endfacet
	facet normal -1.0444539103511179e-16 3.0423818892369516e-16 1
		outer loop
			vertex 6.731482028961182 0.035178422927856445 0.6818498969078073
			vertex 6.840429782867432 0.07258033752441406 0.6818498969078073
			vertex 6.673887252807617 0.3803250789642334 0.6818498969078072
		endloop
	endfacet
	facet normal -1.9757202912966086e-16 2.5384075288086403e-16 1
		outer loop
			vertex 6.673887252807617 0.3803250789642334 0.6818498969078072
			vertex 6.840429782867432 0.07258033752441406 0.6818498969078073
			vertex 6.931330680847168 0.14333128929138184 0.6818498969078073
		endloop
	endfacet
	facet normal -2.692886552398473e-16 1.7593586727722177e-16 1
		outer loop
			vertex 6.673887252807617 0.3803250789642334 0.6818498969078072
			vertex 6.931330680847168 0.14333128929138184 0.6818498969078073
			vertex 6.994333744049072 0.23976421356201172 0.6818498969078073
		endloop
	endfacet
	facet normal 1 0 0
		outer loop
			vertex 7.179976940155029 4 0.09999999403953552
			vertex 7.179976940155029 0 0.09999999403953641
			vertex 7.179976940155029 4 0
		endloop
	endfacet
	facet normal 1 0 0
		outer loop
			vertex 7.179976940155029 4 0
			vertex 7.179976940155029 0 0.09999999403953641
			vertex 7.179976940155029 0 8.881784197001252e-16
		endloop
	endfacet
	facet normal 0 1 0
		outer loop
			vertex 6.150417327880859 4 0.09999999403953552
			vertex 7.179976940155029 4 0.09999999403953552
			vertex 6.150417327880859 4 0
		endloop
	endfacet
	facet normal 0 1 0
		outer loop
			vertex 6.150417327880859 4 0
			vertex 7.179976940155029 4 0.09999999403953552
			vertex 7.179976940155029 4 0
		endloop
	endfacet
	facet normal -1 0 0
		outer loop
			vertex 6.150417327880859 0 0.09999999403953641
			vertex 6.150417327880859 4 0.09999999403953552
			vertex 6.150417327880859 0 8.881784197001252e-16
		endloop
	endfacet
	facet normal -1 0 0
		outer loop
			vertex 6.150417327880859 0 8.881784197001252e-16
			vertex 6.150417327880859 4 0.09999999403953552
			vertex 6.150417327880859 4 0
		endloop
	endfacet
	facet normal 0 -1 0
		outer loop
			vertex 7.179976940155029 0 0.09999999403953641
			vertex 6.150417327880859 0 0.09999999403953641
			vertex 7.179976940155029 0 8.881784197001252e-16
		endloop
	endfacet
	facet normal 0 -1 0
		outer loop
			vertex 7.179976940155029 0 8.881784197001252e-16
			vertex 6.150417327880859 0 0.09999999403953641
			vertex 6.150417327880859 0 8.881784197001252e-16
		endloop
	endfacet
	facet normal -2.2271413989147936e-17 2.0845897091250245e-16 1
		outer loop
			vertex 6.39716100692749 3.2940561175346375 0.09999999403953568
			vertex 6.430959701538086 3.364240348339081 0.09999999403953566
			vertex 6.150417327880859 4 0.09999999403953552
		endloop
	endfacet
	facet normal 4.007203508777015e-16 3.5630435474836964e-16 1
		outer loop
			vertex 6.39716100692749 3.2940561175346375 0.09999999403953568
			vertex 6.150417327880859 4 0.09999999403953552
			vertex 6.39716100692749 3.216157615184784 0.0999999940395357
		endloop
	endfacet
	facet normal 3.9786455082765714e-17 2.3584331631419765e-16 1
		outer loop
			vertex 6.430959701538086 3.364240348339081 0.09999999403953566
			vertex 6.491863250732422 3.4128092527389526 0.09999999403953565
			vertex 6.150417327880859 4 0.09999999403953552
		endloop
	endfacet
	facet normal -4.286093016932909e-17 1.877846354506102e-16 1
		outer loop
			vertex 6.150417327880859 4 0.09999999403953552
			vertex 6.491863250732422 3.4128092527389526 0.09999999403953565
			vertex 6.567808628082275 3.430143415927887 0.09999999403953565
		endloop
	endfacet
	facet normal 0 2.191781121099138e-16 1
		outer loop
			vertex 6.150417327880859 4 0.09999999403953552
			vertex 6.567808628082275 3.430143415927887 0.09999999403953565
			vertex 7.179976940155029 4 0.09999999403953552
		endloop
	endfacet
	facet normal 4.017559293575766e-17 1.760194900961818e-16 1
		outer loop
			vertex 7.179976940155029 4 0.09999999403953552
			vertex 6.567808628082275 3.430143415927887 0.09999999403953565
			vertex 6.643754005432129 3.4128092527389526 0.09999999403953565
		endloop
	endfacet
	facet normal -3.36965127564408e-17 2.434795403323288e-16 1
		outer loop
			vertex 7.179976940155029 4 0.09999999403953552
			vertex 6.643754005432129 3.4128092527389526 0.09999999403953565
			vertex 6.704658031463623 3.364240348339081 0.09999999403953566
		endloop
	endfacet
	facet normal 1.6720490423111914e-17 2.0578580675205216e-16 1
		outer loop
			vertex 6.704658031463623 3.364240348339081 0.09999999403953566
			vertex 6.738456726074219 3.2940561175346375 0.09999999403953568
			vertex 7.179976940155029 4 0.09999999403953552
		endloop
	endfacet
	facet normal -2.239426655702879e-16 3.5630435474836964e-16 1
		outer loop
			vertex 7.179976940155029 4 0.09999999403953552
			vertex 6.738456726074219 3.2940561175346375 0.09999999403953568
			vertex 6.738456726074219 3.216157615184784 0.0999999940395357
		endloop
	endfacet
	facet normal 1.441218009700066e-17 2.220446049250313e-16 1
		outer loop
			vertex 7.179976940155029 4 0.09999999403953552
			vertex 6.738456726074219 3.216157615184784 0.0999999940395357
			vertex 7.179976940155029 0 0.09999999403953641
		endloop
	endfacet
	facet normal -3.6086716255930796e-17 2.1511202070611084e-16 1
		outer loop
			vertex 7.179976940155029 0 0.09999999403953641
			vertex 6.738456726074219 3.216157615184784 0.0999999940395357
			vertex 6.704658031463623 3.1459733843803406 0.09999999403953572
		endloop
	endfacet
	facet normal -1.5697877248142707e-16 1.9684667856435546e-16 1
		outer loop
			vertex 7.179976940155029 0 0.09999999403953641
			vertex 6.704658031463623 3.1459733843803406 0.09999999403953572
			vertex 6.643754005432129 3.097404420375824 0.09999999403953572
		endloop
	endfacet
	facet normal -2.110660183402484e-15 1.3946389963544536e-15 1
		outer loop
			vertex 6.3425164222717285 2.6794060468673706 0.09999999403953581
			vertex 6.567808628082275 3.0800703167915344 0.09999999403953573
			vertex 6.297004699707031 2.6005773544311523 0.09999999403953583
		endloop
	endfacet
	facet normal -1.209063234830671e-16 2.7088285379609487e-16 1
		outer loop
			vertex 6.297004699707031 2.6005773544311523 0.09999999403953583
			vertex 6.567808628082275 3.0800703167915344 0.09999999403953573
			vertex 6.491863250732422 3.097404420375824 0.09999999403953572
		endloop
	endfacet
	facet normal 1.3574733044861457e-16 1.702217534886713e-16 1
		outer loop
			vertex 6.297004699707031 2.6005773544311523 0.09999999403953583
			vertex 6.491863250732422 3.097404420375824 0.09999999403953572
			vertex 6.430959701538086 3.1459733843803406 0.09999999403953572
		endloop
	endfacet
	facet normal 8.324002272254843e-17 2.1486776282085558e-16 1
		outer loop
			vertex 6.5155816078186035 1.4741647243499756 0.09999999403953608
			vertex 6.418180465698242 1.5118980407714844 0.09999999403953608
			vertex 6.4589619636535645 0.6564607620239258 0.09999999403953626
		endloop
	endfacet
	facet normal 4.7194465336289844e-17 2.220304667261642e-16 1
		outer loop
			vertex 6.59422492980957 2.7329083681106567 0.0999999940395358
			vertex 6.643754005432129 3.097404420375824 0.09999999403953572
			vertex 6.505190849304199 2.7518333196640015 0.0999999940395358
		endloop
	endfacet
	facet normal 1.4060546952783996e-16 1.8457558831995713e-16 1
		outer loop
			vertex 6.505190849304199 2.7518333196640015 0.0999999940395358
			vertex 6.643754005432129 3.097404420375824 0.09999999403953572
			vertex 6.567808628082275 3.0800703167915344 0.09999999403953573
		endloop
	endfacet
	facet normal -4.683320988924083e-17 2.203332690960618e-16 1
		outer loop
			vertex 6.505190849304199 2.7518333196640015 0.0999999940395358
			vertex 6.567808628082275 3.0800703167915344 0.09999999403953573
			vertex 6.416155815124512 2.7329083681106567 0.0999999940395358
		endloop
	endfacet
	facet normal 6.334132349696168e-17 1.7220507426418683e-16 1
		outer loop
			vertex 6.416155815124512 2.7329083681106567 0.0999999940395358
			vertex 6.567808628082275 3.0800703167915344 0.09999999403953573
			vertex 6.3425164222717285 2.6794060468673706 0.09999999403953581
		endloop
	endfacet
	facet normal -1.8358970307967197e-16 3.0512794833113016e-16 1
		outer loop
			vertex 6.313375473022461 1.880249261856079 0.099999994039536
			vertex 6.376323699951172 1.9636058807373047 0.09999999403953598
			vertex 6.505190849304199 2.3140339851379395 0.0999999940395359
		endloop
	endfacet
	facet normal 1.1835421914128165e-17 2.332619123207363e-16 1
		outer loop
			vertex 6.505190849304199 2.3140339851379395 0.0999999940395359
			vertex 6.376323699951172 1.9636058807373047 0.09999999403953598
			vertex 6.465132713317871 2.018594264984131 0.09999999403953597
		endloop
	endfacet
	facet normal -2.5042815477109024e-17 2.38262165663737e-16 1
		outer loop
			vertex 6.505190849304199 2.3140339851379395 0.0999999940395359
			vertex 6.465132713317871 2.018594264984131 0.09999999403953597
			vertex 6.550702095031738 2.3188174962997437 0.0999999940395359
		endloop
	endfacet
	facet normal 9.713162314418622e-17 2.0344010633058447e-16 1
		outer loop
			vertex 6.550702095031738 2.3188174962997437 0.0999999940395359
			vertex 6.465132713317871 2.018594264984131 0.09999999403953597
			vertex 6.567808628082275 2.037787675857544 0.09999999403953595
		endloop
	endfacet
	facet normal 7.686378814143131e-17 2.022063853368767e-16 1
		outer loop
			vertex 6.550702095031738 2.3188174962997437 0.0999999940395359
			vertex 6.567808628082275 2.037787675857544 0.09999999403953595
			vertex 6.633856773376465 2.3558400869369507 0.09999999403953588
		endloop
	endfacet
	facet normal -9.085127455033949e-17 2.3703482380428566e-16 1
		outer loop
			vertex 6.633856773376465 2.3558400869369507 0.09999999403953588
			vertex 6.567808628082275 2.037787675857544 0.09999999403953595
			vertex 6.670485019683838 2.018594264984131 0.09999999403953597
		endloop
	endfacet
	facet normal 1.8121167690199866e-17 2.170878708847484e-16 1
		outer loop
			vertex 6.418180465698242 1.5118980407714844 0.09999999403953608
			vertex 6.340987205505371 1.5822687149047852 0.09999999403953606
			vertex 6.150417327880859 0 0.09999999403953641
		endloop
	endfacet
	facet normal -1.254375098359413e-16 2.343782080761399e-16 1
		outer loop
			vertex 6.150417327880859 0 0.09999999403953641
			vertex 6.340987205505371 1.5822687149047852 0.09999999403953606
			vertex 6.294427871704102 1.6757726669311523 0.09999999403953604
		endloop
	endfacet
	facet normal 5.048731125680308e-16 1.8021132893960871e-16 1
		outer loop
			vertex 6.150417327880859 0 0.09999999403953641
			vertex 6.294427871704102 1.6757726669311523 0.09999999403953604
			vertex 6.2847900390625 1.7797820568084717 0.09999999403953602
		endloop
	endfacet
	facet normal 8.015911672158978e-18 2.015939335129326e-16 1
		outer loop
			vertex 6.430959701538086 3.1459733843803406 0.09999999403953572
			vertex 6.39716100692749 3.216157615184784 0.0999999940395357
			vertex 6.297004699707031 2.6005773544311523 0.09999999403953583
		endloop
	endfacet
	facet normal -5.709969099903718e-17 2.1218839003107587e-16 1
		outer loop
			vertex 6.297004699707031 2.6005773544311523 0.09999999403953583
			vertex 6.39716100692749 3.216157615184784 0.0999999940395357
			vertex 6.150417327880859 4 0.09999999403953552
		endloop
	endfacet
	facet normal 4.2142108654064575e-16 2.623127062023675e-16 1
		outer loop
			vertex 6.297004699707031 2.6005773544311523 0.09999999403953583
			vertex 6.150417327880859 4 0.09999999403953552
			vertex 6.287489891052246 2.510052442550659 0.09999999403953586
		endloop
	endfacet
	facet normal -1.6284007412204212e-17 2.220446049250313e-16 1
		outer loop
			vertex 6.287489891052246 2.510052442550659 0.09999999403953586
			vertex 6.150417327880859 4 0.09999999403953552
			vertex 6.150417327880859 0 0.09999999403953641
		endloop
	endfacet
	facet normal 1.6031952820318496e-16 2.1240038439737906e-16 1
		outer loop
			vertex 6.287489891052246 2.510052442550659 0.09999999403953586
			vertex 6.150417327880859 0 0.09999999403953641
			vertex 6.315617561340332 2.4234838485717773 0.09999999403953587
		endloop
	endfacet
	facet normal -6.818096089143522e-16 2.6980531826431135e-16 1
		outer loop
			vertex 6.315617561340332 2.4234838485717773 0.09999999403953587
			vertex 6.150417327880859 0 0.09999999403953641
			vertex 6.2847900390625 1.7797820568084717 0.09999999403953602
		endloop
	endfacet
	facet normal 3.3736910723168547e-17 2.355370801496939e-16 1
		outer loop
			vertex 6.315617561340332 2.4234838485717773 0.09999999403953587
			vertex 6.2847900390625 1.7797820568084717 0.09999999403953602
			vertex 6.376524925231934 2.3558400869369507 0.09999999403953588
		endloop
	endfacet
	facet normal 2.8221373836865297e-16 1.9596816120811316e-16 1
		outer loop
			vertex 6.376524925231934 2.3558400869369507 0.09999999403953588
			vertex 6.2847900390625 1.7797820568084717 0.09999999403953602
			vertex 6.313375473022461 1.880249261856079 0.099999994039536
		endloop
	endfacet
	facet normal -5.944393138082281e-17 2.413338275541271e-16 1
		outer loop
			vertex 6.376524925231934 2.3558400869369507 0.09999999403953588
			vertex 6.313375473022461 1.880249261856079 0.099999994039536
			vertex 6.459678649902344 2.3188174962997437 0.0999999940395359
		endloop
	endfacet
	facet normal 2.2492294029347464e-17 2.1400049801132385e-16 1
		outer loop
			vertex 6.459678649902344 2.3188174962997437 0.0999999940395359
			vertex 6.313375473022461 1.880249261856079 0.099999994039536
			vertex 6.505190849304199 2.3140339851379395 0.0999999940395359
		endloop
	endfacet
	facet normal -3.634090328974041e-18 2.4650747638570927e-16 1
		outer loop
			vertex 6.670485019683838 2.018594264984131 0.09999999403953597
			vertex 6.759294033050537 1.9636058807373047 0.09999999403953598
			vertex 6.633856773376465 2.3558400869369507 0.09999999403953588
		endloop
	endfacet
	facet normal 1.8647017806001965e-16 3.073031900234997e-16 1
		outer loop
			vertex 6.633856773376465 2.3558400869369507 0.09999999403953588
			vertex 6.759294033050537 1.9636058807373047 0.09999999403953598
			vertex 6.822242259979248 1.880249261856079 0.099999994039536
		endloop
	endfacet
	facet normal -2.1813129202466454e-17 2.248004374037276e-16 1
		outer loop
			vertex 6.633856773376465 2.3558400869369507 0.09999999403953588
			vertex 6.822242259979248 1.880249261856079 0.099999994039536
			vertex 6.69476318359375 2.4234838485717773 0.09999999403953587
		endloop
	endfacet
	facet normal -9.29549769714477e-16 1.1784861143472503e-17 1
		outer loop
			vertex 6.69476318359375 2.4234838485717773 0.09999999403953587
			vertex 6.822242259979248 1.880249261856079 0.099999994039536
			vertex 6.850827693939209 1.7797820568084717 0.09999999403953602
		endloop
	endfacet
	facet normal -1.3543818432795965e-16 2.0431599484361606e-16 1
		outer loop
			vertex 6.69476318359375 2.4234838485717773 0.09999999403953587
			vertex 6.850827693939209 1.7797820568084717 0.09999999403953602
			vertex 6.722890853881836 2.510052442550659 0.09999999403953586
		endloop
	endfacet
	facet normal 9.96680625785148e-16 4.0265308472599003e-16 1
		outer loop
			vertex 6.722890853881836 2.510052442550659 0.09999999403953586
			vertex 6.850827693939209 1.7797820568084717 0.09999999403953602
			vertex 7.179976940155029 0 0.09999999403953641
		endloop
	endfacet
	facet normal 1.1097565828744227e-15 4.2324446592638065e-16 1
		outer loop
			vertex 6.722890853881836 2.510052442550659 0.09999999403953586
			vertex 7.179976940155029 0 0.09999999403953641
			vertex 6.713376522064209 2.6005773544311523 0.09999999403953583
		endloop
	endfacet
	facet normal -1.6982721145227156e-17 2.210828076934042e-16 1
		outer loop
			vertex 6.713376522064209 2.6005773544311523 0.09999999403953583
			vertex 7.179976940155029 0 0.09999999403953641
			vertex 6.643754005432129 3.097404420375824 0.09999999403953572
		endloop
	endfacet
	facet normal 1.0844246061134618e-16 2.386591786310962e-16 1
		outer loop
			vertex 6.713376522064209 2.6005773544311523 0.09999999403953583
			vertex 6.643754005432129 3.097404420375824 0.09999999403953572
			vertex 6.667864799499512 2.6794060468673706 0.09999999403953581
		endloop
	endfacet
	facet normal -2.0461438682240463e-17 2.3122380192313525e-16 1
		outer loop
			vertex 6.667864799499512 2.6794060468673706 0.09999999403953581
			vertex 6.643754005432129 3.097404420375824 0.09999999403953572
			vertex 6.59422492980957 2.7329083681106567 0.0999999940395358
		endloop
	endfacet
	facet normal -3.058374281392456e-16 1.6176806512954422e-16 1
		outer loop
			vertex 6.850827693939209 1.7797820568084717 0.09999999403953602
			vertex 6.841189861297607 1.6757726669311523 0.09999999403953604
			vertex 7.179976940155029 0 0.09999999403953641
		endloop
	endfacet
	facet normal 1.0461254519940227e-16 2.4474778560628367e-16 1
		outer loop
			vertex 7.179976940155029 0 0.09999999403953641
			vertex 6.841189861297607 1.6757726669311523 0.09999999403953604
			vertex 6.794630527496338 1.5822687149047852 0.09999999403953606
		endloop
	endfacet
	facet normal -1.645707249311322e-17 2.1526243813003177e-16 1
		outer loop
			vertex 7.179976940155029 0 0.09999999403953641
			vertex 6.794630527496338 1.5822687149047852 0.09999999403953606
			vertex 6.717437267303467 1.5118980407714844 0.09999999403953608
		endloop
	endfacet
	facet normal -3.7530165448079574e-17 2.6330299861534234e-16 1
		outer loop
			vertex 6.353440284729004 0.23976421356201172 0.09999999403953636
			vertex 6.150417327880859 0 0.09999999403953641
			vertex 6.41644287109375 0.14333128929138184 0.09999999403953638
		endloop
	endfacet
	facet normal -7.970934442022269e-19 1.9512573263230857e-16 1
		outer loop
			vertex 6.41644287109375 0.14333128929138184 0.09999999403953638
			vertex 6.150417327880859 0 0.09999999403953641
			vertex 6.507343769073486 0.07258033752441406 0.0999999940395364
		endloop
	endfacet
	facet normal 3.943562977280155e-17 2.620579053449162e-16 1
		outer loop
			vertex 6.994333744049072 0.23976421356201172 0.09999999403953636
			vertex 6.931330680847168 0.14333128929138184 0.09999999403953638
			vertex 7.179976940155029 0 0.09999999403953641
		endloop
	endfacet
	facet normal 8.291012141020509e-19 1.9508460901554359e-16 1
		outer loop
			vertex 7.179976940155029 0 0.09999999403953641
			vertex 6.931330680847168 0.14333128929138184 0.09999999403953638
			vertex 6.840429782867432 0.07258033752441406 0.0999999940395364
		endloop
	endfacet
	facet normal -1.5488394595644142e-17 2.446388892966541e-16 1
		outer loop
			vertex 6.353440284729004 0.23976421356201172 0.09999999403953636
			vertex 6.325162887573242 0.3514292240142822 0.09999999403953633
			vertex 6.150417327880859 0 0.09999999403953641
		endloop
	endfacet
	facet normal 2.8004923624677827e-16 9.768500731209528e-17 1
		outer loop
			vertex 6.150417327880859 0 0.09999999403953641
			vertex 6.325162887573242 0.3514292240142822 0.09999999403953633
			vertex 6.334675312042236 0.46622514724731445 0.09999999403953631
		endloop
	endfacet
	facet normal -5.47124445726733e-17 2.299869924076059e-16 1
		outer loop
			vertex 6.150417327880859 0 0.09999999403953641
			vertex 6.334675312042236 0.46622514724731445 0.09999999403953631
			vertex 6.418180465698242 1.5118980407714844 0.09999999403953608
		endloop
	endfacet
	facet normal 1.0451730070917326e-16 2.1727125268755368e-16 1
		outer loop
			vertex 6.418180465698242 1.5118980407714844 0.09999999403953608
			vertex 6.334675312042236 0.46622514724731445 0.09999999403953631
			vertex 6.380946159362793 0.5717129707336426 0.09999999403953629
		endloop
	endfacet
	facet normal 1.2043376399320027e-16 2.1664091033413746e-16 1
		outer loop
			vertex 6.418180465698242 1.5118980407714844 0.09999999403953608
			vertex 6.380946159362793 0.5717129707336426 0.09999999403953629
			vertex 6.4589619636535645 0.6564607620239258 0.09999999403953626
		endloop
	endfacet
	facet normal 2.0314647178472435e-17 2.1922485601889048e-16 1
		outer loop
			vertex 6.5155816078186035 1.4741647243499756 0.09999999403953608
			vertex 6.4589619636535645 0.6564607620239258 0.09999999403953626
			vertex 6.567808628082275 1.469325065612793 0.09999999403953608
		endloop
	endfacet
	facet normal -1.2949412675819002e-16 2.3928501276727677e-16 1
		outer loop
			vertex 6.567808628082275 1.469325065612793 0.09999999403953608
			vertex 6.4589619636535645 0.6564607620239258 0.09999999403953626
			vertex 6.560268402099609 0.711284875869751 0.09999999403953626
		endloop
	endfacet
	facet normal -2.207432230145145e-17 2.3821650794183714e-16 1
		outer loop
			vertex 6.567808628082275 1.469325065612793 0.09999999403953608
			vertex 6.560268402099609 0.711284875869751 0.09999999403953626
			vertex 6.6200361251831055 1.4741647243499756 0.09999999403953608
		endloop
	endfacet
	facet normal 8.377610594733491e-17 2.2992366982788487e-16 1
		outer loop
			vertex 6.6200361251831055 1.4741647243499756 0.09999999403953608
			vertex 6.560268402099609 0.711284875869751 0.09999999403953626
			vertex 6.673887252807617 0.7302443981170654 0.09999999403953624
		endloop
	endfacet
	facet normal -8.435767074694177e-17 2.1775275158909498e-16 1
		outer loop
			vertex 6.6200361251831055 1.4741647243499756 0.09999999403953608
			vertex 6.673887252807617 0.7302443981170654 0.09999999403953624
			vertex 6.717437267303467 1.5118980407714844 0.09999999403953608
		endloop
	endfacet
	facet normal -8.579406678082e-17 2.178327807281965e-16 1
		outer loop
			vertex 6.717437267303467 1.5118980407714844 0.09999999403953608
			vertex 6.673887252807617 0.7302443981170654 0.09999999403953624
			vertex 6.787505626678467 0.711284875869751 0.09999999403953626
		endloop
	endfacet
	facet normal 1.2801176122271063e-16 2.3654471834023856e-16 1
		outer loop
			vertex 6.717437267303467 1.5118980407714844 0.09999999403953608
			vertex 6.787505626678467 0.711284875869751 0.09999999403953626
			vertex 6.8888115882873535 0.6564607620239258 0.09999999403953626
		endloop
	endfacet
	facet normal -2.5188107806028106e-17 7.337024856122776e-17 1
		outer loop
			vertex 6.840429782867432 0.07258033752441406 0.0999999940395364
			vertex 6.731482028961182 0.035178422927856445 0.0999999940395364
			vertex 7.179976940155029 0 0.09999999403953641
		endloop
	endfacet
	facet normal 1.0127293728837167e-16 1.6856407959194456e-15 1
		outer loop
			vertex 7.179976940155029 0 0.09999999403953641
			vertex 6.731482028961182 0.035178422927856445 0.0999999940395364
			vertex 6.673887252807617 0.030405759811401367 0.09999999403953641
		endloop
	endfacet
	facet normal 0 0 1
		outer loop
			vertex 7.179976940155029 0 0.09999999403953641
			vertex 6.673887252807617 0.030405759811401367 0.09999999403953641
			vertex 6.150417327880859 0 0.09999999403953641
		endloop
	endfacet
	facet normal -9.92961220518994e-17 1.709496288809575e-15 1
		outer loop
			vertex 6.150417327880859 0 0.09999999403953641
			vertex 6.673887252807617 0.030405759811401367 0.09999999403953641
			vertex 6.616292476654053 0.035178422927856445 0.0999999940395364
		endloop
	endfacet
	facet normal 2.441780746978349e-17 7.112706914818895e-17 1
		outer loop
			vertex 6.150417327880859 0 0.09999999403953641
			vertex 6.616292476654053 0.035178422927856445 0.0999999940395364
			vertex 6.507343769073486 0.07258033752441406 0.0999999940395364
		endloop
	endfacet
	facet normal -1.619034854577097e-16 1.7846444784340546e-16 1
		outer loop
			vertex 6.8888115882873535 0.6564607620239258 0.09999999403953626
			vertex 6.966827869415283 0.5717129707336426 0.09999999403953629
			vertex 6.717437267303467 1.5118980407714844 0.09999999403953608
		endloop
	endfacet
	facet normal -2.405401639755146e-16 1.5760552418187638e-16 1
		outer loop
			vertex 6.717437267303467 1.5118980407714844 0.09999999403953608
			vertex 6.966827869415283 0.5717129707336426 0.09999999403953629
			vertex 7.013099193572998 0.46622514724731445 0.09999999403953631
		endloop
	endfacet
	facet normal 2.2948243823516224e-16 2.9050347804531775e-16 1
		outer loop
			vertex 6.717437267303467 1.5118980407714844 0.09999999403953608
			vertex 7.013099193572998 0.46622514724731445 0.09999999403953631
			vertex 7.179976940155029 0 0.09999999403953641
		endloop
	endfacet
	facet normal -3.179978724634341e-16 9.454176065012127e-17 1
		outer loop
			vertex 7.179976940155029 0 0.09999999403953641
			vertex 7.013099193572998 0.46622514724731445 0.09999999403953631
			vertex 7.022611141204834 0.3514292240142822 0.09999999403953633
		endloop
	endfacet
	facet normal 1.6581043286232075e-17 2.4436219330342997e-16 1
		outer loop
			vertex 7.179976940155029 0 0.09999999403953641
			vertex 7.022611141204834 0.3514292240142822 0.09999999403953633
			vertex 6.994333744049072 0.23976421356201172 0.09999999403953636
		endloop
	endfacet
	facet normal 0 -2.220446049250313e-16 -1
		outer loop
			vertex 6.150417327880859 0 8.881784197001252e-16
			vertex 6.150417327880859 4 0
			vertex 7.179976940155029 0 8.881784197001252e-16
		endloop
	endfacet
	facet normal 0 -2.220446049250313e-16 -1
		outer loop
			vertex 7.179976940155029 0 8.881784197001252e-16
			vertex 6.150417327880859 4 0
			vertex 7.179976940155029 4 0
		endloop
	endfacet
	facet normal 0.0922696528398014 -0.995734056445205 0
		outer loop
			vertex 6.6200361251831055 1.4741647243499756 0.681849896907807
			vertex 6.567808628082275 1.469325065612793 0.681849896907807
			vertex 6.567808628082275 1.469325065612793 0.09999999403953608
		endloop
	endfacet
	facet normal -0.09227048809733428 -0.9957339790457489 0
		outer loop
			vertex 6.567808628082275 1.469325065612793 0.09999999403953608
			vertex 6.567808628082275 1.469325065612793 0.681849896907807
			vertex 6.5155816078186035 1.4741647243499756 0.09999999403953608
		endloop
	endfacet
	facet normal -0.09227048809733428 -0.9957339790457489 0
		outer loop
			vertex 6.567808628082275 1.469325065612793 0.681849896907807
			vertex 6.5155816078186035 1.4741647243499756 0.681849896907807
			vertex 6.5155816078186035 1.4741647243499756 0.09999999403953608
		endloop
	endfacet
	facet normal -0.36124094147401004 -0.9324725101593992 0
		outer loop
			vertex 6.5155816078186035 1.4741647243499756 0.09999999403953608
			vertex 6.5155816078186035 1.4741647243499756 0.681849896907807
			vertex 6.418180465698242 1.5118980407714844 0.681849896907807
		endloop
	endfacet
	facet normal -0.36124094147401004 -0.9324725101593992 0
		outer loop
			vertex 6.5155816078186035 1.4741647243499756 0.09999999403953608
			vertex 6.418180465698242 1.5118980407714844 0.681849896907807
			vertex 6.418180465698242 1.5118980407714844 0.09999999403953608
		endloop
	endfacet
	facet normal -0.6736941761999556 -0.7390102549723266 0
		outer loop
			vertex 6.418180465698242 1.5118980407714844 0.09999999403953608
			vertex 6.418180465698242 1.5118980407714844 0.681849896907807
			vertex 6.340987205505371 1.5822687149047852 0.681849896907807
		endloop
	endfacet
	facet normal -0.6736941761999556 -0.7390102549723266 0
		outer loop
			vertex 6.418180465698242 1.5118980407714844 0.09999999403953608
			vertex 6.340987205505371 1.5822687149047852 0.681849896907807
			vertex 6.340987205505371 1.5822687149047852 0.09999999403953606
		endloop
	endfacet
	facet normal -0.8951636811548839 -0.4457375729521101 0
		outer loop
			vertex 6.340987205505371 1.5822687149047852 0.09999999403953606
			vertex 6.340987205505371 1.5822687149047852 0.681849896907807
			vertex 6.294427871704102 1.6757726669311523 0.681849896907807
		endloop
	endfacet
	facet normal -0.8951636811548839 -0.4457375729521101 0
		outer loop
			vertex 6.340987205505371 1.5822687149047852 0.09999999403953606
			vertex 6.294427871704102 1.6757726669311523 0.681849896907807
			vertex 6.294427871704102 1.6757726669311523 0.09999999403953604
		endloop
	endfacet
	facet normal -0.9957342261378413 -0.0922678215721738 0
		outer loop
			vertex 6.294427871704102 1.6757726669311523 0.09999999403953604
			vertex 6.294427871704102 1.6757726669311523 0.681849896907807
			vertex 6.2847900390625 1.7797820568084717 0.6818498969078068
		endloop
	endfacet
	facet normal -0.9957342261378413 -0.0922678215721738 0
		outer loop
			vertex 6.294427871704102 1.6757726669311523 0.09999999403953604
			vertex 6.2847900390625 1.7797820568084717 0.6818498969078068
			vertex 6.2847900390625 1.7797820568084717 0.09999999403953602
		endloop
	endfacet
	facet normal -0.9618255182905601 0.27366342898731577 0
		outer loop
			vertex 6.2847900390625 1.7797820568084717 0.09999999403953602
			vertex 6.2847900390625 1.7797820568084717 0.6818498969078068
			vertex 6.313375473022461 1.880249261856079 0.6818498969078068
		endloop
	endfacet
	facet normal -0.9618255182905601 0.27366342898731577 0
		outer loop
			vertex 6.2847900390625 1.7797820568084717 0.09999999403953602
			vertex 6.313375473022461 1.880249261856079 0.6818498969078068
			vertex 6.313375473022461 1.880249261856079 0.099999994039536
		endloop
	endfacet
	facet normal -0.7980161668375203 0.6026360406297911 0
		outer loop
			vertex 6.313375473022461 1.880249261856079 0.099999994039536
			vertex 6.313375473022461 1.880249261856079 0.6818498969078068
			vertex 6.376323699951172 1.9636058807373047 0.6818498969078068
		endloop
	endfacet
	facet normal -0.7980161668375203 0.6026360406297911 0
		outer loop
			vertex 6.313375473022461 1.880249261856079 0.099999994039536
			vertex 6.376323699951172 1.9636058807373047 0.6818498969078068
			vertex 6.376323699951172 1.9636058807373047 0.09999999403953598
		endloop
	endfacet
	facet normal -0.5264333477001415 0.8502164021172621 0
		outer loop
			vertex 6.376323699951172 1.9636058807373047 0.09999999403953598
			vertex 6.376323699951172 1.9636058807373047 0.6818498969078068
			vertex 6.465132713317871 2.018594264984131 0.6818498969078068
		endloop
	endfacet
	facet normal -0.5264333477001415 0.8502164021172621 0
		outer loop
			vertex 6.376323699951172 1.9636058807373047 0.09999999403953598
			vertex 6.465132713317871 2.018594264984131 0.6818498969078068
			vertex 6.465132713317871 2.018594264984131 0.09999999403953597
		endloop
	endfacet
	facet normal -0.1837491108144045 0.9829731757657052 0
		outer loop
			vertex 6.465132713317871 2.018594264984131 0.09999999403953597
			vertex 6.465132713317871 2.018594264984131 0.6818498969078068
			vertex 6.567808628082275 2.037787675857544 0.6818498969078068
		endloop
	endfacet
	facet normal -0.1837491108144045 0.9829731757657052 0
		outer loop
			vertex 6.465132713317871 2.018594264984131 0.09999999403953597
			vertex 6.567808628082275 2.037787675857544 0.6818498969078068
			vertex 6.567808628082275 2.037787675857544 0.09999999403953595
		endloop
	endfacet
	facet normal 0.18374828628115217 0.9829733298969713 0
		outer loop
			vertex 6.567808628082275 2.037787675857544 0.09999999403953595
			vertex 6.567808628082275 2.037787675857544 0.6818498969078068
			vertex 6.670485019683838 2.018594264984131 0.6818498969078068
		endloop
	endfacet
	facet normal 0.18374828628115217 0.9829733298969713 0
		outer loop
			vertex 6.567808628082275 2.037787675857544 0.09999999403953595
			vertex 6.670485019683838 2.018594264984131 0.6818498969078068
			vertex 6.670485019683838 2.018594264984131 0.09999999403953597
		endloop
	endfacet
	facet normal 0.5264333477001415 0.8502164021172621 0
		outer loop
			vertex 6.670485019683838 2.018594264984131 0.09999999403953597
			vertex 6.670485019683838 2.018594264984131 0.6818498969078068
			vertex 6.759294033050537 1.9636058807373047 0.6818498969078068
		endloop
	endfacet
	facet normal 0.5264333477001415 0.8502164021172621 0
		outer loop
			vertex 6.670485019683838 2.018594264984131 0.09999999403953597
			vertex 6.759294033050537 1.9636058807373047 0.6818498969078068
			vertex 6.759294033050537 1.9636058807373047 0.09999999403953598
		endloop
	endfacet
	facet normal 0.7980161668375203 0.6026360406297911 0
		outer loop
			vertex 6.759294033050537 1.9636058807373047 0.09999999403953598
			vertex 6.759294033050537 1.9636058807373047 0.6818498969078068
			vertex 6.822242259979248 1.880249261856079 0.6818498969078068
		endloop
	endfacet
	facet normal 0.7980161668375203 0.6026360406297911 0
		outer loop
			vertex 6.759294033050537 1.9636058807373047 0.09999999403953598
			vertex 6.822242259979248 1.880249261856079 0.6818498969078068
			vertex 6.822242259979248 1.880249261856079 0.099999994039536
		endloop
	endfacet
	facet normal 0.9618255182905601 0.27366342898731577 0
		outer loop
			vertex 6.822242259979248 1.880249261856079 0.099999994039536
			vertex 6.822242259979248 1.880249261856079 0.6818498969078068
			vertex 6.850827693939209 1.7797820568084717 0.6818498969078068
		endloop
	endfacet
	facet normal 0.9618255182905601 0.27366342898731577 0
		outer loop
			vertex 6.822242259979248 1.880249261856079 0.099999994039536
			vertex 6.850827693939209 1.7797820568084717 0.6818498969078068
			vertex 6.850827693939209 1.7797820568084717 0.09999999403953602
		endloop
	endfacet
	facet normal 0.9957342261378413 -0.0922678215721738 0
		outer loop
			vertex 6.850827693939209 1.7797820568084717 0.09999999403953602
			vertex 6.850827693939209 1.7797820568084717 0.6818498969078068
			vertex 6.841189861297607 1.6757726669311523 0.681849896907807
		endloop
	endfacet
	facet normal 0.9957342261378413 -0.0922678215721738 0
		outer loop
			vertex 6.850827693939209 1.7797820568084717 0.09999999403953602
			vertex 6.841189861297607 1.6757726669311523 0.681849896907807
			vertex 6.841189861297607 1.6757726669311523 0.09999999403953604
		endloop
	endfacet
	facet normal 0.8951636811548839 -0.4457375729521101 0
		outer loop
			vertex 6.841189861297607 1.6757726669311523 0.09999999403953604
			vertex 6.841189861297607 1.6757726669311523 0.681849896907807
			vertex 6.794630527496338 1.5822687149047852 0.681849896907807
		endloop
	endfacet
	facet normal 0.8951636811548839 -0.4457375729521101 0
		outer loop
			vertex 6.841189861297607 1.6757726669311523 0.09999999403953604
			vertex 6.794630527496338 1.5822687149047852 0.681849896907807
			vertex 6.794630527496338 1.5822687149047852 0.09999999403953606
		endloop
	endfacet
	facet normal 0.6736941761999556 -0.7390102549723266 0
		outer loop
			vertex 6.794630527496338 1.5822687149047852 0.09999999403953606
			vertex 6.794630527496338 1.5822687149047852 0.681849896907807
			vertex 6.717437267303467 1.5118980407714844 0.681849896907807
		endloop
	endfacet
	facet normal 0.6736941761999556 -0.7390102549723266 0
		outer loop
			vertex 6.794630527496338 1.5822687149047852 0.09999999403953606
			vertex 6.717437267303467 1.5118980407714844 0.681849896907807
			vertex 6.717437267303467 1.5118980407714844 0.09999999403953608
		endloop
	endfacet
	facet normal 0.36124094147401004 -0.9324725101593992 0
		outer loop
			vertex 6.717437267303467 1.5118980407714844 0.09999999403953608
			vertex 6.717437267303467 1.5118980407714844 0.681849896907807
			vertex 6.6200361251831055 1.4741647243499756 0.681849896907807
		endloop
	endfacet
	facet normal 0.36124094147401004 -0.9324725101593992 0
		outer loop
			vertex 6.717437267303467 1.5118980407714844 0.09999999403953608
			vertex 6.6200361251831055 1.4741647243499756 0.681849896907807
			vertex 6.6200361251831055 1.4741647243499756 0.09999999403953608
		endloop
	endfacet
	facet normal 0.0922696528398014 -0.995734056445205 0
		outer loop
			vertex 6.6200361251831055 1.4741647243499756 0.09999999403953608
			vertex 6.6200361251831055 1.4741647243499756 0.681849896907807
			vertex 6.567808628082275 1.469325065612793 0.09999999403953608
		endloop
	endfacet
	facet normal 1.4354687017373634e-16 3.7053803981977384e-16 1
		outer loop
			vertex 6.418180465698242 1.5118980407714844 0.681849896907807
			vertex 6.5155816078186035 1.4741647243499756 0.681849896907807
			vertex 6.567808628082275 1.753556489944458 0.6818498969078068
		endloop
	endfacet
	facet normal 3.6195754079044344e-17 3.9060530595296015e-16 1
		outer loop
			vertex 6.567808628082275 1.753556489944458 0.6818498969078068
			vertex 6.5155816078186035 1.4741647243499756 0.681849896907807
			vertex 6.567808628082275 1.469325065612793 0.681849896907807
		endloop
	endfacet
	facet normal -3.6195423611733594e-17 3.9060530595296015e-16 1
		outer loop
			vertex 6.567808628082275 1.753556489944458 0.6818498969078068
			vertex 6.567808628082275 1.469325065612793 0.681849896907807
			vertex 6.6200361251831055 1.4741647243499756 0.681849896907807
		endloop
	endfacet
	facet normal 9.976834784891648e-17 1.0766706086258103e-15 1
		outer loop
			vertex 6.2847900390625 1.7797820568084717 0.6818498969078068
			vertex 6.294427871704102 1.6757726669311523 0.681849896907807
			vertex 6.567808628082275 1.753556489944458 0.6818498969078068
		endloop
	endfacet
	facet normal 3.5571255026158016e-16 1.771234157061033e-16 1
		outer loop
			vertex 6.567808628082275 1.753556489944458 0.6818498969078068
			vertex 6.294427871704102 1.6757726669311523 0.681849896907807
			vertex 6.340987205505371 1.5822687149047852 0.681849896907807
		endloop
	endfacet
	facet normal 2.677068798929345e-16 2.936616294999769e-16 1
		outer loop
			vertex 6.567808628082275 1.753556489944458 0.6818498969078068
			vertex 6.340987205505371 1.5822687149047852 0.681849896907807
			vertex 6.418180465698242 1.5118980407714844 0.681849896907807
		endloop
	endfacet
	facet normal 0 0 1
		outer loop
			vertex 6.465132713317871 2.018594264984131 0.6818498969078068
			vertex 6.376323699951172 1.9636058807373047 0.6818498969078068
			vertex 6.567808628082275 1.753556489944458 0.6818498969078068
		endloop
	endfacet
	facet normal 0 0 1
		outer loop
			vertex 6.567808628082275 1.753556489944458 0.6818498969078068
			vertex 6.376323699951172 1.9636058807373047 0.6818498969078068
			vertex 6.313375473022461 1.880249261856079 0.6818498969078068
		endloop
	endfacet
	facet normal 0 0 1
		outer loop
			vertex 6.567808628082275 1.753556489944458 0.6818498969078068
			vertex 6.313375473022461 1.880249261856079 0.6818498969078068
			vertex 6.2847900390625 1.7797820568084717 0.6818498969078068
		endloop
	endfacet
	facet normal 0 0 1
		outer loop
			vertex 6.759294033050537 1.9636058807373047 0.6818498969078068
			vertex 6.670485019683838 2.018594264984131 0.6818498969078068
			vertex 6.567808628082275 1.753556489944458 0.6818498969078068
		endloop
	endfacet
	facet normal 0 0 1
		outer loop
			vertex 6.567808628082275 1.753556489944458 0.6818498969078068
			vertex 6.670485019683838 2.018594264984131 0.6818498969078068
			vertex 6.567808628082275 2.037787675857544 0.6818498969078068
		endloop
	endfacet
	facet normal 0 0 1
		outer loop
			vertex 6.567808628082275 1.753556489944458 0.6818498969078068
			vertex 6.567808628082275 2.037787675857544 0.6818498969078068
			vertex 6.465132713317871 2.018594264984131 0.6818498969078068
		endloop
	endfacet
	facet normal -9.976817830104241e-17 1.0766705929149786e-15 1
		outer loop
			vertex 6.841189861297607 1.6757726669311523 0.681849896907807
			vertex 6.850827693939209 1.7797820568084717 0.6818498969078068
			vertex 6.567808628082275 1.753556489944458 0.6818498969078068
		endloop
	endfacet
	facet normal 0 0 1
		outer loop
			vertex 6.567808628082275 1.753556489944458 0.6818498969078068
			vertex 6.850827693939209 1.7797820568084717 0.6818498969078068
			vertex 6.822242259979248 1.880249261856079 0.6818498969078068
		endloop
	endfacet
	facet normal 0 0 1
		outer loop
			vertex 6.567808628082275 1.753556489944458 0.6818498969078068
			vertex 6.822242259979248 1.880249261856079 0.6818498969078068
			vertex 6.759294033050537 1.9636058807373047 0.6818498969078068
		endloop
	endfacet
	facet normal -1.435467816729664e-16 3.705378113724258e-16 1
		outer loop
			vertex 6.6200361251831055 1.4741647243499756 0.681849896907807
			vertex 6.717437267303467 1.5118980407714844 0.681849896907807
			vertex 6.567808628082275 1.753556489944458 0.6818498969078068
		endloop
	endfacet
	facet normal -2.6770657208598084e-16 2.936612918504865e-16 1
		outer loop
			vertex 6.567808628082275 1.753556489944458 0.6818498969078068
			vertex 6.717437267303467 1.5118980407714844 0.681849896907807
			vertex 6.794630527496338 1.5822687149047852 0.681849896907807
		endloop
	endfacet
	facet normal -3.5571200681410645e-16 1.7712314510200813e-16 1
		outer loop
			vertex 6.567808628082275 1.753556489944458 0.6818498969078068
			vertex 6.794630527496338 1.5822687149047852 0.681849896907807
			vertex 6.841189861297607 1.6757726669311523 0.681849896907807
		endloop
	endfacet
	facet normal 0.10453033247754118 -0.9945216989046217 0
		outer loop
			vertex 6.550702095031738 2.3188174962997437 0.6818498969078067
			vertex 6.505190849304199 2.3140339851379395 0.6818498969078067
			vertex 6.505190849304199 2.3140339851379395 0.0999999940395359
		endloop
	endfacet
	facet normal -0.1045281660544777 -0.994521926606592 0
		outer loop
			vertex 6.505190849304199 2.3140339851379395 0.0999999940395359
			vertex 6.505190849304199 2.3140339851379395 0.6818498969078067
			vertex 6.459678649902344 2.3188174962997437 0.0999999940395359
		endloop
	endfacet
	facet normal -0.1045281660544777 -0.994521926606592 0
		outer loop
			vertex 6.505190849304199 2.3140339851379395 0.6818498969078067
			vertex 6.459678649902344 2.3188174962997437 0.6818498969078067
			vertex 6.459678649902344 2.3188174962997437 0.0999999940395359
		endloop
	endfacet
	facet normal -0.406738175384672 -0.9135447754131966 0
		outer loop
			vertex 6.459678649902344 2.3188174962997437 0.0999999940395359
			vertex 6.459678649902344 2.3188174962997437 0.6818498969078067
			vertex 6.376524925231934 2.3558400869369507 0.6818498969078067
		endloop
	endfacet
	facet normal -0.406738175384672 -0.9135447754131966 0
		outer loop
			vertex 6.459678649902344 2.3188174962997437 0.0999999940395359
			vertex 6.376524925231934 2.3558400869369507 0.6818498969078067
			vertex 6.376524925231934 2.3558400869369507 0.09999999403953588
		endloop
	endfacet
	facet normal -0.7431412890523896 -0.6691345339358542 0
		outer loop
			vertex 6.376524925231934 2.3558400869369507 0.09999999403953588
			vertex 6.376524925231934 2.3558400869369507 0.6818498969078067
			vertex 6.315617561340332 2.4234838485717773 0.6818498969078067
		endloop
	endfacet
	facet normal -0.7431412890523896 -0.6691345339358542 0
		outer loop
			vertex 6.376524925231934 2.3558400869369507 0.09999999403953588
			vertex 6.315617561340332 2.4234838485717773 0.6818498969078067
			vertex 6.315617561340332 2.4234838485717773 0.09999999403953587
		endloop
	endfacet
	facet normal -0.9510570683163583 -0.30901529542321066 0
		outer loop
			vertex 6.315617561340332 2.4234838485717773 0.09999999403953587
			vertex 6.315617561340332 2.4234838485717773 0.6818498969078067
			vertex 6.287489891052246 2.510052442550659 0.6818498969078067
		endloop
	endfacet
	facet normal -0.9510570683163583 -0.30901529542321066 0
		outer loop
			vertex 6.315617561340332 2.4234838485717773 0.09999999403953587
			vertex 6.287489891052246 2.510052442550659 0.6818498969078067
			vertex 6.287489891052246 2.510052442550659 0.09999999403953586
		endloop
	endfacet
	facet normal -0.9945216018290011 0.10453125606955106 0
		outer loop
			vertex 6.287489891052246 2.510052442550659 0.09999999403953586
			vertex 6.287489891052246 2.510052442550659 0.6818498969078067
			vertex 6.297004699707031 2.6005773544311523 0.6818498969078067
		endloop
	endfacet
	facet normal -0.9945216018290011 0.10453125606955106 0
		outer loop
			vertex 6.287489891052246 2.510052442550659 0.09999999403953586
			vertex 6.297004699707031 2.6005773544311523 0.6818498969078067
			vertex 6.297004699707031 2.6005773544311523 0.09999999403953583
		endloop
	endfacet
	facet normal -0.8660256142085216 0.49999963553461996 0
		outer loop
			vertex 6.297004699707031 2.6005773544311523 0.09999999403953583
			vertex 6.297004699707031 2.6005773544311523 0.6818498969078067
			vertex 6.3425164222717285 2.6794060468673706 0.6818498969078067
		endloop
	endfacet
	facet normal -0.8660256142085216 0.49999963553461996 0
		outer loop
			vertex 6.297004699707031 2.6005773544311523 0.09999999403953583
			vertex 6.3425164222717285 2.6794060468673706 0.6818498969078067
			vertex 6.3425164222717285 2.6794060468673706 0.09999999403953581
		endloop
	endfacet
	facet normal -0.5877864789946108 0.8090161031222542 0
		outer loop
			vertex 6.3425164222717285 2.6794060468673706 0.09999999403953581
			vertex 6.3425164222717285 2.6794060468673706 0.6818498969078067
			vertex 6.416155815124512 2.7329083681106567 0.6818498969078067
		endloop
	endfacet
	facet normal -0.5877864789946108 0.8090161031222542 0
		outer loop
			vertex 6.3425164222717285 2.6794060468673706 0.09999999403953581
			vertex 6.416155815124512 2.7329083681106567 0.6818498969078067
			vertex 6.416155815124512 2.7329083681106567 0.0999999940395358
		endloop
	endfacet
	facet normal -0.20791138410028873 0.9781476659285664 0
		outer loop
			vertex 6.416155815124512 2.7329083681106567 0.0999999940395358
			vertex 6.416155815124512 2.7329083681106567 0.6818498969078067
			vertex 6.505190849304199 2.7518333196640015 0.6818498969078066
		endloop
	endfacet
	facet normal -0.20791138410028873 0.9781476659285664 0
		outer loop
			vertex 6.416155815124512 2.7329083681106567 0.0999999940395358
			vertex 6.505190849304199 2.7518333196640015 0.6818498969078066
			vertex 6.505190849304199 2.7518333196640015 0.0999999940395358
		endloop
	endfacet
	facet normal 0.20791351484109225 0.9781472130239001 0
		outer loop
			vertex 6.505190849304199 2.7518333196640015 0.0999999940395358
			vertex 6.505190849304199 2.7518333196640015 0.6818498969078066
			vertex 6.59422492980957 2.7329083681106567 0.6818498969078067
		endloop
	endfacet
	facet normal 0.20791351484109225 0.9781472130239001 0
		outer loop
			vertex 6.505190849304199 2.7518333196640015 0.0999999940395358
			vertex 6.59422492980957 2.7329083681106567 0.6818498969078067
			vertex 6.59422492980957 2.7329083681106567 0.0999999940395358
		endloop
	endfacet
	facet normal 0.5877839878871579 0.8090179130176721 0
		outer loop
			vertex 6.59422492980957 2.7329083681106567 0.0999999940395358
			vertex 6.59422492980957 2.7329083681106567 0.6818498969078067
			vertex 6.667864799499512 2.6794060468673706 0.6818498969078067
		endloop
	endfacet
	facet normal 0.5877839878871579 0.8090179130176721 0
		outer loop
			vertex 6.59422492980957 2.7329083681106567 0.0999999940395358
			vertex 6.667864799499512 2.6794060468673706 0.6818498969078067
			vertex 6.667864799499512 2.6794060468673706 0.09999999403953581
		endloop
	endfacet
	facet normal 0.8660256142085216 0.49999963553461996 0
		outer loop
			vertex 6.667864799499512 2.6794060468673706 0.09999999403953581
			vertex 6.667864799499512 2.6794060468673706 0.6818498969078067
			vertex 6.713376522064209 2.6005773544311523 0.6818498969078067
		endloop
	endfacet
	facet normal 0.8660256142085216 0.49999963553461996 0
		outer loop
			vertex 6.667864799499512 2.6794060468673706 0.09999999403953581
			vertex 6.713376522064209 2.6005773544311523 0.6818498969078067
			vertex 6.713376522064209 2.6005773544311523 0.09999999403953583
		endloop
	endfacet
	facet normal 0.9945221464144902 0.10452607469485987 0
		outer loop
			vertex 6.713376522064209 2.6005773544311523 0.09999999403953583
			vertex 6.713376522064209 2.6005773544311523 0.6818498969078067
			vertex 6.722890853881836 2.510052442550659 0.6818498969078067
		endloop
	endfacet
	facet normal 0.9945221464144902 0.10452607469485987 0
		outer loop
			vertex 6.713376522064209 2.6005773544311523 0.09999999403953583
			vertex 6.722890853881836 2.510052442550659 0.6818498969078067
			vertex 6.722890853881836 2.510052442550659 0.09999999403953586
		endloop
	endfacet
	facet normal 0.9510570683163583 -0.30901529542321066 0
		outer loop
			vertex 6.722890853881836 2.510052442550659 0.09999999403953586
			vertex 6.722890853881836 2.510052442550659 0.6818498969078067
			vertex 6.69476318359375 2.4234838485717773 0.6818498969078067
		endloop
	endfacet
	facet normal 0.9510570683163583 -0.30901529542321066 0
		outer loop
			vertex 6.722890853881836 2.510052442550659 0.09999999403953586
			vertex 6.69476318359375 2.4234838485717773 0.6818498969078067
			vertex 6.69476318359375 2.4234838485717773 0.09999999403953587
		endloop
	endfacet
	facet normal 0.743146498956504 -0.6691287477673417 0
		outer loop
			vertex 6.69476318359375 2.4234838485717773 0.09999999403953587
			vertex 6.69476318359375 2.4234838485717773 0.6818498969078067
			vertex 6.633856773376465 2.3558400869369507 0.6818498969078067
		endloop
	endfacet
	facet normal 0.743146498956504 -0.6691287477673417 0
		outer loop
			vertex 6.69476318359375 2.4234838485717773 0.09999999403953587
			vertex 6.633856773376465 2.3558400869369507 0.6818498969078067
			vertex 6.633856773376465 2.3558400869369507 0.09999999403953588
		endloop
	endfacet
	facet normal 0.4067342823412547 -0.9135465087056841 0
		outer loop
			vertex 6.633856773376465 2.3558400869369507 0.09999999403953588
			vertex 6.633856773376465 2.3558400869369507 0.6818498969078067
			vertex 6.550702095031738 2.3188174962997437 0.6818498969078067
		endloop
	endfacet
	facet normal 0.4067342823412547 -0.9135465087056841 0
		outer loop
			vertex 6.633856773376465 2.3558400869369507 0.09999999403953588
			vertex 6.550702095031738 2.3188174962997437 0.6818498969078067
			vertex 6.550702095031738 2.3188174962997437 0.0999999940395359
		endloop
	endfacet
	facet normal 0.10453033247754118 -0.9945216989046217 0
		outer loop
			vertex 6.550702095031738 2.3188174962997437 0.0999999940395359
			vertex 6.550702095031738 2.3188174962997437 0.6818498969078067
			vertex 6.505190849304199 2.3140339851379395 0.0999999940395359
		endloop
	endfacet
	facet normal 0 0 1
		outer loop
			vertex 6.505190849304199 2.3140339851379395 0.6818498969078067
			vertex 6.550702095031738 2.3188174962997437 0.6818498969078067
			vertex 6.505190849304199 2.5329335927963257 0.6818498969078067
		endloop
	endfacet
	facet normal 0 0 1
		outer loop
			vertex 6.315617561340332 2.4234838485717773 0.6818498969078067
			vertex 6.376524925231934 2.3558400869369507 0.6818498969078067
			vertex 6.505190849304199 2.5329335927963257 0.6818498969078067
		endloop
	endfacet
	facet normal 0 0 1
		outer loop
			vertex 6.505190849304199 2.5329335927963257 0.6818498969078067
			vertex 6.376524925231934 2.3558400869369507 0.6818498969078067
			vertex 6.459678649902344 2.3188174962997437 0.6818498969078067
		endloop
	endfacet
	facet normal 0 0 1
		outer loop
			vertex 6.505190849304199 2.5329335927963257 0.6818498969078067
			vertex 6.459678649902344 2.3188174962997437 0.6818498969078067
			vertex 6.505190849304199 2.3140339851379395 0.6818498969078067
		endloop
	endfacet
	facet normal 0 0 1
		outer loop
			vertex 6.3425164222717285 2.6794060468673706 0.6818498969078067
			vertex 6.297004699707031 2.6005773544311523 0.6818498969078067
			vertex 6.505190849304199 2.5329335927963257 0.6818498969078067
		endloop
	endfacet
	facet normal 0 0 1
		outer loop
			vertex 6.505190849304199 2.5329335927963257 0.6818498969078067
			vertex 6.297004699707031 2.6005773544311523 0.6818498969078067
			vertex 6.287489891052246 2.510052442550659 0.6818498969078067
		endloop
	endfacet
	facet normal 0 0 1
		outer loop
			vertex 6.505190849304199 2.5329335927963257 0.6818498969078067
			vertex 6.287489891052246 2.510052442550659 0.6818498969078067
			vertex 6.315617561340332 2.4234838485717773 0.6818498969078067
		endloop
	endfacet
	facet normal -1.1391579614088734e-15 5.071833759282317e-16 1
		outer loop
			vertex 6.59422492980957 2.7329083681106567 0.6818498969078067
			vertex 6.505190849304199 2.7518333196640015 0.6818498969078066
			vertex 6.505190849304199 2.5329335927963257 0.6818498969078067
		endloop
	endfacet
	facet normal 1.1391457596312233e-15 5.071833759282317e-16 1
		outer loop
			vertex 6.505190849304199 2.5329335927963257 0.6818498969078067
			vertex 6.505190849304199 2.7518333196640015 0.6818498969078066
			vertex 6.416155815124512 2.7329083681106567 0.6818498969078067
		endloop
	endfacet
	facet normal 0 0 1
		outer loop
			vertex 6.505190849304199 2.5329335927963257 0.6818498969078067
			vertex 6.416155815124512 2.7329083681106567 0.6818498969078067
			vertex 6.3425164222717285 2.6794060468673706 0.6818498969078067
		endloop
	endfacet
	facet normal 0 0 1
		outer loop
			vertex 6.722890853881836 2.510052442550659 0.6818498969078067
			vertex 6.713376522064209 2.6005773544311523 0.6818498969078067
			vertex 6.505190849304199 2.5329335927963257 0.6818498969078067
		endloop
	endfacet
	facet normal 0 0 1
		outer loop
			vertex 6.505190849304199 2.5329335927963257 0.6818498969078067
			vertex 6.713376522064209 2.6005773544311523 0.6818498969078067
			vertex 6.667864799499512 2.6794060468673706 0.6818498969078067
		endloop
	endfacet
	facet normal 0 0 1
		outer loop
			vertex 6.505190849304199 2.5329335927963257 0.6818498969078067
			vertex 6.667864799499512 2.6794060468673706 0.6818498969078067
			vertex 6.59422492980957 2.7329083681106567 0.6818498969078067
		endloop
	endfacet
	facet normal 0 0 1
		outer loop
			vertex 6.550702095031738 2.3188174962997437 0.6818498969078067
			vertex 6.633856773376465 2.3558400869369507 0.6818498969078067
			vertex 6.505190849304199 2.5329335927963257 0.6818498969078067
		endloop
	endfacet
	facet normal 0 0 1
		outer loop
			vertex 6.505190849304199 2.5329335927963257 0.6818498969078067
			vertex 6.633856773376465 2.3558400869369507 0.6818498969078067
			vertex 6.69476318359375 2.4234838485717773 0.6818498969078067
		endloop
	endfacet
	facet normal 0 0 1
		outer loop
			vertex 6.505190849304199 2.5329335927963257 0.6818498969078067
			vertex 6.69476318359375 2.4234838485717773 0.6818498969078067
			vertex 6.722890853881836 2.510052442550659 0.6818498969078067
		endloop
	endfacet
	facet normal 0.222522476220074 0.9749275601689014 0
		outer loop
			vertex 6.567808628082275 3.430143415927887 0.09999999403953565
			vertex 6.643754005432129 3.4128092527389526 0.6818498969078065
			vertex 6.643754005432129 3.4128092527389526 0.09999999403953565
		endloop
	endfacet
	facet normal 0.6234863834850228 0.7818342085178719 0
		outer loop
			vertex 6.643754005432129 3.4128092527389526 0.09999999403953565
			vertex 6.643754005432129 3.4128092527389526 0.6818498969078065
			vertex 6.704658031463623 3.364240348339081 0.6818498969078065
		endloop
	endfacet
	facet normal 0.6234863834850228 0.7818342085178719 0
		outer loop
			vertex 6.643754005432129 3.4128092527389526 0.09999999403953565
			vertex 6.704658031463623 3.364240348339081 0.6818498969078065
			vertex 6.704658031463623 3.364240348339081 0.09999999403953566
		endloop
	endfacet
	facet normal 0.9009701203852961 0.43388113830046254 0
		outer loop
			vertex 6.704658031463623 3.364240348339081 0.09999999403953566
			vertex 6.704658031463623 3.364240348339081 0.6818498969078065
			vertex 6.738456726074219 3.2940561175346375 0.6818498969078065
		endloop
	endfacet
	facet normal 0.9009701203852961 0.43388113830046254 0
		outer loop
			vertex 6.704658031463623 3.364240348339081 0.09999999403953566
			vertex 6.738456726074219 3.2940561175346375 0.6818498969078065
			vertex 6.738456726074219 3.2940561175346375 0.09999999403953568
		endloop
	endfacet
	facet normal 1 0 0
		outer loop
			vertex 6.738456726074219 3.2940561175346375 0.09999999403953568
			vertex 6.738456726074219 3.2940561175346375 0.6818498969078065
			vertex 6.738456726074219 3.216157615184784 0.6818498969078066
		endloop
	endfacet
	facet normal 1 0 0
		outer loop
			vertex 6.738456726074219 3.2940561175346375 0.09999999403953568
			vertex 6.738456726074219 3.216157615184784 0.6818498969078066
			vertex 6.738456726074219 3.216157615184784 0.0999999940395357
		endloop
	endfacet
	facet normal 0.9009701203852961 -0.43388113830046254 0
		outer loop
			vertex 6.738456726074219 3.216157615184784 0.0999999940395357
			vertex 6.738456726074219 3.216157615184784 0.6818498969078066
			vertex 6.704658031463623 3.1459733843803406 0.6818498969078066
		endloop
	endfacet
	facet normal 0.9009701203852961 -0.43388113830046254 0
		outer loop
			vertex 6.738456726074219 3.216157615184784 0.0999999940395357
			vertex 6.704658031463623 3.1459733843803406 0.6818498969078066
			vertex 6.704658031463623 3.1459733843803406 0.09999999403953572
		endloop
	endfacet
	facet normal 0.6234868511962521 -0.7818338355337293 0
		outer loop
			vertex 6.704658031463623 3.1459733843803406 0.09999999403953572
			vertex 6.704658031463623 3.1459733843803406 0.6818498969078066
			vertex 6.643754005432129 3.097404420375824 0.6818498969078066
		endloop
	endfacet
	facet normal 0.6234868511962521 -0.7818338355337293 0
		outer loop
			vertex 6.704658031463623 3.1459733843803406 0.09999999403953572
			vertex 6.643754005432129 3.097404420375824 0.6818498969078066
			vertex 6.643754005432129 3.097404420375824 0.09999999403953572
		endloop
	endfacet
	facet normal 0.2225217489496717 -0.9749277261645499 0
		outer loop
			vertex 6.643754005432129 3.097404420375824 0.09999999403953572
			vertex 6.643754005432129 3.097404420375824 0.6818498969078066
			vertex 6.567808628082275 3.0800703167915344 0.6818498969078066
		endloop
	endfacet
	facet normal 0.2225217489496717 -0.9749277261645499 0
		outer loop
			vertex 6.643754005432129 3.097404420375824 0.09999999403953572
			vertex 6.567808628082275 3.0800703167915344 0.6818498969078066
			vertex 6.567808628082275 3.0800703167915344 0.09999999403953573
		endloop
	endfacet
	facet normal -0.2225217489496717 -0.9749277261645499 0
		outer loop
			vertex 6.567808628082275 3.0800703167915344 0.09999999403953573
			vertex 6.567808628082275 3.0800703167915344 0.6818498969078066
			vertex 6.491863250732422 3.097404420375824 0.6818498969078066
		endloop
	endfacet
	facet normal -0.2225217489496717 -0.9749277261645499 0
		outer loop
			vertex 6.567808628082275 3.0800703167915344 0.09999999403953573
			vertex 6.491863250732422 3.097404420375824 0.6818498969078066
			vertex 6.491863250732422 3.097404420375824 0.09999999403953572
		endloop
	endfacet
	facet normal -0.6234898350788268 -0.7818314559758884 0
		outer loop
			vertex 6.491863250732422 3.097404420375824 0.09999999403953572
			vertex 6.491863250732422 3.097404420375824 0.6818498969078066
			vertex 6.430959701538086 3.1459733843803406 0.6818498969078066
		endloop
	endfacet
	facet normal -0.6234898350788268 -0.7818314559758884 0
		outer loop
			vertex 6.491863250732422 3.097404420375824 0.09999999403953572
			vertex 6.430959701538086 3.1459733843803406 0.6818498969078066
			vertex 6.430959701538086 3.1459733843803406 0.09999999403953572
		endloop
	endfacet
	facet normal -0.9009701203852961 -0.43388113830046254 0
		outer loop
			vertex 6.430959701538086 3.1459733843803406 0.09999999403953572
			vertex 6.430959701538086 3.1459733843803406 0.6818498969078066
			vertex 6.39716100692749 3.216157615184784 0.6818498969078066
		endloop
	endfacet
	facet normal -0.9009701203852961 -0.43388113830046254 0
		outer loop
			vertex 6.430959701538086 3.1459733843803406 0.09999999403953572
			vertex 6.39716100692749 3.216157615184784 0.6818498969078066
			vertex 6.39716100692749 3.216157615184784 0.0999999940395357
		endloop
	endfacet
	facet normal -1 0 0
		outer loop
			vertex 6.39716100692749 3.216157615184784 0.0999999940395357
			vertex 6.39716100692749 3.216157615184784 0.6818498969078066
			vertex 6.39716100692749 3.2940561175346375 0.6818498969078065
		endloop
	endfacet
	facet normal -1 0 0
		outer loop
			vertex 6.39716100692749 3.216157615184784 0.0999999940395357
			vertex 6.39716100692749 3.2940561175346375 0.6818498969078065
			vertex 6.39716100692749 3.2940561175346375 0.09999999403953568
		endloop
	endfacet
	facet normal -0.9009701203852961 0.43388113830046254 0
		outer loop
			vertex 6.39716100692749 3.2940561175346375 0.09999999403953568
			vertex 6.39716100692749 3.2940561175346375 0.6818498969078065
			vertex 6.430959701538086 3.364240348339081 0.6818498969078065
		endloop
	endfacet
	facet normal -0.9009701203852961 0.43388113830046254 0
		outer loop
			vertex 6.39716100692749 3.2940561175346375 0.09999999403953568
			vertex 6.430959701538086 3.364240348339081 0.6818498969078065
			vertex 6.430959701538086 3.364240348339081 0.09999999403953566
		endloop
	endfacet
	facet normal -0.6234893673682061 0.7818318289624656 0
		outer loop
			vertex 6.430959701538086 3.364240348339081 0.09999999403953566
			vertex 6.430959701538086 3.364240348339081 0.6818498969078065
			vertex 6.491863250732422 3.4128092527389526 0.6818498969078065
		endloop
	endfacet
	facet normal -0.6234893673682061 0.7818318289624656 0
		outer loop
			vertex 6.430959701538086 3.364240348339081 0.09999999403953566
			vertex 6.491863250732422 3.4128092527389526 0.6818498969078065
			vertex 6.491863250732422 3.4128092527389526 0.09999999403953565
		endloop
	endfacet
	facet normal -0.222522476220074 0.9749275601689014 0
		outer loop
			vertex 6.491863250732422 3.4128092527389526 0.09999999403953565
			vertex 6.491863250732422 3.4128092527389526 0.6818498969078065
			vertex 6.567808628082275 3.430143415927887 0.6818498969078065
		endloop
	endfacet
	facet normal -0.222522476220074 0.9749275601689014 0
		outer loop
			vertex 6.491863250732422 3.4128092527389526 0.09999999403953565
			vertex 6.567808628082275 3.430143415927887 0.6818498969078065
			vertex 6.567808628082275 3.430143415927887 0.09999999403953565
		endloop
	endfacet
	facet normal 0.222522476220074 0.9749275601689014 0
		outer loop
			vertex 6.567808628082275 3.430143415927887 0.09999999403953565
			vertex 6.567808628082275 3.430143415927887 0.6818498969078065
			vertex 6.643754005432129 3.4128092527389526 0.6818498969078065
		endloop
	endfacet
	facet normal -1.447709357082108e-16 6.342804684527375e-16 1
		outer loop
			vertex 6.567808628082275 3.0800703167915344 0.6818498969078066
			vertex 6.643754005432129 3.097404420375824 0.6818498969078066
			vertex 6.567808628082275 3.2551069259643555 0.6818498969078065
		endloop
	endfacet
	facet normal 1.447709357082108e-16 6.342804684527375e-16 1
		outer loop
			vertex 6.567808628082275 3.0800703167915344 0.6818498969078066
			vertex 6.567808628082275 3.2551069259643555 0.6818498969078065
			vertex 6.491863250732422 3.097404420375824 0.6818498969078066
		endloop
	endfacet
	facet normal 3.252964553858549e-16 1.4252174189934787e-15 1
		outer loop
			vertex 6.39716100692749 3.2940561175346375 0.6818498969078065
			vertex 6.39716100692749 3.216157615184784 0.6818498969078066
			vertex 6.567808628082275 3.2551069259643555 0.6818498969078065
		endloop
	endfacet
	facet normal 5.861651277201584e-16 2.82280163451477e-16 1
		outer loop
			vertex 6.567808628082275 3.2551069259643555 0.6818498969078065
			vertex 6.39716100692749 3.216157615184784 0.6818498969078066
			vertex 6.430959701538086 3.1459733843803406 0.6818498969078066
		endloop
	endfacet
	facet normal 4.0563790487230566e-16 5.086537998253461e-16 1
		outer loop
			vertex 6.567808628082275 3.2551069259643555 0.6818498969078065
			vertex 6.430959701538086 3.1459733843803406 0.6818498969078066
			vertex 6.491863250732422 3.097404420375824 0.6818498969078066
		endloop
	endfacet
	facet normal 0 0 1
		outer loop
			vertex 6.567808628082275 3.430143415927887 0.6818498969078065
			vertex 6.491863250732422 3.4128092527389526 0.6818498969078065
			vertex 6.567808628082275 3.2551069259643555 0.6818498969078065
		endloop
	endfacet
	facet normal 0 0 1
		outer loop
			vertex 6.567808628082275 3.2551069259643555 0.6818498969078065
			vertex 6.491863250732422 3.4128092527389526 0.6818498969078065
			vertex 6.430959701538086 3.364240348339081 0.6818498969078065
		endloop
	endfacet
	facet normal 0 0 1
		outer loop
			vertex 6.567808628082275 3.2551069259643555 0.6818498969078065
			vertex 6.430959701538086 3.364240348339081 0.6818498969078065
			vertex 6.39716100692749 3.2940561175346375 0.6818498969078065
		endloop
	endfacet
	facet normal 0 0 1
		outer loop
			vertex 6.738456726074219 3.2940561175346375 0.6818498969078065
			vertex 6.704658031463623 3.364240348339081 0.6818498969078065
			vertex 6.567808628082275 3.2551069259643555 0.6818498969078065
		endloop
	endfacet
	facet normal 0 0 1
		outer loop
			vertex 6.567808628082275 3.2551069259643555 0.6818498969078065
			vertex 6.704658031463623 3.364240348339081 0.6818498969078065
			vertex 6.643754005432129 3.4128092527389526 0.6818498969078065
		endloop
	endfacet
	facet normal 0 0 1
		outer loop
			vertex 6.567808628082275 3.2551069259643555 0.6818498969078065
			vertex 6.643754005432129 3.4128092527389526 0.6818498969078065
			vertex 6.567808628082275 3.430143415927887 0.6818498969078065
		endloop
	endfacet
	facet normal -4.0563561023410204e-16 5.086549048627302e-16 1
		outer loop
			vertex 6.643754005432129 3.097404420375824 0.6818498969078066
			vertex 6.704658031463623 3.1459733843803406 0.6818498969078066
			vertex 6.567808628082275 3.2551069259643555 0.6818498969078065
		endloop
	endfacet
	facet normal -5.861636520179632e-16 2.8227945279600267e-16 1
		outer loop
			vertex 6.567808628082275 3.2551069259643555 0.6818498969078065
			vertex 6.704658031463623 3.1459733843803406 0.6818498969078066
			vertex 6.738456726074219 3.216157615184784 0.6818498969078066
		endloop
	endfacet
	facet normal -3.2529554641916155e-16 1.4252174189934786e-15 1
		outer loop
			vertex 6.567808628082275 3.2551069259643555 0.6818498969078065
			vertex 6.738456726074219 3.216157615184784 0.6818498969078066
			vertex 6.738456726074219 3.2940561175346375 0.6818498969078065
		endloop
	endfacet
	facet normal 1 0 0
		outer loop
			vertex 10.256242752075195 4 0.19999998807907104
			vertex 10.256242752075195 0 0.19999998807907193
			vertex 10.256242752075195 4 0
		endloop
	endfacet
	facet normal 1 0 0
		outer loop
			vertex 10.256242752075195 4 0
			vertex 10.256242752075195 0 0.19999998807907193
			vertex 10.256242752075195 0 8.881784197001252e-16
		endloop
	endfacet
	facet normal 0 1 0
		outer loop
			vertex 10.036242485046387 4 0.19999998807907104
			vertex 10.256242752075195 4 0.19999998807907104
			vertex 10.036242485046387 4 0
		endloop
	endfacet
	facet normal 0 1 0
		outer loop
			vertex 10.036242485046387 4 0
			vertex 10.256242752075195 4 0.19999998807907104
			vertex 10.256242752075195 4 0
		endloop
	endfacet
	facet normal -1 0 0
		outer loop
			vertex 10.036242485046387 0 0.19999998807907193
			vertex 10.036242485046387 4 0.19999998807907104
			vertex 10.036242485046387 0 8.881784197001252e-16
		endloop
	endfacet
	facet normal -1 0 0
		outer loop
			vertex 10.036242485046387 0 8.881784197001252e-16
			vertex 10.036242485046387 4 0.19999998807907104
			vertex 10.036242485046387 4 0
		endloop
	endfacet
	facet normal 0 -1 0
		outer loop
			vertex 10.256242752075195 0 0.19999998807907193
			vertex 10.036242485046387 0 0.19999998807907193
			vertex 10.256242752075195 0 8.881784197001252e-16
		endloop
	endfacet
	facet normal 0 -1 0
		outer loop
			vertex 10.256242752075195 0 8.881784197001252e-16
			vertex 10.036242485046387 0 0.19999998807907193
			vertex 10.036242485046387 0 8.881784197001252e-16
		endloop
	endfacet
	facet normal 0 2.220446049250313e-16 1
		outer loop
			vertex 10.036242485046387 4 0.19999998807907104
			vertex 10.036242485046387 0 0.19999998807907193
			vertex 10.256242752075195 4 0.19999998807907104
		endloop
	endfacet
	facet normal 0 2.220446049250313e-16 1
		outer loop
			vertex 10.256242752075195 4 0.19999998807907104
			vertex 10.036242485046387 0 0.19999998807907193
			vertex 10.256242752075195 0 0.19999998807907193
		endloop
	endfacet
	facet normal 0 -2.220446049250313e-16 -1
		outer loop
			vertex 10.036242485046387 0 8.881784197001252e-16
			vertex 10.036242485046387 4 0
			vertex 10.256242752075195 0 8.881784197001252e-16
		endloop
	endfacet
	facet normal 0 -2.220446049250313e-16 -1
		outer loop
			vertex 10.256242752075195 0 8.881784197001252e-16
			vertex 10.036242485046387 4 0
			vertex 10.256242752075195 4 0
		endloop
	endfacet
	facet normal 1 0 0
		outer loop
			vertex 10.476242065429688 4 0.30000001192092896
			vertex 10.476242065429688 0 0.30000001192092984
			vertex 10.476242065429688 4 0
		endloop
	endfacet
	facet normal 1 0 0
		outer loop
			vertex 10.476242065429688 4 0
			vertex 10.476242065429688 0 0.30000001192092984
			vertex 10.476242065429688 0 8.881784197001252e-16
		endloop
	endfacet
	facet normal 0 1 0
		outer loop
			vertex 10.256242752075195 4 0.30000001192092896
			vertex 10.476242065429688 4 0.30000001192092896
			vertex 10.256242752075195 4 0
		endloop
	endfacet
	facet normal 0 1 0
		outer loop
			vertex 10.256242752075195 4 0
			vertex 10.476242065429688 4 0.30000001192092896
			vertex 10.476242065429688 4 0
		endloop
	endfacet
	facet normal -1 0 0
		outer loop
			vertex 10.256242752075195 0 0.30000001192092984
			vertex 10.256242752075195 4 0.30000001192092896
			vertex 10.256242752075195 0 8.881784197001252e-16
		endloop
	endfacet
	facet normal -1 0 0
		outer loop
			vertex 10.256242752075195 0 8.881784197001252e-16
			vertex 10.256242752075195 4 0.30000001192092896
			vertex 10.256242752075195 4 0
		endloop
	endfacet
	facet normal 0 -1 0
		outer loop
			vertex 10.476242065429688 0 0.30000001192092984
			vertex 10.256242752075195 0 0.30000001192092984
			vertex 10.476242065429688 0 8.881784197001252e-16
		endloop
	endfacet
	facet normal 0 -1 0
		outer loop
			vertex 10.476242065429688 0 8.881784197001252e-16
			vertex 10.256242752075195 0 0.30000001192092984
			vertex 10.256242752075195 0 8.881784197001252e-16
		endloop
	endfacet
	facet normal 0 2.220446049250313e-16 1
		outer loop
			vertex 10.256242752075195 4 0.30000001192092896
			vertex 10.256242752075195 0 0.30000001192092984
			vertex 10.476242065429688 4 0.30000001192092896
		endloop
	endfacet
	facet normal 0 2.220446049250313e-16 1
		outer loop
			vertex 10.476242065429688 4 0.30000001192092896
			vertex 10.256242752075195 0 0.30000001192092984
			vertex 10.476242065429688 0 0.30000001192092984
		endloop
	endfacet
	facet normal 0 -2.220446049250313e-16 -1
		outer loop
			vertex 10.256242752075195 0 8.881784197001252e-16
			vertex 10.256242752075195 4 0
			vertex 10.476242065429688 0 8.881784197001252e-16
		endloop
	endfacet
	facet normal 0 -2.220446049250313e-16 -1
		outer loop
			vertex 10.476242065429688 0 8.881784197001252e-16
			vertex 10.256242752075195 4 0
			vertex 10.476242065429688 4 0
		endloop
	endfacet
	facet normal 1 0 0
		outer loop
			vertex 10.696242332458496 4 0.3999999761581421
			vertex 10.696242332458496 0 0.399999976158143
			vertex 10.696242332458496 4 0
		endloop
	endfacet
	facet normal 1 0 0
		outer loop
			vertex 10.696242332458496 4 0
			vertex 10.696242332458496 0 0.399999976158143
			vertex 10.696242332458496 0 8.881784197001252e-16
		endloop
	endfacet
	facet normal 0 1 0
		outer loop
			vertex 10.476242065429688 4 0.3999999761581421
			vertex 10.696242332458496 4 0.3999999761581421
			vertex 10.476242065429688 4 0
		endloop
	endfacet
	facet normal 0 1 0
		outer loop
			vertex 10.476242065429688 4 0
			vertex 10.696242332458496 4 0.3999999761581421
			vertex 10.696242332458496 4 0
		endloop
	endfacet
	facet normal -1 0 0
		outer loop
			vertex 10.476242065429688 0 0.399999976158143
			vertex 10.476242065429688 4 0.3999999761581421
			vertex 10.476242065429688 0 8.881784197001252e-16
		endloop
	endfacet
	facet normal -1 0 0
		outer loop
			vertex 10.476242065429688 0 8.881784197001252e-16
			vertex 10.476242065429688 4 0.3999999761581421
			vertex 10.476242065429688 4 0
		endloop
	endfacet
	facet normal 0 -1 0
		outer loop
			vertex 10.696242332458496 0 0.399999976158143
			vertex 10.476242065429688 0 0.399999976158143
			vertex 10.696242332458496 0 8.881784197001252e-16
		endloop
	endfacet
	facet normal 0 -1 0
		outer loop
			vertex 10.696242332458496 0 8.881784197001252e-16
			vertex 10.476242065429688 0 0.399999976158143
			vertex 10.476242065429688 0 8.881784197001252e-16
		endloop
	endfacet
	facet normal 0 2.220446049250313e-16 1
		outer loop
			vertex 10.476242065429688 4 0.3999999761581421
			vertex 10.476242065429688 0 0.399999976158143
			vertex 10.696242332458496 4 0.3999999761581421
		endloop
	endfacet
	facet normal 0 2.220446049250313e-16 1
		outer loop
			vertex 10.696242332458496 4 0.3999999761581421
			vertex 10.476242065429688 0 0.399999976158143
			vertex 10.696242332458496 0 0.399999976158143
		endloop
	endfacet
	facet normal 0 -2.220446049250313e-16 -1
		outer loop
			vertex 10.476242065429688 0 8.881784197001252e-16
			vertex 10.476242065429688 4 0
			vertex 10.696242332458496 0 8.881784197001252e-16
		endloop
	endfacet
	facet normal 0 -2.220446049250313e-16 -1
		outer loop
			vertex 10.696242332458496 0 8.881784197001252e-16
			vertex 10.476242065429688 4 0
			vertex 10.696242332458496 4 0
		endloop
	endfacet
	facet normal 1 0 0
		outer loop
			vertex 10.916242599487305 4 0.5
			vertex 10.916242599487305 0 0.5000000000000009
			vertex 10.916242599487305 4 0
		endloop
	endfacet
	facet normal 1 0 0
		outer loop
			vertex 10.916242599487305 4 0
			vertex 10.916242599487305 0 0.5000000000000009
			vertex 10.916242599487305 0 8.881784197001252e-16
		endloop
	endfacet
	facet normal 0 1 0
		outer loop
			vertex 10.696242332458496 4 0.5
			vertex 10.916242599487305 4 0.5
			vertex 10.696242332458496 4 0
		endloop
	endfacet
	facet normal 0 1 0
		outer loop
			vertex 10.696242332458496 4 0
			vertex 10.916242599487305 4 0.5
			vertex 10.916242599487305 4 0
		endloop
	endfacet
	facet normal -1 0 0
		outer loop
			vertex 10.696242332458496 0 0.5000000000000009
			vertex 10.696242332458496 4 0.5
			vertex 10.696242332458496 0 8.881784197001252e-16
		endloop
	endfacet
	facet normal -1 0 0
		outer loop
			vertex 10.696242332458496 0 8.881784197001252e-16
			vertex 10.696242332458496 4 0.5
			vertex 10.696242332458496 4 0
		endloop
	endfacet
	facet normal 0 -1 0
		outer loop
			vertex 10.916242599487305 0 0.5000000000000009
			vertex 10.696242332458496 0 0.5000000000000009
			vertex 10.916242599487305 0 8.881784197001252e-16
		endloop
	endfacet
	facet normal 0 -1 0
		outer loop
			vertex 10.916242599487305 0 8.881784197001252e-16
			vertex 10.696242332458496 0 0.5000000000000009
			vertex 10.696242332458496 0 8.881784197001252e-16
		endloop
	endfacet
	facet normal 0 2.220446049250313e-16 1
		outer loop
			vertex 10.696242332458496 4 0.5
			vertex 10.696242332458496 0 0.5000000000000009
			vertex 10.916242599487305 4 0.5
		endloop
	endfacet
	facet normal 0 2.220446049250313e-16 1
		outer loop
			vertex 10.916242599487305 4 0.5
			vertex 10.696242332458496 0 0.5000000000000009
			vertex 10.916242599487305 0 0.5000000000000009
		endloop
	endfacet
	facet normal 0 -2.220446049250313e-16 -1
		outer loop
			vertex 10.696242332458496 0 8.881784197001252e-16
			vertex 10.696242332458496 4 0
			vertex 10.916242599487305 0 8.881784197001252e-16
		endloop
	endfacet
	facet normal 0 -2.220446049250313e-16 -1
		outer loop
			vertex 10.916242599487305 0 8.881784197001252e-16
			vertex 10.696242332458496 4 0
			vertex 10.916242599487305 4 0
		endloop
	endfacet
	facet normal 0.25881856347465704 0.9659259553407368 0
		outer loop
			vertex 5.579846382141113 2.7949492931365967 0.09999999403953579
			vertex 5.6614460945129395 2.7730847597122192 0.6818498969078066
			vertex 5.6614460945129395 2.7730847597122192 0.0999999940395358
		endloop
	endfacet
	facet normal 0.707107486751317 0.7071060756210742 0
		outer loop
			vertex 5.6614460945129395 2.7730847597122192 0.0999999940395358
			vertex 5.6614460945129395 2.7730847597122192 0.6818498969078066
			vertex 5.7211809158325195 2.7133498191833496 0.6818498969078067
		endloop
	endfacet
	facet normal 0.707107486751317 0.7071060756210742 0
		outer loop
			vertex 5.6614460945129395 2.7730847597122192 0.0999999940395358
			vertex 5.7211809158325195 2.7133498191833496 0.6818498969078067
			vertex 5.7211809158325195 2.7133498191833496 0.09999999403953581
		endloop
	endfacet
	facet normal 0.9659261190674246 0.2588179524363475 0
		outer loop
			vertex 5.7211809158325195 2.7133498191833496 0.09999999403953581
			vertex 5.7211809158325195 2.7133498191833496 0.6818498969078067
			vertex 5.743045330047607 2.6317503452301025 0.6818498969078067
		endloop
	endfacet
	facet normal 0.9659261190674246 0.2588179524363475 0
		outer loop
			vertex 5.7211809158325195 2.7133498191833496 0.09999999403953581
			vertex 5.743045330047607 2.6317503452301025 0.6818498969078067
			vertex 5.743045330047607 2.6317503452301025 0.09999999403953583
		endloop
	endfacet
	facet normal 0.9659262135941378 -0.25881759965599765 0
		outer loop
			vertex 5.743045330047607 2.6317503452301025 0.09999999403953583
			vertex 5.743045330047607 2.6317503452301025 0.6818498969078067
			vertex 5.7211809158325195 2.550150752067566 0.6818498969078067
		endloop
	endfacet
	facet normal 0.9659262135941378 -0.25881759965599765 0
		outer loop
			vertex 5.743045330047607 2.6317503452301025 0.09999999403953583
			vertex 5.7211809158325195 2.550150752067566 0.6818498969078067
			vertex 5.7211809158325195 2.550150752067566 0.09999999403953584
		endloop
	endfacet
	facet normal 0.7071081923139743 -0.7071053700563048 0
		outer loop
			vertex 5.7211809158325195 2.550150752067566 0.09999999403953584
			vertex 5.7211809158325195 2.550150752067566 0.6818498969078067
			vertex 5.6614460945129395 2.4904156923294067 0.6818498969078067
		endloop
	endfacet
	facet normal 0.7071081923139743 -0.7071053700563048 0
		outer loop
			vertex 5.7211809158325195 2.550150752067566 0.09999999403953584
			vertex 5.6614460945129395 2.4904156923294067 0.6818498969078067
			vertex 5.6614460945129395 2.4904156923294067 0.09999999403953586
		endloop
	endfacet
	facet normal 0.258817246876575 -0.9659263081204643 0
		outer loop
			vertex 5.6614460945129395 2.4904156923294067 0.09999999403953586
			vertex 5.6614460945129395 2.4904156923294067 0.6818498969078067
			vertex 5.579846382141113 2.468551278114319 0.6818498969078067
		endloop
	endfacet
	facet normal 0.258817246876575 -0.9659263081204643 0
		outer loop
			vertex 5.6614460945129395 2.4904156923294067 0.09999999403953586
			vertex 5.579846382141113 2.468551278114319 0.6818498969078067
			vertex 5.579846382141113 2.468551278114319 0.09999999403953587
		endloop
	endfacet
	facet normal -0.258817246876575 -0.9659263081204643 0
		outer loop
			vertex 5.579846382141113 2.468551278114319 0.09999999403953587
			vertex 5.579846382141113 2.468551278114319 0.6818498969078067
			vertex 5.498246669769287 2.4904156923294067 0.6818498969078067
		endloop
	endfacet
	facet normal -0.258817246876575 -0.9659263081204643 0
		outer loop
			vertex 5.579846382141113 2.468551278114319 0.09999999403953587
			vertex 5.498246669769287 2.4904156923294067 0.6818498969078067
			vertex 5.498246669769287 2.4904156923294067 0.09999999403953586
		endloop
	endfacet
	facet normal -0.7071081923139743 -0.7071053700563048 0
		outer loop
			vertex 5.498246669769287 2.4904156923294067 0.09999999403953586
			vertex 5.498246669769287 2.4904156923294067 0.6818498969078067
			vertex 5.438511848449707 2.550150752067566 0.6818498969078067
		endloop
	endfacet
	facet normal -0.7071081923139743 -0.7071053700563048 0
		outer loop
			vertex 5.498246669769287 2.4904156923294067 0.09999999403953586
			vertex 5.438511848449707 2.550150752067566 0.6818498969078067
			vertex 5.438511848449707 2.550150752067566 0.09999999403953584
		endloop
	endfacet
	facet normal -0.9659262135941378 -0.25881759965599765 0
		outer loop
			vertex 5.438511848449707 2.550150752067566 0.09999999403953584
			vertex 5.438511848449707 2.550150752067566 0.6818498969078067
			vertex 5.416647434234619 2.6317503452301025 0.6818498969078067
		endloop
	endfacet
	facet normal -0.9659262135941378 -0.25881759965599765 0
		outer loop
			vertex 5.438511848449707 2.550150752067566 0.09999999403953584
			vertex 5.416647434234619 2.6317503452301025 0.6818498969078067
			vertex 5.416647434234619 2.6317503452301025 0.09999999403953583
		endloop
	endfacet
	facet normal -0.9659261190674246 0.2588179524363475 0
		outer loop
			vertex 5.416647434234619 2.6317503452301025 0.09999999403953583
			vertex 5.416647434234619 2.6317503452301025 0.6818498969078067
			vertex 5.438511848449707 2.7133498191833496 0.6818498969078067
		endloop
	endfacet
	facet normal -0.9659261190674246 0.2588179524363475 0
		outer loop
			vertex 5.416647434234619 2.6317503452301025 0.09999999403953583
			vertex 5.438511848449707 2.7133498191833496 0.6818498969078067
			vertex 5.438511848449707 2.7133498191833496 0.09999999403953581
		endloop
	endfacet
	facet normal -0.707107486751317 0.7071060756210742 0
		outer loop
			vertex 5.438511848449707 2.7133498191833496 0.09999999403953581
			vertex 5.438511848449707 2.7133498191833496 0.6818498969078067
			vertex 5.498246669769287 2.7730847597122192 0.6818498969078066
		endloop
	endfacet
	facet normal -0.707107486751317 0.7071060756210742 0
		outer loop
			vertex 5.438511848449707 2.7133498191833496 0.09999999403953581
			vertex 5.498246669769287 2.7730847597122192 0.6818498969078066
			vertex 5.498246669769287 2.7730847597122192 0.0999999940395358
		endloop
	endfacet
	facet normal -0.25881856347465704 0.9659259553407368 0
		outer loop
			vertex 5.498246669769287 2.7730847597122192 0.0999999940395358
			vertex 5.498246669769287 2.7730847597122192 0.6818498969078066
			vertex 5.579846382141113 2.7949492931365967 0.6818498969078066
		endloop
	endfacet
	facet normal -0.25881856347465704 0.9659259553407368 0
		outer loop
			vertex 5.498246669769287 2.7730847597122192 0.0999999940395358
			vertex 5.579846382141113 2.7949492931365967 0.6818498969078066
			vertex 5.579846382141113 2.7949492931365967 0.09999999403953579
		endloop
	endfacet
	facet normal 0.25881856347465704 0.9659259553407368 0
		outer loop
			vertex 5.579846382141113 2.7949492931365967 0.09999999403953579
			vertex 5.579846382141113 2.7949492931365967 0.6818498969078066
			vertex 5.6614460945129395 2.7730847597122192 0.6818498969078066
		endloop
	endfacet
	facet normal 0 0 1
		outer loop
			vertex 5.438511848449707 2.550150752067566 0.6818498969078067
			vertex 5.498246669769287 2.4904156923294067 0.6818498969078067
			vertex 5.579846382141113 2.6317503452301025 0.6818498969078067
		endloop
	endfacet
	facet normal 0 0 1
		outer loop
			vertex 5.579846382141113 2.6317503452301025 0.6818498969078067
			vertex 5.498246669769287 2.4904156923294067 0.6818498969078067
			vertex 5.579846382141113 2.468551278114319 0.6818498969078067
		endloop
	endfacet
	facet normal 0 0 1
		outer loop
			vertex 5.579846382141113 2.6317503452301025 0.6818498969078067
			vertex 5.579846382141113 2.468551278114319 0.6818498969078067
			vertex 5.6614460945129395 2.4904156923294067 0.6818498969078067
		endloop
	endfacet
	facet normal 6.802885275808384e-16 1.17829511837711e-15 1
		outer loop
			vertex 5.498246669769287 2.7730847597122192 0.6818498969078066
			vertex 5.438511848449707 2.7133498191833496 0.6818498969078067
			vertex 5.579846382141113 2.6317503452301025 0.6818498969078067
		endloop
	endfacet
	facet normal 0 0 1
		outer loop
			vertex 5.579846382141113 2.6317503452301025 0.6818498969078067
			vertex 5.438511848449707 2.7133498191833496 0.6818498969078067
			vertex 5.416647434234619 2.6317503452301025 0.6818498969078067
		endloop
	endfacet
	facet normal 0 0 1
		outer loop
			vertex 5.579846382141113 2.6317503452301025 0.6818498969078067
			vertex 5.416647434234619 2.6317503452301025 0.6818498969078067
			vertex 5.438511848449707 2.550150752067566 0.6818498969078067
		endloop
	endfacet
	facet normal -6.802885275808384e-16 1.17829511837711e-15 1
		outer loop
			vertex 5.7211809158325195 2.7133498191833496 0.6818498969078067
			vertex 5.6614460945129395 2.7730847597122192 0.6818498969078066
			vertex 5.579846382141113 2.6317503452301025 0.6818498969078067
		endloop
	endfacet
	facet normal 1.8228228390004532e-16 6.802881016495681e-16 1
		outer loop
			vertex 5.579846382141113 2.6317503452301025 0.6818498969078067
			vertex 5.6614460945129395 2.7730847597122192 0.6818498969078066
			vertex 5.579846382141113 2.7949492931365967 0.6818498969078066
		endloop
	endfacet
	facet normal -1.8228228390004532e-16 6.802881016495681e-16 1
		outer loop
			vertex 5.579846382141113 2.6317503452301025 0.6818498969078067
			vertex 5.579846382141113 2.7949492931365967 0.6818498969078066
			vertex 5.498246669769287 2.7730847597122192 0.6818498969078066
		endloop
	endfacet
	facet normal 0 0 1
		outer loop
			vertex 5.6614460945129395 2.4904156923294067 0.6818498969078067
			vertex 5.7211809158325195 2.550150752067566 0.6818498969078067
			vertex 5.579846382141113 2.6317503452301025 0.6818498969078067
		endloop
	endfacet
	facet normal 0 0 1
		outer loop
			vertex 5.579846382141113 2.6317503452301025 0.6818498969078067
			vertex 5.7211809158325195 2.550150752067566 0.6818498969078067
			vertex 5.743045330047607 2.6317503452301025 0.6818498969078067
		endloop
	endfacet
	facet normal 0 0 1
		outer loop
			vertex 5.579846382141113 2.6317503452301025 0.6818498969078067
			vertex 5.743045330047607 2.6317503452301025 0.6818498969078067
			vertex 5.7211809158325195 2.7133498191833496 0.6818498969078067
		endloop
	endfacet
	facet normal -1 0 0
		outer loop
			vertex 5.155607223510742 4 0.09999999403953552
			vertex 5.155607223510742 4 0
			vertex 5.155607223510742 2 0.09999999403953597
		endloop
	endfacet
	facet normal -1 0 0
		outer loop
			vertex 5.155607223510742 2 0.09999999403953597
			vertex 5.155607223510742 4 0
			vertex 5.155607223510742 2 4.440892098500626e-16
		endloop
	endfacet
	facet normal 1 0 0
		outer loop
			vertex 6.050416946411133 4 0.09999999403953552
			vertex 6.050416946411133 0 0.09999999403953641
			vertex 6.050416946411133 4 0
		endloop
	endfacet
	facet normal 1 0 0
		outer loop
			vertex 6.050416946411133 4 0
			vertex 6.050416946411133 0 0.09999999403953641
			vertex 6.050416946411133 0 8.881784197001252e-16
		endloop
	endfacet
	facet normal 0 1 0
		outer loop
			vertex 5.155607223510742 4 0.09999999403953552
			vertex 6.050416946411133 4 0.09999999403953552
			vertex 5.155607223510742 4 0
		endloop
	endfacet
	facet normal 0 1 0
		outer loop
			vertex 5.155607223510742 4 0
			vertex 6.050416946411133 4 0.09999999403953552
			vertex 6.050416946411133 4 0
		endloop
	endfacet
	facet normal 0 -1 0
		outer loop
			vertex 0 0 8.881784197001252e-16
			vertex 6.050416946411133 0 8.881784197001252e-16
			vertex 4.099999904632568 0 0.09999999403953641
		endloop
	endfacet
	facet normal 0 -1 0
		outer loop
			vertex 4.099999904632568 0 0.09999999403953641
			vertex 6.050416946411133 0 8.881784197001252e-16
			vertex 6.050416946411133 0 0.09999999403953641
		endloop
	endfacet
	facet normal 0 -1 0
		outer loop
			vertex 0 0 0.09999999403953641
			vertex 0 0 8.881784197001252e-16
			vertex 4 0 0.09999999403953641
		endloop
	endfacet
	facet normal 0 -1 0
		outer loop
			vertex 4 0 0.09999999403953641
			vertex 0 0 8.881784197001252e-16
			vertex 4.099999904632568 0 0.09999999403953641
		endloop
	endfacet
	facet normal 0 -1 0
		outer loop
			vertex 4 0 0.09999999403953641
			vertex 4.099999904632568 0 0.09999999403953641
			vertex 4 0 0.19999998807907193
		endloop
	endfacet
	facet normal 0 -1 0
		outer loop
			vertex 4 0 0.19999998807907193
			vertex 4.099999904632568 0 0.09999999403953641
			vertex 4.099999904632568 0 0.19999998807907193
		endloop
	endfacet
	facet normal 8.150252060323509e-18 2.241721028819407e-16 1
		outer loop
			vertex 5.7211809158325195 2.550150752067566 0.09999999403953584
			vertex 5.6614460945129395 2.4904156923294067 0.09999999403953586
			vertex 6.050416946411133 0 0.09999999403953641
		endloop
	endfacet
	facet normal 1.0591384518878875e-16 2.39441516827947e-16 1
		outer loop
			vertex 6.050416946411133 0 0.09999999403953641
			vertex 5.6614460945129395 2.4904156923294067 0.09999999403953586
			vertex 5.579846382141113 2.468551278114319 0.09999999403953587
		endloop
	endfacet
	facet normal -1.0877238040869384e-17 2.1717807574639533e-16 1
		outer loop
			vertex 6.050416946411133 0 0.09999999403953641
			vertex 5.579846382141113 2.468551278114319 0.09999999403953587
			vertex 5.155607223510742 2 0.09999999403953597
		endloop
	endfacet
	facet normal -9.215961913419251e-17 2.9077336953212963e-16 1
		outer loop
			vertex 5.155607223510742 2 0.09999999403953597
			vertex 5.579846382141113 2.468551278114319 0.09999999403953587
			vertex 5.498246669769287 2.4904156923294067 0.09999999403953586
		endloop
	endfacet
	facet normal -1.3360485458094462e-16 2.0587087555764227e-16 1
		outer loop
			vertex 5.7211809158325195 2.550150752067566 0.09999999403953584
			vertex 6.050416946411133 0 0.09999999403953641
			vertex 5.743045330047607 2.6317503452301025 0.09999999403953583
		endloop
	endfacet
	facet normal 4.8764351030805e-18 2.220446049250313e-16 1
		outer loop
			vertex 5.743045330047607 2.6317503452301025 0.09999999403953583
			vertex 6.050416946411133 0 0.09999999403953641
			vertex 6.050416946411133 4 0.09999999403953552
		endloop
	endfacet
	facet normal 1.0773186033444934e-16 1.9893855977098352e-16 1
		outer loop
			vertex 5.743045330047607 2.6317503452301025 0.09999999403953583
			vertex 6.050416946411133 4 0.09999999403953552
			vertex 5.7211809158325195 2.7133498191833496 0.09999999403953581
		endloop
	endfacet
	facet normal 1.8005868490333675e-18 2.220446049250313e-16 1
		outer loop
			vertex 5.005607604980469 2 0.09999999403953597
			vertex 5.005607604980469 4 0.09999999403953552
			vertex 4.531930923461914 3.2538411021232605 0.09999999403953569
		endloop
	endfacet
	facet normal 1.5222054230462967e-17 2.1352438738365274e-16 1
		outer loop
			vertex 4.531930923461914 3.2538411021232605 0.09999999403953569
			vertex 5.005607604980469 4 0.09999999403953552
			vertex 4.461948394775391 3.3238240480422974 0.09999999403953568
		endloop
	endfacet
	facet normal -1.1568420552742547e-16 2.010693746017288e-16 1
		outer loop
			vertex 5.438511848449707 2.7133498191833496 0.09999999403953581
			vertex 5.155607223510742 4 0.09999999403953552
			vertex 5.416647434234619 2.6317503452301025 0.09999999403953583
		endloop
	endfacet
	facet normal -5.7419419620035875e-18 2.220446049250313e-16 1
		outer loop
			vertex 5.416647434234619 2.6317503452301025 0.09999999403953583
			vertex 5.155607223510742 4 0.09999999403953552
			vertex 5.155607223510742 2 0.09999999403953597
		endloop
	endfacet
	facet normal 7.281848750961421e-17 1.8958331508377295e-16 1
		outer loop
			vertex 5.416647434234619 2.6317503452301025 0.09999999403953583
			vertex 5.155607223510742 2 0.09999999403953597
			vertex 5.438511848449707 2.550150752067566 0.09999999403953584
		endloop
	endfacet
	facet normal -3.4958273885104685e-18 2.2882650897670166e-16 1
		outer loop
			vertex 5.438511848449707 2.550150752067566 0.09999999403953584
			vertex 5.155607223510742 2 0.09999999403953597
			vertex 5.498246669769287 2.4904156923294067 0.09999999403953586
		endloop
	endfacet
	facet normal -5.510793706458973e-17 2.4144348641150177e-16 1
		outer loop
			vertex 4.4516191482543945 1.0573878288269043 0.09999999403953617
			vertex 4.099999904632568 0 0.09999999403953641
			vertex 4.589291572570801 1.088810682296753 0.09999999403953617
		endloop
	endfacet
	facet normal 0 2.1667898429797517e-16 1
		outer loop
			vertex 4.589291572570801 1.088810682296753 0.09999999403953617
			vertex 4.099999904632568 0 0.09999999403953641
			vertex 6.050416946411133 0 0.09999999403953641
		endloop
	endfacet
	facet normal 3.796909431922211e-17 2.6763146670247085e-16 1
		outer loop
			vertex 4.589291572570801 1.088810682296753 0.09999999403953617
			vertex 6.050416946411133 0 0.09999999403953641
			vertex 4.699697017669678 1.1768555641174316 0.09999999403953615
		endloop
	endfacet
	facet normal -6.93773643265452e-16 -4.072975500982372e-17 1
		outer loop
			vertex 4.531930923461914 3.2538411021232605 0.09999999403953569
			vertex 4.557546615600586 3.1582425832748413 0.0999999940395357
			vertex 5.005607604980469 2 0.09999999403953597
		endloop
	endfacet
	facet normal 9.572590433888881e-17 2.6468463185755187e-16 1
		outer loop
			vertex 5.005607604980469 2 0.09999999403953597
			vertex 4.557546615600586 3.1582425832748413 0.0999999940395357
			vertex 4.531930923461914 3.0626439452171326 0.09999999403953573
		endloop
	endfacet
	facet normal -1.6401281163285105e-17 2.1470360728602178e-16 1
		outer loop
			vertex 5.005607604980469 2 0.09999999403953597
			vertex 4.531930923461914 3.0626439452171326 0.09999999403953573
			vertex 4.461948394775391 2.9926609992980957 0.09999999403953574
		endloop
	endfacet
	facet normal -6.966559101779736e-17 2.817757796998422e-16 1
		outer loop
			vertex 4.461948394775391 3.3238240480422974 0.09999999403953568
			vertex 5.005607604980469 4 0.09999999403953552
			vertex 4.366349697113037 3.3494396209716797 0.09999999403953566
		endloop
	endfacet
	facet normal 0 2.1332051958870256e-16 1
		outer loop
			vertex 4.366349697113037 3.3494396209716797 0.09999999403953566
			vertex 5.005607604980469 4 0.09999999403953552
			vertex 4.099999904632568 4 0.09999999403953552
		endloop
	endfacet
	facet normal 7.930819004430047e-17 2.45790557176684e-16 1
		outer loop
			vertex 4.366349697113037 3.3494396209716797 0.09999999403953566
			vertex 4.099999904632568 4 0.09999999403953552
			vertex 4.270751476287842 3.3238240480422974 0.09999999403953568
		endloop
	endfacet
	facet normal 4.768627972463308e-18 2.2755416758756806e-16 1
		outer loop
			vertex 5.438511848449707 2.7133498191833496 0.09999999403953581
			vertex 5.498246669769287 2.7730847597122192 0.0999999940395358
			vertex 5.155607223510742 4 0.09999999403953552
		endloop
	endfacet
	facet normal 1.0183522403587327e-16 2.5466186307724797e-16 1
		outer loop
			vertex 5.155607223510742 4 0.09999999403953552
			vertex 5.498246669769287 2.7730847597122192 0.0999999940395358
			vertex 5.579846382141113 2.7949492931365967 0.09999999403953579
		endloop
	endfacet
	facet normal 0 2.1881068310792957e-16 1
		outer loop
			vertex 5.155607223510742 4 0.09999999403953552
			vertex 5.579846382141113 2.7949492931365967 0.09999999403953579
			vertex 6.050416946411133 4 0.09999999403953552
		endloop
	endfacet
	facet normal -1.0088549103547604e-16 2.582063219576757e-16 1
		outer loop
			vertex 6.050416946411133 4 0.09999999403953552
			vertex 5.579846382141113 2.7949492931365967 0.09999999403953579
			vertex 5.6614460945129395 2.7730847597122192 0.0999999940395358
		endloop
	endfacet
	facet normal -4.6318995404397e-18 2.276908957467313e-16 1
		outer loop
			vertex 6.050416946411133 4 0.09999999403953552
			vertex 5.6614460945129395 2.7730847597122192 0.0999999940395358
			vertex 5.7211809158325195 2.7133498191833496 0.09999999403953581
		endloop
	endfacet
	facet normal 0 2.2725269381940187e-16 1
		outer loop
			vertex 5.005607604980469 2 0.09999999403953597
			vertex 4.699697017669678 1.572526454925537 0.09999999403953606
			vertex 5.155607223510742 2 0.09999999403953597
		endloop
	endfacet
	facet normal 5.876753206470963e-18 2.2098500358474045e-16 1
		outer loop
			vertex 5.155607223510742 2 0.09999999403953597
			vertex 4.699697017669678 1.572526454925537 0.09999999403953606
			vertex 4.760966777801514 1.4452977180480957 0.09999999403953609
		endloop
	endfacet
	facet normal 2.6935214470004165e-18 2.232496995148397e-16 1
		outer loop
			vertex 5.155607223510742 2 0.09999999403953597
			vertex 4.760966777801514 1.4452977180480957 0.09999999403953609
			vertex 6.050416946411133 0 0.09999999403953641
		endloop
	endfacet
	facet normal -2.723257600797802e-17 1.9655055585240864e-16 1
		outer loop
			vertex 6.050416946411133 0 0.09999999403953641
			vertex 4.760966777801514 1.4452977180480957 0.09999999403953609
			vertex 4.760966777801514 1.304084300994873 0.09999999403953612
		endloop
	endfacet
	facet normal -3.619960489459449e-18 2.198981960612816e-16 1
		outer loop
			vertex 6.050416946411133 0 0.09999999403953641
			vertex 4.760966777801514 1.304084300994873 0.09999999403953612
			vertex 4.699697017669678 1.1768555641174316 0.09999999403953615
		endloop
	endfacet
	facet normal 4.7332620515671416e-17 2.0737833983937674e-16 1
		outer loop
			vertex 4.4516191482543945 1.0573878288269043 0.09999999403953617
			vertex 4.31394624710083 1.088810682296753 0.09999999403953617
			vertex 4.099999904632568 0 0.09999999403953641
		endloop
	endfacet
	facet normal -6.795406421112472e-17 2.3003164856753925e-16 1
		outer loop
			vertex 4.099999904632568 0 0.09999999403953641
			vertex 4.31394624710083 1.088810682296753 0.09999999403953617
			vertex 4.203541278839111 1.1768555641174316 0.09999999403953615
		endloop
	endfacet
	facet normal 1.0355541913055955e-17 2.2314186151219106e-16 1
		outer loop
			vertex 4.099999904632568 0 0.09999999403953641
			vertex 4.203541278839111 1.1768555641174316 0.09999999403953615
			vertex 4.142271518707275 1.304084300994873 0.09999999403953612
		endloop
	endfacet
	facet normal -8.323730798377186e-17 2.3112802619002757e-16 1
		outer loop
			vertex 4.366349697113037 2.967045545578003 0.09999999403953576
			vertex 4.270751476287842 2.9926609992980957 0.09999999403953574
			vertex 4.142271518707275 1.4452977180480957 0.09999999403953609
		endloop
	endfacet
	facet normal 2.3927370489125005e-17 2.2222997780593364e-16 1
		outer loop
			vertex 4.142271518707275 1.4452977180480957 0.09999999403953609
			vertex 4.270751476287842 2.9926609992980957 0.09999999403953574
			vertex 4.200767993927002 3.0626439452171326 0.09999999403953573
		endloop
	endfacet
	facet normal -2.2109843616253795e-16 2.3109211615715165e-16 1
		outer loop
			vertex 4.142271518707275 1.4452977180480957 0.09999999403953609
			vertex 4.200767993927002 3.0626439452171326 0.09999999403953573
			vertex 4.175152778625488 3.1582425832748413 0.0999999940395357
		endloop
	endfacet
	facet normal -2.142738143844905e-18 2.1918680757312598e-16 1
		outer loop
			vertex 4.142271518707275 1.4452977180480957 0.09999999403953609
			vertex 4.203541278839111 1.572526454925537 0.09999999403953606
			vertex 4.366349697113037 2.967045545578003 0.09999999403953576
		endloop
	endfacet
	facet normal 8.468668012239232e-17 2.0904957794154235e-16 1
		outer loop
			vertex 4.366349697113037 2.967045545578003 0.09999999403953576
			vertex 4.203541278839111 1.572526454925537 0.09999999403953606
			vertex 4.31394624710083 1.6605713367462158 0.09999999403953604
		endloop
	endfacet
	facet normal 8.920128371045503e-17 2.088684945325836e-16 1
		outer loop
			vertex 4.366349697113037 2.967045545578003 0.09999999403953576
			vertex 4.31394624710083 1.6605713367462158 0.09999999403953604
			vertex 4.461948394775391 2.9926609992980957 0.09999999403953574
		endloop
	endfacet
	facet normal -5.123403351104277e-17 2.2447159479110725e-16 1
		outer loop
			vertex 4.461948394775391 2.9926609992980957 0.09999999403953574
			vertex 4.31394624710083 1.6605713367462158 0.09999999403953604
			vertex 4.4516191482543945 1.6919941902160645 0.09999999403953604
		endloop
	endfacet
	facet normal 6.811871454933314e-19 2.2405931002408704e-16 1
		outer loop
			vertex 4.461948394775391 2.9926609992980957 0.09999999403953574
			vertex 4.4516191482543945 1.6919941902160645 0.09999999403953604
			vertex 5.005607604980469 2 0.09999999403953597
		endloop
	endfacet
	facet normal 3.645431662053532e-17 1.5971668998051483e-16 1
		outer loop
			vertex 5.005607604980469 2 0.09999999403953597
			vertex 4.4516191482543945 1.6919941902160645 0.09999999403953604
			vertex 4.589291572570801 1.6605713367462158 0.09999999403953604
		endloop
	endfacet
	facet normal -4.4674621210211206e-17 2.592229520254909e-16 1
		outer loop
			vertex 5.005607604980469 2 0.09999999403953597
			vertex 4.589291572570801 1.6605713367462158 0.09999999403953604
			vertex 4.699697017669678 1.572526454925537 0.09999999403953606
		endloop
	endfacet
	facet normal 8.307004710797737e-16 1.9655055585240861e-16 1
		outer loop
			vertex 4.142271518707275 1.304084300994873 0.09999999403953612
			vertex 4.142271518707275 1.4452977180480957 0.09999999403953609
			vertex 4.099999904632568 0 0.09999999403953641
		endloop
	endfacet
	facet normal -5.970335364564667e-16 2.383084720341447e-16 1
		outer loop
			vertex 4.099999904632568 0 0.09999999403953641
			vertex 4.142271518707275 1.4452977180480957 0.09999999403953609
			vertex 4.175152778625488 3.1582425832748413 0.0999999940395357
		endloop
	endfacet
	facet normal 8.644315503458842e-17 2.220446049250313e-16 1
		outer loop
			vertex 4.099999904632568 0 0.09999999403953641
			vertex 4.175152778625488 3.1582425832748413 0.0999999940395357
			vertex 4.099999904632568 4 0.09999999403953552
		endloop
	endfacet
	facet normal -1.936011410708493e-16 1.970419933893617e-16 1
		outer loop
			vertex 4.099999904632568 4 0.09999999403953552
			vertex 4.175152778625488 3.1582425832748413 0.0999999940395357
			vertex 4.200767993927002 3.2538411021232605 0.09999999403953569
		endloop
	endfacet
	facet normal -2.1924216031110025e-17 2.202268079930951e-16 1
		outer loop
			vertex 4.099999904632568 4 0.09999999403953552
			vertex 4.200767993927002 3.2538411021232605 0.09999999403953569
			vertex 4.270751476287842 3.3238240480422974 0.09999999403953568
		endloop
	endfacet
	facet normal 0 1 0
		outer loop
			vertex 5.005607604980469 2 0.09999999403953597
			vertex 5.155607223510742 2 0.09999999403953597
			vertex 5.005607604980469 2 4.440892098500626e-16
		endloop
	endfacet
	facet normal 0 1 0
		outer loop
			vertex 5.005607604980469 2 4.440892098500626e-16
			vertex 5.155607223510742 2 0.09999999403953597
			vertex 5.155607223510742 2 4.440892098500626e-16
		endloop
	endfacet
	facet normal 0 -2.220446049250313e-16 -1
		outer loop
			vertex 5.155607223510742 4 0
			vertex 6.050416946411133 4 0
			vertex 5.155607223510742 2 4.440892098500626e-16
		endloop
	endfacet
	facet normal 0 -2.220446049250313e-16 -1
		outer loop
			vertex 5.155607223510742 2 4.440892098500626e-16
			vertex 6.050416946411133 4 0
			vertex 6.050416946411133 0 8.881784197001252e-16
		endloop
	endfacet
	facet normal 0 -2.220446049250313e-16 -1
		outer loop
			vertex 5.155607223510742 2 4.440892098500626e-16
			vertex 6.050416946411133 0 8.881784197001252e-16
			vertex 5.005607604980469 2 4.440892098500626e-16
		endloop
	endfacet
	facet normal 0 -2.220446049250313e-16 -1
		outer loop
			vertex 5.005607604980469 2 4.440892098500626e-16
			vertex 6.050416946411133 0 8.881784197001252e-16
			vertex 0 0 8.881784197001252e-16
		endloop
	endfacet
	facet normal 0 -2.220446049250313e-16 -1
		outer loop
			vertex 5.005607604980469 2 4.440892098500626e-16
			vertex 0 0 8.881784197001252e-16
			vertex 5.005607604980469 4 0
		endloop
	endfacet
	facet normal 0 -2.220446049250313e-16 -1
		outer loop
			vertex 5.005607604980469 4 0
			vertex 0 0 8.881784197001252e-16
			vertex 0 4 0
		endloop
	endfacet
	facet normal 0.2225210754131172 0.9749278798952207 0
		outer loop
			vertex 4.4516191482543945 1.6919941902160645 0.09999999403953604
			vertex 4.589291572570801 1.6605713367462158 0.5887942910194403
			vertex 4.589291572570801 1.6605713367462158 0.09999999403953604
		endloop
	endfacet
	facet normal 0.6234875395721055 0.7818332865760592 0
		outer loop
			vertex 4.589291572570801 1.6605713367462158 0.09999999403953604
			vertex 4.589291572570801 1.6605713367462158 0.5887942910194403
			vertex 4.699697017669678 1.572526454925537 0.5887942910194403
		endloop
	endfacet
	facet normal 0.6234875395721055 0.7818332865760592 0
		outer loop
			vertex 4.589291572570801 1.6605713367462158 0.09999999403953604
			vertex 4.699697017669678 1.572526454925537 0.5887942910194403
			vertex 4.699697017669678 1.572526454925537 0.09999999403953606
		endloop
	endfacet
	facet normal 0.9009698930763509 0.43388161031552025 0
		outer loop
			vertex 4.699697017669678 1.572526454925537 0.09999999403953606
			vertex 4.699697017669678 1.572526454925537 0.5887942910194403
			vertex 4.760966777801514 1.4452977180480957 0.5887942910194403
		endloop
	endfacet
	facet normal 0.9009698930763509 0.43388161031552025 0
		outer loop
			vertex 4.699697017669678 1.572526454925537 0.09999999403953606
			vertex 4.760966777801514 1.4452977180480957 0.5887942910194403
			vertex 4.760966777801514 1.4452977180480957 0.09999999403953609
		endloop
	endfacet
	facet normal 1 0 0
		outer loop
			vertex 4.760966777801514 1.4452977180480957 0.09999999403953609
			vertex 4.760966777801514 1.4452977180480957 0.5887942910194403
			vertex 4.760966777801514 1.304084300994873 0.5887942910194403
		endloop
	endfacet
	facet normal 1 0 0
		outer loop
			vertex 4.760966777801514 1.4452977180480957 0.09999999403953609
			vertex 4.760966777801514 1.304084300994873 0.5887942910194403
			vertex 4.760966777801514 1.304084300994873 0.09999999403953612
		endloop
	endfacet
	facet normal 0.9009698930763509 -0.43388161031552025 0
		outer loop
			vertex 4.760966777801514 1.304084300994873 0.09999999403953612
			vertex 4.760966777801514 1.304084300994873 0.5887942910194403
			vertex 4.699697017669678 1.1768555641174316 0.5887942910194404
		endloop
	endfacet
	facet normal 0.9009698930763508 -0.43388161031552014 0
		outer loop
			vertex 4.760966777801514 1.304084300994873 0.09999999403953612
			vertex 4.699697017669678 1.1768555641174316 0.5887942910194404
			vertex 4.699697017669678 1.1768555641174316 0.09999999403953615
		endloop
	endfacet
	facet normal 0.6234875395721055 -0.7818332865760592 0
		outer loop
			vertex 4.699697017669678 1.1768555641174316 0.09999999403953615
			vertex 4.699697017669678 1.1768555641174316 0.5887942910194404
			vertex 4.589291572570801 1.088810682296753 0.5887942910194404
		endloop
	endfacet
	facet normal 0.6234875395721055 -0.7818332865760592 0
		outer loop
			vertex 4.699697017669678 1.1768555641174316 0.09999999403953615
			vertex 4.589291572570801 1.088810682296753 0.5887942910194404
			vertex 4.589291572570801 1.088810682296753 0.09999999403953617
		endloop
	endfacet
	facet normal 0.2225210754131172 -0.9749278798952207 0
		outer loop
			vertex 4.589291572570801 1.088810682296753 0.09999999403953617
			vertex 4.589291572570801 1.088810682296753 0.5887942910194404
			vertex 4.4516191482543945 1.0573878288269043 0.5887942910194404
		endloop
	endfacet
	facet normal 0.2225210754131172 -0.9749278798952207 0
		outer loop
			vertex 4.589291572570801 1.088810682296753 0.09999999403953617
			vertex 4.4516191482543945 1.0573878288269043 0.5887942910194404
			vertex 4.4516191482543945 1.0573878288269043 0.09999999403953617
		endloop
	endfacet
	facet normal -0.2225203428621119 -0.9749280470950296 0
		outer loop
			vertex 4.4516191482543945 1.0573878288269043 0.09999999403953617
			vertex 4.4516191482543945 1.0573878288269043 0.5887942910194404
			vertex 4.31394624710083 1.088810682296753 0.5887942910194404
		endloop
	endfacet
	facet normal -0.2225203428621119 -0.9749280470950296 0
		outer loop
			vertex 4.4516191482543945 1.0573878288269043 0.09999999403953617
			vertex 4.31394624710083 1.088810682296753 0.5887942910194404
			vertex 4.31394624710083 1.088810682296753 0.09999999403953617
		endloop
	endfacet
	facet normal -0.6234891855972751 -0.7818319739197465 0
		outer loop
			vertex 4.31394624710083 1.088810682296753 0.09999999403953617
			vertex 4.31394624710083 1.088810682296753 0.5887942910194404
			vertex 4.203541278839111 1.1768555641174316 0.5887942910194404
		endloop
	endfacet
	facet normal -0.6234891855972751 -0.7818319739197462 0
		outer loop
			vertex 4.31394624710083 1.088810682296753 0.09999999403953617
			vertex 4.203541278839111 1.1768555641174316 0.5887942910194404
			vertex 4.203541278839111 1.1768555641174316 0.09999999403953615
		endloop
	endfacet
	facet normal -0.9009698930763508 -0.43388161031552014 0
		outer loop
			vertex 4.203541278839111 1.1768555641174316 0.09999999403953615
			vertex 4.203541278839111 1.1768555641174316 0.5887942910194404
			vertex 4.142271518707275 1.304084300994873 0.5887942910194403
		endloop
	endfacet
	facet normal -0.9009698930763509 -0.43388161031552025 0
		outer loop
			vertex 4.203541278839111 1.1768555641174316 0.09999999403953615
			vertex 4.142271518707275 1.304084300994873 0.5887942910194403
			vertex 4.142271518707275 1.304084300994873 0.09999999403953612
		endloop
	endfacet
	facet normal -1 0 0
		outer loop
			vertex 4.142271518707275 1.304084300994873 0.09999999403953612
			vertex 4.142271518707275 1.304084300994873 0.5887942910194403
			vertex 4.142271518707275 1.4452977180480957 0.5887942910194403
		endloop
	endfacet
	facet normal -1 0 0
		outer loop
			vertex 4.142271518707275 1.304084300994873 0.09999999403953612
			vertex 4.142271518707275 1.4452977180480957 0.5887942910194403
			vertex 4.142271518707275 1.4452977180480957 0.09999999403953609
		endloop
	endfacet
	facet normal -0.9009698930763509 0.43388161031552025 0
		outer loop
			vertex 4.142271518707275 1.4452977180480957 0.09999999403953609
			vertex 4.142271518707275 1.4452977180480957 0.5887942910194403
			vertex 4.203541278839111 1.572526454925537 0.5887942910194403
		endloop
	endfacet
	facet normal -0.9009698930763509 0.43388161031552025 0
		outer loop
			vertex 4.142271518707275 1.4452977180480957 0.09999999403953609
			vertex 4.203541278839111 1.572526454925537 0.5887942910194403
			vertex 4.203541278839111 1.572526454925537 0.09999999403953606
		endloop
	endfacet
	facet normal -0.6234891855972751 0.7818319739197465 0
		outer loop
			vertex 4.203541278839111 1.572526454925537 0.09999999403953606
			vertex 4.203541278839111 1.572526454925537 0.5887942910194403
			vertex 4.31394624710083 1.6605713367462158 0.5887942910194403
		endloop
	endfacet
	facet normal -0.6234891855972751 0.7818319739197462 0
		outer loop
			vertex 4.203541278839111 1.572526454925537 0.09999999403953606
			vertex 4.31394624710083 1.6605713367462158 0.5887942910194403
			vertex 4.31394624710083 1.6605713367462158 0.09999999403953604
		endloop
	endfacet
	facet normal -0.22252034286211186 0.9749280470950296 0
		outer loop
			vertex 4.31394624710083 1.6605713367462158 0.09999999403953604
			vertex 4.31394624710083 1.6605713367462158 0.5887942910194403
			vertex 4.4516191482543945 1.6919941902160645 0.5887942910194403
		endloop
	endfacet
	facet normal -0.22252034286211186 0.9749280470950296 0
		outer loop
			vertex 4.31394624710083 1.6605713367462158 0.09999999403953604
			vertex 4.4516191482543945 1.6919941902160645 0.5887942910194403
			vertex 4.4516191482543945 1.6919941902160645 0.09999999403953604
		endloop
	endfacet
	facet normal 0.2225210754131172 0.9749278798952207 0
		outer loop
			vertex 4.4516191482543945 1.6919941902160645 0.09999999403953604
			vertex 4.4516191482543945 1.6919941902160645 0.5887942910194403
			vertex 4.589291572570801 1.6605713367462158 0.5887942910194403
		endloop
	endfacet
	facet normal -7.986094857699035e-17 3.498934432976267e-16 1
		outer loop
			vertex 4.4516191482543945 1.0573878288269043 0.5887942910194404
			vertex 4.589291572570801 1.088810682296753 0.5887942910194404
			vertex 4.4516191482543945 1.3746910095214844 0.5887942910194403
		endloop
	endfacet
	facet normal 7.986067197449667e-17 3.498934432976267e-16 1
		outer loop
			vertex 4.4516191482543945 1.0573878288269043 0.5887942910194404
			vertex 4.4516191482543945 1.3746910095214844 0.5887942910194403
			vertex 4.31394624710083 1.088810682296753 0.5887942910194404
		endloop
	endfacet
	facet normal 0 0 1
		outer loop
			vertex 4.142271518707275 1.4452977180480957 0.5887942910194403
			vertex 4.142271518707275 1.304084300994873 0.5887942910194403
			vertex 4.4516191482543945 1.3746910095214844 0.5887942910194403
		endloop
	endfacet
	facet normal -1.7944615336531816e-16 7.862035114409567e-16 1
		outer loop
			vertex 4.4516191482543945 1.3746910095214844 0.5887942910194403
			vertex 4.142271518707275 1.304084300994873 0.5887942910194403
			vertex 4.203541278839111 1.1768555641174316 0.5887942910194404
		endloop
	endfacet
	facet normal 2.237648768626241e-16 2.8059273426502716e-16 1
		outer loop
			vertex 4.4516191482543945 1.3746910095214844 0.5887942910194403
			vertex 4.203541278839111 1.1768555641174316 0.5887942910194404
			vertex 4.31394624710083 1.088810682296753 0.5887942910194404
		endloop
	endfacet
	facet normal 0 0 1
		outer loop
			vertex 4.4516191482543945 1.6919941902160645 0.5887942910194403
			vertex 4.31394624710083 1.6605713367462158 0.5887942910194403
			vertex 4.4516191482543945 1.3746910095214844 0.5887942910194403
		endloop
	endfacet
	facet normal 0 0 1
		outer loop
			vertex 4.4516191482543945 1.3746910095214844 0.5887942910194403
			vertex 4.31394624710083 1.6605713367462158 0.5887942910194403
			vertex 4.203541278839111 1.572526454925537 0.5887942910194403
		endloop
	endfacet
	facet normal 0 0 1
		outer loop
			vertex 4.4516191482543945 1.3746910095214844 0.5887942910194403
			vertex 4.203541278839111 1.572526454925537 0.5887942910194403
			vertex 4.142271518707275 1.4452977180480957 0.5887942910194403
		endloop
	endfacet
	facet normal 0 0 1
		outer loop
			vertex 4.760966777801514 1.4452977180480957 0.5887942910194403
			vertex 4.699697017669678 1.572526454925537 0.5887942910194403
			vertex 4.4516191482543945 1.3746910095214844 0.5887942910194403
		endloop
	endfacet
	facet normal 0 0 1
		outer loop
			vertex 4.4516191482543945 1.3746910095214844 0.5887942910194403
			vertex 4.699697017669678 1.572526454925537 0.5887942910194403
			vertex 4.589291572570801 1.6605713367462158 0.5887942910194403
		endloop
	endfacet
	facet normal 0 0 1
		outer loop
			vertex 4.4516191482543945 1.3746910095214844 0.5887942910194403
			vertex 4.589291572570801 1.6605713367462158 0.5887942910194403
			vertex 4.4516191482543945 1.6919941902160645 0.5887942910194403
		endloop
	endfacet
	facet normal -2.237643936450163e-16 2.805933402009068e-16 1
		outer loop
			vertex 4.589291572570801 1.088810682296753 0.5887942910194404
			vertex 4.699697017669678 1.1768555641174316 0.5887942910194404
			vertex 4.4516191482543945 1.3746910095214844 0.5887942910194403
		endloop
	endfacet
	facet normal 1.7944615336531816e-16 7.862035114409567e-16 1
		outer loop
			vertex 4.4516191482543945 1.3746910095214844 0.5887942910194403
			vertex 4.699697017669678 1.1768555641174316 0.5887942910194404
			vertex 4.760966777801514 1.304084300994873 0.5887942910194403
		endloop
	endfacet
	facet normal 0 0 1
		outer loop
			vertex 4.4516191482543945 1.3746910095214844 0.5887942910194403
			vertex 4.760966777801514 1.304084300994873 0.5887942910194403
			vertex 4.760966777801514 1.4452977180480957 0.5887942910194403
		endloop
	endfacet
	facet normal 1 0 0
		outer loop
			vertex 5.005607604980469 2 4.440892098500626e-16
			vertex 5.005607604980469 4 0
			vertex 5.005607604980469 2 0.09999999403953597
		endloop
	endfacet
	facet normal 1 0 0
		outer loop
			vertex 5.005607604980469 2 0.09999999403953597
			vertex 5.005607604980469 4 0
			vertex 5.005607604980469 4 0.09999999403953552
		endloop
	endfacet
	facet normal 0 1 0
		outer loop
			vertex 5.005607604980469 4 0
			vertex 0 4 0
			vertex 4 4 0.09999999403953552
		endloop
	endfacet
	facet normal 0 1 0
		outer loop
			vertex 4 4 0.09999999403953552
			vertex 0 4 0
			vertex 0 4 0.09999999403953552
		endloop
	endfacet
	facet normal 0 1 0
		outer loop
			vertex 5.005607604980469 4 0.09999999403953552
			vertex 5.005607604980469 4 0
			vertex 4.099999904632568 4 0.09999999403953552
		endloop
	endfacet
	facet normal 0 1 0
		outer loop
			vertex 4.099999904632568 4 0.09999999403953552
			vertex 5.005607604980469 4 0
			vertex 4 4 0.09999999403953552
		endloop
	endfacet
	facet normal 0 1 0
		outer loop
			vertex 4.099999904632568 4 0.09999999403953552
			vertex 4 4 0.09999999403953552
			vertex 4.099999904632568 4 0.19999998807907104
		endloop
	endfacet
	facet normal 0 1 0
		outer loop
			vertex 4.099999904632568 4 0.19999998807907104
			vertex 4 4 0.09999999403953552
			vertex 4 4 0.19999998807907104
		endloop
	endfacet
	facet normal 0.25881884801227184 0.9659258790992199 0
		outer loop
			vertex 4.366349697113037 3.3494396209716797 0.09999999403953566
			vertex 4.461948394775391 3.3238240480422974 0.6818498969078065
			vertex 4.461948394775391 3.3238240480422974 0.09999999403953568
		endloop
	endfacet
	facet normal 0.7071088890456512 0.7071046733211604 0
		outer loop
			vertex 4.461948394775391 3.3238240480422974 0.09999999403953568
			vertex 4.461948394775391 3.3238240480422974 0.6818498969078065
			vertex 4.531930923461914 3.2538411021232605 0.6818498969078065
		endloop
	endfacet
	facet normal 0.7071088890456512 0.7071046733211604 0
		outer loop
			vertex 4.461948394775391 3.3238240480422974 0.09999999403953568
			vertex 4.531930923461914 3.2538411021232605 0.6818498969078065
			vertex 4.531930923461914 3.2538411021232605 0.09999999403953569
		endloop
	endfacet
	facet normal 0.9659254569481684 0.25882042349759043 0
		outer loop
			vertex 4.531930923461914 3.2538411021232605 0.09999999403953569
			vertex 4.531930923461914 3.2538411021232605 0.6818498969078065
			vertex 4.557546615600586 3.1582425832748413 0.6818498969078066
		endloop
	endfacet
	facet normal 0.9659254569481684 0.25882042349759043 0
		outer loop
			vertex 4.531930923461914 3.2538411021232605 0.09999999403953569
			vertex 4.557546615600586 3.1582425832748413 0.6818498969078066
			vertex 4.557546615600586 3.1582425832748413 0.0999999940395357
		endloop
	endfacet
	facet normal 0.965925537634297 -0.2588201223743907 0
		outer loop
			vertex 4.557546615600586 3.1582425832748413 0.0999999940395357
			vertex 4.557546615600586 3.1582425832748413 0.6818498969078066
			vertex 4.531930923461914 3.0626439452171326 0.6818498969078066
		endloop
	endfacet
	facet normal 0.965925537634297 -0.2588201223743907 0
		outer loop
			vertex 4.557546615600586 3.1582425832748413 0.0999999940395357
			vertex 4.531930923461914 3.0626439452171326 0.6818498969078066
			vertex 4.531930923461914 3.0626439452171326 0.09999999403953573
		endloop
	endfacet
	facet normal 0.7071088890456512 -0.7071046733211604 0
		outer loop
			vertex 4.531930923461914 3.0626439452171326 0.09999999403953573
			vertex 4.531930923461914 3.0626439452171326 0.6818498969078066
			vertex 4.461948394775391 2.9926609992980957 0.6818498969078066
		endloop
	endfacet
	facet normal 0.7071088890456512 -0.7071046733211604 0
		outer loop
			vertex 4.531930923461914 3.0626439452171326 0.09999999403953573
			vertex 4.461948394775391 2.9926609992980957 0.6818498969078066
			vertex 4.461948394775391 2.9926609992980957 0.09999999403953574
		endloop
	endfacet
	facet normal 0.2588177242104484 -0.9659261802200644 0
		outer loop
			vertex 4.461948394775391 2.9926609992980957 0.09999999403953574
			vertex 4.461948394775391 2.9926609992980957 0.6818498969078066
			vertex 4.366349697113037 2.967045545578003 0.6818498969078066
		endloop
	endfacet
	facet normal 0.2588177242104484 -0.9659261802200644 0
		outer loop
			vertex 4.461948394775391 2.9926609992980957 0.09999999403953574
			vertex 4.366349697113037 2.967045545578003 0.6818498969078066
			vertex 4.366349697113037 2.967045545578003 0.09999999403953576
		endloop
	endfacet
	facet normal -0.25881892869699147 -0.9659258574798284 0
		outer loop
			vertex 4.366349697113037 2.967045545578003 0.09999999403953576
			vertex 4.366349697113037 2.967045545578003 0.6818498969078066
			vertex 4.270751476287842 2.9926609992980957 0.6818498969078066
		endloop
	endfacet
	facet normal -0.25881892869699147 -0.9659258574798284 0
		outer loop
			vertex 4.366349697113037 2.967045545578003 0.09999999403953576
			vertex 4.270751476287842 2.9926609992980957 0.6818498969078066
			vertex 4.270751476287842 2.9926609992980957 0.09999999403953574
		endloop
	endfacet
	facet normal -0.7071040710912185 -0.7071094912714897 0
		outer loop
			vertex 4.270751476287842 2.9926609992980957 0.09999999403953574
			vertex 4.270751476287842 2.9926609992980957 0.6818498969078066
			vertex 4.200767993927002 3.0626439452171326 0.6818498969078066
		endloop
	endfacet
	facet normal -0.7071040710912185 -0.7071094912714897 0
		outer loop
			vertex 4.270751476287842 2.9926609992980957 0.09999999403953574
			vertex 4.200767993927002 3.0626439452171326 0.6818498969078066
			vertex 4.200767993927002 3.0626439452171326 0.09999999403953573
		endloop
	endfacet
	facet normal -0.9659267421167869 -0.25881562716275563 0
		outer loop
			vertex 4.200767993927002 3.0626439452171326 0.09999999403953573
			vertex 4.200767993927002 3.0626439452171326 0.6818498969078066
			vertex 4.175152778625488 3.1582425832748413 0.6818498969078066
		endloop
	endfacet
	facet normal -0.9659267421167869 -0.25881562716275563 0
		outer loop
			vertex 4.200767993927002 3.0626439452171326 0.09999999403953573
			vertex 4.175152778625488 3.1582425832748413 0.6818498969078066
			vertex 4.175152778625488 3.1582425832748413 0.0999999940395357
		endloop
	endfacet
	facet normal -0.9659266614333605 0.2588159282814764 0
		outer loop
			vertex 4.175152778625488 3.1582425832748413 0.0999999940395357
			vertex 4.175152778625488 3.1582425832748413 0.6818498969078066
			vertex 4.200767993927002 3.2538411021232605 0.6818498969078065
		endloop
	endfacet
	facet normal -0.9659266614333605 0.2588159282814764 0
		outer loop
			vertex 4.175152778625488 3.1582425832748413 0.0999999940395357
			vertex 4.200767993927002 3.2538411021232605 0.6818498969078065
			vertex 4.200767993927002 3.2538411021232605 0.09999999403953569
		endloop
	endfacet
	facet normal -0.7071040710912185 0.7071094912714897 0
		outer loop
			vertex 4.200767993927002 3.2538411021232605 0.09999999403953569
			vertex 4.200767993927002 3.2538411021232605 0.6818498969078065
			vertex 4.270751476287842 3.3238240480422974 0.6818498969078065
		endloop
	endfacet
	facet normal -0.7071040710912185 0.7071094912714897 0
		outer loop
			vertex 4.200767993927002 3.2538411021232605 0.09999999403953569
			vertex 4.270751476287842 3.3238240480422974 0.6818498969078065
			vertex 4.270751476287842 3.3238240480422974 0.09999999403953568
		endloop
	endfacet
	facet normal -0.2588200525032938 0.9659255563562816 0
		outer loop
			vertex 4.270751476287842 3.3238240480422974 0.09999999403953568
			vertex 4.270751476287842 3.3238240480422974 0.6818498969078065
			vertex 4.366349697113037 3.3494396209716797 0.6818498969078065
		endloop
	endfacet
	facet normal -0.2588200525032938 0.9659255563562816 0
		outer loop
			vertex 4.270751476287842 3.3238240480422974 0.09999999403953568
			vertex 4.366349697113037 3.3494396209716797 0.6818498969078065
			vertex 4.366349697113037 3.3494396209716797 0.09999999403953566
		endloop
	endfacet
	facet normal 0.25881884801227184 0.9659258790992199 0
		outer loop
			vertex 4.366349697113037 3.3494396209716797 0.09999999403953566
			vertex 4.366349697113037 3.3494396209716797 0.6818498969078065
			vertex 4.461948394775391 3.3238240480422974 0.6818498969078065
		endloop
	endfacet
	facet normal 0 0 1
		outer loop
			vertex 4.200767993927002 3.0626439452171326 0.6818498969078066
			vertex 4.270751476287842 2.9926609992980957 0.6818498969078066
			vertex 4.366349697113037 3.1582425832748413 0.6818498969078066
		endloop
	endfacet
	facet normal 0 0 1
		outer loop
			vertex 4.366349697113037 3.1582425832748413 0.6818498969078066
			vertex 4.270751476287842 2.9926609992980957 0.6818498969078066
			vertex 4.366349697113037 2.967045545578003 0.6818498969078066
		endloop
	endfacet
	facet normal 0 0 1
		outer loop
			vertex 4.366349697113037 3.1582425832748413 0.6818498969078066
			vertex 4.366349697113037 2.967045545578003 0.6818498969078066
			vertex 4.461948394775391 2.9926609992980957 0.6818498969078066
		endloop
	endfacet
	facet normal -4.250780939815667e-16 4.250813523419593e-16 1
		outer loop
			vertex 4.270751476287842 3.3238240480422974 0.6818498969078065
			vertex 4.200767993927002 3.2538411021232605 0.6818498969078065
			vertex 4.366349697113037 3.1582425832748413 0.6818498969078066
		endloop
	endfacet
	facet normal 0 1.1613391483455136e-15 1
		outer loop
			vertex 4.366349697113037 3.1582425832748413 0.6818498969078066
			vertex 4.200767993927002 3.2538411021232605 0.6818498969078065
			vertex 4.175152778625488 3.1582425832748413 0.6818498969078066
		endloop
	endfacet
	facet normal 0 0 1
		outer loop
			vertex 4.366349697113037 3.1582425832748413 0.6818498969078066
			vertex 4.175152778625488 3.1582425832748413 0.6818498969078066
			vertex 4.200767993927002 3.0626439452171326 0.6818498969078066
		endloop
	endfacet
	facet normal 4.2508099031088004e-16 4.2507845601330695e-16 1
		outer loop
			vertex 4.531930923461914 3.2538411021232605 0.6818498969078065
			vertex 4.461948394775391 3.3238240480422974 0.6818498969078065
			vertex 4.366349697113037 3.1582425832748413 0.6818498969078066
		endloop
	endfacet
	facet normal 1.5558981648086861e-16 5.806695741727567e-16 1
		outer loop
			vertex 4.366349697113037 3.1582425832748413 0.6818498969078066
			vertex 4.461948394775391 3.3238240480422974 0.6818498969078065
			vertex 4.366349697113037 3.3494396209716797 0.6818498969078065
		endloop
	endfacet
	facet normal -1.5559059255185924e-16 5.806695741727567e-16 1
		outer loop
			vertex 4.366349697113037 3.1582425832748413 0.6818498969078066
			vertex 4.366349697113037 3.3494396209716797 0.6818498969078065
			vertex 4.270751476287842 3.3238240480422974 0.6818498969078065
		endloop
	endfacet
	facet normal 0 0 1
		outer loop
			vertex 4.461948394775391 2.9926609992980957 0.6818498969078066
			vertex 4.531930923461914 3.0626439452171326 0.6818498969078066
			vertex 4.366349697113037 3.1582425832748413 0.6818498969078066
		endloop
	endfacet
	facet normal 0 0 1
		outer loop
			vertex 4.366349697113037 3.1582425832748413 0.6818498969078066
			vertex 4.531930923461914 3.0626439452171326 0.6818498969078066
			vertex 4.557546615600586 3.1582425832748413 0.6818498969078066
		endloop
	endfacet
	facet normal 0 1.1613391483455136e-15 1
		outer loop
			vertex 4.366349697113037 3.1582425832748413 0.6818498969078066
			vertex 4.557546615600586 3.1582425832748413 0.6818498969078066
			vertex 4.531930923461914 3.2538411021232605 0.6818498969078065
		endloop
	endfacet
	facet normal 1 0 0
		outer loop
			vertex 4.099999904632568 4 0.19999998807907104
			vertex 4.099999904632568 0 0.19999998807907193
			vertex 4.099999904632568 4 0.09999999403953552
		endloop
	endfacet
	facet normal 1 0 0
		outer loop
			vertex 4.099999904632568 4 0.09999999403953552
			vertex 4.099999904632568 0 0.19999998807907193
			vertex 4.099999904632568 0 0.09999999403953641
		endloop
	endfacet
	facet normal -1 0 0
		outer loop
			vertex 4 0 0.09999999403953641
			vertex 4 0 0.19999998807907193
			vertex 4 4 0.09999999403953552
		endloop
	endfacet
	facet normal -1 0 0
		outer loop
			vertex 4 4 0.09999999403953552
			vertex 4 0 0.19999998807907193
			vertex 4 4 0.19999998807907104
		endloop
	endfacet
	facet normal 0 2.220446049250313e-16 1
		outer loop
			vertex 4 0 0.19999998807907193
			vertex 4.099999904632568 0 0.19999998807907193
			vertex 4 4 0.19999998807907104
		endloop
	endfacet
	facet normal 0 2.220446049250313e-16 1
		outer loop
			vertex 4 4 0.19999998807907104
			vertex 4.099999904632568 0 0.19999998807907193
			vertex 4.099999904632568 4 0.19999998807907104
		endloop
	endfacet
	facet normal -1 0 0
		outer loop
			vertex 0 0 0.09999999403953641
			vertex 0 4 0.09999999403953552
			vertex 0 0 8.881784197001252e-16
		endloop
	endfacet
	facet normal -1 0 0
		outer loop
			vertex 0 0 8.881784197001252e-16
			vertex 0 4 0.09999999403953552
			vertex 0 4 0
		endloop
	endfacet
	facet normal 0 2.220446049250313e-16 1
		outer loop
			vertex 0 4 0.09999999403953552
			vertex 0 0 0.09999999403953641
			vertex 4 4 0.09999999403953552
		endloop
	endfacet
	facet normal 0 2.220446049250313e-16 1
		outer loop
			vertex 4 4 0.09999999403953552
			vertex 0 0 0.09999999403953641
			vertex 4 0 0.09999999403953641
		endloop
	endfacet
	facet normal -1 0 0
		outer loop
			vertex 8.236557006835938 4 0
			vertex 8.236557006835938 0 8.881784197001252e-16
			vertex 8.236557006835938 4 0.09999999403953552
		endloop
	endfacet
	facet normal -1 0 0
		outer loop
			vertex 8.236557006835938 4 0.09999999403953552
			vertex 8.236557006835938 0 8.881784197001252e-16
			vertex 8.236557006835938 0 0.09999999403953641
		endloop
	endfacet
	facet normal 1 0 0
		outer loop
			vertex 8.032930374145508 0 0.09999999403953641
			vertex 8.032930374145508 0 8.881784197001252e-16
			vertex 8.032930374145508 4 0.09999999403953552
		endloop
	endfacet
	facet normal 1 0 0
		outer loop
			vertex 8.032930374145508 4 0.09999999403953552
			vertex 8.032930374145508 0 8.881784197001252e-16
			vertex 8.032930374145508 4 0
		endloop
	endfacet
	facet normal -1 0 0
		outer loop
			vertex 8.236557006835938 2 0.109999999403954
			vertex 8.236557006835938 2 0.21999999880790755
			vertex 8.236557006835938 4 0.10999999940395355
		endloop
	endfacet
	facet normal -1 0 0
		outer loop
			vertex 8.236557006835938 4 0.10999999940395355
			vertex 8.236557006835938 2 0.21999999880790755
			vertex 8.236557006835938 4 0.2199999988079071
		endloop
	endfacet
	facet normal 1 0 0
		outer loop
			vertex 10.036242485046387 4 0.09999999403953552
			vertex 10.036242485046387 0 0.09999999403953641
			vertex 10.036242485046387 4 0
		endloop
	endfacet
	facet normal 1 0 0
		outer loop
			vertex 10.036242485046387 4 0
			vertex 10.036242485046387 0 0.09999999403953641
			vertex 10.036242485046387 0 8.881784197001252e-16
		endloop
	endfacet
	facet normal 0 1 0
		outer loop
			vertex 8.236557006835938 4 0.10999999940395355
			vertex 8.236557006835938 4 0.2199999988079071
			vertex 8.336557388305664 4 0.2199999988079071
		endloop
	endfacet
	facet normal 0 1 0
		outer loop
			vertex 7.9329304695129395 4 0.2199999988079071
			vertex 8.032930374145508 4 0.2199999988079071
			vertex 7.9329304695129395 4 0.09999999403953552
		endloop
	endfacet
	facet normal 0 1 0
		outer loop
			vertex 7.9329304695129395 4 0.09999999403953552
			vertex 8.032930374145508 4 0.2199999988079071
			vertex 8.032930374145508 4 0.10999999940395355
		endloop
	endfacet
	facet normal 0 1 0
		outer loop
			vertex 10.036242485046387 4 0.09999999403953552
			vertex 10.036242485046387 4 0
			vertex 8.336557388305664 4 0.09999999403953552
		endloop
	endfacet
	facet normal 0 1 0
		outer loop
			vertex 8.336557388305664 4 0.09999999403953552
			vertex 10.036242485046387 4 0
			vertex 8.236557006835938 4 0
		endloop
	endfacet
	facet normal 0 1 0
		outer loop
			vertex 8.336557388305664 4 0.09999999403953552
			vertex 8.236557006835938 4 0
			vertex 8.236557006835938 4 0.09999999403953552
		endloop
	endfacet
	facet normal 0 1 0
		outer loop
			vertex 7.279976844787598 4 0
			vertex 7.279976844787598 4 0.09999999403953552
			vertex 8.032930374145508 4 0
		endloop
	endfacet
	facet normal 0 1 0
		outer loop
			vertex 8.032930374145508 4 0
			vertex 7.279976844787598 4 0.09999999403953552
			vertex 7.9329304695129395 4 0.09999999403953552
		endloop
	endfacet
	facet normal 0 1 0
		outer loop
			vertex 8.032930374145508 4 0
			vertex 7.9329304695129395 4 0.09999999403953552
			vertex 8.032930374145508 4 0.09999999403953552
		endloop
	endfacet
	facet normal 0 1 0
		outer loop
			vertex 8.032930374145508 4 0.09999999403953552
			vertex 7.9329304695129395 4 0.09999999403953552
			vertex 8.032930374145508 4 0.10999999940395355
		endloop
	endfacet
	facet normal 0 1 0
		outer loop
			vertex 8.032930374145508 4 0.09999999403953552
			vertex 8.032930374145508 4 0.10999999940395355
			vertex 8.236557006835938 4 0.09999999403953552
		endloop
	endfacet
	facet normal 0 1 0
		outer loop
			vertex 8.236557006835938 4 0.09999999403953552
			vertex 8.032930374145508 4 0.10999999940395355
			vertex 8.236557006835938 4 0.10999999940395355
		endloop
	endfacet
	facet normal 0 1 0
		outer loop
			vertex 8.236557006835938 4 0.09999999403953552
			vertex 8.236557006835938 4 0.10999999940395355
			vertex 8.336557388305664 4 0.09999999403953552
		endloop
	endfacet
	facet normal 0 1 0
		outer loop
			vertex 8.336557388305664 4 0.09999999403953552
			vertex 8.236557006835938 4 0.10999999940395355
			vertex 8.336557388305664 4 0.2199999988079071
		endloop
	endfacet
	facet normal 0 -1 0
		outer loop
			vertex 10.036242485046387 0 8.881784197001252e-16
			vertex 10.036242485046387 0 0.09999999403953641
			vertex 8.236557006835938 0 8.881784197001252e-16
		endloop
	endfacet
	facet normal 0 -1 0
		outer loop
			vertex 8.236557006835938 0 8.881784197001252e-16
			vertex 10.036242485046387 0 0.09999999403953641
			vertex 8.336557388305664 0 0.09999999403953641
		endloop
	endfacet
	facet normal 0 -1 0
		outer loop
			vertex 8.236557006835938 0 8.881784197001252e-16
			vertex 8.336557388305664 0 0.09999999403953641
			vertex 8.236557006835938 0 0.09999999403953641
		endloop
	endfacet
	facet normal 0 -1 0
		outer loop
			vertex 8.236557006835938 0 0.09999999403953641
			vertex 8.336557388305664 0 0.09999999403953641
			vertex 8.336557388305664 0 0.219999998807908
		endloop
	endfacet
	facet normal 0 -1 0
		outer loop
			vertex 8.236557006835938 0 0.09999999403953641
			vertex 8.336557388305664 0 0.219999998807908
			vertex 8.032930374145508 0 0.09999999403953641
		endloop
	endfacet
	facet normal 0 -1 0
		outer loop
			vertex 8.032930374145508 0 0.09999999403953641
			vertex 8.336557388305664 0 0.219999998807908
			vertex 7.9329304695129395 0 0.219999998807908
		endloop
	endfacet
	facet normal 0 -1 0
		outer loop
			vertex 8.032930374145508 0 0.09999999403953641
			vertex 7.9329304695129395 0 0.219999998807908
			vertex 8.032930374145508 0 8.881784197001252e-16
		endloop
	endfacet
	facet normal 0 -1 0
		outer loop
			vertex 8.032930374145508 0 8.881784197001252e-16
			vertex 7.9329304695129395 0 0.219999998807908
			vertex 7.9329304695129395 0 0.09999999403953641
		endloop
	endfacet
	facet normal 0 -1 0
		outer loop
			vertex 8.032930374145508 0 8.881784197001252e-16
			vertex 7.9329304695129395 0 0.09999999403953641
			vertex 7.279976844787598 0 8.881784197001252e-16
		endloop
	endfacet
	facet normal 0 -1 0
		outer loop
			vertex 7.279976844787598 0 8.881784197001252e-16
			vertex 7.9329304695129395 0 0.09999999403953641
			vertex 7.279976844787598 0 0.09999999403953641
		endloop
	endfacet
	facet normal 0 2.220446049250313e-16 1
		outer loop
			vertex 8.336557388305664 4 0.09999999403953552
			vertex 8.336557388305664 0 0.09999999403953641
			vertex 10.036242485046387 4 0.09999999403953552
		endloop
	endfacet
	facet normal 0 2.220446049250313e-16 1
		outer loop
			vertex 10.036242485046387 4 0.09999999403953552
			vertex 8.336557388305664 0 0.09999999403953641
			vertex 10.036242485046387 0 0.09999999403953641
		endloop
	endfacet
	facet normal 0 -2.220446049250313e-16 -1
		outer loop
			vertex 8.236557006835938 0 8.881784197001252e-16
			vertex 8.236557006835938 4 0
			vertex 10.036242485046387 0 8.881784197001252e-16
		endloop
	endfacet
	facet normal 0 -2.220446049250313e-16 -1
		outer loop
			vertex 10.036242485046387 0 8.881784197001252e-16
			vertex 8.236557006835938 4 0
			vertex 10.036242485046387 4 0
		endloop
	endfacet
	facet normal 1 0 0
		outer loop
			vertex 8.336557388305664 4 0.2199999988079071
			vertex 8.336557388305664 0 0.219999998807908
			vertex 8.336557388305664 4 0.09999999403953552
		endloop
	endfacet
	facet normal 1 0 0
		outer loop
			vertex 8.336557388305664 4 0.09999999403953552
			vertex 8.336557388305664 0 0.219999998807908
			vertex 8.336557388305664 0 0.09999999403953641
		endloop
	endfacet
	facet normal 0 2.220446049250313e-16 1
		outer loop
			vertex 8.336557388305664 4 0.2199999988079071
			vertex 8.236557006835938 4 0.2199999988079071
			vertex 8.236557006835938 2 0.21999999880790755
		endloop
	endfacet
	facet normal 0 2.220446049250313e-16 1
		outer loop
			vertex 8.032930374145508 4 0.2199999988079071
			vertex 7.9329304695129395 4 0.2199999988079071
			vertex 8.032930374145508 2 0.21999999880790755
		endloop
	endfacet
	facet normal 0 2.220446049250313e-16 1
		outer loop
			vertex 8.032930374145508 2 0.21999999880790755
			vertex 7.9329304695129395 4 0.2199999988079071
			vertex 7.9329304695129395 0 0.219999998807908
		endloop
	endfacet
	facet normal 0 2.220446049250313e-16 1
		outer loop
			vertex 8.032930374145508 2 0.21999999880790755
			vertex 7.9329304695129395 0 0.219999998807908
			vertex 8.236557006835938 2 0.21999999880790755
		endloop
	endfacet
	facet normal 0 2.220446049250313e-16 1
		outer loop
			vertex 8.236557006835938 2 0.21999999880790755
			vertex 7.9329304695129395 0 0.219999998807908
			vertex 8.336557388305664 0 0.219999998807908
		endloop
	endfacet
	facet normal 0 2.220446049250313e-16 1
		outer loop
			vertex 8.236557006835938 2 0.21999999880790755
			vertex 8.336557388305664 0 0.219999998807908
			vertex 8.336557388305664 4 0.2199999988079071
		endloop
	endfacet
	facet normal 0 1 0
		outer loop
			vertex 8.032930374145508 2 0.21999999880790755
			vertex 8.236557006835938 2 0.21999999880790755
			vertex 8.032930374145508 2 0.109999999403954
		endloop
	endfacet
	facet normal 0 1 0
		outer loop
			vertex 8.032930374145508 2 0.109999999403954
			vertex 8.236557006835938 2 0.21999999880790755
			vertex 8.236557006835938 2 0.109999999403954
		endloop
	endfacet
	facet normal 0 -2.220446049250313e-16 -1
		outer loop
			vertex 8.032930374145508 0 0.09999999403953641
			vertex 8.032930374145508 4 0.09999999403953552
			vertex 8.236557006835938 0 0.09999999403953641
		endloop
	endfacet
	facet normal 0 -2.220446049250313e-16 -1
		outer loop
			vertex 8.236557006835938 0 0.09999999403953641
			vertex 8.032930374145508 4 0.09999999403953552
			vertex 8.236557006835938 4 0.09999999403953552
		endloop
	endfacet
	facet normal -1 0 0
		outer loop
			vertex 7.279976844787598 0 0.09999999403953641
			vertex 7.279976844787598 4 0.09999999403953552
			vertex 7.279976844787598 0 8.881784197001252e-16
		endloop
	endfacet
	facet normal -1 0 0
		outer loop
			vertex 7.279976844787598 0 8.881784197001252e-16
			vertex 7.279976844787598 4 0.09999999403953552
			vertex 7.279976844787598 4 0
		endloop
	endfacet
	facet normal 0 2.220446049250313e-16 1
		outer loop
			vertex 7.279976844787598 4 0.09999999403953552
			vertex 7.279976844787598 0 0.09999999403953641
			vertex 7.9329304695129395 4 0.09999999403953552
		endloop
	endfacet
	facet normal 0 2.220446049250313e-16 1
		outer loop
			vertex 7.9329304695129395 4 0.09999999403953552
			vertex 7.279976844787598 0 0.09999999403953641
			vertex 7.9329304695129395 0 0.09999999403953641
		endloop
	endfacet
	facet normal 0 -2.220446049250313e-16 -1
		outer loop
			vertex 8.032930374145508 0 8.881784197001252e-16
			vertex 7.279976844787598 0 8.881784197001252e-16
			vertex 8.032930374145508 4 0
		endloop
	endfacet
	facet normal 0 -2.220446049250313e-16 -1
		outer loop
			vertex 8.032930374145508 4 0
			vertex 7.279976844787598 0 8.881784197001252e-16
			vertex 7.279976844787598 4 0
		endloop
	endfacet
	facet normal -1 0 0
		outer loop
			vertex 7.9329304695129395 0 0.09999999403953641
			vertex 7.9329304695129395 0 0.219999998807908
			vertex 7.9329304695129395 4 0.09999999403953552
		endloop
	endfacet
	facet normal -1 0 0
		outer loop
			vertex 7.9329304695129395 4 0.09999999403953552
			vertex 7.9329304695129395 0 0.219999998807908
			vertex 7.9329304695129395 4 0.2199999988079071
		endloop
	endfacet
	facet normal 1 0 0
		outer loop
			vertex 8.032930374145508 4 0.2199999988079071
			vertex 8.032930374145508 2 0.21999999880790755
			vertex 8.032930374145508 4 0.10999999940395355
		endloop
	endfacet
	facet normal 1 0 0
		outer loop
			vertex 8.032930374145508 4 0.10999999940395355
			vertex 8.032930374145508 2 0.21999999880790755
			vertex 8.032930374145508 2 0.109999999403954
		endloop
	endfacet
	facet normal 0 2.220446049250313e-16 1
		outer loop
			vertex 8.032930374145508 4 0.10999999940395355
			vertex 8.032930374145508 2 0.109999999403954
			vertex 8.236557006835938 4 0.10999999940395355
		endloop
	endfacet
	facet normal 0 2.220446049250313e-16 1
		outer loop
			vertex 8.236557006835938 4 0.10999999940395355
			vertex 8.032930374145508 2 0.109999999403954
			vertex 8.236557006835938 2 0.109999999403954
		endloop
	endfacet
	facet normal 0.11196108821098112 0.9937125916111827 0
		outer loop
			vertex 11.366242408752441 1.9786491394042969 4.488300532558449e-16
			vertex 11.394868850708008 1.975423812866211 0.6000000238418584
			vertex 11.394868850708008 1.975423812866211 4.495462196127484e-16
		endloop
	endfacet
	facet normal 0.3302752215998393 0.9438846740980473 0
		outer loop
			vertex 11.394868850708008 1.975423812866211 4.495462196127484e-16
			vertex 11.394868850708008 1.975423812866211 0.6000000238418584
			vertex 11.4220609664917 1.9659090042114258 0.6000000238418584
		endloop
	endfacet
	facet normal 0.3302752215998393 0.9438846740980473 0
		outer loop
			vertex 11.394868850708008 1.975423812866211 4.495462196127484e-16
			vertex 11.4220609664917 1.9659090042114258 0.6000000238418584
			vertex 11.4220609664917 1.9659090042114258 4.516589315414375e-16
		endloop
	endfacet
	facet normal 0.5320267933135652 0.8467275188609881 0
		outer loop
			vertex 11.4220609664917 1.9659090042114258 4.516589315414375e-16
			vertex 11.4220609664917 1.9659090042114258 0.6000000238418584
			vertex 11.446454048156738 1.9505820274353027 0.6000000238418584
		endloop
	endfacet
	facet normal 0.5320267933135652 0.8467275188609881 0
		outer loop
			vertex 11.4220609664917 1.9659090042114258 4.516589315414375e-16
			vertex 11.446454048156738 1.9505820274353027 0.6000000238418584
			vertex 11.446454048156738 1.9505820274353027 4.550622040443869e-16
		endloop
	endfacet
	facet normal 0.7071067811865476 0.7071067811865476 0
		outer loop
			vertex 11.446454048156738 1.9505820274353027 4.550622040443869e-16
			vertex 11.446454048156738 1.9505820274353027 0.6000000238418584
			vertex 11.466824531555176 1.9302115440368652 0.6000000238418584
		endloop
	endfacet
	facet normal 0.7071067811865476 0.7071067811865476 0
		outer loop
			vertex 11.446454048156738 1.9505820274353027 4.550622040443869e-16
			vertex 11.466824531555176 1.9302115440368652 0.6000000238418584
			vertex 11.466824531555176 1.9302115440368652 4.595853599827248e-16
		endloop
	endfacet
	facet normal 0.8467177198951977 0.5320423881754891 0
		outer loop
			vertex 11.466824531555176 1.9302115440368652 4.595853599827248e-16
			vertex 11.466824531555176 1.9302115440368652 0.6000000238418584
			vertex 11.482151985168457 1.9058187007904053 0.6000000238418584
		endloop
	endfacet
	facet normal 0.8467177198951977 0.5320423881754891 0
		outer loop
			vertex 11.466824531555176 1.9302115440368652 4.595853599827248e-16
			vertex 11.482151985168457 1.9058187007904053 0.6000000238418584
			vertex 11.482151985168457 1.9058187007904053 4.650016592243832e-16
		endloop
	endfacet
	facet normal 0.9438931883004343 0.33025088808365216 0
		outer loop
			vertex 11.482151985168457 1.9058187007904053 4.650016592243832e-16
			vertex 11.482151985168457 1.9058187007904053 0.6000000238418584
			vertex 11.491665840148926 1.878627061843872 0.6000000238418584
		endloop
	endfacet
	facet normal 0.9438931883004343 0.33025088808365216 0
		outer loop
			vertex 11.482151985168457 1.9058187007904053 4.650016592243832e-16
			vertex 11.491665840148926 1.878627061843872 0.6000000238418584
			vertex 11.491665840148926 1.878627061843872 4.710394159515303e-16
		endloop
	endfacet
	facet normal 0.9937129028350681 0.11195832590344713 0
		outer loop
			vertex 11.491665840148926 1.878627061843872 4.710394159515303e-16
			vertex 11.491665840148926 1.878627061843872 0.6000000238418584
			vertex 11.494891166687012 1.8499999046325684 0.6000000238418584
		endloop
	endfacet
	facet normal 0.9937129028350681 0.11195832590344713 0
		outer loop
			vertex 11.491665840148926 1.878627061843872 4.710394159515303e-16
			vertex 11.494891166687012 1.8499999046325684 0.6000000238418584
			vertex 11.494891166687012 1.8499999046325684 4.77395921764641e-16
		endloop
	endfacet
	facet normal 0.9937129028350681 -0.11195832590344713 0
		outer loop
			vertex 11.494891166687012 1.8499999046325684 4.77395921764641e-16
			vertex 11.494891166687012 1.8499999046325684 0.6000000238418584
			vertex 11.491665840148926 1.8213727474212646 0.6000000238418584
		endloop
	endfacet
	facet normal 0.9937129028350681 -0.11195832590344713 0
		outer loop
			vertex 11.494891166687012 1.8499999046325684 4.77395921764641e-16
			vertex 11.491665840148926 1.8213727474212646 0.6000000238418584
			vertex 11.491665840148926 1.8213727474212646 4.837524275777517e-16
		endloop
	endfacet
	facet normal 0.9438931883004343 -0.33025088808365216 0
		outer loop
			vertex 11.491665840148926 1.8213727474212646 4.837524275777517e-16
			vertex 11.491665840148926 1.8213727474212646 0.6000000238418584
			vertex 11.482151985168457 1.7941811084747314 0.6000000238418584
		endloop
	endfacet
	facet normal 0.9438931883004343 -0.33025088808365216 0
		outer loop
			vertex 11.491665840148926 1.8213727474212646 4.837524275777517e-16
			vertex 11.482151985168457 1.7941811084747314 0.6000000238418584
			vertex 11.482151985168457 1.7941811084747314 4.897901843048987e-16
		endloop
	endfacet
	facet normal 0.8467177198951977 -0.5320423881754891 0
		outer loop
			vertex 11.482151985168457 1.7941811084747314 4.897901843048987e-16
			vertex 11.482151985168457 1.7941811084747314 0.6000000238418584
			vertex 11.466824531555176 1.7697882652282715 0.6000000238418584
		endloop
	endfacet
	facet normal 0.8467177198951977 -0.5320423881754891 0
		outer loop
			vertex 11.482151985168457 1.7941811084747314 4.897901843048987e-16
			vertex 11.466824531555176 1.7697882652282715 0.6000000238418584
			vertex 11.466824531555176 1.7697882652282715 4.952064835465572e-16
		endloop
	endfacet
	facet normal 0.7071067811865476 -0.7071067811865476 0
		outer loop
			vertex 11.466824531555176 1.7697882652282715 4.952064835465572e-16
			vertex 11.466824531555176 1.7697882652282715 0.6000000238418584
			vertex 11.446454048156738 1.749417781829834 0.6000000238418585
		endloop
	endfacet
	facet normal 0.7071067811865476 -0.7071067811865476 0
		outer loop
			vertex 11.466824531555176 1.7697882652282715 4.952064835465572e-16
			vertex 11.446454048156738 1.749417781829834 0.6000000238418585
			vertex 11.446454048156738 1.749417781829834 4.997296394848951e-16
		endloop
	endfacet
	facet normal 0.5320267933135652 -0.8467275188609881 0
		outer loop
			vertex 11.446454048156738 1.749417781829834 4.997296394848951e-16
			vertex 11.446454048156738 1.749417781829834 0.6000000238418585
			vertex 11.4220609664917 1.734090805053711 0.6000000238418585
		endloop
	endfacet
	facet normal 0.5320267933135652 -0.8467275188609881 0
		outer loop
			vertex 11.446454048156738 1.749417781829834 4.997296394848951e-16
			vertex 11.4220609664917 1.734090805053711 0.6000000238418585
			vertex 11.4220609664917 1.734090805053711 5.031329119878445e-16
		endloop
	endfacet
	facet normal 0.3302752215998393 -0.9438846740980473 0
		outer loop
			vertex 11.4220609664917 1.734090805053711 5.031329119878445e-16
			vertex 11.4220609664917 1.734090805053711 0.6000000238418585
			vertex 11.394868850708008 1.7245759963989258 0.6000000238418585
		endloop
	endfacet
	facet normal 0.3302752215998393 -0.9438846740980473 0
		outer loop
			vertex 11.4220609664917 1.734090805053711 5.031329119878445e-16
			vertex 11.394868850708008 1.7245759963989258 0.6000000238418585
			vertex 11.394868850708008 1.7245759963989258 5.052456239165335e-16
		endloop
	endfacet
	facet normal 0.11196926070287645 -0.9937116707866782 0
		outer loop
			vertex 11.394868850708008 1.7245759963989258 5.052456239165335e-16
			vertex 11.394868850708008 1.7245759963989258 0.6000000238418585
			vertex 11.366242408752441 1.7213504314422607 0.6000000238418585
		endloop
	endfacet
	facet normal 0.11196926070287645 -0.9937116707866782 0
		outer loop
			vertex 11.394868850708008 1.7245759963989258 5.052456239165335e-16
			vertex 11.366242408752441 1.7213504314422607 0.6000000238418585
			vertex 11.366242408752441 1.7213504314422607 5.059618432129963e-16
		endloop
	endfacet
	facet normal -0.11196557739424719 -0.9937120858069368 0
		outer loop
			vertex 11.366242408752441 1.7213504314422607 5.059618432129963e-16
			vertex 11.366242408752441 1.7213504314422607 0.6000000238418585
			vertex 11.337615013122559 1.7245759963989258 0.6000000238418585
		endloop
	endfacet
	facet normal -0.11196557739424719 -0.9937120858069368 0
		outer loop
			vertex 11.366242408752441 1.7213504314422607 5.059618432129963e-16
			vertex 11.337615013122559 1.7245759963989258 0.6000000238418585
			vertex 11.337615013122559 1.7245759963989258 5.052456239165335e-16
		endloop
	endfacet
	facet normal -0.33028554169464414 -0.9438810629244956 0
		outer loop
			vertex 11.337615013122559 1.7245759963989258 5.052456239165335e-16
			vertex 11.337615013122559 1.7245759963989258 0.6000000238418585
			vertex 11.310423851013184 1.734090805053711 0.6000000238418585
		endloop
	endfacet
	facet normal -0.33028554169464414 -0.9438810629244956 0
		outer loop
			vertex 11.337615013122559 1.7245759963989258 5.052456239165335e-16
			vertex 11.310423851013184 1.734090805053711 0.6000000238418585
			vertex 11.310423851013184 1.734090805053711 5.031329119878445e-16
		endloop
	endfacet
	facet normal -0.5320267933135652 -0.8467275188609881 0
		outer loop
			vertex 11.310423851013184 1.734090805053711 5.031329119878445e-16
			vertex 11.310423851013184 1.734090805053711 0.6000000238418585
			vertex 11.286030769348145 1.749417781829834 0.6000000238418585
		endloop
	endfacet
	facet normal -0.5320267933135652 -0.8467275188609881 0
		outer loop
			vertex 11.310423851013184 1.734090805053711 5.031329119878445e-16
			vertex 11.286030769348145 1.749417781829834 0.6000000238418585
			vertex 11.286030769348145 1.749417781829834 4.997296394848951e-16
		endloop
	endfacet
	facet normal -0.7071067811865476 -0.7071067811865476 0
		outer loop
			vertex 11.286030769348145 1.749417781829834 4.997296394848951e-16
			vertex 11.286030769348145 1.749417781829834 0.6000000238418585
			vertex 11.265660285949707 1.7697882652282715 0.6000000238418584
		endloop
	endfacet
	facet normal -0.7071067811865476 -0.7071067811865476 0
		outer loop
			vertex 11.286030769348145 1.749417781829834 4.997296394848951e-16
			vertex 11.265660285949707 1.7697882652282715 0.6000000238418584
			vertex 11.265660285949707 1.7697882652282715 4.952064835465572e-16
		endloop
	endfacet
	facet normal -0.8467326326938989 -0.5320186544955536 0
		outer loop
			vertex 11.265660285949707 1.7697882652282715 4.952064835465572e-16
			vertex 11.265660285949707 1.7697882652282715 0.6000000238418584
			vertex 11.250333786010742 1.7941811084747314 0.6000000238418584
		endloop
	endfacet
	facet normal -0.8467326326938989 -0.5320186544955536 0
		outer loop
			vertex 11.265660285949707 1.7697882652282715 4.952064835465572e-16
			vertex 11.250333786010742 1.7941811084747314 0.6000000238418584
			vertex 11.250333786010742 1.7941811084747314 4.897901843048987e-16
		endloop
	endfacet
	facet normal -0.9438725481108566 -0.33030987409206936 0
		outer loop
			vertex 11.250333786010742 1.7941811084747314 4.897901843048987e-16
			vertex 11.250333786010742 1.7941811084747314 0.6000000238418584
			vertex 11.24081802368164 1.8213727474212646 0.6000000238418584
		endloop
	endfacet
	facet normal -0.9438725481108566 -0.33030987409206936 0
		outer loop
			vertex 11.250333786010742 1.7941811084747314 4.897901843048987e-16
			vertex 11.24081802368164 1.8213727474212646 0.6000000238418584
			vertex 11.24081802368164 1.8213727474212646 4.837524275777517e-16
		endloop
	endfacet
	facet normal -0.9937129028350681 -0.11195832590344713 0
		outer loop
			vertex 11.24081802368164 1.8213727474212646 4.837524275777517e-16
			vertex 11.24081802368164 1.8213727474212646 0.6000000238418584
			vertex 11.237592697143555 1.8499999046325684 0.6000000238418584
		endloop
	endfacet
	facet normal -0.9937129028350681 -0.11195832590344713 0
		outer loop
			vertex 11.24081802368164 1.8213727474212646 4.837524275777517e-16
			vertex 11.237592697143555 1.8499999046325684 0.6000000238418584
			vertex 11.237592697143555 1.8499999046325684 4.77395921764641e-16
		endloop
	endfacet
	facet normal -0.9937129028350681 0.11195832590344713 0
		outer loop
			vertex 11.237592697143555 1.8499999046325684 4.77395921764641e-16
			vertex 11.237592697143555 1.8499999046325684 0.6000000238418584
			vertex 11.24081802368164 1.878627061843872 0.6000000238418584
		endloop
	endfacet
	facet normal -0.9937129028350681 0.11195832590344713 0
		outer loop
			vertex 11.237592697143555 1.8499999046325684 4.77395921764641e-16
			vertex 11.24081802368164 1.878627061843872 0.6000000238418584
			vertex 11.24081802368164 1.878627061843872 4.710394159515303e-16
		endloop
	endfacet
	facet normal -0.9438725481108566 0.33030987409206936 0
		outer loop
			vertex 11.24081802368164 1.878627061843872 4.710394159515303e-16
			vertex 11.24081802368164 1.878627061843872 0.6000000238418584
			vertex 11.250333786010742 1.9058187007904053 0.6000000238418584
		endloop
	endfacet
	facet normal -0.9438725481108566 0.33030987409206936 0
		outer loop
			vertex 11.24081802368164 1.878627061843872 4.710394159515303e-16
			vertex 11.250333786010742 1.9058187007904053 0.6000000238418584
			vertex 11.250333786010742 1.9058187007904053 4.650016592243832e-16
		endloop
	endfacet
	facet normal -0.8467326326938989 0.5320186544955536 0
		outer loop
			vertex 11.250333786010742 1.9058187007904053 4.650016592243832e-16
			vertex 11.250333786010742 1.9058187007904053 0.6000000238418584
			vertex 11.265660285949707 1.9302115440368652 0.6000000238418584
		endloop
	endfacet
	facet normal -0.8467326326938989 0.5320186544955536 0
		outer loop
			vertex 11.250333786010742 1.9058187007904053 4.650016592243832e-16
			vertex 11.265660285949707 1.9302115440368652 0.6000000238418584
			vertex 11.265660285949707 1.9302115440368652 4.595853599827248e-16
		endloop
	endfacet
	facet normal -0.7071067811865476 0.7071067811865476 0
		outer loop
			vertex 11.265660285949707 1.9302115440368652 4.595853599827248e-16
			vertex 11.265660285949707 1.9302115440368652 0.6000000238418584
			vertex 11.286030769348145 1.9505820274353027 0.6000000238418584
		endloop
	endfacet
	facet normal -0.7071067811865476 0.7071067811865476 0
		outer loop
			vertex 11.265660285949707 1.9302115440368652 4.595853599827248e-16
			vertex 11.286030769348145 1.9505820274353027 0.6000000238418584
			vertex 11.286030769348145 1.9505820274353027 4.550622040443869e-16
		endloop
	endfacet
	facet normal -0.5320267933135652 0.8467275188609881 0
		outer loop
			vertex 11.286030769348145 1.9505820274353027 4.550622040443869e-16
			vertex 11.286030769348145 1.9505820274353027 0.6000000238418584
			vertex 11.310423851013184 1.9659090042114258 0.6000000238418584
		endloop
	endfacet
	facet normal -0.5320267933135652 0.8467275188609881 0
		outer loop
			vertex 11.286030769348145 1.9505820274353027 4.550622040443869e-16
			vertex 11.310423851013184 1.9659090042114258 0.6000000238418584
			vertex 11.310423851013184 1.9659090042114258 4.516589315414375e-16
		endloop
	endfacet
	facet normal -0.33028554169464414 0.9438810629244956 0
		outer loop
			vertex 11.310423851013184 1.9659090042114258 4.516589315414375e-16
			vertex 11.310423851013184 1.9659090042114258 0.6000000238418584
			vertex 11.337615013122559 1.975423812866211 0.6000000238418584
		endloop
	endfacet
	facet normal -0.33028554169464414 0.9438810629244956 0
		outer loop
			vertex 11.310423851013184 1.9659090042114258 4.516589315414375e-16
			vertex 11.337615013122559 1.975423812866211 0.6000000238418584
			vertex 11.337615013122559 1.975423812866211 4.495462196127484e-16
		endloop
	endfacet
	facet normal -0.11195740516436635 0.9937130065712445 0
		outer loop
			vertex 11.337615013122559 1.975423812866211 4.495462196127484e-16
			vertex 11.337615013122559 1.975423812866211 0.6000000238418584
			vertex 11.366242408752441 1.9786491394042969 0.6000000238418584
		endloop
	endfacet
	facet normal -0.11195740516436635 0.9937130065712445 0
		outer loop
			vertex 11.337615013122559 1.975423812866211 4.495462196127484e-16
			vertex 11.366242408752441 1.9786491394042969 0.6000000238418584
			vertex 11.366242408752441 1.9786491394042969 4.488300532558449e-16
		endloop
	endfacet
	facet normal 0.11196108821098112 0.9937125916111827 0
		outer loop
			vertex 11.366242408752441 1.9786491394042969 4.488300532558449e-16
			vertex 11.366242408752441 1.9786491394042969 0.6000000238418584
			vertex 11.394868850708008 1.975423812866211 0.6000000238418584
		endloop
	endfacet
	facet normal 0 0 1
		outer loop
			vertex 11.366242408752441 1.9786491394042969 0.6000000238418584
			vertex 11.337615013122559 1.975423812866211 0.6000000238418584
			vertex 11.366242408752441 1.8499999046325684 0.6000000238418584
		endloop
	endfacet
	facet normal 0 0 1
		outer loop
			vertex 11.446454048156738 1.9505820274353027 0.6000000238418584
			vertex 11.4220609664917 1.9659090042114258 0.6000000238418584
			vertex 11.366242408752441 1.8499999046325684 0.6000000238418584
		endloop
	endfacet
	facet normal 0 0 1
		outer loop
			vertex 11.366242408752441 1.8499999046325684 0.6000000238418584
			vertex 11.4220609664917 1.9659090042114258 0.6000000238418584
			vertex 11.394868850708008 1.975423812866211 0.6000000238418584
		endloop
	endfacet
	facet normal 0 0 1
		outer loop
			vertex 11.366242408752441 1.8499999046325684 0.6000000238418584
			vertex 11.394868850708008 1.975423812866211 0.6000000238418584
			vertex 11.366242408752441 1.9786491394042969 0.6000000238418584
		endloop
	endfacet
	facet normal 0 0 1
		outer loop
			vertex 11.491665840148926 1.878627061843872 0.6000000238418584
			vertex 11.482151985168457 1.9058187007904053 0.6000000238418584
			vertex 11.366242408752441 1.8499999046325684 0.6000000238418584
		endloop
	endfacet
	facet normal 0 0 1
		outer loop
			vertex 11.366242408752441 1.8499999046325684 0.6000000238418584
			vertex 11.482151985168457 1.9058187007904053 0.6000000238418584
			vertex 11.466824531555176 1.9302115440368652 0.6000000238418584
		endloop
	endfacet
	facet normal 0 0 1
		outer loop
			vertex 11.366242408752441 1.8499999046325684 0.6000000238418584
			vertex 11.466824531555176 1.9302115440368652 0.6000000238418584
			vertex 11.446454048156738 1.9505820274353027 0.6000000238418584
		endloop
	endfacet
	facet normal 0 0 1
		outer loop
			vertex 11.482151985168457 1.7941811084747314 0.6000000238418584
			vertex 11.491665840148926 1.8213727474212646 0.6000000238418584
			vertex 11.366242408752441 1.8499999046325684 0.6000000238418584
		endloop
	endfacet
	facet normal 0 0 1
		outer loop
			vertex 11.366242408752441 1.8499999046325684 0.6000000238418584
			vertex 11.491665840148926 1.8213727474212646 0.6000000238418584
			vertex 11.494891166687012 1.8499999046325684 0.6000000238418584
		endloop
	endfacet
	facet normal 0 0 1
		outer loop
			vertex 11.366242408752441 1.8499999046325684 0.6000000238418584
			vertex 11.494891166687012 1.8499999046325684 0.6000000238418584
			vertex 11.491665840148926 1.878627061843872 0.6000000238418584
		endloop
	endfacet
	facet normal -4.620358117868982e-16 7.353359670152308e-16 1
		outer loop
			vertex 11.4220609664917 1.734090805053711 0.6000000238418585
			vertex 11.446454048156738 1.749417781829834 0.6000000238418585
			vertex 11.366242408752441 1.8499999046325684 0.6000000238418584
		endloop
	endfacet
	facet normal 2.4180364611559723e-15 3.0321190550862953e-15 1
		outer loop
			vertex 11.366242408752441 1.8499999046325684 0.6000000238418584
			vertex 11.446454048156738 1.749417781829834 0.6000000238418585
			vertex 11.466824531555176 1.7697882652282715 0.6000000238418584
		endloop
	endfacet
	facet normal 0 0 1
		outer loop
			vertex 11.366242408752441 1.8499999046325684 0.6000000238418584
			vertex 11.466824531555176 1.7697882652282715 0.6000000238418584
			vertex 11.482151985168457 1.7941811084747314 0.6000000238418584
		endloop
	endfacet
	facet normal 9.723579511281923e-17 8.629829544523934e-16 1
		outer loop
			vertex 11.337615013122559 1.7245759963989258 0.6000000238418585
			vertex 11.366242408752441 1.7213504314422607 0.6000000238418585
			vertex 11.366242408752441 1.8499999046325684 0.6000000238418584
		endloop
	endfacet
	facet normal -9.723903447035373e-17 8.629829544523935e-16 1
		outer loop
			vertex 11.366242408752441 1.8499999046325684 0.6000000238418584
			vertex 11.366242408752441 1.7213504314422607 0.6000000238418585
			vertex 11.394868850708008 1.7245759963989258 0.6000000238418585
		endloop
	endfacet
	facet normal -2.868259297523806e-16 8.197121113590888e-16 1
		outer loop
			vertex 11.366242408752441 1.8499999046325684 0.6000000238418584
			vertex 11.394868850708008 1.7245759963989258 0.6000000238418585
			vertex 11.4220609664917 1.734090805053711 0.6000000238418585
		endloop
	endfacet
	facet normal -2.4180364611559723e-15 3.0321190550862953e-15 1
		outer loop
			vertex 11.265660285949707 1.7697882652282715 0.6000000238418584
			vertex 11.286030769348145 1.749417781829834 0.6000000238418585
			vertex 11.366242408752441 1.8499999046325684 0.6000000238418584
		endloop
	endfacet
	facet normal 4.620358117868982e-16 7.353359670152308e-16 1
		outer loop
			vertex 11.366242408752441 1.8499999046325684 0.6000000238418584
			vertex 11.286030769348145 1.749417781829834 0.6000000238418585
			vertex 11.310423851013184 1.734090805053711 0.6000000238418585
		endloop
	endfacet
	facet normal 2.868345388411381e-16 8.197079654644211e-16 1
		outer loop
			vertex 11.366242408752441 1.8499999046325684 0.6000000238418584
			vertex 11.310423851013184 1.734090805053711 0.6000000238418585
			vertex 11.337615013122559 1.7245759963989258 0.6000000238418585
		endloop
	endfacet
	facet normal 0 0 1
		outer loop
			vertex 11.237592697143555 1.8499999046325684 0.6000000238418584
			vertex 11.24081802368164 1.8213727474212646 0.6000000238418584
			vertex 11.366242408752441 1.8499999046325684 0.6000000238418584
		endloop
	endfacet
	facet normal 0 0 1
		outer loop
			vertex 11.366242408752441 1.8499999046325684 0.6000000238418584
			vertex 11.24081802368164 1.8213727474212646 0.6000000238418584
			vertex 11.250333786010742 1.7941811084747314 0.6000000238418584
		endloop
	endfacet
	facet normal 0 0 1
		outer loop
			vertex 11.366242408752441 1.8499999046325684 0.6000000238418584
			vertex 11.250333786010742 1.7941811084747314 0.6000000238418584
			vertex 11.265660285949707 1.7697882652282715 0.6000000238418584
		endloop
	endfacet
	facet normal 0 0 1
		outer loop
			vertex 11.265660285949707 1.9302115440368652 0.6000000238418584
			vertex 11.250333786010742 1.9058187007904053 0.6000000238418584
			vertex 11.366242408752441 1.8499999046325684 0.6000000238418584
		endloop
	endfacet
	facet normal 0 0 1
		outer loop
			vertex 11.366242408752441 1.8499999046325684 0.6000000238418584
			vertex 11.250333786010742 1.9058187007904053 0.6000000238418584
			vertex 11.24081802368164 1.878627061843872 0.6000000238418584
		endloop
	endfacet
	facet normal 0 0 1
		outer loop
			vertex 11.366242408752441 1.8499999046325684 0.6000000238418584
			vertex 11.24081802368164 1.878627061843872 0.6000000238418584
			vertex 11.237592697143555 1.8499999046325684 0.6000000238418584
		endloop
	endfacet
	facet normal 0 0 1
		outer loop
			vertex 11.337615013122559 1.975423812866211 0.6000000238418584
			vertex 11.310423851013184 1.9659090042114258 0.6000000238418584
			vertex 11.366242408752441 1.8499999046325684 0.6000000238418584
		endloop
	endfacet
	facet normal 0 0 1
		outer loop
			vertex 11.366242408752441 1.8499999046325684 0.6000000238418584
			vertex 11.310423851013184 1.9659090042114258 0.6000000238418584
			vertex 11.286030769348145 1.9505820274353027 0.6000000238418584
		endloop
	endfacet
	facet normal 0 0 1
		outer loop
			vertex 11.366242408752441 1.8499999046325684 0.6000000238418584
			vertex 11.286030769348145 1.9505820274353027 0.6000000238418584
			vertex 11.265660285949707 1.9302115440368652 0.6000000238418584
		endloop
	endfacet
	facet normal 0 -2.220446049250313e-16 -1
		outer loop
			vertex 11.366242408752441 1.9786491394042969 4.488300532558449e-16
			vertex 11.394868850708008 1.975423812866211 4.495462196127484e-16
			vertex 11.366242408752441 1.8499999046325684 4.77395921764641e-16
		endloop
	endfacet
	facet normal 0 -2.220446049250313e-16 -1
		outer loop
			vertex 11.286030769348145 1.9505820274353027 4.550622040443869e-16
			vertex 11.310423851013184 1.9659090042114258 4.516589315414375e-16
			vertex 11.366242408752441 1.8499999046325684 4.77395921764641e-16
		endloop
	endfacet
	facet normal 0 -2.220446049250313e-16 -1
		outer loop
			vertex 11.366242408752441 1.8499999046325684 4.77395921764641e-16
			vertex 11.310423851013184 1.9659090042114258 4.516589315414375e-16
			vertex 11.337615013122559 1.975423812866211 4.495462196127484e-16
		endloop
	endfacet
	facet normal 0 -2.220446049250313e-16 -1
		outer loop
			vertex 11.366242408752441 1.8499999046325684 4.77395921764641e-16
			vertex 11.337615013122559 1.975423812866211 4.495462196127484e-16
			vertex 11.366242408752441 1.9786491394042969 4.488300532558449e-16
		endloop
	endfacet
	facet normal 0 -2.220446049250313e-16 -1
		outer loop
			vertex 11.24081802368164 1.878627061843872 4.710394159515303e-16
			vertex 11.250333786010742 1.9058187007904053 4.650016592243832e-16
			vertex 11.366242408752441 1.8499999046325684 4.77395921764641e-16
		endloop
	endfacet
	facet normal 0 -2.220446049250313e-16 -1
		outer loop
			vertex 11.366242408752441 1.8499999046325684 4.77395921764641e-16
			vertex 11.250333786010742 1.9058187007904053 4.650016592243832e-16
			vertex 11.265660285949707 1.9302115440368652 4.595853599827248e-16
		endloop
	endfacet
	facet normal 0 -2.220446049250313e-16 -1
		outer loop
			vertex 11.366242408752441 1.8499999046325684 4.77395921764641e-16
			vertex 11.265660285949707 1.9302115440368652 4.595853599827248e-16
			vertex 11.286030769348145 1.9505820274353027 4.550622040443869e-16
		endloop
	endfacet
	facet normal 0 -2.220446049250313e-16 -1
		outer loop
			vertex 11.250333786010742 1.7941811084747314 4.897901843048987e-16
			vertex 11.24081802368164 1.8213727474212646 4.837524275777517e-16
			vertex 11.366242408752441 1.8499999046325684 4.77395921764641e-16
		endloop
	endfacet
	facet normal 0 -2.220446049250313e-16 -1
		outer loop
			vertex 11.366242408752441 1.8499999046325684 4.77395921764641e-16
			vertex 11.24081802368164 1.8213727474212646 4.837524275777517e-16
			vertex 11.237592697143555 1.8499999046325684 4.77395921764641e-16
		endloop
	endfacet
	facet normal 0 -2.220446049250313e-16 -1
		outer loop
			vertex 11.366242408752441 1.8499999046325684 4.77395921764641e-16
			vertex 11.237592697143555 1.8499999046325684 4.77395921764641e-16
			vertex 11.24081802368164 1.878627061843872 4.710394159515303e-16
		endloop
	endfacet
	facet normal 0 -2.220446049250313e-16 -1
		outer loop
			vertex 11.310423851013184 1.734090805053711 5.031329119878445e-16
			vertex 11.286030769348145 1.749417781829834 4.997296394848951e-16
			vertex 11.366242408752441 1.8499999046325684 4.77395921764641e-16
		endloop
	endfacet
	facet normal 0 -2.220446049250313e-16 -1
		outer loop
			vertex 11.366242408752441 1.8499999046325684 4.77395921764641e-16
			vertex 11.286030769348145 1.749417781829834 4.997296394848951e-16
			vertex 11.265660285949707 1.7697882652282715 4.952064835465572e-16
		endloop
	endfacet
	facet normal 0 -2.220446049250313e-16 -1
		outer loop
			vertex 11.366242408752441 1.8499999046325684 4.77395921764641e-16
			vertex 11.265660285949707 1.7697882652282715 4.952064835465572e-16
			vertex 11.250333786010742 1.7941811084747314 4.897901843048987e-16
		endloop
	endfacet
	facet normal 0 -2.220446049250313e-16 -1
		outer loop
			vertex 11.394868850708008 1.7245759963989258 5.052456239165335e-16
			vertex 11.366242408752441 1.7213504314422607 5.059618432129963e-16
			vertex 11.366242408752441 1.8499999046325684 4.77395921764641e-16
		endloop
	endfacet
	facet normal 0 -2.220446049250313e-16 -1
		outer loop
			vertex 11.366242408752441 1.8499999046325684 4.77395921764641e-16
			vertex 11.366242408752441 1.7213504314422607 5.059618432129963e-16
			vertex 11.337615013122559 1.7245759963989258 5.052456239165335e-16
		endloop
	endfacet
	facet normal 0 -2.220446049250313e-16 -1
		outer loop
			vertex 11.366242408752441 1.8499999046325684 4.77395921764641e-16
			vertex 11.337615013122559 1.7245759963989258 5.052456239165335e-16
			vertex 11.310423851013184 1.734090805053711 5.031329119878445e-16
		endloop
	endfacet
	facet normal 0 -2.220446049250313e-16 -1
		outer loop
			vertex 11.466824531555176 1.7697882652282715 4.952064835465572e-16
			vertex 11.446454048156738 1.749417781829834 4.997296394848951e-16
			vertex 11.366242408752441 1.8499999046325684 4.77395921764641e-16
		endloop
	endfacet
	facet normal 0 -2.220446049250313e-16 -1
		outer loop
			vertex 11.366242408752441 1.8499999046325684 4.77395921764641e-16
			vertex 11.446454048156738 1.749417781829834 4.997296394848951e-16
			vertex 11.4220609664917 1.734090805053711 5.031329119878445e-16
		endloop
	endfacet
	facet normal 0 -2.220446049250313e-16 -1
		outer loop
			vertex 11.366242408752441 1.8499999046325684 4.77395921764641e-16
			vertex 11.4220609664917 1.734090805053711 5.031329119878445e-16
			vertex 11.394868850708008 1.7245759963989258 5.052456239165335e-16
		endloop
	endfacet
	facet normal 0 -2.220446049250313e-16 -1
		outer loop
			vertex 11.494891166687012 1.8499999046325684 4.77395921764641e-16
			vertex 11.491665840148926 1.8213727474212646 4.837524275777517e-16
			vertex 11.366242408752441 1.8499999046325684 4.77395921764641e-16
		endloop
	endfacet
	facet normal 0 -2.220446049250313e-16 -1
		outer loop
			vertex 11.366242408752441 1.8499999046325684 4.77395921764641e-16
			vertex 11.491665840148926 1.8213727474212646 4.837524275777517e-16
			vertex 11.482151985168457 1.7941811084747314 4.897901843048987e-16
		endloop
	endfacet
	facet normal 0 -2.220446049250313e-16 -1
		outer loop
			vertex 11.366242408752441 1.8499999046325684 4.77395921764641e-16
			vertex 11.482151985168457 1.7941811084747314 4.897901843048987e-16
			vertex 11.466824531555176 1.7697882652282715 4.952064835465572e-16
		endloop
	endfacet
	facet normal 0 -2.220446049250313e-16 -1
		outer loop
			vertex 11.466824531555176 1.9302115440368652 4.595853599827248e-16
			vertex 11.482151985168457 1.9058187007904053 4.650016592243832e-16
			vertex 11.366242408752441 1.8499999046325684 4.77395921764641e-16
		endloop
	endfacet
	facet normal 0 -2.220446049250313e-16 -1
		outer loop
			vertex 11.366242408752441 1.8499999046325684 4.77395921764641e-16
			vertex 11.482151985168457 1.9058187007904053 4.650016592243832e-16
			vertex 11.491665840148926 1.878627061843872 4.710394159515303e-16
		endloop
	endfacet
	facet normal 0 -2.220446049250313e-16 -1
		outer loop
			vertex 11.366242408752441 1.8499999046325684 4.77395921764641e-16
			vertex 11.491665840148926 1.878627061843872 4.710394159515303e-16
			vertex 11.494891166687012 1.8499999046325684 4.77395921764641e-16
		endloop
	endfacet
	facet normal 0 -2.220446049250313e-16 -1
		outer loop
			vertex 11.394868850708008 1.975423812866211 4.495462196127484e-16
			vertex 11.4220609664917 1.9659090042114258 4.516589315414375e-16
			vertex 11.366242408752441 1.8499999046325684 4.77395921764641e-16
		endloop
	endfacet
	facet normal 0 -2.220446049250313e-16 -1
		outer loop
			vertex 11.366242408752441 1.8499999046325684 4.77395921764641e-16
			vertex 11.4220609664917 1.9659090042114258 4.516589315414375e-16
			vertex 11.446454048156738 1.9505820274353027 4.550622040443869e-16
		endloop
	endfacet
	facet normal 0 -2.220446049250313e-16 -1
		outer loop
			vertex 11.366242408752441 1.8499999046325684 4.77395921764641e-16
			vertex 11.446454048156738 1.9505820274353027 4.550622040443869e-16
			vertex 11.466824531555176 1.9302115440368652 4.595853599827248e-16
		endloop
	endfacet
	facet normal 0.11196359968271272 0.9937123086417363 0
		outer loop
			vertex 11.366242408752441 2.2798452377319336 3.8195108459772396e-16
			vertex 11.395135879516602 2.2765897512435913 0.6000000238418582
			vertex 11.395135879516602 2.2765897512435913 3.826739478088667e-16
		endloop
	endfacet
	facet normal 0.33028613920719213 0.9438808538409958 0
		outer loop
			vertex 11.395135879516602 2.2765897512435913 3.826739478088667e-16
			vertex 11.395135879516602 2.2765897512435913 0.6000000238418582
			vertex 11.422579765319824 2.2669864892959595 0.6000000238418582
		endloop
	endfacet
	facet normal 0.33028613920719213 0.9438808538409958 0
		outer loop
			vertex 11.395135879516602 2.2765897512435913 3.826739478088667e-16
			vertex 11.422579765319824 2.2669864892959595 0.6000000238418582
			vertex 11.422579765319824 2.2669864892959595 3.848063003140202e-16
		endloop
	endfacet
	facet normal 0.5320228371523724 0.8467300046345001 0
		outer loop
			vertex 11.422579765319824 2.2669864892959595 3.848063003140202e-16
			vertex 11.422579765319824 2.2669864892959595 0.6000000238418582
			vertex 11.447199821472168 2.2515170574188232 0.6000000238418582
		endloop
	endfacet
	facet normal 0.5320228371523724 0.8467300046345001 0
		outer loop
			vertex 11.422579765319824 2.2669864892959595 3.848063003140202e-16
			vertex 11.447199821472168 2.2515170574188232 0.6000000238418582
			vertex 11.447199821472168 2.2515170574188232 3.882412042035936e-16
		endloop
	endfacet
	facet normal 0.7071170310271855 0.7070965311973312 0
		outer loop
			vertex 11.447199821472168 2.2515170574188232 3.882412042035936e-16
			vertex 11.447199821472168 2.2515170574188232 0.6000000238418582
			vertex 11.467759132385254 2.2309571504592896 0.6000000238418584
		endloop
	endfacet
	facet normal 0.7071170310271855 0.7070965311973312 0
		outer loop
			vertex 11.447199821472168 2.2515170574188232 3.882412042035936e-16
			vertex 11.467759132385254 2.2309571504592896 0.6000000238418584
			vertex 11.467759132385254 2.2309571504592896 3.9280642062171865e-16
		endloop
	endfacet
	facet normal 0.8467075796638374 0.5320585254836224 0
		outer loop
			vertex 11.467759132385254 2.2309571504592896 3.9280642062171865e-16
			vertex 11.467759132385254 2.2309571504592896 0.6000000238418584
			vertex 11.483229637145996 2.2063376903533936 0.6000000238418584
		endloop
	endfacet
	facet normal 0.8467075796638374 0.5320585254836224 0
		outer loop
			vertex 11.467759132385254 2.2309571504592896 3.9280642062171865e-16
			vertex 11.483229637145996 2.2063376903533936 0.6000000238418584
			vertex 11.483229637145996 2.2063376903533936 3.982730389143999e-16
		endloop
	endfacet
	facet normal 0.9438907586474581 0.330257832215871 0
		outer loop
			vertex 11.483229637145996 2.2063376903533936 3.982730389143999e-16
			vertex 11.483229637145996 2.2063376903533936 0.6000000238418584
			vertex 11.49283218383789 2.178893208503723 0.6000000238418584
		endloop
	endfacet
	facet normal 0.9438907586474581 0.330257832215871 0
		outer loop
			vertex 11.483229637145996 2.2063376903533936 3.982730389143999e-16
			vertex 11.49283218383789 2.178893208503723 0.6000000238418584
			vertex 11.49283218383789 2.178893208503723 4.0436693804408216e-16
		endloop
	endfacet
	facet normal 0.9937108887097135 0.11197620130970477 0
		outer loop
			vertex 11.49283218383789 2.178893208503723 4.0436693804408216e-16
			vertex 11.49283218383789 2.178893208503723 0.6000000238418584
			vertex 11.496088027954102 2.1499998569488525 0.6000000238418584
		endloop
	endfacet
	facet normal 0.9937108887097135 0.11197620130970477 0
		outer loop
			vertex 11.49283218383789 2.178893208503723 4.0436693804408216e-16
			vertex 11.496088027954102 2.1499998569488525 0.6000000238418584
			vertex 11.496088027954102 2.1499998569488525 4.1078255087504344e-16
		endloop
	endfacet
	facet normal 0.9937108373022304 -0.11197665751441374 0
		outer loop
			vertex 11.496088027954102 2.1499998569488525 4.1078255087504344e-16
			vertex 11.496088027954102 2.1499998569488525 0.6000000238418584
			vertex 11.49283218383789 2.1211066246032715 0.6000000238418584
		endloop
	endfacet
	facet normal 0.9937108373022304 -0.11197665751441374 0
		outer loop
			vertex 11.496088027954102 2.1499998569488525 4.1078255087504344e-16
			vertex 11.49283218383789 2.1211066246032715 0.6000000238418584
			vertex 11.49283218383789 2.1211066246032715 4.171981372362251e-16
		endloop
	endfacet
	facet normal 0.9438907586474581 -0.330257832215871 0
		outer loop
			vertex 11.49283218383789 2.1211066246032715 4.171981372362251e-16
			vertex 11.49283218383789 2.1211066246032715 0.6000000238418584
			vertex 11.483229637145996 2.093662142753601 0.6000000238418584
		endloop
	endfacet
	facet normal 0.9438907586474581 -0.330257832215871 0
		outer loop
			vertex 11.49283218383789 2.1211066246032715 4.171981372362251e-16
			vertex 11.483229637145996 2.093662142753601 0.6000000238418584
			vertex 11.483229637145996 2.093662142753601 4.232920363659074e-16
		endloop
	endfacet
	facet normal 0.8467075796638374 -0.5320585254836224 0
		outer loop
			vertex 11.483229637145996 2.093662142753601 4.232920363659074e-16
			vertex 11.483229637145996 2.093662142753601 0.6000000238418584
			vertex 11.467759132385254 2.069042682647705 0.6000000238418584
		endloop
	endfacet
	facet normal 0.8467075796638374 -0.5320585254836224 0
		outer loop
			vertex 11.483229637145996 2.093662142753601 4.232920363659074e-16
			vertex 11.467759132385254 2.069042682647705 0.6000000238418584
			vertex 11.467759132385254 2.069042682647705 4.2875865465858863e-16
		endloop
	endfacet
	facet normal 0.7071170310271855 -0.7070965311973312 0
		outer loop
			vertex 11.467759132385254 2.069042682647705 4.2875865465858863e-16
			vertex 11.467759132385254 2.069042682647705 0.6000000238418584
			vertex 11.447199821472168 2.0484827756881714 0.6000000238418584
		endloop
	endfacet
	facet normal 0.7071170310271855 -0.7070965311973312 0
		outer loop
			vertex 11.467759132385254 2.069042682647705 4.2875865465858863e-16
			vertex 11.447199821472168 2.0484827756881714 0.6000000238418584
			vertex 11.447199821472168 2.0484827756881714 4.333238710767137e-16
		endloop
	endfacet
	facet normal 0.532025776523938 -0.8467281577425548 0
		outer loop
			vertex 11.447199821472168 2.0484827756881714 4.333238710767137e-16
			vertex 11.447199821472168 2.0484827756881714 0.6000000238418584
			vertex 11.422579765319824 2.0330132246017456 0.6000000238418584
		endloop
	endfacet
	facet normal 0.532025776523938 -0.8467281577425548 0
		outer loop
			vertex 11.447199821472168 2.0484827756881714 4.333238710767137e-16
			vertex 11.422579765319824 2.0330132246017456 0.6000000238418584
			vertex 11.422579765319824 2.0330132246017456 4.367588014360667e-16
		endloop
	endfacet
	facet normal 0.3302824864827681 -0.9438821320073605 0
		outer loop
			vertex 11.422579765319824 2.0330132246017456 4.367588014360667e-16
			vertex 11.422579765319824 2.0330132246017456 0.6000000238418584
			vertex 11.395135879516602 2.0234100818634033 0.6000000238418584
		endloop
	endfacet
	facet normal 0.3302824864827681 -0.9438821320073605 0
		outer loop
			vertex 11.422579765319824 2.0330132246017456 4.367588014360667e-16
			vertex 11.395135879516602 2.0234100818634033 0.6000000238418584
			vertex 11.395135879516602 2.0234100818634033 4.388911274714406e-16
		endloop
	endfacet
	facet normal 0.11196359968271272 -0.9937123086417363 0
		outer loop
			vertex 11.395135879516602 2.0234100818634033 4.388911274714406e-16
			vertex 11.395135879516602 2.0234100818634033 0.6000000238418584
			vertex 11.366242408752441 2.020154595375061 0.6000000238418584
		endloop
	endfacet
	facet normal 0.11196359968271272 -0.9937123086417363 0
		outer loop
			vertex 11.395135879516602 2.0234100818634033 4.388911274714406e-16
			vertex 11.366242408752441 2.020154595375061 0.6000000238418584
			vertex 11.366242408752441 2.020154595375061 4.3961399068258333e-16
		endloop
	endfacet
	facet normal -0.11196359968271272 -0.9937123086417363 0
		outer loop
			vertex 11.366242408752441 2.020154595375061 4.3961399068258333e-16
			vertex 11.366242408752441 2.020154595375061 0.6000000238418584
			vertex 11.337348937988281 2.0234100818634033 0.6000000238418584
		endloop
	endfacet
	facet normal -0.11196359968271272 -0.9937123086417363 0
		outer loop
			vertex 11.366242408752441 2.020154595375061 4.3961399068258333e-16
			vertex 11.337348937988281 2.0234100818634033 0.6000000238418584
			vertex 11.337348937988281 2.0234100818634033 4.388911274714406e-16
		endloop
	endfacet
	facet normal -0.3302824864827681 -0.9438821320073605 0
		outer loop
			vertex 11.337348937988281 2.0234100818634033 4.388911274714406e-16
			vertex 11.337348937988281 2.0234100818634033 0.6000000238418584
			vertex 11.309905052185059 2.0330132246017456 0.6000000238418584
		endloop
	endfacet
	facet normal -0.3302824864827681 -0.9438821320073605 0
		outer loop
			vertex 11.337348937988281 2.0234100818634033 4.388911274714406e-16
			vertex 11.309905052185059 2.0330132246017456 0.6000000238418584
			vertex 11.309905052185059 2.0330132246017456 4.367588014360667e-16
		endloop
	endfacet
	facet normal -0.532025776523938 -0.8467281577425548 0
		outer loop
			vertex 11.309905052185059 2.0330132246017456 4.367588014360667e-16
			vertex 11.309905052185059 2.0330132246017456 0.6000000238418584
			vertex 11.285284996032715 2.0484827756881714 0.6000000238418584
		endloop
	endfacet
	facet normal -0.532025776523938 -0.8467281577425548 0
		outer loop
			vertex 11.309905052185059 2.0330132246017456 4.367588014360667e-16
			vertex 11.285284996032715 2.0484827756881714 0.6000000238418584
			vertex 11.285284996032715 2.0484827756881714 4.333238710767137e-16
		endloop
	endfacet
	facet normal -0.7071170310271855 -0.7070965311973312 0
		outer loop
			vertex 11.285284996032715 2.0484827756881714 4.333238710767137e-16
			vertex 11.285284996032715 2.0484827756881714 0.6000000238418584
			vertex 11.264725685119629 2.069042682647705 0.6000000238418584
		endloop
	endfacet
	facet normal -0.7071170310271855 -0.7070965311973312 0
		outer loop
			vertex 11.285284996032715 2.0484827756881714 4.333238710767137e-16
			vertex 11.264725685119629 2.069042682647705 0.6000000238418584
			vertex 11.264725685119629 2.069042682647705 4.2875865465858863e-16
		endloop
	endfacet
	facet normal -0.8467223552883284 -0.532035011117676 0
		outer loop
			vertex 11.264725685119629 2.069042682647705 4.2875865465858863e-16
			vertex 11.264725685119629 2.069042682647705 0.6000000238418584
			vertex 11.249256134033203 2.093662142753601 0.6000000238418584
		endloop
	endfacet
	facet normal -0.8467223552883284 -0.532035011117676 0
		outer loop
			vertex 11.264725685119629 2.069042682647705 4.2875865465858863e-16
			vertex 11.249256134033203 2.093662142753601 0.6000000238418584
			vertex 11.249256134033203 2.093662142753601 4.232920363659074e-16
		endloop
	endfacet
	facet normal -0.9438805338161056 -0.33028705376236517 0
		outer loop
			vertex 11.249256134033203 2.093662142753601 4.232920363659074e-16
			vertex 11.249256134033203 2.093662142753601 0.6000000238418584
			vertex 11.239652633666992 2.1211066246032715 0.6000000238418584
		endloop
	endfacet
	facet normal -0.9438805338161056 -0.33028705376236517 0
		outer loop
			vertex 11.249256134033203 2.093662142753601 4.232920363659074e-16
			vertex 11.239652633666992 2.1211066246032715 0.6000000238418584
			vertex 11.239652633666992 2.1211066246032715 4.171981372362251e-16
		endloop
	endfacet
	facet normal -0.9937144864402647 -0.11194426934310193 0
		outer loop
			vertex 11.239652633666992 2.1211066246032715 4.171981372362251e-16
			vertex 11.239652633666992 2.1211066246032715 0.6000000238418584
			vertex 11.236397743225098 2.1499998569488525 0.6000000238418584
		endloop
	endfacet
	facet normal -0.9937144864402647 -0.11194426934310193 0
		outer loop
			vertex 11.239652633666992 2.1211066246032715 4.171981372362251e-16
			vertex 11.236397743225098 2.1499998569488525 0.6000000238418584
			vertex 11.236397743225098 2.1499998569488525 4.1078255087504344e-16
		endloop
	endfacet
	facet normal -0.9937145378182026 0.1119438132669962 0
		outer loop
			vertex 11.236397743225098 2.1499998569488525 4.1078255087504344e-16
			vertex 11.236397743225098 2.1499998569488525 0.6000000238418584
			vertex 11.239652633666992 2.178893208503723 0.6000000238418584
		endloop
	endfacet
	facet normal -0.9937145378182026 0.1119438132669962 0
		outer loop
			vertex 11.236397743225098 2.1499998569488525 4.1078255087504344e-16
			vertex 11.239652633666992 2.178893208503723 0.6000000238418584
			vertex 11.239652633666992 2.178893208503723 4.0436693804408216e-16
		endloop
	endfacet
	facet normal -0.9438805338161056 0.33028705376236517 0
		outer loop
			vertex 11.239652633666992 2.178893208503723 4.0436693804408216e-16
			vertex 11.239652633666992 2.178893208503723 0.6000000238418584
			vertex 11.249256134033203 2.2063376903533936 0.6000000238418584
		endloop
	endfacet
	facet normal -0.9438805338161056 0.33028705376236517 0
		outer loop
			vertex 11.239652633666992 2.178893208503723 4.0436693804408216e-16
			vertex 11.249256134033203 2.2063376903533936 0.6000000238418584
			vertex 11.249256134033203 2.2063376903533936 3.982730389143999e-16
		endloop
	endfacet
	facet normal -0.8467223552883284 0.532035011117676 0
		outer loop
			vertex 11.249256134033203 2.2063376903533936 3.982730389143999e-16
			vertex 11.249256134033203 2.2063376903533936 0.6000000238418584
			vertex 11.264725685119629 2.2309571504592896 0.6000000238418584
		endloop
	endfacet
	facet normal -0.8467223552883284 0.532035011117676 0
		outer loop
			vertex 11.249256134033203 2.2063376903533936 3.982730389143999e-16
			vertex 11.264725685119629 2.2309571504592896 0.6000000238418584
			vertex 11.264725685119629 2.2309571504592896 3.9280642062171865e-16
		endloop
	endfacet
	facet normal -0.7071170310271855 0.7070965311973312 0
		outer loop
			vertex 11.264725685119629 2.2309571504592896 3.9280642062171865e-16
			vertex 11.264725685119629 2.2309571504592896 0.6000000238418584
			vertex 11.285284996032715 2.2515170574188232 0.6000000238418582
		endloop
	endfacet
	facet normal -0.7071170310271855 0.7070965311973312 0
		outer loop
			vertex 11.264725685119629 2.2309571504592896 3.9280642062171865e-16
			vertex 11.285284996032715 2.2515170574188232 0.6000000238418582
			vertex 11.285284996032715 2.2515170574188232 3.882412042035936e-16
		endloop
	endfacet
	facet normal -0.5320228371523724 0.8467300046345001 0
		outer loop
			vertex 11.285284996032715 2.2515170574188232 3.882412042035936e-16
			vertex 11.285284996032715 2.2515170574188232 0.6000000238418582
			vertex 11.309905052185059 2.2669864892959595 0.6000000238418582
		endloop
	endfacet
	facet normal -0.5320228371523724 0.8467300046345001 0
		outer loop
			vertex 11.285284996032715 2.2515170574188232 3.882412042035936e-16
			vertex 11.309905052185059 2.2669864892959595 0.6000000238418582
			vertex 11.309905052185059 2.2669864892959595 3.848063003140202e-16
		endloop
	endfacet
	facet normal -0.33028613920719213 0.9438808538409958 0
		outer loop
			vertex 11.309905052185059 2.2669864892959595 3.848063003140202e-16
			vertex 11.309905052185059 2.2669864892959595 0.6000000238418582
			vertex 11.337348937988281 2.2765897512435913 0.6000000238418582
		endloop
	endfacet
	facet normal -0.33028613920719213 0.9438808538409958 0
		outer loop
			vertex 11.309905052185059 2.2669864892959595 3.848063003140202e-16
			vertex 11.337348937988281 2.2765897512435913 0.6000000238418582
			vertex 11.337348937988281 2.2765897512435913 3.826739478088667e-16
		endloop
	endfacet
	facet normal -0.11196359968271272 0.9937123086417363 0
		outer loop
			vertex 11.337348937988281 2.2765897512435913 3.826739478088667e-16
			vertex 11.337348937988281 2.2765897512435913 0.6000000238418582
			vertex 11.366242408752441 2.2798452377319336 0.6000000238418582
		endloop
	endfacet
	facet normal -0.11196359968271272 0.9937123086417363 0
		outer loop
			vertex 11.337348937988281 2.2765897512435913 3.826739478088667e-16
			vertex 11.366242408752441 2.2798452377319336 0.6000000238418582
			vertex 11.366242408752441 2.2798452377319336 3.8195108459772396e-16
		endloop
	endfacet
	facet normal 0.11196359968271272 0.9937123086417363 0
		outer loop
			vertex 11.366242408752441 2.2798452377319336 3.8195108459772396e-16
			vertex 11.366242408752441 2.2798452377319336 0.6000000238418582
			vertex 11.395135879516602 2.2765897512435913 0.6000000238418582
		endloop
	endfacet
	facet normal -9.633850643356308e-17 8.550346711831735e-16 1
		outer loop
			vertex 11.366242408752441 2.2798452377319336 0.6000000238418582
			vertex 11.337348937988281 2.2765897512435913 0.6000000238418582
			vertex 11.366242408752441 2.1499998569488525 0.6000000238418584
		endloop
	endfacet
	facet normal 4.57776686492104e-16 7.285650705328878e-16 1
		outer loop
			vertex 11.447199821472168 2.2515170574188232 0.6000000238418582
			vertex 11.422579765319824 2.2669864892959595 0.6000000238418582
			vertex 11.366242408752441 2.1499998569488525 0.6000000238418584
		endloop
	endfacet
	facet normal 2.841931564817451e-16 8.121578454356045e-16 1
		outer loop
			vertex 11.366242408752441 2.1499998569488525 0.6000000238418584
			vertex 11.422579765319824 2.2669864892959595 0.6000000238418582
			vertex 11.395135879516602 2.2765897512435913 0.6000000238418582
		endloop
	endfacet
	facet normal 9.633850643356308e-17 8.550346711831735e-16 1
		outer loop
			vertex 11.366242408752441 2.1499998569488525 0.6000000238418584
			vertex 11.395135879516602 2.2765897512435913 0.6000000238418582
			vertex 11.366242408752441 2.2798452377319336 0.6000000238418582
		endloop
	endfacet
	facet normal 0 0 1
		outer loop
			vertex 11.49283218383789 2.178893208503723 0.6000000238418584
			vertex 11.483229637145996 2.2063376903533936 0.6000000238418584
			vertex 11.366242408752441 2.1499998569488525 0.6000000238418584
		endloop
	endfacet
	facet normal 0 0 1
		outer loop
			vertex 11.366242408752441 2.1499998569488525 0.6000000238418584
			vertex 11.483229637145996 2.2063376903533936 0.6000000238418584
			vertex 11.467759132385254 2.2309571504592896 0.6000000238418584
		endloop
	endfacet
	facet normal -2.3957948031142364e-15 3.0042165240778626e-15 1
		outer loop
			vertex 11.366242408752441 2.1499998569488525 0.6000000238418584
			vertex 11.467759132385254 2.2309571504592896 0.6000000238418584
			vertex 11.447199821472168 2.2515170574188232 0.6000000238418582
		endloop
	endfacet
	facet normal 0 0 1
		outer loop
			vertex 11.483229637145996 2.093662142753601 0.6000000238418584
			vertex 11.49283218383789 2.1211066246032715 0.6000000238418584
			vertex 11.366242408752441 2.1499998569488525 0.6000000238418584
		endloop
	endfacet
	facet normal 0 0 1
		outer loop
			vertex 11.366242408752441 2.1499998569488525 0.6000000238418584
			vertex 11.49283218383789 2.1211066246032715 0.6000000238418584
			vertex 11.496088027954102 2.1499998569488525 0.6000000238418584
		endloop
	endfacet
	facet normal 0 0 1
		outer loop
			vertex 11.366242408752441 2.1499998569488525 0.6000000238418584
			vertex 11.496088027954102 2.1499998569488525 0.6000000238418584
			vertex 11.49283218383789 2.178893208503723 0.6000000238418584
		endloop
	endfacet
	facet normal 0 0 1
		outer loop
			vertex 11.422579765319824 2.0330132246017456 0.6000000238418584
			vertex 11.447199821472168 2.0484827756881714 0.6000000238418584
			vertex 11.366242408752441 2.1499998569488525 0.6000000238418584
		endloop
	endfacet
	facet normal 0 0 1
		outer loop
			vertex 11.366242408752441 2.1499998569488525 0.6000000238418584
			vertex 11.447199821472168 2.0484827756881714 0.6000000238418584
			vertex 11.467759132385254 2.069042682647705 0.6000000238418584
		endloop
	endfacet
	facet normal 0 0 1
		outer loop
			vertex 11.366242408752441 2.1499998569488525 0.6000000238418584
			vertex 11.467759132385254 2.069042682647705 0.6000000238418584
			vertex 11.483229637145996 2.093662142753601 0.6000000238418584
		endloop
	endfacet
	facet normal 0 0 1
		outer loop
			vertex 11.337348937988281 2.0234100818634033 0.6000000238418584
			vertex 11.366242408752441 2.020154595375061 0.6000000238418584
			vertex 11.366242408752441 2.1499998569488525 0.6000000238418584
		endloop
	endfacet
	facet normal 0 0 1
		outer loop
			vertex 11.366242408752441 2.1499998569488525 0.6000000238418584
			vertex 11.366242408752441 2.020154595375061 0.6000000238418584
			vertex 11.395135879516602 2.0234100818634033 0.6000000238418584
		endloop
	endfacet
	facet normal 0 0 1
		outer loop
			vertex 11.366242408752441 2.1499998569488525 0.6000000238418584
			vertex 11.395135879516602 2.0234100818634033 0.6000000238418584
			vertex 11.422579765319824 2.0330132246017456 0.6000000238418584
		endloop
	endfacet
	facet normal 0 0 1
		outer loop
			vertex 11.264725685119629 2.069042682647705 0.6000000238418584
			vertex 11.285284996032715 2.0484827756881714 0.6000000238418584
			vertex 11.366242408752441 2.1499998569488525 0.6000000238418584
		endloop
	endfacet
	facet normal 0 0 1
		outer loop
			vertex 11.366242408752441 2.1499998569488525 0.6000000238418584
			vertex 11.285284996032715 2.0484827756881714 0.6000000238418584
			vertex 11.309905052185059 2.0330132246017456 0.6000000238418584
		endloop
	endfacet
	facet normal 0 0 1
		outer loop
			vertex 11.366242408752441 2.1499998569488525 0.6000000238418584
			vertex 11.309905052185059 2.0330132246017456 0.6000000238418584
			vertex 11.337348937988281 2.0234100818634033 0.6000000238418584
		endloop
	endfacet
	facet normal 0 0 1
		outer loop
			vertex 11.236397743225098 2.1499998569488525 0.6000000238418584
			vertex 11.239652633666992 2.1211066246032715 0.6000000238418584
			vertex 11.366242408752441 2.1499998569488525 0.6000000238418584
		endloop
	endfacet
	facet normal 0 0 1
		outer loop
			vertex 11.366242408752441 2.1499998569488525 0.6000000238418584
			vertex 11.239652633666992 2.1211066246032715 0.6000000238418584
			vertex 11.249256134033203 2.093662142753601 0.6000000238418584
		endloop
	endfacet
	facet normal 0 0 1
		outer loop
			vertex 11.366242408752441 2.1499998569488525 0.6000000238418584
			vertex 11.249256134033203 2.093662142753601 0.6000000238418584
			vertex 11.264725685119629 2.069042682647705 0.6000000238418584
		endloop
	endfacet
	facet normal 0 0 1
		outer loop
			vertex 11.264725685119629 2.2309571504592896 0.6000000238418584
			vertex 11.249256134033203 2.2063376903533936 0.6000000238418584
			vertex 11.366242408752441 2.1499998569488525 0.6000000238418584
		endloop
	endfacet
	facet normal 0 0 1
		outer loop
			vertex 11.366242408752441 2.1499998569488525 0.6000000238418584
			vertex 11.249256134033203 2.2063376903533936 0.6000000238418584
			vertex 11.239652633666992 2.178893208503723 0.6000000238418584
		endloop
	endfacet
	facet normal 0 0 1
		outer loop
			vertex 11.366242408752441 2.1499998569488525 0.6000000238418584
			vertex 11.239652633666992 2.178893208503723 0.6000000238418584
			vertex 11.236397743225098 2.1499998569488525 0.6000000238418584
		endloop
	endfacet
	facet normal -2.841931564817451e-16 8.121578454356045e-16 1
		outer loop
			vertex 11.337348937988281 2.2765897512435913 0.6000000238418582
			vertex 11.309905052185059 2.2669864892959595 0.6000000238418582
			vertex 11.366242408752441 2.1499998569488525 0.6000000238418584
		endloop
	endfacet
	facet normal -4.57776686492104e-16 7.285650705328878e-16 1
		outer loop
			vertex 11.366242408752441 2.1499998569488525 0.6000000238418584
			vertex 11.309905052185059 2.2669864892959595 0.6000000238418582
			vertex 11.285284996032715 2.2515170574188232 0.6000000238418582
		endloop
	endfacet
	facet normal 2.3957948031142364e-15 3.0042165240778626e-15 1
		outer loop
			vertex 11.366242408752441 2.1499998569488525 0.6000000238418584
			vertex 11.285284996032715 2.2515170574188232 0.6000000238418582
			vertex 11.264725685119629 2.2309571504592896 0.6000000238418584
		endloop
	endfacet
	facet normal 0 -2.220446049250313e-16 -1
		outer loop
			vertex 11.366242408752441 2.2798452377319336 3.8195108459772396e-16
			vertex 11.395135879516602 2.2765897512435913 3.826739478088667e-16
			vertex 11.366242408752441 2.1499998569488525 4.1078255087504344e-16
		endloop
	endfacet
	facet normal 0 -2.220446049250313e-16 -1
		outer loop
			vertex 11.285284996032715 2.2515170574188232 3.882412042035936e-16
			vertex 11.309905052185059 2.2669864892959595 3.848063003140202e-16
			vertex 11.366242408752441 2.1499998569488525 4.1078255087504344e-16
		endloop
	endfacet
	facet normal 0 -2.220446049250313e-16 -1
		outer loop
			vertex 11.366242408752441 2.1499998569488525 4.1078255087504344e-16
			vertex 11.309905052185059 2.2669864892959595 3.848063003140202e-16
			vertex 11.337348937988281 2.2765897512435913 3.826739478088667e-16
		endloop
	endfacet
	facet normal 0 -2.220446049250313e-16 -1
		outer loop
			vertex 11.366242408752441 2.1499998569488525 4.1078255087504344e-16
			vertex 11.337348937988281 2.2765897512435913 3.826739478088667e-16
			vertex 11.366242408752441 2.2798452377319336 3.8195108459772396e-16
		endloop
	endfacet
	facet normal 0 -2.220446049250313e-16 -1
		outer loop
			vertex 11.239652633666992 2.178893208503723 4.0436693804408216e-16
			vertex 11.249256134033203 2.2063376903533936 3.982730389143999e-16
			vertex 11.366242408752441 2.1499998569488525 4.1078255087504344e-16
		endloop
	endfacet
	facet normal 0 -2.220446049250313e-16 -1
		outer loop
			vertex 11.366242408752441 2.1499998569488525 4.1078255087504344e-16
			vertex 11.249256134033203 2.2063376903533936 3.982730389143999e-16
			vertex 11.264725685119629 2.2309571504592896 3.9280642062171865e-16
		endloop
	endfacet
	facet normal 0 -2.220446049250313e-16 -1
		outer loop
			vertex 11.366242408752441 2.1499998569488525 4.1078255087504344e-16
			vertex 11.264725685119629 2.2309571504592896 3.9280642062171865e-16
			vertex 11.285284996032715 2.2515170574188232 3.882412042035936e-16
		endloop
	endfacet
	facet normal 0 -2.220446049250313e-16 -1
		outer loop
			vertex 11.249256134033203 2.093662142753601 4.232920363659074e-16
			vertex 11.239652633666992 2.1211066246032715 4.171981372362251e-16
			vertex 11.366242408752441 2.1499998569488525 4.1078255087504344e-16
		endloop
	endfacet
	facet normal 0 -2.220446049250313e-16 -1
		outer loop
			vertex 11.366242408752441 2.1499998569488525 4.1078255087504344e-16
			vertex 11.239652633666992 2.1211066246032715 4.171981372362251e-16
			vertex 11.236397743225098 2.1499998569488525 4.1078255087504344e-16
		endloop
	endfacet
	facet normal 0 -2.220446049250313e-16 -1
		outer loop
			vertex 11.366242408752441 2.1499998569488525 4.1078255087504344e-16
			vertex 11.236397743225098 2.1499998569488525 4.1078255087504344e-16
			vertex 11.239652633666992 2.178893208503723 4.0436693804408216e-16
		endloop
	endfacet
	facet normal 0 -2.220446049250313e-16 -1
		outer loop
			vertex 11.309905052185059 2.0330132246017456 4.367588014360667e-16
			vertex 11.285284996032715 2.0484827756881714 4.333238710767137e-16
			vertex 11.366242408752441 2.1499998569488525 4.1078255087504344e-16
		endloop
	endfacet
	facet normal 0 -2.220446049250313e-16 -1
		outer loop
			vertex 11.366242408752441 2.1499998569488525 4.1078255087504344e-16
			vertex 11.285284996032715 2.0484827756881714 4.333238710767137e-16
			vertex 11.264725685119629 2.069042682647705 4.2875865465858863e-16
		endloop
	endfacet
	facet normal 0 -2.220446049250313e-16 -1
		outer loop
			vertex 11.366242408752441 2.1499998569488525 4.1078255087504344e-16
			vertex 11.264725685119629 2.069042682647705 4.2875865465858863e-16
			vertex 11.249256134033203 2.093662142753601 4.232920363659074e-16
		endloop
	endfacet
	facet normal 0 -2.220446049250313e-16 -1
		outer loop
			vertex 11.395135879516602 2.0234100818634033 4.388911274714406e-16
			vertex 11.366242408752441 2.020154595375061 4.3961399068258333e-16
			vertex 11.366242408752441 2.1499998569488525 4.1078255087504344e-16
		endloop
	endfacet
	facet normal 0 -2.220446049250313e-16 -1
		outer loop
			vertex 11.366242408752441 2.1499998569488525 4.1078255087504344e-16
			vertex 11.366242408752441 2.020154595375061 4.3961399068258333e-16
			vertex 11.337348937988281 2.0234100818634033 4.388911274714406e-16
		endloop
	endfacet
	facet normal 0 -2.220446049250313e-16 -1
		outer loop
			vertex 11.366242408752441 2.1499998569488525 4.1078255087504344e-16
			vertex 11.337348937988281 2.0234100818634033 4.388911274714406e-16
			vertex 11.309905052185059 2.0330132246017456 4.367588014360667e-16
		endloop
	endfacet
	facet normal 0 -2.220446049250313e-16 -1
		outer loop
			vertex 11.467759132385254 2.069042682647705 4.2875865465858863e-16
			vertex 11.447199821472168 2.0484827756881714 4.333238710767137e-16
			vertex 11.366242408752441 2.1499998569488525 4.1078255087504344e-16
		endloop
	endfacet
	facet normal 0 -2.220446049250313e-16 -1
		outer loop
			vertex 11.366242408752441 2.1499998569488525 4.1078255087504344e-16
			vertex 11.447199821472168 2.0484827756881714 4.333238710767137e-16
			vertex 11.422579765319824 2.0330132246017456 4.367588014360667e-16
		endloop
	endfacet
	facet normal 0 -2.220446049250313e-16 -1
		outer loop
			vertex 11.366242408752441 2.1499998569488525 4.1078255087504344e-16
			vertex 11.422579765319824 2.0330132246017456 4.367588014360667e-16
			vertex 11.395135879516602 2.0234100818634033 4.388911274714406e-16
		endloop
	endfacet
	facet normal 0 -2.220446049250313e-16 -1
		outer loop
			vertex 11.496088027954102 2.1499998569488525 4.1078255087504344e-16
			vertex 11.49283218383789 2.1211066246032715 4.171981372362251e-16
			vertex 11.366242408752441 2.1499998569488525 4.1078255087504344e-16
		endloop
	endfacet
	facet normal 0 -2.220446049250313e-16 -1
		outer loop
			vertex 11.366242408752441 2.1499998569488525 4.1078255087504344e-16
			vertex 11.49283218383789 2.1211066246032715 4.171981372362251e-16
			vertex 11.483229637145996 2.093662142753601 4.232920363659074e-16
		endloop
	endfacet
	facet normal 0 -2.220446049250313e-16 -1
		outer loop
			vertex 11.366242408752441 2.1499998569488525 4.1078255087504344e-16
			vertex 11.483229637145996 2.093662142753601 4.232920363659074e-16
			vertex 11.467759132385254 2.069042682647705 4.2875865465858863e-16
		endloop
	endfacet
	facet normal 0 -2.220446049250313e-16 -1
		outer loop
			vertex 11.467759132385254 2.2309571504592896 3.9280642062171865e-16
			vertex 11.483229637145996 2.2063376903533936 3.982730389143999e-16
			vertex 11.366242408752441 2.1499998569488525 4.1078255087504344e-16
		endloop
	endfacet
	facet normal 0 -2.220446049250313e-16 -1
		outer loop
			vertex 11.366242408752441 2.1499998569488525 4.1078255087504344e-16
			vertex 11.483229637145996 2.2063376903533936 3.982730389143999e-16
			vertex 11.49283218383789 2.178893208503723 4.0436693804408216e-16
		endloop
	endfacet
	facet normal 0 -2.220446049250313e-16 -1
		outer loop
			vertex 11.366242408752441 2.1499998569488525 4.1078255087504344e-16
			vertex 11.49283218383789 2.178893208503723 4.0436693804408216e-16
			vertex 11.496088027954102 2.1499998569488525 4.1078255087504344e-16
		endloop
	endfacet
	facet normal 0 -2.220446049250313e-16 -1
		outer loop
			vertex 11.395135879516602 2.2765897512435913 3.826739478088667e-16
			vertex 11.422579765319824 2.2669864892959595 3.848063003140202e-16
			vertex 11.366242408752441 2.1499998569488525 4.1078255087504344e-16
		endloop
	endfacet
	facet normal 0 -2.220446049250313e-16 -1
		outer loop
			vertex 11.366242408752441 2.1499998569488525 4.1078255087504344e-16
			vertex 11.422579765319824 2.2669864892959595 3.848063003140202e-16
			vertex 11.447199821472168 2.2515170574188232 3.882412042035936e-16
		endloop
	endfacet
	facet normal 0 -2.220446049250313e-16 -1
		outer loop
			vertex 11.366242408752441 2.1499998569488525 4.1078255087504344e-16
			vertex 11.447199821472168 2.2515170574188232 3.882412042035936e-16
			vertex 11.467759132385254 2.2309571504592896 3.9280642062171865e-16
		endloop
	endfacet
	facet normal 0.11195740516436635 0.9937130065712445 0
		outer loop
			vertex 11.696242332458496 1.9786491394042969 4.488300532558449e-16
			vertex 11.724869728088379 1.975423812866211 0.6000000238418584
			vertex 11.724869728088379 1.975423812866211 4.495462196127484e-16
		endloop
	endfacet
	facet normal 0.33028554169464414 0.9438810629244956 0
		outer loop
			vertex 11.724869728088379 1.975423812866211 4.495462196127484e-16
			vertex 11.724869728088379 1.975423812866211 0.6000000238418584
			vertex 11.752060890197754 1.9659090042114258 0.6000000238418584
		endloop
	endfacet
	facet normal 0.33028554169464414 0.9438810629244956 0
		outer loop
			vertex 11.724869728088379 1.975423812866211 4.495462196127484e-16
			vertex 11.752060890197754 1.9659090042114258 0.6000000238418584
			vertex 11.752060890197754 1.9659090042114258 4.516589315414375e-16
		endloop
	endfacet
	facet normal 0.5320267933135652 0.8467275188609881 0
		outer loop
			vertex 11.752060890197754 1.9659090042114258 4.516589315414375e-16
			vertex 11.752060890197754 1.9659090042114258 0.6000000238418584
			vertex 11.776453971862793 1.9505820274353027 0.6000000238418584
		endloop
	endfacet
	facet normal 0.5320267933135652 0.8467275188609881 0
		outer loop
			vertex 11.752060890197754 1.9659090042114258 4.516589315414375e-16
			vertex 11.776453971862793 1.9505820274353027 0.6000000238418584
			vertex 11.776453971862793 1.9505820274353027 4.550622040443869e-16
		endloop
	endfacet
	facet normal 0.7071067811865476 0.7071067811865476 0
		outer loop
			vertex 11.776453971862793 1.9505820274353027 4.550622040443869e-16
			vertex 11.776453971862793 1.9505820274353027 0.6000000238418584
			vertex 11.79682445526123 1.9302115440368652 0.6000000238418584
		endloop
	endfacet
	facet normal 0.7071067811865476 0.7071067811865476 0
		outer loop
			vertex 11.776453971862793 1.9505820274353027 4.550622040443869e-16
			vertex 11.79682445526123 1.9302115440368652 0.6000000238418584
			vertex 11.79682445526123 1.9302115440368652 4.595853599827248e-16
		endloop
	endfacet
	facet normal 0.8467326326938989 0.5320186544955536 0
		outer loop
			vertex 11.79682445526123 1.9302115440368652 4.595853599827248e-16
			vertex 11.79682445526123 1.9302115440368652 0.6000000238418584
			vertex 11.812150955200195 1.9058187007904053 0.6000000238418584
		endloop
	endfacet
	facet normal 0.8467326326938989 0.5320186544955536 0
		outer loop
			vertex 11.79682445526123 1.9302115440368652 4.595853599827248e-16
			vertex 11.812150955200195 1.9058187007904053 0.6000000238418584
			vertex 11.812150955200195 1.9058187007904053 4.650016592243832e-16
		endloop
	endfacet
	facet normal 0.9438725481108566 0.33030987409206936 0
		outer loop
			vertex 11.812150955200195 1.9058187007904053 4.650016592243832e-16
			vertex 11.812150955200195 1.9058187007904053 0.6000000238418584
			vertex 11.821666717529297 1.878627061843872 0.6000000238418584
		endloop
	endfacet
	facet normal 0.9438725481108566 0.33030987409206936 0
		outer loop
			vertex 11.812150955200195 1.9058187007904053 4.650016592243832e-16
			vertex 11.821666717529297 1.878627061843872 0.6000000238418584
			vertex 11.821666717529297 1.878627061843872 4.710394159515303e-16
		endloop
	endfacet
	facet normal 0.9937129028350681 0.11195832590344713 0
		outer loop
			vertex 11.821666717529297 1.878627061843872 4.710394159515303e-16
			vertex 11.821666717529297 1.878627061843872 0.6000000238418584
			vertex 11.824892044067383 1.8499999046325684 0.6000000238418584
		endloop
	endfacet
	facet normal 0.9937129028350681 0.11195832590344713 0
		outer loop
			vertex 11.821666717529297 1.878627061843872 4.710394159515303e-16
			vertex 11.824892044067383 1.8499999046325684 0.6000000238418584
			vertex 11.824892044067383 1.8499999046325684 4.77395921764641e-16
		endloop
	endfacet
	facet normal 0.9937129028350681 -0.11195832590344713 0
		outer loop
			vertex 11.824892044067383 1.8499999046325684 4.77395921764641e-16
			vertex 11.824892044067383 1.8499999046325684 0.6000000238418584
			vertex 11.821666717529297 1.8213727474212646 0.6000000238418584
		endloop
	endfacet
	facet normal 0.9937129028350681 -0.11195832590344713 0
		outer loop
			vertex 11.824892044067383 1.8499999046325684 4.77395921764641e-16
			vertex 11.821666717529297 1.8213727474212646 0.6000000238418584
			vertex 11.821666717529297 1.8213727474212646 4.837524275777517e-16
		endloop
	endfacet
	facet normal 0.9438725481108566 -0.33030987409206936 0
		outer loop
			vertex 11.821666717529297 1.8213727474212646 4.837524275777517e-16
			vertex 11.821666717529297 1.8213727474212646 0.6000000238418584
			vertex 11.812150955200195 1.7941811084747314 0.6000000238418584
		endloop
	endfacet
	facet normal 0.9438725481108566 -0.33030987409206936 0
		outer loop
			vertex 11.821666717529297 1.8213727474212646 4.837524275777517e-16
			vertex 11.812150955200195 1.7941811084747314 0.6000000238418584
			vertex 11.812150955200195 1.7941811084747314 4.897901843048987e-16
		endloop
	endfacet
	facet normal 0.8467326326938989 -0.5320186544955536 0
		outer loop
			vertex 11.812150955200195 1.7941811084747314 4.897901843048987e-16
			vertex 11.812150955200195 1.7941811084747314 0.6000000238418584
			vertex 11.79682445526123 1.7697882652282715 0.6000000238418584
		endloop
	endfacet
	facet normal 0.8467326326938989 -0.5320186544955536 0
		outer loop
			vertex 11.812150955200195 1.7941811084747314 4.897901843048987e-16
			vertex 11.79682445526123 1.7697882652282715 0.6000000238418584
			vertex 11.79682445526123 1.7697882652282715 4.952064835465572e-16
		endloop
	endfacet
	facet normal 0.7071067811865476 -0.7071067811865476 0
		outer loop
			vertex 11.79682445526123 1.7697882652282715 4.952064835465572e-16
			vertex 11.79682445526123 1.7697882652282715 0.6000000238418584
			vertex 11.776453971862793 1.749417781829834 0.6000000238418585
		endloop
	endfacet
	facet normal 0.7071067811865476 -0.7071067811865476 0
		outer loop
			vertex 11.79682445526123 1.7697882652282715 4.952064835465572e-16
			vertex 11.776453971862793 1.749417781829834 0.6000000238418585
			vertex 11.776453971862793 1.749417781829834 4.997296394848951e-16
		endloop
	endfacet
	facet normal 0.5320267933135652 -0.8467275188609881 0
		outer loop
			vertex 11.776453971862793 1.749417781829834 4.997296394848951e-16
			vertex 11.776453971862793 1.749417781829834 0.6000000238418585
			vertex 11.752060890197754 1.734090805053711 0.6000000238418585
		endloop
	endfacet
	facet normal 0.5320267933135652 -0.8467275188609881 0
		outer loop
			vertex 11.776453971862793 1.749417781829834 4.997296394848951e-16
			vertex 11.752060890197754 1.734090805053711 0.6000000238418585
			vertex 11.752060890197754 1.734090805053711 5.031329119878445e-16
		endloop
	endfacet
	facet normal 0.33028554169464414 -0.9438810629244956 0
		outer loop
			vertex 11.752060890197754 1.734090805053711 5.031329119878445e-16
			vertex 11.752060890197754 1.734090805053711 0.6000000238418585
			vertex 11.724869728088379 1.7245759963989258 0.6000000238418585
		endloop
	endfacet
	facet normal 0.33028554169464414 -0.9438810629244956 0
		outer loop
			vertex 11.752060890197754 1.734090805053711 5.031329119878445e-16
			vertex 11.724869728088379 1.7245759963989258 0.6000000238418585
			vertex 11.724869728088379 1.7245759963989258 5.052456239165335e-16
		endloop
	endfacet
	facet normal 0.11196557739424719 -0.9937120858069368 0
		outer loop
			vertex 11.724869728088379 1.7245759963989258 5.052456239165335e-16
			vertex 11.724869728088379 1.7245759963989258 0.6000000238418585
			vertex 11.696242332458496 1.7213504314422607 0.6000000238418585
		endloop
	endfacet
	facet normal 0.11196557739424719 -0.9937120858069368 0
		outer loop
			vertex 11.724869728088379 1.7245759963989258 5.052456239165335e-16
			vertex 11.696242332458496 1.7213504314422607 0.6000000238418585
			vertex 11.696242332458496 1.7213504314422607 5.059618432129963e-16
		endloop
	endfacet
	facet normal -0.11196926070287645 -0.9937116707866782 0
		outer loop
			vertex 11.696242332458496 1.7213504314422607 5.059618432129963e-16
			vertex 11.696242332458496 1.7213504314422607 0.6000000238418585
			vertex 11.66761589050293 1.7245759963989258 0.6000000238418585
		endloop
	endfacet
	facet normal -0.11196926070287645 -0.9937116707866782 0
		outer loop
			vertex 11.696242332458496 1.7213504314422607 5.059618432129963e-16
			vertex 11.66761589050293 1.7245759963989258 0.6000000238418585
			vertex 11.66761589050293 1.7245759963989258 5.052456239165335e-16
		endloop
	endfacet
	facet normal -0.3302752215998393 -0.9438846740980473 0
		outer loop
			vertex 11.66761589050293 1.7245759963989258 5.052456239165335e-16
			vertex 11.66761589050293 1.7245759963989258 0.6000000238418585
			vertex 11.640423774719238 1.734090805053711 0.6000000238418585
		endloop
	endfacet
	facet normal -0.3302752215998393 -0.9438846740980473 0
		outer loop
			vertex 11.66761589050293 1.7245759963989258 5.052456239165335e-16
			vertex 11.640423774719238 1.734090805053711 0.6000000238418585
			vertex 11.640423774719238 1.734090805053711 5.031329119878445e-16
		endloop
	endfacet
	facet normal -0.5320267933135652 -0.8467275188609881 0
		outer loop
			vertex 11.640423774719238 1.734090805053711 5.031329119878445e-16
			vertex 11.640423774719238 1.734090805053711 0.6000000238418585
			vertex 11.6160306930542 1.749417781829834 0.6000000238418585
		endloop
	endfacet
	facet normal -0.5320267933135652 -0.8467275188609881 0
		outer loop
			vertex 11.640423774719238 1.734090805053711 5.031329119878445e-16
			vertex 11.6160306930542 1.749417781829834 0.6000000238418585
			vertex 11.6160306930542 1.749417781829834 4.997296394848951e-16
		endloop
	endfacet
	facet normal -0.7071067811865476 -0.7071067811865476 0
		outer loop
			vertex 11.6160306930542 1.749417781829834 4.997296394848951e-16
			vertex 11.6160306930542 1.749417781829834 0.6000000238418585
			vertex 11.595660209655762 1.7697882652282715 0.6000000238418584
		endloop
	endfacet
	facet normal -0.7071067811865476 -0.7071067811865476 0
		outer loop
			vertex 11.6160306930542 1.749417781829834 4.997296394848951e-16
			vertex 11.595660209655762 1.7697882652282715 0.6000000238418584
			vertex 11.595660209655762 1.7697882652282715 4.952064835465572e-16
		endloop
	endfacet
	facet normal -0.8467326326938989 -0.5320186544955536 0
		outer loop
			vertex 11.595660209655762 1.7697882652282715 4.952064835465572e-16
			vertex 11.595660209655762 1.7697882652282715 0.6000000238418584
			vertex 11.580333709716797 1.7941811084747314 0.6000000238418584
		endloop
	endfacet
	facet normal -0.8467326326938989 -0.5320186544955536 0
		outer loop
			vertex 11.595660209655762 1.7697882652282715 4.952064835465572e-16
			vertex 11.580333709716797 1.7941811084747314 0.6000000238418584
			vertex 11.580333709716797 1.7941811084747314 4.897901843048987e-16
		endloop
	endfacet
	facet normal -0.9438828685535853 -0.33028038157156053 0
		outer loop
			vertex 11.580333709716797 1.7941811084747314 4.897901843048987e-16
			vertex 11.580333709716797 1.7941811084747314 0.6000000238418584
			vertex 11.570818901062012 1.8213727474212646 0.6000000238418584
		endloop
	endfacet
	facet normal -0.9438828685535853 -0.33028038157156053 0
		outer loop
			vertex 11.580333709716797 1.7941811084747314 4.897901843048987e-16
			vertex 11.570818901062012 1.8213727474212646 0.6000000238418584
			vertex 11.570818901062012 1.8213727474212646 4.837524275777517e-16
		endloop
	endfacet
	facet normal -0.9937129028350681 -0.11195832590344713 0
		outer loop
			vertex 11.570818901062012 1.8213727474212646 4.837524275777517e-16
			vertex 11.570818901062012 1.8213727474212646 0.6000000238418584
			vertex 11.567593574523926 1.8499999046325684 0.6000000238418584
		endloop
	endfacet
	facet normal -0.9937129028350681 -0.11195832590344713 0
		outer loop
			vertex 11.570818901062012 1.8213727474212646 4.837524275777517e-16
			vertex 11.567593574523926 1.8499999046325684 0.6000000238418584
			vertex 11.567593574523926 1.8499999046325684 4.77395921764641e-16
		endloop
	endfacet
	facet normal -0.9937129028350681 0.11195832590344713 0
		outer loop
			vertex 11.567593574523926 1.8499999046325684 4.77395921764641e-16
			vertex 11.567593574523926 1.8499999046325684 0.6000000238418584
			vertex 11.570818901062012 1.878627061843872 0.6000000238418584
		endloop
	endfacet
	facet normal -0.9937129028350681 0.11195832590344713 0
		outer loop
			vertex 11.567593574523926 1.8499999046325684 4.77395921764641e-16
			vertex 11.570818901062012 1.878627061843872 0.6000000238418584
			vertex 11.570818901062012 1.878627061843872 4.710394159515303e-16
		endloop
	endfacet
	facet normal -0.9438828685535853 0.33028038157156053 0
		outer loop
			vertex 11.570818901062012 1.878627061843872 4.710394159515303e-16
			vertex 11.570818901062012 1.878627061843872 0.6000000238418584
			vertex 11.580333709716797 1.9058187007904053 0.6000000238418584
		endloop
	endfacet
	facet normal -0.9438828685535853 0.33028038157156053 0
		outer loop
			vertex 11.570818901062012 1.878627061843872 4.710394159515303e-16
			vertex 11.580333709716797 1.9058187007904053 0.6000000238418584
			vertex 11.580333709716797 1.9058187007904053 4.650016592243832e-16
		endloop
	endfacet
	facet normal -0.8467326326938989 0.5320186544955536 0
		outer loop
			vertex 11.580333709716797 1.9058187007904053 4.650016592243832e-16
			vertex 11.580333709716797 1.9058187007904053 0.6000000238418584
			vertex 11.595660209655762 1.9302115440368652 0.6000000238418584
		endloop
	endfacet
	facet normal -0.8467326326938989 0.5320186544955536 0
		outer loop
			vertex 11.580333709716797 1.9058187007904053 4.650016592243832e-16
			vertex 11.595660209655762 1.9302115440368652 0.6000000238418584
			vertex 11.595660209655762 1.9302115440368652 4.595853599827248e-16
		endloop
	endfacet
	facet normal -0.7071067811865476 0.7071067811865476 0
		outer loop
			vertex 11.595660209655762 1.9302115440368652 4.595853599827248e-16
			vertex 11.595660209655762 1.9302115440368652 0.6000000238418584
			vertex 11.6160306930542 1.9505820274353027 0.6000000238418584
		endloop
	endfacet
	facet normal -0.7071067811865476 0.7071067811865476 0
		outer loop
			vertex 11.595660209655762 1.9302115440368652 4.595853599827248e-16
			vertex 11.6160306930542 1.9505820274353027 0.6000000238418584
			vertex 11.6160306930542 1.9505820274353027 4.550622040443869e-16
		endloop
	endfacet
	facet normal -0.5320267933135652 0.8467275188609881 0
		outer loop
			vertex 11.6160306930542 1.9505820274353027 4.550622040443869e-16
			vertex 11.6160306930542 1.9505820274353027 0.6000000238418584
			vertex 11.640423774719238 1.9659090042114258 0.6000000238418584
		endloop
	endfacet
	facet normal -0.5320267933135652 0.8467275188609881 0
		outer loop
			vertex 11.6160306930542 1.9505820274353027 4.550622040443869e-16
			vertex 11.640423774719238 1.9659090042114258 0.6000000238418584
			vertex 11.640423774719238 1.9659090042114258 4.516589315414375e-16
		endloop
	endfacet
	facet normal -0.3302752215998393 0.9438846740980473 0
		outer loop
			vertex 11.640423774719238 1.9659090042114258 4.516589315414375e-16
			vertex 11.640423774719238 1.9659090042114258 0.6000000238418584
			vertex 11.66761589050293 1.975423812866211 0.6000000238418584
		endloop
	endfacet
	facet normal -0.3302752215998393 0.9438846740980473 0
		outer loop
			vertex 11.640423774719238 1.9659090042114258 4.516589315414375e-16
			vertex 11.66761589050293 1.975423812866211 0.6000000238418584
			vertex 11.66761589050293 1.975423812866211 4.495462196127484e-16
		endloop
	endfacet
	facet normal -0.11196108821098112 0.9937125916111827 0
		outer loop
			vertex 11.66761589050293 1.975423812866211 4.495462196127484e-16
			vertex 11.66761589050293 1.975423812866211 0.6000000238418584
			vertex 11.696242332458496 1.9786491394042969 0.6000000238418584
		endloop
	endfacet
	facet normal -0.11196108821098112 0.9937125916111827 0
		outer loop
			vertex 11.66761589050293 1.975423812866211 4.495462196127484e-16
			vertex 11.696242332458496 1.9786491394042969 0.6000000238418584
			vertex 11.696242332458496 1.9786491394042969 4.488300532558449e-16
		endloop
	endfacet
	facet normal 0.11195740516436635 0.9937130065712445 0
		outer loop
			vertex 11.696242332458496 1.9786491394042969 4.488300532558449e-16
			vertex 11.696242332458496 1.9786491394042969 0.6000000238418584
			vertex 11.724869728088379 1.975423812866211 0.6000000238418584
		endloop
	endfacet
	facet normal 0 0 1
		outer loop
			vertex 11.696242332458496 1.9786491394042969 0.6000000238418584
			vertex 11.66761589050293 1.975423812866211 0.6000000238418584
			vertex 11.696242332458496 1.8499999046325684 0.6000000238418584
		endloop
	endfacet
	facet normal 0 0 1
		outer loop
			vertex 11.776453971862793 1.9505820274353027 0.6000000238418584
			vertex 11.752060890197754 1.9659090042114258 0.6000000238418584
			vertex 11.696242332458496 1.8499999046325684 0.6000000238418584
		endloop
	endfacet
	facet normal 0 0 1
		outer loop
			vertex 11.696242332458496 1.8499999046325684 0.6000000238418584
			vertex 11.752060890197754 1.9659090042114258 0.6000000238418584
			vertex 11.724869728088379 1.975423812866211 0.6000000238418584
		endloop
	endfacet
	facet normal 0 0 1
		outer loop
			vertex 11.696242332458496 1.8499999046325684 0.6000000238418584
			vertex 11.724869728088379 1.975423812866211 0.6000000238418584
			vertex 11.696242332458496 1.9786491394042969 0.6000000238418584
		endloop
	endfacet
	facet normal 0 0 1
		outer loop
			vertex 11.821666717529297 1.878627061843872 0.6000000238418584
			vertex 11.812150955200195 1.9058187007904053 0.6000000238418584
			vertex 11.696242332458496 1.8499999046325684 0.6000000238418584
		endloop
	endfacet
	facet normal 0 0 1
		outer loop
			vertex 11.696242332458496 1.8499999046325684 0.6000000238418584
			vertex 11.812150955200195 1.9058187007904053 0.6000000238418584
			vertex 11.79682445526123 1.9302115440368652 0.6000000238418584
		endloop
	endfacet
	facet normal 0 0 1
		outer loop
			vertex 11.696242332458496 1.8499999046325684 0.6000000238418584
			vertex 11.79682445526123 1.9302115440368652 0.6000000238418584
			vertex 11.776453971862793 1.9505820274353027 0.6000000238418584
		endloop
	endfacet
	facet normal 0 0 1
		outer loop
			vertex 11.812150955200195 1.7941811084747314 0.6000000238418584
			vertex 11.821666717529297 1.8213727474212646 0.6000000238418584
			vertex 11.696242332458496 1.8499999046325684 0.6000000238418584
		endloop
	endfacet
	facet normal 0 0 1
		outer loop
			vertex 11.696242332458496 1.8499999046325684 0.6000000238418584
			vertex 11.821666717529297 1.8213727474212646 0.6000000238418584
			vertex 11.824892044067383 1.8499999046325684 0.6000000238418584
		endloop
	endfacet
	facet normal 0 0 1
		outer loop
			vertex 11.696242332458496 1.8499999046325684 0.6000000238418584
			vertex 11.824892044067383 1.8499999046325684 0.6000000238418584
			vertex 11.821666717529297 1.878627061843872 0.6000000238418584
		endloop
	endfacet
	facet normal -4.620358117868982e-16 7.353359670152308e-16 1
		outer loop
			vertex 11.752060890197754 1.734090805053711 0.6000000238418585
			vertex 11.776453971862793 1.749417781829834 0.6000000238418585
			vertex 11.696242332458496 1.8499999046325684 0.6000000238418584
		endloop
	endfacet
	facet normal 2.4180364611559723e-15 3.0321190550862953e-15 1
		outer loop
			vertex 11.696242332458496 1.8499999046325684 0.6000000238418584
			vertex 11.776453971862793 1.749417781829834 0.6000000238418585
			vertex 11.79682445526123 1.7697882652282715 0.6000000238418584
		endloop
	endfacet
	facet normal 0 0 1
		outer loop
			vertex 11.696242332458496 1.8499999046325684 0.6000000238418584
			vertex 11.79682445526123 1.7697882652282715 0.6000000238418584
			vertex 11.812150955200195 1.7941811084747314 0.6000000238418584
		endloop
	endfacet
	facet normal 9.723903447035373e-17 8.629829544523935e-16 1
		outer loop
			vertex 11.66761589050293 1.7245759963989258 0.6000000238418585
			vertex 11.696242332458496 1.7213504314422607 0.6000000238418585
			vertex 11.696242332458496 1.8499999046325684 0.6000000238418584
		endloop
	endfacet
	facet normal -9.723579511281923e-17 8.629829544523934e-16 1
		outer loop
			vertex 11.696242332458496 1.8499999046325684 0.6000000238418584
			vertex 11.696242332458496 1.7213504314422607 0.6000000238418585
			vertex 11.724869728088379 1.7245759963989258 0.6000000238418585
		endloop
	endfacet
	facet normal -2.868345388411381e-16 8.197079654644211e-16 1
		outer loop
			vertex 11.696242332458496 1.8499999046325684 0.6000000238418584
			vertex 11.724869728088379 1.7245759963989258 0.6000000238418585
			vertex 11.752060890197754 1.734090805053711 0.6000000238418585
		endloop
	endfacet
	facet normal -2.4180364611559723e-15 3.0321190550862953e-15 1
		outer loop
			vertex 11.595660209655762 1.7697882652282715 0.6000000238418584
			vertex 11.6160306930542 1.749417781829834 0.6000000238418585
			vertex 11.696242332458496 1.8499999046325684 0.6000000238418584
		endloop
	endfacet
	facet normal 4.620358117868982e-16 7.353359670152308e-16 1
		outer loop
			vertex 11.696242332458496 1.8499999046325684 0.6000000238418584
			vertex 11.6160306930542 1.749417781829834 0.6000000238418585
			vertex 11.640423774719238 1.734090805053711 0.6000000238418585
		endloop
	endfacet
	facet normal 2.868259297523806e-16 8.197121113590888e-16 1
		outer loop
			vertex 11.696242332458496 1.8499999046325684 0.6000000238418584
			vertex 11.640423774719238 1.734090805053711 0.6000000238418585
			vertex 11.66761589050293 1.7245759963989258 0.6000000238418585
		endloop
	endfacet
	facet normal 0 0 1
		outer loop
			vertex 11.567593574523926 1.8499999046325684 0.6000000238418584
			vertex 11.570818901062012 1.8213727474212646 0.6000000238418584
			vertex 11.696242332458496 1.8499999046325684 0.6000000238418584
		endloop
	endfacet
	facet normal 0 0 1
		outer loop
			vertex 11.696242332458496 1.8499999046325684 0.6000000238418584
			vertex 11.570818901062012 1.8213727474212646 0.6000000238418584
			vertex 11.580333709716797 1.7941811084747314 0.6000000238418584
		endloop
	endfacet
	facet normal 0 0 1
		outer loop
			vertex 11.696242332458496 1.8499999046325684 0.6000000238418584
			vertex 11.580333709716797 1.7941811084747314 0.6000000238418584
			vertex 11.595660209655762 1.7697882652282715 0.6000000238418584
		endloop
	endfacet
	facet normal 0 0 1
		outer loop
			vertex 11.595660209655762 1.9302115440368652 0.6000000238418584
			vertex 11.580333709716797 1.9058187007904053 0.6000000238418584
			vertex 11.696242332458496 1.8499999046325684 0.6000000238418584
		endloop
	endfacet
	facet normal 0 0 1
		outer loop
			vertex 11.696242332458496 1.8499999046325684 0.6000000238418584
			vertex 11.580333709716797 1.9058187007904053 0.6000000238418584
			vertex 11.570818901062012 1.878627061843872 0.6000000238418584
		endloop
	endfacet
	facet normal 0 0 1
		outer loop
			vertex 11.696242332458496 1.8499999046325684 0.6000000238418584
			vertex 11.570818901062012 1.878627061843872 0.6000000238418584
			vertex 11.567593574523926 1.8499999046325684 0.6000000238418584
		endloop
	endfacet
	facet normal 0 0 1
		outer loop
			vertex 11.66761589050293 1.975423812866211 0.6000000238418584
			vertex 11.640423774719238 1.9659090042114258 0.6000000238418584
			vertex 11.696242332458496 1.8499999046325684 0.6000000238418584
		endloop
	endfacet
	facet normal 0 0 1
		outer loop
			vertex 11.696242332458496 1.8499999046325684 0.6000000238418584
			vertex 11.640423774719238 1.9659090042114258 0.6000000238418584
			vertex 11.6160306930542 1.9505820274353027 0.6000000238418584
		endloop
	endfacet
	facet normal 0 0 1
		outer loop
			vertex 11.696242332458496 1.8499999046325684 0.6000000238418584
			vertex 11.6160306930542 1.9505820274353027 0.6000000238418584
			vertex 11.595660209655762 1.9302115440368652 0.6000000238418584
		endloop
	endfacet
	facet normal 0 -2.220446049250313e-16 -1
		outer loop
			vertex 11.696242332458496 1.9786491394042969 4.488300532558449e-16
			vertex 11.724869728088379 1.975423812866211 4.495462196127484e-16
			vertex 11.696242332458496 1.8499999046325684 4.77395921764641e-16
		endloop
	endfacet
	facet normal 0 -2.220446049250313e-16 -1
		outer loop
			vertex 11.6160306930542 1.9505820274353027 4.550622040443869e-16
			vertex 11.640423774719238 1.9659090042114258 4.516589315414375e-16
			vertex 11.696242332458496 1.8499999046325684 4.77395921764641e-16
		endloop
	endfacet
	facet normal 0 -2.220446049250313e-16 -1
		outer loop
			vertex 11.696242332458496 1.8499999046325684 4.77395921764641e-16
			vertex 11.640423774719238 1.9659090042114258 4.516589315414375e-16
			vertex 11.66761589050293 1.975423812866211 4.495462196127484e-16
		endloop
	endfacet
	facet normal 0 -2.220446049250313e-16 -1
		outer loop
			vertex 11.696242332458496 1.8499999046325684 4.77395921764641e-16
			vertex 11.66761589050293 1.975423812866211 4.495462196127484e-16
			vertex 11.696242332458496 1.9786491394042969 4.488300532558449e-16
		endloop
	endfacet
	facet normal 0 -2.220446049250313e-16 -1
		outer loop
			vertex 11.570818901062012 1.878627061843872 4.710394159515303e-16
			vertex 11.580333709716797 1.9058187007904053 4.650016592243832e-16
			vertex 11.696242332458496 1.8499999046325684 4.77395921764641e-16
		endloop
	endfacet
	facet normal 0 -2.220446049250313e-16 -1
		outer loop
			vertex 11.696242332458496 1.8499999046325684 4.77395921764641e-16
			vertex 11.580333709716797 1.9058187007904053 4.650016592243832e-16
			vertex 11.595660209655762 1.9302115440368652 4.595853599827248e-16
		endloop
	endfacet
	facet normal 0 -2.220446049250313e-16 -1
		outer loop
			vertex 11.696242332458496 1.8499999046325684 4.77395921764641e-16
			vertex 11.595660209655762 1.9302115440368652 4.595853599827248e-16
			vertex 11.6160306930542 1.9505820274353027 4.550622040443869e-16
		endloop
	endfacet
	facet normal 0 -2.220446049250313e-16 -1
		outer loop
			vertex 11.580333709716797 1.7941811084747314 4.897901843048987e-16
			vertex 11.570818901062012 1.8213727474212646 4.837524275777517e-16
			vertex 11.696242332458496 1.8499999046325684 4.77395921764641e-16
		endloop
	endfacet
	facet normal 0 -2.220446049250313e-16 -1
		outer loop
			vertex 11.696242332458496 1.8499999046325684 4.77395921764641e-16
			vertex 11.570818901062012 1.8213727474212646 4.837524275777517e-16
			vertex 11.567593574523926 1.8499999046325684 4.77395921764641e-16
		endloop
	endfacet
	facet normal 0 -2.220446049250313e-16 -1
		outer loop
			vertex 11.696242332458496 1.8499999046325684 4.77395921764641e-16
			vertex 11.567593574523926 1.8499999046325684 4.77395921764641e-16
			vertex 11.570818901062012 1.878627061843872 4.710394159515303e-16
		endloop
	endfacet
	facet normal 0 -2.220446049250313e-16 -1
		outer loop
			vertex 11.640423774719238 1.734090805053711 5.031329119878445e-16
			vertex 11.6160306930542 1.749417781829834 4.997296394848951e-16
			vertex 11.696242332458496 1.8499999046325684 4.77395921764641e-16
		endloop
	endfacet
	facet normal 0 -2.220446049250313e-16 -1
		outer loop
			vertex 11.696242332458496 1.8499999046325684 4.77395921764641e-16
			vertex 11.6160306930542 1.749417781829834 4.997296394848951e-16
			vertex 11.595660209655762 1.7697882652282715 4.952064835465572e-16
		endloop
	endfacet
	facet normal 0 -2.220446049250313e-16 -1
		outer loop
			vertex 11.696242332458496 1.8499999046325684 4.77395921764641e-16
			vertex 11.595660209655762 1.7697882652282715 4.952064835465572e-16
			vertex 11.580333709716797 1.7941811084747314 4.897901843048987e-16
		endloop
	endfacet
	facet normal 0 -2.220446049250313e-16 -1
		outer loop
			vertex 11.724869728088379 1.7245759963989258 5.052456239165335e-16
			vertex 11.696242332458496 1.7213504314422607 5.059618432129963e-16
			vertex 11.696242332458496 1.8499999046325684 4.77395921764641e-16
		endloop
	endfacet
	facet normal 0 -2.220446049250313e-16 -1
		outer loop
			vertex 11.696242332458496 1.8499999046325684 4.77395921764641e-16
			vertex 11.696242332458496 1.7213504314422607 5.059618432129963e-16
			vertex 11.66761589050293 1.7245759963989258 5.052456239165335e-16
		endloop
	endfacet
	facet normal 0 -2.220446049250313e-16 -1
		outer loop
			vertex 11.696242332458496 1.8499999046325684 4.77395921764641e-16
			vertex 11.66761589050293 1.7245759963989258 5.052456239165335e-16
			vertex 11.640423774719238 1.734090805053711 5.031329119878445e-16
		endloop
	endfacet
	facet normal 0 -2.220446049250313e-16 -1
		outer loop
			vertex 11.79682445526123 1.7697882652282715 4.952064835465572e-16
			vertex 11.776453971862793 1.749417781829834 4.997296394848951e-16
			vertex 11.696242332458496 1.8499999046325684 4.77395921764641e-16
		endloop
	endfacet
	facet normal 0 -2.220446049250313e-16 -1
		outer loop
			vertex 11.696242332458496 1.8499999046325684 4.77395921764641e-16
			vertex 11.776453971862793 1.749417781829834 4.997296394848951e-16
			vertex 11.752060890197754 1.734090805053711 5.031329119878445e-16
		endloop
	endfacet
	facet normal 0 -2.220446049250313e-16 -1
		outer loop
			vertex 11.696242332458496 1.8499999046325684 4.77395921764641e-16
			vertex 11.752060890197754 1.734090805053711 5.031329119878445e-16
			vertex 11.724869728088379 1.7245759963989258 5.052456239165335e-16
		endloop
	endfacet
	facet normal 0 -2.220446049250313e-16 -1
		outer loop
			vertex 11.824892044067383 1.8499999046325684 4.77395921764641e-16
			vertex 11.821666717529297 1.8213727474212646 4.837524275777517e-16
			vertex 11.696242332458496 1.8499999046325684 4.77395921764641e-16
		endloop
	endfacet
	facet normal 0 -2.220446049250313e-16 -1
		outer loop
			vertex 11.696242332458496 1.8499999046325684 4.77395921764641e-16
			vertex 11.821666717529297 1.8213727474212646 4.837524275777517e-16
			vertex 11.812150955200195 1.7941811084747314 4.897901843048987e-16
		endloop
	endfacet
	facet normal 0 -2.220446049250313e-16 -1
		outer loop
			vertex 11.696242332458496 1.8499999046325684 4.77395921764641e-16
			vertex 11.812150955200195 1.7941811084747314 4.897901843048987e-16
			vertex 11.79682445526123 1.7697882652282715 4.952064835465572e-16
		endloop
	endfacet
	facet normal 0 -2.220446049250313e-16 -1
		outer loop
			vertex 11.79682445526123 1.9302115440368652 4.595853599827248e-16
			vertex 11.812150955200195 1.9058187007904053 4.650016592243832e-16
			vertex 11.696242332458496 1.8499999046325684 4.77395921764641e-16
		endloop
	endfacet
	facet normal 0 -2.220446049250313e-16 -1
		outer loop
			vertex 11.696242332458496 1.8499999046325684 4.77395921764641e-16
			vertex 11.812150955200195 1.9058187007904053 4.650016592243832e-16
			vertex 11.821666717529297 1.878627061843872 4.710394159515303e-16
		endloop
	endfacet
	facet normal 0 -2.220446049250313e-16 -1
		outer loop
			vertex 11.696242332458496 1.8499999046325684 4.77395921764641e-16
			vertex 11.821666717529297 1.878627061843872 4.710394159515303e-16
			vertex 11.824892044067383 1.8499999046325684 4.77395921764641e-16
		endloop
	endfacet
	facet normal 0 -2.220446049250313e-16 -1
		outer loop
			vertex 11.724869728088379 1.975423812866211 4.495462196127484e-16
			vertex 11.752060890197754 1.9659090042114258 4.516589315414375e-16
			vertex 11.696242332458496 1.8499999046325684 4.77395921764641e-16
		endloop
	endfacet
	facet normal 0 -2.220446049250313e-16 -1
		outer loop
			vertex 11.696242332458496 1.8499999046325684 4.77395921764641e-16
			vertex 11.752060890197754 1.9659090042114258 4.516589315414375e-16
			vertex 11.776453971862793 1.9505820274353027 4.550622040443869e-16
		endloop
	endfacet
	facet normal 0 -2.220446049250313e-16 -1
		outer loop
			vertex 11.696242332458496 1.8499999046325684 4.77395921764641e-16
			vertex 11.776453971862793 1.9505820274353027 4.550622040443869e-16
			vertex 11.79682445526123 1.9302115440368652 4.595853599827248e-16
		endloop
	endfacet
	facet normal 0.11196359968271272 0.9937123086417363 0
		outer loop
			vertex 11.696242332458496 2.2798452377319336 3.8195108459772396e-16
			vertex 11.725135803222656 2.2765897512435913 0.6000000238418582
			vertex 11.725135803222656 2.2765897512435913 3.826739478088667e-16
		endloop
	endfacet
	facet normal 0.33028613920719213 0.9438808538409958 0
		outer loop
			vertex 11.725135803222656 2.2765897512435913 3.826739478088667e-16
			vertex 11.725135803222656 2.2765897512435913 0.6000000238418582
			vertex 11.752579689025879 2.2669864892959595 0.6000000238418582
		endloop
	endfacet
	facet normal 0.33028613920719213 0.9438808538409958 0
		outer loop
			vertex 11.725135803222656 2.2765897512435913 3.826739478088667e-16
			vertex 11.752579689025879 2.2669864892959595 0.6000000238418582
			vertex 11.752579689025879 2.2669864892959595 3.848063003140202e-16
		endloop
	endfacet
	facet normal 0.5320228371523724 0.8467300046345001 0
		outer loop
			vertex 11.752579689025879 2.2669864892959595 3.848063003140202e-16
			vertex 11.752579689025879 2.2669864892959595 0.6000000238418582
			vertex 11.777199745178223 2.2515170574188232 0.6000000238418582
		endloop
	endfacet
	facet normal 0.5320228371523724 0.8467300046345001 0
		outer loop
			vertex 11.752579689025879 2.2669864892959595 3.848063003140202e-16
			vertex 11.777199745178223 2.2515170574188232 0.6000000238418582
			vertex 11.777199745178223 2.2515170574188232 3.882412042035936e-16
		endloop
	endfacet
	facet normal 0.7071170310271855 0.7070965311973312 0
		outer loop
			vertex 11.777199745178223 2.2515170574188232 3.882412042035936e-16
			vertex 11.777199745178223 2.2515170574188232 0.6000000238418582
			vertex 11.797759056091309 2.2309571504592896 0.6000000238418584
		endloop
	endfacet
	facet normal 0.7071170310271855 0.7070965311973312 0
		outer loop
			vertex 11.777199745178223 2.2515170574188232 3.882412042035936e-16
			vertex 11.797759056091309 2.2309571504592896 0.6000000238418584
			vertex 11.797759056091309 2.2309571504592896 3.9280642062171865e-16
		endloop
	endfacet
	facet normal 0.8467223552883284 0.532035011117676 0
		outer loop
			vertex 11.797759056091309 2.2309571504592896 3.9280642062171865e-16
			vertex 11.797759056091309 2.2309571504592896 0.6000000238418584
			vertex 11.813228607177734 2.2063376903533936 0.6000000238418584
		endloop
	endfacet
	facet normal 0.8467223552883284 0.532035011117676 0
		outer loop
			vertex 11.797759056091309 2.2309571504592896 3.9280642062171865e-16
			vertex 11.813228607177734 2.2063376903533936 0.6000000238418584
			vertex 11.813228607177734 2.2063376903533936 3.982730389143999e-16
		endloop
	endfacet
	facet normal 0.9438805338161056 0.33028705376236517 0
		outer loop
			vertex 11.813228607177734 2.2063376903533936 3.982730389143999e-16
			vertex 11.813228607177734 2.2063376903533936 0.6000000238418584
			vertex 11.822832107543945 2.178893208503723 0.6000000238418584
		endloop
	endfacet
	facet normal 0.9438805338161056 0.33028705376236517 0
		outer loop
			vertex 11.813228607177734 2.2063376903533936 3.982730389143999e-16
			vertex 11.822832107543945 2.178893208503723 0.6000000238418584
			vertex 11.822832107543945 2.178893208503723 4.0436693804408216e-16
		endloop
	endfacet
	facet normal 0.9937108887097135 0.11197620130970477 0
		outer loop
			vertex 11.822832107543945 2.178893208503723 4.0436693804408216e-16
			vertex 11.822832107543945 2.178893208503723 0.6000000238418584
			vertex 11.826087951660156 2.1499998569488525 0.6000000238418584
		endloop
	endfacet
	facet normal 0.9937108887097135 0.11197620130970477 0
		outer loop
			vertex 11.822832107543945 2.178893208503723 4.0436693804408216e-16
			vertex 11.826087951660156 2.1499998569488525 0.6000000238418584
			vertex 11.826087951660156 2.1499998569488525 4.1078255087504344e-16
		endloop
	endfacet
	facet normal 0.9937108373022304 -0.11197665751441374 0
		outer loop
			vertex 11.826087951660156 2.1499998569488525 4.1078255087504344e-16
			vertex 11.826087951660156 2.1499998569488525 0.6000000238418584
			vertex 11.822832107543945 2.1211066246032715 0.6000000238418584
		endloop
	endfacet
	facet normal 0.9937108373022304 -0.11197665751441374 0
		outer loop
			vertex 11.826087951660156 2.1499998569488525 4.1078255087504344e-16
			vertex 11.822832107543945 2.1211066246032715 0.6000000238418584
			vertex 11.822832107543945 2.1211066246032715 4.171981372362251e-16
		endloop
	endfacet
	facet normal 0.9438805338161056 -0.33028705376236517 0
		outer loop
			vertex 11.822832107543945 2.1211066246032715 4.171981372362251e-16
			vertex 11.822832107543945 2.1211066246032715 0.6000000238418584
			vertex 11.813228607177734 2.093662142753601 0.6000000238418584
		endloop
	endfacet
	facet normal 0.9438805338161056 -0.33028705376236517 0
		outer loop
			vertex 11.822832107543945 2.1211066246032715 4.171981372362251e-16
			vertex 11.813228607177734 2.093662142753601 0.6000000238418584
			vertex 11.813228607177734 2.093662142753601 4.232920363659074e-16
		endloop
	endfacet
	facet normal 0.8467223552883284 -0.532035011117676 0
		outer loop
			vertex 11.813228607177734 2.093662142753601 4.232920363659074e-16
			vertex 11.813228607177734 2.093662142753601 0.6000000238418584
			vertex 11.797759056091309 2.069042682647705 0.6000000238418584
		endloop
	endfacet
	facet normal 0.8467223552883284 -0.532035011117676 0
		outer loop
			vertex 11.813228607177734 2.093662142753601 4.232920363659074e-16
			vertex 11.797759056091309 2.069042682647705 0.6000000238418584
			vertex 11.797759056091309 2.069042682647705 4.2875865465858863e-16
		endloop
	endfacet
	facet normal 0.7071170310271855 -0.7070965311973312 0
		outer loop
			vertex 11.797759056091309 2.069042682647705 4.2875865465858863e-16
			vertex 11.797759056091309 2.069042682647705 0.6000000238418584
			vertex 11.777199745178223 2.0484827756881714 0.6000000238418584
		endloop
	endfacet
	facet normal 0.7071170310271855 -0.7070965311973312 0
		outer loop
			vertex 11.797759056091309 2.069042682647705 4.2875865465858863e-16
			vertex 11.777199745178223 2.0484827756881714 0.6000000238418584
			vertex 11.777199745178223 2.0484827756881714 4.333238710767137e-16
		endloop
	endfacet
	facet normal 0.532025776523938 -0.8467281577425548 0
		outer loop
			vertex 11.777199745178223 2.0484827756881714 4.333238710767137e-16
			vertex 11.777199745178223 2.0484827756881714 0.6000000238418584
			vertex 11.752579689025879 2.0330132246017456 0.6000000238418584
		endloop
	endfacet
	facet normal 0.532025776523938 -0.8467281577425548 0
		outer loop
			vertex 11.777199745178223 2.0484827756881714 4.333238710767137e-16
			vertex 11.752579689025879 2.0330132246017456 0.6000000238418584
			vertex 11.752579689025879 2.0330132246017456 4.367588014360667e-16
		endloop
	endfacet
	facet normal 0.3302824864827681 -0.9438821320073605 0
		outer loop
			vertex 11.752579689025879 2.0330132246017456 4.367588014360667e-16
			vertex 11.752579689025879 2.0330132246017456 0.6000000238418584
			vertex 11.725135803222656 2.0234100818634033 0.6000000238418584
		endloop
	endfacet
	facet normal 0.3302824864827681 -0.9438821320073605 0
		outer loop
			vertex 11.752579689025879 2.0330132246017456 4.367588014360667e-16
			vertex 11.725135803222656 2.0234100818634033 0.6000000238418584
			vertex 11.725135803222656 2.0234100818634033 4.388911274714406e-16
		endloop
	endfacet
	facet normal 0.11196359968271272 -0.9937123086417363 0
		outer loop
			vertex 11.725135803222656 2.0234100818634033 4.388911274714406e-16
			vertex 11.725135803222656 2.0234100818634033 0.6000000238418584
			vertex 11.696242332458496 2.020154595375061 0.6000000238418584
		endloop
	endfacet
	facet normal 0.11196359968271272 -0.9937123086417363 0
		outer loop
			vertex 11.725135803222656 2.0234100818634033 4.388911274714406e-16
			vertex 11.696242332458496 2.020154595375061 0.6000000238418584
			vertex 11.696242332458496 2.020154595375061 4.3961399068258333e-16
		endloop
	endfacet
	facet normal -0.11196359968271272 -0.9937123086417363 0
		outer loop
			vertex 11.696242332458496 2.020154595375061 4.3961399068258333e-16
			vertex 11.696242332458496 2.020154595375061 0.6000000238418584
			vertex 11.667348861694336 2.0234100818634033 0.6000000238418584
		endloop
	endfacet
	facet normal -0.11196359968271272 -0.9937123086417363 0
		outer loop
			vertex 11.696242332458496 2.020154595375061 4.3961399068258333e-16
			vertex 11.667348861694336 2.0234100818634033 0.6000000238418584
			vertex 11.667348861694336 2.0234100818634033 4.388911274714406e-16
		endloop
	endfacet
	facet normal -0.3302824864827681 -0.9438821320073605 0
		outer loop
			vertex 11.667348861694336 2.0234100818634033 4.388911274714406e-16
			vertex 11.667348861694336 2.0234100818634033 0.6000000238418584
			vertex 11.639904975891113 2.0330132246017456 0.6000000238418584
		endloop
	endfacet
	facet normal -0.3302824864827681 -0.9438821320073605 0
		outer loop
			vertex 11.667348861694336 2.0234100818634033 4.388911274714406e-16
			vertex 11.639904975891113 2.0330132246017456 0.6000000238418584
			vertex 11.639904975891113 2.0330132246017456 4.367588014360667e-16
		endloop
	endfacet
	facet normal -0.5320405519974201 -0.8467188736707602 0
		outer loop
			vertex 11.639904975891113 2.0330132246017456 4.367588014360667e-16
			vertex 11.639904975891113 2.0330132246017456 0.6000000238418584
			vertex 11.615285873413086 2.0484827756881714 0.6000000238418584
		endloop
	endfacet
	facet normal -0.5320405519974201 -0.8467188736707602 0
		outer loop
			vertex 11.639904975891113 2.0330132246017456 4.367588014360667e-16
			vertex 11.615285873413086 2.0484827756881714 0.6000000238418584
			vertex 11.615285873413086 2.0484827756881714 4.333238710767137e-16
		endloop
	endfacet
	facet normal -0.7071006313534799 -0.7071129309661295 0
		outer loop
			vertex 11.615285873413086 2.0484827756881714 4.333238710767137e-16
			vertex 11.615285873413086 2.0484827756881714 0.6000000238418584
			vertex 11.594725608825684 2.069042682647705 0.6000000238418584
		endloop
	endfacet
	facet normal -0.7071006313534799 -0.7071129309661295 0
		outer loop
			vertex 11.615285873413086 2.0484827756881714 4.333238710767137e-16
			vertex 11.594725608825684 2.069042682647705 0.6000000238418584
			vertex 11.594725608825684 2.069042682647705 4.2875865465858863e-16
		endloop
	endfacet
	facet normal -0.8467223552883284 -0.532035011117676 0
		outer loop
			vertex 11.594725608825684 2.069042682647705 4.2875865465858863e-16
			vertex 11.594725608825684 2.069042682647705 0.6000000238418584
			vertex 11.579256057739258 2.093662142753601 0.6000000238418584
		endloop
	endfacet
	facet normal -0.8467223552883284 -0.532035011117676 0
		outer loop
			vertex 11.594725608825684 2.069042682647705 4.2875865465858863e-16
			vertex 11.579256057739258 2.093662142753601 0.6000000238418584
			vertex 11.579256057739258 2.093662142753601 4.232920363659074e-16
		endloop
	endfacet
	facet normal -0.9438805338161056 -0.33028705376236517 0
		outer loop
			vertex 11.579256057739258 2.093662142753601 4.232920363659074e-16
			vertex 11.579256057739258 2.093662142753601 0.6000000238418584
			vertex 11.569652557373047 2.1211066246032715 0.6000000238418584
		endloop
	endfacet
	facet normal -0.9438805338161056 -0.33028705376236517 0
		outer loop
			vertex 11.579256057739258 2.093662142753601 4.232920363659074e-16
			vertex 11.569652557373047 2.1211066246032715 0.6000000238418584
			vertex 11.569652557373047 2.1211066246032715 4.171981372362251e-16
		endloop
	endfacet
	facet normal -0.9937144864402647 -0.11194426934310193 0
		outer loop
			vertex 11.569652557373047 2.1211066246032715 4.171981372362251e-16
			vertex 11.569652557373047 2.1211066246032715 0.6000000238418584
			vertex 11.566397666931152 2.1499998569488525 0.6000000238418584
		endloop
	endfacet
	facet normal -0.9937144864402647 -0.11194426934310193 0
		outer loop
			vertex 11.569652557373047 2.1211066246032715 4.171981372362251e-16
			vertex 11.566397666931152 2.1499998569488525 0.6000000238418584
			vertex 11.566397666931152 2.1499998569488525 4.1078255087504344e-16
		endloop
	endfacet
	facet normal -0.9937145378182026 0.1119438132669962 0
		outer loop
			vertex 11.566397666931152 2.1499998569488525 4.1078255087504344e-16
			vertex 11.566397666931152 2.1499998569488525 0.6000000238418584
			vertex 11.569652557373047 2.178893208503723 0.6000000238418584
		endloop
	endfacet
	facet normal -0.9937145378182026 0.1119438132669962 0
		outer loop
			vertex 11.566397666931152 2.1499998569488525 4.1078255087504344e-16
			vertex 11.569652557373047 2.178893208503723 0.6000000238418584
			vertex 11.569652557373047 2.178893208503723 4.0436693804408216e-16
		endloop
	endfacet
	facet normal -0.9438805338161056 0.33028705376236517 0
		outer loop
			vertex 11.569652557373047 2.178893208503723 4.0436693804408216e-16
			vertex 11.569652557373047 2.178893208503723 0.6000000238418584
			vertex 11.579256057739258 2.2063376903533936 0.6000000238418584
		endloop
	endfacet
	facet normal -0.9438805338161056 0.33028705376236517 0
		outer loop
			vertex 11.569652557373047 2.178893208503723 4.0436693804408216e-16
			vertex 11.579256057739258 2.2063376903533936 0.6000000238418584
			vertex 11.579256057739258 2.2063376903533936 3.982730389143999e-16
		endloop
	endfacet
	facet normal -0.8467223552883284 0.532035011117676 0
		outer loop
			vertex 11.579256057739258 2.2063376903533936 3.982730389143999e-16
			vertex 11.579256057739258 2.2063376903533936 0.6000000238418584
			vertex 11.594725608825684 2.2309571504592896 0.6000000238418584
		endloop
	endfacet
	facet normal -0.8467223552883284 0.532035011117676 0
		outer loop
			vertex 11.579256057739258 2.2063376903533936 3.982730389143999e-16
			vertex 11.594725608825684 2.2309571504592896 0.6000000238418584
			vertex 11.594725608825684 2.2309571504592896 3.9280642062171865e-16
		endloop
	endfacet
	facet normal -0.7071006313534799 0.7071129309661295 0
		outer loop
			vertex 11.594725608825684 2.2309571504592896 3.9280642062171865e-16
			vertex 11.594725608825684 2.2309571504592896 0.6000000238418584
			vertex 11.615285873413086 2.2515170574188232 0.6000000238418582
		endloop
	endfacet
	facet normal -0.7071006313534799 0.7071129309661295 0
		outer loop
			vertex 11.594725608825684 2.2309571504592896 3.9280642062171865e-16
			vertex 11.615285873413086 2.2515170574188232 0.6000000238418582
			vertex 11.615285873413086 2.2515170574188232 3.882412042035936e-16
		endloop
	endfacet
	facet normal -0.5320376126086811 0.8467207206450394 0
		outer loop
			vertex 11.615285873413086 2.2515170574188232 3.882412042035936e-16
			vertex 11.615285873413086 2.2515170574188232 0.6000000238418582
			vertex 11.639904975891113 2.2669864892959595 0.6000000238418582
		endloop
	endfacet
	facet normal -0.5320376126086811 0.8467207206450394 0
		outer loop
			vertex 11.615285873413086 2.2515170574188232 3.882412042035936e-16
			vertex 11.639904975891113 2.2669864892959595 0.6000000238418582
			vertex 11.639904975891113 2.2669864892959595 3.848063003140202e-16
		endloop
	endfacet
	facet normal -0.33028613920719213 0.9438808538409958 0
		outer loop
			vertex 11.639904975891113 2.2669864892959595 3.848063003140202e-16
			vertex 11.639904975891113 2.2669864892959595 0.6000000238418582
			vertex 11.667348861694336 2.2765897512435913 0.6000000238418582
		endloop
	endfacet
	facet normal -0.33028613920719213 0.9438808538409958 0
		outer loop
			vertex 11.639904975891113 2.2669864892959595 3.848063003140202e-16
			vertex 11.667348861694336 2.2765897512435913 0.6000000238418582
			vertex 11.667348861694336 2.2765897512435913 3.826739478088667e-16
		endloop
	endfacet
	facet normal -0.11196359968271272 0.9937123086417363 0
		outer loop
			vertex 11.667348861694336 2.2765897512435913 3.826739478088667e-16
			vertex 11.667348861694336 2.2765897512435913 0.6000000238418582
			vertex 11.696242332458496 2.2798452377319336 0.6000000238418582
		endloop
	endfacet
	facet normal -0.11196359968271272 0.9937123086417363 0
		outer loop
			vertex 11.667348861694336 2.2765897512435913 3.826739478088667e-16
			vertex 11.696242332458496 2.2798452377319336 0.6000000238418582
			vertex 11.696242332458496 2.2798452377319336 3.8195108459772396e-16
		endloop
	endfacet
	facet normal 0.11196359968271272 0.9937123086417363 0
		outer loop
			vertex 11.696242332458496 2.2798452377319336 3.8195108459772396e-16
			vertex 11.696242332458496 2.2798452377319336 0.6000000238418582
			vertex 11.725135803222656 2.2765897512435913 0.6000000238418582
		endloop
	endfacet
	facet normal -9.633850643356308e-17 8.550346711831735e-16 1
		outer loop
			vertex 11.696242332458496 2.2798452377319336 0.6000000238418582
			vertex 11.667348861694336 2.2765897512435913 0.6000000238418582
			vertex 11.696242332458496 2.1499998569488525 0.6000000238418584
		endloop
	endfacet
	facet normal 4.57776686492104e-16 7.285650705328878e-16 1
		outer loop
			vertex 11.777199745178223 2.2515170574188232 0.6000000238418582
			vertex 11.752579689025879 2.2669864892959595 0.6000000238418582
			vertex 11.696242332458496 2.1499998569488525 0.6000000238418584
		endloop
	endfacet
	facet normal 2.841931564817451e-16 8.121578454356045e-16 1
		outer loop
			vertex 11.696242332458496 2.1499998569488525 0.6000000238418584
			vertex 11.752579689025879 2.2669864892959595 0.6000000238418582
			vertex 11.725135803222656 2.2765897512435913 0.6000000238418582
		endloop
	endfacet
	facet normal 9.633850643356308e-17 8.550346711831735e-16 1
		outer loop
			vertex 11.696242332458496 2.1499998569488525 0.6000000238418584
			vertex 11.725135803222656 2.2765897512435913 0.6000000238418582
			vertex 11.696242332458496 2.2798452377319336 0.6000000238418582
		endloop
	endfacet
	facet normal 0 0 1
		outer loop
			vertex 11.822832107543945 2.178893208503723 0.6000000238418584
			vertex 11.813228607177734 2.2063376903533936 0.6000000238418584
			vertex 11.696242332458496 2.1499998569488525 0.6000000238418584
		endloop
	endfacet
	facet normal 0 0 1
		outer loop
			vertex 11.696242332458496 2.1499998569488525 0.6000000238418584
			vertex 11.813228607177734 2.2063376903533936 0.6000000238418584
			vertex 11.797759056091309 2.2309571504592896 0.6000000238418584
		endloop
	endfacet
	facet normal -2.3957948031142364e-15 3.0042165240778626e-15 1
		outer loop
			vertex 11.696242332458496 2.1499998569488525 0.6000000238418584
			vertex 11.797759056091309 2.2309571504592896 0.6000000238418584
			vertex 11.777199745178223 2.2515170574188232 0.6000000238418582
		endloop
	endfacet
	facet normal 0 0 1
		outer loop
			vertex 11.813228607177734 2.093662142753601 0.6000000238418584
			vertex 11.822832107543945 2.1211066246032715 0.6000000238418584
			vertex 11.696242332458496 2.1499998569488525 0.6000000238418584
		endloop
	endfacet
	facet normal 0 0 1
		outer loop
			vertex 11.696242332458496 2.1499998569488525 0.6000000238418584
			vertex 11.822832107543945 2.1211066246032715 0.6000000238418584
			vertex 11.826087951660156 2.1499998569488525 0.6000000238418584
		endloop
	endfacet
	facet normal 0 0 1
		outer loop
			vertex 11.696242332458496 2.1499998569488525 0.6000000238418584
			vertex 11.826087951660156 2.1499998569488525 0.6000000238418584
			vertex 11.822832107543945 2.178893208503723 0.6000000238418584
		endloop
	endfacet
	facet normal 0 0 1
		outer loop
			vertex 11.752579689025879 2.0330132246017456 0.6000000238418584
			vertex 11.777199745178223 2.0484827756881714 0.6000000238418584
			vertex 11.696242332458496 2.1499998569488525 0.6000000238418584
		endloop
	endfacet
	facet normal 0 0 1
		outer loop
			vertex 11.696242332458496 2.1499998569488525 0.6000000238418584
			vertex 11.777199745178223 2.0484827756881714 0.6000000238418584
			vertex 11.797759056091309 2.069042682647705 0.6000000238418584
		endloop
	endfacet
	facet normal 0 0 1
		outer loop
			vertex 11.696242332458496 2.1499998569488525 0.6000000238418584
			vertex 11.797759056091309 2.069042682647705 0.6000000238418584
			vertex 11.813228607177734 2.093662142753601 0.6000000238418584
		endloop
	endfacet
	facet normal 0 0 1
		outer loop
			vertex 11.667348861694336 2.0234100818634033 0.6000000238418584
			vertex 11.696242332458496 2.020154595375061 0.6000000238418584
			vertex 11.696242332458496 2.1499998569488525 0.6000000238418584
		endloop
	endfacet
	facet normal 0 0 1
		outer loop
			vertex 11.696242332458496 2.1499998569488525 0.6000000238418584
			vertex 11.696242332458496 2.020154595375061 0.6000000238418584
			vertex 11.725135803222656 2.0234100818634033 0.6000000238418584
		endloop
	endfacet
	facet normal 0 0 1
		outer loop
			vertex 11.696242332458496 2.1499998569488525 0.6000000238418584
			vertex 11.725135803222656 2.0234100818634033 0.6000000238418584
			vertex 11.752579689025879 2.0330132246017456 0.6000000238418584
		endloop
	endfacet
	facet normal 0 0 1
		outer loop
			vertex 11.594725608825684 2.069042682647705 0.6000000238418584
			vertex 11.615285873413086 2.0484827756881714 0.6000000238418584
			vertex 11.696242332458496 2.1499998569488525 0.6000000238418584
		endloop
	endfacet
	facet normal 0 0 1
		outer loop
			vertex 11.696242332458496 2.1499998569488525 0.6000000238418584
			vertex 11.615285873413086 2.0484827756881714 0.6000000238418584
			vertex 11.639904975891113 2.0330132246017456 0.6000000238418584
		endloop
	endfacet
	facet normal 0 0 1
		outer loop
			vertex 11.696242332458496 2.1499998569488525 0.6000000238418584
			vertex 11.639904975891113 2.0330132246017456 0.6000000238418584
			vertex 11.667348861694336 2.0234100818634033 0.6000000238418584
		endloop
	endfacet
	facet normal 0 0 1
		outer loop
			vertex 11.566397666931152 2.1499998569488525 0.6000000238418584
			vertex 11.569652557373047 2.1211066246032715 0.6000000238418584
			vertex 11.696242332458496 2.1499998569488525 0.6000000238418584
		endloop
	endfacet
	facet normal 0 0 1
		outer loop
			vertex 11.696242332458496 2.1499998569488525 0.6000000238418584
			vertex 11.569652557373047 2.1211066246032715 0.6000000238418584
			vertex 11.579256057739258 2.093662142753601 0.6000000238418584
		endloop
	endfacet
	facet normal 0 0 1
		outer loop
			vertex 11.696242332458496 2.1499998569488525 0.6000000238418584
			vertex 11.579256057739258 2.093662142753601 0.6000000238418584
			vertex 11.594725608825684 2.069042682647705 0.6000000238418584
		endloop
	endfacet
	facet normal 0 0 1
		outer loop
			vertex 11.594725608825684 2.2309571504592896 0.6000000238418584
			vertex 11.579256057739258 2.2063376903533936 0.6000000238418584
			vertex 11.696242332458496 2.1499998569488525 0.6000000238418584
		endloop
	endfacet
	facet normal 0 0 1
		outer loop
			vertex 11.696242332458496 2.1499998569488525 0.6000000238418584
			vertex 11.579256057739258 2.2063376903533936 0.6000000238418584
			vertex 11.569652557373047 2.178893208503723 0.6000000238418584
		endloop
	endfacet
	facet normal 0 0 1
		outer loop
			vertex 11.696242332458496 2.1499998569488525 0.6000000238418584
			vertex 11.569652557373047 2.178893208503723 0.6000000238418584
			vertex 11.566397666931152 2.1499998569488525 0.6000000238418584
		endloop
	endfacet
	facet normal -2.841931564817451e-16 8.121578454356045e-16 1
		outer loop
			vertex 11.667348861694336 2.2765897512435913 0.6000000238418582
			vertex 11.639904975891113 2.2669864892959595 0.6000000238418582
			vertex 11.696242332458496 2.1499998569488525 0.6000000238418584
		endloop
	endfacet
	facet normal -4.577903000608723e-16 7.285585146344706e-16 1
		outer loop
			vertex 11.696242332458496 2.1499998569488525 0.6000000238418584
			vertex 11.639904975891113 2.2669864892959595 0.6000000238418582
			vertex 11.615285873413086 2.2515170574188232 0.6000000238418582
		endloop
	endfacet
	facet normal 2.3957454993411003e-15 3.0041546994133455e-15 1
		outer loop
			vertex 11.696242332458496 2.1499998569488525 0.6000000238418584
			vertex 11.615285873413086 2.2515170574188232 0.6000000238418582
			vertex 11.594725608825684 2.2309571504592896 0.6000000238418584
		endloop
	endfacet
	facet normal 0 -2.220446049250313e-16 -1
		outer loop
			vertex 11.696242332458496 2.2798452377319336 3.8195108459772396e-16
			vertex 11.725135803222656 2.2765897512435913 3.826739478088667e-16
			vertex 11.696242332458496 2.1499998569488525 4.1078255087504344e-16
		endloop
	endfacet
	facet normal 0 -2.220446049250313e-16 -1
		outer loop
			vertex 11.615285873413086 2.2515170574188232 3.882412042035936e-16
			vertex 11.639904975891113 2.2669864892959595 3.848063003140202e-16
			vertex 11.696242332458496 2.1499998569488525 4.1078255087504344e-16
		endloop
	endfacet
	facet normal 0 -2.220446049250313e-16 -1
		outer loop
			vertex 11.696242332458496 2.1499998569488525 4.1078255087504344e-16
			vertex 11.639904975891113 2.2669864892959595 3.848063003140202e-16
			vertex 11.667348861694336 2.2765897512435913 3.826739478088667e-16
		endloop
	endfacet
	facet normal 0 -2.220446049250313e-16 -1
		outer loop
			vertex 11.696242332458496 2.1499998569488525 4.1078255087504344e-16
			vertex 11.667348861694336 2.2765897512435913 3.826739478088667e-16
			vertex 11.696242332458496 2.2798452377319336 3.8195108459772396e-16
		endloop
	endfacet
	facet normal 0 -2.220446049250313e-16 -1
		outer loop
			vertex 11.569652557373047 2.178893208503723 4.0436693804408216e-16
			vertex 11.579256057739258 2.2063376903533936 3.982730389143999e-16
			vertex 11.696242332458496 2.1499998569488525 4.1078255087504344e-16
		endloop
	endfacet
	facet normal 0 -2.220446049250313e-16 -1
		outer loop
			vertex 11.696242332458496 2.1499998569488525 4.1078255087504344e-16
			vertex 11.579256057739258 2.2063376903533936 3.982730389143999e-16
			vertex 11.594725608825684 2.2309571504592896 3.9280642062171865e-16
		endloop
	endfacet
	facet normal 0 -2.220446049250313e-16 -1
		outer loop
			vertex 11.696242332458496 2.1499998569488525 4.1078255087504344e-16
			vertex 11.594725608825684 2.2309571504592896 3.9280642062171865e-16
			vertex 11.615285873413086 2.2515170574188232 3.882412042035936e-16
		endloop
	endfacet
	facet normal 0 -2.220446049250313e-16 -1
		outer loop
			vertex 11.579256057739258 2.093662142753601 4.232920363659074e-16
			vertex 11.569652557373047 2.1211066246032715 4.171981372362251e-16
			vertex 11.696242332458496 2.1499998569488525 4.1078255087504344e-16
		endloop
	endfacet
	facet normal 0 -2.220446049250313e-16 -1
		outer loop
			vertex 11.696242332458496 2.1499998569488525 4.1078255087504344e-16
			vertex 11.569652557373047 2.1211066246032715 4.171981372362251e-16
			vertex 11.566397666931152 2.1499998569488525 4.1078255087504344e-16
		endloop
	endfacet
	facet normal 0 -2.220446049250313e-16 -1
		outer loop
			vertex 11.696242332458496 2.1499998569488525 4.1078255087504344e-16
			vertex 11.566397666931152 2.1499998569488525 4.1078255087504344e-16
			vertex 11.569652557373047 2.178893208503723 4.0436693804408216e-16
		endloop
	endfacet
	facet normal 0 -2.220446049250313e-16 -1
		outer loop
			vertex 11.639904975891113 2.0330132246017456 4.367588014360667e-16
			vertex 11.615285873413086 2.0484827756881714 4.333238710767137e-16
			vertex 11.696242332458496 2.1499998569488525 4.1078255087504344e-16
		endloop
	endfacet
	facet normal 0 -2.220446049250313e-16 -1
		outer loop
			vertex 11.696242332458496 2.1499998569488525 4.1078255087504344e-16
			vertex 11.615285873413086 2.0484827756881714 4.333238710767137e-16
			vertex 11.594725608825684 2.069042682647705 4.2875865465858863e-16
		endloop
	endfacet
	facet normal 0 -2.220446049250313e-16 -1
		outer loop
			vertex 11.696242332458496 2.1499998569488525 4.1078255087504344e-16
			vertex 11.594725608825684 2.069042682647705 4.2875865465858863e-16
			vertex 11.579256057739258 2.093662142753601 4.232920363659074e-16
		endloop
	endfacet
	facet normal 0 -2.220446049250313e-16 -1
		outer loop
			vertex 11.725135803222656 2.0234100818634033 4.388911274714406e-16
			vertex 11.696242332458496 2.020154595375061 4.3961399068258333e-16
			vertex 11.696242332458496 2.1499998569488525 4.1078255087504344e-16
		endloop
	endfacet
	facet normal 0 -2.220446049250313e-16 -1
		outer loop
			vertex 11.696242332458496 2.1499998569488525 4.1078255087504344e-16
			vertex 11.696242332458496 2.020154595375061 4.3961399068258333e-16
			vertex 11.667348861694336 2.0234100818634033 4.388911274714406e-16
		endloop
	endfacet
	facet normal 0 -2.220446049250313e-16 -1
		outer loop
			vertex 11.696242332458496 2.1499998569488525 4.1078255087504344e-16
			vertex 11.667348861694336 2.0234100818634033 4.388911274714406e-16
			vertex 11.639904975891113 2.0330132246017456 4.367588014360667e-16
		endloop
	endfacet
	facet normal 0 -2.220446049250313e-16 -1
		outer loop
			vertex 11.797759056091309 2.069042682647705 4.2875865465858863e-16
			vertex 11.777199745178223 2.0484827756881714 4.333238710767137e-16
			vertex 11.696242332458496 2.1499998569488525 4.1078255087504344e-16
		endloop
	endfacet
	facet normal 0 -2.220446049250313e-16 -1
		outer loop
			vertex 11.696242332458496 2.1499998569488525 4.1078255087504344e-16
			vertex 11.777199745178223 2.0484827756881714 4.333238710767137e-16
			vertex 11.752579689025879 2.0330132246017456 4.367588014360667e-16
		endloop
	endfacet
	facet normal 0 -2.220446049250313e-16 -1
		outer loop
			vertex 11.696242332458496 2.1499998569488525 4.1078255087504344e-16
			vertex 11.752579689025879 2.0330132246017456 4.367588014360667e-16
			vertex 11.725135803222656 2.0234100818634033 4.388911274714406e-16
		endloop
	endfacet
	facet normal 0 -2.220446049250313e-16 -1
		outer loop
			vertex 11.826087951660156 2.1499998569488525 4.1078255087504344e-16
			vertex 11.822832107543945 2.1211066246032715 4.171981372362251e-16
			vertex 11.696242332458496 2.1499998569488525 4.1078255087504344e-16
		endloop
	endfacet
	facet normal 0 -2.220446049250313e-16 -1
		outer loop
			vertex 11.696242332458496 2.1499998569488525 4.1078255087504344e-16
			vertex 11.822832107543945 2.1211066246032715 4.171981372362251e-16
			vertex 11.813228607177734 2.093662142753601 4.232920363659074e-16
		endloop
	endfacet
	facet normal 0 -2.220446049250313e-16 -1
		outer loop
			vertex 11.696242332458496 2.1499998569488525 4.1078255087504344e-16
			vertex 11.813228607177734 2.093662142753601 4.232920363659074e-16
			vertex 11.797759056091309 2.069042682647705 4.2875865465858863e-16
		endloop
	endfacet
	facet normal 0 -2.220446049250313e-16 -1
		outer loop
			vertex 11.797759056091309 2.2309571504592896 3.9280642062171865e-16
			vertex 11.813228607177734 2.2063376903533936 3.982730389143999e-16
			vertex 11.696242332458496 2.1499998569488525 4.1078255087504344e-16
		endloop
	endfacet
	facet normal 0 -2.220446049250313e-16 -1
		outer loop
			vertex 11.696242332458496 2.1499998569488525 4.1078255087504344e-16
			vertex 11.813228607177734 2.2063376903533936 3.982730389143999e-16
			vertex 11.822832107543945 2.178893208503723 4.0436693804408216e-16
		endloop
	endfacet
	facet normal 0 -2.220446049250313e-16 -1
		outer loop
			vertex 11.696242332458496 2.1499998569488525 4.1078255087504344e-16
			vertex 11.822832107543945 2.178893208503723 4.0436693804408216e-16
			vertex 11.826087951660156 2.1499998569488525 4.1078255087504344e-16
		endloop
	endfacet
	facet normal 0 -2.220446049250313e-16 -1
		outer loop
			vertex 11.725135803222656 2.2765897512435913 3.826739478088667e-16
			vertex 11.752579689025879 2.2669864892959595 3.848063003140202e-16
			vertex 11.696242332458496 2.1499998569488525 4.1078255087504344e-16
		endloop
	endfacet
	facet normal 0 -2.220446049250313e-16 -1
		outer loop
			vertex 11.696242332458496 2.1499998569488525 4.1078255087504344e-16
			vertex 11.752579689025879 2.2669864892959595 3.848063003140202e-16
			vertex 11.777199745178223 2.2515170574188232 3.882412042035936e-16
		endloop
	endfacet
	facet normal 0 -2.220446049250313e-16 -1
		outer loop
			vertex 11.696242332458496 2.1499998569488525 4.1078255087504344e-16
			vertex 11.777199745178223 2.2515170574188232 3.882412042035936e-16
			vertex 11.797759056091309 2.2309571504592896 3.9280642062171865e-16
		endloop
	endfacet
	facet normal 0.11195740516436635 0.9937130065712445 0
		outer loop
			vertex 12.02624225616455 1.9786491394042969 4.488300532558449e-16
			vertex 12.054869651794434 1.975423812866211 0.6000000238418584
			vertex 12.054869651794434 1.975423812866211 4.495462196127484e-16
		endloop
	endfacet
	facet normal 0.3302752215998393 0.9438846740980473 0
		outer loop
			vertex 12.054869651794434 1.975423812866211 4.495462196127484e-16
			vertex 12.054869651794434 1.975423812866211 0.6000000238418584
			vertex 12.082061767578125 1.9659090042114258 0.6000000238418584
		endloop
	endfacet
	facet normal 0.3302752215998393 0.9438846740980473 0
		outer loop
			vertex 12.054869651794434 1.975423812866211 4.495462196127484e-16
			vertex 12.082061767578125 1.9659090042114258 0.6000000238418584
			vertex 12.082061767578125 1.9659090042114258 4.516589315414375e-16
		endloop
	endfacet
	facet normal 0.5320417062800161 0.8467181483697211 0
		outer loop
			vertex 12.082061767578125 1.9659090042114258 4.516589315414375e-16
			vertex 12.082061767578125 1.9659090042114258 0.6000000238418584
			vertex 12.106453895568848 1.9505820274353027 0.6000000238418584
		endloop
	endfacet
	facet normal 0.5320417062800161 0.8467181483697211 0
		outer loop
			vertex 12.082061767578125 1.9659090042114258 4.516589315414375e-16
			vertex 12.106453895568848 1.9505820274353027 0.6000000238418584
			vertex 12.106453895568848 1.9505820274353027 4.550622040443869e-16
		endloop
	endfacet
	facet normal 0.7071067811865476 0.7071067811865476 0
		outer loop
			vertex 12.106453895568848 1.9505820274353027 4.550622040443869e-16
			vertex 12.106453895568848 1.9505820274353027 0.6000000238418584
			vertex 12.126824378967285 1.9302115440368652 0.6000000238418584
		endloop
	endfacet
	facet normal 0.7071067811865476 0.7071067811865476 0
		outer loop
			vertex 12.106453895568848 1.9505820274353027 4.550622040443869e-16
			vertex 12.126824378967285 1.9302115440368652 0.6000000238418584
			vertex 12.126824378967285 1.9302115440368652 4.595853599827248e-16
		endloop
	endfacet
	facet normal 0.8467177198951977 0.5320423881754891 0
		outer loop
			vertex 12.126824378967285 1.9302115440368652 4.595853599827248e-16
			vertex 12.126824378967285 1.9302115440368652 0.6000000238418584
			vertex 12.142151832580566 1.9058187007904053 0.6000000238418584
		endloop
	endfacet
	facet normal 0.8467177198951977 0.5320423881754891 0
		outer loop
			vertex 12.126824378967285 1.9302115440368652 4.595853599827248e-16
			vertex 12.142151832580566 1.9058187007904053 0.6000000238418584
			vertex 12.142151832580566 1.9058187007904053 4.650016592243832e-16
		endloop
	endfacet
	facet normal 0.9438828685535853 0.33028038157156053 0
		outer loop
			vertex 12.142151832580566 1.9058187007904053 4.650016592243832e-16
			vertex 12.142151832580566 1.9058187007904053 0.6000000238418584
			vertex 12.151666641235352 1.878627061843872 0.6000000238418584
		endloop
	endfacet
	facet normal 0.9438828685535853 0.33028038157156053 0
		outer loop
			vertex 12.142151832580566 1.9058187007904053 4.650016592243832e-16
			vertex 12.151666641235352 1.878627061843872 0.6000000238418584
			vertex 12.151666641235352 1.878627061843872 4.710394159515303e-16
		endloop
	endfacet
	facet normal 0.9937129028350681 0.11195832590344713 0
		outer loop
			vertex 12.151666641235352 1.878627061843872 4.710394159515303e-16
			vertex 12.151666641235352 1.878627061843872 0.6000000238418584
			vertex 12.154891967773438 1.8499999046325684 0.6000000238418584
		endloop
	endfacet
	facet normal 0.9937129028350681 0.11195832590344713 0
		outer loop
			vertex 12.151666641235352 1.878627061843872 4.710394159515303e-16
			vertex 12.154891967773438 1.8499999046325684 0.6000000238418584
			vertex 12.154891967773438 1.8499999046325684 4.77395921764641e-16
		endloop
	endfacet
	facet normal 0.9937129028350681 -0.11195832590344713 0
		outer loop
			vertex 12.154891967773438 1.8499999046325684 4.77395921764641e-16
			vertex 12.154891967773438 1.8499999046325684 0.6000000238418584
			vertex 12.151666641235352 1.8213727474212646 0.6000000238418584
		endloop
	endfacet
	facet normal 0.9937129028350681 -0.11195832590344713 0
		outer loop
			vertex 12.154891967773438 1.8499999046325684 4.77395921764641e-16
			vertex 12.151666641235352 1.8213727474212646 0.6000000238418584
			vertex 12.151666641235352 1.8213727474212646 4.837524275777517e-16
		endloop
	endfacet
	facet normal 0.9438828685535853 -0.33028038157156053 0
		outer loop
			vertex 12.151666641235352 1.8213727474212646 4.837524275777517e-16
			vertex 12.151666641235352 1.8213727474212646 0.6000000238418584
			vertex 12.142151832580566 1.7941811084747314 0.6000000238418584
		endloop
	endfacet
	facet normal 0.9438828685535853 -0.33028038157156053 0
		outer loop
			vertex 12.151666641235352 1.8213727474212646 4.837524275777517e-16
			vertex 12.142151832580566 1.7941811084747314 0.6000000238418584
			vertex 12.142151832580566 1.7941811084747314 4.897901843048987e-16
		endloop
	endfacet
	facet normal 0.8467177198951977 -0.5320423881754891 0
		outer loop
			vertex 12.142151832580566 1.7941811084747314 4.897901843048987e-16
			vertex 12.142151832580566 1.7941811084747314 0.6000000238418584
			vertex 12.126824378967285 1.7697882652282715 0.6000000238418584
		endloop
	endfacet
	facet normal 0.8467177198951977 -0.5320423881754891 0
		outer loop
			vertex 12.142151832580566 1.7941811084747314 4.897901843048987e-16
			vertex 12.126824378967285 1.7697882652282715 0.6000000238418584
			vertex 12.126824378967285 1.7697882652282715 4.952064835465572e-16
		endloop
	endfacet
	facet normal 0.7071067811865476 -0.7071067811865476 0
		outer loop
			vertex 12.126824378967285 1.7697882652282715 4.952064835465572e-16
			vertex 12.126824378967285 1.7697882652282715 0.6000000238418584
			vertex 12.106453895568848 1.749417781829834 0.6000000238418585
		endloop
	endfacet
	facet normal 0.7071067811865476 -0.7071067811865476 0
		outer loop
			vertex 12.126824378967285 1.7697882652282715 4.952064835465572e-16
			vertex 12.106453895568848 1.749417781829834 0.6000000238418585
			vertex 12.106453895568848 1.749417781829834 4.997296394848951e-16
		endloop
	endfacet
	facet normal 0.5320417062800161 -0.8467181483697211 0
		outer loop
			vertex 12.106453895568848 1.749417781829834 4.997296394848951e-16
			vertex 12.106453895568848 1.749417781829834 0.6000000238418585
			vertex 12.082061767578125 1.734090805053711 0.6000000238418585
		endloop
	endfacet
	facet normal 0.5320417062800161 -0.8467181483697211 0
		outer loop
			vertex 12.106453895568848 1.749417781829834 4.997296394848951e-16
			vertex 12.082061767578125 1.734090805053711 0.6000000238418585
			vertex 12.082061767578125 1.734090805053711 5.031329119878445e-16
		endloop
	endfacet
	facet normal 0.3302752215998393 -0.9438846740980473 0
		outer loop
			vertex 12.082061767578125 1.734090805053711 5.031329119878445e-16
			vertex 12.082061767578125 1.734090805053711 0.6000000238418585
			vertex 12.054869651794434 1.7245759963989258 0.6000000238418585
		endloop
	endfacet
	facet normal 0.3302752215998393 -0.9438846740980473 0
		outer loop
			vertex 12.082061767578125 1.734090805053711 5.031329119878445e-16
			vertex 12.054869651794434 1.7245759963989258 0.6000000238418585
			vertex 12.054869651794434 1.7245759963989258 5.052456239165335e-16
		endloop
	endfacet
	facet normal 0.11196557739424719 -0.9937120858069368 0
		outer loop
			vertex 12.054869651794434 1.7245759963989258 5.052456239165335e-16
			vertex 12.054869651794434 1.7245759963989258 0.6000000238418585
			vertex 12.02624225616455 1.7213504314422607 0.6000000238418585
		endloop
	endfacet
	facet normal 0.11196557739424719 -0.9937120858069368 0
		outer loop
			vertex 12.054869651794434 1.7245759963989258 5.052456239165335e-16
			vertex 12.02624225616455 1.7213504314422607 0.6000000238418585
			vertex 12.02624225616455 1.7213504314422607 5.059618432129963e-16
		endloop
	endfacet
	facet normal -0.11196926070287645 -0.9937116707866782 0
		outer loop
			vertex 12.02624225616455 1.7213504314422607 5.059618432129963e-16
			vertex 12.02624225616455 1.7213504314422607 0.6000000238418585
			vertex 11.997615814208984 1.7245759963989258 0.6000000238418585
		endloop
	endfacet
	facet normal -0.11196926070287645 -0.9937116707866782 0
		outer loop
			vertex 12.02624225616455 1.7213504314422607 5.059618432129963e-16
			vertex 11.997615814208984 1.7245759963989258 0.6000000238418585
			vertex 11.997615814208984 1.7245759963989258 5.052456239165335e-16
		endloop
	endfacet
	facet normal -0.3302752215998393 -0.9438846740980473 0
		outer loop
			vertex 11.997615814208984 1.7245759963989258 5.052456239165335e-16
			vertex 11.997615814208984 1.7245759963989258 0.6000000238418585
			vertex 11.970423698425293 1.734090805053711 0.6000000238418585
		endloop
	endfacet
	facet normal -0.3302752215998393 -0.9438846740980473 0
		outer loop
			vertex 11.997615814208984 1.7245759963989258 5.052456239165335e-16
			vertex 11.970423698425293 1.734090805053711 0.6000000238418585
			vertex 11.970423698425293 1.734090805053711 5.031329119878445e-16
		endloop
	endfacet
	facet normal -0.5320267933135652 -0.8467275188609881 0
		outer loop
			vertex 11.970423698425293 1.734090805053711 5.031329119878445e-16
			vertex 11.970423698425293 1.734090805053711 0.6000000238418585
			vertex 11.946030616760254 1.749417781829834 0.6000000238418585
		endloop
	endfacet
	facet normal -0.5320267933135652 -0.8467275188609881 0
		outer loop
			vertex 11.970423698425293 1.734090805053711 5.031329119878445e-16
			vertex 11.946030616760254 1.749417781829834 0.6000000238418585
			vertex 11.946030616760254 1.749417781829834 4.997296394848951e-16
		endloop
	endfacet
	facet normal -0.7071233335052989 -0.707090228480322 0
		outer loop
			vertex 11.946030616760254 1.749417781829834 4.997296394848951e-16
			vertex 11.946030616760254 1.749417781829834 0.6000000238418585
			vertex 11.925661087036133 1.7697882652282715 0.6000000238418584
		endloop
	endfacet
	facet normal -0.7071233335052989 -0.707090228480322 0
		outer loop
			vertex 11.946030616760254 1.749417781829834 4.997296394848951e-16
			vertex 11.925661087036133 1.7697882652282715 0.6000000238418584
			vertex 11.925661087036133 1.7697882652282715 4.952064835465572e-16
		endloop
	endfacet
	facet normal -0.8467028069565791 -0.5320661206014249 0
		outer loop
			vertex 11.925661087036133 1.7697882652282715 4.952064835465572e-16
			vertex 11.925661087036133 1.7697882652282715 0.6000000238418584
			vertex 11.910332679748535 1.7941811084747314 0.6000000238418584
		endloop
	endfacet
	facet normal -0.8467028069565791 -0.5320661206014249 0
		outer loop
			vertex 11.925661087036133 1.7697882652282715 4.952064835465572e-16
			vertex 11.910332679748535 1.7941811084747314 0.6000000238418584
			vertex 11.910332679748535 1.7941811084747314 4.897901843048987e-16
		endloop
	endfacet
	facet normal -0.9438931883004343 -0.33025088808365216 0
		outer loop
			vertex 11.910332679748535 1.7941811084747314 4.897901843048987e-16
			vertex 11.910332679748535 1.7941811084747314 0.6000000238418584
			vertex 11.900818824768066 1.8213727474212646 0.6000000238418584
		endloop
	endfacet
	facet normal -0.9438931883004343 -0.33025088808365216 0
		outer loop
			vertex 11.910332679748535 1.7941811084747314 4.897901843048987e-16
			vertex 11.900818824768066 1.8213727474212646 0.6000000238418584
			vertex 11.900818824768066 1.8213727474212646 4.837524275777517e-16
		endloop
	endfacet
	facet normal -0.9937129028350681 -0.11195832590344713 0
		outer loop
			vertex 11.900818824768066 1.8213727474212646 4.837524275777517e-16
			vertex 11.900818824768066 1.8213727474212646 0.6000000238418584
			vertex 11.89759349822998 1.8499999046325684 0.6000000238418584
		endloop
	endfacet
	facet normal -0.9937129028350681 -0.11195832590344713 0
		outer loop
			vertex 11.900818824768066 1.8213727474212646 4.837524275777517e-16
			vertex 11.89759349822998 1.8499999046325684 0.6000000238418584
			vertex 11.89759349822998 1.8499999046325684 4.77395921764641e-16
		endloop
	endfacet
	facet normal -0.9937129028350681 0.11195832590344713 0
		outer loop
			vertex 11.89759349822998 1.8499999046325684 4.77395921764641e-16
			vertex 11.89759349822998 1.8499999046325684 0.6000000238418584
			vertex 11.900818824768066 1.878627061843872 0.6000000238418584
		endloop
	endfacet
	facet normal -0.9937129028350681 0.11195832590344713 0
		outer loop
			vertex 11.89759349822998 1.8499999046325684 4.77395921764641e-16
			vertex 11.900818824768066 1.878627061843872 0.6000000238418584
			vertex 11.900818824768066 1.878627061843872 4.710394159515303e-16
		endloop
	endfacet
	facet normal -0.9438931883004343 0.33025088808365216 0
		outer loop
			vertex 11.900818824768066 1.878627061843872 4.710394159515303e-16
			vertex 11.900818824768066 1.878627061843872 0.6000000238418584
			vertex 11.910332679748535 1.9058187007904053 0.6000000238418584
		endloop
	endfacet
	facet normal -0.9438931883004343 0.33025088808365216 0
		outer loop
			vertex 11.900818824768066 1.878627061843872 4.710394159515303e-16
			vertex 11.910332679748535 1.9058187007904053 0.6000000238418584
			vertex 11.910332679748535 1.9058187007904053 4.650016592243832e-16
		endloop
	endfacet
	facet normal -0.8467028069565791 0.5320661206014249 0
		outer loop
			vertex 11.910332679748535 1.9058187007904053 4.650016592243832e-16
			vertex 11.910332679748535 1.9058187007904053 0.6000000238418584
			vertex 11.925661087036133 1.9302115440368652 0.6000000238418584
		endloop
	endfacet
	facet normal -0.8467028069565791 0.5320661206014249 0
		outer loop
			vertex 11.910332679748535 1.9058187007904053 4.650016592243832e-16
			vertex 11.925661087036133 1.9302115440368652 0.6000000238418584
			vertex 11.925661087036133 1.9302115440368652 4.595853599827248e-16
		endloop
	endfacet
	facet normal -0.7071233335052989 0.707090228480322 0
		outer loop
			vertex 11.925661087036133 1.9302115440368652 4.595853599827248e-16
			vertex 11.925661087036133 1.9302115440368652 0.6000000238418584
			vertex 11.946030616760254 1.9505820274353027 0.6000000238418584
		endloop
	endfacet
	facet normal -0.7071233335052989 0.707090228480322 0
		outer loop
			vertex 11.925661087036133 1.9302115440368652 4.595853599827248e-16
			vertex 11.946030616760254 1.9505820274353027 0.6000000238418584
			vertex 11.946030616760254 1.9505820274353027 4.550622040443869e-16
		endloop
	endfacet
	facet normal -0.5320267933135652 0.8467275188609881 0
		outer loop
			vertex 11.946030616760254 1.9505820274353027 4.550622040443869e-16
			vertex 11.946030616760254 1.9505820274353027 0.6000000238418584
			vertex 11.970423698425293 1.9659090042114258 0.6000000238418584
		endloop
	endfacet
	facet normal -0.5320267933135652 0.8467275188609881 0
		outer loop
			vertex 11.946030616760254 1.9505820274353027 4.550622040443869e-16
			vertex 11.970423698425293 1.9659090042114258 0.6000000238418584
			vertex 11.970423698425293 1.9659090042114258 4.516589315414375e-16
		endloop
	endfacet
	facet normal -0.3302752215998393 0.9438846740980473 0
		outer loop
			vertex 11.970423698425293 1.9659090042114258 4.516589315414375e-16
			vertex 11.970423698425293 1.9659090042114258 0.6000000238418584
			vertex 11.997615814208984 1.975423812866211 0.6000000238418584
		endloop
	endfacet
	facet normal -0.3302752215998393 0.9438846740980473 0
		outer loop
			vertex 11.970423698425293 1.9659090042114258 4.516589315414375e-16
			vertex 11.997615814208984 1.975423812866211 0.6000000238418584
			vertex 11.997615814208984 1.975423812866211 4.495462196127484e-16
		endloop
	endfacet
	facet normal -0.11196108821098112 0.9937125916111827 0
		outer loop
			vertex 11.997615814208984 1.975423812866211 4.495462196127484e-16
			vertex 11.997615814208984 1.975423812866211 0.6000000238418584
			vertex 12.02624225616455 1.9786491394042969 0.6000000238418584
		endloop
	endfacet
	facet normal -0.11196108821098112 0.9937125916111827 0
		outer loop
			vertex 11.997615814208984 1.975423812866211 4.495462196127484e-16
			vertex 12.02624225616455 1.9786491394042969 0.6000000238418584
			vertex 12.02624225616455 1.9786491394042969 4.488300532558449e-16
		endloop
	endfacet
	facet normal 0.11195740516436635 0.9937130065712445 0
		outer loop
			vertex 12.02624225616455 1.9786491394042969 4.488300532558449e-16
			vertex 12.02624225616455 1.9786491394042969 0.6000000238418584
			vertex 12.054869651794434 1.975423812866211 0.6000000238418584
		endloop
	endfacet
	facet normal 0 0 1
		outer loop
			vertex 12.02624225616455 1.9786491394042969 0.6000000238418584
			vertex 11.997615814208984 1.975423812866211 0.6000000238418584
			vertex 12.02624225616455 1.8499999046325684 0.6000000238418584
		endloop
	endfacet
	facet normal 0 0 1
		outer loop
			vertex 12.106453895568848 1.9505820274353027 0.6000000238418584
			vertex 12.082061767578125 1.9659090042114258 0.6000000238418584
			vertex 12.02624225616455 1.8499999046325684 0.6000000238418584
		endloop
	endfacet
	facet normal 0 0 1
		outer loop
			vertex 12.02624225616455 1.8499999046325684 0.6000000238418584
			vertex 12.082061767578125 1.9659090042114258 0.6000000238418584
			vertex 12.054869651794434 1.975423812866211 0.6000000238418584
		endloop
	endfacet
	facet normal 0 0 1
		outer loop
			vertex 12.02624225616455 1.8499999046325684 0.6000000238418584
			vertex 12.054869651794434 1.975423812866211 0.6000000238418584
			vertex 12.02624225616455 1.9786491394042969 0.6000000238418584
		endloop
	endfacet
	facet normal 0 0 1
		outer loop
			vertex 12.151666641235352 1.878627061843872 0.6000000238418584
			vertex 12.142151832580566 1.9058187007904053 0.6000000238418584
			vertex 12.02624225616455 1.8499999046325684 0.6000000238418584
		endloop
	endfacet
	facet normal 0 0 1
		outer loop
			vertex 12.02624225616455 1.8499999046325684 0.6000000238418584
			vertex 12.142151832580566 1.9058187007904053 0.6000000238418584
			vertex 12.126824378967285 1.9302115440368652 0.6000000238418584
		endloop
	endfacet
	facet normal 0 0 1
		outer loop
			vertex 12.02624225616455 1.8499999046325684 0.6000000238418584
			vertex 12.126824378967285 1.9302115440368652 0.6000000238418584
			vertex 12.106453895568848 1.9505820274353027 0.6000000238418584
		endloop
	endfacet
	facet normal 0 0 1
		outer loop
			vertex 12.142151832580566 1.7941811084747314 0.6000000238418584
			vertex 12.151666641235352 1.8213727474212646 0.6000000238418584
			vertex 12.02624225616455 1.8499999046325684 0.6000000238418584
		endloop
	endfacet
	facet normal 0 0 1
		outer loop
			vertex 12.02624225616455 1.8499999046325684 0.6000000238418584
			vertex 12.151666641235352 1.8213727474212646 0.6000000238418584
			vertex 12.154891967773438 1.8499999046325684 0.6000000238418584
		endloop
	endfacet
	facet normal 0 0 1
		outer loop
			vertex 12.02624225616455 1.8499999046325684 0.6000000238418584
			vertex 12.154891967773438 1.8499999046325684 0.6000000238418584
			vertex 12.151666641235352 1.878627061843872 0.6000000238418584
		endloop
	endfacet
	facet normal -4.620478459735509e-16 7.35326370062876e-16 1
		outer loop
			vertex 12.082061767578125 1.734090805053711 0.6000000238418585
			vertex 12.106453895568848 1.749417781829834 0.6000000238418585
			vertex 12.02624225616455 1.8499999046325684 0.6000000238418584
		endloop
	endfacet
	facet normal 2.4180364611559723e-15 3.0321190550862953e-15 1
		outer loop
			vertex 12.02624225616455 1.8499999046325684 0.6000000238418584
			vertex 12.106453895568848 1.749417781829834 0.6000000238418585
			vertex 12.126824378967285 1.7697882652282715 0.6000000238418584
		endloop
	endfacet
	facet normal 0 0 1
		outer loop
			vertex 12.02624225616455 1.8499999046325684 0.6000000238418584
			vertex 12.126824378967285 1.7697882652282715 0.6000000238418584
			vertex 12.142151832580566 1.7941811084747314 0.6000000238418584
		endloop
	endfacet
	facet normal 9.723903447035373e-17 8.629829544523935e-16 1
		outer loop
			vertex 11.997615814208984 1.7245759963989258 0.6000000238418585
			vertex 12.02624225616455 1.7213504314422607 0.6000000238418585
			vertex 12.02624225616455 1.8499999046325684 0.6000000238418584
		endloop
	endfacet
	facet normal -9.723579511281923e-17 8.629829544523934e-16 1
		outer loop
			vertex 12.02624225616455 1.8499999046325684 0.6000000238418584
			vertex 12.02624225616455 1.7213504314422607 0.6000000238418585
			vertex 12.054869651794434 1.7245759963989258 0.6000000238418585
		endloop
	endfacet
	facet normal -2.868252230678138e-16 8.197100917442692e-16 1
		outer loop
			vertex 12.02624225616455 1.8499999046325684 0.6000000238418584
			vertex 12.054869651794434 1.7245759963989258 0.6000000238418585
			vertex 12.082061767578125 1.734090805053711 0.6000000238418585
		endloop
	endfacet
	facet normal -2.418099442259154e-15 3.0321692808858398e-15 1
		outer loop
			vertex 11.925661087036133 1.7697882652282715 0.6000000238418584
			vertex 11.946030616760254 1.749417781829834 0.6000000238418585
			vertex 12.02624225616455 1.8499999046325684 0.6000000238418584
		endloop
	endfacet
	facet normal 4.620358117868982e-16 7.353359670152308e-16 1
		outer loop
			vertex 12.02624225616455 1.8499999046325684 0.6000000238418584
			vertex 11.946030616760254 1.749417781829834 0.6000000238418585
			vertex 11.970423698425293 1.734090805053711 0.6000000238418585
		endloop
	endfacet
	facet normal 2.868259297523806e-16 8.197121113590888e-16 1
		outer loop
			vertex 12.02624225616455 1.8499999046325684 0.6000000238418584
			vertex 11.970423698425293 1.734090805053711 0.6000000238418585
			vertex 11.997615814208984 1.7245759963989258 0.6000000238418585
		endloop
	endfacet
	facet normal 0 0 1
		outer loop
			vertex 11.89759349822998 1.8499999046325684 0.6000000238418584
			vertex 11.900818824768066 1.8213727474212646 0.6000000238418584
			vertex 12.02624225616455 1.8499999046325684 0.6000000238418584
		endloop
	endfacet
	facet normal 0 0 1
		outer loop
			vertex 12.02624225616455 1.8499999046325684 0.6000000238418584
			vertex 11.900818824768066 1.8213727474212646 0.6000000238418584
			vertex 11.910332679748535 1.7941811084747314 0.6000000238418584
		endloop
	endfacet
	facet normal 0 0 1
		outer loop
			vertex 12.02624225616455 1.8499999046325684 0.6000000238418584
			vertex 11.910332679748535 1.7941811084747314 0.6000000238418584
			vertex 11.925661087036133 1.7697882652282715 0.6000000238418584
		endloop
	endfacet
	facet normal 0 0 1
		outer loop
			vertex 11.925661087036133 1.9302115440368652 0.6000000238418584
			vertex 11.910332679748535 1.9058187007904053 0.6000000238418584
			vertex 12.02624225616455 1.8499999046325684 0.6000000238418584
		endloop
	endfacet
	facet normal 0 0 1
		outer loop
			vertex 12.02624225616455 1.8499999046325684 0.6000000238418584
			vertex 11.910332679748535 1.9058187007904053 0.6000000238418584
			vertex 11.900818824768066 1.878627061843872 0.6000000238418584
		endloop
	endfacet
	facet normal 0 0 1
		outer loop
			vertex 12.02624225616455 1.8499999046325684 0.6000000238418584
			vertex 11.900818824768066 1.878627061843872 0.6000000238418584
			vertex 11.89759349822998 1.8499999046325684 0.6000000238418584
		endloop
	endfacet
	facet normal 0 0 1
		outer loop
			vertex 11.997615814208984 1.975423812866211 0.6000000238418584
			vertex 11.970423698425293 1.9659090042114258 0.6000000238418584
			vertex 12.02624225616455 1.8499999046325684 0.6000000238418584
		endloop
	endfacet
	facet normal 0 0 1
		outer loop
			vertex 12.02624225616455 1.8499999046325684 0.6000000238418584
			vertex 11.970423698425293 1.9659090042114258 0.6000000238418584
			vertex 11.946030616760254 1.9505820274353027 0.6000000238418584
		endloop
	endfacet
	facet normal 0 0 1
		outer loop
			vertex 12.02624225616455 1.8499999046325684 0.6000000238418584
			vertex 11.946030616760254 1.9505820274353027 0.6000000238418584
			vertex 11.925661087036133 1.9302115440368652 0.6000000238418584
		endloop
	endfacet
	facet normal 0 -2.220446049250313e-16 -1
		outer loop
			vertex 12.02624225616455 1.9786491394042969 4.488300532558449e-16
			vertex 12.054869651794434 1.975423812866211 4.495462196127484e-16
			vertex 12.02624225616455 1.8499999046325684 4.77395921764641e-16
		endloop
	endfacet
	facet normal 0 -2.220446049250313e-16 -1
		outer loop
			vertex 11.946030616760254 1.9505820274353027 4.550622040443869e-16
			vertex 11.970423698425293 1.9659090042114258 4.516589315414375e-16
			vertex 12.02624225616455 1.8499999046325684 4.77395921764641e-16
		endloop
	endfacet
	facet normal 0 -2.220446049250313e-16 -1
		outer loop
			vertex 12.02624225616455 1.8499999046325684 4.77395921764641e-16
			vertex 11.970423698425293 1.9659090042114258 4.516589315414375e-16
			vertex 11.997615814208984 1.975423812866211 4.495462196127484e-16
		endloop
	endfacet
	facet normal 0 -2.220446049250313e-16 -1
		outer loop
			vertex 12.02624225616455 1.8499999046325684 4.77395921764641e-16
			vertex 11.997615814208984 1.975423812866211 4.495462196127484e-16
			vertex 12.02624225616455 1.9786491394042969 4.488300532558449e-16
		endloop
	endfacet
	facet normal 0 -2.220446049250313e-16 -1
		outer loop
			vertex 11.900818824768066 1.878627061843872 4.710394159515303e-16
			vertex 11.910332679748535 1.9058187007904053 4.650016592243832e-16
			vertex 12.02624225616455 1.8499999046325684 4.77395921764641e-16
		endloop
	endfacet
	facet normal 0 -2.220446049250313e-16 -1
		outer loop
			vertex 12.02624225616455 1.8499999046325684 4.77395921764641e-16
			vertex 11.910332679748535 1.9058187007904053 4.650016592243832e-16
			vertex 11.925661087036133 1.9302115440368652 4.595853599827248e-16
		endloop
	endfacet
	facet normal 0 -2.220446049250313e-16 -1
		outer loop
			vertex 12.02624225616455 1.8499999046325684 4.77395921764641e-16
			vertex 11.925661087036133 1.9302115440368652 4.595853599827248e-16
			vertex 11.946030616760254 1.9505820274353027 4.550622040443869e-16
		endloop
	endfacet
	facet normal 0 -2.220446049250313e-16 -1
		outer loop
			vertex 11.910332679748535 1.7941811084747314 4.897901843048987e-16
			vertex 11.900818824768066 1.8213727474212646 4.837524275777517e-16
			vertex 12.02624225616455 1.8499999046325684 4.77395921764641e-16
		endloop
	endfacet
	facet normal 0 -2.220446049250313e-16 -1
		outer loop
			vertex 12.02624225616455 1.8499999046325684 4.77395921764641e-16
			vertex 11.900818824768066 1.8213727474212646 4.837524275777517e-16
			vertex 11.89759349822998 1.8499999046325684 4.77395921764641e-16
		endloop
	endfacet
	facet normal 0 -2.220446049250313e-16 -1
		outer loop
			vertex 12.02624225616455 1.8499999046325684 4.77395921764641e-16
			vertex 11.89759349822998 1.8499999046325684 4.77395921764641e-16
			vertex 11.900818824768066 1.878627061843872 4.710394159515303e-16
		endloop
	endfacet
	facet normal 0 -2.220446049250313e-16 -1
		outer loop
			vertex 11.970423698425293 1.734090805053711 5.031329119878445e-16
			vertex 11.946030616760254 1.749417781829834 4.997296394848951e-16
			vertex 12.02624225616455 1.8499999046325684 4.77395921764641e-16
		endloop
	endfacet
	facet normal 0 -2.220446049250313e-16 -1
		outer loop
			vertex 12.02624225616455 1.8499999046325684 4.77395921764641e-16
			vertex 11.946030616760254 1.749417781829834 4.997296394848951e-16
			vertex 11.925661087036133 1.7697882652282715 4.952064835465572e-16
		endloop
	endfacet
	facet normal 0 -2.220446049250313e-16 -1
		outer loop
			vertex 12.02624225616455 1.8499999046325684 4.77395921764641e-16
			vertex 11.925661087036133 1.7697882652282715 4.952064835465572e-16
			vertex 11.910332679748535 1.7941811084747314 4.897901843048987e-16
		endloop
	endfacet
	facet normal 0 -2.220446049250313e-16 -1
		outer loop
			vertex 12.054869651794434 1.7245759963989258 5.052456239165335e-16
			vertex 12.02624225616455 1.7213504314422607 5.059618432129963e-16
			vertex 12.02624225616455 1.8499999046325684 4.77395921764641e-16
		endloop
	endfacet
	facet normal 0 -2.220446049250313e-16 -1
		outer loop
			vertex 12.02624225616455 1.8499999046325684 4.77395921764641e-16
			vertex 12.02624225616455 1.7213504314422607 5.059618432129963e-16
			vertex 11.997615814208984 1.7245759963989258 5.052456239165335e-16
		endloop
	endfacet
	facet normal 0 -2.220446049250313e-16 -1
		outer loop
			vertex 12.02624225616455 1.8499999046325684 4.77395921764641e-16
			vertex 11.997615814208984 1.7245759963989258 5.052456239165335e-16
			vertex 11.970423698425293 1.734090805053711 5.031329119878445e-16
		endloop
	endfacet
	facet normal 0 -2.220446049250313e-16 -1
		outer loop
			vertex 12.126824378967285 1.7697882652282715 4.952064835465572e-16
			vertex 12.106453895568848 1.749417781829834 4.997296394848951e-16
			vertex 12.02624225616455 1.8499999046325684 4.77395921764641e-16
		endloop
	endfacet
	facet normal 0 -2.220446049250313e-16 -1
		outer loop
			vertex 12.02624225616455 1.8499999046325684 4.77395921764641e-16
			vertex 12.106453895568848 1.749417781829834 4.997296394848951e-16
			vertex 12.082061767578125 1.734090805053711 5.031329119878445e-16
		endloop
	endfacet
	facet normal 0 -2.220446049250313e-16 -1
		outer loop
			vertex 12.02624225616455 1.8499999046325684 4.77395921764641e-16
			vertex 12.082061767578125 1.734090805053711 5.031329119878445e-16
			vertex 12.054869651794434 1.7245759963989258 5.052456239165335e-16
		endloop
	endfacet
	facet normal 0 -2.220446049250313e-16 -1
		outer loop
			vertex 12.154891967773438 1.8499999046325684 4.77395921764641e-16
			vertex 12.151666641235352 1.8213727474212646 4.837524275777517e-16
			vertex 12.02624225616455 1.8499999046325684 4.77395921764641e-16
		endloop
	endfacet
	facet normal 0 -2.220446049250313e-16 -1
		outer loop
			vertex 12.02624225616455 1.8499999046325684 4.77395921764641e-16
			vertex 12.151666641235352 1.8213727474212646 4.837524275777517e-16
			vertex 12.142151832580566 1.7941811084747314 4.897901843048987e-16
		endloop
	endfacet
	facet normal 0 -2.220446049250313e-16 -1
		outer loop
			vertex 12.02624225616455 1.8499999046325684 4.77395921764641e-16
			vertex 12.142151832580566 1.7941811084747314 4.897901843048987e-16
			vertex 12.126824378967285 1.7697882652282715 4.952064835465572e-16
		endloop
	endfacet
	facet normal 0 -2.220446049250313e-16 -1
		outer loop
			vertex 12.126824378967285 1.9302115440368652 4.595853599827248e-16
			vertex 12.142151832580566 1.9058187007904053 4.650016592243832e-16
			vertex 12.02624225616455 1.8499999046325684 4.77395921764641e-16
		endloop
	endfacet
	facet normal 0 -2.220446049250313e-16 -1
		outer loop
			vertex 12.02624225616455 1.8499999046325684 4.77395921764641e-16
			vertex 12.142151832580566 1.9058187007904053 4.650016592243832e-16
			vertex 12.151666641235352 1.878627061843872 4.710394159515303e-16
		endloop
	endfacet
	facet normal 0 -2.220446049250313e-16 -1
		outer loop
			vertex 12.02624225616455 1.8499999046325684 4.77395921764641e-16
			vertex 12.151666641235352 1.878627061843872 4.710394159515303e-16
			vertex 12.154891967773438 1.8499999046325684 4.77395921764641e-16
		endloop
	endfacet
	facet normal 0 -2.220446049250313e-16 -1
		outer loop
			vertex 12.054869651794434 1.975423812866211 4.495462196127484e-16
			vertex 12.082061767578125 1.9659090042114258 4.516589315414375e-16
			vertex 12.02624225616455 1.8499999046325684 4.77395921764641e-16
		endloop
	endfacet
	facet normal 0 -2.220446049250313e-16 -1
		outer loop
			vertex 12.02624225616455 1.8499999046325684 4.77395921764641e-16
			vertex 12.082061767578125 1.9659090042114258 4.516589315414375e-16
			vertex 12.106453895568848 1.9505820274353027 4.550622040443869e-16
		endloop
	endfacet
	facet normal 0 -2.220446049250313e-16 -1
		outer loop
			vertex 12.02624225616455 1.8499999046325684 4.77395921764641e-16
			vertex 12.106453895568848 1.9505820274353027 4.550622040443869e-16
			vertex 12.126824378967285 1.9302115440368652 4.595853599827248e-16
		endloop
	endfacet
	facet normal 0.11196359968271272 0.9937123086417363 0
		outer loop
			vertex 12.02624225616455 2.2798452377319336 3.8195108459772396e-16
			vertex 12.055135726928711 2.2765897512435913 0.6000000238418582
			vertex 12.055135726928711 2.2765897512435913 3.826739478088667e-16
		endloop
	endfacet
	facet normal 0.33027591413075896 0.9438844317738753 0
		outer loop
			vertex 12.055135726928711 2.2765897512435913 3.826739478088667e-16
			vertex 12.055135726928711 2.2765897512435913 0.6000000238418582
			vertex 12.08258056640625 2.2669864892959595 0.6000000238418582
		endloop
	endfacet
	facet normal 0.33027591413075896 0.9438844317738753 0
		outer loop
			vertex 12.055135726928711 2.2765897512435913 3.826739478088667e-16
			vertex 12.08258056640625 2.2669864892959595 0.6000000238418582
			vertex 12.08258056640625 2.2669864892959595 3.848063003140202e-16
		endloop
	endfacet
	facet normal 0.5320376126086811 0.8467207206450394 0
		outer loop
			vertex 12.08258056640625 2.2669864892959595 3.848063003140202e-16
			vertex 12.08258056640625 2.2669864892959595 0.6000000238418582
			vertex 12.107199668884277 2.2515170574188232 0.6000000238418582
		endloop
	endfacet
	facet normal 0.5320376126086811 0.8467207206450394 0
		outer loop
			vertex 12.08258056640625 2.2669864892959595 3.848063003140202e-16
			vertex 12.107199668884277 2.2515170574188232 0.6000000238418582
			vertex 12.107199668884277 2.2515170574188232 3.882412042035936e-16
		endloop
	endfacet
	facet normal 0.7071006313534799 0.7071129309661295 0
		outer loop
			vertex 12.107199668884277 2.2515170574188232 3.882412042035936e-16
			vertex 12.107199668884277 2.2515170574188232 0.6000000238418582
			vertex 12.12775993347168 2.2309571504592896 0.6000000238418584
		endloop
	endfacet
	facet normal 0.7071006313534799 0.7071129309661295 0
		outer loop
			vertex 12.107199668884277 2.2515170574188232 3.882412042035936e-16
			vertex 12.12775993347168 2.2309571504592896 0.6000000238418584
			vertex 12.12775993347168 2.2309571504592896 3.9280642062171865e-16
		endloop
	endfacet
	facet normal 0.8467371307754425 0.5320114955206995 0
		outer loop
			vertex 12.12775993347168 2.2309571504592896 3.9280642062171865e-16
			vertex 12.12775993347168 2.2309571504592896 0.6000000238418584
			vertex 12.143228530883789 2.2063376903533936 0.6000000238418584
		endloop
	endfacet
	facet normal 0.8467371307754425 0.5320114955206995 0
		outer loop
			vertex 12.12775993347168 2.2309571504592896 3.9280642062171865e-16
			vertex 12.143228530883789 2.2063376903533936 0.6000000238418584
			vertex 12.143228530883789 2.2063376903533936 3.982730389143999e-16
		endloop
	endfacet
	facet normal 0.9438703083016556 0.3303162743591931 0
		outer loop
			vertex 12.143228530883789 2.2063376903533936 3.982730389143999e-16
			vertex 12.143228530883789 2.2063376903533936 0.6000000238418584
			vertex 12.152832984924316 2.178893208503723 0.6000000238418584
		endloop
	endfacet
	facet normal 0.9438703083016556 0.3303162743591931 0
		outer loop
			vertex 12.143228530883789 2.2063376903533936 3.982730389143999e-16
			vertex 12.152832984924316 2.178893208503723 0.6000000238418584
			vertex 12.152832984924316 2.178893208503723 4.0436693804408216e-16
		endloop
	endfacet
	facet normal 0.9937145378182026 0.1119438132669962 0
		outer loop
			vertex 12.152832984924316 2.178893208503723 4.0436693804408216e-16
			vertex 12.152832984924316 2.178893208503723 0.6000000238418584
			vertex 12.156087875366211 2.1499998569488525 0.6000000238418584
		endloop
	endfacet
	facet normal 0.9937145378182026 0.1119438132669962 0
		outer loop
			vertex 12.152832984924316 2.178893208503723 4.0436693804408216e-16
			vertex 12.156087875366211 2.1499998569488525 0.6000000238418584
			vertex 12.156087875366211 2.1499998569488525 4.1078255087504344e-16
		endloop
	endfacet
	facet normal 0.9937144864402647 -0.11194426934310193 0
		outer loop
			vertex 12.156087875366211 2.1499998569488525 4.1078255087504344e-16
			vertex 12.156087875366211 2.1499998569488525 0.6000000238418584
			vertex 12.152832984924316 2.1211066246032715 0.6000000238418584
		endloop
	endfacet
	facet normal 0.9937144864402647 -0.11194426934310193 0
		outer loop
			vertex 12.156087875366211 2.1499998569488525 4.1078255087504344e-16
			vertex 12.152832984924316 2.1211066246032715 0.6000000238418584
			vertex 12.152832984924316 2.1211066246032715 4.171981372362251e-16
		endloop
	endfacet
	facet normal 0.9438703083016556 -0.3303162743591931 0
		outer loop
			vertex 12.152832984924316 2.1211066246032715 4.171981372362251e-16
			vertex 12.152832984924316 2.1211066246032715 0.6000000238418584
			vertex 12.143228530883789 2.093662142753601 0.6000000238418584
		endloop
	endfacet
	facet normal 0.9438703083016556 -0.3303162743591931 0
		outer loop
			vertex 12.152832984924316 2.1211066246032715 4.171981372362251e-16
			vertex 12.143228530883789 2.093662142753601 0.6000000238418584
			vertex 12.143228530883789 2.093662142753601 4.232920363659074e-16
		endloop
	endfacet
	facet normal 0.8467371307754425 -0.5320114955206995 0
		outer loop
			vertex 12.143228530883789 2.093662142753601 4.232920363659074e-16
			vertex 12.143228530883789 2.093662142753601 0.6000000238418584
			vertex 12.12775993347168 2.069042682647705 0.6000000238418584
		endloop
	endfacet
	facet normal 0.8467371307754425 -0.5320114955206995 0
		outer loop
			vertex 12.143228530883789 2.093662142753601 4.232920363659074e-16
			vertex 12.12775993347168 2.069042682647705 0.6000000238418584
			vertex 12.12775993347168 2.069042682647705 4.2875865465858863e-16
		endloop
	endfacet
	facet normal 0.7071006313534799 -0.7071129309661295 0
		outer loop
			vertex 12.12775993347168 2.069042682647705 4.2875865465858863e-16
			vertex 12.12775993347168 2.069042682647705 0.6000000238418584
			vertex 12.107199668884277 2.0484827756881714 0.6000000238418584
		endloop
	endfacet
	facet normal 0.7071006313534799 -0.7071129309661295 0
		outer loop
			vertex 12.12775993347168 2.069042682647705 4.2875865465858863e-16
			vertex 12.107199668884277 2.0484827756881714 0.6000000238418584
			vertex 12.107199668884277 2.0484827756881714 4.333238710767137e-16
		endloop
	endfacet
	facet normal 0.5320405519974201 -0.8467188736707602 0
		outer loop
			vertex 12.107199668884277 2.0484827756881714 4.333238710767137e-16
			vertex 12.107199668884277 2.0484827756881714 0.6000000238418584
			vertex 12.08258056640625 2.0330132246017456 0.6000000238418584
		endloop
	endfacet
	facet normal 0.5320405519974201 -0.8467188736707602 0
		outer loop
			vertex 12.107199668884277 2.0484827756881714 4.333238710767137e-16
			vertex 12.08258056640625 2.0330132246017456 0.6000000238418584
			vertex 12.08258056640625 2.0330132246017456 4.367588014360667e-16
		endloop
	endfacet
	facet normal 0.3302722614917256 -0.9438857098659464 0
		outer loop
			vertex 12.08258056640625 2.0330132246017456 4.367588014360667e-16
			vertex 12.08258056640625 2.0330132246017456 0.6000000238418584
			vertex 12.055135726928711 2.0234100818634033 0.6000000238418584
		endloop
	endfacet
	facet normal 0.3302722614917256 -0.9438857098659464 0
		outer loop
			vertex 12.08258056640625 2.0330132246017456 4.367588014360667e-16
			vertex 12.055135726928711 2.0234100818634033 0.6000000238418584
			vertex 12.055135726928711 2.0234100818634033 4.388911274714406e-16
		endloop
	endfacet
	facet normal 0.11196359968271272 -0.9937123086417363 0
		outer loop
			vertex 12.055135726928711 2.0234100818634033 4.388911274714406e-16
			vertex 12.055135726928711 2.0234100818634033 0.6000000238418584
			vertex 12.02624225616455 2.020154595375061 0.6000000238418584
		endloop
	endfacet
	facet normal 0.11196359968271272 -0.9937123086417363 0
		outer loop
			vertex 12.055135726928711 2.0234100818634033 4.388911274714406e-16
			vertex 12.02624225616455 2.020154595375061 0.6000000238418584
			vertex 12.02624225616455 2.020154595375061 4.3961399068258333e-16
		endloop
	endfacet
	facet normal -0.11196724900844655 -0.9937118974579506 0
		outer loop
			vertex 12.02624225616455 2.020154595375061 4.3961399068258333e-16
			vertex 12.02624225616455 2.020154595375061 0.6000000238418584
			vertex 11.997349739074707 2.0234100818634033 0.6000000238418584
		endloop
	endfacet
	facet normal -0.11196724900844655 -0.9937118974579506 0
		outer loop
			vertex 12.02624225616455 2.020154595375061 4.3961399068258333e-16
			vertex 11.997349739074707 2.0234100818634033 0.6000000238418584
			vertex 11.997349739074707 2.0234100818634033 4.388911274714406e-16
		endloop
	endfacet
	facet normal -0.3302620370950075 -0.9438892873922535 0
		outer loop
			vertex 11.997349739074707 2.0234100818634033 4.388911274714406e-16
			vertex 11.997349739074707 2.0234100818634033 0.6000000238418584
			vertex 11.969903945922852 2.0330132246017456 0.6000000238418584
		endloop
	endfacet
	facet normal -0.3302620370950075 -0.9438892873922535 0
		outer loop
			vertex 11.997349739074707 2.0234100818634033 4.388911274714406e-16
			vertex 11.969903945922852 2.0330132246017456 0.6000000238418584
			vertex 11.969903945922852 2.0330132246017456 4.367588014360667e-16
		endloop
	endfacet
	facet normal -0.5320553281295879 -0.8467095888254228 0
		outer loop
			vertex 11.969903945922852 2.0330132246017456 4.367588014360667e-16
			vertex 11.969903945922852 2.0330132246017456 0.6000000238418584
			vertex 11.94528579711914 2.0484827756881714 0.6000000238418584
		endloop
	endfacet
	facet normal -0.5320553281295879 -0.8467095888254228 0
		outer loop
			vertex 11.969903945922852 2.0330132246017456 4.367588014360667e-16
			vertex 11.94528579711914 2.0484827756881714 0.6000000238418584
			vertex 11.94528579711914 2.0484827756881714 4.333238710767137e-16
		endloop
	endfacet
	facet normal -0.7070842320601337 -0.7071293295939088 0
		outer loop
			vertex 11.94528579711914 2.0484827756881714 4.333238710767137e-16
			vertex 11.94528579711914 2.0484827756881714 0.6000000238418584
			vertex 11.924724578857422 2.069042682647705 0.6000000238418584
		endloop
	endfacet
	facet normal -0.7070842320601337 -0.7071293295939088 0
		outer loop
			vertex 11.94528579711914 2.0484827756881714 4.333238710767137e-16
			vertex 11.924724578857422 2.069042682647705 0.6000000238418584
			vertex 11.924724578857422 2.069042682647705 4.2875865465858863e-16
		endloop
	endfacet
	facet normal -0.8467371307754425 -0.5320114955206995 0
		outer loop
			vertex 11.924724578857422 2.069042682647705 4.2875865465858863e-16
			vertex 11.924724578857422 2.069042682647705 0.6000000238418584
			vertex 11.909255981445312 2.093662142753601 0.6000000238418584
		endloop
	endfacet
	facet normal -0.8467371307754425 -0.5320114955206995 0
		outer loop
			vertex 11.924724578857422 2.069042682647705 4.2875865465858863e-16
			vertex 11.909255981445312 2.093662142753601 0.6000000238418584
			vertex 11.909255981445312 2.093662142753601 4.232920363659074e-16
		endloop
	endfacet
	facet normal -0.9438805338161056 -0.33028705376236517 0
		outer loop
			vertex 11.909255981445312 2.093662142753601 4.232920363659074e-16
			vertex 11.909255981445312 2.093662142753601 0.6000000238418584
			vertex 11.899652481079102 2.1211066246032715 0.6000000238418584
		endloop
	endfacet
	facet normal -0.9438805338161056 -0.33028705376236517 0
		outer loop
			vertex 11.909255981445312 2.093662142753601 4.232920363659074e-16
			vertex 11.899652481079102 2.1211066246032715 0.6000000238418584
			vertex 11.899652481079102 2.1211066246032715 4.171981372362251e-16
		endloop
	endfacet
	facet normal -0.9937108373022304 -0.11197665751441374 0
		outer loop
			vertex 11.899652481079102 2.1211066246032715 4.171981372362251e-16
			vertex 11.899652481079102 2.1211066246032715 0.6000000238418584
			vertex 11.89639663696289 2.1499998569488525 0.6000000238418584
		endloop
	endfacet
	facet normal -0.9937108373022304 -0.11197665751441374 0
		outer loop
			vertex 11.899652481079102 2.1211066246032715 4.171981372362251e-16
			vertex 11.89639663696289 2.1499998569488525 0.6000000238418584
			vertex 11.89639663696289 2.1499998569488525 4.1078255087504344e-16
		endloop
	endfacet
	facet normal -0.9937108887097135 0.11197620130970477 0
		outer loop
			vertex 11.89639663696289 2.1499998569488525 4.1078255087504344e-16
			vertex 11.89639663696289 2.1499998569488525 0.6000000238418584
			vertex 11.899652481079102 2.178893208503723 0.6000000238418584
		endloop
	endfacet
	facet normal -0.9937108887097135 0.11197620130970477 0
		outer loop
			vertex 11.89639663696289 2.1499998569488525 4.1078255087504344e-16
			vertex 11.899652481079102 2.178893208503723 0.6000000238418584
			vertex 11.899652481079102 2.178893208503723 4.0436693804408216e-16
		endloop
	endfacet
	facet normal -0.9438805338161056 0.33028705376236517 0
		outer loop
			vertex 11.899652481079102 2.178893208503723 4.0436693804408216e-16
			vertex 11.899652481079102 2.178893208503723 0.6000000238418584
			vertex 11.909255981445312 2.2063376903533936 0.6000000238418584
		endloop
	endfacet
	facet normal -0.9438805338161056 0.33028705376236517 0
		outer loop
			vertex 11.899652481079102 2.178893208503723 4.0436693804408216e-16
			vertex 11.909255981445312 2.2063376903533936 0.6000000238418584
			vertex 11.909255981445312 2.2063376903533936 3.982730389143999e-16
		endloop
	endfacet
	facet normal -0.8467371307754425 0.5320114955206995 0
		outer loop
			vertex 11.909255981445312 2.2063376903533936 3.982730389143999e-16
			vertex 11.909255981445312 2.2063376903533936 0.6000000238418584
			vertex 11.924724578857422 2.2309571504592896 0.6000000238418584
		endloop
	endfacet
	facet normal -0.8467371307754425 0.5320114955206995 0
		outer loop
			vertex 11.909255981445312 2.2063376903533936 3.982730389143999e-16
			vertex 11.924724578857422 2.2309571504592896 0.6000000238418584
			vertex 11.924724578857422 2.2309571504592896 3.9280642062171865e-16
		endloop
	endfacet
	facet normal -0.7070842320601337 0.7071293295939088 0
		outer loop
			vertex 11.924724578857422 2.2309571504592896 3.9280642062171865e-16
			vertex 11.924724578857422 2.2309571504592896 0.6000000238418584
			vertex 11.94528579711914 2.2515170574188232 0.6000000238418582
		endloop
	endfacet
	facet normal -0.7070842320601337 0.7071293295939088 0
		outer loop
			vertex 11.924724578857422 2.2309571504592896 3.9280642062171865e-16
			vertex 11.94528579711914 2.2515170574188232 0.6000000238418582
			vertex 11.94528579711914 2.2515170574188232 3.882412042035936e-16
		endloop
	endfacet
	facet normal -0.5320523887236804 0.84671143588204 0
		outer loop
			vertex 11.94528579711914 2.2515170574188232 3.882412042035936e-16
			vertex 11.94528579711914 2.2515170574188232 0.6000000238418582
			vertex 11.969903945922852 2.2669864892959595 0.6000000238418582
		endloop
	endfacet
	facet normal -0.5320523887236804 0.84671143588204 0
		outer loop
			vertex 11.94528579711914 2.2515170574188232 3.882412042035936e-16
			vertex 11.969903945922852 2.2669864892959595 0.6000000238418582
			vertex 11.969903945922852 2.2669864892959595 3.848063003140202e-16
		endloop
	endfacet
	facet normal -0.33026568964865255 0.9438880093744704 0
		outer loop
			vertex 11.969903945922852 2.2669864892959595 3.848063003140202e-16
			vertex 11.969903945922852 2.2669864892959595 0.6000000238418582
			vertex 11.997349739074707 2.2765897512435913 0.6000000238418582
		endloop
	endfacet
	facet normal -0.33026568964865255 0.9438880093744704 0
		outer loop
			vertex 11.969903945922852 2.2669864892959595 3.848063003140202e-16
			vertex 11.997349739074707 2.2765897512435913 0.6000000238418582
			vertex 11.997349739074707 2.2765897512435913 3.826739478088667e-16
		endloop
	endfacet
	facet normal -0.11196724900844655 0.9937118974579506 0
		outer loop
			vertex 11.997349739074707 2.2765897512435913 3.826739478088667e-16
			vertex 11.997349739074707 2.2765897512435913 0.6000000238418582
			vertex 12.02624225616455 2.2798452377319336 0.6000000238418582
		endloop
	endfacet
	facet normal -0.11196724900844655 0.9937118974579506 0
		outer loop
			vertex 11.997349739074707 2.2765897512435913 3.826739478088667e-16
			vertex 12.02624225616455 2.2798452377319336 0.6000000238418582
			vertex 12.02624225616455 2.2798452377319336 3.8195108459772396e-16
		endloop
	endfacet
	facet normal 0.11196359968271272 0.9937123086417363 0
		outer loop
			vertex 12.02624225616455 2.2798452377319336 3.8195108459772396e-16
			vertex 12.02624225616455 2.2798452377319336 0.6000000238418582
			vertex 12.055135726928711 2.2765897512435913 0.6000000238418582
		endloop
	endfacet
	facet normal -9.634168634201414e-17 8.550346711831734e-16 1
		outer loop
			vertex 12.02624225616455 2.2798452377319336 0.6000000238418582
			vertex 11.997349739074707 2.2765897512435913 0.6000000238418582
			vertex 12.02624225616455 2.1499998569488525 0.6000000238418584
		endloop
	endfacet
	facet normal 4.5778849985853265e-16 7.285556496704414e-16 1
		outer loop
			vertex 12.107199668884277 2.2515170574188232 0.6000000238418582
			vertex 12.08258056640625 2.2669864892959595 0.6000000238418582
			vertex 12.02624225616455 2.1499998569488525 0.6000000238418584
		endloop
	endfacet
	facet normal 2.8418401148879646e-16 8.121599327316551e-16 1
		outer loop
			vertex 12.02624225616455 2.1499998569488525 0.6000000238418584
			vertex 12.08258056640625 2.2669864892959595 0.6000000238418582
			vertex 12.055135726928711 2.2765897512435913 0.6000000238418582
		endloop
	endfacet
	facet normal 9.633850643356308e-17 8.550346711831735e-16 1
		outer loop
			vertex 12.02624225616455 2.1499998569488525 0.6000000238418584
			vertex 12.055135726928711 2.2765897512435913 0.6000000238418582
			vertex 12.02624225616455 2.2798452377319336 0.6000000238418582
		endloop
	endfacet
	facet normal 0 0 1
		outer loop
			vertex 12.152832984924316 2.178893208503723 0.6000000238418584
			vertex 12.143228530883789 2.2063376903533936 0.6000000238418584
			vertex 12.02624225616455 2.1499998569488525 0.6000000238418584
		endloop
	endfacet
	facet normal 0 0 1
		outer loop
			vertex 12.02624225616455 2.1499998569488525 0.6000000238418584
			vertex 12.143228530883789 2.2063376903533936 0.6000000238418584
			vertex 12.12775993347168 2.2309571504592896 0.6000000238418584
		endloop
	endfacet
	facet normal -2.395732978482436e-15 3.0041672204898035e-15 1
		outer loop
			vertex 12.02624225616455 2.1499998569488525 0.6000000238418584
			vertex 12.12775993347168 2.2309571504592896 0.6000000238418584
			vertex 12.107199668884277 2.2515170574188232 0.6000000238418582
		endloop
	endfacet
	facet normal 0 0 1
		outer loop
			vertex 12.143228530883789 2.093662142753601 0.6000000238418584
			vertex 12.152832984924316 2.1211066246032715 0.6000000238418584
			vertex 12.02624225616455 2.1499998569488525 0.6000000238418584
		endloop
	endfacet
	facet normal 0 0 1
		outer loop
			vertex 12.02624225616455 2.1499998569488525 0.6000000238418584
			vertex 12.152832984924316 2.1211066246032715 0.6000000238418584
			vertex 12.156087875366211 2.1499998569488525 0.6000000238418584
		endloop
	endfacet
	facet normal 0 0 1
		outer loop
			vertex 12.02624225616455 2.1499998569488525 0.6000000238418584
			vertex 12.156087875366211 2.1499998569488525 0.6000000238418584
			vertex 12.152832984924316 2.178893208503723 0.6000000238418584
		endloop
	endfacet
	facet normal 0 0 1
		outer loop
			vertex 12.08258056640625 2.0330132246017456 0.6000000238418584
			vertex 12.107199668884277 2.0484827756881714 0.6000000238418584
			vertex 12.02624225616455 2.1499998569488525 0.6000000238418584
		endloop
	endfacet
	facet normal 0 0 1
		outer loop
			vertex 12.02624225616455 2.1499998569488525 0.6000000238418584
			vertex 12.107199668884277 2.0484827756881714 0.6000000238418584
			vertex 12.12775993347168 2.069042682647705 0.6000000238418584
		endloop
	endfacet
	facet normal 0 0 1
		outer loop
			vertex 12.02624225616455 2.1499998569488525 0.6000000238418584
			vertex 12.12775993347168 2.069042682647705 0.6000000238418584
			vertex 12.143228530883789 2.093662142753601 0.6000000238418584
		endloop
	endfacet
	facet normal 0 0 1
		outer loop
			vertex 11.997349739074707 2.0234100818634033 0.6000000238418584
			vertex 12.02624225616455 2.020154595375061 0.6000000238418584
			vertex 12.02624225616455 2.1499998569488525 0.6000000238418584
		endloop
	endfacet
	facet normal 0 0 1
		outer loop
			vertex 12.02624225616455 2.1499998569488525 0.6000000238418584
			vertex 12.02624225616455 2.020154595375061 0.6000000238418584
			vertex 12.055135726928711 2.0234100818634033 0.6000000238418584
		endloop
	endfacet
	facet normal 0 0 1
		outer loop
			vertex 12.02624225616455 2.1499998569488525 0.6000000238418584
			vertex 12.055135726928711 2.0234100818634033 0.6000000238418584
			vertex 12.08258056640625 2.0330132246017456 0.6000000238418584
		endloop
	endfacet
	facet normal 0 0 1
		outer loop
			vertex 11.924724578857422 2.069042682647705 0.6000000238418584
			vertex 11.94528579711914 2.0484827756881714 0.6000000238418584
			vertex 12.02624225616455 2.1499998569488525 0.6000000238418584
		endloop
	endfacet
	facet normal 0 0 1
		outer loop
			vertex 12.02624225616455 2.1499998569488525 0.6000000238418584
			vertex 11.94528579711914 2.0484827756881714 0.6000000238418584
			vertex 11.969903945922852 2.0330132246017456 0.6000000238418584
		endloop
	endfacet
	facet normal 0 0 1
		outer loop
			vertex 12.02624225616455 2.1499998569488525 0.6000000238418584
			vertex 11.969903945922852 2.0330132246017456 0.6000000238418584
			vertex 11.997349739074707 2.0234100818634033 0.6000000238418584
		endloop
	endfacet
	facet normal 0 0 1
		outer loop
			vertex 11.89639663696289 2.1499998569488525 0.6000000238418584
			vertex 11.899652481079102 2.1211066246032715 0.6000000238418584
			vertex 12.02624225616455 2.1499998569488525 0.6000000238418584
		endloop
	endfacet
	facet normal 0 0 1
		outer loop
			vertex 12.02624225616455 2.1499998569488525 0.6000000238418584
			vertex 11.899652481079102 2.1211066246032715 0.6000000238418584
			vertex 11.909255981445312 2.093662142753601 0.6000000238418584
		endloop
	endfacet
	facet normal 0 0 1
		outer loop
			vertex 12.02624225616455 2.1499998569488525 0.6000000238418584
			vertex 11.909255981445312 2.093662142753601 0.6000000238418584
			vertex 11.924724578857422 2.069042682647705 0.6000000238418584
		endloop
	endfacet
	facet normal 0 0 1
		outer loop
			vertex 11.924724578857422 2.2309571504592896 0.6000000238418584
			vertex 11.909255981445312 2.2063376903533936 0.6000000238418584
			vertex 12.02624225616455 2.1499998569488525 0.6000000238418584
		endloop
	endfacet
	facet normal 0 0 1
		outer loop
			vertex 12.02624225616455 2.1499998569488525 0.6000000238418584
			vertex 11.909255981445312 2.2063376903533936 0.6000000238418584
			vertex 11.899652481079102 2.178893208503723 0.6000000238418584
		endloop
	endfacet
	facet normal 0 0 1
		outer loop
			vertex 12.02624225616455 2.1499998569488525 0.6000000238418584
			vertex 11.899652481079102 2.178893208503723 0.6000000238418584
			vertex 11.89639663696289 2.1499998569488525 0.6000000238418584
		endloop
	endfacet
	facet normal -2.8417556076928993e-16 8.121640024210526e-16 1
		outer loop
			vertex 11.997349739074707 2.2765897512435913 0.6000000238418582
			vertex 11.969903945922852 2.2669864892959595 0.6000000238418582
			vertex 12.02624225616455 2.1499998569488525 0.6000000238418584
		endloop
	endfacet
	facet normal -4.578021141299428e-16 7.285490933226687e-16 1
		outer loop
			vertex 12.02624225616455 2.1499998569488525 0.6000000238418584
			vertex 11.969903945922852 2.2669864892959595 0.6000000238418582
			vertex 11.94528579711914 2.2515170574188232 0.6000000238418582
		endloop
	endfacet
	facet normal 2.3956836772538557e-15 3.004105398435275e-15 1
		outer loop
			vertex 12.02624225616455 2.1499998569488525 0.6000000238418584
			vertex 11.94528579711914 2.2515170574188232 0.6000000238418582
			vertex 11.924724578857422 2.2309571504592896 0.6000000238418584
		endloop
	endfacet
	facet normal 0 -2.220446049250313e-16 -1
		outer loop
			vertex 12.02624225616455 2.2798452377319336 3.8195108459772396e-16
			vertex 12.055135726928711 2.2765897512435913 3.826739478088667e-16
			vertex 12.02624225616455 2.1499998569488525 4.1078255087504344e-16
		endloop
	endfacet
	facet normal 0 -2.220446049250313e-16 -1
		outer loop
			vertex 11.94528579711914 2.2515170574188232 3.882412042035936e-16
			vertex 11.969903945922852 2.2669864892959595 3.848063003140202e-16
			vertex 12.02624225616455 2.1499998569488525 4.1078255087504344e-16
		endloop
	endfacet
	facet normal 0 -2.220446049250313e-16 -1
		outer loop
			vertex 12.02624225616455 2.1499998569488525 4.1078255087504344e-16
			vertex 11.969903945922852 2.2669864892959595 3.848063003140202e-16
			vertex 11.997349739074707 2.2765897512435913 3.826739478088667e-16
		endloop
	endfacet
	facet normal 0 -2.220446049250313e-16 -1
		outer loop
			vertex 12.02624225616455 2.1499998569488525 4.1078255087504344e-16
			vertex 11.997349739074707 2.2765897512435913 3.826739478088667e-16
			vertex 12.02624225616455 2.2798452377319336 3.8195108459772396e-16
		endloop
	endfacet
	facet normal 0 -2.220446049250313e-16 -1
		outer loop
			vertex 11.899652481079102 2.178893208503723 4.0436693804408216e-16
			vertex 11.909255981445312 2.2063376903533936 3.982730389143999e-16
			vertex 12.02624225616455 2.1499998569488525 4.1078255087504344e-16
		endloop
	endfacet
	facet normal 0 -2.220446049250313e-16 -1
		outer loop
			vertex 12.02624225616455 2.1499998569488525 4.1078255087504344e-16
			vertex 11.909255981445312 2.2063376903533936 3.982730389143999e-16
			vertex 11.924724578857422 2.2309571504592896 3.9280642062171865e-16
		endloop
	endfacet
	facet normal 0 -2.220446049250313e-16 -1
		outer loop
			vertex 12.02624225616455 2.1499998569488525 4.1078255087504344e-16
			vertex 11.924724578857422 2.2309571504592896 3.9280642062171865e-16
			vertex 11.94528579711914 2.2515170574188232 3.882412042035936e-16
		endloop
	endfacet
	facet normal 0 -2.220446049250313e-16 -1
		outer loop
			vertex 11.909255981445312 2.093662142753601 4.232920363659074e-16
			vertex 11.899652481079102 2.1211066246032715 4.171981372362251e-16
			vertex 12.02624225616455 2.1499998569488525 4.1078255087504344e-16
		endloop
	endfacet
	facet normal 0 -2.220446049250313e-16 -1
		outer loop
			vertex 12.02624225616455 2.1499998569488525 4.1078255087504344e-16
			vertex 11.899652481079102 2.1211066246032715 4.171981372362251e-16
			vertex 11.89639663696289 2.1499998569488525 4.1078255087504344e-16
		endloop
	endfacet
	facet normal 0 -2.220446049250313e-16 -1
		outer loop
			vertex 12.02624225616455 2.1499998569488525 4.1078255087504344e-16
			vertex 11.89639663696289 2.1499998569488525 4.1078255087504344e-16
			vertex 11.899652481079102 2.178893208503723 4.0436693804408216e-16
		endloop
	endfacet
	facet normal 0 -2.220446049250313e-16 -1
		outer loop
			vertex 11.969903945922852 2.0330132246017456 4.367588014360667e-16
			vertex 11.94528579711914 2.0484827756881714 4.333238710767137e-16
			vertex 12.02624225616455 2.1499998569488525 4.1078255087504344e-16
		endloop
	endfacet
	facet normal 0 -2.220446049250313e-16 -1
		outer loop
			vertex 12.02624225616455 2.1499998569488525 4.1078255087504344e-16
			vertex 11.94528579711914 2.0484827756881714 4.333238710767137e-16
			vertex 11.924724578857422 2.069042682647705 4.2875865465858863e-16
		endloop
	endfacet
	facet normal 0 -2.220446049250313e-16 -1
		outer loop
			vertex 12.02624225616455 2.1499998569488525 4.1078255087504344e-16
			vertex 11.924724578857422 2.069042682647705 4.2875865465858863e-16
			vertex 11.909255981445312 2.093662142753601 4.232920363659074e-16
		endloop
	endfacet
	facet normal 0 -2.220446049250313e-16 -1
		outer loop
			vertex 12.055135726928711 2.0234100818634033 4.388911274714406e-16
			vertex 12.02624225616455 2.020154595375061 4.3961399068258333e-16
			vertex 12.02624225616455 2.1499998569488525 4.1078255087504344e-16
		endloop
	endfacet
	facet normal 0 -2.220446049250313e-16 -1
		outer loop
			vertex 12.02624225616455 2.1499998569488525 4.1078255087504344e-16
			vertex 12.02624225616455 2.020154595375061 4.3961399068258333e-16
			vertex 11.997349739074707 2.0234100818634033 4.388911274714406e-16
		endloop
	endfacet
	facet normal 0 -2.220446049250313e-16 -1
		outer loop
			vertex 12.02624225616455 2.1499998569488525 4.1078255087504344e-16
			vertex 11.997349739074707 2.0234100818634033 4.388911274714406e-16
			vertex 11.969903945922852 2.0330132246017456 4.367588014360667e-16
		endloop
	endfacet
	facet normal 0 -2.220446049250313e-16 -1
		outer loop
			vertex 12.12775993347168 2.069042682647705 4.2875865465858863e-16
			vertex 12.107199668884277 2.0484827756881714 4.333238710767137e-16
			vertex 12.02624225616455 2.1499998569488525 4.1078255087504344e-16
		endloop
	endfacet
	facet normal 0 -2.220446049250313e-16 -1
		outer loop
			vertex 12.02624225616455 2.1499998569488525 4.1078255087504344e-16
			vertex 12.107199668884277 2.0484827756881714 4.333238710767137e-16
			vertex 12.08258056640625 2.0330132246017456 4.367588014360667e-16
		endloop
	endfacet
	facet normal 0 -2.220446049250313e-16 -1
		outer loop
			vertex 12.02624225616455 2.1499998569488525 4.1078255087504344e-16
			vertex 12.08258056640625 2.0330132246017456 4.367588014360667e-16
			vertex 12.055135726928711 2.0234100818634033 4.388911274714406e-16
		endloop
	endfacet
	facet normal 0 -2.220446049250313e-16 -1
		outer loop
			vertex 12.156087875366211 2.1499998569488525 4.1078255087504344e-16
			vertex 12.152832984924316 2.1211066246032715 4.171981372362251e-16
			vertex 12.02624225616455 2.1499998569488525 4.1078255087504344e-16
		endloop
	endfacet
	facet normal 0 -2.220446049250313e-16 -1
		outer loop
			vertex 12.02624225616455 2.1499998569488525 4.1078255087504344e-16
			vertex 12.152832984924316 2.1211066246032715 4.171981372362251e-16
			vertex 12.143228530883789 2.093662142753601 4.232920363659074e-16
		endloop
	endfacet
	facet normal 0 -2.220446049250313e-16 -1
		outer loop
			vertex 12.02624225616455 2.1499998569488525 4.1078255087504344e-16
			vertex 12.143228530883789 2.093662142753601 4.232920363659074e-16
			vertex 12.12775993347168 2.069042682647705 4.2875865465858863e-16
		endloop
	endfacet
	facet normal 0 -2.220446049250313e-16 -1
		outer loop
			vertex 12.12775993347168 2.2309571504592896 3.9280642062171865e-16
			vertex 12.143228530883789 2.2063376903533936 3.982730389143999e-16
			vertex 12.02624225616455 2.1499998569488525 4.1078255087504344e-16
		endloop
	endfacet
	facet normal 0 -2.220446049250313e-16 -1
		outer loop
			vertex 12.02624225616455 2.1499998569488525 4.1078255087504344e-16
			vertex 12.143228530883789 2.2063376903533936 3.982730389143999e-16
			vertex 12.152832984924316 2.178893208503723 4.0436693804408216e-16
		endloop
	endfacet
	facet normal 0 -2.220446049250313e-16 -1
		outer loop
			vertex 12.02624225616455 2.1499998569488525 4.1078255087504344e-16
			vertex 12.152832984924316 2.178893208503723 4.0436693804408216e-16
			vertex 12.156087875366211 2.1499998569488525 4.1078255087504344e-16
		endloop
	endfacet
	facet normal 0 -2.220446049250313e-16 -1
		outer loop
			vertex 12.055135726928711 2.2765897512435913 3.826739478088667e-16
			vertex 12.08258056640625 2.2669864892959595 3.848063003140202e-16
			vertex 12.02624225616455 2.1499998569488525 4.1078255087504344e-16
		endloop
	endfacet
	facet normal 0 -2.220446049250313e-16 -1
		outer loop
			vertex 12.02624225616455 2.1499998569488525 4.1078255087504344e-16
			vertex 12.08258056640625 2.2669864892959595 3.848063003140202e-16
			vertex 12.107199668884277 2.2515170574188232 3.882412042035936e-16
		endloop
	endfacet
	facet normal 0 -2.220446049250313e-16 -1
		outer loop
			vertex 12.02624225616455 2.1499998569488525 4.1078255087504344e-16
			vertex 12.107199668884277 2.2515170574188232 3.882412042035936e-16
			vertex 12.12775993347168 2.2309571504592896 3.9280642062171865e-16
		endloop
	endfacet
	facet normal 0.11196108821098112 0.9937125916111827 0
		outer loop
			vertex 12.356243133544922 1.9786491394042969 4.488300532558449e-16
			vertex 12.384869575500488 1.975423812866211 0.6000000238418584
			vertex 12.384869575500488 1.975423812866211 4.495462196127484e-16
		endloop
	endfacet
	facet normal 0.3302752215998393 0.9438846740980473 0
		outer loop
			vertex 12.384869575500488 1.975423812866211 4.495462196127484e-16
			vertex 12.384869575500488 1.975423812866211 0.6000000238418584
			vertex 12.41206169128418 1.9659090042114258 0.6000000238418584
		endloop
	endfacet
	facet normal 0.3302752215998393 0.9438846740980473 0
		outer loop
			vertex 12.384869575500488 1.975423812866211 4.495462196127484e-16
			vertex 12.41206169128418 1.9659090042114258 0.6000000238418584
			vertex 12.41206169128418 1.9659090042114258 4.516589315414375e-16
		endloop
	endfacet
	facet normal 0.5320417062800161 0.8467181483697211 0
		outer loop
			vertex 12.41206169128418 1.9659090042114258 4.516589315414375e-16
			vertex 12.41206169128418 1.9659090042114258 0.6000000238418584
			vertex 12.436453819274902 1.9505820274353027 0.6000000238418584
		endloop
	endfacet
	facet normal 0.5320417062800161 0.8467181483697211 0
		outer loop
			vertex 12.41206169128418 1.9659090042114258 4.516589315414375e-16
			vertex 12.436453819274902 1.9505820274353027 0.6000000238418584
			vertex 12.436453819274902 1.9505820274353027 4.550622040443869e-16
		endloop
	endfacet
	facet normal 0.7071067811865476 0.7071067811865476 0
		outer loop
			vertex 12.436453819274902 1.9505820274353027 4.550622040443869e-16
			vertex 12.436453819274902 1.9505820274353027 0.6000000238418584
			vertex 12.45682430267334 1.9302115440368652 0.6000000238418584
		endloop
	endfacet
	facet normal 0.7071067811865476 0.7071067811865476 0
		outer loop
			vertex 12.436453819274902 1.9505820274353027 4.550622040443869e-16
			vertex 12.45682430267334 1.9302115440368652 0.6000000238418584
			vertex 12.45682430267334 1.9302115440368652 4.595853599827248e-16
		endloop
	endfacet
	facet normal 0.8467177198951977 0.5320423881754891 0
		outer loop
			vertex 12.45682430267334 1.9302115440368652 4.595853599827248e-16
			vertex 12.45682430267334 1.9302115440368652 0.6000000238418584
			vertex 12.472151756286621 1.9058187007904053 0.6000000238418584
		endloop
	endfacet
	facet normal 0.8467177198951977 0.5320423881754891 0
		outer loop
			vertex 12.45682430267334 1.9302115440368652 4.595853599827248e-16
			vertex 12.472151756286621 1.9058187007904053 0.6000000238418584
			vertex 12.472151756286621 1.9058187007904053 4.650016592243832e-16
		endloop
	endfacet
	facet normal 0.9438931883004343 0.33025088808365216 0
		outer loop
			vertex 12.472151756286621 1.9058187007904053 4.650016592243832e-16
			vertex 12.472151756286621 1.9058187007904053 0.6000000238418584
			vertex 12.48166561126709 1.878627061843872 0.6000000238418584
		endloop
	endfacet
	facet normal 0.9438931883004343 0.33025088808365216 0
		outer loop
			vertex 12.472151756286621 1.9058187007904053 4.650016592243832e-16
			vertex 12.48166561126709 1.878627061843872 0.6000000238418584
			vertex 12.48166561126709 1.878627061843872 4.710394159515303e-16
		endloop
	endfacet
	facet normal 0.9937092193246315 0.111991014948663 0
		outer loop
			vertex 12.48166561126709 1.878627061843872 4.710394159515303e-16
			vertex 12.48166561126709 1.878627061843872 0.6000000238418584
			vertex 12.484891891479492 1.8499999046325684 0.6000000238418584
		endloop
	endfacet
	facet normal 0.9937092193246315 0.111991014948663 0
		outer loop
			vertex 12.48166561126709 1.878627061843872 4.710394159515303e-16
			vertex 12.484891891479492 1.8499999046325684 0.6000000238418584
			vertex 12.484891891479492 1.8499999046325684 4.77395921764641e-16
		endloop
	endfacet
	facet normal 0.9937092193246315 -0.111991014948663 0
		outer loop
			vertex 12.484891891479492 1.8499999046325684 4.77395921764641e-16
			vertex 12.484891891479492 1.8499999046325684 0.6000000238418584
			vertex 12.48166561126709 1.8213727474212646 0.6000000238418584
		endloop
	endfacet
	facet normal 0.9937092193246315 -0.111991014948663 0
		outer loop
			vertex 12.484891891479492 1.8499999046325684 4.77395921764641e-16
			vertex 12.48166561126709 1.8213727474212646 0.6000000238418584
			vertex 12.48166561126709 1.8213727474212646 4.837524275777517e-16
		endloop
	endfacet
	facet normal 0.9438931883004343 -0.33025088808365216 0
		outer loop
			vertex 12.48166561126709 1.8213727474212646 4.837524275777517e-16
			vertex 12.48166561126709 1.8213727474212646 0.6000000238418584
			vertex 12.472151756286621 1.7941811084747314 0.6000000238418584
		endloop
	endfacet
	facet normal 0.9438931883004343 -0.33025088808365216 0
		outer loop
			vertex 12.48166561126709 1.8213727474212646 4.837524275777517e-16
			vertex 12.472151756286621 1.7941811084747314 0.6000000238418584
			vertex 12.472151756286621 1.7941811084747314 4.897901843048987e-16
		endloop
	endfacet
	facet normal 0.8467177198951977 -0.5320423881754891 0
		outer loop
			vertex 12.472151756286621 1.7941811084747314 4.897901843048987e-16
			vertex 12.472151756286621 1.7941811084747314 0.6000000238418584
			vertex 12.45682430267334 1.7697882652282715 0.6000000238418584
		endloop
	endfacet
	facet normal 0.8467177198951977 -0.5320423881754891 0
		outer loop
			vertex 12.472151756286621 1.7941811084747314 4.897901843048987e-16
			vertex 12.45682430267334 1.7697882652282715 0.6000000238418584
			vertex 12.45682430267334 1.7697882652282715 4.952064835465572e-16
		endloop
	endfacet
	facet normal 0.7071067811865476 -0.7071067811865476 0
		outer loop
			vertex 12.45682430267334 1.7697882652282715 4.952064835465572e-16
			vertex 12.45682430267334 1.7697882652282715 0.6000000238418584
			vertex 12.436453819274902 1.749417781829834 0.6000000238418585
		endloop
	endfacet
	facet normal 0.7071067811865476 -0.7071067811865476 0
		outer loop
			vertex 12.45682430267334 1.7697882652282715 4.952064835465572e-16
			vertex 12.436453819274902 1.749417781829834 0.6000000238418585
			vertex 12.436453819274902 1.749417781829834 4.997296394848951e-16
		endloop
	endfacet
	facet normal 0.5320417062800161 -0.8467181483697211 0
		outer loop
			vertex 12.436453819274902 1.749417781829834 4.997296394848951e-16
			vertex 12.436453819274902 1.749417781829834 0.6000000238418585
			vertex 12.41206169128418 1.734090805053711 0.6000000238418585
		endloop
	endfacet
	facet normal 0.5320417062800161 -0.8467181483697211 0
		outer loop
			vertex 12.436453819274902 1.749417781829834 4.997296394848951e-16
			vertex 12.41206169128418 1.734090805053711 0.6000000238418585
			vertex 12.41206169128418 1.734090805053711 5.031329119878445e-16
		endloop
	endfacet
	facet normal 0.3302752215998393 -0.9438846740980473 0
		outer loop
			vertex 12.41206169128418 1.734090805053711 5.031329119878445e-16
			vertex 12.41206169128418 1.734090805053711 0.6000000238418585
			vertex 12.384869575500488 1.7245759963989258 0.6000000238418585
		endloop
	endfacet
	facet normal 0.3302752215998393 -0.9438846740980473 0
		outer loop
			vertex 12.41206169128418 1.734090805053711 5.031329119878445e-16
			vertex 12.384869575500488 1.7245759963989258 0.6000000238418585
			vertex 12.384869575500488 1.7245759963989258 5.052456239165335e-16
		endloop
	endfacet
	facet normal 0.11196926070287645 -0.9937116707866782 0
		outer loop
			vertex 12.384869575500488 1.7245759963989258 5.052456239165335e-16
			vertex 12.384869575500488 1.7245759963989258 0.6000000238418585
			vertex 12.356243133544922 1.7213504314422607 0.6000000238418585
		endloop
	endfacet
	facet normal 0.11196926070287645 -0.9937116707866782 0
		outer loop
			vertex 12.384869575500488 1.7245759963989258 5.052456239165335e-16
			vertex 12.356243133544922 1.7213504314422607 0.6000000238418585
			vertex 12.356243133544922 1.7213504314422607 5.059618432129963e-16
		endloop
	endfacet
	facet normal -0.111961894326402 -0.9937125007862403 0
		outer loop
			vertex 12.356243133544922 1.7213504314422607 5.059618432129963e-16
			vertex 12.356243133544922 1.7213504314422607 0.6000000238418585
			vertex 12.327614784240723 1.7245759963989258 0.6000000238418585
		endloop
	endfacet
	facet normal -0.111961894326402 -0.9937125007862403 0
		outer loop
			vertex 12.356243133544922 1.7213504314422607 5.059618432129963e-16
			vertex 12.327614784240723 1.7245759963989258 0.6000000238418585
			vertex 12.327614784240723 1.7245759963989258 5.052456239165335e-16
		endloop
	endfacet
	facet normal -0.3302752215998393 -0.9438846740980473 0
		outer loop
			vertex 12.327614784240723 1.7245759963989258 5.052456239165335e-16
			vertex 12.327614784240723 1.7245759963989258 0.6000000238418585
			vertex 12.300422668457031 1.734090805053711 0.6000000238418585
		endloop
	endfacet
	facet normal -0.3302752215998393 -0.9438846740980473 0
		outer loop
			vertex 12.327614784240723 1.7245759963989258 5.052456239165335e-16
			vertex 12.300422668457031 1.734090805053711 0.6000000238418585
			vertex 12.300422668457031 1.734090805053711 5.031329119878445e-16
		endloop
	endfacet
	facet normal -0.5320417062800161 -0.8467181483697211 0
		outer loop
			vertex 12.300422668457031 1.734090805053711 5.031329119878445e-16
			vertex 12.300422668457031 1.734090805053711 0.6000000238418585
			vertex 12.276030540466309 1.749417781829834 0.6000000238418585
		endloop
	endfacet
	facet normal -0.5320417062800161 -0.8467181483697211 0
		outer loop
			vertex 12.300422668457031 1.734090805053711 5.031329119878445e-16
			vertex 12.276030540466309 1.749417781829834 0.6000000238418585
			vertex 12.276030540466309 1.749417781829834 4.997296394848951e-16
		endloop
	endfacet
	facet normal -0.7071067811865476 -0.7071067811865476 0
		outer loop
			vertex 12.276030540466309 1.749417781829834 4.997296394848951e-16
			vertex 12.276030540466309 1.749417781829834 0.6000000238418585
			vertex 12.255660057067871 1.7697882652282715 0.6000000238418584
		endloop
	endfacet
	facet normal -0.7071067811865476 -0.7071067811865476 0
		outer loop
			vertex 12.276030540466309 1.749417781829834 4.997296394848951e-16
			vertex 12.255660057067871 1.7697882652282715 0.6000000238418584
			vertex 12.255660057067871 1.7697882652282715 4.952064835465572e-16
		endloop
	endfacet
	facet normal -0.8467326326938989 -0.5320186544955536 0
		outer loop
			vertex 12.255660057067871 1.7697882652282715 4.952064835465572e-16
			vertex 12.255660057067871 1.7697882652282715 0.6000000238418584
			vertex 12.240333557128906 1.7941811084747314 0.6000000238418584
		endloop
	endfacet
	facet normal -0.8467326326938989 -0.5320186544955536 0
		outer loop
			vertex 12.255660057067871 1.7697882652282715 4.952064835465572e-16
			vertex 12.240333557128906 1.7941811084747314 0.6000000238418584
			vertex 12.240333557128906 1.7941811084747314 4.897901843048987e-16
		endloop
	endfacet
	facet normal -0.9438828685535853 -0.33028038157156053 0
		outer loop
			vertex 12.240333557128906 1.7941811084747314 4.897901843048987e-16
			vertex 12.240333557128906 1.7941811084747314 0.6000000238418584
			vertex 12.230818748474121 1.8213727474212646 0.6000000238418584
		endloop
	endfacet
	facet normal -0.9438828685535853 -0.33028038157156053 0
		outer loop
			vertex 12.240333557128906 1.7941811084747314 4.897901843048987e-16
			vertex 12.230818748474121 1.8213727474212646 0.6000000238418584
			vertex 12.230818748474121 1.8213727474212646 4.837524275777517e-16
		endloop
	endfacet
	facet normal -0.9937092193246315 -0.111991014948663 0
		outer loop
			vertex 12.230818748474121 1.8213727474212646 4.837524275777517e-16
			vertex 12.230818748474121 1.8213727474212646 0.6000000238418584
			vertex 12.227592468261719 1.8499999046325684 0.6000000238418584
		endloop
	endfacet
	facet normal -0.9937092193246315 -0.111991014948663 0
		outer loop
			vertex 12.230818748474121 1.8213727474212646 4.837524275777517e-16
			vertex 12.227592468261719 1.8499999046325684 0.6000000238418584
			vertex 12.227592468261719 1.8499999046325684 4.77395921764641e-16
		endloop
	endfacet
	facet normal -0.9937092193246315 0.111991014948663 0
		outer loop
			vertex 12.227592468261719 1.8499999046325684 4.77395921764641e-16
			vertex 12.227592468261719 1.8499999046325684 0.6000000238418584
			vertex 12.230818748474121 1.878627061843872 0.6000000238418584
		endloop
	endfacet
	facet normal -0.9937092193246315 0.111991014948663 0
		outer loop
			vertex 12.227592468261719 1.8499999046325684 4.77395921764641e-16
			vertex 12.230818748474121 1.878627061843872 0.6000000238418584
			vertex 12.230818748474121 1.878627061843872 4.710394159515303e-16
		endloop
	endfacet
	facet normal -0.9438828685535853 0.33028038157156053 0
		outer loop
			vertex 12.230818748474121 1.878627061843872 4.710394159515303e-16
			vertex 12.230818748474121 1.878627061843872 0.6000000238418584
			vertex 12.240333557128906 1.9058187007904053 0.6000000238418584
		endloop
	endfacet
	facet normal -0.9438828685535853 0.33028038157156053 0
		outer loop
			vertex 12.230818748474121 1.878627061843872 4.710394159515303e-16
			vertex 12.240333557128906 1.9058187007904053 0.6000000238418584
			vertex 12.240333557128906 1.9058187007904053 4.650016592243832e-16
		endloop
	endfacet
	facet normal -0.8467326326938989 0.5320186544955536 0
		outer loop
			vertex 12.240333557128906 1.9058187007904053 4.650016592243832e-16
			vertex 12.240333557128906 1.9058187007904053 0.6000000238418584
			vertex 12.255660057067871 1.9302115440368652 0.6000000238418584
		endloop
	endfacet
	facet normal -0.8467326326938989 0.5320186544955536 0
		outer loop
			vertex 12.240333557128906 1.9058187007904053 4.650016592243832e-16
			vertex 12.255660057067871 1.9302115440368652 0.6000000238418584
			vertex 12.255660057067871 1.9302115440368652 4.595853599827248e-16
		endloop
	endfacet
	facet normal -0.7071067811865476 0.7071067811865476 0
		outer loop
			vertex 12.255660057067871 1.9302115440368652 4.595853599827248e-16
			vertex 12.255660057067871 1.9302115440368652 0.6000000238418584
			vertex 12.276030540466309 1.9505820274353027 0.6000000238418584
		endloop
	endfacet
	facet normal -0.7071067811865476 0.7071067811865476 0
		outer loop
			vertex 12.255660057067871 1.9302115440368652 4.595853599827248e-16
			vertex 12.276030540466309 1.9505820274353027 0.6000000238418584
			vertex 12.276030540466309 1.9505820274353027 4.550622040443869e-16
		endloop
	endfacet
	facet normal -0.5320417062800161 0.8467181483697211 0
		outer loop
			vertex 12.276030540466309 1.9505820274353027 4.550622040443869e-16
			vertex 12.276030540466309 1.9505820274353027 0.6000000238418584
			vertex 12.300422668457031 1.9659090042114258 0.6000000238418584
		endloop
	endfacet
	facet normal -0.5320417062800161 0.8467181483697211 0
		outer loop
			vertex 12.276030540466309 1.9505820274353027 4.550622040443869e-16
			vertex 12.300422668457031 1.9659090042114258 0.6000000238418584
			vertex 12.300422668457031 1.9659090042114258 4.516589315414375e-16
		endloop
	endfacet
	facet normal -0.3302752215998393 0.9438846740980473 0
		outer loop
			vertex 12.300422668457031 1.9659090042114258 4.516589315414375e-16
			vertex 12.300422668457031 1.9659090042114258 0.6000000238418584
			vertex 12.327614784240723 1.975423812866211 0.6000000238418584
		endloop
	endfacet
	facet normal -0.3302752215998393 0.9438846740980473 0
		outer loop
			vertex 12.300422668457031 1.9659090042114258 4.516589315414375e-16
			vertex 12.327614784240723 1.975423812866211 0.6000000238418584
			vertex 12.327614784240723 1.975423812866211 4.495462196127484e-16
		endloop
	endfacet
	facet normal -0.11195372235851919 0.993713421490357 0
		outer loop
			vertex 12.327614784240723 1.975423812866211 4.495462196127484e-16
			vertex 12.327614784240723 1.975423812866211 0.6000000238418584
			vertex 12.356243133544922 1.9786491394042969 0.6000000238418584
		endloop
	endfacet
	facet normal -0.11195372235851919 0.993713421490357 0
		outer loop
			vertex 12.327614784240723 1.975423812866211 4.495462196127484e-16
			vertex 12.356243133544922 1.9786491394042969 0.6000000238418584
			vertex 12.356243133544922 1.9786491394042969 4.488300532558449e-16
		endloop
	endfacet
	facet normal 0.11196108821098112 0.9937125916111827 0
		outer loop
			vertex 12.356243133544922 1.9786491394042969 4.488300532558449e-16
			vertex 12.356243133544922 1.9786491394042969 0.6000000238418584
			vertex 12.384869575500488 1.975423812866211 0.6000000238418584
		endloop
	endfacet
	facet normal 0 0 1
		outer loop
			vertex 12.356243133544922 1.9786491394042969 0.6000000238418584
			vertex 12.327614784240723 1.975423812866211 0.6000000238418584
			vertex 12.356243133544922 1.8499999046325684 0.6000000238418584
		endloop
	endfacet
	facet normal 0 0 1
		outer loop
			vertex 12.436453819274902 1.9505820274353027 0.6000000238418584
			vertex 12.41206169128418 1.9659090042114258 0.6000000238418584
			vertex 12.356243133544922 1.8499999046325684 0.6000000238418584
		endloop
	endfacet
	facet normal 0 0 1
		outer loop
			vertex 12.356243133544922 1.8499999046325684 0.6000000238418584
			vertex 12.41206169128418 1.9659090042114258 0.6000000238418584
			vertex 12.384869575500488 1.975423812866211 0.6000000238418584
		endloop
	endfacet
	facet normal 0 0 1
		outer loop
			vertex 12.356243133544922 1.8499999046325684 0.6000000238418584
			vertex 12.384869575500488 1.975423812866211 0.6000000238418584
			vertex 12.356243133544922 1.9786491394042969 0.6000000238418584
		endloop
	endfacet
	facet normal 0 0 1
		outer loop
			vertex 12.48166561126709 1.878627061843872 0.6000000238418584
			vertex 12.472151756286621 1.9058187007904053 0.6000000238418584
			vertex 12.356243133544922 1.8499999046325684 0.6000000238418584
		endloop
	endfacet
	facet normal 0 0 1
		outer loop
			vertex 12.356243133544922 1.8499999046325684 0.6000000238418584
			vertex 12.472151756286621 1.9058187007904053 0.6000000238418584
			vertex 12.45682430267334 1.9302115440368652 0.6000000238418584
		endloop
	endfacet
	facet normal 0 0 1
		outer loop
			vertex 12.356243133544922 1.8499999046325684 0.6000000238418584
			vertex 12.45682430267334 1.9302115440368652 0.6000000238418584
			vertex 12.436453819274902 1.9505820274353027 0.6000000238418584
		endloop
	endfacet
	facet normal 0 0 1
		outer loop
			vertex 12.472151756286621 1.7941811084747314 0.6000000238418584
			vertex 12.48166561126709 1.8213727474212646 0.6000000238418584
			vertex 12.356243133544922 1.8499999046325684 0.6000000238418584
		endloop
	endfacet
	facet normal 0 0 1
		outer loop
			vertex 12.356243133544922 1.8499999046325684 0.6000000238418584
			vertex 12.48166561126709 1.8213727474212646 0.6000000238418584
			vertex 12.484891891479492 1.8499999046325684 0.6000000238418584
		endloop
	endfacet
	facet normal 0 0 1
		outer loop
			vertex 12.356243133544922 1.8499999046325684 0.6000000238418584
			vertex 12.484891891479492 1.8499999046325684 0.6000000238418584
			vertex 12.48166561126709 1.878627061843872 0.6000000238418584
		endloop
	endfacet
	facet normal -4.620496798306065e-16 7.353292885559793e-16 1
		outer loop
			vertex 12.41206169128418 1.734090805053711 0.6000000238418585
			vertex 12.436453819274902 1.749417781829834 0.6000000238418585
			vertex 12.356243133544922 1.8499999046325684 0.6000000238418584
		endloop
	endfacet
	facet normal 2.41804921619467e-15 3.032106300047597e-15 1
		outer loop
			vertex 12.356243133544922 1.8499999046325684 0.6000000238418584
			vertex 12.436453819274902 1.749417781829834 0.6000000238418585
			vertex 12.45682430267334 1.7697882652282715 0.6000000238418584
		endloop
	endfacet
	facet normal 0 0 1
		outer loop
			vertex 12.356243133544922 1.8499999046325684 0.6000000238418584
			vertex 12.45682430267334 1.7697882652282715 0.6000000238418584
			vertex 12.472151756286621 1.7941811084747314 0.6000000238418584
		endloop
	endfacet
	facet normal 9.723255597110523e-17 8.629829544523935e-16 1
		outer loop
			vertex 12.327614784240723 1.7245759963989258 0.6000000238418585
			vertex 12.356243133544922 1.7213504314422607 0.6000000238418585
			vertex 12.356243133544922 1.8499999046325684 0.6000000238418584
		endloop
	endfacet
	facet normal -9.723903447035373e-17 8.629829544523935e-16 1
		outer loop
			vertex 12.356243133544922 1.8499999046325684 0.6000000238418584
			vertex 12.356243133544922 1.7213504314422607 0.6000000238418585
			vertex 12.384869575500488 1.7245759963989258 0.6000000238418585
		endloop
	endfacet
	facet normal -2.868259297523806e-16 8.197121113590888e-16 1
		outer loop
			vertex 12.356243133544922 1.8499999046325684 0.6000000238418584
			vertex 12.384869575500488 1.7245759963989258 0.6000000238418585
			vertex 12.41206169128418 1.734090805053711 0.6000000238418585
		endloop
	endfacet
	facet normal -2.4180237062518374e-15 3.03213180999043e-15 1
		outer loop
			vertex 12.255660057067871 1.7697882652282715 0.6000000238418584
			vertex 12.276030540466309 1.749417781829834 0.6000000238418585
			vertex 12.356243133544922 1.8499999046325684 0.6000000238418584
		endloop
	endfacet
	facet normal 4.620460121310524e-16 7.353234515929396e-16 1
		outer loop
			vertex 12.356243133544922 1.8499999046325684 0.6000000238418584
			vertex 12.276030540466309 1.749417781829834 0.6000000238418585
			vertex 12.300422668457031 1.734090805053711 0.6000000238418585
		endloop
	endfacet
	facet normal 2.868245163867292e-16 8.197080721394015e-16 1
		outer loop
			vertex 12.356243133544922 1.8499999046325684 0.6000000238418584
			vertex 12.300422668457031 1.734090805053711 0.6000000238418585
			vertex 12.327614784240723 1.7245759963989258 0.6000000238418585
		endloop
	endfacet
	facet normal 0 0 1
		outer loop
			vertex 12.227592468261719 1.8499999046325684 0.6000000238418584
			vertex 12.230818748474121 1.8213727474212646 0.6000000238418584
			vertex 12.356243133544922 1.8499999046325684 0.6000000238418584
		endloop
	endfacet
	facet normal 0 0 1
		outer loop
			vertex 12.356243133544922 1.8499999046325684 0.6000000238418584
			vertex 12.230818748474121 1.8213727474212646 0.6000000238418584
			vertex 12.240333557128906 1.7941811084747314 0.6000000238418584
		endloop
	endfacet
	facet normal 0 0 1
		outer loop
			vertex 12.356243133544922 1.8499999046325684 0.6000000238418584
			vertex 12.240333557128906 1.7941811084747314 0.6000000238418584
			vertex 12.255660057067871 1.7697882652282715 0.6000000238418584
		endloop
	endfacet
	facet normal 0 0 1
		outer loop
			vertex 12.255660057067871 1.9302115440368652 0.6000000238418584
			vertex 12.240333557128906 1.9058187007904053 0.6000000238418584
			vertex 12.356243133544922 1.8499999046325684 0.6000000238418584
		endloop
	endfacet
	facet normal 0 0 1
		outer loop
			vertex 12.356243133544922 1.8499999046325684 0.6000000238418584
			vertex 12.240333557128906 1.9058187007904053 0.6000000238418584
			vertex 12.230818748474121 1.878627061843872 0.6000000238418584
		endloop
	endfacet
	facet normal 0 0 1
		outer loop
			vertex 12.356243133544922 1.8499999046325684 0.6000000238418584
			vertex 12.230818748474121 1.878627061843872 0.6000000238418584
			vertex 12.227592468261719 1.8499999046325684 0.6000000238418584
		endloop
	endfacet
	facet normal 0 0 1
		outer loop
			vertex 12.327614784240723 1.975423812866211 0.6000000238418584
			vertex 12.300422668457031 1.9659090042114258 0.6000000238418584
			vertex 12.356243133544922 1.8499999046325684 0.6000000238418584
		endloop
	endfacet
	facet normal 0 0 1
		outer loop
			vertex 12.356243133544922 1.8499999046325684 0.6000000238418584
			vertex 12.300422668457031 1.9659090042114258 0.6000000238418584
			vertex 12.276030540466309 1.9505820274353027 0.6000000238418584
		endloop
	endfacet
	facet normal 0 0 1
		outer loop
			vertex 12.356243133544922 1.8499999046325684 0.6000000238418584
			vertex 12.276030540466309 1.9505820274353027 0.6000000238418584
			vertex 12.255660057067871 1.9302115440368652 0.6000000238418584
		endloop
	endfacet
	facet normal 0 -2.220446049250313e-16 -1
		outer loop
			vertex 12.356243133544922 1.9786491394042969 4.488300532558449e-16
			vertex 12.384869575500488 1.975423812866211 4.495462196127484e-16
			vertex 12.356243133544922 1.8499999046325684 4.77395921764641e-16
		endloop
	endfacet
	facet normal 0 -2.220446049250313e-16 -1
		outer loop
			vertex 12.276030540466309 1.9505820274353027 4.550622040443869e-16
			vertex 12.300422668457031 1.9659090042114258 4.516589315414375e-16
			vertex 12.356243133544922 1.8499999046325684 4.77395921764641e-16
		endloop
	endfacet
	facet normal 0 -2.220446049250313e-16 -1
		outer loop
			vertex 12.356243133544922 1.8499999046325684 4.77395921764641e-16
			vertex 12.300422668457031 1.9659090042114258 4.516589315414375e-16
			vertex 12.327614784240723 1.975423812866211 4.495462196127484e-16
		endloop
	endfacet
	facet normal 0 -2.220446049250313e-16 -1
		outer loop
			vertex 12.356243133544922 1.8499999046325684 4.77395921764641e-16
			vertex 12.327614784240723 1.975423812866211 4.495462196127484e-16
			vertex 12.356243133544922 1.9786491394042969 4.488300532558449e-16
		endloop
	endfacet
	facet normal 0 -2.220446049250313e-16 -1
		outer loop
			vertex 12.230818748474121 1.878627061843872 4.710394159515303e-16
			vertex 12.240333557128906 1.9058187007904053 4.650016592243832e-16
			vertex 12.356243133544922 1.8499999046325684 4.77395921764641e-16
		endloop
	endfacet
	facet normal 0 -2.220446049250313e-16 -1
		outer loop
			vertex 12.356243133544922 1.8499999046325684 4.77395921764641e-16
			vertex 12.240333557128906 1.9058187007904053 4.650016592243832e-16
			vertex 12.255660057067871 1.9302115440368652 4.595853599827248e-16
		endloop
	endfacet
	facet normal 0 -2.220446049250313e-16 -1
		outer loop
			vertex 12.356243133544922 1.8499999046325684 4.77395921764641e-16
			vertex 12.255660057067871 1.9302115440368652 4.595853599827248e-16
			vertex 12.276030540466309 1.9505820274353027 4.550622040443869e-16
		endloop
	endfacet
	facet normal 0 -2.220446049250313e-16 -1
		outer loop
			vertex 12.240333557128906 1.7941811084747314 4.897901843048987e-16
			vertex 12.230818748474121 1.8213727474212646 4.837524275777517e-16
			vertex 12.356243133544922 1.8499999046325684 4.77395921764641e-16
		endloop
	endfacet
	facet normal 0 -2.220446049250313e-16 -1
		outer loop
			vertex 12.356243133544922 1.8499999046325684 4.77395921764641e-16
			vertex 12.230818748474121 1.8213727474212646 4.837524275777517e-16
			vertex 12.227592468261719 1.8499999046325684 4.77395921764641e-16
		endloop
	endfacet
	facet normal 0 -2.220446049250313e-16 -1
		outer loop
			vertex 12.356243133544922 1.8499999046325684 4.77395921764641e-16
			vertex 12.227592468261719 1.8499999046325684 4.77395921764641e-16
			vertex 12.230818748474121 1.878627061843872 4.710394159515303e-16
		endloop
	endfacet
	facet normal 0 -2.220446049250313e-16 -1
		outer loop
			vertex 12.300422668457031 1.734090805053711 5.031329119878445e-16
			vertex 12.276030540466309 1.749417781829834 4.997296394848951e-16
			vertex 12.356243133544922 1.8499999046325684 4.77395921764641e-16
		endloop
	endfacet
	facet normal 0 -2.220446049250313e-16 -1
		outer loop
			vertex 12.356243133544922 1.8499999046325684 4.77395921764641e-16
			vertex 12.276030540466309 1.749417781829834 4.997296394848951e-16
			vertex 12.255660057067871 1.7697882652282715 4.952064835465572e-16
		endloop
	endfacet
	facet normal 0 -2.220446049250313e-16 -1
		outer loop
			vertex 12.356243133544922 1.8499999046325684 4.77395921764641e-16
			vertex 12.255660057067871 1.7697882652282715 4.952064835465572e-16
			vertex 12.240333557128906 1.7941811084747314 4.897901843048987e-16
		endloop
	endfacet
	facet normal 0 -2.220446049250313e-16 -1
		outer loop
			vertex 12.384869575500488 1.7245759963989258 5.052456239165335e-16
			vertex 12.356243133544922 1.7213504314422607 5.059618432129963e-16
			vertex 12.356243133544922 1.8499999046325684 4.77395921764641e-16
		endloop
	endfacet
	facet normal 0 -2.220446049250313e-16 -1
		outer loop
			vertex 12.356243133544922 1.8499999046325684 4.77395921764641e-16
			vertex 12.356243133544922 1.7213504314422607 5.059618432129963e-16
			vertex 12.327614784240723 1.7245759963989258 5.052456239165335e-16
		endloop
	endfacet
	facet normal 0 -2.220446049250313e-16 -1
		outer loop
			vertex 12.356243133544922 1.8499999046325684 4.77395921764641e-16
			vertex 12.327614784240723 1.7245759963989258 5.052456239165335e-16
			vertex 12.300422668457031 1.734090805053711 5.031329119878445e-16
		endloop
	endfacet
	facet normal 0 -2.220446049250313e-16 -1
		outer loop
			vertex 12.45682430267334 1.7697882652282715 4.952064835465572e-16
			vertex 12.436453819274902 1.749417781829834 4.997296394848951e-16
			vertex 12.356243133544922 1.8499999046325684 4.77395921764641e-16
		endloop
	endfacet
	facet normal 0 -2.220446049250313e-16 -1
		outer loop
			vertex 12.356243133544922 1.8499999046325684 4.77395921764641e-16
			vertex 12.436453819274902 1.749417781829834 4.997296394848951e-16
			vertex 12.41206169128418 1.734090805053711 5.031329119878445e-16
		endloop
	endfacet
	facet normal 0 -2.220446049250313e-16 -1
		outer loop
			vertex 12.356243133544922 1.8499999046325684 4.77395921764641e-16
			vertex 12.41206169128418 1.734090805053711 5.031329119878445e-16
			vertex 12.384869575500488 1.7245759963989258 5.052456239165335e-16
		endloop
	endfacet
	facet normal 0 -2.220446049250313e-16 -1
		outer loop
			vertex 12.484891891479492 1.8499999046325684 4.77395921764641e-16
			vertex 12.48166561126709 1.8213727474212646 4.837524275777517e-16
			vertex 12.356243133544922 1.8499999046325684 4.77395921764641e-16
		endloop
	endfacet
	facet normal 0 -2.220446049250313e-16 -1
		outer loop
			vertex 12.356243133544922 1.8499999046325684 4.77395921764641e-16
			vertex 12.48166561126709 1.8213727474212646 4.837524275777517e-16
			vertex 12.472151756286621 1.7941811084747314 4.897901843048987e-16
		endloop
	endfacet
	facet normal 0 -2.220446049250313e-16 -1
		outer loop
			vertex 12.356243133544922 1.8499999046325684 4.77395921764641e-16
			vertex 12.472151756286621 1.7941811084747314 4.897901843048987e-16
			vertex 12.45682430267334 1.7697882652282715 4.952064835465572e-16
		endloop
	endfacet
	facet normal 0 -2.220446049250313e-16 -1
		outer loop
			vertex 12.45682430267334 1.9302115440368652 4.595853599827248e-16
			vertex 12.472151756286621 1.9058187007904053 4.650016592243832e-16
			vertex 12.356243133544922 1.8499999046325684 4.77395921764641e-16
		endloop
	endfacet
	facet normal 0 -2.220446049250313e-16 -1
		outer loop
			vertex 12.356243133544922 1.8499999046325684 4.77395921764641e-16
			vertex 12.472151756286621 1.9058187007904053 4.650016592243832e-16
			vertex 12.48166561126709 1.878627061843872 4.710394159515303e-16
		endloop
	endfacet
	facet normal 0 -2.220446049250313e-16 -1
		outer loop
			vertex 12.356243133544922 1.8499999046325684 4.77395921764641e-16
			vertex 12.48166561126709 1.878627061843872 4.710394159515303e-16
			vertex 12.484891891479492 1.8499999046325684 4.77395921764641e-16
		endloop
	endfacet
	facet normal 0 -2.220446049250313e-16 -1
		outer loop
			vertex 12.384869575500488 1.975423812866211 4.495462196127484e-16
			vertex 12.41206169128418 1.9659090042114258 4.516589315414375e-16
			vertex 12.356243133544922 1.8499999046325684 4.77395921764641e-16
		endloop
	endfacet
	facet normal 0 -2.220446049250313e-16 -1
		outer loop
			vertex 12.356243133544922 1.8499999046325684 4.77395921764641e-16
			vertex 12.41206169128418 1.9659090042114258 4.516589315414375e-16
			vertex 12.436453819274902 1.9505820274353027 4.550622040443869e-16
		endloop
	endfacet
	facet normal 0 -2.220446049250313e-16 -1
		outer loop
			vertex 12.356243133544922 1.8499999046325684 4.77395921764641e-16
			vertex 12.436453819274902 1.9505820274353027 4.550622040443869e-16
			vertex 12.45682430267334 1.9302115440368652 4.595853599827248e-16
		endloop
	endfacet
	facet normal 0.11196724900844655 0.9937118974579506 0
		outer loop
			vertex 12.356243133544922 2.2798452377319336 3.8195108459772396e-16
			vertex 12.385135650634766 2.2765897512435913 0.6000000238418582
			vertex 12.385135650634766 2.2765897512435913 3.826739478088667e-16
		endloop
	endfacet
	facet normal 0.33027591413075896 0.9438844317738753 0
		outer loop
			vertex 12.385135650634766 2.2765897512435913 3.826739478088667e-16
			vertex 12.385135650634766 2.2765897512435913 0.6000000238418582
			vertex 12.412580490112305 2.2669864892959595 0.6000000238418582
		endloop
	endfacet
	facet normal 0.33027591413075896 0.9438844317738753 0
		outer loop
			vertex 12.385135650634766 2.2765897512435913 3.826739478088667e-16
			vertex 12.412580490112305 2.2669864892959595 0.6000000238418582
			vertex 12.412580490112305 2.2669864892959595 3.848063003140202e-16
		endloop
	endfacet
	facet normal 0.5320376126086811 0.8467207206450394 0
		outer loop
			vertex 12.412580490112305 2.2669864892959595 3.848063003140202e-16
			vertex 12.412580490112305 2.2669864892959595 0.6000000238418582
			vertex 12.437199592590332 2.2515170574188232 0.6000000238418582
		endloop
	endfacet
	facet normal 0.5320376126086811 0.8467207206450394 0
		outer loop
			vertex 12.412580490112305 2.2669864892959595 3.848063003140202e-16
			vertex 12.437199592590332 2.2515170574188232 0.6000000238418582
			vertex 12.437199592590332 2.2515170574188232 3.882412042035936e-16
		endloop
	endfacet
	facet normal 0.7071006313534799 0.7071129309661295 0
		outer loop
			vertex 12.437199592590332 2.2515170574188232 3.882412042035936e-16
			vertex 12.437199592590332 2.2515170574188232 0.6000000238418582
			vertex 12.457759857177734 2.2309571504592896 0.6000000238418584
		endloop
	endfacet
	facet normal 0.7071006313534799 0.7071129309661295 0
		outer loop
			vertex 12.437199592590332 2.2515170574188232 3.882412042035936e-16
			vertex 12.457759857177734 2.2309571504592896 0.6000000238418584
			vertex 12.457759857177734 2.2309571504592896 3.9280642062171865e-16
		endloop
	endfacet
	facet normal 0.8467223552883284 0.532035011117676 0
		outer loop
			vertex 12.457759857177734 2.2309571504592896 3.9280642062171865e-16
			vertex 12.457759857177734 2.2309571504592896 0.6000000238418584
			vertex 12.47322940826416 2.2063376903533936 0.6000000238418584
		endloop
	endfacet
	facet normal 0.8467223552883284 0.532035011117676 0
		outer loop
			vertex 12.457759857177734 2.2309571504592896 3.9280642062171865e-16
			vertex 12.47322940826416 2.2063376903533936 0.6000000238418584
			vertex 12.47322940826416 2.2063376903533936 3.982730389143999e-16
		endloop
	endfacet
	facet normal 0.9438907586474581 0.330257832215871 0
		outer loop
			vertex 12.47322940826416 2.2063376903533936 3.982730389143999e-16
			vertex 12.47322940826416 2.2063376903533936 0.6000000238418584
			vertex 12.482831954956055 2.178893208503723 0.6000000238418584
		endloop
	endfacet
	facet normal 0.9438907586474581 0.330257832215871 0
		outer loop
			vertex 12.47322940826416 2.2063376903533936 3.982730389143999e-16
			vertex 12.482831954956055 2.178893208503723 0.6000000238418584
			vertex 12.482831954956055 2.178893208503723 4.0436693804408216e-16
		endloop
	endfacet
	facet normal 0.9937108887097135 0.11197620130970477 0
		outer loop
			vertex 12.482831954956055 2.178893208503723 4.0436693804408216e-16
			vertex 12.482831954956055 2.178893208503723 0.6000000238418584
			vertex 12.486087799072266 2.1499998569488525 0.6000000238418584
		endloop
	endfacet
	facet normal 0.9937108887097135 0.11197620130970477 0
		outer loop
			vertex 12.482831954956055 2.178893208503723 4.0436693804408216e-16
			vertex 12.486087799072266 2.1499998569488525 0.6000000238418584
			vertex 12.486087799072266 2.1499998569488525 4.1078255087504344e-16
		endloop
	endfacet
	facet normal 0.9937108373022304 -0.11197665751441374 0
		outer loop
			vertex 12.486087799072266 2.1499998569488525 4.1078255087504344e-16
			vertex 12.486087799072266 2.1499998569488525 0.6000000238418584
			vertex 12.482831954956055 2.1211066246032715 0.6000000238418584
		endloop
	endfacet
	facet normal 0.9937108373022304 -0.11197665751441374 0
		outer loop
			vertex 12.486087799072266 2.1499998569488525 4.1078255087504344e-16
			vertex 12.482831954956055 2.1211066246032715 0.6000000238418584
			vertex 12.482831954956055 2.1211066246032715 4.171981372362251e-16
		endloop
	endfacet
	facet normal 0.9438907586474581 -0.330257832215871 0
		outer loop
			vertex 12.482831954956055 2.1211066246032715 4.171981372362251e-16
			vertex 12.482831954956055 2.1211066246032715 0.6000000238418584
			vertex 12.47322940826416 2.093662142753601 0.6000000238418584
		endloop
	endfacet
	facet normal 0.9438907586474581 -0.330257832215871 0
		outer loop
			vertex 12.482831954956055 2.1211066246032715 4.171981372362251e-16
			vertex 12.47322940826416 2.093662142753601 0.6000000238418584
			vertex 12.47322940826416 2.093662142753601 4.232920363659074e-16
		endloop
	endfacet
	facet normal 0.8467223552883284 -0.532035011117676 0
		outer loop
			vertex 12.47322940826416 2.093662142753601 4.232920363659074e-16
			vertex 12.47322940826416 2.093662142753601 0.6000000238418584
			vertex 12.457759857177734 2.069042682647705 0.6000000238418584
		endloop
	endfacet
	facet normal 0.8467223552883284 -0.532035011117676 0
		outer loop
			vertex 12.47322940826416 2.093662142753601 4.232920363659074e-16
			vertex 12.457759857177734 2.069042682647705 0.6000000238418584
			vertex 12.457759857177734 2.069042682647705 4.2875865465858863e-16
		endloop
	endfacet
	facet normal 0.7071006313534799 -0.7071129309661295 0
		outer loop
			vertex 12.457759857177734 2.069042682647705 4.2875865465858863e-16
			vertex 12.457759857177734 2.069042682647705 0.6000000238418584
			vertex 12.437199592590332 2.0484827756881714 0.6000000238418584
		endloop
	endfacet
	facet normal 0.7071006313534799 -0.7071129309661295 0
		outer loop
			vertex 12.457759857177734 2.069042682647705 4.2875865465858863e-16
			vertex 12.437199592590332 2.0484827756881714 0.6000000238418584
			vertex 12.437199592590332 2.0484827756881714 4.333238710767137e-16
		endloop
	endfacet
	facet normal 0.5320405519974201 -0.8467188736707602 0
		outer loop
			vertex 12.437199592590332 2.0484827756881714 4.333238710767137e-16
			vertex 12.437199592590332 2.0484827756881714 0.6000000238418584
			vertex 12.412580490112305 2.0330132246017456 0.6000000238418584
		endloop
	endfacet
	facet normal 0.5320405519974201 -0.8467188736707602 0
		outer loop
			vertex 12.437199592590332 2.0484827756881714 4.333238710767137e-16
			vertex 12.412580490112305 2.0330132246017456 0.6000000238418584
			vertex 12.412580490112305 2.0330132246017456 4.367588014360667e-16
		endloop
	endfacet
	facet normal 0.3302722614917256 -0.9438857098659464 0
		outer loop
			vertex 12.412580490112305 2.0330132246017456 4.367588014360667e-16
			vertex 12.412580490112305 2.0330132246017456 0.6000000238418584
			vertex 12.385135650634766 2.0234100818634033 0.6000000238418584
		endloop
	endfacet
	facet normal 0.3302722614917256 -0.9438857098659464 0
		outer loop
			vertex 12.412580490112305 2.0330132246017456 4.367588014360667e-16
			vertex 12.385135650634766 2.0234100818634033 0.6000000238418584
			vertex 12.385135650634766 2.0234100818634033 4.388911274714406e-16
		endloop
	endfacet
	facet normal 0.11196724900844655 -0.9937118974579506 0
		outer loop
			vertex 12.385135650634766 2.0234100818634033 4.388911274714406e-16
			vertex 12.385135650634766 2.0234100818634033 0.6000000238418584
			vertex 12.356243133544922 2.020154595375061 0.6000000238418584
		endloop
	endfacet
	facet normal 0.11196724900844655 -0.9937118974579506 0
		outer loop
			vertex 12.385135650634766 2.0234100818634033 4.388911274714406e-16
			vertex 12.356243133544922 2.020154595375061 0.6000000238418584
			vertex 12.356243133544922 2.020154595375061 4.3961399068258333e-16
		endloop
	endfacet
	facet normal -0.11196359968271272 -0.9937123086417363 0
		outer loop
			vertex 12.356243133544922 2.020154595375061 4.3961399068258333e-16
			vertex 12.356243133544922 2.020154595375061 0.6000000238418584
			vertex 12.327349662780762 2.0234100818634033 0.6000000238418584
		endloop
	endfacet
	facet normal -0.11196359968271272 -0.9937123086417363 0
		outer loop
			vertex 12.356243133544922 2.020154595375061 4.3961399068258333e-16
			vertex 12.327349662780762 2.0234100818634033 0.6000000238418584
			vertex 12.327349662780762 2.0234100818634033 4.388911274714406e-16
		endloop
	endfacet
	facet normal -0.3302722614917256 -0.9438857098659464 0
		outer loop
			vertex 12.327349662780762 2.0234100818634033 4.388911274714406e-16
			vertex 12.327349662780762 2.0234100818634033 0.6000000238418584
			vertex 12.299904823303223 2.0330132246017456 0.6000000238418584
		endloop
	endfacet
	facet normal -0.3302722614917256 -0.9438857098659464 0
		outer loop
			vertex 12.327349662780762 2.0234100818634033 4.388911274714406e-16
			vertex 12.299904823303223 2.0330132246017456 0.6000000238418584
			vertex 12.299904823303223 2.0330132246017456 4.367588014360667e-16
		endloop
	endfacet
	facet normal -0.532025776523938 -0.8467281577425548 0
		outer loop
			vertex 12.299904823303223 2.0330132246017456 4.367588014360667e-16
			vertex 12.299904823303223 2.0330132246017456 0.6000000238418584
			vertex 12.275284767150879 2.0484827756881714 0.6000000238418584
		endloop
	endfacet
	facet normal -0.532025776523938 -0.8467281577425548 0
		outer loop
			vertex 12.299904823303223 2.0330132246017456 4.367588014360667e-16
			vertex 12.275284767150879 2.0484827756881714 0.6000000238418584
			vertex 12.275284767150879 2.0484827756881714 4.333238710767137e-16
		endloop
	endfacet
	facet normal -0.7071006313534799 -0.7071129309661295 0
		outer loop
			vertex 12.275284767150879 2.0484827756881714 4.333238710767137e-16
			vertex 12.275284767150879 2.0484827756881714 0.6000000238418584
			vertex 12.254724502563477 2.069042682647705 0.6000000238418584
		endloop
	endfacet
	facet normal -0.7071006313534799 -0.7071129309661295 0
		outer loop
			vertex 12.275284767150879 2.0484827756881714 4.333238710767137e-16
			vertex 12.254724502563477 2.069042682647705 0.6000000238418584
			vertex 12.254724502563477 2.069042682647705 4.2875865465858863e-16
		endloop
	endfacet
	facet normal -0.8467371307754425 -0.5320114955206995 0
		outer loop
			vertex 12.254724502563477 2.069042682647705 4.2875865465858863e-16
			vertex 12.254724502563477 2.069042682647705 0.6000000238418584
			vertex 12.239255905151367 2.093662142753601 0.6000000238418584
		endloop
	endfacet
	facet normal -0.8467371307754425 -0.5320114955206995 0
		outer loop
			vertex 12.254724502563477 2.069042682647705 4.2875865465858863e-16
			vertex 12.239255905151367 2.093662142753601 0.6000000238418584
			vertex 12.239255905151367 2.093662142753601 4.232920363659074e-16
		endloop
	endfacet
	facet normal -0.9438805338161056 -0.33028705376236517 0
		outer loop
			vertex 12.239255905151367 2.093662142753601 4.232920363659074e-16
			vertex 12.239255905151367 2.093662142753601 0.6000000238418584
			vertex 12.229652404785156 2.1211066246032715 0.6000000238418584
		endloop
	endfacet
	facet normal -0.9438805338161056 -0.33028705376236517 0
		outer loop
			vertex 12.239255905151367 2.093662142753601 4.232920363659074e-16
			vertex 12.229652404785156 2.1211066246032715 0.6000000238418584
			vertex 12.229652404785156 2.1211066246032715 4.171981372362251e-16
		endloop
	endfacet
	facet normal -0.9937108373022304 -0.11197665751441374 0
		outer loop
			vertex 12.229652404785156 2.1211066246032715 4.171981372362251e-16
			vertex 12.229652404785156 2.1211066246032715 0.6000000238418584
			vertex 12.226396560668945 2.1499998569488525 0.6000000238418584
		endloop
	endfacet
	facet normal -0.9937108373022304 -0.11197665751441374 0
		outer loop
			vertex 12.229652404785156 2.1211066246032715 4.171981372362251e-16
			vertex 12.226396560668945 2.1499998569488525 0.6000000238418584
			vertex 12.226396560668945 2.1499998569488525 4.1078255087504344e-16
		endloop
	endfacet
	facet normal -0.9937108887097135 0.11197620130970477 0
		outer loop
			vertex 12.226396560668945 2.1499998569488525 4.1078255087504344e-16
			vertex 12.226396560668945 2.1499998569488525 0.6000000238418584
			vertex 12.229652404785156 2.178893208503723 0.6000000238418584
		endloop
	endfacet
	facet normal -0.9937108887097135 0.11197620130970477 0
		outer loop
			vertex 12.226396560668945 2.1499998569488525 4.1078255087504344e-16
			vertex 12.229652404785156 2.178893208503723 0.6000000238418584
			vertex 12.229652404785156 2.178893208503723 4.0436693804408216e-16
		endloop
	endfacet
	facet normal -0.9438805338161056 0.33028705376236517 0
		outer loop
			vertex 12.229652404785156 2.178893208503723 4.0436693804408216e-16
			vertex 12.229652404785156 2.178893208503723 0.6000000238418584
			vertex 12.239255905151367 2.2063376903533936 0.6000000238418584
		endloop
	endfacet
	facet normal -0.9438805338161056 0.33028705376236517 0
		outer loop
			vertex 12.229652404785156 2.178893208503723 4.0436693804408216e-16
			vertex 12.239255905151367 2.2063376903533936 0.6000000238418584
			vertex 12.239255905151367 2.2063376903533936 3.982730389143999e-16
		endloop
	endfacet
	facet normal -0.8467371307754425 0.5320114955206995 0
		outer loop
			vertex 12.239255905151367 2.2063376903533936 3.982730389143999e-16
			vertex 12.239255905151367 2.2063376903533936 0.6000000238418584
			vertex 12.254724502563477 2.2309571504592896 0.6000000238418584
		endloop
	endfacet
	facet normal -0.8467371307754425 0.5320114955206995 0
		outer loop
			vertex 12.239255905151367 2.2063376903533936 3.982730389143999e-16
			vertex 12.254724502563477 2.2309571504592896 0.6000000238418584
			vertex 12.254724502563477 2.2309571504592896 3.9280642062171865e-16
		endloop
	endfacet
	facet normal -0.7071006313534799 0.7071129309661295 0
		outer loop
			vertex 12.254724502563477 2.2309571504592896 3.9280642062171865e-16
			vertex 12.254724502563477 2.2309571504592896 0.6000000238418584
			vertex 12.275284767150879 2.2515170574188232 0.6000000238418582
		endloop
	endfacet
	facet normal -0.7071006313534799 0.7071129309661295 0
		outer loop
			vertex 12.254724502563477 2.2309571504592896 3.9280642062171865e-16
			vertex 12.275284767150879 2.2515170574188232 0.6000000238418582
			vertex 12.275284767150879 2.2515170574188232 3.882412042035936e-16
		endloop
	endfacet
	facet normal -0.5320228371523724 0.8467300046345001 0
		outer loop
			vertex 12.275284767150879 2.2515170574188232 3.882412042035936e-16
			vertex 12.275284767150879 2.2515170574188232 0.6000000238418582
			vertex 12.299904823303223 2.2669864892959595 0.6000000238418582
		endloop
	endfacet
	facet normal -0.5320228371523724 0.8467300046345001 0
		outer loop
			vertex 12.275284767150879 2.2515170574188232 3.882412042035936e-16
			vertex 12.299904823303223 2.2669864892959595 0.6000000238418582
			vertex 12.299904823303223 2.2669864892959595 3.848063003140202e-16
		endloop
	endfacet
	facet normal -0.33027591413075896 0.9438844317738753 0
		outer loop
			vertex 12.299904823303223 2.2669864892959595 3.848063003140202e-16
			vertex 12.299904823303223 2.2669864892959595 0.6000000238418582
			vertex 12.327349662780762 2.2765897512435913 0.6000000238418582
		endloop
	endfacet
	facet normal -0.33027591413075896 0.9438844317738753 0
		outer loop
			vertex 12.299904823303223 2.2669864892959595 3.848063003140202e-16
			vertex 12.327349662780762 2.2765897512435913 0.6000000238418582
			vertex 12.327349662780762 2.2765897512435913 3.826739478088667e-16
		endloop
	endfacet
	facet normal -0.11196359968271272 0.9937123086417363 0
		outer loop
			vertex 12.327349662780762 2.2765897512435913 3.826739478088667e-16
			vertex 12.327349662780762 2.2765897512435913 0.6000000238418582
			vertex 12.356243133544922 2.2798452377319336 0.6000000238418582
		endloop
	endfacet
	facet normal -0.11196359968271272 0.9937123086417363 0
		outer loop
			vertex 12.327349662780762 2.2765897512435913 3.826739478088667e-16
			vertex 12.356243133544922 2.2798452377319336 0.6000000238418582
			vertex 12.356243133544922 2.2798452377319336 3.8195108459772396e-16
		endloop
	endfacet
	facet normal 0.11196724900844655 0.9937118974579506 0
		outer loop
			vertex 12.356243133544922 2.2798452377319336 3.8195108459772396e-16
			vertex 12.356243133544922 2.2798452377319336 0.6000000238418582
			vertex 12.385135650634766 2.2765897512435913 0.6000000238418582
		endloop
	endfacet
	facet normal -9.633850643356308e-17 8.550346711831735e-16 1
		outer loop
			vertex 12.356243133544922 2.2798452377319336 0.6000000238418582
			vertex 12.327349662780762 2.2765897512435913 0.6000000238418582
			vertex 12.356243133544922 2.1499998569488525 0.6000000238418584
		endloop
	endfacet
	facet normal 4.577903000608723e-16 7.285585146344706e-16 1
		outer loop
			vertex 12.437199592590332 2.2515170574188232 0.6000000238418582
			vertex 12.412580490112305 2.2669864892959595 0.6000000238418582
			vertex 12.356243133544922 2.1499998569488525 0.6000000238418584
		endloop
	endfacet
	facet normal 2.841847052183525e-16 8.121619153180318e-16 1
		outer loop
			vertex 12.356243133544922 2.1499998569488525 0.6000000238418584
			vertex 12.412580490112305 2.2669864892959595 0.6000000238418582
			vertex 12.385135650634766 2.2765897512435913 0.6000000238418582
		endloop
	endfacet
	facet normal 9.634168634201414e-17 8.550346711831734e-16 1
		outer loop
			vertex 12.356243133544922 2.1499998569488525 0.6000000238418584
			vertex 12.385135650634766 2.2765897512435913 0.6000000238418582
			vertex 12.356243133544922 2.2798452377319336 0.6000000238418582
		endloop
	endfacet
	facet normal 0 0 1
		outer loop
			vertex 12.482831954956055 2.178893208503723 0.6000000238418584
			vertex 12.47322940826416 2.2063376903533936 0.6000000238418584
			vertex 12.356243133544922 2.1499998569488525 0.6000000238418584
		endloop
	endfacet
	facet normal 0 0 1
		outer loop
			vertex 12.356243133544922 2.1499998569488525 0.6000000238418584
			vertex 12.47322940826416 2.2063376903533936 0.6000000238418584
			vertex 12.457759857177734 2.2309571504592896 0.6000000238418584
		endloop
	endfacet
	facet normal -2.3957454993411003e-15 3.0041546994133455e-15 1
		outer loop
			vertex 12.356243133544922 2.1499998569488525 0.6000000238418584
			vertex 12.457759857177734 2.2309571504592896 0.6000000238418584
			vertex 12.437199592590332 2.2515170574188232 0.6000000238418582
		endloop
	endfacet
	facet normal 0 0 1
		outer loop
			vertex 12.47322940826416 2.093662142753601 0.6000000238418584
			vertex 12.482831954956055 2.1211066246032715 0.6000000238418584
			vertex 12.356243133544922 2.1499998569488525 0.6000000238418584
		endloop
	endfacet
	facet normal 0 0 1
		outer loop
			vertex 12.356243133544922 2.1499998569488525 0.6000000238418584
			vertex 12.482831954956055 2.1211066246032715 0.6000000238418584
			vertex 12.486087799072266 2.1499998569488525 0.6000000238418584
		endloop
	endfacet
	facet normal 0 0 1
		outer loop
			vertex 12.356243133544922 2.1499998569488525 0.6000000238418584
			vertex 12.486087799072266 2.1499998569488525 0.6000000238418584
			vertex 12.482831954956055 2.178893208503723 0.6000000238418584
		endloop
	endfacet
	facet normal 0 0 1
		outer loop
			vertex 12.412580490112305 2.0330132246017456 0.6000000238418584
			vertex 12.437199592590332 2.0484827756881714 0.6000000238418584
			vertex 12.356243133544922 2.1499998569488525 0.6000000238418584
		endloop
	endfacet
	facet normal 0 0 1
		outer loop
			vertex 12.356243133544922 2.1499998569488525 0.6000000238418584
			vertex 12.437199592590332 2.0484827756881714 0.6000000238418584
			vertex 12.457759857177734 2.069042682647705 0.6000000238418584
		endloop
	endfacet
	facet normal 0 0 1
		outer loop
			vertex 12.356243133544922 2.1499998569488525 0.6000000238418584
			vertex 12.457759857177734 2.069042682647705 0.6000000238418584
			vertex 12.47322940826416 2.093662142753601 0.6000000238418584
		endloop
	endfacet
	facet normal 0 0 1
		outer loop
			vertex 12.327349662780762 2.0234100818634033 0.6000000238418584
			vertex 12.356243133544922 2.020154595375061 0.6000000238418584
			vertex 12.356243133544922 2.1499998569488525 0.6000000238418584
		endloop
	endfacet
	facet normal 0 0 1
		outer loop
			vertex 12.356243133544922 2.1499998569488525 0.6000000238418584
			vertex 12.356243133544922 2.020154595375061 0.6000000238418584
			vertex 12.385135650634766 2.0234100818634033 0.6000000238418584
		endloop
	endfacet
	facet normal 0 0 1
		outer loop
			vertex 12.356243133544922 2.1499998569488525 0.6000000238418584
			vertex 12.385135650634766 2.0234100818634033 0.6000000238418584
			vertex 12.412580490112305 2.0330132246017456 0.6000000238418584
		endloop
	endfacet
	facet normal 0 0 1
		outer loop
			vertex 12.254724502563477 2.069042682647705 0.6000000238418584
			vertex 12.275284767150879 2.0484827756881714 0.6000000238418584
			vertex 12.356243133544922 2.1499998569488525 0.6000000238418584
		endloop
	endfacet
	facet normal 0 0 1
		outer loop
			vertex 12.356243133544922 2.1499998569488525 0.6000000238418584
			vertex 12.275284767150879 2.0484827756881714 0.6000000238418584
			vertex 12.299904823303223 2.0330132246017456 0.6000000238418584
		endloop
	endfacet
	facet normal 0 0 1
		outer loop
			vertex 12.356243133544922 2.1499998569488525 0.6000000238418584
			vertex 12.299904823303223 2.0330132246017456 0.6000000238418584
			vertex 12.327349662780762 2.0234100818634033 0.6000000238418584
		endloop
	endfacet
	facet normal 0 0 1
		outer loop
			vertex 12.226396560668945 2.1499998569488525 0.6000000238418584
			vertex 12.229652404785156 2.1211066246032715 0.6000000238418584
			vertex 12.356243133544922 2.1499998569488525 0.6000000238418584
		endloop
	endfacet
	facet normal 0 0 1
		outer loop
			vertex 12.356243133544922 2.1499998569488525 0.6000000238418584
			vertex 12.229652404785156 2.1211066246032715 0.6000000238418584
			vertex 12.239255905151367 2.093662142753601 0.6000000238418584
		endloop
	endfacet
	facet normal 0 0 1
		outer loop
			vertex 12.356243133544922 2.1499998569488525 0.6000000238418584
			vertex 12.239255905151367 2.093662142753601 0.6000000238418584
			vertex 12.254724502563477 2.069042682647705 0.6000000238418584
		endloop
	endfacet
	facet normal 0 0 1
		outer loop
			vertex 12.254724502563477 2.2309571504592896 0.6000000238418584
			vertex 12.239255905151367 2.2063376903533936 0.6000000238418584
			vertex 12.356243133544922 2.1499998569488525 0.6000000238418584
		endloop
	endfacet
	facet normal 0 0 1
		outer loop
			vertex 12.356243133544922 2.1499998569488525 0.6000000238418584
			vertex 12.239255905151367 2.2063376903533936 0.6000000238418584
			vertex 12.229652404785156 2.178893208503723 0.6000000238418584
		endloop
	endfacet
	facet normal 0 0 1
		outer loop
			vertex 12.356243133544922 2.1499998569488525 0.6000000238418584
			vertex 12.229652404785156 2.178893208503723 0.6000000238418584
			vertex 12.226396560668945 2.1499998569488525 0.6000000238418584
		endloop
	endfacet
	facet normal -2.8418401148879646e-16 8.121599327316551e-16 1
		outer loop
			vertex 12.327349662780762 2.2765897512435913 0.6000000238418582
			vertex 12.299904823303223 2.2669864892959595 0.6000000238418582
			vertex 12.356243133544922 2.1499998569488525 0.6000000238418584
		endloop
	endfacet
	facet normal -4.577748863968298e-16 7.285622056282759e-16 1
		outer loop
			vertex 12.356243133544922 2.1499998569488525 0.6000000238418584
			vertex 12.299904823303223 2.2669864892959595 0.6000000238418582
			vertex 12.275284767150879 2.2515170574188232 0.6000000238418582
		endloop
	endfacet
	facet normal 2.395720457754646e-15 3.004179741435384e-15 1
		outer loop
			vertex 12.356243133544922 2.1499998569488525 0.6000000238418584
			vertex 12.275284767150879 2.2515170574188232 0.6000000238418582
			vertex 12.254724502563477 2.2309571504592896 0.6000000238418584
		endloop
	endfacet
	facet normal 0 -2.220446049250313e-16 -1
		outer loop
			vertex 12.356243133544922 2.2798452377319336 3.8195108459772396e-16
			vertex 12.385135650634766 2.2765897512435913 3.826739478088667e-16
			vertex 12.356243133544922 2.1499998569488525 4.1078255087504344e-16
		endloop
	endfacet
	facet normal 0 -2.220446049250313e-16 -1
		outer loop
			vertex 12.275284767150879 2.2515170574188232 3.882412042035936e-16
			vertex 12.299904823303223 2.2669864892959595 3.848063003140202e-16
			vertex 12.356243133544922 2.1499998569488525 4.1078255087504344e-16
		endloop
	endfacet
	facet normal 0 -2.220446049250313e-16 -1
		outer loop
			vertex 12.356243133544922 2.1499998569488525 4.1078255087504344e-16
			vertex 12.299904823303223 2.2669864892959595 3.848063003140202e-16
			vertex 12.327349662780762 2.2765897512435913 3.826739478088667e-16
		endloop
	endfacet
	facet normal 0 -2.220446049250313e-16 -1
		outer loop
			vertex 12.356243133544922 2.1499998569488525 4.1078255087504344e-16
			vertex 12.327349662780762 2.2765897512435913 3.826739478088667e-16
			vertex 12.356243133544922 2.2798452377319336 3.8195108459772396e-16
		endloop
	endfacet
	facet normal 0 -2.220446049250313e-16 -1
		outer loop
			vertex 12.229652404785156 2.178893208503723 4.0436693804408216e-16
			vertex 12.239255905151367 2.2063376903533936 3.982730389143999e-16
			vertex 12.356243133544922 2.1499998569488525 4.1078255087504344e-16
		endloop
	endfacet
	facet normal 0 -2.220446049250313e-16 -1
		outer loop
			vertex 12.356243133544922 2.1499998569488525 4.1078255087504344e-16
			vertex 12.239255905151367 2.2063376903533936 3.982730389143999e-16
			vertex 12.254724502563477 2.2309571504592896 3.9280642062171865e-16
		endloop
	endfacet
	facet normal 0 -2.220446049250313e-16 -1
		outer loop
			vertex 12.356243133544922 2.1499998569488525 4.1078255087504344e-16
			vertex 12.254724502563477 2.2309571504592896 3.9280642062171865e-16
			vertex 12.275284767150879 2.2515170574188232 3.882412042035936e-16
		endloop
	endfacet
	facet normal 0 -2.220446049250313e-16 -1
		outer loop
			vertex 12.239255905151367 2.093662142753601 4.232920363659074e-16
			vertex 12.229652404785156 2.1211066246032715 4.171981372362251e-16
			vertex 12.356243133544922 2.1499998569488525 4.1078255087504344e-16
		endloop
	endfacet
	facet normal 0 -2.220446049250313e-16 -1
		outer loop
			vertex 12.356243133544922 2.1499998569488525 4.1078255087504344e-16
			vertex 12.229652404785156 2.1211066246032715 4.171981372362251e-16
			vertex 12.226396560668945 2.1499998569488525 4.1078255087504344e-16
		endloop
	endfacet
	facet normal 0 -2.220446049250313e-16 -1
		outer loop
			vertex 12.356243133544922 2.1499998569488525 4.1078255087504344e-16
			vertex 12.226396560668945 2.1499998569488525 4.1078255087504344e-16
			vertex 12.229652404785156 2.178893208503723 4.0436693804408216e-16
		endloop
	endfacet
	facet normal 0 -2.220446049250313e-16 -1
		outer loop
			vertex 12.299904823303223 2.0330132246017456 4.367588014360667e-16
			vertex 12.275284767150879 2.0484827756881714 4.333238710767137e-16
			vertex 12.356243133544922 2.1499998569488525 4.1078255087504344e-16
		endloop
	endfacet
	facet normal 0 -2.220446049250313e-16 -1
		outer loop
			vertex 12.356243133544922 2.1499998569488525 4.1078255087504344e-16
			vertex 12.275284767150879 2.0484827756881714 4.333238710767137e-16
			vertex 12.254724502563477 2.069042682647705 4.2875865465858863e-16
		endloop
	endfacet
	facet normal 0 -2.220446049250313e-16 -1
		outer loop
			vertex 12.356243133544922 2.1499998569488525 4.1078255087504344e-16
			vertex 12.254724502563477 2.069042682647705 4.2875865465858863e-16
			vertex 12.239255905151367 2.093662142753601 4.232920363659074e-16
		endloop
	endfacet
	facet normal 0 -2.220446049250313e-16 -1
		outer loop
			vertex 12.385135650634766 2.0234100818634033 4.388911274714406e-16
			vertex 12.356243133544922 2.020154595375061 4.3961399068258333e-16
			vertex 12.356243133544922 2.1499998569488525 4.1078255087504344e-16
		endloop
	endfacet
	facet normal 0 -2.220446049250313e-16 -1
		outer loop
			vertex 12.356243133544922 2.1499998569488525 4.1078255087504344e-16
			vertex 12.356243133544922 2.020154595375061 4.3961399068258333e-16
			vertex 12.327349662780762 2.0234100818634033 4.388911274714406e-16
		endloop
	endfacet
	facet normal 0 -2.220446049250313e-16 -1
		outer loop
			vertex 12.356243133544922 2.1499998569488525 4.1078255087504344e-16
			vertex 12.327349662780762 2.0234100818634033 4.388911274714406e-16
			vertex 12.299904823303223 2.0330132246017456 4.367588014360667e-16
		endloop
	endfacet
	facet normal 0 -2.220446049250313e-16 -1
		outer loop
			vertex 12.457759857177734 2.069042682647705 4.2875865465858863e-16
			vertex 12.437199592590332 2.0484827756881714 4.333238710767137e-16
			vertex 12.356243133544922 2.1499998569488525 4.1078255087504344e-16
		endloop
	endfacet
	facet normal 0 -2.220446049250313e-16 -1
		outer loop
			vertex 12.356243133544922 2.1499998569488525 4.1078255087504344e-16
			vertex 12.437199592590332 2.0484827756881714 4.333238710767137e-16
			vertex 12.412580490112305 2.0330132246017456 4.367588014360667e-16
		endloop
	endfacet
	facet normal 0 -2.220446049250313e-16 -1
		outer loop
			vertex 12.356243133544922 2.1499998569488525 4.1078255087504344e-16
			vertex 12.412580490112305 2.0330132246017456 4.367588014360667e-16
			vertex 12.385135650634766 2.0234100818634033 4.388911274714406e-16
		endloop
	endfacet
	facet normal 0 -2.220446049250313e-16 -1
		outer loop
			vertex 12.486087799072266 2.1499998569488525 4.1078255087504344e-16
			vertex 12.482831954956055 2.1211066246032715 4.171981372362251e-16
			vertex 12.356243133544922 2.1499998569488525 4.1078255087504344e-16
		endloop
	endfacet
	facet normal 0 -2.220446049250313e-16 -1
		outer loop
			vertex 12.356243133544922 2.1499998569488525 4.1078255087504344e-16
			vertex 12.482831954956055 2.1211066246032715 4.171981372362251e-16
			vertex 12.47322940826416 2.093662142753601 4.232920363659074e-16
		endloop
	endfacet
	facet normal 0 -2.220446049250313e-16 -1
		outer loop
			vertex 12.356243133544922 2.1499998569488525 4.1078255087504344e-16
			vertex 12.47322940826416 2.093662142753601 4.232920363659074e-16
			vertex 12.457759857177734 2.069042682647705 4.2875865465858863e-16
		endloop
	endfacet
	facet normal 0 -2.220446049250313e-16 -1
		outer loop
			vertex 12.457759857177734 2.2309571504592896 3.9280642062171865e-16
			vertex 12.47322940826416 2.2063376903533936 3.982730389143999e-16
			vertex 12.356243133544922 2.1499998569488525 4.1078255087504344e-16
		endloop
	endfacet
	facet normal 0 -2.220446049250313e-16 -1
		outer loop
			vertex 12.356243133544922 2.1499998569488525 4.1078255087504344e-16
			vertex 12.47322940826416 2.2063376903533936 3.982730389143999e-16
			vertex 12.482831954956055 2.178893208503723 4.0436693804408216e-16
		endloop
	endfacet
	facet normal 0 -2.220446049250313e-16 -1
		outer loop
			vertex 12.356243133544922 2.1499998569488525 4.1078255087504344e-16
			vertex 12.482831954956055 2.178893208503723 4.0436693804408216e-16
			vertex 12.486087799072266 2.1499998569488525 4.1078255087504344e-16
		endloop
	endfacet
	facet normal 0 -2.220446049250313e-16 -1
		outer loop
			vertex 12.385135650634766 2.2765897512435913 3.826739478088667e-16
			vertex 12.412580490112305 2.2669864892959595 3.848063003140202e-16
			vertex 12.356243133544922 2.1499998569488525 4.1078255087504344e-16
		endloop
	endfacet
	facet normal 0 -2.220446049250313e-16 -1
		outer loop
			vertex 12.356243133544922 2.1499998569488525 4.1078255087504344e-16
			vertex 12.412580490112305 2.2669864892959595 3.848063003140202e-16
			vertex 12.437199592590332 2.2515170574188232 3.882412042035936e-16
		endloop
	endfacet
	facet normal 0 -2.220446049250313e-16 -1
		outer loop
			vertex 12.356243133544922 2.1499998569488525 4.1078255087504344e-16
			vertex 12.437199592590332 2.2515170574188232 3.882412042035936e-16
			vertex 12.457759857177734 2.2309571504592896 3.9280642062171865e-16
		endloop
	endfacet
	facet normal 0.11195372235851919 0.993713421490357 0
		outer loop
			vertex 12.68624210357666 1.9786491394042969 4.488300532558449e-16
			vertex 12.71487045288086 1.975423812866211 0.6000000238418584
			vertex 12.71487045288086 1.975423812866211 4.495462196127484e-16
		endloop
	endfacet
	facet normal 0.3302958623949232 0.9438774514124141 0
		outer loop
			vertex 12.71487045288086 1.975423812866211 4.495462196127484e-16
			vertex 12.71487045288086 1.975423812866211 0.6000000238418584
			vertex 12.742060661315918 1.9659090042114258 0.6000000238418584
		endloop
	endfacet
	facet normal 0.3302958623949232 0.9438774514124141 0
		outer loop
			vertex 12.71487045288086 1.975423812866211 4.495462196127484e-16
			vertex 12.742060661315918 1.9659090042114258 0.6000000238418584
			vertex 12.742060661315918 1.9659090042114258 4.516589315414375e-16
		endloop
	endfacet
	facet normal 0.5320267933135652 0.8467275188609881 0
		outer loop
			vertex 12.742060661315918 1.9659090042114258 4.516589315414375e-16
			vertex 12.742060661315918 1.9659090042114258 0.6000000238418584
			vertex 12.766453742980957 1.9505820274353027 0.6000000238418584
		endloop
	endfacet
	facet normal 0.5320267933135652 0.8467275188609881 0
		outer loop
			vertex 12.742060661315918 1.9659090042114258 4.516589315414375e-16
			vertex 12.766453742980957 1.9505820274353027 0.6000000238418584
			vertex 12.766453742980957 1.9505820274353027 4.550622040443869e-16
		endloop
	endfacet
	facet normal 0.7070902292552523 0.7071233327304047 0
		outer loop
			vertex 12.766453742980957 1.9505820274353027 4.550622040443869e-16
			vertex 12.766453742980957 1.9505820274353027 0.6000000238418584
			vertex 12.786825180053711 1.9302115440368652 0.6000000238418584
		endloop
	endfacet
	facet normal 0.7070902292552523 0.7071233327304047 0
		outer loop
			vertex 12.766453742980957 1.9505820274353027 4.550622040443869e-16
			vertex 12.786825180053711 1.9302115440368652 0.6000000238418584
			vertex 12.786825180053711 1.9302115440368652 4.595853599827248e-16
		endloop
	endfacet
	facet normal 0.8467326326938989 0.5320186544955536 0
		outer loop
			vertex 12.786825180053711 1.9302115440368652 4.595853599827248e-16
			vertex 12.786825180053711 1.9302115440368652 0.6000000238418584
			vertex 12.802151679992676 1.9058187007904053 0.6000000238418584
		endloop
	endfacet
	facet normal 0.8467326326938989 0.5320186544955536 0
		outer loop
			vertex 12.786825180053711 1.9302115440368652 4.595853599827248e-16
			vertex 12.802151679992676 1.9058187007904053 0.6000000238418584
			vertex 12.802151679992676 1.9058187007904053 4.650016592243832e-16
		endloop
	endfacet
	facet normal 0.9438828685535853 0.33028038157156053 0
		outer loop
			vertex 12.802151679992676 1.9058187007904053 4.650016592243832e-16
			vertex 12.802151679992676 1.9058187007904053 0.6000000238418584
			vertex 12.811666488647461 1.878627061843872 0.6000000238418584
		endloop
	endfacet
	facet normal 0.9438828685535853 0.33028038157156053 0
		outer loop
			vertex 12.802151679992676 1.9058187007904053 4.650016592243832e-16
			vertex 12.811666488647461 1.878627061843872 0.6000000238418584
			vertex 12.811666488647461 1.878627061843872 4.710394159515303e-16
		endloop
	endfacet
	facet normal 0.9937129028350681 0.11195832590344713 0
		outer loop
			vertex 12.811666488647461 1.878627061843872 4.710394159515303e-16
			vertex 12.811666488647461 1.878627061843872 0.6000000238418584
			vertex 12.814891815185547 1.8499999046325684 0.6000000238418584
		endloop
	endfacet
	facet normal 0.9937129028350681 0.11195832590344713 0
		outer loop
			vertex 12.811666488647461 1.878627061843872 4.710394159515303e-16
			vertex 12.814891815185547 1.8499999046325684 0.6000000238418584
			vertex 12.814891815185547 1.8499999046325684 4.77395921764641e-16
		endloop
	endfacet
	facet normal 0.9937129028350681 -0.11195832590344713 0
		outer loop
			vertex 12.814891815185547 1.8499999046325684 4.77395921764641e-16
			vertex 12.814891815185547 1.8499999046325684 0.6000000238418584
			vertex 12.811666488647461 1.8213727474212646 0.6000000238418584
		endloop
	endfacet
	facet normal 0.9937129028350681 -0.11195832590344713 0
		outer loop
			vertex 12.814891815185547 1.8499999046325684 4.77395921764641e-16
			vertex 12.811666488647461 1.8213727474212646 0.6000000238418584
			vertex 12.811666488647461 1.8213727474212646 4.837524275777517e-16
		endloop
	endfacet
	facet normal 0.9438828685535853 -0.33028038157156053 0
		outer loop
			vertex 12.811666488647461 1.8213727474212646 4.837524275777517e-16
			vertex 12.811666488647461 1.8213727474212646 0.6000000238418584
			vertex 12.802151679992676 1.7941811084747314 0.6000000238418584
		endloop
	endfacet
	facet normal 0.9438828685535853 -0.33028038157156053 0
		outer loop
			vertex 12.811666488647461 1.8213727474212646 4.837524275777517e-16
			vertex 12.802151679992676 1.7941811084747314 0.6000000238418584
			vertex 12.802151679992676 1.7941811084747314 4.897901843048987e-16
		endloop
	endfacet
	facet normal 0.8467326326938989 -0.5320186544955536 0
		outer loop
			vertex 12.802151679992676 1.7941811084747314 4.897901843048987e-16
			vertex 12.802151679992676 1.7941811084747314 0.6000000238418584
			vertex 12.786825180053711 1.7697882652282715 0.6000000238418584
		endloop
	endfacet
	facet normal 0.8467326326938989 -0.5320186544955536 0
		outer loop
			vertex 12.802151679992676 1.7941811084747314 4.897901843048987e-16
			vertex 12.786825180053711 1.7697882652282715 0.6000000238418584
			vertex 12.786825180053711 1.7697882652282715 4.952064835465572e-16
		endloop
	endfacet
	facet normal 0.7070902292552523 -0.7071233327304047 0
		outer loop
			vertex 12.786825180053711 1.7697882652282715 4.952064835465572e-16
			vertex 12.786825180053711 1.7697882652282715 0.6000000238418584
			vertex 12.766453742980957 1.749417781829834 0.6000000238418585
		endloop
	endfacet
	facet normal 0.7070902292552523 -0.7071233327304047 0
		outer loop
			vertex 12.786825180053711 1.7697882652282715 4.952064835465572e-16
			vertex 12.766453742980957 1.749417781829834 0.6000000238418585
			vertex 12.766453742980957 1.749417781829834 4.997296394848951e-16
		endloop
	endfacet
	facet normal 0.5320267933135652 -0.8467275188609881 0
		outer loop
			vertex 12.766453742980957 1.749417781829834 4.997296394848951e-16
			vertex 12.766453742980957 1.749417781829834 0.6000000238418585
			vertex 12.742060661315918 1.734090805053711 0.6000000238418585
		endloop
	endfacet
	facet normal 0.5320267933135652 -0.8467275188609881 0
		outer loop
			vertex 12.766453742980957 1.749417781829834 4.997296394848951e-16
			vertex 12.742060661315918 1.734090805053711 0.6000000238418585
			vertex 12.742060661315918 1.734090805053711 5.031329119878445e-16
		endloop
	endfacet
	facet normal 0.3302958623949232 -0.9438774514124141 0
		outer loop
			vertex 12.742060661315918 1.734090805053711 5.031329119878445e-16
			vertex 12.742060661315918 1.734090805053711 0.6000000238418585
			vertex 12.71487045288086 1.7245759963989258 0.6000000238418585
		endloop
	endfacet
	facet normal 0.3302958623949232 -0.9438774514124141 0
		outer loop
			vertex 12.742060661315918 1.734090805053711 5.031329119878445e-16
			vertex 12.71487045288086 1.7245759963989258 0.6000000238418585
			vertex 12.71487045288086 1.7245759963989258 5.052456239165335e-16
		endloop
	endfacet
	facet normal 0.111961894326402 -0.9937125007862403 0
		outer loop
			vertex 12.71487045288086 1.7245759963989258 5.052456239165335e-16
			vertex 12.71487045288086 1.7245759963989258 0.6000000238418585
			vertex 12.68624210357666 1.7213504314422607 0.6000000238418585
		endloop
	endfacet
	facet normal 0.111961894326402 -0.9937125007862403 0
		outer loop
			vertex 12.71487045288086 1.7245759963989258 5.052456239165335e-16
			vertex 12.68624210357666 1.7213504314422607 0.6000000238418585
			vertex 12.68624210357666 1.7213504314422607 5.059618432129963e-16
		endloop
	endfacet
	facet normal -0.11196557739424719 -0.9937120858069368 0
		outer loop
			vertex 12.68624210357666 1.7213504314422607 5.059618432129963e-16
			vertex 12.68624210357666 1.7213504314422607 0.6000000238418585
			vertex 12.657614707946777 1.7245759963989258 0.6000000238418585
		endloop
	endfacet
	facet normal -0.11196557739424719 -0.9937120858069368 0
		outer loop
			vertex 12.68624210357666 1.7213504314422607 5.059618432129963e-16
			vertex 12.657614707946777 1.7245759963989258 0.6000000238418585
			vertex 12.657614707946777 1.7245759963989258 5.052456239165335e-16
		endloop
	endfacet
	facet normal -0.33028554169464414 -0.9438810629244956 0
		outer loop
			vertex 12.657614707946777 1.7245759963989258 5.052456239165335e-16
			vertex 12.657614707946777 1.7245759963989258 0.6000000238418585
			vertex 12.630423545837402 1.734090805053711 0.6000000238418585
		endloop
	endfacet
	facet normal -0.33028554169464414 -0.9438810629244956 0
		outer loop
			vertex 12.657614707946777 1.7245759963989258 5.052456239165335e-16
			vertex 12.630423545837402 1.734090805053711 0.6000000238418585
			vertex 12.630423545837402 1.734090805053711 5.031329119878445e-16
		endloop
	endfacet
	facet normal -0.5320417062800161 -0.8467181483697211 0
		outer loop
			vertex 12.630423545837402 1.734090805053711 5.031329119878445e-16
			vertex 12.630423545837402 1.734090805053711 0.6000000238418585
			vertex 12.60603141784668 1.749417781829834 0.6000000238418585
		endloop
	endfacet
	facet normal -0.5320417062800161 -0.8467181483697211 0
		outer loop
			vertex 12.630423545837402 1.734090805053711 5.031329119878445e-16
			vertex 12.60603141784668 1.749417781829834 0.6000000238418585
			vertex 12.60603141784668 1.749417781829834 4.997296394848951e-16
		endloop
	endfacet
	facet normal -0.7070902292552523 -0.7071233327304047 0
		outer loop
			vertex 12.60603141784668 1.749417781829834 4.997296394848951e-16
			vertex 12.60603141784668 1.749417781829834 0.6000000238418585
			vertex 12.585659980773926 1.7697882652282715 0.6000000238418584
		endloop
	endfacet
	facet normal -0.7070902292552523 -0.7071233327304047 0
		outer loop
			vertex 12.60603141784668 1.749417781829834 4.997296394848951e-16
			vertex 12.585659980773926 1.7697882652282715 0.6000000238418584
			vertex 12.585659980773926 1.7697882652282715 4.952064835465572e-16
		endloop
	endfacet
	facet normal -0.8467326326938989 -0.5320186544955536 0
		outer loop
			vertex 12.585659980773926 1.7697882652282715 4.952064835465572e-16
			vertex 12.585659980773926 1.7697882652282715 0.6000000238418584
			vertex 12.570333480834961 1.7941811084747314 0.6000000238418584
		endloop
	endfacet
	facet normal -0.8467326326938989 -0.5320186544955536 0
		outer loop
			vertex 12.585659980773926 1.7697882652282715 4.952064835465572e-16
			vertex 12.570333480834961 1.7941811084747314 0.6000000238418584
			vertex 12.570333480834961 1.7941811084747314 4.897901843048987e-16
		endloop
	endfacet
	facet normal -0.9438828685535853 -0.33028038157156053 0
		outer loop
			vertex 12.570333480834961 1.7941811084747314 4.897901843048987e-16
			vertex 12.570333480834961 1.7941811084747314 0.6000000238418584
			vertex 12.560818672180176 1.8213727474212646 0.6000000238418584
		endloop
	endfacet
	facet normal -0.9438828685535853 -0.33028038157156053 0
		outer loop
			vertex 12.570333480834961 1.7941811084747314 4.897901843048987e-16
			vertex 12.560818672180176 1.8213727474212646 0.6000000238418584
			vertex 12.560818672180176 1.8213727474212646 4.837524275777517e-16
		endloop
	endfacet
	facet normal -0.9937129028350681 -0.11195832590344713 0
		outer loop
			vertex 12.560818672180176 1.8213727474212646 4.837524275777517e-16
			vertex 12.560818672180176 1.8213727474212646 0.6000000238418584
			vertex 12.55759334564209 1.8499999046325684 0.6000000238418584
		endloop
	endfacet
	facet normal -0.9937129028350681 -0.11195832590344713 0
		outer loop
			vertex 12.560818672180176 1.8213727474212646 4.837524275777517e-16
			vertex 12.55759334564209 1.8499999046325684 0.6000000238418584
			vertex 12.55759334564209 1.8499999046325684 4.77395921764641e-16
		endloop
	endfacet
	facet normal -0.9937129028350681 0.11195832590344713 0
		outer loop
			vertex 12.55759334564209 1.8499999046325684 4.77395921764641e-16
			vertex 12.55759334564209 1.8499999046325684 0.6000000238418584
			vertex 12.560818672180176 1.878627061843872 0.6000000238418584
		endloop
	endfacet
	facet normal -0.9937129028350681 0.11195832590344713 0
		outer loop
			vertex 12.55759334564209 1.8499999046325684 4.77395921764641e-16
			vertex 12.560818672180176 1.878627061843872 0.6000000238418584
			vertex 12.560818672180176 1.878627061843872 4.710394159515303e-16
		endloop
	endfacet
	facet normal -0.9438828685535853 0.33028038157156053 0
		outer loop
			vertex 12.560818672180176 1.878627061843872 4.710394159515303e-16
			vertex 12.560818672180176 1.878627061843872 0.6000000238418584
			vertex 12.570333480834961 1.9058187007904053 0.6000000238418584
		endloop
	endfacet
	facet normal -0.9438828685535853 0.33028038157156053 0
		outer loop
			vertex 12.560818672180176 1.878627061843872 4.710394159515303e-16
			vertex 12.570333480834961 1.9058187007904053 0.6000000238418584
			vertex 12.570333480834961 1.9058187007904053 4.650016592243832e-16
		endloop
	endfacet
	facet normal -0.8467326326938989 0.5320186544955536 0
		outer loop
			vertex 12.570333480834961 1.9058187007904053 4.650016592243832e-16
			vertex 12.570333480834961 1.9058187007904053 0.6000000238418584
			vertex 12.585659980773926 1.9302115440368652 0.6000000238418584
		endloop
	endfacet
	facet normal -0.8467326326938989 0.5320186544955536 0
		outer loop
			vertex 12.570333480834961 1.9058187007904053 4.650016592243832e-16
			vertex 12.585659980773926 1.9302115440368652 0.6000000238418584
			vertex 12.585659980773926 1.9302115440368652 4.595853599827248e-16
		endloop
	endfacet
	facet normal -0.7070902292552523 0.7071233327304047 0
		outer loop
			vertex 12.585659980773926 1.9302115440368652 4.595853599827248e-16
			vertex 12.585659980773926 1.9302115440368652 0.6000000238418584
			vertex 12.60603141784668 1.9505820274353027 0.6000000238418584
		endloop
	endfacet
	facet normal -0.7070902292552523 0.7071233327304047 0
		outer loop
			vertex 12.585659980773926 1.9302115440368652 4.595853599827248e-16
			vertex 12.60603141784668 1.9505820274353027 0.6000000238418584
			vertex 12.60603141784668 1.9505820274353027 4.550622040443869e-16
		endloop
	endfacet
	facet normal -0.5320417062800161 0.8467181483697211 0
		outer loop
			vertex 12.60603141784668 1.9505820274353027 4.550622040443869e-16
			vertex 12.60603141784668 1.9505820274353027 0.6000000238418584
			vertex 12.630423545837402 1.9659090042114258 0.6000000238418584
		endloop
	endfacet
	facet normal -0.5320417062800161 0.8467181483697211 0
		outer loop
			vertex 12.60603141784668 1.9505820274353027 4.550622040443869e-16
			vertex 12.630423545837402 1.9659090042114258 0.6000000238418584
			vertex 12.630423545837402 1.9659090042114258 4.516589315414375e-16
		endloop
	endfacet
	facet normal -0.33028554169464414 0.9438810629244956 0
		outer loop
			vertex 12.630423545837402 1.9659090042114258 4.516589315414375e-16
			vertex 12.630423545837402 1.9659090042114258 0.6000000238418584
			vertex 12.657614707946777 1.975423812866211 0.6000000238418584
		endloop
	endfacet
	facet normal -0.33028554169464414 0.9438810629244956 0
		outer loop
			vertex 12.630423545837402 1.9659090042114258 4.516589315414375e-16
			vertex 12.657614707946777 1.975423812866211 0.6000000238418584
			vertex 12.657614707946777 1.975423812866211 4.495462196127484e-16
		endloop
	endfacet
	facet normal -0.11195740516436635 0.9937130065712445 0
		outer loop
			vertex 12.657614707946777 1.975423812866211 4.495462196127484e-16
			vertex 12.657614707946777 1.975423812866211 0.6000000238418584
			vertex 12.68624210357666 1.9786491394042969 0.6000000238418584
		endloop
	endfacet
	facet normal -0.11195740516436635 0.9937130065712445 0
		outer loop
			vertex 12.657614707946777 1.975423812866211 4.495462196127484e-16
			vertex 12.68624210357666 1.9786491394042969 0.6000000238418584
			vertex 12.68624210357666 1.9786491394042969 4.488300532558449e-16
		endloop
	endfacet
	facet normal 0.11195372235851919 0.993713421490357 0
		outer loop
			vertex 12.68624210357666 1.9786491394042969 4.488300532558449e-16
			vertex 12.68624210357666 1.9786491394042969 0.6000000238418584
			vertex 12.71487045288086 1.975423812866211 0.6000000238418584
		endloop
	endfacet
	facet normal 0 0 1
		outer loop
			vertex 12.68624210357666 1.9786491394042969 0.6000000238418584
			vertex 12.657614707946777 1.975423812866211 0.6000000238418584
			vertex 12.68624210357666 1.8499999046325684 0.6000000238418584
		endloop
	endfacet
	facet normal 0 0 1
		outer loop
			vertex 12.766453742980957 1.9505820274353027 0.6000000238418584
			vertex 12.742060661315918 1.9659090042114258 0.6000000238418584
			vertex 12.68624210357666 1.8499999046325684 0.6000000238418584
		endloop
	endfacet
	facet normal 0 0 1
		outer loop
			vertex 12.68624210357666 1.8499999046325684 0.6000000238418584
			vertex 12.742060661315918 1.9659090042114258 0.6000000238418584
			vertex 12.71487045288086 1.975423812866211 0.6000000238418584
		endloop
	endfacet
	facet normal 0 0 1
		outer loop
			vertex 12.68624210357666 1.8499999046325684 0.6000000238418584
			vertex 12.71487045288086 1.975423812866211 0.6000000238418584
			vertex 12.68624210357666 1.9786491394042969 0.6000000238418584
		endloop
	endfacet
	facet normal 0 0 1
		outer loop
			vertex 12.811666488647461 1.878627061843872 0.6000000238418584
			vertex 12.802151679992676 1.9058187007904053 0.6000000238418584
			vertex 12.68624210357666 1.8499999046325684 0.6000000238418584
		endloop
	endfacet
	facet normal 0 0 1
		outer loop
			vertex 12.68624210357666 1.8499999046325684 0.6000000238418584
			vertex 12.802151679992676 1.9058187007904053 0.6000000238418584
			vertex 12.786825180053711 1.9302115440368652 0.6000000238418584
		endloop
	endfacet
	facet normal 0 0 1
		outer loop
			vertex 12.68624210357666 1.8499999046325684 0.6000000238418584
			vertex 12.786825180053711 1.9302115440368652 0.6000000238418584
			vertex 12.766453742980957 1.9505820274353027 0.6000000238418584
		endloop
	endfacet
	facet normal 0 0 1
		outer loop
			vertex 12.802151679992676 1.7941811084747314 0.6000000238418584
			vertex 12.811666488647461 1.8213727474212646 0.6000000238418584
			vertex 12.68624210357666 1.8499999046325684 0.6000000238418584
		endloop
	endfacet
	facet normal 0 0 1
		outer loop
			vertex 12.68624210357666 1.8499999046325684 0.6000000238418584
			vertex 12.811666488647461 1.8213727474212646 0.6000000238418584
			vertex 12.814891815185547 1.8499999046325684 0.6000000238418584
		endloop
	endfacet
	facet normal 0 0 1
		outer loop
			vertex 12.68624210357666 1.8499999046325684 0.6000000238418584
			vertex 12.814891815185547 1.8499999046325684 0.6000000238418584
			vertex 12.811666488647461 1.878627061843872 0.6000000238418584
		endloop
	endfacet
	facet normal -4.620358117868982e-16 7.353359670152308e-16 1
		outer loop
			vertex 12.742060661315918 1.734090805053711 0.6000000238418585
			vertex 12.766453742980957 1.749417781829834 0.6000000238418585
			vertex 12.68624210357666 1.8499999046325684 0.6000000238418584
		endloop
	endfacet
	facet normal 2.4179734833334788e-15 3.0320688319030135e-15 1
		outer loop
			vertex 12.68624210357666 1.8499999046325684 0.6000000238418584
			vertex 12.766453742980957 1.749417781829834 0.6000000238418585
			vertex 12.786825180053711 1.7697882652282715 0.6000000238418584
		endloop
	endfacet
	facet normal 0 0 1
		outer loop
			vertex 12.68624210357666 1.8499999046325684 0.6000000238418584
			vertex 12.786825180053711 1.7697882652282715 0.6000000238418584
			vertex 12.802151679992676 1.7941811084747314 0.6000000238418584
		endloop
	endfacet
	facet normal 9.723579511281923e-17 8.629829544523934e-16 1
		outer loop
			vertex 12.657614707946777 1.7245759963989258 0.6000000238418585
			vertex 12.68624210357666 1.7213504314422607 0.6000000238418585
			vertex 12.68624210357666 1.8499999046325684 0.6000000238418584
		endloop
	endfacet
	facet normal -9.723255597110523e-17 8.629829544523935e-16 1
		outer loop
			vertex 12.68624210357666 1.8499999046325684 0.6000000238418584
			vertex 12.68624210357666 1.7213504314422607 0.6000000238418585
			vertex 12.71487045288086 1.7245759963989258 0.6000000238418585
		endloop
	endfacet
	facet normal -2.8684314844671515e-16 8.197038193208676e-16 1
		outer loop
			vertex 12.68624210357666 1.8499999046325684 0.6000000238418584
			vertex 12.71487045288086 1.7245759963989258 0.6000000238418585
			vertex 12.742060661315918 1.734090805053711 0.6000000238418585
		endloop
	endfacet
	facet normal -2.4179862377077733e-15 3.032056076931605e-15 1
		outer loop
			vertex 12.585659980773926 1.7697882652282715 0.6000000238418584
			vertex 12.60603141784668 1.749417781829834 0.6000000238418585
			vertex 12.68624210357666 1.8499999046325684 0.6000000238418584
		endloop
	endfacet
	facet normal 4.620496798306065e-16 7.353292885559793e-16 1
		outer loop
			vertex 12.68624210357666 1.8499999046325684 0.6000000238418584
			vertex 12.60603141784668 1.749417781829834 0.6000000238418585
			vertex 12.630423545837402 1.734090805053711 0.6000000238418585
		endloop
	endfacet
	facet normal 2.868345388411381e-16 8.197079654644211e-16 1
		outer loop
			vertex 12.68624210357666 1.8499999046325684 0.6000000238418584
			vertex 12.630423545837402 1.734090805053711 0.6000000238418585
			vertex 12.657614707946777 1.7245759963989258 0.6000000238418585
		endloop
	endfacet
	facet normal 0 0 1
		outer loop
			vertex 12.55759334564209 1.8499999046325684 0.6000000238418584
			vertex 12.560818672180176 1.8213727474212646 0.6000000238418584
			vertex 12.68624210357666 1.8499999046325684 0.6000000238418584
		endloop
	endfacet
	facet normal 0 0 1
		outer loop
			vertex 12.68624210357666 1.8499999046325684 0.6000000238418584
			vertex 12.560818672180176 1.8213727474212646 0.6000000238418584
			vertex 12.570333480834961 1.7941811084747314 0.6000000238418584
		endloop
	endfacet
	facet normal 0 0 1
		outer loop
			vertex 12.68624210357666 1.8499999046325684 0.6000000238418584
			vertex 12.570333480834961 1.7941811084747314 0.6000000238418584
			vertex 12.585659980773926 1.7697882652282715 0.6000000238418584
		endloop
	endfacet
	facet normal 0 0 1
		outer loop
			vertex 12.585659980773926 1.9302115440368652 0.6000000238418584
			vertex 12.570333480834961 1.9058187007904053 0.6000000238418584
			vertex 12.68624210357666 1.8499999046325684 0.6000000238418584
		endloop
	endfacet
	facet normal 0 0 1
		outer loop
			vertex 12.68624210357666 1.8499999046325684 0.6000000238418584
			vertex 12.570333480834961 1.9058187007904053 0.6000000238418584
			vertex 12.560818672180176 1.878627061843872 0.6000000238418584
		endloop
	endfacet
	facet normal 0 0 1
		outer loop
			vertex 12.68624210357666 1.8499999046325684 0.6000000238418584
			vertex 12.560818672180176 1.878627061843872 0.6000000238418584
			vertex 12.55759334564209 1.8499999046325684 0.6000000238418584
		endloop
	endfacet
	facet normal 0 0 1
		outer loop
			vertex 12.657614707946777 1.975423812866211 0.6000000238418584
			vertex 12.630423545837402 1.9659090042114258 0.6000000238418584
			vertex 12.68624210357666 1.8499999046325684 0.6000000238418584
		endloop
	endfacet
	facet normal 0 0 1
		outer loop
			vertex 12.68624210357666 1.8499999046325684 0.6000000238418584
			vertex 12.630423545837402 1.9659090042114258 0.6000000238418584
			vertex 12.60603141784668 1.9505820274353027 0.6000000238418584
		endloop
	endfacet
	facet normal 0 0 1
		outer loop
			vertex 12.68624210357666 1.8499999046325684 0.6000000238418584
			vertex 12.60603141784668 1.9505820274353027 0.6000000238418584
			vertex 12.585659980773926 1.9302115440368652 0.6000000238418584
		endloop
	endfacet
	facet normal 0 -2.220446049250313e-16 -1
		outer loop
			vertex 12.68624210357666 1.9786491394042969 4.488300532558449e-16
			vertex 12.71487045288086 1.975423812866211 4.495462196127484e-16
			vertex 12.68624210357666 1.8499999046325684 4.77395921764641e-16
		endloop
	endfacet
	facet normal 0 -2.220446049250313e-16 -1
		outer loop
			vertex 12.60603141784668 1.9505820274353027 4.550622040443869e-16
			vertex 12.630423545837402 1.9659090042114258 4.516589315414375e-16
			vertex 12.68624210357666 1.8499999046325684 4.77395921764641e-16
		endloop
	endfacet
	facet normal 0 -2.220446049250313e-16 -1
		outer loop
			vertex 12.68624210357666 1.8499999046325684 4.77395921764641e-16
			vertex 12.630423545837402 1.9659090042114258 4.516589315414375e-16
			vertex 12.657614707946777 1.975423812866211 4.495462196127484e-16
		endloop
	endfacet
	facet normal 0 -2.220446049250313e-16 -1
		outer loop
			vertex 12.68624210357666 1.8499999046325684 4.77395921764641e-16
			vertex 12.657614707946777 1.975423812866211 4.495462196127484e-16
			vertex 12.68624210357666 1.9786491394042969 4.488300532558449e-16
		endloop
	endfacet
	facet normal 0 -2.220446049250313e-16 -1
		outer loop
			vertex 12.560818672180176 1.878627061843872 4.710394159515303e-16
			vertex 12.570333480834961 1.9058187007904053 4.650016592243832e-16
			vertex 12.68624210357666 1.8499999046325684 4.77395921764641e-16
		endloop
	endfacet
	facet normal 0 -2.220446049250313e-16 -1
		outer loop
			vertex 12.68624210357666 1.8499999046325684 4.77395921764641e-16
			vertex 12.570333480834961 1.9058187007904053 4.650016592243832e-16
			vertex 12.585659980773926 1.9302115440368652 4.595853599827248e-16
		endloop
	endfacet
	facet normal 0 -2.220446049250313e-16 -1
		outer loop
			vertex 12.68624210357666 1.8499999046325684 4.77395921764641e-16
			vertex 12.585659980773926 1.9302115440368652 4.595853599827248e-16
			vertex 12.60603141784668 1.9505820274353027 4.550622040443869e-16
		endloop
	endfacet
	facet normal 0 -2.220446049250313e-16 -1
		outer loop
			vertex 12.570333480834961 1.7941811084747314 4.897901843048987e-16
			vertex 12.560818672180176 1.8213727474212646 4.837524275777517e-16
			vertex 12.68624210357666 1.8499999046325684 4.77395921764641e-16
		endloop
	endfacet
	facet normal 0 -2.220446049250313e-16 -1
		outer loop
			vertex 12.68624210357666 1.8499999046325684 4.77395921764641e-16
			vertex 12.560818672180176 1.8213727474212646 4.837524275777517e-16
			vertex 12.55759334564209 1.8499999046325684 4.77395921764641e-16
		endloop
	endfacet
	facet normal 0 -2.220446049250313e-16 -1
		outer loop
			vertex 12.68624210357666 1.8499999046325684 4.77395921764641e-16
			vertex 12.55759334564209 1.8499999046325684 4.77395921764641e-16
			vertex 12.560818672180176 1.878627061843872 4.710394159515303e-16
		endloop
	endfacet
	facet normal 0 -2.220446049250313e-16 -1
		outer loop
			vertex 12.630423545837402 1.734090805053711 5.031329119878445e-16
			vertex 12.60603141784668 1.749417781829834 4.997296394848951e-16
			vertex 12.68624210357666 1.8499999046325684 4.77395921764641e-16
		endloop
	endfacet
	facet normal 0 -2.220446049250313e-16 -1
		outer loop
			vertex 12.68624210357666 1.8499999046325684 4.77395921764641e-16
			vertex 12.60603141784668 1.749417781829834 4.997296394848951e-16
			vertex 12.585659980773926 1.7697882652282715 4.952064835465572e-16
		endloop
	endfacet
	facet normal 0 -2.220446049250313e-16 -1
		outer loop
			vertex 12.68624210357666 1.8499999046325684 4.77395921764641e-16
			vertex 12.585659980773926 1.7697882652282715 4.952064835465572e-16
			vertex 12.570333480834961 1.7941811084747314 4.897901843048987e-16
		endloop
	endfacet
	facet normal 0 -2.220446049250313e-16 -1
		outer loop
			vertex 12.71487045288086 1.7245759963989258 5.052456239165335e-16
			vertex 12.68624210357666 1.7213504314422607 5.059618432129963e-16
			vertex 12.68624210357666 1.8499999046325684 4.77395921764641e-16
		endloop
	endfacet
	facet normal 0 -2.220446049250313e-16 -1
		outer loop
			vertex 12.68624210357666 1.8499999046325684 4.77395921764641e-16
			vertex 12.68624210357666 1.7213504314422607 5.059618432129963e-16
			vertex 12.657614707946777 1.7245759963989258 5.052456239165335e-16
		endloop
	endfacet
	facet normal 0 -2.220446049250313e-16 -1
		outer loop
			vertex 12.68624210357666 1.8499999046325684 4.77395921764641e-16
			vertex 12.657614707946777 1.7245759963989258 5.052456239165335e-16
			vertex 12.630423545837402 1.734090805053711 5.031329119878445e-16
		endloop
	endfacet
	facet normal 0 -2.220446049250313e-16 -1
		outer loop
			vertex 12.786825180053711 1.7697882652282715 4.952064835465572e-16
			vertex 12.766453742980957 1.749417781829834 4.997296394848951e-16
			vertex 12.68624210357666 1.8499999046325684 4.77395921764641e-16
		endloop
	endfacet
	facet normal 0 -2.220446049250313e-16 -1
		outer loop
			vertex 12.68624210357666 1.8499999046325684 4.77395921764641e-16
			vertex 12.766453742980957 1.749417781829834 4.997296394848951e-16
			vertex 12.742060661315918 1.734090805053711 5.031329119878445e-16
		endloop
	endfacet
	facet normal 0 -2.220446049250313e-16 -1
		outer loop
			vertex 12.68624210357666 1.8499999046325684 4.77395921764641e-16
			vertex 12.742060661315918 1.734090805053711 5.031329119878445e-16
			vertex 12.71487045288086 1.7245759963989258 5.052456239165335e-16
		endloop
	endfacet
	facet normal 0 -2.220446049250313e-16 -1
		outer loop
			vertex 12.814891815185547 1.8499999046325684 4.77395921764641e-16
			vertex 12.811666488647461 1.8213727474212646 4.837524275777517e-16
			vertex 12.68624210357666 1.8499999046325684 4.77395921764641e-16
		endloop
	endfacet
	facet normal 0 -2.220446049250313e-16 -1
		outer loop
			vertex 12.68624210357666 1.8499999046325684 4.77395921764641e-16
			vertex 12.811666488647461 1.8213727474212646 4.837524275777517e-16
			vertex 12.802151679992676 1.7941811084747314 4.897901843048987e-16
		endloop
	endfacet
	facet normal 0 -2.220446049250313e-16 -1
		outer loop
			vertex 12.68624210357666 1.8499999046325684 4.77395921764641e-16
			vertex 12.802151679992676 1.7941811084747314 4.897901843048987e-16
			vertex 12.786825180053711 1.7697882652282715 4.952064835465572e-16
		endloop
	endfacet
	facet normal 0 -2.220446049250313e-16 -1
		outer loop
			vertex 12.786825180053711 1.9302115440368652 4.595853599827248e-16
			vertex 12.802151679992676 1.9058187007904053 4.650016592243832e-16
			vertex 12.68624210357666 1.8499999046325684 4.77395921764641e-16
		endloop
	endfacet
	facet normal 0 -2.220446049250313e-16 -1
		outer loop
			vertex 12.68624210357666 1.8499999046325684 4.77395921764641e-16
			vertex 12.802151679992676 1.9058187007904053 4.650016592243832e-16
			vertex 12.811666488647461 1.878627061843872 4.710394159515303e-16
		endloop
	endfacet
	facet normal 0 -2.220446049250313e-16 -1
		outer loop
			vertex 12.68624210357666 1.8499999046325684 4.77395921764641e-16
			vertex 12.811666488647461 1.878627061843872 4.710394159515303e-16
			vertex 12.814891815185547 1.8499999046325684 4.77395921764641e-16
		endloop
	endfacet
	facet normal 0 -2.220446049250313e-16 -1
		outer loop
			vertex 12.71487045288086 1.975423812866211 4.495462196127484e-16
			vertex 12.742060661315918 1.9659090042114258 4.516589315414375e-16
			vertex 12.68624210357666 1.8499999046325684 4.77395921764641e-16
		endloop
	endfacet
	facet normal 0 -2.220446049250313e-16 -1
		outer loop
			vertex 12.68624210357666 1.8499999046325684 4.77395921764641e-16
			vertex 12.742060661315918 1.9659090042114258 4.516589315414375e-16
			vertex 12.766453742980957 1.9505820274353027 4.550622040443869e-16
		endloop
	endfacet
	facet normal 0 -2.220446049250313e-16 -1
		outer loop
			vertex 12.68624210357666 1.8499999046325684 4.77395921764641e-16
			vertex 12.766453742980957 1.9505820274353027 4.550622040443869e-16
			vertex 12.786825180053711 1.9302115440368652 4.595853599827248e-16
		endloop
	endfacet
	facet normal 0.11196359968271272 0.9937123086417363 0
		outer loop
			vertex 12.68624210357666 2.2798452377319336 3.8195108459772396e-16
			vertex 12.71513557434082 2.2765897512435913 0.6000000238418582
			vertex 12.71513557434082 2.2765897512435913 3.826739478088667e-16
		endloop
	endfacet
	facet normal 0.33027591413075896 0.9438844317738753 0
		outer loop
			vertex 12.71513557434082 2.2765897512435913 3.826739478088667e-16
			vertex 12.71513557434082 2.2765897512435913 0.6000000238418582
			vertex 12.74258041381836 2.2669864892959595 0.6000000238418582
		endloop
	endfacet
	facet normal 0.33027591413075896 0.9438844317738753 0
		outer loop
			vertex 12.71513557434082 2.2765897512435913 3.826739478088667e-16
			vertex 12.74258041381836 2.2669864892959595 0.6000000238418582
			vertex 12.74258041381836 2.2669864892959595 3.848063003140202e-16
		endloop
	endfacet
	facet normal 0.5320228371523724 0.8467300046345001 0
		outer loop
			vertex 12.74258041381836 2.2669864892959595 3.848063003140202e-16
			vertex 12.74258041381836 2.2669864892959595 0.6000000238418582
			vertex 12.767200469970703 2.2515170574188232 0.6000000238418582
		endloop
	endfacet
	facet normal 0.5320228371523724 0.8467300046345001 0
		outer loop
			vertex 12.74258041381836 2.2669864892959595 3.848063003140202e-16
			vertex 12.767200469970703 2.2515170574188232 0.6000000238418582
			vertex 12.767200469970703 2.2515170574188232 3.882412042035936e-16
		endloop
	endfacet
	facet normal 0.7071170310271855 0.7070965311973312 0
		outer loop
			vertex 12.767200469970703 2.2515170574188232 3.882412042035936e-16
			vertex 12.767200469970703 2.2515170574188232 0.6000000238418582
			vertex 12.787759780883789 2.2309571504592896 0.6000000238418584
		endloop
	endfacet
	facet normal 0.7071170310271855 0.7070965311973312 0
		outer loop
			vertex 12.767200469970703 2.2515170574188232 3.882412042035936e-16
			vertex 12.787759780883789 2.2309571504592896 0.6000000238418584
			vertex 12.787759780883789 2.2309571504592896 3.9280642062171865e-16
		endloop
	endfacet
	facet normal 0.8467223552883284 0.532035011117676 0
		outer loop
			vertex 12.787759780883789 2.2309571504592896 3.9280642062171865e-16
			vertex 12.787759780883789 2.2309571504592896 0.6000000238418584
			vertex 12.803229331970215 2.2063376903533936 0.6000000238418584
		endloop
	endfacet
	facet normal 0.8467223552883284 0.532035011117676 0
		outer loop
			vertex 12.787759780883789 2.2309571504592896 3.9280642062171865e-16
			vertex 12.803229331970215 2.2063376903533936 0.6000000238418584
			vertex 12.803229331970215 2.2063376903533936 3.982730389143999e-16
		endloop
	endfacet
	facet normal 0.9438907586474581 0.330257832215871 0
		outer loop
			vertex 12.803229331970215 2.2063376903533936 3.982730389143999e-16
			vertex 12.803229331970215 2.2063376903533936 0.6000000238418584
			vertex 12.81283187866211 2.178893208503723 0.6000000238418584
		endloop
	endfacet
	facet normal 0.9438907586474581 0.330257832215871 0
		outer loop
			vertex 12.803229331970215 2.2063376903533936 3.982730389143999e-16
			vertex 12.81283187866211 2.178893208503723 0.6000000238418584
			vertex 12.81283187866211 2.178893208503723 4.0436693804408216e-16
		endloop
	endfacet
	facet normal 0.9937108887097135 0.11197620130970477 0
		outer loop
			vertex 12.81283187866211 2.178893208503723 4.0436693804408216e-16
			vertex 12.81283187866211 2.178893208503723 0.6000000238418584
			vertex 12.81608772277832 2.1499998569488525 0.6000000238418584
		endloop
	endfacet
	facet normal 0.9937108887097135 0.11197620130970477 0
		outer loop
			vertex 12.81283187866211 2.178893208503723 4.0436693804408216e-16
			vertex 12.81608772277832 2.1499998569488525 0.6000000238418584
			vertex 12.81608772277832 2.1499998569488525 4.1078255087504344e-16
		endloop
	endfacet
	facet normal 0.9937108373022304 -0.11197665751441374 0
		outer loop
			vertex 12.81608772277832 2.1499998569488525 4.1078255087504344e-16
			vertex 12.81608772277832 2.1499998569488525 0.6000000238418584
			vertex 12.81283187866211 2.1211066246032715 0.6000000238418584
		endloop
	endfacet
	facet normal 0.9937108373022304 -0.11197665751441374 0
		outer loop
			vertex 12.81608772277832 2.1499998569488525 4.1078255087504344e-16
			vertex 12.81283187866211 2.1211066246032715 0.6000000238418584
			vertex 12.81283187866211 2.1211066246032715 4.171981372362251e-16
		endloop
	endfacet
	facet normal 0.9438907586474581 -0.330257832215871 0
		outer loop
			vertex 12.81283187866211 2.1211066246032715 4.171981372362251e-16
			vertex 12.81283187866211 2.1211066246032715 0.6000000238418584
			vertex 12.803229331970215 2.093662142753601 0.6000000238418584
		endloop
	endfacet
	facet normal 0.9438907586474581 -0.330257832215871 0
		outer loop
			vertex 12.81283187866211 2.1211066246032715 4.171981372362251e-16
			vertex 12.803229331970215 2.093662142753601 0.6000000238418584
			vertex 12.803229331970215 2.093662142753601 4.232920363659074e-16
		endloop
	endfacet
	facet normal 0.8467223552883284 -0.532035011117676 0
		outer loop
			vertex 12.803229331970215 2.093662142753601 4.232920363659074e-16
			vertex 12.803229331970215 2.093662142753601 0.6000000238418584
			vertex 12.787759780883789 2.069042682647705 0.6000000238418584
		endloop
	endfacet
	facet normal 0.8467223552883284 -0.532035011117676 0
		outer loop
			vertex 12.803229331970215 2.093662142753601 4.232920363659074e-16
			vertex 12.787759780883789 2.069042682647705 0.6000000238418584
			vertex 12.787759780883789 2.069042682647705 4.2875865465858863e-16
		endloop
	endfacet
	facet normal 0.7071170310271855 -0.7070965311973312 0
		outer loop
			vertex 12.787759780883789 2.069042682647705 4.2875865465858863e-16
			vertex 12.787759780883789 2.069042682647705 0.6000000238418584
			vertex 12.767200469970703 2.0484827756881714 0.6000000238418584
		endloop
	endfacet
	facet normal 0.7071170310271855 -0.7070965311973312 0
		outer loop
			vertex 12.787759780883789 2.069042682647705 4.2875865465858863e-16
			vertex 12.767200469970703 2.0484827756881714 0.6000000238418584
			vertex 12.767200469970703 2.0484827756881714 4.333238710767137e-16
		endloop
	endfacet
	facet normal 0.532025776523938 -0.8467281577425548 0
		outer loop
			vertex 12.767200469970703 2.0484827756881714 4.333238710767137e-16
			vertex 12.767200469970703 2.0484827756881714 0.6000000238418584
			vertex 12.74258041381836 2.0330132246017456 0.6000000238418584
		endloop
	endfacet
	facet normal 0.532025776523938 -0.8467281577425548 0
		outer loop
			vertex 12.767200469970703 2.0484827756881714 4.333238710767137e-16
			vertex 12.74258041381836 2.0330132246017456 0.6000000238418584
			vertex 12.74258041381836 2.0330132246017456 4.367588014360667e-16
		endloop
	endfacet
	facet normal 0.3302722614917256 -0.9438857098659464 0
		outer loop
			vertex 12.74258041381836 2.0330132246017456 4.367588014360667e-16
			vertex 12.74258041381836 2.0330132246017456 0.6000000238418584
			vertex 12.71513557434082 2.0234100818634033 0.6000000238418584
		endloop
	endfacet
	facet normal 0.3302722614917256 -0.9438857098659464 0
		outer loop
			vertex 12.74258041381836 2.0330132246017456 4.367588014360667e-16
			vertex 12.71513557434082 2.0234100818634033 0.6000000238418584
			vertex 12.71513557434082 2.0234100818634033 4.388911274714406e-16
		endloop
	endfacet
	facet normal 0.11196359968271272 -0.9937123086417363 0
		outer loop
			vertex 12.71513557434082 2.0234100818634033 4.388911274714406e-16
			vertex 12.71513557434082 2.0234100818634033 0.6000000238418584
			vertex 12.68624210357666 2.020154595375061 0.6000000238418584
		endloop
	endfacet
	facet normal 0.11196359968271272 -0.9937123086417363 0
		outer loop
			vertex 12.71513557434082 2.0234100818634033 4.388911274714406e-16
			vertex 12.68624210357666 2.020154595375061 0.6000000238418584
			vertex 12.68624210357666 2.020154595375061 4.3961399068258333e-16
		endloop
	endfacet
	facet normal -0.11196359968271272 -0.9937123086417363 0
		outer loop
			vertex 12.68624210357666 2.020154595375061 4.3961399068258333e-16
			vertex 12.68624210357666 2.020154595375061 0.6000000238418584
			vertex 12.6573486328125 2.0234100818634033 0.6000000238418584
		endloop
	endfacet
	facet normal -0.11196359968271272 -0.9937123086417363 0
		outer loop
			vertex 12.68624210357666 2.020154595375061 4.3961399068258333e-16
			vertex 12.6573486328125 2.0234100818634033 0.6000000238418584
			vertex 12.6573486328125 2.0234100818634033 4.388911274714406e-16
		endloop
	endfacet
	facet normal -0.3302824864827681 -0.9438821320073605 0
		outer loop
			vertex 12.6573486328125 2.0234100818634033 4.388911274714406e-16
			vertex 12.6573486328125 2.0234100818634033 0.6000000238418584
			vertex 12.629904747009277 2.0330132246017456 0.6000000238418584
		endloop
	endfacet
	facet normal -0.3302824864827681 -0.9438821320073605 0
		outer loop
			vertex 12.6573486328125 2.0234100818634033 4.388911274714406e-16
			vertex 12.629904747009277 2.0330132246017456 0.6000000238418584
			vertex 12.629904747009277 2.0330132246017456 4.367588014360667e-16
		endloop
	endfacet
	facet normal -0.532025776523938 -0.8467281577425548 0
		outer loop
			vertex 12.629904747009277 2.0330132246017456 4.367588014360667e-16
			vertex 12.629904747009277 2.0330132246017456 0.6000000238418584
			vertex 12.605284690856934 2.0484827756881714 0.6000000238418584
		endloop
	endfacet
	facet normal -0.532025776523938 -0.8467281577425548 0
		outer loop
			vertex 12.629904747009277 2.0330132246017456 4.367588014360667e-16
			vertex 12.605284690856934 2.0484827756881714 0.6000000238418584
			vertex 12.605284690856934 2.0484827756881714 4.333238710767137e-16
		endloop
	endfacet
	facet normal -0.7071170310271855 -0.7070965311973312 0
		outer loop
			vertex 12.605284690856934 2.0484827756881714 4.333238710767137e-16
			vertex 12.605284690856934 2.0484827756881714 0.6000000238418584
			vertex 12.584725379943848 2.069042682647705 0.6000000238418584
		endloop
	endfacet
	facet normal -0.7071170310271855 -0.7070965311973312 0
		outer loop
			vertex 12.605284690856934 2.0484827756881714 4.333238710767137e-16
			vertex 12.584725379943848 2.069042682647705 0.6000000238418584
			vertex 12.584725379943848 2.069042682647705 4.2875865465858863e-16
		endloop
	endfacet
	facet normal -0.8467223552883284 -0.532035011117676 0
		outer loop
			vertex 12.584725379943848 2.069042682647705 4.2875865465858863e-16
			vertex 12.584725379943848 2.069042682647705 0.6000000238418584
			vertex 12.569255828857422 2.093662142753601 0.6000000238418584
		endloop
	endfacet
	facet normal -0.8467223552883284 -0.532035011117676 0
		outer loop
			vertex 12.584725379943848 2.069042682647705 4.2875865465858863e-16
			vertex 12.569255828857422 2.093662142753601 0.6000000238418584
			vertex 12.569255828857422 2.093662142753601 4.232920363659074e-16
		endloop
	endfacet
	facet normal -0.9438907586474581 -0.330257832215871 0
		outer loop
			vertex 12.569255828857422 2.093662142753601 4.232920363659074e-16
			vertex 12.569255828857422 2.093662142753601 0.6000000238418584
			vertex 12.559653282165527 2.1211066246032715 0.6000000238418584
		endloop
	endfacet
	facet normal -0.9438907586474581 -0.330257832215871 0
		outer loop
			vertex 12.569255828857422 2.093662142753601 4.232920363659074e-16
			vertex 12.559653282165527 2.1211066246032715 0.6000000238418584
			vertex 12.559653282165527 2.1211066246032715 4.171981372362251e-16
		endloop
	endfacet
	facet normal -0.9937108373022304 -0.11197665751441374 0
		outer loop
			vertex 12.559653282165527 2.1211066246032715 4.171981372362251e-16
			vertex 12.559653282165527 2.1211066246032715 0.6000000238418584
			vertex 12.556397438049316 2.1499998569488525 0.6000000238418584
		endloop
	endfacet
	facet normal -0.9937108373022304 -0.11197665751441374 0
		outer loop
			vertex 12.559653282165527 2.1211066246032715 4.171981372362251e-16
			vertex 12.556397438049316 2.1499998569488525 0.6000000238418584
			vertex 12.556397438049316 2.1499998569488525 4.1078255087504344e-16
		endloop
	endfacet
	facet normal -0.9937108887097135 0.11197620130970477 0
		outer loop
			vertex 12.556397438049316 2.1499998569488525 4.1078255087504344e-16
			vertex 12.556397438049316 2.1499998569488525 0.6000000238418584
			vertex 12.559653282165527 2.178893208503723 0.6000000238418584
		endloop
	endfacet
	facet normal -0.9937108887097135 0.11197620130970477 0
		outer loop
			vertex 12.556397438049316 2.1499998569488525 4.1078255087504344e-16
			vertex 12.559653282165527 2.178893208503723 0.6000000238418584
			vertex 12.559653282165527 2.178893208503723 4.0436693804408216e-16
		endloop
	endfacet
	facet normal -0.9438907586474581 0.330257832215871 0
		outer loop
			vertex 12.559653282165527 2.178893208503723 4.0436693804408216e-16
			vertex 12.559653282165527 2.178893208503723 0.6000000238418584
			vertex 12.569255828857422 2.2063376903533936 0.6000000238418584
		endloop
	endfacet
	facet normal -0.9438907586474581 0.330257832215871 0
		outer loop
			vertex 12.559653282165527 2.178893208503723 4.0436693804408216e-16
			vertex 12.569255828857422 2.2063376903533936 0.6000000238418584
			vertex 12.569255828857422 2.2063376903533936 3.982730389143999e-16
		endloop
	endfacet
	facet normal -0.8467223552883284 0.532035011117676 0
		outer loop
			vertex 12.569255828857422 2.2063376903533936 3.982730389143999e-16
			vertex 12.569255828857422 2.2063376903533936 0.6000000238418584
			vertex 12.584725379943848 2.2309571504592896 0.6000000238418584
		endloop
	endfacet
	facet normal -0.8467223552883284 0.532035011117676 0
		outer loop
			vertex 12.569255828857422 2.2063376903533936 3.982730389143999e-16
			vertex 12.584725379943848 2.2309571504592896 0.6000000238418584
			vertex 12.584725379943848 2.2309571504592896 3.9280642062171865e-16
		endloop
	endfacet
	facet normal -0.7071170310271855 0.7070965311973312 0
		outer loop
			vertex 12.584725379943848 2.2309571504592896 3.9280642062171865e-16
			vertex 12.584725379943848 2.2309571504592896 0.6000000238418584
			vertex 12.605284690856934 2.2515170574188232 0.6000000238418582
		endloop
	endfacet
	facet normal -0.7071170310271855 0.7070965311973312 0
		outer loop
			vertex 12.584725379943848 2.2309571504592896 3.9280642062171865e-16
			vertex 12.605284690856934 2.2515170574188232 0.6000000238418582
			vertex 12.605284690856934 2.2515170574188232 3.882412042035936e-16
		endloop
	endfacet
	facet normal -0.5320228371523724 0.8467300046345001 0
		outer loop
			vertex 12.605284690856934 2.2515170574188232 3.882412042035936e-16
			vertex 12.605284690856934 2.2515170574188232 0.6000000238418582
			vertex 12.629904747009277 2.2669864892959595 0.6000000238418582
		endloop
	endfacet
	facet normal -0.5320228371523724 0.8467300046345001 0
		outer loop
			vertex 12.605284690856934 2.2515170574188232 3.882412042035936e-16
			vertex 12.629904747009277 2.2669864892959595 0.6000000238418582
			vertex 12.629904747009277 2.2669864892959595 3.848063003140202e-16
		endloop
	endfacet
	facet normal -0.33028613920719213 0.9438808538409958 0
		outer loop
			vertex 12.629904747009277 2.2669864892959595 3.848063003140202e-16
			vertex 12.629904747009277 2.2669864892959595 0.6000000238418582
			vertex 12.6573486328125 2.2765897512435913 0.6000000238418582
		endloop
	endfacet
	facet normal -0.33028613920719213 0.9438808538409958 0
		outer loop
			vertex 12.629904747009277 2.2669864892959595 3.848063003140202e-16
			vertex 12.6573486328125 2.2765897512435913 0.6000000238418582
			vertex 12.6573486328125 2.2765897512435913 3.826739478088667e-16
		endloop
	endfacet
	facet normal -0.11196359968271272 0.9937123086417363 0
		outer loop
			vertex 12.6573486328125 2.2765897512435913 3.826739478088667e-16
			vertex 12.6573486328125 2.2765897512435913 0.6000000238418582
			vertex 12.68624210357666 2.2798452377319336 0.6000000238418582
		endloop
	endfacet
	facet normal -0.11196359968271272 0.9937123086417363 0
		outer loop
			vertex 12.6573486328125 2.2765897512435913 3.826739478088667e-16
			vertex 12.68624210357666 2.2798452377319336 0.6000000238418582
			vertex 12.68624210357666 2.2798452377319336 3.8195108459772396e-16
		endloop
	endfacet
	facet normal 0.11196359968271272 0.9937123086417363 0
		outer loop
			vertex 12.68624210357666 2.2798452377319336 3.8195108459772396e-16
			vertex 12.68624210357666 2.2798452377319336 0.6000000238418582
			vertex 12.71513557434082 2.2765897512435913 0.6000000238418582
		endloop
	endfacet
	facet normal -9.633850643356308e-17 8.550346711831735e-16 1
		outer loop
			vertex 12.68624210357666 2.2798452377319336 0.6000000238418582
			vertex 12.6573486328125 2.2765897512435913 0.6000000238418582
			vertex 12.68624210357666 2.1499998569488525 0.6000000238418584
		endloop
	endfacet
	facet normal 4.577748863968298e-16 7.285622056282759e-16 1
		outer loop
			vertex 12.767200469970703 2.2515170574188232 0.6000000238418582
			vertex 12.74258041381836 2.2669864892959595 0.6000000238418582
			vertex 12.68624210357666 2.1499998569488525 0.6000000238418584
		endloop
	endfacet
	facet normal 2.8418401148879646e-16 8.121599327316551e-16 1
		outer loop
			vertex 12.68624210357666 2.1499998569488525 0.6000000238418584
			vertex 12.74258041381836 2.2669864892959595 0.6000000238418582
			vertex 12.71513557434082 2.2765897512435913 0.6000000238418582
		endloop
	endfacet
	facet normal 9.633850643356308e-17 8.550346711831735e-16 1
		outer loop
			vertex 12.68624210357666 2.1499998569488525 0.6000000238418584
			vertex 12.71513557434082 2.2765897512435913 0.6000000238418582
			vertex 12.68624210357666 2.2798452377319336 0.6000000238418582
		endloop
	endfacet
	facet normal 0 0 1
		outer loop
			vertex 12.81283187866211 2.178893208503723 0.6000000238418584
			vertex 12.803229331970215 2.2063376903533936 0.6000000238418584
			vertex 12.68624210357666 2.1499998569488525 0.6000000238418584
		endloop
	endfacet
	facet normal 0 0 1
		outer loop
			vertex 12.68624210357666 2.1499998569488525 0.6000000238418584
			vertex 12.803229331970215 2.2063376903533936 0.6000000238418584
			vertex 12.787759780883789 2.2309571504592896 0.6000000238418584
		endloop
	endfacet
	facet normal -2.3957822817402165e-15 3.004229045088879e-15 1
		outer loop
			vertex 12.68624210357666 2.1499998569488525 0.6000000238418584
			vertex 12.787759780883789 2.2309571504592896 0.6000000238418584
			vertex 12.767200469970703 2.2515170574188232 0.6000000238418582
		endloop
	endfacet
	facet normal 0 0 1
		outer loop
			vertex 12.803229331970215 2.093662142753601 0.6000000238418584
			vertex 12.81283187866211 2.1211066246032715 0.6000000238418584
			vertex 12.68624210357666 2.1499998569488525 0.6000000238418584
		endloop
	endfacet
	facet normal 0 0 1
		outer loop
			vertex 12.68624210357666 2.1499998569488525 0.6000000238418584
			vertex 12.81283187866211 2.1211066246032715 0.6000000238418584
			vertex 12.81608772277832 2.1499998569488525 0.6000000238418584
		endloop
	endfacet
	facet normal 0 0 1
		outer loop
			vertex 12.68624210357666 2.1499998569488525 0.6000000238418584
			vertex 12.81608772277832 2.1499998569488525 0.6000000238418584
			vertex 12.81283187866211 2.178893208503723 0.6000000238418584
		endloop
	endfacet
	facet normal 0 0 1
		outer loop
			vertex 12.74258041381836 2.0330132246017456 0.6000000238418584
			vertex 12.767200469970703 2.0484827756881714 0.6000000238418584
			vertex 12.68624210357666 2.1499998569488525 0.6000000238418584
		endloop
	endfacet
	facet normal 0 0 1
		outer loop
			vertex 12.68624210357666 2.1499998569488525 0.6000000238418584
			vertex 12.767200469970703 2.0484827756881714 0.6000000238418584
			vertex 12.787759780883789 2.069042682647705 0.6000000238418584
		endloop
	endfacet
	facet normal 0 0 1
		outer loop
			vertex 12.68624210357666 2.1499998569488525 0.6000000238418584
			vertex 12.787759780883789 2.069042682647705 0.6000000238418584
			vertex 12.803229331970215 2.093662142753601 0.6000000238418584
		endloop
	endfacet
	facet normal 0 0 1
		outer loop
			vertex 12.6573486328125 2.0234100818634033 0.6000000238418584
			vertex 12.68624210357666 2.020154595375061 0.6000000238418584
			vertex 12.68624210357666 2.1499998569488525 0.6000000238418584
		endloop
	endfacet
	facet normal 0 0 1
		outer loop
			vertex 12.68624210357666 2.1499998569488525 0.6000000238418584
			vertex 12.68624210357666 2.020154595375061 0.6000000238418584
			vertex 12.71513557434082 2.0234100818634033 0.6000000238418584
		endloop
	endfacet
	facet normal 0 0 1
		outer loop
			vertex 12.68624210357666 2.1499998569488525 0.6000000238418584
			vertex 12.71513557434082 2.0234100818634033 0.6000000238418584
			vertex 12.74258041381836 2.0330132246017456 0.6000000238418584
		endloop
	endfacet
	facet normal 0 0 1
		outer loop
			vertex 12.584725379943848 2.069042682647705 0.6000000238418584
			vertex 12.605284690856934 2.0484827756881714 0.6000000238418584
			vertex 12.68624210357666 2.1499998569488525 0.6000000238418584
		endloop
	endfacet
	facet normal 0 0 1
		outer loop
			vertex 12.68624210357666 2.1499998569488525 0.6000000238418584
			vertex 12.605284690856934 2.0484827756881714 0.6000000238418584
			vertex 12.629904747009277 2.0330132246017456 0.6000000238418584
		endloop
	endfacet
	facet normal 0 0 1
		outer loop
			vertex 12.68624210357666 2.1499998569488525 0.6000000238418584
			vertex 12.629904747009277 2.0330132246017456 0.6000000238418584
			vertex 12.6573486328125 2.0234100818634033 0.6000000238418584
		endloop
	endfacet
	facet normal 0 0 1
		outer loop
			vertex 12.556397438049316 2.1499998569488525 0.6000000238418584
			vertex 12.559653282165527 2.1211066246032715 0.6000000238418584
			vertex 12.68624210357666 2.1499998569488525 0.6000000238418584
		endloop
	endfacet
	facet normal 0 0 1
		outer loop
			vertex 12.68624210357666 2.1499998569488525 0.6000000238418584
			vertex 12.559653282165527 2.1211066246032715 0.6000000238418584
			vertex 12.569255828857422 2.093662142753601 0.6000000238418584
		endloop
	endfacet
	facet normal 0 0 1
		outer loop
			vertex 12.68624210357666 2.1499998569488525 0.6000000238418584
			vertex 12.569255828857422 2.093662142753601 0.6000000238418584
			vertex 12.584725379943848 2.069042682647705 0.6000000238418584
		endloop
	endfacet
	facet normal 0 0 1
		outer loop
			vertex 12.584725379943848 2.2309571504592896 0.6000000238418584
			vertex 12.569255828857422 2.2063376903533936 0.6000000238418584
			vertex 12.68624210357666 2.1499998569488525 0.6000000238418584
		endloop
	endfacet
	facet normal 0 0 1
		outer loop
			vertex 12.68624210357666 2.1499998569488525 0.6000000238418584
			vertex 12.569255828857422 2.2063376903533936 0.6000000238418584
			vertex 12.559653282165527 2.178893208503723 0.6000000238418584
		endloop
	endfacet
	facet normal 0 0 1
		outer loop
			vertex 12.68624210357666 2.1499998569488525 0.6000000238418584
			vertex 12.559653282165527 2.178893208503723 0.6000000238418584
			vertex 12.556397438049316 2.1499998569488525 0.6000000238418584
		endloop
	endfacet
	facet normal -2.841931564817451e-16 8.121578454356045e-16 1
		outer loop
			vertex 12.6573486328125 2.2765897512435913 0.6000000238418582
			vertex 12.629904747009277 2.2669864892959595 0.6000000238418582
			vertex 12.68624210357666 2.1499998569488525 0.6000000238418584
		endloop
	endfacet
	facet normal -4.57776686492104e-16 7.285650705328878e-16 1
		outer loop
			vertex 12.68624210357666 2.1499998569488525 0.6000000238418584
			vertex 12.629904747009277 2.2669864892959595 0.6000000238418582
			vertex 12.605284690856934 2.2515170574188232 0.6000000238418582
		endloop
	endfacet
	facet normal 2.3957948031142364e-15 3.0042165240778626e-15 1
		outer loop
			vertex 12.68624210357666 2.1499998569488525 0.6000000238418584
			vertex 12.605284690856934 2.2515170574188232 0.6000000238418582
			vertex 12.584725379943848 2.2309571504592896 0.6000000238418584
		endloop
	endfacet
	facet normal 0 -2.220446049250313e-16 -1
		outer loop
			vertex 12.68624210357666 2.2798452377319336 3.8195108459772396e-16
			vertex 12.71513557434082 2.2765897512435913 3.826739478088667e-16
			vertex 12.68624210357666 2.1499998569488525 4.1078255087504344e-16
		endloop
	endfacet
	facet normal 0 -2.220446049250313e-16 -1
		outer loop
			vertex 12.605284690856934 2.2515170574188232 3.882412042035936e-16
			vertex 12.629904747009277 2.2669864892959595 3.848063003140202e-16
			vertex 12.68624210357666 2.1499998569488525 4.1078255087504344e-16
		endloop
	endfacet
	facet normal 0 -2.220446049250313e-16 -1
		outer loop
			vertex 12.68624210357666 2.1499998569488525 4.1078255087504344e-16
			vertex 12.629904747009277 2.2669864892959595 3.848063003140202e-16
			vertex 12.6573486328125 2.2765897512435913 3.826739478088667e-16
		endloop
	endfacet
	facet normal 0 -2.220446049250313e-16 -1
		outer loop
			vertex 12.68624210357666 2.1499998569488525 4.1078255087504344e-16
			vertex 12.6573486328125 2.2765897512435913 3.826739478088667e-16
			vertex 12.68624210357666 2.2798452377319336 3.8195108459772396e-16
		endloop
	endfacet
	facet normal 0 -2.220446049250313e-16 -1
		outer loop
			vertex 12.559653282165527 2.178893208503723 4.0436693804408216e-16
			vertex 12.569255828857422 2.2063376903533936 3.982730389143999e-16
			vertex 12.68624210357666 2.1499998569488525 4.1078255087504344e-16
		endloop
	endfacet
	facet normal 0 -2.220446049250313e-16 -1
		outer loop
			vertex 12.68624210357666 2.1499998569488525 4.1078255087504344e-16
			vertex 12.569255828857422 2.2063376903533936 3.982730389143999e-16
			vertex 12.584725379943848 2.2309571504592896 3.9280642062171865e-16
		endloop
	endfacet
	facet normal 0 -2.220446049250313e-16 -1
		outer loop
			vertex 12.68624210357666 2.1499998569488525 4.1078255087504344e-16
			vertex 12.584725379943848 2.2309571504592896 3.9280642062171865e-16
			vertex 12.605284690856934 2.2515170574188232 3.882412042035936e-16
		endloop
	endfacet
	facet normal 0 -2.220446049250313e-16 -1
		outer loop
			vertex 12.569255828857422 2.093662142753601 4.232920363659074e-16
			vertex 12.559653282165527 2.1211066246032715 4.171981372362251e-16
			vertex 12.68624210357666 2.1499998569488525 4.1078255087504344e-16
		endloop
	endfacet
	facet normal 0 -2.220446049250313e-16 -1
		outer loop
			vertex 12.68624210357666 2.1499998569488525 4.1078255087504344e-16
			vertex 12.559653282165527 2.1211066246032715 4.171981372362251e-16
			vertex 12.556397438049316 2.1499998569488525 4.1078255087504344e-16
		endloop
	endfacet
	facet normal 0 -2.220446049250313e-16 -1
		outer loop
			vertex 12.68624210357666 2.1499998569488525 4.1078255087504344e-16
			vertex 12.556397438049316 2.1499998569488525 4.1078255087504344e-16
			vertex 12.559653282165527 2.178893208503723 4.0436693804408216e-16
		endloop
	endfacet
	facet normal 0 -2.220446049250313e-16 -1
		outer loop
			vertex 12.629904747009277 2.0330132246017456 4.367588014360667e-16
			vertex 12.605284690856934 2.0484827756881714 4.333238710767137e-16
			vertex 12.68624210357666 2.1499998569488525 4.1078255087504344e-16
		endloop
	endfacet
	facet normal 0 -2.220446049250313e-16 -1
		outer loop
			vertex 12.68624210357666 2.1499998569488525 4.1078255087504344e-16
			vertex 12.605284690856934 2.0484827756881714 4.333238710767137e-16
			vertex 12.584725379943848 2.069042682647705 4.2875865465858863e-16
		endloop
	endfacet
	facet normal 0 -2.220446049250313e-16 -1
		outer loop
			vertex 12.68624210357666 2.1499998569488525 4.1078255087504344e-16
			vertex 12.584725379943848 2.069042682647705 4.2875865465858863e-16
			vertex 12.569255828857422 2.093662142753601 4.232920363659074e-16
		endloop
	endfacet
	facet normal 0 -2.220446049250313e-16 -1
		outer loop
			vertex 12.71513557434082 2.0234100818634033 4.388911274714406e-16
			vertex 12.68624210357666 2.020154595375061 4.3961399068258333e-16
			vertex 12.68624210357666 2.1499998569488525 4.1078255087504344e-16
		endloop
	endfacet
	facet normal 0 -2.220446049250313e-16 -1
		outer loop
			vertex 12.68624210357666 2.1499998569488525 4.1078255087504344e-16
			vertex 12.68624210357666 2.020154595375061 4.3961399068258333e-16
			vertex 12.6573486328125 2.0234100818634033 4.388911274714406e-16
		endloop
	endfacet
	facet normal 0 -2.220446049250313e-16 -1
		outer loop
			vertex 12.68624210357666 2.1499998569488525 4.1078255087504344e-16
			vertex 12.6573486328125 2.0234100818634033 4.388911274714406e-16
			vertex 12.629904747009277 2.0330132246017456 4.367588014360667e-16
		endloop
	endfacet
	facet normal 0 -2.220446049250313e-16 -1
		outer loop
			vertex 12.787759780883789 2.069042682647705 4.2875865465858863e-16
			vertex 12.767200469970703 2.0484827756881714 4.333238710767137e-16
			vertex 12.68624210357666 2.1499998569488525 4.1078255087504344e-16
		endloop
	endfacet
	facet normal 0 -2.220446049250313e-16 -1
		outer loop
			vertex 12.68624210357666 2.1499998569488525 4.1078255087504344e-16
			vertex 12.767200469970703 2.0484827756881714 4.333238710767137e-16
			vertex 12.74258041381836 2.0330132246017456 4.367588014360667e-16
		endloop
	endfacet
	facet normal 0 -2.220446049250313e-16 -1
		outer loop
			vertex 12.68624210357666 2.1499998569488525 4.1078255087504344e-16
			vertex 12.74258041381836 2.0330132246017456 4.367588014360667e-16
			vertex 12.71513557434082 2.0234100818634033 4.388911274714406e-16
		endloop
	endfacet
	facet normal 0 -2.220446049250313e-16 -1
		outer loop
			vertex 12.81608772277832 2.1499998569488525 4.1078255087504344e-16
			vertex 12.81283187866211 2.1211066246032715 4.171981372362251e-16
			vertex 12.68624210357666 2.1499998569488525 4.1078255087504344e-16
		endloop
	endfacet
	facet normal 0 -2.220446049250313e-16 -1
		outer loop
			vertex 12.68624210357666 2.1499998569488525 4.1078255087504344e-16
			vertex 12.81283187866211 2.1211066246032715 4.171981372362251e-16
			vertex 12.803229331970215 2.093662142753601 4.232920363659074e-16
		endloop
	endfacet
	facet normal 0 -2.220446049250313e-16 -1
		outer loop
			vertex 12.68624210357666 2.1499998569488525 4.1078255087504344e-16
			vertex 12.803229331970215 2.093662142753601 4.232920363659074e-16
			vertex 12.787759780883789 2.069042682647705 4.2875865465858863e-16
		endloop
	endfacet
	facet normal 0 -2.220446049250313e-16 -1
		outer loop
			vertex 12.787759780883789 2.2309571504592896 3.9280642062171865e-16
			vertex 12.803229331970215 2.2063376903533936 3.982730389143999e-16
			vertex 12.68624210357666 2.1499998569488525 4.1078255087504344e-16
		endloop
	endfacet
	facet normal 0 -2.220446049250313e-16 -1
		outer loop
			vertex 12.68624210357666 2.1499998569488525 4.1078255087504344e-16
			vertex 12.803229331970215 2.2063376903533936 3.982730389143999e-16
			vertex 12.81283187866211 2.178893208503723 4.0436693804408216e-16
		endloop
	endfacet
	facet normal 0 -2.220446049250313e-16 -1
		outer loop
			vertex 12.68624210357666 2.1499998569488525 4.1078255087504344e-16
			vertex 12.81283187866211 2.178893208503723 4.0436693804408216e-16
			vertex 12.81608772277832 2.1499998569488525 4.1078255087504344e-16
		endloop
	endfacet
	facet normal 0 -2.220446049250313e-16 -1
		outer loop
			vertex 12.71513557434082 2.2765897512435913 3.826739478088667e-16
			vertex 12.74258041381836 2.2669864892959595 3.848063003140202e-16
			vertex 12.68624210357666 2.1499998569488525 4.1078255087504344e-16
		endloop
	endfacet
	facet normal 0 -2.220446049250313e-16 -1
		outer loop
			vertex 12.68624210357666 2.1499998569488525 4.1078255087504344e-16
			vertex 12.74258041381836 2.2669864892959595 3.848063003140202e-16
			vertex 12.767200469970703 2.2515170574188232 3.882412042035936e-16
		endloop
	endfacet
	facet normal 0 -2.220446049250313e-16 -1
		outer loop
			vertex 12.68624210357666 2.1499998569488525 4.1078255087504344e-16
			vertex 12.767200469970703 2.2515170574188232 3.882412042035936e-16
			vertex 12.787759780883789 2.2309571504592896 3.9280642062171865e-16
		endloop
	endfacet
	facet normal 0.11195740516436635 0.9937130065712445 0
		outer loop
			vertex 13.016242027282715 1.9786491394042969 4.488300532558449e-16
			vertex 13.044869422912598 1.975423812866211 0.6000000238418584
			vertex 13.044869422912598 1.975423812866211 4.495462196127484e-16
		endloop
	endfacet
	facet normal 0.3302752215998393 0.9438846740980473 0
		outer loop
			vertex 13.044869422912598 1.975423812866211 4.495462196127484e-16
			vertex 13.044869422912598 1.975423812866211 0.6000000238418584
			vertex 13.072061538696289 1.9659090042114258 0.6000000238418584
		endloop
	endfacet
	facet normal 0.3302752215998393 0.9438846740980473 0
		outer loop
			vertex 13.044869422912598 1.975423812866211 4.495462196127484e-16
			vertex 13.072061538696289 1.9659090042114258 0.6000000238418584
			vertex 13.072061538696289 1.9659090042114258 4.516589315414375e-16
		endloop
	endfacet
	facet normal 0.5320267933135652 0.8467275188609881 0
		outer loop
			vertex 13.072061538696289 1.9659090042114258 4.516589315414375e-16
			vertex 13.072061538696289 1.9659090042114258 0.6000000238418584
			vertex 13.096454620361328 1.9505820274353027 0.6000000238418584
		endloop
	endfacet
	facet normal 0.5320267933135652 0.8467275188609881 0
		outer loop
			vertex 13.072061538696289 1.9659090042114258 4.516589315414375e-16
			vertex 13.096454620361328 1.9505820274353027 0.6000000238418584
			vertex 13.096454620361328 1.9505820274353027 4.550622040443869e-16
		endloop
	endfacet
	facet normal 0.7071233335052989 0.707090228480322 0
		outer loop
			vertex 13.096454620361328 1.9505820274353027 4.550622040443869e-16
			vertex 13.096454620361328 1.9505820274353027 0.6000000238418584
			vertex 13.11682415008545 1.9302115440368652 0.6000000238418584
		endloop
	endfacet
	facet normal 0.7071233335052989 0.707090228480322 0
		outer loop
			vertex 13.096454620361328 1.9505820274353027 4.550622040443869e-16
			vertex 13.11682415008545 1.9302115440368652 0.6000000238418584
			vertex 13.11682415008545 1.9302115440368652 4.595853599827248e-16
		endloop
	endfacet
	facet normal 0.8467177198951977 0.5320423881754891 0
		outer loop
			vertex 13.11682415008545 1.9302115440368652 4.595853599827248e-16
			vertex 13.11682415008545 1.9302115440368652 0.6000000238418584
			vertex 13.13215160369873 1.9058187007904053 0.6000000238418584
		endloop
	endfacet
	facet normal 0.8467177198951977 0.5320423881754891 0
		outer loop
			vertex 13.11682415008545 1.9302115440368652 4.595853599827248e-16
			vertex 13.13215160369873 1.9058187007904053 0.6000000238418584
			vertex 13.13215160369873 1.9058187007904053 4.650016592243832e-16
		endloop
	endfacet
	facet normal 0.9438828685535853 0.33028038157156053 0
		outer loop
			vertex 13.13215160369873 1.9058187007904053 4.650016592243832e-16
			vertex 13.13215160369873 1.9058187007904053 0.6000000238418584
			vertex 13.141666412353516 1.878627061843872 0.6000000238418584
		endloop
	endfacet
	facet normal 0.9438828685535853 0.33028038157156053 0
		outer loop
			vertex 13.13215160369873 1.9058187007904053 4.650016592243832e-16
			vertex 13.141666412353516 1.878627061843872 0.6000000238418584
			vertex 13.141666412353516 1.878627061843872 4.710394159515303e-16
		endloop
	endfacet
	facet normal 0.9937129028350681 0.11195832590344713 0
		outer loop
			vertex 13.141666412353516 1.878627061843872 4.710394159515303e-16
			vertex 13.141666412353516 1.878627061843872 0.6000000238418584
			vertex 13.144891738891602 1.8499999046325684 0.6000000238418584
		endloop
	endfacet
	facet normal 0.9937129028350681 0.11195832590344713 0
		outer loop
			vertex 13.141666412353516 1.878627061843872 4.710394159515303e-16
			vertex 13.144891738891602 1.8499999046325684 0.6000000238418584
			vertex 13.144891738891602 1.8499999046325684 4.77395921764641e-16
		endloop
	endfacet
	facet normal 0.9937129028350681 -0.11195832590344713 0
		outer loop
			vertex 13.144891738891602 1.8499999046325684 4.77395921764641e-16
			vertex 13.144891738891602 1.8499999046325684 0.6000000238418584
			vertex 13.141666412353516 1.8213727474212646 0.6000000238418584
		endloop
	endfacet
	facet normal 0.9937129028350681 -0.11195832590344713 0
		outer loop
			vertex 13.144891738891602 1.8499999046325684 4.77395921764641e-16
			vertex 13.141666412353516 1.8213727474212646 0.6000000238418584
			vertex 13.141666412353516 1.8213727474212646 4.837524275777517e-16
		endloop
	endfacet
	facet normal 0.9438828685535853 -0.33028038157156053 0
		outer loop
			vertex 13.141666412353516 1.8213727474212646 4.837524275777517e-16
			vertex 13.141666412353516 1.8213727474212646 0.6000000238418584
			vertex 13.13215160369873 1.7941811084747314 0.6000000238418584
		endloop
	endfacet
	facet normal 0.9438828685535853 -0.33028038157156053 0
		outer loop
			vertex 13.141666412353516 1.8213727474212646 4.837524275777517e-16
			vertex 13.13215160369873 1.7941811084747314 0.6000000238418584
			vertex 13.13215160369873 1.7941811084747314 4.897901843048987e-16
		endloop
	endfacet
	facet normal 0.8467177198951977 -0.5320423881754891 0
		outer loop
			vertex 13.13215160369873 1.7941811084747314 4.897901843048987e-16
			vertex 13.13215160369873 1.7941811084747314 0.6000000238418584
			vertex 13.11682415008545 1.7697882652282715 0.6000000238418584
		endloop
	endfacet
	facet normal 0.8467177198951977 -0.5320423881754891 0
		outer loop
			vertex 13.13215160369873 1.7941811084747314 4.897901843048987e-16
			vertex 13.11682415008545 1.7697882652282715 0.6000000238418584
			vertex 13.11682415008545 1.7697882652282715 4.952064835465572e-16
		endloop
	endfacet
	facet normal 0.7071233335052989 -0.707090228480322 0
		outer loop
			vertex 13.11682415008545 1.7697882652282715 4.952064835465572e-16
			vertex 13.11682415008545 1.7697882652282715 0.6000000238418584
			vertex 13.096454620361328 1.749417781829834 0.6000000238418585
		endloop
	endfacet
	facet normal 0.7071233335052989 -0.707090228480322 0
		outer loop
			vertex 13.11682415008545 1.7697882652282715 4.952064835465572e-16
			vertex 13.096454620361328 1.749417781829834 0.6000000238418585
			vertex 13.096454620361328 1.749417781829834 4.997296394848951e-16
		endloop
	endfacet
	facet normal 0.5320267933135652 -0.8467275188609881 0
		outer loop
			vertex 13.096454620361328 1.749417781829834 4.997296394848951e-16
			vertex 13.096454620361328 1.749417781829834 0.6000000238418585
			vertex 13.072061538696289 1.734090805053711 0.6000000238418585
		endloop
	endfacet
	facet normal 0.5320267933135652 -0.8467275188609881 0
		outer loop
			vertex 13.096454620361328 1.749417781829834 4.997296394848951e-16
			vertex 13.072061538696289 1.734090805053711 0.6000000238418585
			vertex 13.072061538696289 1.734090805053711 5.031329119878445e-16
		endloop
	endfacet
	facet normal 0.3302752215998393 -0.9438846740980473 0
		outer loop
			vertex 13.072061538696289 1.734090805053711 5.031329119878445e-16
			vertex 13.072061538696289 1.734090805053711 0.6000000238418585
			vertex 13.044869422912598 1.7245759963989258 0.6000000238418585
		endloop
	endfacet
	facet normal 0.3302752215998393 -0.9438846740980473 0
		outer loop
			vertex 13.072061538696289 1.734090805053711 5.031329119878445e-16
			vertex 13.044869422912598 1.7245759963989258 0.6000000238418585
			vertex 13.044869422912598 1.7245759963989258 5.052456239165335e-16
		endloop
	endfacet
	facet normal 0.11196557739424719 -0.9937120858069368 0
		outer loop
			vertex 13.044869422912598 1.7245759963989258 5.052456239165335e-16
			vertex 13.044869422912598 1.7245759963989258 0.6000000238418585
			vertex 13.016242027282715 1.7213504314422607 0.6000000238418585
		endloop
	endfacet
	facet normal 0.11196557739424719 -0.9937120858069368 0
		outer loop
			vertex 13.044869422912598 1.7245759963989258 5.052456239165335e-16
			vertex 13.016242027282715 1.7213504314422607 0.6000000238418585
			vertex 13.016242027282715 1.7213504314422607 5.059618432129963e-16
		endloop
	endfacet
	facet normal -0.11196926070287645 -0.9937116707866782 0
		outer loop
			vertex 13.016242027282715 1.7213504314422607 5.059618432129963e-16
			vertex 13.016242027282715 1.7213504314422607 0.6000000238418585
			vertex 12.987615585327148 1.7245759963989258 0.6000000238418585
		endloop
	endfacet
	facet normal -0.11196926070287645 -0.9937116707866782 0
		outer loop
			vertex 13.016242027282715 1.7213504314422607 5.059618432129963e-16
			vertex 12.987615585327148 1.7245759963989258 0.6000000238418585
			vertex 12.987615585327148 1.7245759963989258 5.052456239165335e-16
		endloop
	endfacet
	facet normal -0.3302752215998393 -0.9438846740980473 0
		outer loop
			vertex 12.987615585327148 1.7245759963989258 5.052456239165335e-16
			vertex 12.987615585327148 1.7245759963989258 0.6000000238418585
			vertex 12.960423469543457 1.734090805053711 0.6000000238418585
		endloop
	endfacet
	facet normal -0.3302752215998393 -0.9438846740980473 0
		outer loop
			vertex 12.987615585327148 1.7245759963989258 5.052456239165335e-16
			vertex 12.960423469543457 1.734090805053711 0.6000000238418585
			vertex 12.960423469543457 1.734090805053711 5.031329119878445e-16
		endloop
	endfacet
	facet normal -0.5320417062800161 -0.8467181483697211 0
		outer loop
			vertex 12.960423469543457 1.734090805053711 5.031329119878445e-16
			vertex 12.960423469543457 1.734090805053711 0.6000000238418585
			vertex 12.936031341552734 1.749417781829834 0.6000000238418585
		endloop
	endfacet
	facet normal -0.5320417062800161 -0.8467181483697211 0
		outer loop
			vertex 12.960423469543457 1.734090805053711 5.031329119878445e-16
			vertex 12.936031341552734 1.749417781829834 0.6000000238418585
			vertex 12.936031341552734 1.749417781829834 4.997296394848951e-16
		endloop
	endfacet
	facet normal -0.7071067811865476 -0.7071067811865476 0
		outer loop
			vertex 12.936031341552734 1.749417781829834 4.997296394848951e-16
			vertex 12.936031341552734 1.749417781829834 0.6000000238418585
			vertex 12.915660858154297 1.7697882652282715 0.6000000238418584
		endloop
	endfacet
	facet normal -0.7071067811865476 -0.7071067811865476 0
		outer loop
			vertex 12.936031341552734 1.749417781829834 4.997296394848951e-16
			vertex 12.915660858154297 1.7697882652282715 0.6000000238418584
			vertex 12.915660858154297 1.7697882652282715 4.952064835465572e-16
		endloop
	endfacet
	facet normal -0.8467177198951977 -0.5320423881754891 0
		outer loop
			vertex 12.915660858154297 1.7697882652282715 4.952064835465572e-16
			vertex 12.915660858154297 1.7697882652282715 0.6000000238418584
			vertex 12.900333404541016 1.7941811084747314 0.6000000238418584
		endloop
	endfacet
	facet normal -0.8467177198951977 -0.5320423881754891 0
		outer loop
			vertex 12.915660858154297 1.7697882652282715 4.952064835465572e-16
			vertex 12.900333404541016 1.7941811084747314 0.6000000238418584
			vertex 12.900333404541016 1.7941811084747314 4.897901843048987e-16
		endloop
	endfacet
	facet normal -0.9438828685535853 -0.33028038157156053 0
		outer loop
			vertex 12.900333404541016 1.7941811084747314 4.897901843048987e-16
			vertex 12.900333404541016 1.7941811084747314 0.6000000238418584
			vertex 12.89081859588623 1.8213727474212646 0.6000000238418584
		endloop
	endfacet
	facet normal -0.9438828685535853 -0.33028038157156053 0
		outer loop
			vertex 12.900333404541016 1.7941811084747314 4.897901843048987e-16
			vertex 12.89081859588623 1.8213727474212646 0.6000000238418584
			vertex 12.89081859588623 1.8213727474212646 4.837524275777517e-16
		endloop
	endfacet
	facet normal -0.9937129028350681 -0.11195832590344713 0
		outer loop
			vertex 12.89081859588623 1.8213727474212646 4.837524275777517e-16
			vertex 12.89081859588623 1.8213727474212646 0.6000000238418584
			vertex 12.887593269348145 1.8499999046325684 0.6000000238418584
		endloop
	endfacet
	facet normal -0.9937129028350681 -0.11195832590344713 0
		outer loop
			vertex 12.89081859588623 1.8213727474212646 4.837524275777517e-16
			vertex 12.887593269348145 1.8499999046325684 0.6000000238418584
			vertex 12.887593269348145 1.8499999046325684 4.77395921764641e-16
		endloop
	endfacet
	facet normal -0.9937129028350681 0.11195832590344713 0
		outer loop
			vertex 12.887593269348145 1.8499999046325684 4.77395921764641e-16
			vertex 12.887593269348145 1.8499999046325684 0.6000000238418584
			vertex 12.89081859588623 1.878627061843872 0.6000000238418584
		endloop
	endfacet
	facet normal -0.9937129028350681 0.11195832590344713 0
		outer loop
			vertex 12.887593269348145 1.8499999046325684 4.77395921764641e-16
			vertex 12.89081859588623 1.878627061843872 0.6000000238418584
			vertex 12.89081859588623 1.878627061843872 4.710394159515303e-16
		endloop
	endfacet
	facet normal -0.9438828685535853 0.33028038157156053 0
		outer loop
			vertex 12.89081859588623 1.878627061843872 4.710394159515303e-16
			vertex 12.89081859588623 1.878627061843872 0.6000000238418584
			vertex 12.900333404541016 1.9058187007904053 0.6000000238418584
		endloop
	endfacet
	facet normal -0.9438828685535853 0.33028038157156053 0
		outer loop
			vertex 12.89081859588623 1.878627061843872 4.710394159515303e-16
			vertex 12.900333404541016 1.9058187007904053 0.6000000238418584
			vertex 12.900333404541016 1.9058187007904053 4.650016592243832e-16
		endloop
	endfacet
	facet normal -0.8467177198951977 0.5320423881754891 0
		outer loop
			vertex 12.900333404541016 1.9058187007904053 4.650016592243832e-16
			vertex 12.900333404541016 1.9058187007904053 0.6000000238418584
			vertex 12.915660858154297 1.9302115440368652 0.6000000238418584
		endloop
	endfacet
	facet normal -0.8467177198951977 0.5320423881754891 0
		outer loop
			vertex 12.900333404541016 1.9058187007904053 4.650016592243832e-16
			vertex 12.915660858154297 1.9302115440368652 0.6000000238418584
			vertex 12.915660858154297 1.9302115440368652 4.595853599827248e-16
		endloop
	endfacet
	facet normal -0.7071067811865476 0.7071067811865476 0
		outer loop
			vertex 12.915660858154297 1.9302115440368652 4.595853599827248e-16
			vertex 12.915660858154297 1.9302115440368652 0.6000000238418584
			vertex 12.936031341552734 1.9505820274353027 0.6000000238418584
		endloop
	endfacet
	facet normal -0.7071067811865476 0.7071067811865476 0
		outer loop
			vertex 12.915660858154297 1.9302115440368652 4.595853599827248e-16
			vertex 12.936031341552734 1.9505820274353027 0.6000000238418584
			vertex 12.936031341552734 1.9505820274353027 4.550622040443869e-16
		endloop
	endfacet
	facet normal -0.5320417062800161 0.8467181483697211 0
		outer loop
			vertex 12.936031341552734 1.9505820274353027 4.550622040443869e-16
			vertex 12.936031341552734 1.9505820274353027 0.6000000238418584
			vertex 12.960423469543457 1.9659090042114258 0.6000000238418584
		endloop
	endfacet
	facet normal -0.5320417062800161 0.8467181483697211 0
		outer loop
			vertex 12.936031341552734 1.9505820274353027 4.550622040443869e-16
			vertex 12.960423469543457 1.9659090042114258 0.6000000238418584
			vertex 12.960423469543457 1.9659090042114258 4.516589315414375e-16
		endloop
	endfacet
	facet normal -0.3302752215998393 0.9438846740980473 0
		outer loop
			vertex 12.960423469543457 1.9659090042114258 4.516589315414375e-16
			vertex 12.960423469543457 1.9659090042114258 0.6000000238418584
			vertex 12.987615585327148 1.975423812866211 0.6000000238418584
		endloop
	endfacet
	facet normal -0.3302752215998393 0.9438846740980473 0
		outer loop
			vertex 12.960423469543457 1.9659090042114258 4.516589315414375e-16
			vertex 12.987615585327148 1.975423812866211 0.6000000238418584
			vertex 12.987615585327148 1.975423812866211 4.495462196127484e-16
		endloop
	endfacet
	facet normal -0.11196108821098112 0.9937125916111827 0
		outer loop
			vertex 12.987615585327148 1.975423812866211 4.495462196127484e-16
			vertex 12.987615585327148 1.975423812866211 0.6000000238418584
			vertex 13.016242027282715 1.9786491394042969 0.6000000238418584
		endloop
	endfacet
	facet normal -0.11196108821098112 0.9937125916111827 0
		outer loop
			vertex 12.987615585327148 1.975423812866211 4.495462196127484e-16
			vertex 13.016242027282715 1.9786491394042969 0.6000000238418584
			vertex 13.016242027282715 1.9786491394042969 4.488300532558449e-16
		endloop
	endfacet
	facet normal 0.11195740516436635 0.9937130065712445 0
		outer loop
			vertex 13.016242027282715 1.9786491394042969 4.488300532558449e-16
			vertex 13.016242027282715 1.9786491394042969 0.6000000238418584
			vertex 13.044869422912598 1.975423812866211 0.6000000238418584
		endloop
	endfacet
	facet normal 0 0 1
		outer loop
			vertex 13.016242027282715 1.9786491394042969 0.6000000238418584
			vertex 12.987615585327148 1.975423812866211 0.6000000238418584
			vertex 13.016242027282715 1.8499999046325684 0.6000000238418584
		endloop
	endfacet
	facet normal 0 0 1
		outer loop
			vertex 13.096454620361328 1.9505820274353027 0.6000000238418584
			vertex 13.072061538696289 1.9659090042114258 0.6000000238418584
			vertex 13.016242027282715 1.8499999046325684 0.6000000238418584
		endloop
	endfacet
	facet normal 0 0 1
		outer loop
			vertex 13.016242027282715 1.8499999046325684 0.6000000238418584
			vertex 13.072061538696289 1.9659090042114258 0.6000000238418584
			vertex 13.044869422912598 1.975423812866211 0.6000000238418584
		endloop
	endfacet
	facet normal 0 0 1
		outer loop
			vertex 13.016242027282715 1.8499999046325684 0.6000000238418584
			vertex 13.044869422912598 1.975423812866211 0.6000000238418584
			vertex 13.016242027282715 1.9786491394042969 0.6000000238418584
		endloop
	endfacet
	facet normal 0 0 1
		outer loop
			vertex 13.141666412353516 1.878627061843872 0.6000000238418584
			vertex 13.13215160369873 1.9058187007904053 0.6000000238418584
			vertex 13.016242027282715 1.8499999046325684 0.6000000238418584
		endloop
	endfacet
	facet normal 0 0 1
		outer loop
			vertex 13.016242027282715 1.8499999046325684 0.6000000238418584
			vertex 13.13215160369873 1.9058187007904053 0.6000000238418584
			vertex 13.11682415008545 1.9302115440368652 0.6000000238418584
		endloop
	endfacet
	facet normal 0 0 1
		outer loop
			vertex 13.016242027282715 1.8499999046325684 0.6000000238418584
			vertex 13.11682415008545 1.9302115440368652 0.6000000238418584
			vertex 13.096454620361328 1.9505820274353027 0.6000000238418584
		endloop
	endfacet
	facet normal 0 0 1
		outer loop
			vertex 13.13215160369873 1.7941811084747314 0.6000000238418584
			vertex 13.141666412353516 1.8213727474212646 0.6000000238418584
			vertex 13.016242027282715 1.8499999046325684 0.6000000238418584
		endloop
	endfacet
	facet normal 0 0 1
		outer loop
			vertex 13.016242027282715 1.8499999046325684 0.6000000238418584
			vertex 13.141666412353516 1.8213727474212646 0.6000000238418584
			vertex 13.144891738891602 1.8499999046325684 0.6000000238418584
		endloop
	endfacet
	facet normal 0 0 1
		outer loop
			vertex 13.016242027282715 1.8499999046325684 0.6000000238418584
			vertex 13.144891738891602 1.8499999046325684 0.6000000238418584
			vertex 13.141666412353516 1.878627061843872 0.6000000238418584
		endloop
	endfacet
	facet normal -4.620339780399243e-16 7.353330485832177e-16 1
		outer loop
			vertex 13.072061538696289 1.734090805053711 0.6000000238418585
			vertex 13.096454620361328 1.749417781829834 0.6000000238418585
			vertex 13.016242027282715 1.8499999046325684 0.6000000238418584
		endloop
	endfacet
	facet normal 2.4180866866905747e-15 3.032182035857249e-15 1
		outer loop
			vertex 13.016242027282715 1.8499999046325684 0.6000000238418584
			vertex 13.096454620361328 1.749417781829834 0.6000000238418585
			vertex 13.11682415008545 1.7697882652282715 0.6000000238418584
		endloop
	endfacet
	facet normal 0 0 1
		outer loop
			vertex 13.016242027282715 1.8499999046325684 0.6000000238418584
			vertex 13.11682415008545 1.7697882652282715 0.6000000238418584
			vertex 13.13215160369873 1.7941811084747314 0.6000000238418584
		endloop
	endfacet
	facet normal 9.723903447035373e-17 8.629829544523935e-16 1
		outer loop
			vertex 12.987615585327148 1.7245759963989258 0.6000000238418585
			vertex 13.016242027282715 1.7213504314422607 0.6000000238418585
			vertex 13.016242027282715 1.8499999046325684 0.6000000238418584
		endloop
	endfacet
	facet normal -9.723579511281923e-17 8.629829544523934e-16 1
		outer loop
			vertex 13.016242027282715 1.8499999046325684 0.6000000238418584
			vertex 13.016242027282715 1.7213504314422607 0.6000000238418585
			vertex 13.044869422912598 1.7245759963989258 0.6000000238418585
		endloop
	endfacet
	facet normal -2.868252230678138e-16 8.197100917442692e-16 1
		outer loop
			vertex 13.016242027282715 1.8499999046325684 0.6000000238418584
			vertex 13.044869422912598 1.7245759963989258 0.6000000238418585
			vertex 13.072061538696289 1.734090805053711 0.6000000238418585
		endloop
	endfacet
	facet normal -2.41804921619467e-15 3.032106300047597e-15 1
		outer loop
			vertex 12.915660858154297 1.7697882652282715 0.6000000238418584
			vertex 12.936031341552734 1.749417781829834 0.6000000238418585
			vertex 13.016242027282715 1.8499999046325684 0.6000000238418584
		endloop
	endfacet
	facet normal 4.620496798306065e-16 7.353292885559793e-16 1
		outer loop
			vertex 13.016242027282715 1.8499999046325684 0.6000000238418584
			vertex 12.936031341552734 1.749417781829834 0.6000000238418585
			vertex 12.960423469543457 1.734090805053711 0.6000000238418585
		endloop
	endfacet
	facet normal 2.868259297523806e-16 8.197121113590888e-16 1
		outer loop
			vertex 13.016242027282715 1.8499999046325684 0.6000000238418584
			vertex 12.960423469543457 1.734090805053711 0.6000000238418585
			vertex 12.987615585327148 1.7245759963989258 0.6000000238418585
		endloop
	endfacet
	facet normal 0 0 1
		outer loop
			vertex 12.887593269348145 1.8499999046325684 0.6000000238418584
			vertex 12.89081859588623 1.8213727474212646 0.6000000238418584
			vertex 13.016242027282715 1.8499999046325684 0.6000000238418584
		endloop
	endfacet
	facet normal 0 0 1
		outer loop
			vertex 13.016242027282715 1.8499999046325684 0.6000000238418584
			vertex 12.89081859588623 1.8213727474212646 0.6000000238418584
			vertex 12.900333404541016 1.7941811084747314 0.6000000238418584
		endloop
	endfacet
	facet normal 0 0 1
		outer loop
			vertex 13.016242027282715 1.8499999046325684 0.6000000238418584
			vertex 12.900333404541016 1.7941811084747314 0.6000000238418584
			vertex 12.915660858154297 1.7697882652282715 0.6000000238418584
		endloop
	endfacet
	facet normal 0 0 1
		outer loop
			vertex 12.915660858154297 1.9302115440368652 0.6000000238418584
			vertex 12.900333404541016 1.9058187007904053 0.6000000238418584
			vertex 13.016242027282715 1.8499999046325684 0.6000000238418584
		endloop
	endfacet
	facet normal 0 0 1
		outer loop
			vertex 13.016242027282715 1.8499999046325684 0.6000000238418584
			vertex 12.900333404541016 1.9058187007904053 0.6000000238418584
			vertex 12.89081859588623 1.878627061843872 0.6000000238418584
		endloop
	endfacet
	facet normal 0 0 1
		outer loop
			vertex 13.016242027282715 1.8499999046325684 0.6000000238418584
			vertex 12.89081859588623 1.878627061843872 0.6000000238418584
			vertex 12.887593269348145 1.8499999046325684 0.6000000238418584
		endloop
	endfacet
	facet normal 0 0 1
		outer loop
			vertex 12.987615585327148 1.975423812866211 0.6000000238418584
			vertex 12.960423469543457 1.9659090042114258 0.6000000238418584
			vertex 13.016242027282715 1.8499999046325684 0.6000000238418584
		endloop
	endfacet
	facet normal 0 0 1
		outer loop
			vertex 13.016242027282715 1.8499999046325684 0.6000000238418584
			vertex 12.960423469543457 1.9659090042114258 0.6000000238418584
			vertex 12.936031341552734 1.9505820274353027 0.6000000238418584
		endloop
	endfacet
	facet normal 0 0 1
		outer loop
			vertex 13.016242027282715 1.8499999046325684 0.6000000238418584
			vertex 12.936031341552734 1.9505820274353027 0.6000000238418584
			vertex 12.915660858154297 1.9302115440368652 0.6000000238418584
		endloop
	endfacet
	facet normal 0 -2.220446049250313e-16 -1
		outer loop
			vertex 13.016242027282715 1.9786491394042969 4.488300532558449e-16
			vertex 13.044869422912598 1.975423812866211 4.495462196127484e-16
			vertex 13.016242027282715 1.8499999046325684 4.77395921764641e-16
		endloop
	endfacet
	facet normal 0 -2.220446049250313e-16 -1
		outer loop
			vertex 12.936031341552734 1.9505820274353027 4.550622040443869e-16
			vertex 12.960423469543457 1.9659090042114258 4.516589315414375e-16
			vertex 13.016242027282715 1.8499999046325684 4.77395921764641e-16
		endloop
	endfacet
	facet normal 0 -2.220446049250313e-16 -1
		outer loop
			vertex 13.016242027282715 1.8499999046325684 4.77395921764641e-16
			vertex 12.960423469543457 1.9659090042114258 4.516589315414375e-16
			vertex 12.987615585327148 1.975423812866211 4.495462196127484e-16
		endloop
	endfacet
	facet normal 0 -2.220446049250313e-16 -1
		outer loop
			vertex 13.016242027282715 1.8499999046325684 4.77395921764641e-16
			vertex 12.987615585327148 1.975423812866211 4.495462196127484e-16
			vertex 13.016242027282715 1.9786491394042969 4.488300532558449e-16
		endloop
	endfacet
	facet normal 0 -2.220446049250313e-16 -1
		outer loop
			vertex 12.89081859588623 1.878627061843872 4.710394159515303e-16
			vertex 12.900333404541016 1.9058187007904053 4.650016592243832e-16
			vertex 13.016242027282715 1.8499999046325684 4.77395921764641e-16
		endloop
	endfacet
	facet normal 0 -2.220446049250313e-16 -1
		outer loop
			vertex 13.016242027282715 1.8499999046325684 4.77395921764641e-16
			vertex 12.900333404541016 1.9058187007904053 4.650016592243832e-16
			vertex 12.915660858154297 1.9302115440368652 4.595853599827248e-16
		endloop
	endfacet
	facet normal 0 -2.220446049250313e-16 -1
		outer loop
			vertex 13.016242027282715 1.8499999046325684 4.77395921764641e-16
			vertex 12.915660858154297 1.9302115440368652 4.595853599827248e-16
			vertex 12.936031341552734 1.9505820274353027 4.550622040443869e-16
		endloop
	endfacet
	facet normal 0 -2.220446049250313e-16 -1
		outer loop
			vertex 12.900333404541016 1.7941811084747314 4.897901843048987e-16
			vertex 12.89081859588623 1.8213727474212646 4.837524275777517e-16
			vertex 13.016242027282715 1.8499999046325684 4.77395921764641e-16
		endloop
	endfacet
	facet normal 0 -2.220446049250313e-16 -1
		outer loop
			vertex 13.016242027282715 1.8499999046325684 4.77395921764641e-16
			vertex 12.89081859588623 1.8213727474212646 4.837524275777517e-16
			vertex 12.887593269348145 1.8499999046325684 4.77395921764641e-16
		endloop
	endfacet
	facet normal 0 -2.220446049250313e-16 -1
		outer loop
			vertex 13.016242027282715 1.8499999046325684 4.77395921764641e-16
			vertex 12.887593269348145 1.8499999046325684 4.77395921764641e-16
			vertex 12.89081859588623 1.878627061843872 4.710394159515303e-16
		endloop
	endfacet
	facet normal 0 -2.220446049250313e-16 -1
		outer loop
			vertex 12.960423469543457 1.734090805053711 5.031329119878445e-16
			vertex 12.936031341552734 1.749417781829834 4.997296394848951e-16
			vertex 13.016242027282715 1.8499999046325684 4.77395921764641e-16
		endloop
	endfacet
	facet normal 0 -2.220446049250313e-16 -1
		outer loop
			vertex 13.016242027282715 1.8499999046325684 4.77395921764641e-16
			vertex 12.936031341552734 1.749417781829834 4.997296394848951e-16
			vertex 12.915660858154297 1.7697882652282715 4.952064835465572e-16
		endloop
	endfacet
	facet normal 0 -2.220446049250313e-16 -1
		outer loop
			vertex 13.016242027282715 1.8499999046325684 4.77395921764641e-16
			vertex 12.915660858154297 1.7697882652282715 4.952064835465572e-16
			vertex 12.900333404541016 1.7941811084747314 4.897901843048987e-16
		endloop
	endfacet
	facet normal 0 -2.220446049250313e-16 -1
		outer loop
			vertex 13.044869422912598 1.7245759963989258 5.052456239165335e-16
			vertex 13.016242027282715 1.7213504314422607 5.059618432129963e-16
			vertex 13.016242027282715 1.8499999046325684 4.77395921764641e-16
		endloop
	endfacet
	facet normal 0 -2.220446049250313e-16 -1
		outer loop
			vertex 13.016242027282715 1.8499999046325684 4.77395921764641e-16
			vertex 13.016242027282715 1.7213504314422607 5.059618432129963e-16
			vertex 12.987615585327148 1.7245759963989258 5.052456239165335e-16
		endloop
	endfacet
	facet normal 0 -2.220446049250313e-16 -1
		outer loop
			vertex 13.016242027282715 1.8499999046325684 4.77395921764641e-16
			vertex 12.987615585327148 1.7245759963989258 5.052456239165335e-16
			vertex 12.960423469543457 1.734090805053711 5.031329119878445e-16
		endloop
	endfacet
	facet normal 0 -2.220446049250313e-16 -1
		outer loop
			vertex 13.11682415008545 1.7697882652282715 4.952064835465572e-16
			vertex 13.096454620361328 1.749417781829834 4.997296394848951e-16
			vertex 13.016242027282715 1.8499999046325684 4.77395921764641e-16
		endloop
	endfacet
	facet normal 0 -2.220446049250313e-16 -1
		outer loop
			vertex 13.016242027282715 1.8499999046325684 4.77395921764641e-16
			vertex 13.096454620361328 1.749417781829834 4.997296394848951e-16
			vertex 13.072061538696289 1.734090805053711 5.031329119878445e-16
		endloop
	endfacet
	facet normal 0 -2.220446049250313e-16 -1
		outer loop
			vertex 13.016242027282715 1.8499999046325684 4.77395921764641e-16
			vertex 13.072061538696289 1.734090805053711 5.031329119878445e-16
			vertex 13.044869422912598 1.7245759963989258 5.052456239165335e-16
		endloop
	endfacet
	facet normal 0 -2.220446049250313e-16 -1
		outer loop
			vertex 13.144891738891602 1.8499999046325684 4.77395921764641e-16
			vertex 13.141666412353516 1.8213727474212646 4.837524275777517e-16
			vertex 13.016242027282715 1.8499999046325684 4.77395921764641e-16
		endloop
	endfacet
	facet normal 0 -2.220446049250313e-16 -1
		outer loop
			vertex 13.016242027282715 1.8499999046325684 4.77395921764641e-16
			vertex 13.141666412353516 1.8213727474212646 4.837524275777517e-16
			vertex 13.13215160369873 1.7941811084747314 4.897901843048987e-16
		endloop
	endfacet
	facet normal 0 -2.220446049250313e-16 -1
		outer loop
			vertex 13.016242027282715 1.8499999046325684 4.77395921764641e-16
			vertex 13.13215160369873 1.7941811084747314 4.897901843048987e-16
			vertex 13.11682415008545 1.7697882652282715 4.952064835465572e-16
		endloop
	endfacet
	facet normal 0 -2.220446049250313e-16 -1
		outer loop
			vertex 13.11682415008545 1.9302115440368652 4.595853599827248e-16
			vertex 13.13215160369873 1.9058187007904053 4.650016592243832e-16
			vertex 13.016242027282715 1.8499999046325684 4.77395921764641e-16
		endloop
	endfacet
	facet normal 0 -2.220446049250313e-16 -1
		outer loop
			vertex 13.016242027282715 1.8499999046325684 4.77395921764641e-16
			vertex 13.13215160369873 1.9058187007904053 4.650016592243832e-16
			vertex 13.141666412353516 1.878627061843872 4.710394159515303e-16
		endloop
	endfacet
	facet normal 0 -2.220446049250313e-16 -1
		outer loop
			vertex 13.016242027282715 1.8499999046325684 4.77395921764641e-16
			vertex 13.141666412353516 1.878627061843872 4.710394159515303e-16
			vertex 13.144891738891602 1.8499999046325684 4.77395921764641e-16
		endloop
	endfacet
	facet normal 0 -2.220446049250313e-16 -1
		outer loop
			vertex 13.044869422912598 1.975423812866211 4.495462196127484e-16
			vertex 13.072061538696289 1.9659090042114258 4.516589315414375e-16
			vertex 13.016242027282715 1.8499999046325684 4.77395921764641e-16
		endloop
	endfacet
	facet normal 0 -2.220446049250313e-16 -1
		outer loop
			vertex 13.016242027282715 1.8499999046325684 4.77395921764641e-16
			vertex 13.072061538696289 1.9659090042114258 4.516589315414375e-16
			vertex 13.096454620361328 1.9505820274353027 4.550622040443869e-16
		endloop
	endfacet
	facet normal 0 -2.220446049250313e-16 -1
		outer loop
			vertex 13.016242027282715 1.8499999046325684 4.77395921764641e-16
			vertex 13.096454620361328 1.9505820274353027 4.550622040443869e-16
			vertex 13.11682415008545 1.9302115440368652 4.595853599827248e-16
		endloop
	endfacet
	facet normal 0.11196359968271272 0.9937123086417363 0
		outer loop
			vertex 13.016242027282715 2.2798452377319336 3.8195108459772396e-16
			vertex 13.045135498046875 2.2765897512435913 0.6000000238418582
			vertex 13.045135498046875 2.2765897512435913 3.826739478088667e-16
		endloop
	endfacet
	facet normal 0.33027591413075896 0.9438844317738753 0
		outer loop
			vertex 13.045135498046875 2.2765897512435913 3.826739478088667e-16
			vertex 13.045135498046875 2.2765897512435913 0.6000000238418582
			vertex 13.072580337524414 2.2669864892959595 0.6000000238418582
		endloop
	endfacet
	facet normal 0.33027591413075896 0.9438844317738753 0
		outer loop
			vertex 13.045135498046875 2.2765897512435913 3.826739478088667e-16
			vertex 13.072580337524414 2.2669864892959595 0.6000000238418582
			vertex 13.072580337524414 2.2669864892959595 3.848063003140202e-16
		endloop
	endfacet
	facet normal 0.5320376126086811 0.8467207206450394 0
		outer loop
			vertex 13.072580337524414 2.2669864892959595 3.848063003140202e-16
			vertex 13.072580337524414 2.2669864892959595 0.6000000238418582
			vertex 13.097199440002441 2.2515170574188232 0.6000000238418582
		endloop
	endfacet
	facet normal 0.5320376126086811 0.8467207206450394 0
		outer loop
			vertex 13.072580337524414 2.2669864892959595 3.848063003140202e-16
			vertex 13.097199440002441 2.2515170574188232 0.6000000238418582
			vertex 13.097199440002441 2.2515170574188232 3.882412042035936e-16
		endloop
	endfacet
	facet normal 0.7071006313534799 0.7071129309661295 0
		outer loop
			vertex 13.097199440002441 2.2515170574188232 3.882412042035936e-16
			vertex 13.097199440002441 2.2515170574188232 0.6000000238418582
			vertex 13.117759704589844 2.2309571504592896 0.6000000238418584
		endloop
	endfacet
	facet normal 0.7071006313534799 0.7071129309661295 0
		outer loop
			vertex 13.097199440002441 2.2515170574188232 3.882412042035936e-16
			vertex 13.117759704589844 2.2309571504592896 0.6000000238418584
			vertex 13.117759704589844 2.2309571504592896 3.9280642062171865e-16
		endloop
	endfacet
	facet normal 0.8467223552883284 0.532035011117676 0
		outer loop
			vertex 13.117759704589844 2.2309571504592896 3.9280642062171865e-16
			vertex 13.117759704589844 2.2309571504592896 0.6000000238418584
			vertex 13.13322925567627 2.2063376903533936 0.6000000238418584
		endloop
	endfacet
	facet normal 0.8467223552883284 0.532035011117676 0
		outer loop
			vertex 13.117759704589844 2.2309571504592896 3.9280642062171865e-16
			vertex 13.13322925567627 2.2063376903533936 0.6000000238418584
			vertex 13.13322925567627 2.2063376903533936 3.982730389143999e-16
		endloop
	endfacet
	facet normal 0.9438805338161056 0.33028705376236517 0
		outer loop
			vertex 13.13322925567627 2.2063376903533936 3.982730389143999e-16
			vertex 13.13322925567627 2.2063376903533936 0.6000000238418584
			vertex 13.14283275604248 2.178893208503723 0.6000000238418584
		endloop
	endfacet
	facet normal 0.9438805338161056 0.33028705376236517 0
		outer loop
			vertex 13.13322925567627 2.2063376903533936 3.982730389143999e-16
			vertex 13.14283275604248 2.178893208503723 0.6000000238418584
			vertex 13.14283275604248 2.178893208503723 4.0436693804408216e-16
		endloop
	endfacet
	facet normal 0.9937108887097135 0.11197620130970477 0
		outer loop
			vertex 13.14283275604248 2.178893208503723 4.0436693804408216e-16
			vertex 13.14283275604248 2.178893208503723 0.6000000238418584
			vertex 13.146088600158691 2.1499998569488525 0.6000000238418584
		endloop
	endfacet
	facet normal 0.9937108887097135 0.11197620130970477 0
		outer loop
			vertex 13.14283275604248 2.178893208503723 4.0436693804408216e-16
			vertex 13.146088600158691 2.1499998569488525 0.6000000238418584
			vertex 13.146088600158691 2.1499998569488525 4.1078255087504344e-16
		endloop
	endfacet
	facet normal 0.9937108373022304 -0.11197665751441374 0
		outer loop
			vertex 13.146088600158691 2.1499998569488525 4.1078255087504344e-16
			vertex 13.146088600158691 2.1499998569488525 0.6000000238418584
			vertex 13.14283275604248 2.1211066246032715 0.6000000238418584
		endloop
	endfacet
	facet normal 0.9937108373022304 -0.11197665751441374 0
		outer loop
			vertex 13.146088600158691 2.1499998569488525 4.1078255087504344e-16
			vertex 13.14283275604248 2.1211066246032715 0.6000000238418584
			vertex 13.14283275604248 2.1211066246032715 4.171981372362251e-16
		endloop
	endfacet
	facet normal 0.9438805338161056 -0.33028705376236517 0
		outer loop
			vertex 13.14283275604248 2.1211066246032715 4.171981372362251e-16
			vertex 13.14283275604248 2.1211066246032715 0.6000000238418584
			vertex 13.13322925567627 2.093662142753601 0.6000000238418584
		endloop
	endfacet
	facet normal 0.9438805338161056 -0.33028705376236517 0
		outer loop
			vertex 13.14283275604248 2.1211066246032715 4.171981372362251e-16
			vertex 13.13322925567627 2.093662142753601 0.6000000238418584
			vertex 13.13322925567627 2.093662142753601 4.232920363659074e-16
		endloop
	endfacet
	facet normal 0.8467223552883284 -0.532035011117676 0
		outer loop
			vertex 13.13322925567627 2.093662142753601 4.232920363659074e-16
			vertex 13.13322925567627 2.093662142753601 0.6000000238418584
			vertex 13.117759704589844 2.069042682647705 0.6000000238418584
		endloop
	endfacet
	facet normal 0.8467223552883284 -0.532035011117676 0
		outer loop
			vertex 13.13322925567627 2.093662142753601 4.232920363659074e-16
			vertex 13.117759704589844 2.069042682647705 0.6000000238418584
			vertex 13.117759704589844 2.069042682647705 4.2875865465858863e-16
		endloop
	endfacet
	facet normal 0.7071006313534799 -0.7071129309661295 0
		outer loop
			vertex 13.117759704589844 2.069042682647705 4.2875865465858863e-16
			vertex 13.117759704589844 2.069042682647705 0.6000000238418584
			vertex 13.097199440002441 2.0484827756881714 0.6000000238418584
		endloop
	endfacet
	facet normal 0.7071006313534799 -0.7071129309661295 0
		outer loop
			vertex 13.117759704589844 2.069042682647705 4.2875865465858863e-16
			vertex 13.097199440002441 2.0484827756881714 0.6000000238418584
			vertex 13.097199440002441 2.0484827756881714 4.333238710767137e-16
		endloop
	endfacet
	facet normal 0.5320405519974201 -0.8467188736707602 0
		outer loop
			vertex 13.097199440002441 2.0484827756881714 4.333238710767137e-16
			vertex 13.097199440002441 2.0484827756881714 0.6000000238418584
			vertex 13.072580337524414 2.0330132246017456 0.6000000238418584
		endloop
	endfacet
	facet normal 0.5320405519974201 -0.8467188736707602 0
		outer loop
			vertex 13.097199440002441 2.0484827756881714 4.333238710767137e-16
			vertex 13.072580337524414 2.0330132246017456 0.6000000238418584
			vertex 13.072580337524414 2.0330132246017456 4.367588014360667e-16
		endloop
	endfacet
	facet normal 0.3302722614917256 -0.9438857098659464 0
		outer loop
			vertex 13.072580337524414 2.0330132246017456 4.367588014360667e-16
			vertex 13.072580337524414 2.0330132246017456 0.6000000238418584
			vertex 13.045135498046875 2.0234100818634033 0.6000000238418584
		endloop
	endfacet
	facet normal 0.3302722614917256 -0.9438857098659464 0
		outer loop
			vertex 13.072580337524414 2.0330132246017456 4.367588014360667e-16
			vertex 13.045135498046875 2.0234100818634033 0.6000000238418584
			vertex 13.045135498046875 2.0234100818634033 4.388911274714406e-16
		endloop
	endfacet
	facet normal 0.11196359968271272 -0.9937123086417363 0
		outer loop
			vertex 13.045135498046875 2.0234100818634033 4.388911274714406e-16
			vertex 13.045135498046875 2.0234100818634033 0.6000000238418584
			vertex 13.016242027282715 2.020154595375061 0.6000000238418584
		endloop
	endfacet
	facet normal 0.11196359968271272 -0.9937123086417363 0
		outer loop
			vertex 13.045135498046875 2.0234100818634033 4.388911274714406e-16
			vertex 13.016242027282715 2.020154595375061 0.6000000238418584
			vertex 13.016242027282715 2.020154595375061 4.3961399068258333e-16
		endloop
	endfacet
	facet normal -0.11196359968271272 -0.9937123086417363 0
		outer loop
			vertex 13.016242027282715 2.020154595375061 4.3961399068258333e-16
			vertex 13.016242027282715 2.020154595375061 0.6000000238418584
			vertex 12.987348556518555 2.0234100818634033 0.6000000238418584
		endloop
	endfacet
	facet normal -0.11196359968271272 -0.9937123086417363 0
		outer loop
			vertex 13.016242027282715 2.020154595375061 4.3961399068258333e-16
			vertex 12.987348556518555 2.0234100818634033 0.6000000238418584
			vertex 12.987348556518555 2.0234100818634033 4.388911274714406e-16
		endloop
	endfacet
	facet normal -0.3302824864827681 -0.9438821320073605 0
		outer loop
			vertex 12.987348556518555 2.0234100818634033 4.388911274714406e-16
			vertex 12.987348556518555 2.0234100818634033 0.6000000238418584
			vertex 12.959904670715332 2.0330132246017456 0.6000000238418584
		endloop
	endfacet
	facet normal -0.3302824864827681 -0.9438821320073605 0
		outer loop
			vertex 12.987348556518555 2.0234100818634033 4.388911274714406e-16
			vertex 12.959904670715332 2.0330132246017456 0.6000000238418584
			vertex 12.959904670715332 2.0330132246017456 4.367588014360667e-16
		endloop
	endfacet
	facet normal -0.5320405519974201 -0.8467188736707602 0
		outer loop
			vertex 12.959904670715332 2.0330132246017456 4.367588014360667e-16
			vertex 12.959904670715332 2.0330132246017456 0.6000000238418584
			vertex 12.935285568237305 2.0484827756881714 0.6000000238418584
		endloop
	endfacet
	facet normal -0.5320405519974201 -0.8467188736707602 0
		outer loop
			vertex 12.959904670715332 2.0330132246017456 4.367588014360667e-16
			vertex 12.935285568237305 2.0484827756881714 0.6000000238418584
			vertex 12.935285568237305 2.0484827756881714 4.333238710767137e-16
		endloop
	endfacet
	facet normal -0.7071006313534799 -0.7071129309661295 0
		outer loop
			vertex 12.935285568237305 2.0484827756881714 4.333238710767137e-16
			vertex 12.935285568237305 2.0484827756881714 0.6000000238418584
			vertex 12.914725303649902 2.069042682647705 0.6000000238418584
		endloop
	endfacet
	facet normal -0.7071006313534799 -0.7071129309661295 0
		outer loop
			vertex 12.935285568237305 2.0484827756881714 4.333238710767137e-16
			vertex 12.914725303649902 2.069042682647705 0.6000000238418584
			vertex 12.914725303649902 2.069042682647705 4.2875865465858863e-16
		endloop
	endfacet
	facet normal -0.8467223552883284 -0.532035011117676 0
		outer loop
			vertex 12.914725303649902 2.069042682647705 4.2875865465858863e-16
			vertex 12.914725303649902 2.069042682647705 0.6000000238418584
			vertex 12.899255752563477 2.093662142753601 0.6000000238418584
		endloop
	endfacet
	facet normal -0.8467223552883284 -0.532035011117676 0
		outer loop
			vertex 12.914725303649902 2.069042682647705 4.2875865465858863e-16
			vertex 12.899255752563477 2.093662142753601 0.6000000238418584
			vertex 12.899255752563477 2.093662142753601 4.232920363659074e-16
		endloop
	endfacet
	facet normal -0.9438805338161056 -0.33028705376236517 0
		outer loop
			vertex 12.899255752563477 2.093662142753601 4.232920363659074e-16
			vertex 12.899255752563477 2.093662142753601 0.6000000238418584
			vertex 12.889652252197266 2.1211066246032715 0.6000000238418584
		endloop
	endfacet
	facet normal -0.9438805338161056 -0.33028705376236517 0
		outer loop
			vertex 12.899255752563477 2.093662142753601 4.232920363659074e-16
			vertex 12.889652252197266 2.1211066246032715 0.6000000238418584
			vertex 12.889652252197266 2.1211066246032715 4.171981372362251e-16
		endloop
	endfacet
	facet normal -0.9937144864402647 -0.11194426934310193 0
		outer loop
			vertex 12.889652252197266 2.1211066246032715 4.171981372362251e-16
			vertex 12.889652252197266 2.1211066246032715 0.6000000238418584
			vertex 12.886397361755371 2.1499998569488525 0.6000000238418584
		endloop
	endfacet
	facet normal -0.9937144864402647 -0.11194426934310193 0
		outer loop
			vertex 12.889652252197266 2.1211066246032715 4.171981372362251e-16
			vertex 12.886397361755371 2.1499998569488525 0.6000000238418584
			vertex 12.886397361755371 2.1499998569488525 4.1078255087504344e-16
		endloop
	endfacet
	facet normal -0.9937145378182026 0.1119438132669962 0
		outer loop
			vertex 12.886397361755371 2.1499998569488525 4.1078255087504344e-16
			vertex 12.886397361755371 2.1499998569488525 0.6000000238418584
			vertex 12.889652252197266 2.178893208503723 0.6000000238418584
		endloop
	endfacet
	facet normal -0.9937145378182026 0.1119438132669962 0
		outer loop
			vertex 12.886397361755371 2.1499998569488525 4.1078255087504344e-16
			vertex 12.889652252197266 2.178893208503723 0.6000000238418584
			vertex 12.889652252197266 2.178893208503723 4.0436693804408216e-16
		endloop
	endfacet
	facet normal -0.9438805338161056 0.33028705376236517 0
		outer loop
			vertex 12.889652252197266 2.178893208503723 4.0436693804408216e-16
			vertex 12.889652252197266 2.178893208503723 0.6000000238418584
			vertex 12.899255752563477 2.2063376903533936 0.6000000238418584
		endloop
	endfacet
	facet normal -0.9438805338161056 0.33028705376236517 0
		outer loop
			vertex 12.889652252197266 2.178893208503723 4.0436693804408216e-16
			vertex 12.899255752563477 2.2063376903533936 0.6000000238418584
			vertex 12.899255752563477 2.2063376903533936 3.982730389143999e-16
		endloop
	endfacet
	facet normal -0.8467223552883284 0.532035011117676 0
		outer loop
			vertex 12.899255752563477 2.2063376903533936 3.982730389143999e-16
			vertex 12.899255752563477 2.2063376903533936 0.6000000238418584
			vertex 12.914725303649902 2.2309571504592896 0.6000000238418584
		endloop
	endfacet
	facet normal -0.8467223552883284 0.532035011117676 0
		outer loop
			vertex 12.899255752563477 2.2063376903533936 3.982730389143999e-16
			vertex 12.914725303649902 2.2309571504592896 0.6000000238418584
			vertex 12.914725303649902 2.2309571504592896 3.9280642062171865e-16
		endloop
	endfacet
	facet normal -0.7071006313534799 0.7071129309661295 0
		outer loop
			vertex 12.914725303649902 2.2309571504592896 3.9280642062171865e-16
			vertex 12.914725303649902 2.2309571504592896 0.6000000238418584
			vertex 12.935285568237305 2.2515170574188232 0.6000000238418582
		endloop
	endfacet
	facet normal -0.7071006313534799 0.7071129309661295 0
		outer loop
			vertex 12.914725303649902 2.2309571504592896 3.9280642062171865e-16
			vertex 12.935285568237305 2.2515170574188232 0.6000000238418582
			vertex 12.935285568237305 2.2515170574188232 3.882412042035936e-16
		endloop
	endfacet
	facet normal -0.5320376126086811 0.8467207206450394 0
		outer loop
			vertex 12.935285568237305 2.2515170574188232 3.882412042035936e-16
			vertex 12.935285568237305 2.2515170574188232 0.6000000238418582
			vertex 12.959904670715332 2.2669864892959595 0.6000000238418582
		endloop
	endfacet
	facet normal -0.5320376126086811 0.8467207206450394 0
		outer loop
			vertex 12.935285568237305 2.2515170574188232 3.882412042035936e-16
			vertex 12.959904670715332 2.2669864892959595 0.6000000238418582
			vertex 12.959904670715332 2.2669864892959595 3.848063003140202e-16
		endloop
	endfacet
	facet normal -0.33028613920719213 0.9438808538409958 0
		outer loop
			vertex 12.959904670715332 2.2669864892959595 3.848063003140202e-16
			vertex 12.959904670715332 2.2669864892959595 0.6000000238418582
			vertex 12.987348556518555 2.2765897512435913 0.6000000238418582
		endloop
	endfacet
	facet normal -0.33028613920719213 0.9438808538409958 0
		outer loop
			vertex 12.959904670715332 2.2669864892959595 3.848063003140202e-16
			vertex 12.987348556518555 2.2765897512435913 0.6000000238418582
			vertex 12.987348556518555 2.2765897512435913 3.826739478088667e-16
		endloop
	endfacet
	facet normal -0.11196359968271272 0.9937123086417363 0
		outer loop
			vertex 12.987348556518555 2.2765897512435913 3.826739478088667e-16
			vertex 12.987348556518555 2.2765897512435913 0.6000000238418582
			vertex 13.016242027282715 2.2798452377319336 0.6000000238418582
		endloop
	endfacet
	facet normal -0.11196359968271272 0.9937123086417363 0
		outer loop
			vertex 12.987348556518555 2.2765897512435913 3.826739478088667e-16
			vertex 13.016242027282715 2.2798452377319336 0.6000000238418582
			vertex 13.016242027282715 2.2798452377319336 3.8195108459772396e-16
		endloop
	endfacet
	facet normal 0.11196359968271272 0.9937123086417363 0
		outer loop
			vertex 13.016242027282715 2.2798452377319336 3.8195108459772396e-16
			vertex 13.016242027282715 2.2798452377319336 0.6000000238418582
			vertex 13.045135498046875 2.2765897512435913 0.6000000238418582
		endloop
	endfacet
	facet normal -9.633850643356308e-17 8.550346711831735e-16 1
		outer loop
			vertex 13.016242027282715 2.2798452377319336 0.6000000238418582
			vertex 12.987348556518555 2.2765897512435913 0.6000000238418582
			vertex 13.016242027282715 2.1499998569488525 0.6000000238418584
		endloop
	endfacet
	facet normal 4.5778849985853265e-16 7.285556496704414e-16 1
		outer loop
			vertex 13.097199440002441 2.2515170574188232 0.6000000238418582
			vertex 13.072580337524414 2.2669864892959595 0.6000000238418582
			vertex 13.016242027282715 2.1499998569488525 0.6000000238418584
		endloop
	endfacet
	facet normal 2.8418401148879646e-16 8.121599327316551e-16 1
		outer loop
			vertex 13.016242027282715 2.1499998569488525 0.6000000238418584
			vertex 13.072580337524414 2.2669864892959595 0.6000000238418582
			vertex 13.045135498046875 2.2765897512435913 0.6000000238418582
		endloop
	endfacet
	facet normal 9.633850643356308e-17 8.550346711831735e-16 1
		outer loop
			vertex 13.016242027282715 2.1499998569488525 0.6000000238418584
			vertex 13.045135498046875 2.2765897512435913 0.6000000238418582
			vertex 13.016242027282715 2.2798452377319336 0.6000000238418582
		endloop
	endfacet
	facet normal 0 0 1
		outer loop
			vertex 13.14283275604248 2.178893208503723 0.6000000238418584
			vertex 13.13322925567627 2.2063376903533936 0.6000000238418584
			vertex 13.016242027282715 2.1499998569488525 0.6000000238418584
		endloop
	endfacet
	facet normal 0 0 1
		outer loop
			vertex 13.016242027282715 2.1499998569488525 0.6000000238418584
			vertex 13.13322925567627 2.2063376903533936 0.6000000238418584
			vertex 13.117759704589844 2.2309571504592896 0.6000000238418584
		endloop
	endfacet
	facet normal -2.395732978482436e-15 3.0041672204898035e-15 1
		outer loop
			vertex 13.016242027282715 2.1499998569488525 0.6000000238418584
			vertex 13.117759704589844 2.2309571504592896 0.6000000238418584
			vertex 13.097199440002441 2.2515170574188232 0.6000000238418582
		endloop
	endfacet
	facet normal 0 0 1
		outer loop
			vertex 13.13322925567627 2.093662142753601 0.6000000238418584
			vertex 13.14283275604248 2.1211066246032715 0.6000000238418584
			vertex 13.016242027282715 2.1499998569488525 0.6000000238418584
		endloop
	endfacet
	facet normal 0 0 1
		outer loop
			vertex 13.016242027282715 2.1499998569488525 0.6000000238418584
			vertex 13.14283275604248 2.1211066246032715 0.6000000238418584
			vertex 13.146088600158691 2.1499998569488525 0.6000000238418584
		endloop
	endfacet
	facet normal 0 0 1
		outer loop
			vertex 13.016242027282715 2.1499998569488525 0.6000000238418584
			vertex 13.146088600158691 2.1499998569488525 0.6000000238418584
			vertex 13.14283275604248 2.178893208503723 0.6000000238418584
		endloop
	endfacet
	facet normal 0 0 1
		outer loop
			vertex 13.072580337524414 2.0330132246017456 0.6000000238418584
			vertex 13.097199440002441 2.0484827756881714 0.6000000238418584
			vertex 13.016242027282715 2.1499998569488525 0.6000000238418584
		endloop
	endfacet
	facet normal 0 0 1
		outer loop
			vertex 13.016242027282715 2.1499998569488525 0.6000000238418584
			vertex 13.097199440002441 2.0484827756881714 0.6000000238418584
			vertex 13.117759704589844 2.069042682647705 0.6000000238418584
		endloop
	endfacet
	facet normal 0 0 1
		outer loop
			vertex 13.016242027282715 2.1499998569488525 0.6000000238418584
			vertex 13.117759704589844 2.069042682647705 0.6000000238418584
			vertex 13.13322925567627 2.093662142753601 0.6000000238418584
		endloop
	endfacet
	facet normal 0 0 1
		outer loop
			vertex 12.987348556518555 2.0234100818634033 0.6000000238418584
			vertex 13.016242027282715 2.020154595375061 0.6000000238418584
			vertex 13.016242027282715 2.1499998569488525 0.6000000238418584
		endloop
	endfacet
	facet normal 0 0 1
		outer loop
			vertex 13.016242027282715 2.1499998569488525 0.6000000238418584
			vertex 13.016242027282715 2.020154595375061 0.6000000238418584
			vertex 13.045135498046875 2.0234100818634033 0.6000000238418584
		endloop
	endfacet
	facet normal 0 0 1
		outer loop
			vertex 13.016242027282715 2.1499998569488525 0.6000000238418584
			vertex 13.045135498046875 2.0234100818634033 0.6000000238418584
			vertex 13.072580337524414 2.0330132246017456 0.6000000238418584
		endloop
	endfacet
	facet normal 0 0 1
		outer loop
			vertex 12.914725303649902 2.069042682647705 0.6000000238418584
			vertex 12.935285568237305 2.0484827756881714 0.6000000238418584
			vertex 13.016242027282715 2.1499998569488525 0.6000000238418584
		endloop
	endfacet
	facet normal 0 0 1
		outer loop
			vertex 13.016242027282715 2.1499998569488525 0.6000000238418584
			vertex 12.935285568237305 2.0484827756881714 0.6000000238418584
			vertex 12.959904670715332 2.0330132246017456 0.6000000238418584
		endloop
	endfacet
	facet normal 0 0 1
		outer loop
			vertex 13.016242027282715 2.1499998569488525 0.6000000238418584
			vertex 12.959904670715332 2.0330132246017456 0.6000000238418584
			vertex 12.987348556518555 2.0234100818634033 0.6000000238418584
		endloop
	endfacet
	facet normal 0 0 1
		outer loop
			vertex 12.886397361755371 2.1499998569488525 0.6000000238418584
			vertex 12.889652252197266 2.1211066246032715 0.6000000238418584
			vertex 13.016242027282715 2.1499998569488525 0.6000000238418584
		endloop
	endfacet
	facet normal 0 0 1
		outer loop
			vertex 13.016242027282715 2.1499998569488525 0.6000000238418584
			vertex 12.889652252197266 2.1211066246032715 0.6000000238418584
			vertex 12.899255752563477 2.093662142753601 0.6000000238418584
		endloop
	endfacet
	facet normal 0 0 1
		outer loop
			vertex 13.016242027282715 2.1499998569488525 0.6000000238418584
			vertex 12.899255752563477 2.093662142753601 0.6000000238418584
			vertex 12.914725303649902 2.069042682647705 0.6000000238418584
		endloop
	endfacet
	facet normal 0 0 1
		outer loop
			vertex 12.914725303649902 2.2309571504592896 0.6000000238418584
			vertex 12.899255752563477 2.2063376903533936 0.6000000238418584
			vertex 13.016242027282715 2.1499998569488525 0.6000000238418584
		endloop
	endfacet
	facet normal 0 0 1
		outer loop
			vertex 13.016242027282715 2.1499998569488525 0.6000000238418584
			vertex 12.899255752563477 2.2063376903533936 0.6000000238418584
			vertex 12.889652252197266 2.178893208503723 0.6000000238418584
		endloop
	endfacet
	facet normal 0 0 1
		outer loop
			vertex 13.016242027282715 2.1499998569488525 0.6000000238418584
			vertex 12.889652252197266 2.178893208503723 0.6000000238418584
			vertex 12.886397361755371 2.1499998569488525 0.6000000238418584
		endloop
	endfacet
	facet normal -2.841931564817451e-16 8.121578454356045e-16 1
		outer loop
			vertex 12.987348556518555 2.2765897512435913 0.6000000238418582
			vertex 12.959904670715332 2.2669864892959595 0.6000000238418582
			vertex 13.016242027282715 2.1499998569488525 0.6000000238418584
		endloop
	endfacet
	facet normal -4.577903000608723e-16 7.285585146344706e-16 1
		outer loop
			vertex 13.016242027282715 2.1499998569488525 0.6000000238418584
			vertex 12.959904670715332 2.2669864892959595 0.6000000238418582
			vertex 12.935285568237305 2.2515170574188232 0.6000000238418582
		endloop
	endfacet
	facet normal 2.3957454993411003e-15 3.0041546994133455e-15 1
		outer loop
			vertex 13.016242027282715 2.1499998569488525 0.6000000238418584
			vertex 12.935285568237305 2.2515170574188232 0.6000000238418582
			vertex 12.914725303649902 2.2309571504592896 0.6000000238418584
		endloop
	endfacet
	facet normal 0 -2.220446049250313e-16 -1
		outer loop
			vertex 13.016242027282715 2.2798452377319336 3.8195108459772396e-16
			vertex 13.045135498046875 2.2765897512435913 3.826739478088667e-16
			vertex 13.016242027282715 2.1499998569488525 4.1078255087504344e-16
		endloop
	endfacet
	facet normal 0 -2.220446049250313e-16 -1
		outer loop
			vertex 12.935285568237305 2.2515170574188232 3.882412042035936e-16
			vertex 12.959904670715332 2.2669864892959595 3.848063003140202e-16
			vertex 13.016242027282715 2.1499998569488525 4.1078255087504344e-16
		endloop
	endfacet
	facet normal 0 -2.220446049250313e-16 -1
		outer loop
			vertex 13.016242027282715 2.1499998569488525 4.1078255087504344e-16
			vertex 12.959904670715332 2.2669864892959595 3.848063003140202e-16
			vertex 12.987348556518555 2.2765897512435913 3.826739478088667e-16
		endloop
	endfacet
	facet normal 0 -2.220446049250313e-16 -1
		outer loop
			vertex 13.016242027282715 2.1499998569488525 4.1078255087504344e-16
			vertex 12.987348556518555 2.2765897512435913 3.826739478088667e-16
			vertex 13.016242027282715 2.2798452377319336 3.8195108459772396e-16
		endloop
	endfacet
	facet normal 0 -2.220446049250313e-16 -1
		outer loop
			vertex 12.889652252197266 2.178893208503723 4.0436693804408216e-16
			vertex 12.899255752563477 2.2063376903533936 3.982730389143999e-16
			vertex 13.016242027282715 2.1499998569488525 4.1078255087504344e-16
		endloop
	endfacet
	facet normal 0 -2.220446049250313e-16 -1
		outer loop
			vertex 13.016242027282715 2.1499998569488525 4.1078255087504344e-16
			vertex 12.899255752563477 2.2063376903533936 3.982730389143999e-16
			vertex 12.914725303649902 2.2309571504592896 3.9280642062171865e-16
		endloop
	endfacet
	facet normal 0 -2.220446049250313e-16 -1
		outer loop
			vertex 13.016242027282715 2.1499998569488525 4.1078255087504344e-16
			vertex 12.914725303649902 2.2309571504592896 3.9280642062171865e-16
			vertex 12.935285568237305 2.2515170574188232 3.882412042035936e-16
		endloop
	endfacet
	facet normal 0 -2.220446049250313e-16 -1
		outer loop
			vertex 12.899255752563477 2.093662142753601 4.232920363659074e-16
			vertex 12.889652252197266 2.1211066246032715 4.171981372362251e-16
			vertex 13.016242027282715 2.1499998569488525 4.1078255087504344e-16
		endloop
	endfacet
	facet normal 0 -2.220446049250313e-16 -1
		outer loop
			vertex 13.016242027282715 2.1499998569488525 4.1078255087504344e-16
			vertex 12.889652252197266 2.1211066246032715 4.171981372362251e-16
			vertex 12.886397361755371 2.1499998569488525 4.1078255087504344e-16
		endloop
	endfacet
	facet normal 0 -2.220446049250313e-16 -1
		outer loop
			vertex 13.016242027282715 2.1499998569488525 4.1078255087504344e-16
			vertex 12.886397361755371 2.1499998569488525 4.1078255087504344e-16
			vertex 12.889652252197266 2.178893208503723 4.0436693804408216e-16
		endloop
	endfacet
	facet normal 0 -2.220446049250313e-16 -1
		outer loop
			vertex 12.959904670715332 2.0330132246017456 4.367588014360667e-16
			vertex 12.935285568237305 2.0484827756881714 4.333238710767137e-16
			vertex 13.016242027282715 2.1499998569488525 4.1078255087504344e-16
		endloop
	endfacet
	facet normal 0 -2.220446049250313e-16 -1
		outer loop
			vertex 13.016242027282715 2.1499998569488525 4.1078255087504344e-16
			vertex 12.935285568237305 2.0484827756881714 4.333238710767137e-16
			vertex 12.914725303649902 2.069042682647705 4.2875865465858863e-16
		endloop
	endfacet
	facet normal 0 -2.220446049250313e-16 -1
		outer loop
			vertex 13.016242027282715 2.1499998569488525 4.1078255087504344e-16
			vertex 12.914725303649902 2.069042682647705 4.2875865465858863e-16
			vertex 12.899255752563477 2.093662142753601 4.232920363659074e-16
		endloop
	endfacet
	facet normal 0 -2.220446049250313e-16 -1
		outer loop
			vertex 13.045135498046875 2.0234100818634033 4.388911274714406e-16
			vertex 13.016242027282715 2.020154595375061 4.3961399068258333e-16
			vertex 13.016242027282715 2.1499998569488525 4.1078255087504344e-16
		endloop
	endfacet
	facet normal 0 -2.220446049250313e-16 -1
		outer loop
			vertex 13.016242027282715 2.1499998569488525 4.1078255087504344e-16
			vertex 13.016242027282715 2.020154595375061 4.3961399068258333e-16
			vertex 12.987348556518555 2.0234100818634033 4.388911274714406e-16
		endloop
	endfacet
	facet normal 0 -2.220446049250313e-16 -1
		outer loop
			vertex 13.016242027282715 2.1499998569488525 4.1078255087504344e-16
			vertex 12.987348556518555 2.0234100818634033 4.388911274714406e-16
			vertex 12.959904670715332 2.0330132246017456 4.367588014360667e-16
		endloop
	endfacet
	facet normal 0 -2.220446049250313e-16 -1
		outer loop
			vertex 13.117759704589844 2.069042682647705 4.2875865465858863e-16
			vertex 13.097199440002441 2.0484827756881714 4.333238710767137e-16
			vertex 13.016242027282715 2.1499998569488525 4.1078255087504344e-16
		endloop
	endfacet
	facet normal 0 -2.220446049250313e-16 -1
		outer loop
			vertex 13.016242027282715 2.1499998569488525 4.1078255087504344e-16
			vertex 13.097199440002441 2.0484827756881714 4.333238710767137e-16
			vertex 13.072580337524414 2.0330132246017456 4.367588014360667e-16
		endloop
	endfacet
	facet normal 0 -2.220446049250313e-16 -1
		outer loop
			vertex 13.016242027282715 2.1499998569488525 4.1078255087504344e-16
			vertex 13.072580337524414 2.0330132246017456 4.367588014360667e-16
			vertex 13.045135498046875 2.0234100818634033 4.388911274714406e-16
		endloop
	endfacet
	facet normal 0 -2.220446049250313e-16 -1
		outer loop
			vertex 13.146088600158691 2.1499998569488525 4.1078255087504344e-16
			vertex 13.14283275604248 2.1211066246032715 4.171981372362251e-16
			vertex 13.016242027282715 2.1499998569488525 4.1078255087504344e-16
		endloop
	endfacet
	facet normal 0 -2.220446049250313e-16 -1
		outer loop
			vertex 13.016242027282715 2.1499998569488525 4.1078255087504344e-16
			vertex 13.14283275604248 2.1211066246032715 4.171981372362251e-16
			vertex 13.13322925567627 2.093662142753601 4.232920363659074e-16
		endloop
	endfacet
	facet normal 0 -2.220446049250313e-16 -1
		outer loop
			vertex 13.016242027282715 2.1499998569488525 4.1078255087504344e-16
			vertex 13.13322925567627 2.093662142753601 4.232920363659074e-16
			vertex 13.117759704589844 2.069042682647705 4.2875865465858863e-16
		endloop
	endfacet
	facet normal 0 -2.220446049250313e-16 -1
		outer loop
			vertex 13.117759704589844 2.2309571504592896 3.9280642062171865e-16
			vertex 13.13322925567627 2.2063376903533936 3.982730389143999e-16
			vertex 13.016242027282715 2.1499998569488525 4.1078255087504344e-16
		endloop
	endfacet
	facet normal 0 -2.220446049250313e-16 -1
		outer loop
			vertex 13.016242027282715 2.1499998569488525 4.1078255087504344e-16
			vertex 13.13322925567627 2.2063376903533936 3.982730389143999e-16
			vertex 13.14283275604248 2.178893208503723 4.0436693804408216e-16
		endloop
	endfacet
	facet normal 0 -2.220446049250313e-16 -1
		outer loop
			vertex 13.016242027282715 2.1499998569488525 4.1078255087504344e-16
			vertex 13.14283275604248 2.178893208503723 4.0436693804408216e-16
			vertex 13.146088600158691 2.1499998569488525 4.1078255087504344e-16
		endloop
	endfacet
	facet normal 0 -2.220446049250313e-16 -1
		outer loop
			vertex 13.045135498046875 2.2765897512435913 3.826739478088667e-16
			vertex 13.072580337524414 2.2669864892959595 3.848063003140202e-16
			vertex 13.016242027282715 2.1499998569488525 4.1078255087504344e-16
		endloop
	endfacet
	facet normal 0 -2.220446049250313e-16 -1
		outer loop
			vertex 13.016242027282715 2.1499998569488525 4.1078255087504344e-16
			vertex 13.072580337524414 2.2669864892959595 3.848063003140202e-16
			vertex 13.097199440002441 2.2515170574188232 3.882412042035936e-16
		endloop
	endfacet
	facet normal 0 -2.220446049250313e-16 -1
		outer loop
			vertex 13.016242027282715 2.1499998569488525 4.1078255087504344e-16
			vertex 13.097199440002441 2.2515170574188232 3.882412042035936e-16
			vertex 13.117759704589844 2.2309571504592896 3.9280642062171865e-16
		endloop
	endfacet
	facet normal -5.660339194938696e-17 2.1124515120090718e-16 1
		outer loop
			vertex 11.431241989135742 1.7374165058135986 0.09999999403953602
			vertex 11.366242408752441 1.7199997901916504 0.09999999403953602
			vertex 11.533966064453125 1.239380121231079 0.09999999403953613
		endloop
	endfacet
	facet normal 6.575240227001506e-17 5.514154765545806e-16 1
		outer loop
			vertex 11.766690254211426 2.0374165773391724 0.09999999403953595
			vertex 11.701689720153809 2.019999861717224 0.09999999403953597
			vertex 11.869413375854492 2 0.09999999403953597
		endloop
	endfacet
	facet normal 6.575269937165916e-17 5.514179681205009e-16 1
		outer loop
			vertex 12.102137565612793 2.0374165773391724 0.09999999403953595
			vertex 12.037137985229492 2.019999861717224 0.09999999403953597
			vertex 12.204861640930176 2 0.09999999403953597
		endloop
	endfacet
	facet normal 6.575214354367096e-17 5.514164421413712e-16 1
		outer loop
			vertex 12.437585830688477 2.0374165773391724 0.09999999403953595
			vertex 12.37258529663086 2.019999861717224 0.09999999403953597
			vertex 12.54030990600586 2 0.09999999403953597
		endloop
	endfacet
	facet normal 6.575269937165916e-17 5.514179681205009e-16 1
		outer loop
			vertex 12.773033142089844 2.0374165773391724 0.09999999403953595
			vertex 12.708033561706543 2.019999861717224 0.09999999403953597
			vertex 12.875757217407227 2 0.09999999403953597
		endloop
	endfacet
	facet normal 0 2.229200634720301e-16 1
		outer loop
			vertex 13.273481369018555 1.239380121231079 0.09999999403953613
			vertex 13.108480453491211 1.7374165058135986 0.09999999403953602
			vertex 12.875757217407227 1.239380121231079 0.09999999403953613
		endloop
	endfacet
	facet normal -6.828108177233892e-17 2.5482655626109456e-16 1
		outer loop
			vertex 12.875757217407227 1.239380121231079 0.09999999403953613
			vertex 13.108480453491211 1.7374165058135986 0.09999999403953602
			vertex 13.04348087310791 1.7199997901916504 0.09999999403953602
		endloop
	endfacet
	facet normal 5.660339194938696e-17 2.1124515120090718e-16 1
		outer loop
			vertex 12.875757217407227 1.239380121231079 0.09999999403953613
			vertex 13.04348087310791 1.7199997901916504 0.09999999403953602
			vertex 12.97848129272461 1.7374165058135986 0.09999999403953602
		endloop
	endfacet
	facet normal 6.575297059235636e-17 5.51416955918666e-16 1
		outer loop
			vertex 12.875757217407227 2 0.09999999403953597
			vertex 12.97848129272461 1.962583303451538 0.09999999403953598
			vertex 13.04348087310791 1.9800000190734863 0.09999999403953597
		endloop
	endfacet
	facet normal -5.697941371317132e-17 2.346725333055716e-16 1
		outer loop
			vertex 12.97848129272461 1.7374165058135986 0.09999999403953602
			vertex 12.93089771270752 1.7849998474121094 0.09999999403953601
			vertex 12.875757217407227 1.239380121231079 0.09999999403953613
		endloop
	endfacet
	facet normal 4.17598511082637e-17 2.2469391320334626e-16 1
		outer loop
			vertex 12.875757217407227 1.239380121231079 0.09999999403953613
			vertex 12.93089771270752 1.7849998474121094 0.09999999403953601
			vertex 12.913480758666992 1.8499999046325684 0.099999994039536
		endloop
	endfacet
	facet normal 1.3482571525258608e-16 2.189443877844888e-16 1
		outer loop
			vertex 12.875757217407227 1.239380121231079 0.09999999403953613
			vertex 12.913480758666992 1.8499999046325684 0.099999994039536
			vertex 12.875757217407227 2 0.09999999403953597
		endloop
	endfacet
	facet normal 5.4803290692463456e-17 1.988195390155213e-16 1
		outer loop
			vertex 12.875757217407227 2 0.09999999403953597
			vertex 12.913480758666992 1.8499999046325684 0.099999994039536
			vertex 12.93089771270752 1.9149999618530273 0.09999999403953598
		endloop
	endfacet
	facet normal -9.902734983961488e-17 9.902784602082553e-17 1
		outer loop
			vertex 12.875757217407227 2 0.09999999403953597
			vertex 12.93089771270752 1.9149999618530273 0.09999999403953598
			vertex 12.97848129272461 1.962583303451538 0.09999999403953598
		endloop
	endfacet
	facet normal -5.231128402633687e-17 6.015816371019594e-16 1
		outer loop
			vertex 13.04348087310791 1.9800000190734863 0.09999999403953597
			vertex 13.108480453491211 1.962583303451538 0.09999999403953598
			vertex 13.273481369018555 2 0.09999999403953597
		endloop
	endfacet
	facet normal 6.855986195136845e-17 6.856157956349076e-17 1
		outer loop
			vertex 13.108480453491211 1.962583303451538 0.09999999403953598
			vertex 13.156064987182617 1.9149999618530273 0.09999999403953598
			vertex 13.273481369018555 2 0.09999999403953597
		endloop
	endfacet
	facet normal -3.045899100786889e-17 2.053431116836907e-16 1
		outer loop
			vertex 13.273481369018555 2 0.09999999403953597
			vertex 13.156064987182617 1.9149999618530273 0.09999999403953598
			vertex 13.173480987548828 1.8499999046325684 0.099999994039536
		endloop
	endfacet
	facet normal -5.086084030337499e-17 2.1894438778448882e-16 1
		outer loop
			vertex 13.273481369018555 2 0.09999999403953597
			vertex 13.173480987548828 1.8499999046325684 0.099999994039536
			vertex 13.273481369018555 1.239380121231079 0.09999999403953613
		endloop
	endfacet
	facet normal -3.189562129787461e-17 2.220502962184446e-16 1
		outer loop
			vertex 13.273481369018555 1.239380121231079 0.09999999403953613
			vertex 13.173480987548828 1.8499999046325684 0.099999994039536
			vertex 13.156064987182617 1.7849998474121094 0.09999999403953601
		endloop
	endfacet
	facet normal 5.162677395924359e-17 2.4002416516560226e-16 1
		outer loop
			vertex 13.273481369018555 1.239380121231079 0.09999999403953613
			vertex 13.156064987182617 1.7849998474121094 0.09999999403953601
			vertex 13.108480453491211 1.7374165058135986 0.09999999403953602
		endloop
	endfacet
	facet normal 0 0 1
		outer loop
			vertex 13.04348087310791 1.9800000190734863 0.09999999403953597
			vertex 13.273481369018555 2 0.09999999403953597
			vertex 12.875757217407227 2 0.09999999403953597
		endloop
	endfacet
	facet normal 0 0 1
		outer loop
			vertex 12.875757217407227 2 0.09999999403953597
			vertex 13.273481369018555 2 0.09999999403953597
			vertex 13.04348087310791 2.019999861717224 0.09999999403953597
		endloop
	endfacet
	facet normal -6.575269937165916e-17 5.514179681205009e-16 1
		outer loop
			vertex 12.875757217407227 2 0.09999999403953597
			vertex 13.04348087310791 2.019999861717224 0.09999999403953597
			vertex 12.97848129272461 2.0374165773391724 0.09999999403953595
		endloop
	endfacet
	facet normal 4.6654996169392804e-17 2.1912299104976827e-16 1
		outer loop
			vertex 13.273481369018555 3.1399998664855957 0.09999999403953572
			vertex 13.156064987182617 2.2149999141693115 0.09999999403953592
			vertex 13.273481369018555 2 0.09999999403953597
		endloop
	endfacet
	facet normal 7.139361817763745e-17 2.3263331964239983e-16 1
		outer loop
			vertex 13.273481369018555 2 0.09999999403953597
			vertex 13.156064987182617 2.2149999141693115 0.09999999403953592
			vertex 13.173480987548828 2.1499998569488525 0.09999999403953594
		endloop
	endfacet
	facet normal 3.0459044734087456e-17 2.053434738857379e-16 1
		outer loop
			vertex 13.173480987548828 2.1499998569488525 0.09999999403953594
			vertex 13.156064987182617 2.084999918937683 0.09999999403953595
			vertex 13.273481369018555 2 0.09999999403953597
		endloop
	endfacet
	facet normal -6.855990232900195e-17 6.856161994213582e-17 1
		outer loop
			vertex 13.273481369018555 2 0.09999999403953597
			vertex 13.156064987182617 2.084999918937683 0.09999999403953595
			vertex 13.108480453491211 2.0374165773391724 0.09999999403953595
		endloop
	endfacet
	facet normal 5.23110486205569e-17 6.015825156417054e-16 1
		outer loop
			vertex 13.273481369018555 2 0.09999999403953597
			vertex 13.108480453491211 2.0374165773391724 0.09999999403953595
			vertex 13.04348087310791 2.019999861717224 0.09999999403953597
		endloop
	endfacet
	facet normal -3.5232719517077274e-17 2.2294494934390545e-16 1
		outer loop
			vertex 12.93089771270752 2.2149999141693115 0.09999999403953592
			vertex 12.875757217407227 3.1399998664855957 0.09999999403953572
			vertex 12.913480758666992 2.1499998569488525 0.09999999403953594
		endloop
	endfacet
	facet normal -1.355345104223863e-16 2.1912299104976827e-16 1
		outer loop
			vertex 12.913480758666992 2.1499998569488525 0.09999999403953594
			vertex 12.875757217407227 3.1399998664855957 0.09999999403953572
			vertex 12.875757217407227 2 0.09999999403953597
		endloop
	endfacet
	facet normal -5.480338428824991e-17 1.9881987856942182e-16 1
		outer loop
			vertex 12.913480758666992 2.1499998569488525 0.09999999403953594
			vertex 12.875757217407227 2 0.09999999403953597
			vertex 12.93089771270752 2.084999918937683 0.09999999403953595
		endloop
	endfacet
	facet normal 9.902743407658078e-17 9.90279302582135e-17 1
		outer loop
			vertex 12.93089771270752 2.084999918937683 0.09999999403953595
			vertex 12.875757217407227 2 0.09999999403953597
			vertex 12.97848129272461 2.0374165773391724 0.09999999403953595
		endloop
	endfacet
	facet normal 6.285955534726827e-17 2.2879236220874746e-16 1
		outer loop
			vertex 12.93089771270752 2.2149999141693115 0.09999999403953592
			vertex 12.97848129272461 2.2625832557678223 0.09999999403953591
			vertex 12.875757217407227 3.1399998664855957 0.09999999403953572
		endloop
	endfacet
	facet normal -5.752854752832903e-17 2.1469785294593213e-16 1
		outer loop
			vertex 12.875757217407227 3.1399998664855957 0.09999999403953572
			vertex 12.97848129272461 2.2625832557678223 0.09999999403953591
			vertex 13.04348087310791 2.2799999713897705 0.09999999403953591
		endloop
	endfacet
	facet normal 0 2.259175034989438e-16 1
		outer loop
			vertex 12.875757217407227 3.1399998664855957 0.09999999403953572
			vertex 13.04348087310791 2.2799999713897705 0.09999999403953591
			vertex 13.273481369018555 3.1399998664855957 0.09999999403953572
		endloop
	endfacet
	facet normal 5.64869267210087e-17 2.1081050030930667e-16 1
		outer loop
			vertex 13.273481369018555 3.1399998664855957 0.09999999403953572
			vertex 13.04348087310791 2.2799999713897705 0.09999999403953591
			vertex 13.108480453491211 2.2625832557678223 0.09999999403953591
		endloop
	endfacet
	facet normal -5.910317441439078e-17 2.325475774061682e-16 1
		outer loop
			vertex 13.273481369018555 3.1399998664855957 0.09999999403953572
			vertex 13.108480453491211 2.2625832557678223 0.09999999403953591
			vertex 13.156064987182617 2.2149999141693115 0.09999999403953592
		endloop
	endfacet
	facet normal 5.660263249057943e-17 2.1124541623210705e-16 1
		outer loop
			vertex 12.643033027648926 1.7374165058135986 0.09999999403953602
			vertex 12.54030990600586 1.239380121231079 0.09999999403953613
			vertex 12.708033561706543 1.7199997901916504 0.09999999403953602
		endloop
	endfacet
	facet normal 0 2.309982500354633e-16 1
		outer loop
			vertex 12.708033561706543 1.7199997901916504 0.09999999403953602
			vertex 12.54030990600586 1.239380121231079 0.09999999403953613
			vertex 12.875757217407227 1.239380121231079 0.09999999403953613
		endloop
	endfacet
	facet normal -5.660339194938696e-17 2.1124515120090718e-16 1
		outer loop
			vertex 12.708033561706543 1.7199997901916504 0.09999999403953602
			vertex 12.875757217407227 1.239380121231079 0.09999999403953613
			vertex 12.773033142089844 1.7374165058135986 0.09999999403953602
		endloop
	endfacet
	facet normal 6.575267348826123e-17 5.514144643470421e-16 1
		outer loop
			vertex 12.54030990600586 2 0.09999999403953597
			vertex 12.643033027648926 1.962583303451538 0.09999999403953598
			vertex 12.708033561706543 1.9800000190734863 0.09999999403953597
		endloop
	endfacet
	facet normal -5.698045090228301e-17 2.3467263812421833e-16 1
		outer loop
			vertex 12.643033027648926 1.7374165058135986 0.09999999403953602
			vertex 12.595450401306152 1.7849998474121094 0.09999999403953601
			vertex 12.54030990600586 1.239380121231079 0.09999999403953613
		endloop
	endfacet
	facet normal 4.17598511082637e-17 2.2469391320334626e-16 1
		outer loop
			vertex 12.54030990600586 1.239380121231079 0.09999999403953613
			vertex 12.595450401306152 1.7849998474121094 0.09999999403953601
			vertex 12.578033447265625 1.8499999046325684 0.099999994039536
		endloop
	endfacet
	facet normal 1.3482571525258608e-16 2.189443877844888e-16 1
		outer loop
			vertex 12.54030990600586 1.239380121231079 0.09999999403953613
			vertex 12.578033447265625 1.8499999046325684 0.099999994039536
			vertex 12.54030990600586 2 0.09999999403953597
		endloop
	endfacet
	facet normal 5.4803290692463456e-17 1.988195390155213e-16 1
		outer loop
			vertex 12.54030990600586 2 0.09999999403953597
			vertex 12.578033447265625 1.8499999046325684 0.099999994039536
			vertex 12.595450401306152 1.9149999618530273 0.09999999403953598
		endloop
	endfacet
	facet normal -9.902855365425211e-17 9.902706509252487e-17 1
		outer loop
			vertex 12.54030990600586 2 0.09999999403953597
			vertex 12.595450401306152 1.9149999618530273 0.09999999403953598
			vertex 12.643033027648926 1.962583303451538 0.09999999403953598
		endloop
	endfacet
	facet normal -6.575297059235636e-17 5.51416955918666e-16 1
		outer loop
			vertex 12.708033561706543 1.9800000190734863 0.09999999403953597
			vertex 12.773033142089844 1.962583303451538 0.09999999403953598
			vertex 12.875757217407227 2 0.09999999403953597
		endloop
	endfacet
	facet normal 9.90278797506766e-17 9.902639119907923e-17 1
		outer loop
			vertex 12.773033142089844 1.962583303451538 0.09999999403953598
			vertex 12.820615768432617 1.9149999618530273 0.09999999403953598
			vertex 12.875757217407227 2 0.09999999403953597
		endloop
	endfacet
	facet normal -5.480261992504507e-17 1.9881971874959844e-16 1
		outer loop
			vertex 12.875757217407227 2 0.09999999403953597
			vertex 12.820615768432617 1.9149999618530273 0.09999999403953598
			vertex 12.838032722473145 1.8499999046325684 0.099999994039536
		endloop
	endfacet
	facet normal -1.3482230686177654e-16 2.1894438778448882e-16 1
		outer loop
			vertex 12.875757217407227 2 0.09999999403953597
			vertex 12.838032722473145 1.8499999046325684 0.099999994039536
			vertex 12.875757217407227 1.239380121231079 0.09999999403953613
		endloop
	endfacet
	facet normal -4.1759653308850894e-17 2.2469386020241935e-16 1
		outer loop
			vertex 12.875757217407227 1.239380121231079 0.09999999403953613
			vertex 12.838032722473145 1.8499999046325684 0.099999994039536
			vertex 12.820615768432617 1.7849998474121094 0.09999999403953601
		endloop
	endfacet
	facet normal 5.698036044781178e-17 2.346727285773299e-16 1
		outer loop
			vertex 12.875757217407227 1.239380121231079 0.09999999403953613
			vertex 12.820615768432617 1.7849998474121094 0.09999999403953601
			vertex 12.773033142089844 1.7374165058135986 0.09999999403953602
		endloop
	endfacet
	facet normal 0 0 1
		outer loop
			vertex 12.708033561706543 1.9800000190734863 0.09999999403953597
			vertex 12.875757217407227 2 0.09999999403953597
			vertex 12.54030990600586 2 0.09999999403953597
		endloop
	endfacet
	facet normal 0 0 1
		outer loop
			vertex 12.54030990600586 2 0.09999999403953597
			vertex 12.875757217407227 2 0.09999999403953597
			vertex 12.708033561706543 2.019999861717224 0.09999999403953597
		endloop
	endfacet
	facet normal -6.575240227001506e-17 5.514154765545806e-16 1
		outer loop
			vertex 12.54030990600586 2 0.09999999403953597
			vertex 12.708033561706543 2.019999861717224 0.09999999403953597
			vertex 12.643033027648926 2.0374165773391724 0.09999999403953595
		endloop
	endfacet
	facet normal 3.523260862342803e-17 2.229449196296302e-16 1
		outer loop
			vertex 12.875757217407227 3.1399998664855957 0.09999999403953572
			vertex 12.820615768432617 2.2149999141693115 0.09999999403953592
			vertex 12.838032722473145 2.1499998569488525 0.09999999403953594
		endloop
	endfacet
	facet normal 1.3553108411325206e-16 2.1912299104976827e-16 1
		outer loop
			vertex 12.875757217407227 3.1399998664855957 0.09999999403953572
			vertex 12.838032722473145 2.1499998569488525 0.09999999403953594
			vertex 12.875757217407227 2 0.09999999403953597
		endloop
	endfacet
	facet normal 5.480271351977055e-17 1.9882005830411287e-16 1
		outer loop
			vertex 12.875757217407227 2 0.09999999403953597
			vertex 12.838032722473145 2.1499998569488525 0.09999999403953594
			vertex 12.820615768432617 2.084999918937683 0.09999999403953595
		endloop
	endfacet
	facet normal -9.902796398685571e-17 9.902647543399213e-17 1
		outer loop
			vertex 12.875757217407227 2 0.09999999403953597
			vertex 12.820615768432617 2.084999918937683 0.09999999403953595
			vertex 12.773033142089844 2.0374165773391724 0.09999999403953595
		endloop
	endfacet
	facet normal -3.5232719517077274e-17 2.2294494934390545e-16 1
		outer loop
			vertex 12.595450401306152 2.2149999141693115 0.09999999403953592
			vertex 12.54030990600586 3.1399998664855957 0.09999999403953572
			vertex 12.578033447265625 2.1499998569488525 0.09999999403953594
		endloop
	endfacet
	facet normal -1.355345104223863e-16 2.1912299104976827e-16 1
		outer loop
			vertex 12.578033447265625 2.1499998569488525 0.09999999403953594
			vertex 12.54030990600586 3.1399998664855957 0.09999999403953572
			vertex 12.54030990600586 2 0.09999999403953597
		endloop
	endfacet
	facet normal -5.480338428824991e-17 1.9881987856942182e-16 1
		outer loop
			vertex 12.578033447265625 2.1499998569488525 0.09999999403953594
			vertex 12.54030990600586 2 0.09999999403953597
			vertex 12.595450401306152 2.084999918937683 0.09999999403953595
		endloop
	endfacet
	facet normal 9.902863789157772e-17 9.902714932858425e-17 1
		outer loop
			vertex 12.595450401306152 2.084999918937683 0.09999999403953595
			vertex 12.54030990600586 2 0.09999999403953597
			vertex 12.643033027648926 2.0374165773391724 0.09999999403953595
		endloop
	endfacet
	facet normal 6.286074433127621e-17 2.287924330856885e-16 1
		outer loop
			vertex 12.595450401306152 2.2149999141693115 0.09999999403953592
			vertex 12.643033027648926 2.2625832557678223 0.09999999403953591
			vertex 12.54030990600586 3.1399998664855957 0.09999999403953572
		endloop
	endfacet
	facet normal -5.752774539842302e-17 2.1469800938334677e-16 1
		outer loop
			vertex 12.54030990600586 3.1399998664855957 0.09999999403953572
			vertex 12.643033027648926 2.2625832557678223 0.09999999403953591
			vertex 12.708033561706543 2.2799999713897705 0.09999999403953591
		endloop
	endfacet
	facet normal 0 2.259175034989438e-16 1
		outer loop
			vertex 12.54030990600586 3.1399998664855957 0.09999999403953572
			vertex 12.708033561706543 2.2799999713897705 0.09999999403953591
			vertex 12.875757217407227 3.1399998664855957 0.09999999403953572
		endloop
	endfacet
	facet normal 5.752854752832903e-17 2.1469785294593213e-16 1
		outer loop
			vertex 12.875757217407227 3.1399998664855957 0.09999999403953572
			vertex 12.708033561706543 2.2799999713897705 0.09999999403953591
			vertex 12.773033142089844 2.2625832557678223 0.09999999403953591
		endloop
	endfacet
	facet normal -6.286068316711384e-17 2.287924942489315e-16 1
		outer loop
			vertex 12.875757217407227 3.1399998664855957 0.09999999403953572
			vertex 12.773033142089844 2.2625832557678223 0.09999999403953591
			vertex 12.820615768432617 2.2149999141693115 0.09999999403953592
		endloop
	endfacet
	facet normal 5.660339194938696e-17 2.1124515120090718e-16 1
		outer loop
			vertex 12.307585716247559 1.7374165058135986 0.09999999403953602
			vertex 12.204861640930176 1.239380121231079 0.09999999403953613
			vertex 12.37258529663086 1.7199997901916504 0.09999999403953602
		endloop
	endfacet
	facet normal 0 2.309982500354633e-16 1
		outer loop
			vertex 12.37258529663086 1.7199997901916504 0.09999999403953602
			vertex 12.204861640930176 1.239380121231079 0.09999999403953613
			vertex 12.54030990600586 1.239380121231079 0.09999999403953613
		endloop
	endfacet
	facet normal -5.660260496966211e-17 2.1124531352190828e-16 1
		outer loop
			vertex 12.37258529663086 1.7199997901916504 0.09999999403953602
			vertex 12.54030990600586 1.239380121231079 0.09999999403953613
			vertex 12.437585830688477 1.7374165058135986 0.09999999403953602
		endloop
	endfacet
	facet normal -5.697941371317132e-17 2.346725333055716e-16 1
		outer loop
			vertex 12.307585716247559 1.7374165058135986 0.09999999403953602
			vertex 12.260002136230469 1.7849998474121094 0.09999999403953601
			vertex 12.204861640930176 1.239380121231079 0.09999999403953613
		endloop
	endfacet
	facet normal 4.17598511082637e-17 2.2469391320334626e-16 1
		outer loop
			vertex 12.204861640930176 1.239380121231079 0.09999999403953613
			vertex 12.260002136230469 1.7849998474121094 0.09999999403953601
			vertex 12.242585182189941 1.8499999046325684 0.099999994039536
		endloop
	endfacet
	facet normal 1.3482571525258608e-16 2.189443877844888e-16 1
		outer loop
			vertex 12.204861640930176 1.239380121231079 0.09999999403953613
			vertex 12.242585182189941 1.8499999046325684 0.099999994039536
			vertex 12.204861640930176 2 0.09999999403953597
		endloop
	endfacet
	facet normal 5.4803290692463456e-17 1.988195390155213e-16 1
		outer loop
			vertex 12.242585182189941 1.8499999046325684 0.099999994039536
			vertex 12.260002136230469 1.9149999618530273 0.09999999403953598
			vertex 12.204861640930176 2 0.09999999403953597
		endloop
	endfacet
	facet normal -9.902734983961488e-17 9.902784602082553e-17 1
		outer loop
			vertex 12.204861640930176 2 0.09999999403953597
			vertex 12.260002136230469 1.9149999618530273 0.09999999403953598
			vertex 12.307585716247559 1.962583303451538 0.09999999403953598
		endloop
	endfacet
	facet normal 6.575297059235636e-17 5.51416955918666e-16 1
		outer loop
			vertex 12.204861640930176 2 0.09999999403953597
			vertex 12.307585716247559 1.962583303451538 0.09999999403953598
			vertex 12.37258529663086 1.9800000190734863 0.09999999403953597
		endloop
	endfacet
	facet normal -6.575241476132487e-17 5.514154299360431e-16 1
		outer loop
			vertex 12.54030990600586 2 0.09999999403953597
			vertex 12.37258529663086 1.9800000190734863 0.09999999403953597
			vertex 12.437585830688477 1.962583303451538 0.09999999403953598
		endloop
	endfacet
	facet normal 9.90278797506766e-17 9.902639119907923e-17 1
		outer loop
			vertex 12.437585830688477 1.962583303451538 0.09999999403953598
			vertex 12.48516845703125 1.9149999618530273 0.09999999403953598
			vertex 12.54030990600586 2 0.09999999403953597
		endloop
	endfacet
	facet normal -5.480261992504507e-17 1.9881971874959844e-16 1
		outer loop
			vertex 12.54030990600586 2 0.09999999403953597
			vertex 12.48516845703125 1.9149999618530273 0.09999999403953598
			vertex 12.502585411071777 1.8499999046325684 0.099999994039536
		endloop
	endfacet
	facet normal -1.3482230686177654e-16 2.1894438778448882e-16 1
		outer loop
			vertex 12.54030990600586 2 0.09999999403953597
			vertex 12.502585411071777 1.8499999046325684 0.099999994039536
			vertex 12.54030990600586 1.239380121231079 0.09999999403953613
		endloop
	endfacet
	facet normal -4.1759653308850894e-17 2.2469386020241935e-16 1
		outer loop
			vertex 12.54030990600586 1.239380121231079 0.09999999403953613
			vertex 12.502585411071777 1.8499999046325684 0.099999994039536
			vertex 12.48516845703125 1.7849998474121094 0.09999999403953601
		endloop
	endfacet
	facet normal 5.698036044781178e-17 2.346727285773299e-16 1
		outer loop
			vertex 12.54030990600586 1.239380121231079 0.09999999403953613
			vertex 12.48516845703125 1.7849998474121094 0.09999999403953601
			vertex 12.437585830688477 1.7374165058135986 0.09999999403953602
		endloop
	endfacet
	facet normal 0 0 1
		outer loop
			vertex 12.37258529663086 1.9800000190734863 0.09999999403953597
			vertex 12.54030990600586 2 0.09999999403953597
			vertex 12.204861640930176 2 0.09999999403953597
		endloop
	endfacet
	facet normal 0 0 1
		outer loop
			vertex 12.204861640930176 2 0.09999999403953597
			vertex 12.54030990600586 2 0.09999999403953597
			vertex 12.37258529663086 2.019999861717224 0.09999999403953597
		endloop
	endfacet
	facet normal -6.575269937165916e-17 5.514179681205009e-16 1
		outer loop
			vertex 12.204861640930176 2 0.09999999403953597
			vertex 12.37258529663086 2.019999861717224 0.09999999403953597
			vertex 12.307585716247559 2.0374165773391724 0.09999999403953595
		endloop
	endfacet
	facet normal 3.523260862342803e-17 2.229449196296302e-16 1
		outer loop
			vertex 12.54030990600586 3.1399998664855957 0.09999999403953572
			vertex 12.48516845703125 2.2149999141693115 0.09999999403953592
			vertex 12.502585411071777 2.1499998569488525 0.09999999403953594
		endloop
	endfacet
	facet normal 1.3553108411325206e-16 2.1912299104976827e-16 1
		outer loop
			vertex 12.54030990600586 3.1399998664855957 0.09999999403953572
			vertex 12.502585411071777 2.1499998569488525 0.09999999403953594
			vertex 12.54030990600586 2 0.09999999403953597
		endloop
	endfacet
	facet normal 5.480271351977055e-17 1.9882005830411287e-16 1
		outer loop
			vertex 12.54030990600586 2 0.09999999403953597
			vertex 12.502585411071777 2.1499998569488525 0.09999999403953594
			vertex 12.48516845703125 2.084999918937683 0.09999999403953595
		endloop
	endfacet
	facet normal -9.902796398685571e-17 9.902647543399213e-17 1
		outer loop
			vertex 12.54030990600586 2 0.09999999403953597
			vertex 12.48516845703125 2.084999918937683 0.09999999403953595
			vertex 12.437585830688477 2.0374165773391724 0.09999999403953595
		endloop
	endfacet
	facet normal -3.5232719517077274e-17 2.2294494934390545e-16 1
		outer loop
			vertex 12.260002136230469 2.2149999141693115 0.09999999403953592
			vertex 12.204861640930176 3.1399998664855957 0.09999999403953572
			vertex 12.242585182189941 2.1499998569488525 0.09999999403953594
		endloop
	endfacet
	facet normal -1.355345104223863e-16 2.1912299104976827e-16 1
		outer loop
			vertex 12.242585182189941 2.1499998569488525 0.09999999403953594
			vertex 12.204861640930176 3.1399998664855957 0.09999999403953572
			vertex 12.204861640930176 2 0.09999999403953597
		endloop
	endfacet
	facet normal -5.480338428824991e-17 1.9881987856942182e-16 1
		outer loop
			vertex 12.242585182189941 2.1499998569488525 0.09999999403953594
			vertex 12.204861640930176 2 0.09999999403953597
			vertex 12.260002136230469 2.084999918937683 0.09999999403953595
		endloop
	endfacet
	facet normal 9.902743407658078e-17 9.90279302582135e-17 1
		outer loop
			vertex 12.260002136230469 2.084999918937683 0.09999999403953595
			vertex 12.204861640930176 2 0.09999999403953597
			vertex 12.307585716247559 2.0374165773391724 0.09999999403953595
		endloop
	endfacet
	facet normal 6.285955534726827e-17 2.2879236220874746e-16 1
		outer loop
			vertex 12.260002136230469 2.2149999141693115 0.09999999403953592
			vertex 12.307585716247559 2.2625832557678223 0.09999999403953591
			vertex 12.204861640930176 3.1399998664855957 0.09999999403953572
		endloop
	endfacet
	facet normal -5.752854752832903e-17 2.1469785294593213e-16 1
		outer loop
			vertex 12.204861640930176 3.1399998664855957 0.09999999403953572
			vertex 12.307585716247559 2.2625832557678223 0.09999999403953591
			vertex 12.37258529663086 2.2799999713897705 0.09999999403953591
		endloop
	endfacet
	facet normal 0 2.259175034989438e-16 1
		outer loop
			vertex 12.204861640930176 3.1399998664855957 0.09999999403953572
			vertex 12.37258529663086 2.2799999713897705 0.09999999403953591
			vertex 12.54030990600586 3.1399998664855957 0.09999999403953572
		endloop
	endfacet
	facet normal 5.752772915392136e-17 2.1469794875760616e-16 1
		outer loop
			vertex 12.54030990600586 3.1399998664855957 0.09999999403953572
			vertex 12.37258529663086 2.2799999713897705 0.09999999403953591
			vertex 12.437585830688477 2.2625832557678223 0.09999999403953591
		endloop
	endfacet
	facet normal -6.286068316711384e-17 2.287924942489315e-16 1
		outer loop
			vertex 12.54030990600586 3.1399998664855957 0.09999999403953572
			vertex 12.437585830688477 2.2625832557678223 0.09999999403953591
			vertex 12.48516845703125 2.2149999141693115 0.09999999403953592
		endloop
	endfacet
	facet normal 5.660260496966211e-17 2.1124531352190828e-16 1
		outer loop
			vertex 11.972137451171875 1.7374165058135986 0.09999999403953602
			vertex 11.869413375854492 1.239380121231079 0.09999999403953613
			vertex 12.037137985229492 1.7199997901916504 0.09999999403953602
		endloop
	endfacet
	facet normal 0 2.309982500354633e-16 1
		outer loop
			vertex 12.037137985229492 1.7199997901916504 0.09999999403953602
			vertex 11.869413375854492 1.239380121231079 0.09999999403953613
			vertex 12.204861640930176 1.239380121231079 0.09999999403953613
		endloop
	endfacet
	facet normal -5.660339194938696e-17 2.1124515120090718e-16 1
		outer loop
			vertex 12.037137985229492 1.7199997901916504 0.09999999403953602
			vertex 12.204861640930176 1.239380121231079 0.09999999403953613
			vertex 12.102137565612793 1.7374165058135986 0.09999999403953602
		endloop
	endfacet
	facet normal -5.698036044781178e-17 2.346727285773299e-16 1
		outer loop
			vertex 11.972137451171875 1.7374165058135986 0.09999999403953602
			vertex 11.924554824829102 1.7849998474121094 0.09999999403953601
			vertex 11.869413375854492 1.239380121231079 0.09999999403953613
		endloop
	endfacet
	facet normal 4.1759653308850894e-17 2.2469386020241935e-16 1
		outer loop
			vertex 11.869413375854492 1.239380121231079 0.09999999403953613
			vertex 11.924554824829102 1.7849998474121094 0.09999999403953601
			vertex 11.907137870788574 1.8499999046325684 0.099999994039536
		endloop
	endfacet
	facet normal 1.3482230686177654e-16 2.1894438778448882e-16 1
		outer loop
			vertex 11.869413375854492 1.239380121231079 0.09999999403953613
			vertex 11.907137870788574 1.8499999046325684 0.099999994039536
			vertex 11.869413375854492 2 0.09999999403953597
		endloop
	endfacet
	facet normal -6.575297059235636e-17 5.51416955918666e-16 1
		outer loop
			vertex 12.204861640930176 2 0.09999999403953597
			vertex 12.037137985229492 1.9800000190734863 0.09999999403953597
			vertex 12.102137565612793 1.962583303451538 0.09999999403953598
		endloop
	endfacet
	facet normal 5.480261992504507e-17 1.9881971874959844e-16 1
		outer loop
			vertex 11.907137870788574 1.8499999046325684 0.099999994039536
			vertex 11.924554824829102 1.9149999618530273 0.09999999403953598
			vertex 11.869413375854492 2 0.09999999403953597
		endloop
	endfacet
	facet normal -9.90278797506766e-17 9.902639119907923e-17 1
		outer loop
			vertex 11.869413375854492 2 0.09999999403953597
			vertex 11.924554824829102 1.9149999618530273 0.09999999403953598
			vertex 11.972137451171875 1.962583303451538 0.09999999403953598
		endloop
	endfacet
	facet normal 6.575241476132487e-17 5.514154299360431e-16 1
		outer loop
			vertex 11.869413375854492 2 0.09999999403953597
			vertex 11.972137451171875 1.962583303451538 0.09999999403953598
			vertex 12.037137985229492 1.9800000190734863 0.09999999403953597
		endloop
	endfacet
	facet normal 9.902734983961488e-17 9.902784602082553e-17 1
		outer loop
			vertex 12.102137565612793 1.962583303451538 0.09999999403953598
			vertex 12.149721145629883 1.9149999618530273 0.09999999403953598
			vertex 12.204861640930176 2 0.09999999403953597
		endloop
	endfacet
	facet normal -5.4803290692463456e-17 1.988195390155213e-16 1
		outer loop
			vertex 12.204861640930176 2 0.09999999403953597
			vertex 12.149721145629883 1.9149999618530273 0.09999999403953598
			vertex 12.16713809967041 1.8499999046325684 0.099999994039536
		endloop
	endfacet
	facet normal -1.3482571525258608e-16 2.189443877844888e-16 1
		outer loop
			vertex 12.204861640930176 2 0.09999999403953597
			vertex 12.16713809967041 1.8499999046325684 0.099999994039536
			vertex 12.204861640930176 1.239380121231079 0.09999999403953613
		endloop
	endfacet
	facet normal -4.17598511082637e-17 2.2469391320334626e-16 1
		outer loop
			vertex 12.204861640930176 1.239380121231079 0.09999999403953613
			vertex 12.16713809967041 1.8499999046325684 0.099999994039536
			vertex 12.149721145629883 1.7849998474121094 0.09999999403953601
		endloop
	endfacet
	facet normal 5.697941371317132e-17 2.346725333055716e-16 1
		outer loop
			vertex 12.204861640930176 1.239380121231079 0.09999999403953613
			vertex 12.149721145629883 1.7849998474121094 0.09999999403953601
			vertex 12.102137565612793 1.7374165058135986 0.09999999403953602
		endloop
	endfacet
	facet normal 0 0 1
		outer loop
			vertex 12.037137985229492 1.9800000190734863 0.09999999403953597
			vertex 12.204861640930176 2 0.09999999403953597
			vertex 11.869413375854492 2 0.09999999403953597
		endloop
	endfacet
	facet normal 0 0 1
		outer loop
			vertex 11.869413375854492 2 0.09999999403953597
			vertex 12.204861640930176 2 0.09999999403953597
			vertex 12.037137985229492 2.019999861717224 0.09999999403953597
		endloop
	endfacet
	facet normal -6.575214354367096e-17 5.514164421413712e-16 1
		outer loop
			vertex 11.869413375854492 2 0.09999999403953597
			vertex 12.037137985229492 2.019999861717224 0.09999999403953597
			vertex 11.972137451171875 2.0374165773391724 0.09999999403953595
		endloop
	endfacet
	facet normal 5.752854752832903e-17 2.1469785294593213e-16 1
		outer loop
			vertex 12.102137565612793 2.2625832557678223 0.09999999403953591
			vertex 12.204861640930176 3.1399998664855957 0.09999999403953572
			vertex 12.037137985229492 2.2799999713897705 0.09999999403953591
		endloop
	endfacet
	facet normal 0 2.259175034989438e-16 1
		outer loop
			vertex 12.037137985229492 2.2799999713897705 0.09999999403953591
			vertex 12.204861640930176 3.1399998664855957 0.09999999403953572
			vertex 11.869413375854492 3.1399998664855957 0.09999999403953572
		endloop
	endfacet
	facet normal -5.752772915392136e-17 2.1469794875760616e-16 1
		outer loop
			vertex 12.037137985229492 2.2799999713897705 0.09999999403953591
			vertex 11.869413375854492 3.1399998664855957 0.09999999403953572
			vertex 11.972137451171875 2.2625832557678223 0.09999999403953591
		endloop
	endfacet
	facet normal 9.902796398685571e-17 9.902647543399213e-17 1
		outer loop
			vertex 11.972137451171875 2.0374165773391724 0.09999999403953595
			vertex 11.924554824829102 2.084999918937683 0.09999999403953595
			vertex 11.869413375854492 2 0.09999999403953597
		endloop
	endfacet
	facet normal -5.480271351977055e-17 1.9882005830411287e-16 1
		outer loop
			vertex 11.869413375854492 2 0.09999999403953597
			vertex 11.924554824829102 2.084999918937683 0.09999999403953595
			vertex 11.907137870788574 2.1499998569488525 0.09999999403953594
		endloop
	endfacet
	facet normal -1.3553108411325206e-16 2.1912299104976827e-16 1
		outer loop
			vertex 11.869413375854492 2 0.09999999403953597
			vertex 11.907137870788574 2.1499998569488525 0.09999999403953594
			vertex 11.869413375854492 3.1399998664855957 0.09999999403953572
		endloop
	endfacet
	facet normal -3.523260862342803e-17 2.229449196296302e-16 1
		outer loop
			vertex 11.869413375854492 3.1399998664855957 0.09999999403953572
			vertex 11.907137870788574 2.1499998569488525 0.09999999403953594
			vertex 11.924554824829102 2.2149999141693115 0.09999999403953592
		endloop
	endfacet
	facet normal 6.286068316711384e-17 2.287924942489315e-16 1
		outer loop
			vertex 11.869413375854492 3.1399998664855957 0.09999999403953572
			vertex 11.924554824829102 2.2149999141693115 0.09999999403953592
			vertex 11.972137451171875 2.2625832557678223 0.09999999403953591
		endloop
	endfacet
	facet normal -6.285955534726827e-17 2.2879236220874746e-16 1
		outer loop
			vertex 12.102137565612793 2.2625832557678223 0.09999999403953591
			vertex 12.149721145629883 2.2149999141693115 0.09999999403953592
			vertex 12.204861640930176 3.1399998664855957 0.09999999403953572
		endloop
	endfacet
	facet normal 3.5232719517077274e-17 2.2294494934390545e-16 1
		outer loop
			vertex 12.204861640930176 3.1399998664855957 0.09999999403953572
			vertex 12.149721145629883 2.2149999141693115 0.09999999403953592
			vertex 12.16713809967041 2.1499998569488525 0.09999999403953594
		endloop
	endfacet
	facet normal 1.355345104223863e-16 2.1912299104976827e-16 1
		outer loop
			vertex 12.204861640930176 3.1399998664855957 0.09999999403953572
			vertex 12.16713809967041 2.1499998569488525 0.09999999403953594
			vertex 12.204861640930176 2 0.09999999403953597
		endloop
	endfacet
	facet normal 5.480338428824991e-17 1.9881987856942182e-16 1
		outer loop
			vertex 12.204861640930176 2 0.09999999403953597
			vertex 12.16713809967041 2.1499998569488525 0.09999999403953594
			vertex 12.149721145629883 2.084999918937683 0.09999999403953595
		endloop
	endfacet
	facet normal -9.902743407658078e-17 9.90279302582135e-17 1
		outer loop
			vertex 12.204861640930176 2 0.09999999403953597
			vertex 12.149721145629883 2.084999918937683 0.09999999403953595
			vertex 12.102137565612793 2.0374165773391724 0.09999999403953595
		endloop
	endfacet
	facet normal 5.660339194938696e-17 2.1124515120090718e-16 1
		outer loop
			vertex 11.636690139770508 1.7374165058135986 0.09999999403953602
			vertex 11.533966064453125 1.239380121231079 0.09999999403953613
			vertex 11.701689720153809 1.7199997901916504 0.09999999403953602
		endloop
	endfacet
	facet normal 0 2.309982500354633e-16 1
		outer loop
			vertex 11.701689720153809 1.7199997901916504 0.09999999403953602
			vertex 11.533966064453125 1.239380121231079 0.09999999403953613
			vertex 11.869413375854492 1.239380121231079 0.09999999403953613
		endloop
	endfacet
	facet normal -5.660263249057943e-17 2.1124541623210705e-16 1
		outer loop
			vertex 11.701689720153809 1.7199997901916504 0.09999999403953602
			vertex 11.869413375854492 1.239380121231079 0.09999999403953613
			vertex 11.766690254211426 1.7374165058135986 0.09999999403953602
		endloop
	endfacet
	facet normal 6.575297059235636e-17 5.51416955918666e-16 1
		outer loop
			vertex 11.533966064453125 2 0.09999999403953597
			vertex 11.636690139770508 1.962583303451538 0.09999999403953598
			vertex 11.701689720153809 1.9800000190734863 0.09999999403953597
		endloop
	endfacet
	facet normal -5.697941371317132e-17 2.346725333055716e-16 1
		outer loop
			vertex 11.636690139770508 1.7374165058135986 0.09999999403953602
			vertex 11.589106559753418 1.7849998474121094 0.09999999403953601
			vertex 11.533966064453125 1.239380121231079 0.09999999403953613
		endloop
	endfacet
	facet normal 4.1761511538553503e-17 2.2469374539975667e-16 1
		outer loop
			vertex 11.533966064453125 1.239380121231079 0.09999999403953613
			vertex 11.589106559753418 1.7849998474121094 0.09999999403953601
			vertex 11.571690559387207 1.8499999046325684 0.099999994039536
		endloop
	endfacet
	facet normal 1.3482230686177654e-16 2.1894438778448882e-16 1
		outer loop
			vertex 11.533966064453125 1.239380121231079 0.09999999403953613
			vertex 11.571690559387207 1.8499999046325684 0.099999994039536
			vertex 11.533966064453125 2 0.09999999403953597
		endloop
	endfacet
	facet normal 5.480416787425432e-17 1.9882010805336492e-16 1
		outer loop
			vertex 11.533966064453125 2 0.09999999403953597
			vertex 11.571690559387207 1.8499999046325684 0.099999994039536
			vertex 11.589106559753418 1.9149999618530273 0.09999999403953598
		endloop
	endfacet
	facet normal -9.902734983961488e-17 9.902784602082553e-17 1
		outer loop
			vertex 11.533966064453125 2 0.09999999403953597
			vertex 11.589106559753418 1.9149999618530273 0.09999999403953598
			vertex 11.636690139770508 1.962583303451538 0.09999999403953598
		endloop
	endfacet
	facet normal -6.575267348826123e-17 5.514144643470421e-16 1
		outer loop
			vertex 11.701689720153809 1.9800000190734863 0.09999999403953597
			vertex 11.766690254211426 1.962583303451538 0.09999999403953598
			vertex 11.869413375854492 2 0.09999999403953597
		endloop
	endfacet
	facet normal 9.902802373597814e-17 9.902851992056537e-17 1
		outer loop
			vertex 11.766690254211426 1.962583303451538 0.09999999403953598
			vertex 11.814273834228516 1.9149999618530273 0.09999999403953598
			vertex 11.869413375854492 2 0.09999999403953597
		endloop
	endfacet
	facet normal -5.480396147630203e-17 1.9881935927704432e-16 1
		outer loop
			vertex 11.869413375854492 2 0.09999999403953597
			vertex 11.814273834228516 1.9149999618530273 0.09999999403953598
			vertex 11.831690788269043 1.8499999046325684 0.099999994039536
		endloop
	endfacet
	facet normal -1.348291238157324e-16 2.1894438778448882e-16 1
		outer loop
			vertex 11.869413375854492 2 0.09999999403953597
			vertex 11.831690788269043 1.8499999046325684 0.099999994039536
			vertex 11.869413375854492 1.239380121231079 0.09999999403953613
		endloop
	endfacet
	facet normal -4.1760048909550326e-17 2.246939662047753e-16 1
		outer loop
			vertex 11.869413375854492 1.239380121231079 0.09999999403953613
			vertex 11.831690788269043 1.8499999046325684 0.099999994039536
			vertex 11.814273834228516 1.7849998474121094 0.09999999403953601
		endloop
	endfacet
	facet normal 5.697950416463675e-17 2.34672442853653e-16 1
		outer loop
			vertex 11.869413375854492 1.239380121231079 0.09999999403953613
			vertex 11.814273834228516 1.7849998474121094 0.09999999403953601
			vertex 11.766690254211426 1.7374165058135986 0.09999999403953602
		endloop
	endfacet
	facet normal 0 0 1
		outer loop
			vertex 11.701689720153809 1.9800000190734863 0.09999999403953597
			vertex 11.869413375854492 2 0.09999999403953597
			vertex 11.533966064453125 2 0.09999999403953597
		endloop
	endfacet
	facet normal 0 0 1
		outer loop
			vertex 11.533966064453125 2 0.09999999403953597
			vertex 11.869413375854492 2 0.09999999403953597
			vertex 11.701689720153809 2.019999861717224 0.09999999403953597
		endloop
	endfacet
	facet normal -6.575269937165916e-17 5.514179681205009e-16 1
		outer loop
			vertex 11.533966064453125 2 0.09999999403953597
			vertex 11.701689720153809 2.019999861717224 0.09999999403953597
			vertex 11.636690139770508 2.0374165773391724 0.09999999403953595
		endloop
	endfacet
	facet normal 3.523283041142459e-17 2.229449790583677e-16 1
		outer loop
			vertex 11.869413375854492 3.1399998664855957 0.09999999403953572
			vertex 11.814273834228516 2.2149999141693115 0.09999999403953592
			vertex 11.831690788269043 2.1499998569488525 0.09999999403953594
		endloop
	endfacet
	facet normal 1.355379369047633e-16 2.1912299104976827e-16 1
		outer loop
			vertex 11.869413375854492 3.1399998664855957 0.09999999403953572
			vertex 11.831690788269043 2.1499998569488525 0.09999999403953594
			vertex 11.869413375854492 2 0.09999999403953597
		endloop
	endfacet
	facet normal 5.4804055073149465e-17 1.988196988303309e-16 1
		outer loop
			vertex 11.869413375854492 2 0.09999999403953597
			vertex 11.831690788269043 2.1499998569488525 0.09999999403953594
			vertex 11.814273834228516 2.084999918937683 0.09999999403953595
		endloop
	endfacet
	facet normal -9.90281079740905e-17 9.902860415909982e-17 1
		outer loop
			vertex 11.869413375854492 2 0.09999999403953597
			vertex 11.814273834228516 2.084999918937683 0.09999999403953595
			vertex 11.766690254211426 2.0374165773391724 0.09999999403953595
		endloop
	endfacet
	facet normal -3.523429769319317e-17 2.2294485526669764e-16 1
		outer loop
			vertex 11.589106559753418 2.2149999141693115 0.09999999403953592
			vertex 11.533966064453125 3.1399998664855957 0.09999999403953572
			vertex 11.571690559387207 2.1499998569488525 0.09999999403953594
		endloop
	endfacet
	facet normal -1.3553108411325206e-16 2.1912299104976827e-16 1
		outer loop
			vertex 11.571690559387207 2.1499998569488525 0.09999999403953594
			vertex 11.533966064453125 3.1399998664855957 0.09999999403953572
			vertex 11.533966064453125 2 0.09999999403953597
		endloop
	endfacet
	facet normal -5.480426147180674e-17 1.9882044760920908e-16 1
		outer loop
			vertex 11.571690559387207 2.1499998569488525 0.09999999403953594
			vertex 11.533966064453125 2 0.09999999403953597
			vertex 11.589106559753418 2.084999918937683 0.09999999403953595
		endloop
	endfacet
	facet normal 9.902743407658078e-17 9.90279302582135e-17 1
		outer loop
			vertex 11.589106559753418 2.084999918937683 0.09999999403953595
			vertex 11.533966064453125 2 0.09999999403953597
			vertex 11.636690139770508 2.0374165773391724 0.09999999403953595
		endloop
	endfacet
	facet normal 6.285955534726827e-17 2.2879236220874746e-16 1
		outer loop
			vertex 11.589106559753418 2.2149999141693115 0.09999999403953592
			vertex 11.636690139770508 2.2625832557678223 0.09999999403953591
			vertex 11.533966064453125 3.1399998664855957 0.09999999403953572
		endloop
	endfacet
	facet normal -5.752854752832903e-17 2.1469785294593213e-16 1
		outer loop
			vertex 11.533966064453125 3.1399998664855957 0.09999999403953572
			vertex 11.636690139770508 2.2625832557678223 0.09999999403953591
			vertex 11.701689720153809 2.2799999713897705 0.09999999403953591
		endloop
	endfacet
	facet normal 0 2.259175034989438e-16 1
		outer loop
			vertex 11.533966064453125 3.1399998664855957 0.09999999403953572
			vertex 11.701689720153809 2.2799999713897705 0.09999999403953591
			vertex 11.869413375854492 3.1399998664855957 0.09999999403953572
		endloop
	endfacet
	facet normal 5.752774539842302e-17 2.1469800938334677e-16 1
		outer loop
			vertex 11.869413375854492 3.1399998664855957 0.09999999403953572
			vertex 11.701689720153809 2.2799999713897705 0.09999999403953591
			vertex 11.766690254211426 2.2625832557678223 0.09999999403953591
		endloop
	endfacet
	facet normal -6.285961650923591e-17 2.2879230104647334e-16 1
		outer loop
			vertex 11.869413375854492 3.1399998664855957 0.09999999403953572
			vertex 11.766690254211426 2.2625832557678223 0.09999999403953591
			vertex 11.814273834228516 2.2149999141693115 0.09999999403953592
		endloop
	endfacet
	facet normal 0 2.309982500354633e-16 1
		outer loop
			vertex 11.533966064453125 1.239380121231079 0.09999999403953613
			vertex 11.366242408752441 1.7199997901916504 0.09999999403953602
			vertex 11.186243057250977 1.239380121231079 0.09999999403953613
		endloop
	endfacet
	facet normal 5.62513364037763e-17 2.099312718660761e-16 1
		outer loop
			vertex 11.186243057250977 1.239380121231079 0.09999999403953613
			vertex 11.366242408752441 1.7199997901916504 0.09999999403953602
			vertex 11.30124282836914 1.7374165058135986 0.09999999403953602
		endloop
	endfacet
	facet normal -5.583843842824568e-17 2.3581351430740777e-16 1
		outer loop
			vertex 11.186243057250977 1.239380121231079 0.09999999403953613
			vertex 11.30124282836914 1.7374165058135986 0.09999999403953602
			vertex 11.25365924835205 1.7849998474121094 0.09999999403953601
		endloop
	endfacet
	facet normal 4.734423614414223e-17 2.008182143368871e-16 1
		outer loop
			vertex 11.186243057250977 2 0.09999999403953597
			vertex 11.236242294311523 1.8499999046325684 0.099999994039536
			vertex 11.25365924835205 1.9149999618530273 0.09999999403953598
		endloop
	endfacet
	facet normal -9.105164914316429e-17 9.105210536175013e-17 1
		outer loop
			vertex 11.25365924835205 1.9149999618530273 0.09999999403953598
			vertex 11.30124282836914 1.962583303451538 0.09999999403953598
			vertex 11.186243057250977 2 0.09999999403953597
		endloop
	endfacet
	facet normal 6.258314535398935e-17 5.632468160860221e-16 1
		outer loop
			vertex 11.186243057250977 2 0.09999999403953597
			vertex 11.30124282836914 1.962583303451538 0.09999999403953598
			vertex 11.366242408752441 1.9800000190734863 0.09999999403953597
		endloop
	endfacet
	facet normal 0 0 1
		outer loop
			vertex 11.186243057250977 2 0.09999999403953597
			vertex 11.366242408752441 1.9800000190734863 0.09999999403953597
			vertex 11.533966064453125 2 0.09999999403953597
		endloop
	endfacet
	facet normal -6.575297059235636e-17 5.51416955918666e-16 1
		outer loop
			vertex 11.533966064453125 2 0.09999999403953597
			vertex 11.366242408752441 1.9800000190734863 0.09999999403953597
			vertex 11.431241989135742 1.962583303451538 0.09999999403953598
		endloop
	endfacet
	facet normal 9.90268199342244e-17 9.902930082700205e-17 1
		outer loop
			vertex 11.431241989135742 1.962583303451538 0.09999999403953598
			vertex 11.478826522827148 1.9149999618530273 0.09999999403953598
			vertex 11.533966064453125 2 0.09999999403953597
		endloop
	endfacet
	facet normal -5.4804838679566334e-17 1.9881992831897607e-16 1
		outer loop
			vertex 11.533966064453125 2 0.09999999403953597
			vertex 11.478826522827148 1.9149999618530273 0.09999999403953598
			vertex 11.49624252319336 1.8499999046325684 0.099999994039536
		endloop
	endfacet
	facet normal -1.3482571525258608e-16 2.189443877844888e-16 1
		outer loop
			vertex 11.533966064453125 2 0.09999999403953597
			vertex 11.49624252319336 1.8499999046325684 0.099999994039536
			vertex 11.533966064453125 1.239380121231079 0.09999999403953613
		endloop
	endfacet
	facet normal -4.1761709355570196e-17 2.246937984024983e-16 1
		outer loop
			vertex 11.533966064453125 1.239380121231079 0.09999999403953613
			vertex 11.49624252319336 1.8499999046325684 0.099999994039536
			vertex 11.478826522827148 1.7849998474121094 0.09999999403953601
		endloop
	endfacet
	facet normal 5.697846700999054e-17 2.346723380403021e-16 1
		outer loop
			vertex 11.533966064453125 1.239380121231079 0.09999999403953613
			vertex 11.478826522827148 1.7849998474121094 0.09999999403953601
			vertex 11.431241989135742 1.7374165058135986 0.09999999403953602
		endloop
	endfacet
	facet normal 9.105172035759469e-17 9.105217657653735e-17 1
		outer loop
			vertex 11.30124282836914 2.0374165773391724 0.09999999403953595
			vertex 11.25365924835205 2.084999918937683 0.09999999403953595
			vertex 11.186243057250977 2 0.09999999403953597
		endloop
	endfacet
	facet normal -6.258288167020262e-17 5.632478001599349e-16 1
		outer loop
			vertex 11.30124282836914 2.0374165773391724 0.09999999403953595
			vertex 11.186243057250977 2 0.09999999403953597
			vertex 11.366242408752441 2.019999861717224 0.09999999403953597
		endloop
	endfacet
	facet normal 0 0 1
		outer loop
			vertex 11.366242408752441 2.019999861717224 0.09999999403953597
			vertex 11.186243057250977 2 0.09999999403953597
			vertex 11.533966064453125 2 0.09999999403953597
		endloop
	endfacet
	facet normal 6.575269937165916e-17 5.514179681205009e-16 1
		outer loop
			vertex 11.366242408752441 2.019999861717224 0.09999999403953597
			vertex 11.533966064453125 2 0.09999999403953597
			vertex 11.431241989135742 2.0374165773391724 0.09999999403953595
		endloop
	endfacet
	facet normal -3.3860871382753205e-17 2.2257735865356086e-16 1
		outer loop
			vertex 11.236242294311523 2.1499998569488525 0.09999999403953594
			vertex 11.25365924835205 2.2149999141693115 0.09999999403953592
			vertex 11.186243057250977 3.1399998664855957 0.09999999403953572
		endloop
	endfacet
	facet normal 6.208201743533964e-17 2.2956990401656647e-16 1
		outer loop
			vertex 11.186243057250977 3.1399998664855957 0.09999999403953572
			vertex 11.25365924835205 2.2149999141693115 0.09999999403953592
			vertex 11.30124282836914 2.2625832557678223 0.09999999403953591
		endloop
	endfacet
	facet normal 0 2.214330421103649e-16 1
		outer loop
			vertex 11.186243057250977 3.1399998664855957 0.09999999403953572
			vertex 11.30124282836914 2.2625832557678223 0.09999999403953591
			vertex 11.533966064453125 3.1399998664855957 0.09999999403953572
		endloop
	endfacet
	facet normal -6.387271798491484e-17 2.383744419486573e-16 1
		outer loop
			vertex 11.533966064453125 3.1399998664855957 0.09999999403953572
			vertex 11.30124282836914 2.2625832557678223 0.09999999403953591
			vertex 11.366242408752441 2.2799999713897705 0.09999999403953591
		endloop
	endfacet
	facet normal 5.752854752832903e-17 2.1469785294593213e-16 1
		outer loop
			vertex 11.533966064453125 3.1399998664855957 0.09999999403953572
			vertex 11.366242408752441 2.2799999713897705 0.09999999403953591
			vertex 11.431241989135742 2.2625832557678223 0.09999999403953591
		endloop
	endfacet
	facet normal -6.285842756789172e-17 2.2879223017330136e-16 1
		outer loop
			vertex 11.431241989135742 2.2625832557678223 0.09999999403953591
			vertex 11.478826522827148 2.2149999141693115 0.09999999403953592
			vertex 11.533966064453125 3.1399998664855957 0.09999999403953572
		endloop
	endfacet
	facet normal 3.523440859747529e-17 2.2294488498219486e-16 1
		outer loop
			vertex 11.533966064453125 3.1399998664855957 0.09999999403953572
			vertex 11.478826522827148 2.2149999141693115 0.09999999403953592
			vertex 11.49624252319336 2.1499998569488525 0.09999999403953594
		endloop
	endfacet
	facet normal 1.355345104223863e-16 2.1912299104976827e-16 1
		outer loop
			vertex 11.533966064453125 3.1399998664855957 0.09999999403953572
			vertex 11.49624252319336 2.1499998569488525 0.09999999403953594
			vertex 11.533966064453125 2 0.09999999403953597
		endloop
	endfacet
	facet normal 5.480493227817978e-17 1.988202678742063e-16 1
		outer loop
			vertex 11.533966064453125 2 0.09999999403953597
			vertex 11.49624252319336 2.1499998569488525 0.09999999403953594
			vertex 11.478826522827148 2.084999918937683 0.09999999403953595
		endloop
	endfacet
	facet normal -9.902690417197704e-17 9.902938506686507e-17 1
		outer loop
			vertex 11.533966064453125 2 0.09999999403953597
			vertex 11.478826522827148 2.084999918937683 0.09999999403953595
			vertex 11.431241989135742 2.0374165773391724 0.09999999403953595
		endloop
	endfacet
	facet normal 3.9360078454710293e-17 2.2405088715380154e-16 1
		outer loop
			vertex 11.25365924835205 1.7849998474121094 0.09999999403953601
			vertex 11.236242294311523 1.8499999046325684 0.099999994039536
			vertex 11.186243057250977 1.239380121231079 0.09999999403953613
		endloop
	endfacet
	facet normal 1.0172362082343969e-16 2.1894438778448884e-16 1
		outer loop
			vertex 11.186243057250977 1.239380121231079 0.09999999403953613
			vertex 11.236242294311523 1.8499999046325684 0.099999994039536
			vertex 11.186243057250977 2 0.09999999403953597
		endloop
	endfacet
	facet normal 0 2.1894438778448882e-16 1
		outer loop
			vertex 11.186243057250977 1.239380121231079 0.09999999403953613
			vertex 11.186243057250977 2 0.09999999403953597
			vertex 11.136242866516113 1.239380121231079 0.09999999403953613
		endloop
	endfacet
	facet normal 0 2.1894438778448882e-16 1
		outer loop
			vertex 11.136242866516113 1.239380121231079 0.09999999403953613
			vertex 11.186243057250977 2 0.09999999403953597
			vertex 11.136242866516113 2 0.09999999403953597
		endloop
	endfacet
	facet normal -4.7344317813816056e-17 2.0081856075198214e-16 1
		outer loop
			vertex 11.25365924835205 2.084999918937683 0.09999999403953595
			vertex 11.236242294311523 2.1499998569488525 0.09999999403953594
			vertex 11.186243057250977 2 0.09999999403953597
		endloop
	endfacet
	facet normal -1.0225839426008836e-16 2.1912299104976827e-16 1
		outer loop
			vertex 11.186243057250977 2 0.09999999403953597
			vertex 11.236242294311523 2.1499998569488525 0.09999999403953594
			vertex 11.186243057250977 3.1399998664855957 0.09999999403953572
		endloop
	endfacet
	facet normal 0 2.1912299104976827e-16 1
		outer loop
			vertex 11.186243057250977 2 0.09999999403953597
			vertex 11.186243057250977 3.1399998664855957 0.09999999403953572
			vertex 11.136242866516113 2 0.09999999403953597
		endloop
	endfacet
	facet normal 0 2.1912299104976827e-16 1
		outer loop
			vertex 11.136242866516113 2 0.09999999403953597
			vertex 11.186243057250977 3.1399998664855957 0.09999999403953572
			vertex 11.136242866516113 3.1399998664855957 0.09999999403953572
		endloop
	endfacet
	facet normal 0 2.2591744086763936e-16 1
		outer loop
			vertex 13.273481369018555 3.1399998664855957 0.09999999403953572
			vertex 13.273481369018555 4 0.09999999403953552
			vertex 12.875757217407227 3.1399998664855957 0.09999999403953572
		endloop
	endfacet
	facet normal 0 2.2591744086763936e-16 1
		outer loop
			vertex 12.875757217407227 3.1399998664855957 0.09999999403953572
			vertex 13.273481369018555 4 0.09999999403953552
			vertex 12.875757217407227 4 0.09999999403953552
		endloop
	endfacet
	facet normal 0 2.2591744086763936e-16 1
		outer loop
			vertex 12.875757217407227 3.1399998664855957 0.09999999403953572
			vertex 12.875757217407227 4 0.09999999403953552
			vertex 12.54030990600586 3.1399998664855957 0.09999999403953572
		endloop
	endfacet
	facet normal 0 2.2591744086763936e-16 1
		outer loop
			vertex 12.54030990600586 3.1399998664855957 0.09999999403953572
			vertex 12.875757217407227 4 0.09999999403953552
			vertex 12.54030990600586 4 0.09999999403953552
		endloop
	endfacet
	facet normal 0 2.2591744086763936e-16 1
		outer loop
			vertex 12.54030990600586 3.1399998664855957 0.09999999403953572
			vertex 12.54030990600586 4 0.09999999403953552
			vertex 12.204861640930176 3.1399998664855957 0.09999999403953572
		endloop
	endfacet
	facet normal 0 2.2591744086763936e-16 1
		outer loop
			vertex 12.204861640930176 3.1399998664855957 0.09999999403953572
			vertex 12.54030990600586 4 0.09999999403953552
			vertex 12.204861640930176 4 0.09999999403953552
		endloop
	endfacet
	facet normal 0 2.2591744086763936e-16 1
		outer loop
			vertex 12.204861640930176 3.1399998664855957 0.09999999403953572
			vertex 12.204861640930176 4 0.09999999403953552
			vertex 11.869413375854492 3.1399998664855957 0.09999999403953572
		endloop
	endfacet
	facet normal 0 2.2591744086763936e-16 1
		outer loop
			vertex 11.869413375854492 3.1399998664855957 0.09999999403953572
			vertex 12.204861640930176 4 0.09999999403953552
			vertex 11.869413375854492 4 0.09999999403953552
		endloop
	endfacet
	facet normal 0 2.2591744086763936e-16 1
		outer loop
			vertex 11.869413375854492 3.1399998664855957 0.09999999403953572
			vertex 11.869413375854492 4 0.09999999403953552
			vertex 11.533966064453125 3.1399998664855957 0.09999999403953572
		endloop
	endfacet
	facet normal 0 2.2591744086763936e-16 1
		outer loop
			vertex 11.533966064453125 3.1399998664855957 0.09999999403953572
			vertex 11.869413375854492 4 0.09999999403953552
			vertex 11.533966064453125 4 0.09999999403953552
		endloop
	endfacet
	facet normal 0 2.2591744086763936e-16 1
		outer loop
			vertex 11.533966064453125 3.1399998664855957 0.09999999403953572
			vertex 11.533966064453125 4 0.09999999403953552
			vertex 11.186243057250977 3.1399998664855957 0.09999999403953572
		endloop
	endfacet
	facet normal 0 2.2591744086763936e-16 1
		outer loop
			vertex 11.186243057250977 3.1399998664855957 0.09999999403953572
			vertex 11.533966064453125 4 0.09999999403953552
			vertex 11.186243057250977 4 0.09999999403953552
		endloop
	endfacet
	facet normal 0 2.2591744086763936e-16 1
		outer loop
			vertex 11.186243057250977 3.1399998664855957 0.09999999403953572
			vertex 11.186243057250977 4 0.09999999403953552
			vertex 11.136242866516113 3.1399998664855957 0.09999999403953572
		endloop
	endfacet
	facet normal 0 2.2591744086763936e-16 1
		outer loop
			vertex 11.136242866516113 3.1399998664855957 0.09999999403953572
			vertex 11.186243057250977 4 0.09999999403953552
			vertex 11.136242866516113 4 0.09999999403953552
		endloop
	endfacet
	facet normal 1 0 0
		outer loop
			vertex 11.136242866516113 1.239380121231079 0.6000000238418586
			vertex 11.136242866516113 1.239380121231079 0.09999999403953613
			vertex 11.136242866516113 2 0.09999999403953597
		endloop
	endfacet
	facet normal 1 0 0
		outer loop
			vertex 11.136242866516113 1.239380121231079 0.6000000238418586
			vertex 11.136242866516113 2 0.09999999403953597
			vertex 11.136242866516113 4 0.6000000238418579
		endloop
	endfacet
	facet normal 1 0 0
		outer loop
			vertex 11.136242866516113 4 0.6000000238418579
			vertex 11.136242866516113 2 0.09999999403953597
			vertex 11.136242866516113 3.1399998664855957 0.09999999403953572
		endloop
	endfacet
	facet normal 1 0 0
		outer loop
			vertex 11.136242866516113 4 0.6000000238418579
			vertex 11.136242866516113 3.1399998664855957 0.09999999403953572
			vertex 11.136242866516113 4 0.09999999403953552
		endloop
	endfacet
	facet normal -0.2588208551790388 -0.9659253412787093 0
		outer loop
			vertex 11.366242408752441 1.9800000190734863 0.09999999403953597
			vertex 11.366242408752441 1.9800000190734863 4.485300977133985e-16
			vertex 11.431241989135742 1.962583303451538 0.09999999403953598
		endloop
	endfacet
	facet normal -0.2588208551790388 -0.9659253412787093 0
		outer loop
			vertex 11.431241989135742 1.962583303451538 0.09999999403953598
			vertex 11.366242408752441 1.9800000190734863 4.485300977133985e-16
			vertex 11.431241989135742 1.962583303451538 4.523973854527656e-16
		endloop
	endfacet
	facet normal -0.7070979237622645 -0.7071156384998813 0
		outer loop
			vertex 11.431241989135742 1.962583303451538 0.09999999403953598
			vertex 11.431241989135742 1.962583303451538 4.523973854527656e-16
			vertex 11.478826522827148 1.9149999618530273 0.09999999403953598
		endloop
	endfacet
	facet normal -0.7070979237622645 -0.7071156384998813 0
		outer loop
			vertex 11.478826522827148 1.9149999618530273 0.09999999403953598
			vertex 11.431241989135742 1.962583303451538 4.523973854527656e-16
			vertex 11.478826522827148 1.9149999618530273 4.6296300973901975e-16
		endloop
	endfacet
	facet normal -0.9659284731551147 -0.25880916666190373 0
		outer loop
			vertex 11.478826522827148 1.9149999618530273 0.09999999403953598
			vertex 11.478826522827148 1.9149999618530273 4.6296300973901975e-16
			vertex 11.49624252319336 1.8499999046325684 0.099999994039536
		endloop
	endfacet
	facet normal -0.9659284731551147 -0.25880916666190373 0
		outer loop
			vertex 11.49624252319336 1.8499999046325684 0.099999994039536
			vertex 11.478826522827148 1.9149999618530273 4.6296300973901975e-16
			vertex 11.49624252319336 1.8499999046325684 4.77395921764641e-16
		endloop
	endfacet
	facet normal -0.9659284731551147 0.25880916666190373 0
		outer loop
			vertex 11.49624252319336 1.8499999046325684 0.099999994039536
			vertex 11.49624252319336 1.8499999046325684 4.77395921764641e-16
			vertex 11.478826522827148 1.7849998474121094 0.09999999403953601
		endloop
	endfacet
	facet normal -0.9659284731551147 0.25880916666190373 0
		outer loop
			vertex 11.478826522827148 1.7849998474121094 0.09999999403953601
			vertex 11.49624252319336 1.8499999046325684 4.77395921764641e-16
			vertex 11.478826522827148 1.7849998474121094 4.918288337902622e-16
		endloop
	endfacet
	facet normal -0.7070979237622645 0.7071156384998813 0
		outer loop
			vertex 11.478826522827148 1.7849998474121094 0.09999999403953601
			vertex 11.478826522827148 1.7849998474121094 4.918288337902622e-16
			vertex 11.431241989135742 1.7374165058135986 0.09999999403953602
		endloop
	endfacet
	facet normal -0.7070979237622645 0.7071156384998813 0
		outer loop
			vertex 11.431241989135742 1.7374165058135986 0.09999999403953602
			vertex 11.478826522827148 1.7849998474121094 4.918288337902622e-16
			vertex 11.431241989135742 1.7374165058135986 5.023944580765164e-16
		endloop
	endfacet
	facet normal -0.2588208551790388 0.9659253412787093 0
		outer loop
			vertex 11.431241989135742 1.7374165058135986 0.09999999403953602
			vertex 11.431241989135742 1.7374165058135986 5.023944580765164e-16
			vertex 11.366242408752441 1.7199997901916504 0.09999999403953602
		endloop
	endfacet
	facet normal -0.2588208551790388 0.9659253412787093 0
		outer loop
			vertex 11.366242408752441 1.7199997901916504 0.09999999403953602
			vertex 11.431241989135742 1.7374165058135986 5.023944580765164e-16
			vertex 11.366242408752441 1.7199997901916504 5.062617458158835e-16
		endloop
	endfacet
	facet normal 0.2588208551790388 0.9659253412787093 0
		outer loop
			vertex 11.366242408752441 1.7199997901916504 0.09999999403953602
			vertex 11.366242408752441 1.7199997901916504 5.062617458158835e-16
			vertex 11.30124282836914 1.7374165058135986 0.09999999403953602
		endloop
	endfacet
	facet normal 0.2588208551790388 0.9659253412787093 0
		outer loop
			vertex 11.30124282836914 1.7374165058135986 0.09999999403953602
			vertex 11.366242408752441 1.7199997901916504 5.062617458158835e-16
			vertex 11.30124282836914 1.7374165058135986 5.023944580765164e-16
		endloop
	endfacet
	facet normal 0.7071050096928146 0.7071085526758424 0
		outer loop
			vertex 11.30124282836914 1.7374165058135986 0.09999999403953602
			vertex 11.30124282836914 1.7374165058135986 5.023944580765164e-16
			vertex 11.25365924835205 1.7849998474121094 0.09999999403953601
		endloop
	endfacet
	facet normal 0.7071050096928146 0.7071085526758424 0
		outer loop
			vertex 11.25365924835205 1.7849998474121094 0.09999999403953601
			vertex 11.30124282836914 1.7374165058135986 5.023944580765164e-16
			vertex 11.25365924835205 1.7849998474121094 4.918288337902622e-16
		endloop
	endfacet
	facet normal 0.9659249302017197 0.25882238932287727 0
		outer loop
			vertex 11.25365924835205 1.7849998474121094 0.09999999403953601
			vertex 11.25365924835205 1.7849998474121094 4.918288337902622e-16
			vertex 11.236242294311523 1.8499999046325684 0.099999994039536
		endloop
	endfacet
	facet normal 0.9659249302017197 0.25882238932287727 0
		outer loop
			vertex 11.236242294311523 1.8499999046325684 0.099999994039536
			vertex 11.25365924835205 1.7849998474121094 4.918288337902622e-16
			vertex 11.236242294311523 1.8499999046325684 4.77395921764641e-16
		endloop
	endfacet
	facet normal 0.9659249302017197 -0.25882238932287727 0
		outer loop
			vertex 11.236242294311523 1.8499999046325684 0.099999994039536
			vertex 11.236242294311523 1.8499999046325684 4.77395921764641e-16
			vertex 11.25365924835205 1.9149999618530273 0.09999999403953598
		endloop
	endfacet
	facet normal 0.9659249302017197 -0.25882238932287727 0
		outer loop
			vertex 11.25365924835205 1.9149999618530273 0.09999999403953598
			vertex 11.236242294311523 1.8499999046325684 4.77395921764641e-16
			vertex 11.25365924835205 1.9149999618530273 4.6296300973901975e-16
		endloop
	endfacet
	facet normal 0.7071050096928146 -0.7071085526758424 0
		outer loop
			vertex 11.25365924835205 1.9149999618530273 0.09999999403953598
			vertex 11.25365924835205 1.9149999618530273 4.6296300973901975e-16
			vertex 11.30124282836914 1.962583303451538 0.09999999403953598
		endloop
	endfacet
	facet normal 0.7071050096928146 -0.7071085526758424 0
		outer loop
			vertex 11.30124282836914 1.962583303451538 0.09999999403953598
			vertex 11.25365924835205 1.9149999618530273 4.6296300973901975e-16
			vertex 11.30124282836914 1.962583303451538 4.523973854527656e-16
		endloop
	endfacet
	facet normal 0.2588208551790388 -0.9659253412787093 0
		outer loop
			vertex 11.30124282836914 1.962583303451538 0.09999999403953598
			vertex 11.30124282836914 1.962583303451538 4.523973854527656e-16
			vertex 11.366242408752441 1.9800000190734863 0.09999999403953597
		endloop
	endfacet
	facet normal 0.25882085517903886 -0.9659253412787094 0
		outer loop
			vertex 11.366242408752441 1.9800000190734863 0.09999999403953597
			vertex 11.30124282836914 1.962583303451538 4.523973854527656e-16
			vertex 11.366242408752441 1.9800000190734863 4.485300977133985e-16
		endloop
	endfacet
	facet normal 0 -1 0
		outer loop
			vertex 10.916242599487305 0 8.881784197001252e-16
			vertex 11.076242446899414 0 8.881784197001252e-16
			vertex 10.916242599487305 0 0.6000000238418588
		endloop
	endfacet
	facet normal 0 -1 0
		outer loop
			vertex 10.916242599487305 0 0.6000000238418588
			vertex 11.076242446899414 0 8.881784197001252e-16
			vertex 11.533966064453125 0 8.881784197001252e-16
		endloop
	endfacet
	facet normal 0 -1 0
		outer loop
			vertex 10.916242599487305 0 0.6000000238418588
			vertex 11.533966064453125 0 8.881784197001252e-16
			vertex 11.869413375854492 0 8.881784197001252e-16
		endloop
	endfacet
	facet normal 0 -1 0
		outer loop
			vertex 11.869413375854492 0 8.881784197001252e-16
			vertex 12.204861640930176 0 8.881784197001252e-16
			vertex 10.916242599487305 0 0.6000000238418588
		endloop
	endfacet
	facet normal 0 -1 0
		outer loop
			vertex 10.916242599487305 0 0.6000000238418588
			vertex 12.204861640930176 0 8.881784197001252e-16
			vertex 12.54030990600586 0 8.881784197001252e-16
		endloop
	endfacet
	facet normal 0 -1 0
		outer loop
			vertex 10.916242599487305 0 0.6000000238418588
			vertex 12.54030990600586 0 8.881784197001252e-16
			vertex 14.409420013427734 0 0.6000000238418588
		endloop
	endfacet
	facet normal 0 -1 0
		outer loop
			vertex 14.409420013427734 0 0.6000000238418588
			vertex 12.54030990600586 0 8.881784197001252e-16
			vertex 12.875757217407227 0 8.881784197001252e-16
		endloop
	endfacet
	facet normal 0 -1 0
		outer loop
			vertex 14.409420013427734 0 0.6000000238418588
			vertex 12.875757217407227 0 8.881784197001252e-16
			vertex 14.409420013427734 0 8.881784197001252e-16
		endloop
	endfacet
	facet normal 0 1 0
		outer loop
			vertex 13.273481369018555 4 0.09999999403953552
			vertex 13.273481369018555 4 0.6000000238418579
			vertex 14.409420013427734 4 0.6000000238418579
		endloop
	endfacet
	facet normal 0 1 0
		outer loop
			vertex 10.916242599487305 4 0.6000000238418579
			vertex 11.136242866516113 4 0.6000000238418579
			vertex 11.136242866516113 4 0.09999999403953552
		endloop
	endfacet
	facet normal 0 1 0
		outer loop
			vertex 14.409420013427734 4 0.6000000238418579
			vertex 14.409420013427734 4 0
			vertex 13.273481369018555 4 0.09999999403953552
		endloop
	endfacet
	facet normal 0 1 0
		outer loop
			vertex 13.273481369018555 4 0.09999999403953552
			vertex 14.409420013427734 4 0
			vertex 12.875757217407227 4 0
		endloop
	endfacet
	facet normal 0 1 0
		outer loop
			vertex 13.273481369018555 4 0.09999999403953552
			vertex 12.875757217407227 4 0
			vertex 12.875757217407227 4 0.09999999403953552
		endloop
	endfacet
	facet normal 0 1 0
		outer loop
			vertex 12.875757217407227 4 0.09999999403953552
			vertex 12.875757217407227 4 0
			vertex 12.54030990600586 4 0.09999999403953552
		endloop
	endfacet
	facet normal 0 1 0
		outer loop
			vertex 12.54030990600586 4 0.09999999403953552
			vertex 12.875757217407227 4 0
			vertex 12.54030990600586 4 0
		endloop
	endfacet
	facet normal 0 1 0
		outer loop
			vertex 12.54030990600586 4 0.09999999403953552
			vertex 12.54030990600586 4 0
			vertex 12.204861640930176 4 0.09999999403953552
		endloop
	endfacet
	facet normal 0 1 0
		outer loop
			vertex 12.204861640930176 4 0.09999999403953552
			vertex 12.54030990600586 4 0
			vertex 12.204861640930176 4 0
		endloop
	endfacet
	facet normal 0 1 0
		outer loop
			vertex 12.204861640930176 4 0.09999999403953552
			vertex 12.204861640930176 4 0
			vertex 11.869413375854492 4 0.09999999403953552
		endloop
	endfacet
	facet normal 0 1 0
		outer loop
			vertex 11.869413375854492 4 0.09999999403953552
			vertex 12.204861640930176 4 0
			vertex 11.869413375854492 4 0
		endloop
	endfacet
	facet normal 0 1 0
		outer loop
			vertex 11.869413375854492 4 0.09999999403953552
			vertex 11.869413375854492 4 0
			vertex 11.533966064453125 4 0.09999999403953552
		endloop
	endfacet
	facet normal 0 1 0
		outer loop
			vertex 11.533966064453125 4 0.09999999403953552
			vertex 11.869413375854492 4 0
			vertex 11.533966064453125 4 0
		endloop
	endfacet
	facet normal 0 1 0
		outer loop
			vertex 11.533966064453125 4 0.09999999403953552
			vertex 11.533966064453125 4 0
			vertex 11.186243057250977 4 0.09999999403953552
		endloop
	endfacet
	facet normal 0 1 0
		outer loop
			vertex 11.186243057250977 4 0.09999999403953552
			vertex 11.533966064453125 4 0
			vertex 11.076242446899414 4 0
		endloop
	endfacet
	facet normal 0 1 0
		outer loop
			vertex 11.186243057250977 4 0.09999999403953552
			vertex 11.076242446899414 4 0
			vertex 11.136242866516113 4 0.09999999403953552
		endloop
	endfacet
	facet normal 0 1 0
		outer loop
			vertex 11.136242866516113 4 0.09999999403953552
			vertex 11.076242446899414 4 0
			vertex 10.916242599487305 4 0
		endloop
	endfacet
	facet normal 0 1 0
		outer loop
			vertex 11.136242866516113 4 0.09999999403953552
			vertex 10.916242599487305 4 0
			vertex 10.916242599487305 4 0.6000000238418579
		endloop
	endfacet
	facet normal -0.2588208551790388 -0.9659253412787093 0
		outer loop
			vertex 11.366242408752441 2.2799999713897705 0.09999999403953591
			vertex 11.366242408752441 2.2799999713897705 3.8191672682380095e-16
			vertex 11.431241989135742 2.2625832557678223 0.09999999403953591
		endloop
	endfacet
	facet normal -0.2588208551790388 -0.9659253412787093 0
		outer loop
			vertex 11.431241989135742 2.2625832557678223 0.09999999403953591
			vertex 11.366242408752441 2.2799999713897705 3.8191672682380095e-16
			vertex 11.431241989135742 2.2625832557678223 3.8578401456316807e-16
		endloop
	endfacet
	facet normal -0.7070979237622645 -0.7071156384998813 0
		outer loop
			vertex 11.431241989135742 2.2625832557678223 0.09999999403953591
			vertex 11.431241989135742 2.2625832557678223 3.8578401456316807e-16
			vertex 11.478826522827148 2.2149999141693115 0.09999999403953592
		endloop
	endfacet
	facet normal -0.7070979237622645 -0.7071156384998813 0
		outer loop
			vertex 11.478826522827148 2.2149999141693115 0.09999999403953592
			vertex 11.431241989135742 2.2625832557678223 3.8578401456316807e-16
			vertex 11.478826522827148 2.2149999141693115 3.963496388494222e-16
		endloop
	endfacet
	facet normal -0.9659284731551147 -0.25880916666190373 0
		outer loop
			vertex 11.478826522827148 2.2149999141693115 0.09999999403953592
			vertex 11.478826522827148 2.2149999141693115 3.963496388494222e-16
			vertex 11.49624252319336 2.1499998569488525 0.09999999403953594
		endloop
	endfacet
	facet normal -0.9659284731551147 -0.25880916666190373 0
		outer loop
			vertex 11.49624252319336 2.1499998569488525 0.09999999403953594
			vertex 11.478826522827148 2.2149999141693115 3.963496388494222e-16
			vertex 11.49624252319336 2.1499998569488525 4.1078255087504344e-16
		endloop
	endfacet
	facet normal -0.9659283544958228 0.2588096095221202 0
		outer loop
			vertex 11.49624252319336 2.1499998569488525 0.09999999403953594
			vertex 11.49624252319336 2.1499998569488525 4.1078255087504344e-16
			vertex 11.478826522827148 2.084999918937683 0.09999999403953595
		endloop
	endfacet
	facet normal -0.9659283544958228 0.2588096095221202 0
		outer loop
			vertex 11.478826522827148 2.084999918937683 0.09999999403953595
			vertex 11.49624252319336 2.1499998569488525 4.1078255087504344e-16
			vertex 11.478826522827148 2.084999918937683 4.252154364308851e-16
		endloop
	endfacet
	facet normal -0.7070979237622645 0.7071156384998813 0
		outer loop
			vertex 11.478826522827148 2.084999918937683 0.09999999403953595
			vertex 11.478826522827148 2.084999918937683 4.252154364308851e-16
			vertex 11.431241989135742 2.0374165773391724 0.09999999403953595
		endloop
	endfacet
	facet normal -0.7070979237622645 0.7071156384998813 0
		outer loop
			vertex 11.431241989135742 2.0374165773391724 0.09999999403953595
			vertex 11.478826522827148 2.084999918937683 4.252154364308851e-16
			vertex 11.431241989135742 2.0374165773391724 4.357810607171392e-16
		endloop
	endfacet
	facet normal -0.2588208551790388 0.9659253412787093 0
		outer loop
			vertex 11.431241989135742 2.0374165773391724 0.09999999403953595
			vertex 11.431241989135742 2.0374165773391724 4.357810607171392e-16
			vertex 11.366242408752441 2.019999861717224 0.09999999403953597
		endloop
	endfacet
	facet normal -0.2588208551790388 0.9659253412787093 0
		outer loop
			vertex 11.366242408752441 2.019999861717224 0.09999999403953597
			vertex 11.431241989135742 2.0374165773391724 4.357810607171392e-16
			vertex 11.366242408752441 2.019999861717224 4.3964834845650633e-16
		endloop
	endfacet
	facet normal 0.2588208551790388 0.9659253412787093 0
		outer loop
			vertex 11.366242408752441 2.019999861717224 0.09999999403953597
			vertex 11.366242408752441 2.019999861717224 4.3964834845650633e-16
			vertex 11.30124282836914 2.0374165773391724 0.09999999403953595
		endloop
	endfacet
	facet normal 0.25882085517903886 0.9659253412787094 0
		outer loop
			vertex 11.30124282836914 2.0374165773391724 0.09999999403953595
			vertex 11.366242408752441 2.019999861717224 4.3964834845650633e-16
			vertex 11.30124282836914 2.0374165773391724 4.357810607171392e-16
		endloop
	endfacet
	facet normal 0.7071050096928146 0.7071085526758424 0
		outer loop
			vertex 11.30124282836914 2.0374165773391724 0.09999999403953595
			vertex 11.30124282836914 2.0374165773391724 4.357810607171392e-16
			vertex 11.25365924835205 2.084999918937683 0.09999999403953595
		endloop
	endfacet
	facet normal 0.7071050096928146 0.7071085526758424 0
		outer loop
			vertex 11.25365924835205 2.084999918937683 0.09999999403953595
			vertex 11.30124282836914 2.0374165773391724 4.357810607171392e-16
			vertex 11.25365924835205 2.084999918937683 4.252154364308851e-16
		endloop
	endfacet
	facet normal 0.9659248115307382 0.2588228322024707 0
		outer loop
			vertex 11.25365924835205 2.084999918937683 0.09999999403953595
			vertex 11.25365924835205 2.084999918937683 4.252154364308851e-16
			vertex 11.236242294311523 2.1499998569488525 0.09999999403953594
		endloop
	endfacet
	facet normal 0.9659248115307382 0.2588228322024707 0
		outer loop
			vertex 11.236242294311523 2.1499998569488525 0.09999999403953594
			vertex 11.25365924835205 2.084999918937683 4.252154364308851e-16
			vertex 11.236242294311523 2.1499998569488525 4.1078255087504344e-16
		endloop
	endfacet
	facet normal 0.9659249302017197 -0.25882238932287727 0
		outer loop
			vertex 11.236242294311523 2.1499998569488525 0.09999999403953594
			vertex 11.236242294311523 2.1499998569488525 4.1078255087504344e-16
			vertex 11.25365924835205 2.2149999141693115 0.09999999403953592
		endloop
	endfacet
	facet normal 0.9659249302017197 -0.25882238932287727 0
		outer loop
			vertex 11.25365924835205 2.2149999141693115 0.09999999403953592
			vertex 11.236242294311523 2.1499998569488525 4.1078255087504344e-16
			vertex 11.25365924835205 2.2149999141693115 3.963496388494222e-16
		endloop
	endfacet
	facet normal 0.7071050096928146 -0.7071085526758424 0
		outer loop
			vertex 11.25365924835205 2.2149999141693115 0.09999999403953592
			vertex 11.25365924835205 2.2149999141693115 3.963496388494222e-16
			vertex 11.30124282836914 2.2625832557678223 0.09999999403953591
		endloop
	endfacet
	facet normal 0.7071050096928146 -0.7071085526758424 0
		outer loop
			vertex 11.30124282836914 2.2625832557678223 0.09999999403953591
			vertex 11.25365924835205 2.2149999141693115 3.963496388494222e-16
			vertex 11.30124282836914 2.2625832557678223 3.8578401456316807e-16
		endloop
	endfacet
	facet normal 0.2588208551790388 -0.9659253412787093 0
		outer loop
			vertex 11.30124282836914 2.2625832557678223 0.09999999403953591
			vertex 11.30124282836914 2.2625832557678223 3.8578401456316807e-16
			vertex 11.366242408752441 2.2799999713897705 0.09999999403953591
		endloop
	endfacet
	facet normal 0.2588208551790388 -0.9659253412787093 0
		outer loop
			vertex 11.366242408752441 2.2799999713897705 0.09999999403953591
			vertex 11.30124282836914 2.2625832557678223 3.8578401456316807e-16
			vertex 11.366242408752441 2.2799999713897705 3.8191672682380095e-16
		endloop
	endfacet
	facet normal -0.25881731218688975 -0.9659262906207462 0
		outer loop
			vertex 11.701689720153809 2.2799999713897705 0.09999999403953591
			vertex 11.701689720153809 2.2799999713897705 3.8191672682380095e-16
			vertex 11.766690254211426 2.2625832557678223 0.09999999403953591
		endloop
	endfacet
	facet normal -0.25881731218688975 -0.9659262906207462 0
		outer loop
			vertex 11.766690254211426 2.2625832557678223 0.09999999403953591
			vertex 11.701689720153809 2.2799999713897705 3.8191672682380095e-16
			vertex 11.766690254211426 2.2625832557678223 3.8578401456316807e-16
		endloop
	endfacet
	facet normal -0.7071050096928146 -0.7071085526758424 0
		outer loop
			vertex 11.766690254211426 2.2625832557678223 0.09999999403953591
			vertex 11.766690254211426 2.2625832557678223 3.8578401456316807e-16
			vertex 11.814273834228516 2.2149999141693115 0.09999999403953592
		endloop
	endfacet
	facet normal -0.7071050096928146 -0.7071085526758424 0
		outer loop
			vertex 11.814273834228516 2.2149999141693115 0.09999999403953592
			vertex 11.766690254211426 2.2625832557678223 3.8578401456316807e-16
			vertex 11.814273834228516 2.2149999141693115 3.963496388494222e-16
		endloop
	endfacet
	facet normal -0.9659249302017197 -0.25882238932287727 0
		outer loop
			vertex 11.814273834228516 2.2149999141693115 0.09999999403953592
			vertex 11.814273834228516 2.2149999141693115 3.963496388494222e-16
			vertex 11.831690788269043 2.1499998569488525 0.09999999403953594
		endloop
	endfacet
	facet normal -0.9659249302017197 -0.25882238932287727 0
		outer loop
			vertex 11.831690788269043 2.1499998569488525 0.09999999403953594
			vertex 11.814273834228516 2.2149999141693115 3.963496388494222e-16
			vertex 11.831690788269043 2.1499998569488525 4.1078255087504344e-16
		endloop
	endfacet
	facet normal -0.9659248115307382 0.2588228322024707 0
		outer loop
			vertex 11.831690788269043 2.1499998569488525 0.09999999403953594
			vertex 11.831690788269043 2.1499998569488525 4.1078255087504344e-16
			vertex 11.814273834228516 2.084999918937683 0.09999999403953595
		endloop
	endfacet
	facet normal -0.9659248115307382 0.2588228322024707 0
		outer loop
			vertex 11.814273834228516 2.084999918937683 0.09999999403953595
			vertex 11.831690788269043 2.1499998569488525 4.1078255087504344e-16
			vertex 11.814273834228516 2.084999918937683 4.252154364308851e-16
		endloop
	endfacet
	facet normal -0.7071050096928146 0.7071085526758424 0
		outer loop
			vertex 11.814273834228516 2.084999918937683 0.09999999403953595
			vertex 11.814273834228516 2.084999918937683 4.252154364308851e-16
			vertex 11.766690254211426 2.0374165773391724 0.09999999403953595
		endloop
	endfacet
	facet normal -0.7071050096928146 0.7071085526758424 0
		outer loop
			vertex 11.766690254211426 2.0374165773391724 0.09999999403953595
			vertex 11.814273834228516 2.084999918937683 4.252154364308851e-16
			vertex 11.766690254211426 2.0374165773391724 4.357810607171392e-16
		endloop
	endfacet
	facet normal -0.25881731218688975 0.9659262906207462 0
		outer loop
			vertex 11.766690254211426 2.0374165773391724 0.09999999403953595
			vertex 11.766690254211426 2.0374165773391724 4.357810607171392e-16
			vertex 11.701689720153809 2.019999861717224 0.09999999403953597
		endloop
	endfacet
	facet normal -0.25881731218688975 0.9659262906207462 0
		outer loop
			vertex 11.701689720153809 2.019999861717224 0.09999999403953597
			vertex 11.766690254211426 2.0374165773391724 4.357810607171392e-16
			vertex 11.701689720153809 2.019999861717224 4.3964834845650633e-16
		endloop
	endfacet
	facet normal 0.2588208551790388 0.9659253412787093 0
		outer loop
			vertex 11.701689720153809 2.019999861717224 0.09999999403953597
			vertex 11.701689720153809 2.019999861717224 4.3964834845650633e-16
			vertex 11.636690139770508 2.0374165773391724 0.09999999403953595
		endloop
	endfacet
	facet normal 0.25882085517903886 0.9659253412787094 0
		outer loop
			vertex 11.636690139770508 2.0374165773391724 0.09999999403953595
			vertex 11.701689720153809 2.019999861717224 4.3964834845650633e-16
			vertex 11.636690139770508 2.0374165773391724 4.357810607171392e-16
		endloop
	endfacet
	facet normal 0.7071050096928146 0.7071085526758424 0
		outer loop
			vertex 11.636690139770508 2.0374165773391724 0.09999999403953595
			vertex 11.636690139770508 2.0374165773391724 4.357810607171392e-16
			vertex 11.589106559753418 2.084999918937683 0.09999999403953595
		endloop
	endfacet
	facet normal 0.7071050096928146 0.7071085526758424 0
		outer loop
			vertex 11.589106559753418 2.084999918937683 0.09999999403953595
			vertex 11.636690139770508 2.0374165773391724 4.357810607171392e-16
			vertex 11.589106559753418 2.084999918937683 4.252154364308851e-16
		endloop
	endfacet
	facet normal 0.9659283544958228 0.2588096095221202 0
		outer loop
			vertex 11.589106559753418 2.084999918937683 0.09999999403953595
			vertex 11.589106559753418 2.084999918937683 4.252154364308851e-16
			vertex 11.571690559387207 2.1499998569488525 0.09999999403953594
		endloop
	endfacet
	facet normal 0.9659283544958228 0.2588096095221202 0
		outer loop
			vertex 11.571690559387207 2.1499998569488525 0.09999999403953594
			vertex 11.589106559753418 2.084999918937683 4.252154364308851e-16
			vertex 11.571690559387207 2.1499998569488525 4.1078255087504344e-16
		endloop
	endfacet
	facet normal 0.9659284731551147 -0.25880916666190373 0
		outer loop
			vertex 11.571690559387207 2.1499998569488525 0.09999999403953594
			vertex 11.571690559387207 2.1499998569488525 4.1078255087504344e-16
			vertex 11.589106559753418 2.2149999141693115 0.09999999403953592
		endloop
	endfacet
	facet normal 0.9659284731551147 -0.25880916666190373 0
		outer loop
			vertex 11.589106559753418 2.2149999141693115 0.09999999403953592
			vertex 11.571690559387207 2.1499998569488525 4.1078255087504344e-16
			vertex 11.589106559753418 2.2149999141693115 3.963496388494222e-16
		endloop
	endfacet
	facet normal 0.7071050096928146 -0.7071085526758424 0
		outer loop
			vertex 11.589106559753418 2.2149999141693115 0.09999999403953592
			vertex 11.589106559753418 2.2149999141693115 3.963496388494222e-16
			vertex 11.636690139770508 2.2625832557678223 0.09999999403953591
		endloop
	endfacet
	facet normal 0.7071050096928146 -0.7071085526758424 0
		outer loop
			vertex 11.636690139770508 2.2625832557678223 0.09999999403953591
			vertex 11.589106559753418 2.2149999141693115 3.963496388494222e-16
			vertex 11.636690139770508 2.2625832557678223 3.8578401456316807e-16
		endloop
	endfacet
	facet normal 0.2588208551790388 -0.9659253412787093 0
		outer loop
			vertex 11.636690139770508 2.2625832557678223 0.09999999403953591
			vertex 11.636690139770508 2.2625832557678223 3.8578401456316807e-16
			vertex 11.701689720153809 2.2799999713897705 0.09999999403953591
		endloop
	endfacet
	facet normal 0.2588208551790388 -0.9659253412787093 0
		outer loop
			vertex 11.701689720153809 2.2799999713897705 0.09999999403953591
			vertex 11.636690139770508 2.2625832557678223 3.8578401456316807e-16
			vertex 11.701689720153809 2.2799999713897705 3.8191672682380095e-16
		endloop
	endfacet
	facet normal -0.25881731218688975 -0.9659262906207462 0
		outer loop
			vertex 11.701689720153809 1.9800000190734863 0.09999999403953597
			vertex 11.701689720153809 1.9800000190734863 4.485300977133985e-16
			vertex 11.766690254211426 1.962583303451538 0.09999999403953598
		endloop
	endfacet
	facet normal -0.25881731218688975 -0.9659262906207462 0
		outer loop
			vertex 11.766690254211426 1.962583303451538 0.09999999403953598
			vertex 11.701689720153809 1.9800000190734863 4.485300977133985e-16
			vertex 11.766690254211426 1.962583303451538 4.523973854527656e-16
		endloop
	endfacet
	facet normal -0.7071050096928146 -0.7071085526758424 0
		outer loop
			vertex 11.766690254211426 1.962583303451538 0.09999999403953598
			vertex 11.766690254211426 1.962583303451538 4.523973854527656e-16
			vertex 11.814273834228516 1.9149999618530273 0.09999999403953598
		endloop
	endfacet
	facet normal -0.7071050096928146 -0.7071085526758424 0
		outer loop
			vertex 11.814273834228516 1.9149999618530273 0.09999999403953598
			vertex 11.766690254211426 1.962583303451538 4.523973854527656e-16
			vertex 11.814273834228516 1.9149999618530273 4.6296300973901975e-16
		endloop
	endfacet
	facet normal -0.9659249302017197 -0.25882238932287727 0
		outer loop
			vertex 11.814273834228516 1.9149999618530273 0.09999999403953598
			vertex 11.814273834228516 1.9149999618530273 4.6296300973901975e-16
			vertex 11.831690788269043 1.8499999046325684 0.099999994039536
		endloop
	endfacet
	facet normal -0.9659249302017197 -0.25882238932287727 0
		outer loop
			vertex 11.831690788269043 1.8499999046325684 0.099999994039536
			vertex 11.814273834228516 1.9149999618530273 4.6296300973901975e-16
			vertex 11.831690788269043 1.8499999046325684 4.77395921764641e-16
		endloop
	endfacet
	facet normal -0.9659249302017197 0.25882238932287727 0
		outer loop
			vertex 11.831690788269043 1.8499999046325684 0.099999994039536
			vertex 11.831690788269043 1.8499999046325684 4.77395921764641e-16
			vertex 11.814273834228516 1.7849998474121094 0.09999999403953601
		endloop
	endfacet
	facet normal -0.9659249302017197 0.25882238932287727 0
		outer loop
			vertex 11.814273834228516 1.7849998474121094 0.09999999403953601
			vertex 11.831690788269043 1.8499999046325684 4.77395921764641e-16
			vertex 11.814273834228516 1.7849998474121094 4.918288337902622e-16
		endloop
	endfacet
	facet normal -0.7071050096928146 0.7071085526758424 0
		outer loop
			vertex 11.814273834228516 1.7849998474121094 0.09999999403953601
			vertex 11.814273834228516 1.7849998474121094 4.918288337902622e-16
			vertex 11.766690254211426 1.7374165058135986 0.09999999403953602
		endloop
	endfacet
	facet normal -0.7071050096928146 0.7071085526758424 0
		outer loop
			vertex 11.766690254211426 1.7374165058135986 0.09999999403953602
			vertex 11.814273834228516 1.7849998474121094 4.918288337902622e-16
			vertex 11.766690254211426 1.7374165058135986 5.023944580765164e-16
		endloop
	endfacet
	facet normal -0.25881731218688975 0.9659262906207462 0
		outer loop
			vertex 11.766690254211426 1.7374165058135986 0.09999999403953602
			vertex 11.766690254211426 1.7374165058135986 5.023944580765164e-16
			vertex 11.701689720153809 1.7199997901916504 0.09999999403953602
		endloop
	endfacet
	facet normal -0.25881731218688975 0.9659262906207462 0
		outer loop
			vertex 11.701689720153809 1.7199997901916504 0.09999999403953602
			vertex 11.766690254211426 1.7374165058135986 5.023944580765164e-16
			vertex 11.701689720153809 1.7199997901916504 5.062617458158835e-16
		endloop
	endfacet
	facet normal 0.2588208551790388 0.9659253412787093 0
		outer loop
			vertex 11.701689720153809 1.7199997901916504 0.09999999403953602
			vertex 11.701689720153809 1.7199997901916504 5.062617458158835e-16
			vertex 11.636690139770508 1.7374165058135986 0.09999999403953602
		endloop
	endfacet
	facet normal 0.2588208551790388 0.9659253412787093 0
		outer loop
			vertex 11.636690139770508 1.7374165058135986 0.09999999403953602
			vertex 11.701689720153809 1.7199997901916504 5.062617458158835e-16
			vertex 11.636690139770508 1.7374165058135986 5.023944580765164e-16
		endloop
	endfacet
	facet normal 0.7071050096928146 0.7071085526758424 0
		outer loop
			vertex 11.636690139770508 1.7374165058135986 0.09999999403953602
			vertex 11.636690139770508 1.7374165058135986 5.023944580765164e-16
			vertex 11.589106559753418 1.7849998474121094 0.09999999403953601
		endloop
	endfacet
	facet normal 0.7071050096928146 0.7071085526758424 0
		outer loop
			vertex 11.589106559753418 1.7849998474121094 0.09999999403953601
			vertex 11.636690139770508 1.7374165058135986 5.023944580765164e-16
			vertex 11.589106559753418 1.7849998474121094 4.918288337902622e-16
		endloop
	endfacet
	facet normal 0.9659284731551147 0.25880916666190373 0
		outer loop
			vertex 11.589106559753418 1.7849998474121094 0.09999999403953601
			vertex 11.589106559753418 1.7849998474121094 4.918288337902622e-16
			vertex 11.571690559387207 1.8499999046325684 0.099999994039536
		endloop
	endfacet
	facet normal 0.9659284731551147 0.25880916666190373 0
		outer loop
			vertex 11.571690559387207 1.8499999046325684 0.099999994039536
			vertex 11.589106559753418 1.7849998474121094 4.918288337902622e-16
			vertex 11.571690559387207 1.8499999046325684 4.77395921764641e-16
		endloop
	endfacet
	facet normal 0.9659284731551147 -0.25880916666190373 0
		outer loop
			vertex 11.571690559387207 1.8499999046325684 0.099999994039536
			vertex 11.571690559387207 1.8499999046325684 4.77395921764641e-16
			vertex 11.589106559753418 1.9149999618530273 0.09999999403953598
		endloop
	endfacet
	facet normal 0.9659284731551147 -0.25880916666190373 0
		outer loop
			vertex 11.589106559753418 1.9149999618530273 0.09999999403953598
			vertex 11.571690559387207 1.8499999046325684 4.77395921764641e-16
			vertex 11.589106559753418 1.9149999618530273 4.6296300973901975e-16
		endloop
	endfacet
	facet normal 0.7071050096928146 -0.7071085526758424 0
		outer loop
			vertex 11.589106559753418 1.9149999618530273 0.09999999403953598
			vertex 11.589106559753418 1.9149999618530273 4.6296300973901975e-16
			vertex 11.636690139770508 1.962583303451538 0.09999999403953598
		endloop
	endfacet
	facet normal 0.7071050096928146 -0.7071085526758424 0
		outer loop
			vertex 11.636690139770508 1.962583303451538 0.09999999403953598
			vertex 11.589106559753418 1.9149999618530273 4.6296300973901975e-16
			vertex 11.636690139770508 1.962583303451538 4.523973854527656e-16
		endloop
	endfacet
	facet normal 0.2588208551790388 -0.9659253412787093 0
		outer loop
			vertex 11.636690139770508 1.962583303451538 0.09999999403953598
			vertex 11.636690139770508 1.962583303451538 4.523973854527656e-16
			vertex 11.701689720153809 1.9800000190734863 0.09999999403953597
		endloop
	endfacet
	facet normal 0.25882085517903886 -0.9659253412787094 0
		outer loop
			vertex 11.701689720153809 1.9800000190734863 0.09999999403953597
			vertex 11.636690139770508 1.962583303451538 4.523973854527656e-16
			vertex 11.701689720153809 1.9800000190734863 4.485300977133985e-16
		endloop
	endfacet
	facet normal -0.2588208551790388 -0.9659253412787093 0
		outer loop
			vertex 12.037137985229492 2.2799999713897705 0.09999999403953591
			vertex 12.037137985229492 2.2799999713897705 3.8191672682380095e-16
			vertex 12.102137565612793 2.2625832557678223 0.09999999403953591
		endloop
	endfacet
	facet normal -0.2588208551790388 -0.9659253412787093 0
		outer loop
			vertex 12.102137565612793 2.2625832557678223 0.09999999403953591
			vertex 12.037137985229492 2.2799999713897705 3.8191672682380095e-16
			vertex 12.102137565612793 2.2625832557678223 3.8578401456316807e-16
		endloop
	endfacet
	facet normal -0.7071050096928146 -0.7071085526758424 0
		outer loop
			vertex 12.102137565612793 2.2625832557678223 0.09999999403953591
			vertex 12.102137565612793 2.2625832557678223 3.8578401456316807e-16
			vertex 12.149721145629883 2.2149999141693115 0.09999999403953592
		endloop
	endfacet
	facet normal -0.7071050096928146 -0.7071085526758424 0
		outer loop
			vertex 12.149721145629883 2.2149999141693115 0.09999999403953592
			vertex 12.102137565612793 2.2625832557678223 3.8578401456316807e-16
			vertex 12.149721145629883 2.2149999141693115 3.963496388494222e-16
		endloop
	endfacet
	facet normal -0.9659249302017197 -0.25882238932287727 0
		outer loop
			vertex 12.149721145629883 2.2149999141693115 0.09999999403953592
			vertex 12.149721145629883 2.2149999141693115 3.963496388494222e-16
			vertex 12.16713809967041 2.1499998569488525 0.09999999403953594
		endloop
	endfacet
	facet normal -0.9659249302017197 -0.25882238932287727 0
		outer loop
			vertex 12.16713809967041 2.1499998569488525 0.09999999403953594
			vertex 12.149721145629883 2.2149999141693115 3.963496388494222e-16
			vertex 12.16713809967041 2.1499998569488525 4.1078255087504344e-16
		endloop
	endfacet
	facet normal -0.9659248115307382 0.2588228322024707 0
		outer loop
			vertex 12.16713809967041 2.1499998569488525 0.09999999403953594
			vertex 12.16713809967041 2.1499998569488525 4.1078255087504344e-16
			vertex 12.149721145629883 2.084999918937683 0.09999999403953595
		endloop
	endfacet
	facet normal -0.9659248115307382 0.2588228322024707 0
		outer loop
			vertex 12.149721145629883 2.084999918937683 0.09999999403953595
			vertex 12.16713809967041 2.1499998569488525 4.1078255087504344e-16
			vertex 12.149721145629883 2.084999918937683 4.252154364308851e-16
		endloop
	endfacet
	facet normal -0.7071050096928146 0.7071085526758424 0
		outer loop
			vertex 12.149721145629883 2.084999918937683 0.09999999403953595
			vertex 12.149721145629883 2.084999918937683 4.252154364308851e-16
			vertex 12.102137565612793 2.0374165773391724 0.09999999403953595
		endloop
	endfacet
	facet normal -0.7071050096928146 0.7071085526758424 0
		outer loop
			vertex 12.102137565612793 2.0374165773391724 0.09999999403953595
			vertex 12.149721145629883 2.084999918937683 4.252154364308851e-16
			vertex 12.102137565612793 2.0374165773391724 4.357810607171392e-16
		endloop
	endfacet
	facet normal -0.2588208551790388 0.9659253412787093 0
		outer loop
			vertex 12.102137565612793 2.0374165773391724 0.09999999403953595
			vertex 12.102137565612793 2.0374165773391724 4.357810607171392e-16
			vertex 12.037137985229492 2.019999861717224 0.09999999403953597
		endloop
	endfacet
	facet normal -0.2588208551790388 0.9659253412787093 0
		outer loop
			vertex 12.037137985229492 2.019999861717224 0.09999999403953597
			vertex 12.102137565612793 2.0374165773391724 4.357810607171392e-16
			vertex 12.037137985229492 2.019999861717224 4.3964834845650633e-16
		endloop
	endfacet
	facet normal 0.25881731218688975 0.9659262906207462 0
		outer loop
			vertex 12.037137985229492 2.019999861717224 0.09999999403953597
			vertex 12.037137985229492 2.019999861717224 4.3964834845650633e-16
			vertex 11.972137451171875 2.0374165773391724 0.09999999403953595
		endloop
	endfacet
	facet normal 0.25881731218688975 0.9659262906207461 0
		outer loop
			vertex 11.972137451171875 2.0374165773391724 0.09999999403953595
			vertex 12.037137985229492 2.019999861717224 4.3964834845650633e-16
			vertex 11.972137451171875 2.0374165773391724 4.357810607171392e-16
		endloop
	endfacet
	facet normal 0.7071120956943746 0.7071014666387772 0
		outer loop
			vertex 11.972137451171875 2.0374165773391724 0.09999999403953595
			vertex 11.972137451171875 2.0374165773391724 4.357810607171392e-16
			vertex 11.924554824829102 2.084999918937683 0.09999999403953595
		endloop
	endfacet
	facet normal 0.7071120956943746 0.7071014666387772 0
		outer loop
			vertex 11.924554824829102 2.084999918937683 0.09999999403953595
			vertex 11.972137451171875 2.0374165773391724 4.357810607171392e-16
			vertex 11.924554824829102 2.084999918937683 4.252154364308851e-16
		endloop
	endfacet
	facet normal 0.9659248115307382 0.2588228322024707 0
		outer loop
			vertex 11.924554824829102 2.084999918937683 0.09999999403953595
			vertex 11.924554824829102 2.084999918937683 4.252154364308851e-16
			vertex 11.907137870788574 2.1499998569488525 0.09999999403953594
		endloop
	endfacet
	facet normal 0.9659248115307382 0.2588228322024707 0
		outer loop
			vertex 11.907137870788574 2.1499998569488525 0.09999999403953594
			vertex 11.924554824829102 2.084999918937683 4.252154364308851e-16
			vertex 11.907137870788574 2.1499998569488525 4.1078255087504344e-16
		endloop
	endfacet
	facet normal 0.9659249302017197 -0.25882238932287727 0
		outer loop
			vertex 11.907137870788574 2.1499998569488525 0.09999999403953594
			vertex 11.907137870788574 2.1499998569488525 4.1078255087504344e-16
			vertex 11.924554824829102 2.2149999141693115 0.09999999403953592
		endloop
	endfacet
	facet normal 0.9659249302017197 -0.25882238932287727 0
		outer loop
			vertex 11.924554824829102 2.2149999141693115 0.09999999403953592
			vertex 11.907137870788574 2.1499998569488525 4.1078255087504344e-16
			vertex 11.924554824829102 2.2149999141693115 3.963496388494222e-16
		endloop
	endfacet
	facet normal 0.7071120956943746 -0.7071014666387772 0
		outer loop
			vertex 11.924554824829102 2.2149999141693115 0.09999999403953592
			vertex 11.924554824829102 2.2149999141693115 3.963496388494222e-16
			vertex 11.972137451171875 2.2625832557678223 0.09999999403953591
		endloop
	endfacet
	facet normal 0.7071120956943746 -0.7071014666387772 0
		outer loop
			vertex 11.972137451171875 2.2625832557678223 0.09999999403953591
			vertex 11.924554824829102 2.2149999141693115 3.963496388494222e-16
			vertex 11.972137451171875 2.2625832557678223 3.8578401456316807e-16
		endloop
	endfacet
	facet normal 0.25881731218688975 -0.9659262906207462 0
		outer loop
			vertex 11.972137451171875 2.2625832557678223 0.09999999403953591
			vertex 11.972137451171875 2.2625832557678223 3.8578401456316807e-16
			vertex 12.037137985229492 2.2799999713897705 0.09999999403953591
		endloop
	endfacet
	facet normal 0.25881731218688975 -0.9659262906207462 0
		outer loop
			vertex 12.037137985229492 2.2799999713897705 0.09999999403953591
			vertex 11.972137451171875 2.2625832557678223 3.8578401456316807e-16
			vertex 12.037137985229492 2.2799999713897705 3.8191672682380095e-16
		endloop
	endfacet
	facet normal -0.2588208551790388 -0.9659253412787093 0
		outer loop
			vertex 12.037137985229492 1.9800000190734863 0.09999999403953597
			vertex 12.037137985229492 1.9800000190734863 4.485300977133985e-16
			vertex 12.102137565612793 1.962583303451538 0.09999999403953598
		endloop
	endfacet
	facet normal -0.2588208551790388 -0.9659253412787093 0
		outer loop
			vertex 12.102137565612793 1.962583303451538 0.09999999403953598
			vertex 12.037137985229492 1.9800000190734863 4.485300977133985e-16
			vertex 12.102137565612793 1.962583303451538 4.523973854527656e-16
		endloop
	endfacet
	facet normal -0.7071050096928146 -0.7071085526758424 0
		outer loop
			vertex 12.102137565612793 1.962583303451538 0.09999999403953598
			vertex 12.102137565612793 1.962583303451538 4.523973854527656e-16
			vertex 12.149721145629883 1.9149999618530273 0.09999999403953598
		endloop
	endfacet
	facet normal -0.7071050096928146 -0.7071085526758424 0
		outer loop
			vertex 12.149721145629883 1.9149999618530273 0.09999999403953598
			vertex 12.102137565612793 1.962583303451538 4.523973854527656e-16
			vertex 12.149721145629883 1.9149999618530273 4.6296300973901975e-16
		endloop
	endfacet
	facet normal -0.9659249302017197 -0.25882238932287727 0
		outer loop
			vertex 12.149721145629883 1.9149999618530273 0.09999999403953598
			vertex 12.149721145629883 1.9149999618530273 4.6296300973901975e-16
			vertex 12.16713809967041 1.8499999046325684 0.099999994039536
		endloop
	endfacet
	facet normal -0.9659249302017197 -0.25882238932287727 0
		outer loop
			vertex 12.16713809967041 1.8499999046325684 0.099999994039536
			vertex 12.149721145629883 1.9149999618530273 4.6296300973901975e-16
			vertex 12.16713809967041 1.8499999046325684 4.77395921764641e-16
		endloop
	endfacet
	facet normal -0.9659249302017197 0.25882238932287727 0
		outer loop
			vertex 12.16713809967041 1.8499999046325684 0.099999994039536
			vertex 12.16713809967041 1.8499999046325684 4.77395921764641e-16
			vertex 12.149721145629883 1.7849998474121094 0.09999999403953601
		endloop
	endfacet
	facet normal -0.9659249302017197 0.25882238932287727 0
		outer loop
			vertex 12.149721145629883 1.7849998474121094 0.09999999403953601
			vertex 12.16713809967041 1.8499999046325684 4.77395921764641e-16
			vertex 12.149721145629883 1.7849998474121094 4.918288337902622e-16
		endloop
	endfacet
	facet normal -0.7071050096928146 0.7071085526758424 0
		outer loop
			vertex 12.149721145629883 1.7849998474121094 0.09999999403953601
			vertex 12.149721145629883 1.7849998474121094 4.918288337902622e-16
			vertex 12.102137565612793 1.7374165058135986 0.09999999403953602
		endloop
	endfacet
	facet normal -0.7071050096928146 0.7071085526758424 0
		outer loop
			vertex 12.102137565612793 1.7374165058135986 0.09999999403953602
			vertex 12.149721145629883 1.7849998474121094 4.918288337902622e-16
			vertex 12.102137565612793 1.7374165058135986 5.023944580765164e-16
		endloop
	endfacet
	facet normal -0.2588208551790388 0.9659253412787093 0
		outer loop
			vertex 12.102137565612793 1.7374165058135986 0.09999999403953602
			vertex 12.102137565612793 1.7374165058135986 5.023944580765164e-16
			vertex 12.037137985229492 1.7199997901916504 0.09999999403953602
		endloop
	endfacet
	facet normal -0.2588208551790388 0.9659253412787093 0
		outer loop
			vertex 12.037137985229492 1.7199997901916504 0.09999999403953602
			vertex 12.102137565612793 1.7374165058135986 5.023944580765164e-16
			vertex 12.037137985229492 1.7199997901916504 5.062617458158835e-16
		endloop
	endfacet
	facet normal 0.25881731218688975 0.9659262906207462 0
		outer loop
			vertex 12.037137985229492 1.7199997901916504 0.09999999403953602
			vertex 12.037137985229492 1.7199997901916504 5.062617458158835e-16
			vertex 11.972137451171875 1.7374165058135986 0.09999999403953602
		endloop
	endfacet
	facet normal 0.25881731218688975 0.9659262906207462 0
		outer loop
			vertex 11.972137451171875 1.7374165058135986 0.09999999403953602
			vertex 12.037137985229492 1.7199997901916504 5.062617458158835e-16
			vertex 11.972137451171875 1.7374165058135986 5.023944580765164e-16
		endloop
	endfacet
	facet normal 0.7071120956943746 0.7071014666387772 0
		outer loop
			vertex 11.972137451171875 1.7374165058135986 0.09999999403953602
			vertex 11.972137451171875 1.7374165058135986 5.023944580765164e-16
			vertex 11.924554824829102 1.7849998474121094 0.09999999403953601
		endloop
	endfacet
	facet normal 0.7071120956943746 0.7071014666387772 0
		outer loop
			vertex 11.924554824829102 1.7849998474121094 0.09999999403953601
			vertex 11.972137451171875 1.7374165058135986 5.023944580765164e-16
			vertex 11.924554824829102 1.7849998474121094 4.918288337902622e-16
		endloop
	endfacet
	facet normal 0.9659249302017197 0.25882238932287727 0
		outer loop
			vertex 11.924554824829102 1.7849998474121094 0.09999999403953601
			vertex 11.924554824829102 1.7849998474121094 4.918288337902622e-16
			vertex 11.907137870788574 1.8499999046325684 0.099999994039536
		endloop
	endfacet
	facet normal 0.9659249302017197 0.25882238932287727 0
		outer loop
			vertex 11.907137870788574 1.8499999046325684 0.099999994039536
			vertex 11.924554824829102 1.7849998474121094 4.918288337902622e-16
			vertex 11.907137870788574 1.8499999046325684 4.77395921764641e-16
		endloop
	endfacet
	facet normal 0.9659249302017197 -0.25882238932287727 0
		outer loop
			vertex 11.907137870788574 1.8499999046325684 0.099999994039536
			vertex 11.907137870788574 1.8499999046325684 4.77395921764641e-16
			vertex 11.924554824829102 1.9149999618530273 0.09999999403953598
		endloop
	endfacet
	facet normal 0.9659249302017197 -0.25882238932287727 0
		outer loop
			vertex 11.924554824829102 1.9149999618530273 0.09999999403953598
			vertex 11.907137870788574 1.8499999046325684 4.77395921764641e-16
			vertex 11.924554824829102 1.9149999618530273 4.6296300973901975e-16
		endloop
	endfacet
	facet normal 0.7071120956943746 -0.7071014666387772 0
		outer loop
			vertex 11.924554824829102 1.9149999618530273 0.09999999403953598
			vertex 11.924554824829102 1.9149999618530273 4.6296300973901975e-16
			vertex 11.972137451171875 1.962583303451538 0.09999999403953598
		endloop
	endfacet
	facet normal 0.7071120956943746 -0.7071014666387772 0
		outer loop
			vertex 11.972137451171875 1.962583303451538 0.09999999403953598
			vertex 11.924554824829102 1.9149999618530273 4.6296300973901975e-16
			vertex 11.972137451171875 1.962583303451538 4.523973854527656e-16
		endloop
	endfacet
	facet normal 0.25881731218688975 -0.9659262906207462 0
		outer loop
			vertex 11.972137451171875 1.962583303451538 0.09999999403953598
			vertex 11.972137451171875 1.962583303451538 4.523973854527656e-16
			vertex 12.037137985229492 1.9800000190734863 0.09999999403953597
		endloop
	endfacet
	facet normal 0.25881731218688975 -0.9659262906207461 0
		outer loop
			vertex 12.037137985229492 1.9800000190734863 0.09999999403953597
			vertex 11.972137451171875 1.962583303451538 4.523973854527656e-16
			vertex 12.037137985229492 1.9800000190734863 4.485300977133985e-16
		endloop
	endfacet
	facet normal -0.25881731218688975 -0.9659262906207462 0
		outer loop
			vertex 12.37258529663086 2.2799999713897705 0.09999999403953591
			vertex 12.37258529663086 2.2799999713897705 3.8191672682380095e-16
			vertex 12.437585830688477 2.2625832557678223 0.09999999403953591
		endloop
	endfacet
	facet normal -0.25881731218688975 -0.9659262906207462 0
		outer loop
			vertex 12.437585830688477 2.2625832557678223 0.09999999403953591
			vertex 12.37258529663086 2.2799999713897705 3.8191672682380095e-16
			vertex 12.437585830688477 2.2625832557678223 3.8578401456316807e-16
		endloop
	endfacet
	facet normal -0.7071120956943746 -0.7071014666387772 0
		outer loop
			vertex 12.437585830688477 2.2625832557678223 0.09999999403953591
			vertex 12.437585830688477 2.2625832557678223 3.8578401456316807e-16
			vertex 12.48516845703125 2.2149999141693115 0.09999999403953592
		endloop
	endfacet
	facet normal -0.7071120956943746 -0.7071014666387772 0
		outer loop
			vertex 12.48516845703125 2.2149999141693115 0.09999999403953592
			vertex 12.437585830688477 2.2625832557678223 3.8578401456316807e-16
			vertex 12.48516845703125 2.2149999141693115 3.963496388494222e-16
		endloop
	endfacet
	facet normal -0.9659249302017197 -0.25882238932287727 0
		outer loop
			vertex 12.48516845703125 2.2149999141693115 0.09999999403953592
			vertex 12.48516845703125 2.2149999141693115 3.963496388494222e-16
			vertex 12.502585411071777 2.1499998569488525 0.09999999403953594
		endloop
	endfacet
	facet normal -0.9659249302017197 -0.25882238932287727 0
		outer loop
			vertex 12.502585411071777 2.1499998569488525 0.09999999403953594
			vertex 12.48516845703125 2.2149999141693115 3.963496388494222e-16
			vertex 12.502585411071777 2.1499998569488525 4.1078255087504344e-16
		endloop
	endfacet
	facet normal -0.9659248115307382 0.2588228322024707 0
		outer loop
			vertex 12.502585411071777 2.1499998569488525 0.09999999403953594
			vertex 12.502585411071777 2.1499998569488525 4.1078255087504344e-16
			vertex 12.48516845703125 2.084999918937683 0.09999999403953595
		endloop
	endfacet
	facet normal -0.9659248115307382 0.2588228322024707 0
		outer loop
			vertex 12.48516845703125 2.084999918937683 0.09999999403953595
			vertex 12.502585411071777 2.1499998569488525 4.1078255087504344e-16
			vertex 12.48516845703125 2.084999918937683 4.252154364308851e-16
		endloop
	endfacet
	facet normal -0.7071120956943746 0.7071014666387772 0
		outer loop
			vertex 12.48516845703125 2.084999918937683 0.09999999403953595
			vertex 12.48516845703125 2.084999918937683 4.252154364308851e-16
			vertex 12.437585830688477 2.0374165773391724 0.09999999403953595
		endloop
	endfacet
	facet normal -0.7071120956943746 0.7071014666387772 0
		outer loop
			vertex 12.437585830688477 2.0374165773391724 0.09999999403953595
			vertex 12.48516845703125 2.084999918937683 4.252154364308851e-16
			vertex 12.437585830688477 2.0374165773391724 4.357810607171392e-16
		endloop
	endfacet
	facet normal -0.25881731218688975 0.9659262906207462 0
		outer loop
			vertex 12.437585830688477 2.0374165773391724 0.09999999403953595
			vertex 12.437585830688477 2.0374165773391724 4.357810607171392e-16
			vertex 12.37258529663086 2.019999861717224 0.09999999403953597
		endloop
	endfacet
	facet normal -0.25881731218688975 0.9659262906207462 0
		outer loop
			vertex 12.37258529663086 2.019999861717224 0.09999999403953597
			vertex 12.437585830688477 2.0374165773391724 4.357810607171392e-16
			vertex 12.37258529663086 2.019999861717224 4.3964834845650633e-16
		endloop
	endfacet
	facet normal 0.2588208551790388 0.9659253412787093 0
		outer loop
			vertex 12.37258529663086 2.019999861717224 0.09999999403953597
			vertex 12.37258529663086 2.019999861717224 4.3964834845650633e-16
			vertex 12.307585716247559 2.0374165773391724 0.09999999403953595
		endloop
	endfacet
	facet normal 0.25882085517903886 0.9659253412787094 0
		outer loop
			vertex 12.307585716247559 2.0374165773391724 0.09999999403953595
			vertex 12.37258529663086 2.019999861717224 4.3964834845650633e-16
			vertex 12.307585716247559 2.0374165773391724 4.357810607171392e-16
		endloop
	endfacet
	facet normal 0.7071050096928146 0.7071085526758424 0
		outer loop
			vertex 12.307585716247559 2.0374165773391724 0.09999999403953595
			vertex 12.307585716247559 2.0374165773391724 4.357810607171392e-16
			vertex 12.260002136230469 2.084999918937683 0.09999999403953595
		endloop
	endfacet
	facet normal 0.7071050096928146 0.7071085526758424 0
		outer loop
			vertex 12.260002136230469 2.084999918937683 0.09999999403953595
			vertex 12.307585716247559 2.0374165773391724 4.357810607171392e-16
			vertex 12.260002136230469 2.084999918937683 4.252154364308851e-16
		endloop
	endfacet
	facet normal 0.9659248115307382 0.2588228322024707 0
		outer loop
			vertex 12.260002136230469 2.084999918937683 0.09999999403953595
			vertex 12.260002136230469 2.084999918937683 4.252154364308851e-16
			vertex 12.242585182189941 2.1499998569488525 0.09999999403953594
		endloop
	endfacet
	facet normal 0.9659248115307382 0.2588228322024707 0
		outer loop
			vertex 12.242585182189941 2.1499998569488525 0.09999999403953594
			vertex 12.260002136230469 2.084999918937683 4.252154364308851e-16
			vertex 12.242585182189941 2.1499998569488525 4.1078255087504344e-16
		endloop
	endfacet
	facet normal 0.9659249302017197 -0.25882238932287727 0
		outer loop
			vertex 12.242585182189941 2.1499998569488525 0.09999999403953594
			vertex 12.242585182189941 2.1499998569488525 4.1078255087504344e-16
			vertex 12.260002136230469 2.2149999141693115 0.09999999403953592
		endloop
	endfacet
	facet normal 0.9659249302017197 -0.25882238932287727 0
		outer loop
			vertex 12.260002136230469 2.2149999141693115 0.09999999403953592
			vertex 12.242585182189941 2.1499998569488525 4.1078255087504344e-16
			vertex 12.260002136230469 2.2149999141693115 3.963496388494222e-16
		endloop
	endfacet
	facet normal 0.7071050096928146 -0.7071085526758424 0
		outer loop
			vertex 12.260002136230469 2.2149999141693115 0.09999999403953592
			vertex 12.260002136230469 2.2149999141693115 3.963496388494222e-16
			vertex 12.307585716247559 2.2625832557678223 0.09999999403953591
		endloop
	endfacet
	facet normal 0.7071050096928146 -0.7071085526758424 0
		outer loop
			vertex 12.307585716247559 2.2625832557678223 0.09999999403953591
			vertex 12.260002136230469 2.2149999141693115 3.963496388494222e-16
			vertex 12.307585716247559 2.2625832557678223 3.8578401456316807e-16
		endloop
	endfacet
	facet normal 0.2588208551790388 -0.9659253412787093 0
		outer loop
			vertex 12.307585716247559 2.2625832557678223 0.09999999403953591
			vertex 12.307585716247559 2.2625832557678223 3.8578401456316807e-16
			vertex 12.37258529663086 2.2799999713897705 0.09999999403953591
		endloop
	endfacet
	facet normal 0.2588208551790388 -0.9659253412787093 0
		outer loop
			vertex 12.37258529663086 2.2799999713897705 0.09999999403953591
			vertex 12.307585716247559 2.2625832557678223 3.8578401456316807e-16
			vertex 12.37258529663086 2.2799999713897705 3.8191672682380095e-16
		endloop
	endfacet
	facet normal -0.25881731218688975 -0.9659262906207462 0
		outer loop
			vertex 12.37258529663086 1.9800000190734863 0.09999999403953597
			vertex 12.37258529663086 1.9800000190734863 4.485300977133985e-16
			vertex 12.437585830688477 1.962583303451538 0.09999999403953598
		endloop
	endfacet
	facet normal -0.25881731218688975 -0.9659262906207462 0
		outer loop
			vertex 12.437585830688477 1.962583303451538 0.09999999403953598
			vertex 12.37258529663086 1.9800000190734863 4.485300977133985e-16
			vertex 12.437585830688477 1.962583303451538 4.523973854527656e-16
		endloop
	endfacet
	facet normal -0.7071120956943746 -0.7071014666387772 0
		outer loop
			vertex 12.437585830688477 1.962583303451538 0.09999999403953598
			vertex 12.437585830688477 1.962583303451538 4.523973854527656e-16
			vertex 12.48516845703125 1.9149999618530273 0.09999999403953598
		endloop
	endfacet
	facet normal -0.7071120956943746 -0.7071014666387772 0
		outer loop
			vertex 12.48516845703125 1.9149999618530273 0.09999999403953598
			vertex 12.437585830688477 1.962583303451538 4.523973854527656e-16
			vertex 12.48516845703125 1.9149999618530273 4.6296300973901975e-16
		endloop
	endfacet
	facet normal -0.9659249302017197 -0.25882238932287727 0
		outer loop
			vertex 12.48516845703125 1.9149999618530273 0.09999999403953598
			vertex 12.48516845703125 1.9149999618530273 4.6296300973901975e-16
			vertex 12.502585411071777 1.8499999046325684 0.099999994039536
		endloop
	endfacet
	facet normal -0.9659249302017197 -0.25882238932287727 0
		outer loop
			vertex 12.502585411071777 1.8499999046325684 0.099999994039536
			vertex 12.48516845703125 1.9149999618530273 4.6296300973901975e-16
			vertex 12.502585411071777 1.8499999046325684 4.77395921764641e-16
		endloop
	endfacet
	facet normal -0.9659249302017197 0.25882238932287727 0
		outer loop
			vertex 12.502585411071777 1.8499999046325684 0.099999994039536
			vertex 12.502585411071777 1.8499999046325684 4.77395921764641e-16
			vertex 12.48516845703125 1.7849998474121094 0.09999999403953601
		endloop
	endfacet
	facet normal -0.9659249302017197 0.25882238932287727 0
		outer loop
			vertex 12.48516845703125 1.7849998474121094 0.09999999403953601
			vertex 12.502585411071777 1.8499999046325684 4.77395921764641e-16
			vertex 12.48516845703125 1.7849998474121094 4.918288337902622e-16
		endloop
	endfacet
	facet normal -0.7071120956943746 0.7071014666387772 0
		outer loop
			vertex 12.48516845703125 1.7849998474121094 0.09999999403953601
			vertex 12.48516845703125 1.7849998474121094 4.918288337902622e-16
			vertex 12.437585830688477 1.7374165058135986 0.09999999403953602
		endloop
	endfacet
	facet normal -0.7071120956943746 0.7071014666387772 0
		outer loop
			vertex 12.437585830688477 1.7374165058135986 0.09999999403953602
			vertex 12.48516845703125 1.7849998474121094 4.918288337902622e-16
			vertex 12.437585830688477 1.7374165058135986 5.023944580765164e-16
		endloop
	endfacet
	facet normal -0.25881731218688975 0.9659262906207462 0
		outer loop
			vertex 12.437585830688477 1.7374165058135986 0.09999999403953602
			vertex 12.437585830688477 1.7374165058135986 5.023944580765164e-16
			vertex 12.37258529663086 1.7199997901916504 0.09999999403953602
		endloop
	endfacet
	facet normal -0.25881731218688975 0.9659262906207462 0
		outer loop
			vertex 12.37258529663086 1.7199997901916504 0.09999999403953602
			vertex 12.437585830688477 1.7374165058135986 5.023944580765164e-16
			vertex 12.37258529663086 1.7199997901916504 5.062617458158835e-16
		endloop
	endfacet
	facet normal 0.2588208551790388 0.9659253412787093 0
		outer loop
			vertex 12.37258529663086 1.7199997901916504 0.09999999403953602
			vertex 12.37258529663086 1.7199997901916504 5.062617458158835e-16
			vertex 12.307585716247559 1.7374165058135986 0.09999999403953602
		endloop
	endfacet
	facet normal 0.2588208551790388 0.9659253412787093 0
		outer loop
			vertex 12.307585716247559 1.7374165058135986 0.09999999403953602
			vertex 12.37258529663086 1.7199997901916504 5.062617458158835e-16
			vertex 12.307585716247559 1.7374165058135986 5.023944580765164e-16
		endloop
	endfacet
	facet normal 0.7071050096928146 0.7071085526758424 0
		outer loop
			vertex 12.307585716247559 1.7374165058135986 0.09999999403953602
			vertex 12.307585716247559 1.7374165058135986 5.023944580765164e-16
			vertex 12.260002136230469 1.7849998474121094 0.09999999403953601
		endloop
	endfacet
	facet normal 0.7071050096928146 0.7071085526758424 0
		outer loop
			vertex 12.260002136230469 1.7849998474121094 0.09999999403953601
			vertex 12.307585716247559 1.7374165058135986 5.023944580765164e-16
			vertex 12.260002136230469 1.7849998474121094 4.918288337902622e-16
		endloop
	endfacet
	facet normal 0.9659249302017197 0.25882238932287727 0
		outer loop
			vertex 12.260002136230469 1.7849998474121094 0.09999999403953601
			vertex 12.260002136230469 1.7849998474121094 4.918288337902622e-16
			vertex 12.242585182189941 1.8499999046325684 0.099999994039536
		endloop
	endfacet
	facet normal 0.9659249302017197 0.25882238932287727 0
		outer loop
			vertex 12.242585182189941 1.8499999046325684 0.099999994039536
			vertex 12.260002136230469 1.7849998474121094 4.918288337902622e-16
			vertex 12.242585182189941 1.8499999046325684 4.77395921764641e-16
		endloop
	endfacet
	facet normal 0.9659249302017197 -0.25882238932287727 0
		outer loop
			vertex 12.242585182189941 1.8499999046325684 0.099999994039536
			vertex 12.242585182189941 1.8499999046325684 4.77395921764641e-16
			vertex 12.260002136230469 1.9149999618530273 0.09999999403953598
		endloop
	endfacet
	facet normal 0.9659249302017197 -0.25882238932287727 0
		outer loop
			vertex 12.260002136230469 1.9149999618530273 0.09999999403953598
			vertex 12.242585182189941 1.8499999046325684 4.77395921764641e-16
			vertex 12.260002136230469 1.9149999618530273 4.6296300973901975e-16
		endloop
	endfacet
	facet normal 0.7071050096928146 -0.7071085526758424 0
		outer loop
			vertex 12.260002136230469 1.9149999618530273 0.09999999403953598
			vertex 12.260002136230469 1.9149999618530273 4.6296300973901975e-16
			vertex 12.307585716247559 1.962583303451538 0.09999999403953598
		endloop
	endfacet
	facet normal 0.7071050096928146 -0.7071085526758424 0
		outer loop
			vertex 12.307585716247559 1.962583303451538 0.09999999403953598
			vertex 12.260002136230469 1.9149999618530273 4.6296300973901975e-16
			vertex 12.307585716247559 1.962583303451538 4.523973854527656e-16
		endloop
	endfacet
	facet normal 0.2588208551790388 -0.9659253412787093 0
		outer loop
			vertex 12.307585716247559 1.962583303451538 0.09999999403953598
			vertex 12.307585716247559 1.962583303451538 4.523973854527656e-16
			vertex 12.37258529663086 1.9800000190734863 0.09999999403953597
		endloop
	endfacet
	facet normal 0.25882085517903886 -0.9659253412787094 0
		outer loop
			vertex 12.37258529663086 1.9800000190734863 0.09999999403953597
			vertex 12.307585716247559 1.962583303451538 4.523973854527656e-16
			vertex 12.37258529663086 1.9800000190734863 4.485300977133985e-16
		endloop
	endfacet
	facet normal -0.2588208551790388 -0.9659253412787093 0
		outer loop
			vertex 12.708033561706543 2.2799999713897705 0.09999999403953591
			vertex 12.708033561706543 2.2799999713897705 3.8191672682380095e-16
			vertex 12.773033142089844 2.2625832557678223 0.09999999403953591
		endloop
	endfacet
	facet normal -0.2588208551790388 -0.9659253412787093 0
		outer loop
			vertex 12.773033142089844 2.2625832557678223 0.09999999403953591
			vertex 12.708033561706543 2.2799999713897705 3.8191672682380095e-16
			vertex 12.773033142089844 2.2625832557678223 3.8578401456316807e-16
		endloop
	endfacet
	facet normal -0.7071120956943746 -0.7071014666387772 0
		outer loop
			vertex 12.773033142089844 2.2625832557678223 0.09999999403953591
			vertex 12.773033142089844 2.2625832557678223 3.8578401456316807e-16
			vertex 12.820615768432617 2.2149999141693115 0.09999999403953592
		endloop
	endfacet
	facet normal -0.7071120956943746 -0.7071014666387772 0
		outer loop
			vertex 12.820615768432617 2.2149999141693115 0.09999999403953592
			vertex 12.773033142089844 2.2625832557678223 3.8578401456316807e-16
			vertex 12.820615768432617 2.2149999141693115 3.963496388494222e-16
		endloop
	endfacet
	facet normal -0.9659249302017197 -0.25882238932287727 0
		outer loop
			vertex 12.820615768432617 2.2149999141693115 0.09999999403953592
			vertex 12.820615768432617 2.2149999141693115 3.963496388494222e-16
			vertex 12.838032722473145 2.1499998569488525 0.09999999403953594
		endloop
	endfacet
	facet normal -0.9659249302017197 -0.25882238932287727 0
		outer loop
			vertex 12.838032722473145 2.1499998569488525 0.09999999403953594
			vertex 12.820615768432617 2.2149999141693115 3.963496388494222e-16
			vertex 12.838032722473145 2.1499998569488525 4.1078255087504344e-16
		endloop
	endfacet
	facet normal -0.9659248115307382 0.2588228322024707 0
		outer loop
			vertex 12.838032722473145 2.1499998569488525 0.09999999403953594
			vertex 12.838032722473145 2.1499998569488525 4.1078255087504344e-16
			vertex 12.820615768432617 2.084999918937683 0.09999999403953595
		endloop
	endfacet
	facet normal -0.9659248115307382 0.2588228322024707 0
		outer loop
			vertex 12.820615768432617 2.084999918937683 0.09999999403953595
			vertex 12.838032722473145 2.1499998569488525 4.1078255087504344e-16
			vertex 12.820615768432617 2.084999918937683 4.252154364308851e-16
		endloop
	endfacet
	facet normal -0.7071120956943746 0.7071014666387772 0
		outer loop
			vertex 12.820615768432617 2.084999918937683 0.09999999403953595
			vertex 12.820615768432617 2.084999918937683 4.252154364308851e-16
			vertex 12.773033142089844 2.0374165773391724 0.09999999403953595
		endloop
	endfacet
	facet normal -0.7071120956943746 0.7071014666387772 0
		outer loop
			vertex 12.773033142089844 2.0374165773391724 0.09999999403953595
			vertex 12.820615768432617 2.084999918937683 4.252154364308851e-16
			vertex 12.773033142089844 2.0374165773391724 4.357810607171392e-16
		endloop
	endfacet
	facet normal -0.2588208551790388 0.9659253412787093 0
		outer loop
			vertex 12.773033142089844 2.0374165773391724 0.09999999403953595
			vertex 12.773033142089844 2.0374165773391724 4.357810607171392e-16
			vertex 12.708033561706543 2.019999861717224 0.09999999403953597
		endloop
	endfacet
	facet normal -0.2588208551790388 0.9659253412787093 0
		outer loop
			vertex 12.708033561706543 2.019999861717224 0.09999999403953597
			vertex 12.773033142089844 2.0374165773391724 4.357810607171392e-16
			vertex 12.708033561706543 2.019999861717224 4.3964834845650633e-16
		endloop
	endfacet
	facet normal 0.25881731218688975 0.9659262906207462 0
		outer loop
			vertex 12.708033561706543 2.019999861717224 0.09999999403953597
			vertex 12.708033561706543 2.019999861717224 4.3964834845650633e-16
			vertex 12.643033027648926 2.0374165773391724 0.09999999403953595
		endloop
	endfacet
	facet normal 0.25881731218688975 0.9659262906207461 0
		outer loop
			vertex 12.643033027648926 2.0374165773391724 0.09999999403953595
			vertex 12.708033561706543 2.019999861717224 4.3964834845650633e-16
			vertex 12.643033027648926 2.0374165773391724 4.357810607171392e-16
		endloop
	endfacet
	facet normal 0.7071120956943746 0.7071014666387772 0
		outer loop
			vertex 12.643033027648926 2.0374165773391724 0.09999999403953595
			vertex 12.643033027648926 2.0374165773391724 4.357810607171392e-16
			vertex 12.595450401306152 2.084999918937683 0.09999999403953595
		endloop
	endfacet
	facet normal 0.7071120956943746 0.7071014666387772 0
		outer loop
			vertex 12.595450401306152 2.084999918937683 0.09999999403953595
			vertex 12.643033027648926 2.0374165773391724 4.357810607171392e-16
			vertex 12.595450401306152 2.084999918937683 4.252154364308851e-16
		endloop
	endfacet
	facet normal 0.9659248115307382 0.2588228322024707 0
		outer loop
			vertex 12.595450401306152 2.084999918937683 0.09999999403953595
			vertex 12.595450401306152 2.084999918937683 4.252154364308851e-16
			vertex 12.578033447265625 2.1499998569488525 0.09999999403953594
		endloop
	endfacet
	facet normal 0.9659248115307382 0.2588228322024707 0
		outer loop
			vertex 12.578033447265625 2.1499998569488525 0.09999999403953594
			vertex 12.595450401306152 2.084999918937683 4.252154364308851e-16
			vertex 12.578033447265625 2.1499998569488525 4.1078255087504344e-16
		endloop
	endfacet
	facet normal 0.9659249302017197 -0.25882238932287727 0
		outer loop
			vertex 12.578033447265625 2.1499998569488525 0.09999999403953594
			vertex 12.578033447265625 2.1499998569488525 4.1078255087504344e-16
			vertex 12.595450401306152 2.2149999141693115 0.09999999403953592
		endloop
	endfacet
	facet normal 0.9659249302017197 -0.25882238932287727 0
		outer loop
			vertex 12.595450401306152 2.2149999141693115 0.09999999403953592
			vertex 12.578033447265625 2.1499998569488525 4.1078255087504344e-16
			vertex 12.595450401306152 2.2149999141693115 3.963496388494222e-16
		endloop
	endfacet
	facet normal 0.7071120956943746 -0.7071014666387772 0
		outer loop
			vertex 12.595450401306152 2.2149999141693115 0.09999999403953592
			vertex 12.595450401306152 2.2149999141693115 3.963496388494222e-16
			vertex 12.643033027648926 2.2625832557678223 0.09999999403953591
		endloop
	endfacet
	facet normal 0.7071120956943746 -0.7071014666387772 0
		outer loop
			vertex 12.643033027648926 2.2625832557678223 0.09999999403953591
			vertex 12.595450401306152 2.2149999141693115 3.963496388494222e-16
			vertex 12.643033027648926 2.2625832557678223 3.8578401456316807e-16
		endloop
	endfacet
	facet normal 0.25881731218688975 -0.9659262906207462 0
		outer loop
			vertex 12.643033027648926 2.2625832557678223 0.09999999403953591
			vertex 12.643033027648926 2.2625832557678223 3.8578401456316807e-16
			vertex 12.708033561706543 2.2799999713897705 0.09999999403953591
		endloop
	endfacet
	facet normal 0.25881731218688975 -0.9659262906207462 0
		outer loop
			vertex 12.708033561706543 2.2799999713897705 0.09999999403953591
			vertex 12.643033027648926 2.2625832557678223 3.8578401456316807e-16
			vertex 12.708033561706543 2.2799999713897705 3.8191672682380095e-16
		endloop
	endfacet
	facet normal -0.2588208551790388 -0.9659253412787093 0
		outer loop
			vertex 12.708033561706543 1.9800000190734863 0.09999999403953597
			vertex 12.708033561706543 1.9800000190734863 4.485300977133985e-16
			vertex 12.773033142089844 1.962583303451538 0.09999999403953598
		endloop
	endfacet
	facet normal -0.2588208551790388 -0.9659253412787093 0
		outer loop
			vertex 12.773033142089844 1.962583303451538 0.09999999403953598
			vertex 12.708033561706543 1.9800000190734863 4.485300977133985e-16
			vertex 12.773033142089844 1.962583303451538 4.523973854527656e-16
		endloop
	endfacet
	facet normal -0.7071120956943746 -0.7071014666387772 0
		outer loop
			vertex 12.773033142089844 1.962583303451538 0.09999999403953598
			vertex 12.773033142089844 1.962583303451538 4.523973854527656e-16
			vertex 12.820615768432617 1.9149999618530273 0.09999999403953598
		endloop
	endfacet
	facet normal -0.7071120956943746 -0.7071014666387772 0
		outer loop
			vertex 12.820615768432617 1.9149999618530273 0.09999999403953598
			vertex 12.773033142089844 1.962583303451538 4.523973854527656e-16
			vertex 12.820615768432617 1.9149999618530273 4.6296300973901975e-16
		endloop
	endfacet
	facet normal -0.9659249302017197 -0.25882238932287727 0
		outer loop
			vertex 12.820615768432617 1.9149999618530273 0.09999999403953598
			vertex 12.820615768432617 1.9149999618530273 4.6296300973901975e-16
			vertex 12.838032722473145 1.8499999046325684 0.099999994039536
		endloop
	endfacet
	facet normal -0.9659249302017197 -0.25882238932287727 0
		outer loop
			vertex 12.838032722473145 1.8499999046325684 0.099999994039536
			vertex 12.820615768432617 1.9149999618530273 4.6296300973901975e-16
			vertex 12.838032722473145 1.8499999046325684 4.77395921764641e-16
		endloop
	endfacet
	facet normal -0.9659249302017197 0.25882238932287727 0
		outer loop
			vertex 12.838032722473145 1.8499999046325684 0.099999994039536
			vertex 12.838032722473145 1.8499999046325684 4.77395921764641e-16
			vertex 12.820615768432617 1.7849998474121094 0.09999999403953601
		endloop
	endfacet
	facet normal -0.9659249302017197 0.25882238932287727 0
		outer loop
			vertex 12.820615768432617 1.7849998474121094 0.09999999403953601
			vertex 12.838032722473145 1.8499999046325684 4.77395921764641e-16
			vertex 12.820615768432617 1.7849998474121094 4.918288337902622e-16
		endloop
	endfacet
	facet normal -0.7071120956943746 0.7071014666387772 0
		outer loop
			vertex 12.820615768432617 1.7849998474121094 0.09999999403953601
			vertex 12.820615768432617 1.7849998474121094 4.918288337902622e-16
			vertex 12.773033142089844 1.7374165058135986 0.09999999403953602
		endloop
	endfacet
	facet normal -0.7071120956943746 0.7071014666387772 0
		outer loop
			vertex 12.773033142089844 1.7374165058135986 0.09999999403953602
			vertex 12.820615768432617 1.7849998474121094 4.918288337902622e-16
			vertex 12.773033142089844 1.7374165058135986 5.023944580765164e-16
		endloop
	endfacet
	facet normal -0.2588208551790388 0.9659253412787093 0
		outer loop
			vertex 12.773033142089844 1.7374165058135986 0.09999999403953602
			vertex 12.773033142089844 1.7374165058135986 5.023944580765164e-16
			vertex 12.708033561706543 1.7199997901916504 0.09999999403953602
		endloop
	endfacet
	facet normal -0.2588208551790388 0.9659253412787093 0
		outer loop
			vertex 12.708033561706543 1.7199997901916504 0.09999999403953602
			vertex 12.773033142089844 1.7374165058135986 5.023944580765164e-16
			vertex 12.708033561706543 1.7199997901916504 5.062617458158835e-16
		endloop
	endfacet
	facet normal 0.25881731218688975 0.9659262906207462 0
		outer loop
			vertex 12.708033561706543 1.7199997901916504 0.09999999403953602
			vertex 12.708033561706543 1.7199997901916504 5.062617458158835e-16
			vertex 12.643033027648926 1.7374165058135986 0.09999999403953602
		endloop
	endfacet
	facet normal 0.25881731218688975 0.9659262906207462 0
		outer loop
			vertex 12.643033027648926 1.7374165058135986 0.09999999403953602
			vertex 12.708033561706543 1.7199997901916504 5.062617458158835e-16
			vertex 12.643033027648926 1.7374165058135986 5.023944580765164e-16
		endloop
	endfacet
	facet normal 0.7071120956943746 0.7071014666387772 0
		outer loop
			vertex 12.643033027648926 1.7374165058135986 0.09999999403953602
			vertex 12.643033027648926 1.7374165058135986 5.023944580765164e-16
			vertex 12.595450401306152 1.7849998474121094 0.09999999403953601
		endloop
	endfacet
	facet normal 0.7071120956943746 0.7071014666387772 0
		outer loop
			vertex 12.595450401306152 1.7849998474121094 0.09999999403953601
			vertex 12.643033027648926 1.7374165058135986 5.023944580765164e-16
			vertex 12.595450401306152 1.7849998474121094 4.918288337902622e-16
		endloop
	endfacet
	facet normal 0.9659249302017197 0.25882238932287727 0
		outer loop
			vertex 12.595450401306152 1.7849998474121094 0.09999999403953601
			vertex 12.595450401306152 1.7849998474121094 4.918288337902622e-16
			vertex 12.578033447265625 1.8499999046325684 0.099999994039536
		endloop
	endfacet
	facet normal 0.9659249302017197 0.25882238932287727 0
		outer loop
			vertex 12.578033447265625 1.8499999046325684 0.099999994039536
			vertex 12.595450401306152 1.7849998474121094 4.918288337902622e-16
			vertex 12.578033447265625 1.8499999046325684 4.77395921764641e-16
		endloop
	endfacet
	facet normal 0.9659249302017197 -0.25882238932287727 0
		outer loop
			vertex 12.578033447265625 1.8499999046325684 0.099999994039536
			vertex 12.578033447265625 1.8499999046325684 4.77395921764641e-16
			vertex 12.595450401306152 1.9149999618530273 0.09999999403953598
		endloop
	endfacet
	facet normal 0.9659249302017197 -0.25882238932287727 0
		outer loop
			vertex 12.595450401306152 1.9149999618530273 0.09999999403953598
			vertex 12.578033447265625 1.8499999046325684 4.77395921764641e-16
			vertex 12.595450401306152 1.9149999618530273 4.6296300973901975e-16
		endloop
	endfacet
	facet normal 0.7071120956943746 -0.7071014666387772 0
		outer loop
			vertex 12.595450401306152 1.9149999618530273 0.09999999403953598
			vertex 12.595450401306152 1.9149999618530273 4.6296300973901975e-16
			vertex 12.643033027648926 1.962583303451538 0.09999999403953598
		endloop
	endfacet
	facet normal 0.7071120956943746 -0.7071014666387772 0
		outer loop
			vertex 12.643033027648926 1.962583303451538 0.09999999403953598
			vertex 12.595450401306152 1.9149999618530273 4.6296300973901975e-16
			vertex 12.643033027648926 1.962583303451538 4.523973854527656e-16
		endloop
	endfacet
	facet normal 0.25881731218688975 -0.9659262906207462 0
		outer loop
			vertex 12.643033027648926 1.962583303451538 0.09999999403953598
			vertex 12.643033027648926 1.962583303451538 4.523973854527656e-16
			vertex 12.708033561706543 1.9800000190734863 0.09999999403953597
		endloop
	endfacet
	facet normal 0.25881731218688975 -0.9659262906207461 0
		outer loop
			vertex 12.708033561706543 1.9800000190734863 0.09999999403953597
			vertex 12.643033027648926 1.962583303451538 4.523973854527656e-16
			vertex 12.708033561706543 1.9800000190734863 4.485300977133985e-16
		endloop
	endfacet
	facet normal -0.2588208551790388 -0.9659253412787093 0
		outer loop
			vertex 13.04348087310791 2.2799999713897705 0.09999999403953591
			vertex 13.04348087310791 2.2799999713897705 3.8191672682380095e-16
			vertex 13.108480453491211 2.2625832557678223 0.09999999403953591
		endloop
	endfacet
	facet normal -0.2588208551790388 -0.9659253412787093 0
		outer loop
			vertex 13.108480453491211 2.2625832557678223 0.09999999403953591
			vertex 13.04348087310791 2.2799999713897705 3.8191672682380095e-16
			vertex 13.108480453491211 2.2625832557678223 3.8578401456316807e-16
		endloop
	endfacet
	facet normal -0.7070979237622645 -0.7071156384998813 0
		outer loop
			vertex 13.108480453491211 2.2625832557678223 0.09999999403953591
			vertex 13.108480453491211 2.2625832557678223 3.8578401456316807e-16
			vertex 13.156064987182617 2.2149999141693115 0.09999999403953592
		endloop
	endfacet
	facet normal -0.7070979237622645 -0.7071156384998813 0
		outer loop
			vertex 13.156064987182617 2.2149999141693115 0.09999999403953592
			vertex 13.108480453491211 2.2625832557678223 3.8578401456316807e-16
			vertex 13.156064987182617 2.2149999141693115 3.963496388494222e-16
		endloop
	endfacet
	facet normal -0.9659284731551147 -0.25880916666190373 0
		outer loop
			vertex 13.156064987182617 2.2149999141693115 0.09999999403953592
			vertex 13.156064987182617 2.2149999141693115 3.963496388494222e-16
			vertex 13.173480987548828 2.1499998569488525 0.09999999403953594
		endloop
	endfacet
	facet normal -0.9659284731551147 -0.25880916666190373 0
		outer loop
			vertex 13.173480987548828 2.1499998569488525 0.09999999403953594
			vertex 13.156064987182617 2.2149999141693115 3.963496388494222e-16
			vertex 13.173480987548828 2.1499998569488525 4.1078255087504344e-16
		endloop
	endfacet
	facet normal -0.9659283544958228 0.2588096095221202 0
		outer loop
			vertex 13.173480987548828 2.1499998569488525 0.09999999403953594
			vertex 13.173480987548828 2.1499998569488525 4.1078255087504344e-16
			vertex 13.156064987182617 2.084999918937683 0.09999999403953595
		endloop
	endfacet
	facet normal -0.9659283544958228 0.2588096095221202 0
		outer loop
			vertex 13.156064987182617 2.084999918937683 0.09999999403953595
			vertex 13.173480987548828 2.1499998569488525 4.1078255087504344e-16
			vertex 13.156064987182617 2.084999918937683 4.252154364308851e-16
		endloop
	endfacet
	facet normal -0.7070979237622645 0.7071156384998813 0
		outer loop
			vertex 13.156064987182617 2.084999918937683 0.09999999403953595
			vertex 13.156064987182617 2.084999918937683 4.252154364308851e-16
			vertex 13.108480453491211 2.0374165773391724 0.09999999403953595
		endloop
	endfacet
	facet normal -0.7070979237622645 0.7071156384998813 0
		outer loop
			vertex 13.108480453491211 2.0374165773391724 0.09999999403953595
			vertex 13.156064987182617 2.084999918937683 4.252154364308851e-16
			vertex 13.108480453491211 2.0374165773391724 4.357810607171392e-16
		endloop
	endfacet
	facet normal -0.2588208551790388 0.9659253412787093 0
		outer loop
			vertex 13.108480453491211 2.0374165773391724 0.09999999403953595
			vertex 13.108480453491211 2.0374165773391724 4.357810607171392e-16
			vertex 13.04348087310791 2.019999861717224 0.09999999403953597
		endloop
	endfacet
	facet normal -0.2588208551790388 0.9659253412787093 0
		outer loop
			vertex 13.04348087310791 2.019999861717224 0.09999999403953597
			vertex 13.108480453491211 2.0374165773391724 4.357810607171392e-16
			vertex 13.04348087310791 2.019999861717224 4.3964834845650633e-16
		endloop
	endfacet
	facet normal 0.2588208551790388 0.9659253412787093 0
		outer loop
			vertex 13.04348087310791 2.019999861717224 0.09999999403953597
			vertex 13.04348087310791 2.019999861717224 4.3964834845650633e-16
			vertex 12.97848129272461 2.0374165773391724 0.09999999403953595
		endloop
	endfacet
	facet normal 0.25882085517903886 0.9659253412787094 0
		outer loop
			vertex 12.97848129272461 2.0374165773391724 0.09999999403953595
			vertex 13.04348087310791 2.019999861717224 4.3964834845650633e-16
			vertex 12.97848129272461 2.0374165773391724 4.357810607171392e-16
		endloop
	endfacet
	facet normal 0.7071050096928146 0.7071085526758424 0
		outer loop
			vertex 12.97848129272461 2.0374165773391724 0.09999999403953595
			vertex 12.97848129272461 2.0374165773391724 4.357810607171392e-16
			vertex 12.93089771270752 2.084999918937683 0.09999999403953595
		endloop
	endfacet
	facet normal 0.7071050096928146 0.7071085526758424 0
		outer loop
			vertex 12.93089771270752 2.084999918937683 0.09999999403953595
			vertex 12.97848129272461 2.0374165773391724 4.357810607171392e-16
			vertex 12.93089771270752 2.084999918937683 4.252154364308851e-16
		endloop
	endfacet
	facet normal 0.9659248115307382 0.2588228322024707 0
		outer loop
			vertex 12.93089771270752 2.084999918937683 0.09999999403953595
			vertex 12.93089771270752 2.084999918937683 4.252154364308851e-16
			vertex 12.913480758666992 2.1499998569488525 0.09999999403953594
		endloop
	endfacet
	facet normal 0.9659248115307382 0.2588228322024707 0
		outer loop
			vertex 12.913480758666992 2.1499998569488525 0.09999999403953594
			vertex 12.93089771270752 2.084999918937683 4.252154364308851e-16
			vertex 12.913480758666992 2.1499998569488525 4.1078255087504344e-16
		endloop
	endfacet
	facet normal 0.9659249302017197 -0.25882238932287727 0
		outer loop
			vertex 12.913480758666992 2.1499998569488525 0.09999999403953594
			vertex 12.913480758666992 2.1499998569488525 4.1078255087504344e-16
			vertex 12.93089771270752 2.2149999141693115 0.09999999403953592
		endloop
	endfacet
	facet normal 0.9659249302017197 -0.25882238932287727 0
		outer loop
			vertex 12.93089771270752 2.2149999141693115 0.09999999403953592
			vertex 12.913480758666992 2.1499998569488525 4.1078255087504344e-16
			vertex 12.93089771270752 2.2149999141693115 3.963496388494222e-16
		endloop
	endfacet
	facet normal 0.7071050096928146 -0.7071085526758424 0
		outer loop
			vertex 12.93089771270752 2.2149999141693115 0.09999999403953592
			vertex 12.93089771270752 2.2149999141693115 3.963496388494222e-16
			vertex 12.97848129272461 2.2625832557678223 0.09999999403953591
		endloop
	endfacet
	facet normal 0.7071050096928146 -0.7071085526758424 0
		outer loop
			vertex 12.97848129272461 2.2625832557678223 0.09999999403953591
			vertex 12.93089771270752 2.2149999141693115 3.963496388494222e-16
			vertex 12.97848129272461 2.2625832557678223 3.8578401456316807e-16
		endloop
	endfacet
	facet normal 0.2588208551790388 -0.9659253412787093 0
		outer loop
			vertex 12.97848129272461 2.2625832557678223 0.09999999403953591
			vertex 12.97848129272461 2.2625832557678223 3.8578401456316807e-16
			vertex 13.04348087310791 2.2799999713897705 0.09999999403953591
		endloop
	endfacet
	facet normal 0.2588208551790388 -0.9659253412787093 0
		outer loop
			vertex 13.04348087310791 2.2799999713897705 0.09999999403953591
			vertex 12.97848129272461 2.2625832557678223 3.8578401456316807e-16
			vertex 13.04348087310791 2.2799999713897705 3.8191672682380095e-16
		endloop
	endfacet
	facet normal -0.2588208551790388 -0.9659253412787093 0
		outer loop
			vertex 13.04348087310791 1.9800000190734863 0.09999999403953597
			vertex 13.04348087310791 1.9800000190734863 4.485300977133985e-16
			vertex 13.108480453491211 1.962583303451538 0.09999999403953598
		endloop
	endfacet
	facet normal -0.2588208551790388 -0.9659253412787093 0
		outer loop
			vertex 13.108480453491211 1.962583303451538 0.09999999403953598
			vertex 13.04348087310791 1.9800000190734863 4.485300977133985e-16
			vertex 13.108480453491211 1.962583303451538 4.523973854527656e-16
		endloop
	endfacet
	facet normal -0.7070979237622645 -0.7071156384998813 0
		outer loop
			vertex 13.108480453491211 1.962583303451538 0.09999999403953598
			vertex 13.108480453491211 1.962583303451538 4.523973854527656e-16
			vertex 13.156064987182617 1.9149999618530273 0.09999999403953598
		endloop
	endfacet
	facet normal -0.7070979237622645 -0.7071156384998813 0
		outer loop
			vertex 13.156064987182617 1.9149999618530273 0.09999999403953598
			vertex 13.108480453491211 1.962583303451538 4.523973854527656e-16
			vertex 13.156064987182617 1.9149999618530273 4.6296300973901975e-16
		endloop
	endfacet
	facet normal -0.9659284731551147 -0.25880916666190373 0
		outer loop
			vertex 13.156064987182617 1.9149999618530273 0.09999999403953598
			vertex 13.156064987182617 1.9149999618530273 4.6296300973901975e-16
			vertex 13.173480987548828 1.8499999046325684 0.099999994039536
		endloop
	endfacet
	facet normal -0.9659284731551147 -0.25880916666190373 0
		outer loop
			vertex 13.173480987548828 1.8499999046325684 0.099999994039536
			vertex 13.156064987182617 1.9149999618530273 4.6296300973901975e-16
			vertex 13.173480987548828 1.8499999046325684 4.77395921764641e-16
		endloop
	endfacet
	facet normal -0.9659284731551147 0.25880916666190373 0
		outer loop
			vertex 13.173480987548828 1.8499999046325684 0.099999994039536
			vertex 13.173480987548828 1.8499999046325684 4.77395921764641e-16
			vertex 13.156064987182617 1.7849998474121094 0.09999999403953601
		endloop
	endfacet
	facet normal -0.9659284731551147 0.25880916666190373 0
		outer loop
			vertex 13.156064987182617 1.7849998474121094 0.09999999403953601
			vertex 13.173480987548828 1.8499999046325684 4.77395921764641e-16
			vertex 13.156064987182617 1.7849998474121094 4.918288337902622e-16
		endloop
	endfacet
	facet normal -0.7070979237622645 0.7071156384998813 0
		outer loop
			vertex 13.156064987182617 1.7849998474121094 0.09999999403953601
			vertex 13.156064987182617 1.7849998474121094 4.918288337902622e-16
			vertex 13.108480453491211 1.7374165058135986 0.09999999403953602
		endloop
	endfacet
	facet normal -0.7070979237622645 0.7071156384998813 0
		outer loop
			vertex 13.108480453491211 1.7374165058135986 0.09999999403953602
			vertex 13.156064987182617 1.7849998474121094 4.918288337902622e-16
			vertex 13.108480453491211 1.7374165058135986 5.023944580765164e-16
		endloop
	endfacet
	facet normal -0.2588208551790388 0.9659253412787093 0
		outer loop
			vertex 13.108480453491211 1.7374165058135986 0.09999999403953602
			vertex 13.108480453491211 1.7374165058135986 5.023944580765164e-16
			vertex 13.04348087310791 1.7199997901916504 0.09999999403953602
		endloop
	endfacet
	facet normal -0.2588208551790388 0.9659253412787093 0
		outer loop
			vertex 13.04348087310791 1.7199997901916504 0.09999999403953602
			vertex 13.108480453491211 1.7374165058135986 5.023944580765164e-16
			vertex 13.04348087310791 1.7199997901916504 5.062617458158835e-16
		endloop
	endfacet
	facet normal 0.2588208551790388 0.9659253412787093 0
		outer loop
			vertex 13.04348087310791 1.7199997901916504 0.09999999403953602
			vertex 13.04348087310791 1.7199997901916504 5.062617458158835e-16
			vertex 12.97848129272461 1.7374165058135986 0.09999999403953602
		endloop
	endfacet
	facet normal 0.2588208551790388 0.9659253412787093 0
		outer loop
			vertex 12.97848129272461 1.7374165058135986 0.09999999403953602
			vertex 13.04348087310791 1.7199997901916504 5.062617458158835e-16
			vertex 12.97848129272461 1.7374165058135986 5.023944580765164e-16
		endloop
	endfacet
	facet normal 0.7071050096928146 0.7071085526758424 0
		outer loop
			vertex 12.97848129272461 1.7374165058135986 0.09999999403953602
			vertex 12.97848129272461 1.7374165058135986 5.023944580765164e-16
			vertex 12.93089771270752 1.7849998474121094 0.09999999403953601
		endloop
	endfacet
	facet normal 0.7071050096928146 0.7071085526758424 0
		outer loop
			vertex 12.93089771270752 1.7849998474121094 0.09999999403953601
			vertex 12.97848129272461 1.7374165058135986 5.023944580765164e-16
			vertex 12.93089771270752 1.7849998474121094 4.918288337902622e-16
		endloop
	endfacet
	facet normal 0.9659249302017197 0.25882238932287727 0
		outer loop
			vertex 12.93089771270752 1.7849998474121094 0.09999999403953601
			vertex 12.93089771270752 1.7849998474121094 4.918288337902622e-16
			vertex 12.913480758666992 1.8499999046325684 0.099999994039536
		endloop
	endfacet
	facet normal 0.9659249302017197 0.25882238932287727 0
		outer loop
			vertex 12.913480758666992 1.8499999046325684 0.099999994039536
			vertex 12.93089771270752 1.7849998474121094 4.918288337902622e-16
			vertex 12.913480758666992 1.8499999046325684 4.77395921764641e-16
		endloop
	endfacet
	facet normal 0.9659249302017197 -0.25882238932287727 0
		outer loop
			vertex 12.913480758666992 1.8499999046325684 0.099999994039536
			vertex 12.913480758666992 1.8499999046325684 4.77395921764641e-16
			vertex 12.93089771270752 1.9149999618530273 0.09999999403953598
		endloop
	endfacet
	facet normal 0.9659249302017197 -0.25882238932287727 0
		outer loop
			vertex 12.93089771270752 1.9149999618530273 0.09999999403953598
			vertex 12.913480758666992 1.8499999046325684 4.77395921764641e-16
			vertex 12.93089771270752 1.9149999618530273 4.6296300973901975e-16
		endloop
	endfacet
	facet normal 0.7071050096928146 -0.7071085526758424 0
		outer loop
			vertex 12.93089771270752 1.9149999618530273 0.09999999403953598
			vertex 12.93089771270752 1.9149999618530273 4.6296300973901975e-16
			vertex 12.97848129272461 1.962583303451538 0.09999999403953598
		endloop
	endfacet
	facet normal 0.7071050096928146 -0.7071085526758424 0
		outer loop
			vertex 12.97848129272461 1.962583303451538 0.09999999403953598
			vertex 12.93089771270752 1.9149999618530273 4.6296300973901975e-16
			vertex 12.97848129272461 1.962583303451538 4.523973854527656e-16
		endloop
	endfacet
	facet normal 0.2588208551790388 -0.9659253412787093 0
		outer loop
			vertex 12.97848129272461 1.962583303451538 0.09999999403953598
			vertex 12.97848129272461 1.962583303451538 4.523973854527656e-16
			vertex 13.04348087310791 1.9800000190734863 0.09999999403953597
		endloop
	endfacet
	facet normal 0.25882085517903886 -0.9659253412787094 0
		outer loop
			vertex 13.04348087310791 1.9800000190734863 0.09999999403953597
			vertex 12.97848129272461 1.962583303451538 4.523973854527656e-16
			vertex 13.04348087310791 1.9800000190734863 4.485300977133985e-16
		endloop
	endfacet
	facet normal 0 -2.220446049250313e-16 -1
		outer loop
			vertex 10.916242599487305 3.1399998664855957 1.9095838988168008e-16
			vertex 10.916242599487305 4 0
			vertex 11.076242446899414 4 0
		endloop
	endfacet
	facet normal 0 -2.220446049250313e-16 -1
		outer loop
			vertex 10.916242599487305 3.1399998664855957 1.9095838988168008e-16
			vertex 11.076242446899414 3.1399998664855957 1.9095838988168008e-16
			vertex 10.916242599487305 2 4.440892098500626e-16
		endloop
	endfacet
	facet normal 0 -2.220446049250313e-16 -1
		outer loop
			vertex 10.916242599487305 2 4.440892098500626e-16
			vertex 11.076242446899414 3.1399998664855957 1.9095838988168008e-16
			vertex 11.076242446899414 2 4.440892098500626e-16
		endloop
	endfacet
	facet normal 0 -2.220446049250313e-16 -1
		outer loop
			vertex 10.916242599487305 2 4.440892098500626e-16
			vertex 11.076242446899414 2 4.440892098500626e-16
			vertex 10.916242599487305 0 8.881784197001252e-16
		endloop
	endfacet
	facet normal 0 -2.220446049250313e-16 -1
		outer loop
			vertex 10.916242599487305 0 8.881784197001252e-16
			vertex 11.076242446899414 2 4.440892098500626e-16
			vertex 11.076242446899414 0 8.881784197001252e-16
		endloop
	endfacet
	facet normal 0 -2.220446049250313e-16 -1
		outer loop
			vertex 11.49624252319336 1.8499999046325684 4.77395921764641e-16
			vertex 11.478826522827148 1.9149999618530273 4.6296300973901975e-16
			vertex 11.533966064453125 2 4.440892098500626e-16
		endloop
	endfacet
	facet normal 0 -2.220446049250313e-16 -1
		outer loop
			vertex 11.30124282836914 1.962583303451538 4.523973854527656e-16
			vertex 11.076242446899414 2 4.440892098500626e-16
			vertex 11.366242408752441 1.9800000190734863 4.485300977133985e-16
		endloop
	endfacet
	facet normal 0 -2.220446049250313e-16 -1
		outer loop
			vertex 11.366242408752441 1.9800000190734863 4.485300977133985e-16
			vertex 11.076242446899414 2 4.440892098500626e-16
			vertex 11.533966064453125 2 4.440892098500626e-16
		endloop
	endfacet
	facet normal 0 -2.220446049250313e-16 -1
		outer loop
			vertex 11.366242408752441 1.9800000190734863 4.485300977133985e-16
			vertex 11.533966064453125 2 4.440892098500626e-16
			vertex 11.431241989135742 1.962583303451538 4.523973854527656e-16
		endloop
	endfacet
	facet normal 0 -2.220446049250313e-16 -1
		outer loop
			vertex 11.431241989135742 1.962583303451538 4.523973854527656e-16
			vertex 11.533966064453125 2 4.440892098500626e-16
			vertex 11.478826522827148 1.9149999618530273 4.6296300973901975e-16
		endloop
	endfacet
	facet normal 0 -2.220446049250313e-16 -1
		outer loop
			vertex 11.30124282836914 1.962583303451538 4.523973854527656e-16
			vertex 11.25365924835205 1.9149999618530273 4.6296300973901975e-16
			vertex 11.076242446899414 2 4.440892098500626e-16
		endloop
	endfacet
	facet normal 0 -2.220446049250313e-16 -1
		outer loop
			vertex 11.076242446899414 2 4.440892098500626e-16
			vertex 11.25365924835205 1.9149999618530273 4.6296300973901975e-16
			vertex 11.236242294311523 1.8499999046325684 4.77395921764641e-16
		endloop
	endfacet
	facet normal 0 -2.220446049250313e-16 -1
		outer loop
			vertex 11.076242446899414 2 4.440892098500626e-16
			vertex 11.236242294311523 1.8499999046325684 4.77395921764641e-16
			vertex 11.076242446899414 0 8.881784197001252e-16
		endloop
	endfacet
	facet normal 0 -2.220446049250313e-16 -1
		outer loop
			vertex 11.533966064453125 0 8.881784197001252e-16
			vertex 11.431241989135742 1.7374165058135986 5.023944580765164e-16
			vertex 11.478826522827148 1.7849998474121094 4.918288337902622e-16
		endloop
	endfacet
	facet normal 0 -2.220446049250313e-16 -1
		outer loop
			vertex 11.236242294311523 1.8499999046325684 4.77395921764641e-16
			vertex 11.25365924835205 1.7849998474121094 4.918288337902622e-16
			vertex 11.076242446899414 0 8.881784197001252e-16
		endloop
	endfacet
	facet normal 0 -2.220446049250313e-16 -1
		outer loop
			vertex 11.076242446899414 0 8.881784197001252e-16
			vertex 11.25365924835205 1.7849998474121094 4.918288337902622e-16
			vertex 11.30124282836914 1.7374165058135986 5.023944580765164e-16
		endloop
	endfacet
	facet normal 0 -2.220446049250313e-16 -1
		outer loop
			vertex 11.076242446899414 0 8.881784197001252e-16
			vertex 11.30124282836914 1.7374165058135986 5.023944580765164e-16
			vertex 11.533966064453125 0 8.881784197001252e-16
		endloop
	endfacet
	facet normal 0 -2.220446049250313e-16 -1
		outer loop
			vertex 11.533966064453125 0 8.881784197001252e-16
			vertex 11.30124282836914 1.7374165058135986 5.023944580765164e-16
			vertex 11.366242408752441 1.7199997901916504 5.062617458158835e-16
		endloop
	endfacet
	facet normal 0 -2.220446049250313e-16 -1
		outer loop
			vertex 11.533966064453125 0 8.881784197001252e-16
			vertex 11.366242408752441 1.7199997901916504 5.062617458158835e-16
			vertex 11.431241989135742 1.7374165058135986 5.023944580765164e-16
		endloop
	endfacet
	facet normal 0 -2.220446049250313e-16 -1
		outer loop
			vertex 11.49624252319336 2.1499998569488525 4.1078255087504344e-16
			vertex 11.478826522827148 2.2149999141693115 3.963496388494222e-16
			vertex 11.533966064453125 3.1399998664855957 1.9095838988168008e-16
		endloop
	endfacet
	facet normal 0 -2.220446049250313e-16 -1
		outer loop
			vertex 11.478826522827148 2.2149999141693115 3.963496388494222e-16
			vertex 11.431241989135742 2.2625832557678223 3.8578401456316807e-16
			vertex 11.533966064453125 3.1399998664855957 1.9095838988168008e-16
		endloop
	endfacet
	facet normal 0 -2.220446049250313e-16 -1
		outer loop
			vertex 11.533966064453125 3.1399998664855957 1.9095838988168008e-16
			vertex 11.431241989135742 2.2625832557678223 3.8578401456316807e-16
			vertex 11.366242408752441 2.2799999713897705 3.8191672682380095e-16
		endloop
	endfacet
	facet normal 0 -2.220446049250313e-16 -1
		outer loop
			vertex 11.533966064453125 3.1399998664855957 1.9095838988168008e-16
			vertex 11.366242408752441 2.2799999713897705 3.8191672682380095e-16
			vertex 11.076242446899414 3.1399998664855957 1.9095838988168008e-16
		endloop
	endfacet
	facet normal 0 -2.220446049250313e-16 -1
		outer loop
			vertex 11.366242408752441 2.2799999713897705 3.8191672682380095e-16
			vertex 11.30124282836914 2.2625832557678223 3.8578401456316807e-16
			vertex 11.076242446899414 3.1399998664855957 1.9095838988168008e-16
		endloop
	endfacet
	facet normal 0 -2.220446049250313e-16 -1
		outer loop
			vertex 11.076242446899414 3.1399998664855957 1.9095838988168008e-16
			vertex 11.30124282836914 2.2625832557678223 3.8578401456316807e-16
			vertex 11.25365924835205 2.2149999141693115 3.963496388494222e-16
		endloop
	endfacet
	facet normal 0 -2.220446049250313e-16 -1
		outer loop
			vertex 11.076242446899414 3.1399998664855957 1.9095838988168008e-16
			vertex 11.25365924835205 2.2149999141693115 3.963496388494222e-16
			vertex 11.076242446899414 2 4.440892098500626e-16
		endloop
	endfacet
	facet normal 0 -2.220446049250313e-16 -1
		outer loop
			vertex 11.076242446899414 2 4.440892098500626e-16
			vertex 11.25365924835205 2.2149999141693115 3.963496388494222e-16
			vertex 11.236242294311523 2.1499998569488525 4.1078255087504344e-16
		endloop
	endfacet
	facet normal 0 -2.220446049250313e-16 -1
		outer loop
			vertex 11.076242446899414 2 4.440892098500626e-16
			vertex 11.236242294311523 2.1499998569488525 4.1078255087504344e-16
			vertex 11.25365924835205 2.084999918937683 4.252154364308851e-16
		endloop
	endfacet
	facet normal 0 -2.220446049250313e-16 -1
		outer loop
			vertex 11.25365924835205 2.084999918937683 4.252154364308851e-16
			vertex 11.30124282836914 2.0374165773391724 4.357810607171392e-16
			vertex 11.076242446899414 2 4.440892098500626e-16
		endloop
	endfacet
	facet normal 0 -2.220446049250313e-16 -1
		outer loop
			vertex 11.076242446899414 2 4.440892098500626e-16
			vertex 11.30124282836914 2.0374165773391724 4.357810607171392e-16
			vertex 11.366242408752441 2.019999861717224 4.3964834845650633e-16
		endloop
	endfacet
	facet normal 0 -2.220446049250313e-16 -1
		outer loop
			vertex 11.076242446899414 2 4.440892098500626e-16
			vertex 11.366242408752441 2.019999861717224 4.3964834845650633e-16
			vertex 11.533966064453125 2 4.440892098500626e-16
		endloop
	endfacet
	facet normal 0 -2.220446049250313e-16 -1
		outer loop
			vertex 11.533966064453125 2 4.440892098500626e-16
			vertex 11.366242408752441 2.019999861717224 4.3964834845650633e-16
			vertex 11.431241989135742 2.0374165773391724 4.357810607171392e-16
		endloop
	endfacet
	facet normal 0 -2.220446049250313e-16 -1
		outer loop
			vertex 11.533966064453125 2 4.440892098500626e-16
			vertex 11.431241989135742 2.0374165773391724 4.357810607171392e-16
			vertex 11.478826522827148 2.084999918937683 4.252154364308851e-16
		endloop
	endfacet
	facet normal 0 -2.220446049250313e-16 -1
		outer loop
			vertex 11.831690788269043 1.8499999046325684 4.77395921764641e-16
			vertex 11.814273834228516 1.9149999618530273 4.6296300973901975e-16
			vertex 11.869413375854492 2 4.440892098500626e-16
		endloop
	endfacet
	facet normal 0 -2.220446049250313e-16 -1
		outer loop
			vertex 11.814273834228516 1.9149999618530273 4.6296300973901975e-16
			vertex 11.766690254211426 1.962583303451538 4.523973854527656e-16
			vertex 11.869413375854492 2 4.440892098500626e-16
		endloop
	endfacet
	facet normal 0 -2.220446049250313e-16 -1
		outer loop
			vertex 11.869413375854492 2 4.440892098500626e-16
			vertex 11.766690254211426 1.962583303451538 4.523973854527656e-16
			vertex 11.701689720153809 1.9800000190734863 4.485300977133985e-16
		endloop
	endfacet
	facet normal 0 -2.220446049250313e-16 -1
		outer loop
			vertex 11.869413375854492 2 4.440892098500626e-16
			vertex 11.701689720153809 1.9800000190734863 4.485300977133985e-16
			vertex 11.533966064453125 2 4.440892098500626e-16
		endloop
	endfacet
	facet normal 0 -2.220446049250313e-16 -1
		outer loop
			vertex 11.533966064453125 2 4.440892098500626e-16
			vertex 11.701689720153809 1.9800000190734863 4.485300977133985e-16
			vertex 11.636690139770508 1.962583303451538 4.523973854527656e-16
		endloop
	endfacet
	facet normal 0 -2.220446049250313e-16 -1
		outer loop
			vertex 11.533966064453125 2 4.440892098500626e-16
			vertex 11.636690139770508 1.962583303451538 4.523973854527656e-16
			vertex 11.589106559753418 1.9149999618530273 4.6296300973901975e-16
		endloop
	endfacet
	facet normal 0 -2.220446049250313e-16 -1
		outer loop
			vertex 11.589106559753418 1.9149999618530273 4.6296300973901975e-16
			vertex 11.571690559387207 1.8499999046325684 4.77395921764641e-16
			vertex 11.533966064453125 2 4.440892098500626e-16
		endloop
	endfacet
	facet normal 0 -2.220446049250313e-16 -1
		outer loop
			vertex 11.533966064453125 2 4.440892098500626e-16
			vertex 11.571690559387207 1.8499999046325684 4.77395921764641e-16
			vertex 11.533966064453125 0 8.881784197001252e-16
		endloop
	endfacet
	facet normal 0 -2.220446049250313e-16 -1
		outer loop
			vertex 11.533966064453125 2 4.440892098500626e-16
			vertex 11.533966064453125 0 8.881784197001252e-16
			vertex 11.49624252319336 1.8499999046325684 4.77395921764641e-16
		endloop
	endfacet
	facet normal 0 -2.220446049250313e-16 -1
		outer loop
			vertex 11.49624252319336 1.8499999046325684 4.77395921764641e-16
			vertex 11.533966064453125 0 8.881784197001252e-16
			vertex 11.478826522827148 1.7849998474121094 4.918288337902622e-16
		endloop
	endfacet
	facet normal 0 -2.220446049250313e-16 -1
		outer loop
			vertex 11.869413375854492 0 8.881784197001252e-16
			vertex 11.766690254211426 1.7374165058135986 5.023944580765164e-16
			vertex 11.814273834228516 1.7849998474121094 4.918288337902622e-16
		endloop
	endfacet
	facet normal 0 -2.220446049250313e-16 -1
		outer loop
			vertex 11.571690559387207 1.8499999046325684 4.77395921764641e-16
			vertex 11.589106559753418 1.7849998474121094 4.918288337902622e-16
			vertex 11.533966064453125 0 8.881784197001252e-16
		endloop
	endfacet
	facet normal 0 -2.220446049250313e-16 -1
		outer loop
			vertex 11.533966064453125 0 8.881784197001252e-16
			vertex 11.589106559753418 1.7849998474121094 4.918288337902622e-16
			vertex 11.636690139770508 1.7374165058135986 5.023944580765164e-16
		endloop
	endfacet
	facet normal 0 -2.220446049250313e-16 -1
		outer loop
			vertex 11.533966064453125 0 8.881784197001252e-16
			vertex 11.636690139770508 1.7374165058135986 5.023944580765164e-16
			vertex 11.869413375854492 0 8.881784197001252e-16
		endloop
	endfacet
	facet normal 0 -2.220446049250313e-16 -1
		outer loop
			vertex 11.869413375854492 0 8.881784197001252e-16
			vertex 11.636690139770508 1.7374165058135986 5.023944580765164e-16
			vertex 11.701689720153809 1.7199997901916504 5.062617458158835e-16
		endloop
	endfacet
	facet normal 0 -2.220446049250313e-16 -1
		outer loop
			vertex 11.869413375854492 0 8.881784197001252e-16
			vertex 11.701689720153809 1.7199997901916504 5.062617458158835e-16
			vertex 11.766690254211426 1.7374165058135986 5.023944580765164e-16
		endloop
	endfacet
	facet normal 0 -2.220446049250313e-16 -1
		outer loop
			vertex 11.571690559387207 2.1499998569488525 4.1078255087504344e-16
			vertex 11.589106559753418 2.084999918937683 4.252154364308851e-16
			vertex 11.533966064453125 2 4.440892098500626e-16
		endloop
	endfacet
	facet normal 0 -2.220446049250313e-16 -1
		outer loop
			vertex 11.869413375854492 3.1399998664855957 1.9095838988168008e-16
			vertex 11.814273834228516 2.2149999141693115 3.963496388494222e-16
			vertex 11.766690254211426 2.2625832557678223 3.8578401456316807e-16
		endloop
	endfacet
	facet normal 0 -2.220446049250313e-16 -1
		outer loop
			vertex 11.869413375854492 3.1399998664855957 1.9095838988168008e-16
			vertex 11.766690254211426 2.2625832557678223 3.8578401456316807e-16
			vertex 11.533966064453125 3.1399998664855957 1.9095838988168008e-16
		endloop
	endfacet
	facet normal 0 -2.220446049250313e-16 -1
		outer loop
			vertex 11.766690254211426 2.2625832557678223 3.8578401456316807e-16
			vertex 11.701689720153809 2.2799999713897705 3.8191672682380095e-16
			vertex 11.533966064453125 3.1399998664855957 1.9095838988168008e-16
		endloop
	endfacet
	facet normal 0 -2.220446049250313e-16 -1
		outer loop
			vertex 11.533966064453125 3.1399998664855957 1.9095838988168008e-16
			vertex 11.701689720153809 2.2799999713897705 3.8191672682380095e-16
			vertex 11.636690139770508 2.2625832557678223 3.8578401456316807e-16
		endloop
	endfacet
	facet normal 0 -2.220446049250313e-16 -1
		outer loop
			vertex 11.533966064453125 3.1399998664855957 1.9095838988168008e-16
			vertex 11.636690139770508 2.2625832557678223 3.8578401456316807e-16
			vertex 11.589106559753418 2.2149999141693115 3.963496388494222e-16
		endloop
	endfacet
	facet normal 0 -2.220446049250313e-16 -1
		outer loop
			vertex 11.814273834228516 2.2149999141693115 3.963496388494222e-16
			vertex 11.869413375854492 3.1399998664855957 1.9095838988168008e-16
			vertex 11.831690788269043 2.1499998569488525 4.1078255087504344e-16
		endloop
	endfacet
	facet normal 0 -2.220446049250313e-16 -1
		outer loop
			vertex 11.831690788269043 2.1499998569488525 4.1078255087504344e-16
			vertex 11.869413375854492 3.1399998664855957 1.9095838988168008e-16
			vertex 11.869413375854492 2 4.440892098500626e-16
		endloop
	endfacet
	facet normal 0 -2.220446049250313e-16 -1
		outer loop
			vertex 11.831690788269043 2.1499998569488525 4.1078255087504344e-16
			vertex 11.869413375854492 2 4.440892098500626e-16
			vertex 11.814273834228516 2.084999918937683 4.252154364308851e-16
		endloop
	endfacet
	facet normal 0 -2.220446049250313e-16 -1
		outer loop
			vertex 11.478826522827148 2.084999918937683 4.252154364308851e-16
			vertex 11.49624252319336 2.1499998569488525 4.1078255087504344e-16
			vertex 11.533966064453125 2 4.440892098500626e-16
		endloop
	endfacet
	facet normal 0 -2.220446049250313e-16 -1
		outer loop
			vertex 11.533966064453125 2 4.440892098500626e-16
			vertex 11.49624252319336 2.1499998569488525 4.1078255087504344e-16
			vertex 11.533966064453125 3.1399998664855957 1.9095838988168008e-16
		endloop
	endfacet
	facet normal 0 -2.220446049250313e-16 -1
		outer loop
			vertex 11.533966064453125 2 4.440892098500626e-16
			vertex 11.533966064453125 3.1399998664855957 1.9095838988168008e-16
			vertex 11.571690559387207 2.1499998569488525 4.1078255087504344e-16
		endloop
	endfacet
	facet normal 0 -2.220446049250313e-16 -1
		outer loop
			vertex 11.571690559387207 2.1499998569488525 4.1078255087504344e-16
			vertex 11.533966064453125 3.1399998664855957 1.9095838988168008e-16
			vertex 11.589106559753418 2.2149999141693115 3.963496388494222e-16
		endloop
	endfacet
	facet normal 0 -2.220446049250313e-16 -1
		outer loop
			vertex 11.589106559753418 2.084999918937683 4.252154364308851e-16
			vertex 11.636690139770508 2.0374165773391724 4.357810607171392e-16
			vertex 11.533966064453125 2 4.440892098500626e-16
		endloop
	endfacet
	facet normal 0 -2.220446049250313e-16 -1
		outer loop
			vertex 11.533966064453125 2 4.440892098500626e-16
			vertex 11.636690139770508 2.0374165773391724 4.357810607171392e-16
			vertex 11.701689720153809 2.019999861717224 4.3964834845650633e-16
		endloop
	endfacet
	facet normal 0 -2.220446049250313e-16 -1
		outer loop
			vertex 11.533966064453125 2 4.440892098500626e-16
			vertex 11.701689720153809 2.019999861717224 4.3964834845650633e-16
			vertex 11.869413375854492 2 4.440892098500626e-16
		endloop
	endfacet
	facet normal 0 -2.220446049250313e-16 -1
		outer loop
			vertex 11.869413375854492 2 4.440892098500626e-16
			vertex 11.701689720153809 2.019999861717224 4.3964834845650633e-16
			vertex 11.766690254211426 2.0374165773391724 4.357810607171392e-16
		endloop
	endfacet
	facet normal 0 -2.220446049250313e-16 -1
		outer loop
			vertex 11.869413375854492 2 4.440892098500626e-16
			vertex 11.766690254211426 2.0374165773391724 4.357810607171392e-16
			vertex 11.814273834228516 2.084999918937683 4.252154364308851e-16
		endloop
	endfacet
	facet normal 0 -2.220446049250313e-16 -1
		outer loop
			vertex 12.204861640930176 2 4.440892098500626e-16
			vertex 12.16713809967041 1.8499999046325684 4.77395921764641e-16
			vertex 12.149721145629883 1.9149999618530273 4.6296300973901975e-16
		endloop
	endfacet
	facet normal 0 -2.220446049250313e-16 -1
		outer loop
			vertex 12.149721145629883 1.9149999618530273 4.6296300973901975e-16
			vertex 12.102137565612793 1.962583303451538 4.523973854527656e-16
			vertex 12.204861640930176 2 4.440892098500626e-16
		endloop
	endfacet
	facet normal 0 -2.220446049250313e-16 -1
		outer loop
			vertex 12.204861640930176 2 4.440892098500626e-16
			vertex 12.102137565612793 1.962583303451538 4.523973854527656e-16
			vertex 12.037137985229492 1.9800000190734863 4.485300977133985e-16
		endloop
	endfacet
	facet normal 0 -2.220446049250313e-16 -1
		outer loop
			vertex 12.204861640930176 2 4.440892098500626e-16
			vertex 12.037137985229492 1.9800000190734863 4.485300977133985e-16
			vertex 11.869413375854492 2 4.440892098500626e-16
		endloop
	endfacet
	facet normal 0 -2.220446049250313e-16 -1
		outer loop
			vertex 11.869413375854492 2 4.440892098500626e-16
			vertex 12.037137985229492 1.9800000190734863 4.485300977133985e-16
			vertex 11.972137451171875 1.962583303451538 4.523973854527656e-16
		endloop
	endfacet
	facet normal 0 -2.220446049250313e-16 -1
		outer loop
			vertex 11.869413375854492 2 4.440892098500626e-16
			vertex 11.972137451171875 1.962583303451538 4.523973854527656e-16
			vertex 11.924554824829102 1.9149999618530273 4.6296300973901975e-16
		endloop
	endfacet
	facet normal 0 -2.220446049250313e-16 -1
		outer loop
			vertex 12.204861640930176 0 8.881784197001252e-16
			vertex 12.102137565612793 1.7374165058135986 5.023944580765164e-16
			vertex 12.149721145629883 1.7849998474121094 4.918288337902622e-16
		endloop
	endfacet
	facet normal 0 -2.220446049250313e-16 -1
		outer loop
			vertex 11.924554824829102 1.9149999618530273 4.6296300973901975e-16
			vertex 11.907137870788574 1.8499999046325684 4.77395921764641e-16
			vertex 11.869413375854492 2 4.440892098500626e-16
		endloop
	endfacet
	facet normal 0 -2.220446049250313e-16 -1
		outer loop
			vertex 11.869413375854492 2 4.440892098500626e-16
			vertex 11.907137870788574 1.8499999046325684 4.77395921764641e-16
			vertex 11.869413375854492 0 8.881784197001252e-16
		endloop
	endfacet
	facet normal 0 -2.220446049250313e-16 -1
		outer loop
			vertex 11.869413375854492 2 4.440892098500626e-16
			vertex 11.869413375854492 0 8.881784197001252e-16
			vertex 11.831690788269043 1.8499999046325684 4.77395921764641e-16
		endloop
	endfacet
	facet normal 0 -2.220446049250313e-16 -1
		outer loop
			vertex 11.831690788269043 1.8499999046325684 4.77395921764641e-16
			vertex 11.869413375854492 0 8.881784197001252e-16
			vertex 11.814273834228516 1.7849998474121094 4.918288337902622e-16
		endloop
	endfacet
	facet normal 0 -2.220446049250313e-16 -1
		outer loop
			vertex 11.907137870788574 1.8499999046325684 4.77395921764641e-16
			vertex 11.924554824829102 1.7849998474121094 4.918288337902622e-16
			vertex 11.869413375854492 0 8.881784197001252e-16
		endloop
	endfacet
	facet normal 0 -2.220446049250313e-16 -1
		outer loop
			vertex 11.869413375854492 0 8.881784197001252e-16
			vertex 11.924554824829102 1.7849998474121094 4.918288337902622e-16
			vertex 11.972137451171875 1.7374165058135986 5.023944580765164e-16
		endloop
	endfacet
	facet normal 0 -2.220446049250313e-16 -1
		outer loop
			vertex 11.869413375854492 0 8.881784197001252e-16
			vertex 11.972137451171875 1.7374165058135986 5.023944580765164e-16
			vertex 12.204861640930176 0 8.881784197001252e-16
		endloop
	endfacet
	facet normal 0 -2.220446049250313e-16 -1
		outer loop
			vertex 12.204861640930176 0 8.881784197001252e-16
			vertex 11.972137451171875 1.7374165058135986 5.023944580765164e-16
			vertex 12.037137985229492 1.7199997901916504 5.062617458158835e-16
		endloop
	endfacet
	facet normal 0 -2.220446049250313e-16 -1
		outer loop
			vertex 12.204861640930176 0 8.881784197001252e-16
			vertex 12.037137985229492 1.7199997901916504 5.062617458158835e-16
			vertex 12.102137565612793 1.7374165058135986 5.023944580765164e-16
		endloop
	endfacet
	facet normal 0 -2.220446049250313e-16 -1
		outer loop
			vertex 12.16713809967041 2.1499998569488525 4.1078255087504344e-16
			vertex 12.149721145629883 2.2149999141693115 3.963496388494222e-16
			vertex 12.204861640930176 3.1399998664855957 1.9095838988168008e-16
		endloop
	endfacet
	facet normal 0 -2.220446049250313e-16 -1
		outer loop
			vertex 12.204861640930176 3.1399998664855957 1.9095838988168008e-16
			vertex 12.149721145629883 2.2149999141693115 3.963496388494222e-16
			vertex 12.102137565612793 2.2625832557678223 3.8578401456316807e-16
		endloop
	endfacet
	facet normal 0 -2.220446049250313e-16 -1
		outer loop
			vertex 12.204861640930176 3.1399998664855957 1.9095838988168008e-16
			vertex 12.102137565612793 2.2625832557678223 3.8578401456316807e-16
			vertex 11.869413375854492 3.1399998664855957 1.9095838988168008e-16
		endloop
	endfacet
	facet normal 0 -2.220446049250313e-16 -1
		outer loop
			vertex 11.869413375854492 3.1399998664855957 1.9095838988168008e-16
			vertex 12.102137565612793 2.2625832557678223 3.8578401456316807e-16
			vertex 12.037137985229492 2.2799999713897705 3.8191672682380095e-16
		endloop
	endfacet
	facet normal 0 -2.220446049250313e-16 -1
		outer loop
			vertex 11.869413375854492 3.1399998664855957 1.9095838988168008e-16
			vertex 12.037137985229492 2.2799999713897705 3.8191672682380095e-16
			vertex 11.972137451171875 2.2625832557678223 3.8578401456316807e-16
		endloop
	endfacet
	facet normal 0 -2.220446049250313e-16 -1
		outer loop
			vertex 11.972137451171875 2.2625832557678223 3.8578401456316807e-16
			vertex 11.924554824829102 2.2149999141693115 3.963496388494222e-16
			vertex 11.869413375854492 3.1399998664855957 1.9095838988168008e-16
		endloop
	endfacet
	facet normal 0 -2.220446049250313e-16 -1
		outer loop
			vertex 11.869413375854492 3.1399998664855957 1.9095838988168008e-16
			vertex 11.924554824829102 2.2149999141693115 3.963496388494222e-16
			vertex 11.907137870788574 2.1499998569488525 4.1078255087504344e-16
		endloop
	endfacet
	facet normal 0 -2.220446049250313e-16 -1
		outer loop
			vertex 11.869413375854492 3.1399998664855957 1.9095838988168008e-16
			vertex 11.907137870788574 2.1499998569488525 4.1078255087504344e-16
			vertex 11.869413375854492 2 4.440892098500626e-16
		endloop
	endfacet
	facet normal 0 -2.220446049250313e-16 -1
		outer loop
			vertex 11.869413375854492 2 4.440892098500626e-16
			vertex 11.907137870788574 2.1499998569488525 4.1078255087504344e-16
			vertex 11.924554824829102 2.084999918937683 4.252154364308851e-16
		endloop
	endfacet
	facet normal 0 -2.220446049250313e-16 -1
		outer loop
			vertex 11.924554824829102 2.084999918937683 4.252154364308851e-16
			vertex 11.972137451171875 2.0374165773391724 4.357810607171392e-16
			vertex 11.869413375854492 2 4.440892098500626e-16
		endloop
	endfacet
	facet normal 0 -2.220446049250313e-16 -1
		outer loop
			vertex 11.869413375854492 2 4.440892098500626e-16
			vertex 11.972137451171875 2.0374165773391724 4.357810607171392e-16
			vertex 12.037137985229492 2.019999861717224 4.3964834845650633e-16
		endloop
	endfacet
	facet normal 0 -2.220446049250313e-16 -1
		outer loop
			vertex 11.869413375854492 2 4.440892098500626e-16
			vertex 12.037137985229492 2.019999861717224 4.3964834845650633e-16
			vertex 12.204861640930176 2 4.440892098500626e-16
		endloop
	endfacet
	facet normal 0 -2.220446049250313e-16 -1
		outer loop
			vertex 12.204861640930176 2 4.440892098500626e-16
			vertex 12.037137985229492 2.019999861717224 4.3964834845650633e-16
			vertex 12.102137565612793 2.0374165773391724 4.357810607171392e-16
		endloop
	endfacet
	facet normal 0 -2.220446049250313e-16 -1
		outer loop
			vertex 12.204861640930176 2 4.440892098500626e-16
			vertex 12.102137565612793 2.0374165773391724 4.357810607171392e-16
			vertex 12.149721145629883 2.084999918937683 4.252154364308851e-16
		endloop
	endfacet
	facet normal 0 -2.220446049250313e-16 -1
		outer loop
			vertex 12.502585411071777 1.8499999046325684 4.77395921764641e-16
			vertex 12.48516845703125 1.9149999618530273 4.6296300973901975e-16
			vertex 12.54030990600586 2 4.440892098500626e-16
		endloop
	endfacet
	facet normal 0 -2.220446049250313e-16 -1
		outer loop
			vertex 12.48516845703125 1.9149999618530273 4.6296300973901975e-16
			vertex 12.437585830688477 1.962583303451538 4.523973854527656e-16
			vertex 12.54030990600586 2 4.440892098500626e-16
		endloop
	endfacet
	facet normal 0 -2.220446049250313e-16 -1
		outer loop
			vertex 12.54030990600586 2 4.440892098500626e-16
			vertex 12.437585830688477 1.962583303451538 4.523973854527656e-16
			vertex 12.37258529663086 1.9800000190734863 4.485300977133985e-16
		endloop
	endfacet
	facet normal 0 -2.220446049250313e-16 -1
		outer loop
			vertex 12.54030990600586 2 4.440892098500626e-16
			vertex 12.37258529663086 1.9800000190734863 4.485300977133985e-16
			vertex 12.204861640930176 2 4.440892098500626e-16
		endloop
	endfacet
	facet normal 0 -2.220446049250313e-16 -1
		outer loop
			vertex 12.204861640930176 2 4.440892098500626e-16
			vertex 12.37258529663086 1.9800000190734863 4.485300977133985e-16
			vertex 12.307585716247559 1.962583303451538 4.523973854527656e-16
		endloop
	endfacet
	facet normal 0 -2.220446049250313e-16 -1
		outer loop
			vertex 12.204861640930176 2 4.440892098500626e-16
			vertex 12.307585716247559 1.962583303451538 4.523973854527656e-16
			vertex 12.260002136230469 1.9149999618530273 4.6296300973901975e-16
		endloop
	endfacet
	facet normal 0 -2.220446049250313e-16 -1
		outer loop
			vertex 12.260002136230469 1.9149999618530273 4.6296300973901975e-16
			vertex 12.242585182189941 1.8499999046325684 4.77395921764641e-16
			vertex 12.204861640930176 2 4.440892098500626e-16
		endloop
	endfacet
	facet normal 0 -2.220446049250313e-16 -1
		outer loop
			vertex 12.204861640930176 2 4.440892098500626e-16
			vertex 12.242585182189941 1.8499999046325684 4.77395921764641e-16
			vertex 12.204861640930176 0 8.881784197001252e-16
		endloop
	endfacet
	facet normal 0 -2.220446049250313e-16 -1
		outer loop
			vertex 12.204861640930176 2 4.440892098500626e-16
			vertex 12.204861640930176 0 8.881784197001252e-16
			vertex 12.16713809967041 1.8499999046325684 4.77395921764641e-16
		endloop
	endfacet
	facet normal 0 -2.220446049250313e-16 -1
		outer loop
			vertex 12.16713809967041 1.8499999046325684 4.77395921764641e-16
			vertex 12.204861640930176 0 8.881784197001252e-16
			vertex 12.149721145629883 1.7849998474121094 4.918288337902622e-16
		endloop
	endfacet
	facet normal 0 -2.220446049250313e-16 -1
		outer loop
			vertex 12.54030990600586 0 8.881784197001252e-16
			vertex 12.437585830688477 1.7374165058135986 5.023944580765164e-16
			vertex 12.48516845703125 1.7849998474121094 4.918288337902622e-16
		endloop
	endfacet
	facet normal 0 -2.220446049250313e-16 -1
		outer loop
			vertex 12.242585182189941 1.8499999046325684 4.77395921764641e-16
			vertex 12.260002136230469 1.7849998474121094 4.918288337902622e-16
			vertex 12.204861640930176 0 8.881784197001252e-16
		endloop
	endfacet
	facet normal 0 -2.220446049250313e-16 -1
		outer loop
			vertex 12.204861640930176 0 8.881784197001252e-16
			vertex 12.260002136230469 1.7849998474121094 4.918288337902622e-16
			vertex 12.307585716247559 1.7374165058135986 5.023944580765164e-16
		endloop
	endfacet
	facet normal 0 -2.220446049250313e-16 -1
		outer loop
			vertex 12.204861640930176 0 8.881784197001252e-16
			vertex 12.307585716247559 1.7374165058135986 5.023944580765164e-16
			vertex 12.54030990600586 0 8.881784197001252e-16
		endloop
	endfacet
	facet normal 0 -2.220446049250313e-16 -1
		outer loop
			vertex 12.54030990600586 0 8.881784197001252e-16
			vertex 12.307585716247559 1.7374165058135986 5.023944580765164e-16
			vertex 12.37258529663086 1.7199997901916504 5.062617458158835e-16
		endloop
	endfacet
	facet normal 0 -2.220446049250313e-16 -1
		outer loop
			vertex 12.54030990600586 0 8.881784197001252e-16
			vertex 12.37258529663086 1.7199997901916504 5.062617458158835e-16
			vertex 12.437585830688477 1.7374165058135986 5.023944580765164e-16
		endloop
	endfacet
	facet normal 0 -2.220446049250313e-16 -1
		outer loop
			vertex 12.242585182189941 2.1499998569488525 4.1078255087504344e-16
			vertex 12.260002136230469 2.084999918937683 4.252154364308851e-16
			vertex 12.204861640930176 2 4.440892098500626e-16
		endloop
	endfacet
	facet normal 0 -2.220446049250313e-16 -1
		outer loop
			vertex 12.502585411071777 2.1499998569488525 4.1078255087504344e-16
			vertex 12.48516845703125 2.2149999141693115 3.963496388494222e-16
			vertex 12.54030990600586 3.1399998664855957 1.9095838988168008e-16
		endloop
	endfacet
	facet normal 0 -2.220446049250313e-16 -1
		outer loop
			vertex 12.54030990600586 3.1399998664855957 1.9095838988168008e-16
			vertex 12.48516845703125 2.2149999141693115 3.963496388494222e-16
			vertex 12.437585830688477 2.2625832557678223 3.8578401456316807e-16
		endloop
	endfacet
	facet normal 0 -2.220446049250313e-16 -1
		outer loop
			vertex 12.54030990600586 3.1399998664855957 1.9095838988168008e-16
			vertex 12.437585830688477 2.2625832557678223 3.8578401456316807e-16
			vertex 12.204861640930176 3.1399998664855957 1.9095838988168008e-16
		endloop
	endfacet
	facet normal 0 -2.220446049250313e-16 -1
		outer loop
			vertex 12.437585830688477 2.2625832557678223 3.8578401456316807e-16
			vertex 12.37258529663086 2.2799999713897705 3.8191672682380095e-16
			vertex 12.204861640930176 3.1399998664855957 1.9095838988168008e-16
		endloop
	endfacet
	facet normal 0 -2.220446049250313e-16 -1
		outer loop
			vertex 12.204861640930176 3.1399998664855957 1.9095838988168008e-16
			vertex 12.37258529663086 2.2799999713897705 3.8191672682380095e-16
			vertex 12.307585716247559 2.2625832557678223 3.8578401456316807e-16
		endloop
	endfacet
	facet normal 0 -2.220446049250313e-16 -1
		outer loop
			vertex 12.204861640930176 3.1399998664855957 1.9095838988168008e-16
			vertex 12.307585716247559 2.2625832557678223 3.8578401456316807e-16
			vertex 12.260002136230469 2.2149999141693115 3.963496388494222e-16
		endloop
	endfacet
	facet normal 0 -2.220446049250313e-16 -1
		outer loop
			vertex 12.149721145629883 2.084999918937683 4.252154364308851e-16
			vertex 12.16713809967041 2.1499998569488525 4.1078255087504344e-16
			vertex 12.204861640930176 2 4.440892098500626e-16
		endloop
	endfacet
	facet normal 0 -2.220446049250313e-16 -1
		outer loop
			vertex 12.204861640930176 2 4.440892098500626e-16
			vertex 12.16713809967041 2.1499998569488525 4.1078255087504344e-16
			vertex 12.204861640930176 3.1399998664855957 1.9095838988168008e-16
		endloop
	endfacet
	facet normal 0 -2.220446049250313e-16 -1
		outer loop
			vertex 12.204861640930176 2 4.440892098500626e-16
			vertex 12.204861640930176 3.1399998664855957 1.9095838988168008e-16
			vertex 12.242585182189941 2.1499998569488525 4.1078255087504344e-16
		endloop
	endfacet
	facet normal 0 -2.220446049250313e-16 -1
		outer loop
			vertex 12.242585182189941 2.1499998569488525 4.1078255087504344e-16
			vertex 12.204861640930176 3.1399998664855957 1.9095838988168008e-16
			vertex 12.260002136230469 2.2149999141693115 3.963496388494222e-16
		endloop
	endfacet
	facet normal 0 -2.220446049250313e-16 -1
		outer loop
			vertex 12.260002136230469 2.084999918937683 4.252154364308851e-16
			vertex 12.307585716247559 2.0374165773391724 4.357810607171392e-16
			vertex 12.204861640930176 2 4.440892098500626e-16
		endloop
	endfacet
	facet normal 0 -2.220446049250313e-16 -1
		outer loop
			vertex 12.204861640930176 2 4.440892098500626e-16
			vertex 12.307585716247559 2.0374165773391724 4.357810607171392e-16
			vertex 12.37258529663086 2.019999861717224 4.3964834845650633e-16
		endloop
	endfacet
	facet normal 0 -2.220446049250313e-16 -1
		outer loop
			vertex 12.204861640930176 2 4.440892098500626e-16
			vertex 12.37258529663086 2.019999861717224 4.3964834845650633e-16
			vertex 12.54030990600586 2 4.440892098500626e-16
		endloop
	endfacet
	facet normal 0 -2.220446049250313e-16 -1
		outer loop
			vertex 12.54030990600586 2 4.440892098500626e-16
			vertex 12.37258529663086 2.019999861717224 4.3964834845650633e-16
			vertex 12.437585830688477 2.0374165773391724 4.357810607171392e-16
		endloop
	endfacet
	facet normal 0 -2.220446049250313e-16 -1
		outer loop
			vertex 12.54030990600586 2 4.440892098500626e-16
			vertex 12.437585830688477 2.0374165773391724 4.357810607171392e-16
			vertex 12.48516845703125 2.084999918937683 4.252154364308851e-16
		endloop
	endfacet
	facet normal 0 -2.220446049250313e-16 -1
		outer loop
			vertex 12.875757217407227 2 4.440892098500626e-16
			vertex 12.773033142089844 1.962583303451538 4.523973854527656e-16
			vertex 12.708033561706543 1.9800000190734863 4.485300977133985e-16
		endloop
	endfacet
	facet normal 0 -2.220446049250313e-16 -1
		outer loop
			vertex 12.875757217407227 2 4.440892098500626e-16
			vertex 12.708033561706543 1.9800000190734863 4.485300977133985e-16
			vertex 12.54030990600586 2 4.440892098500626e-16
		endloop
	endfacet
	facet normal 0 -2.220446049250313e-16 -1
		outer loop
			vertex 12.54030990600586 2 4.440892098500626e-16
			vertex 12.708033561706543 1.9800000190734863 4.485300977133985e-16
			vertex 12.643033027648926 1.962583303451538 4.523973854527656e-16
		endloop
	endfacet
	facet normal 0 -2.220446049250313e-16 -1
		outer loop
			vertex 12.54030990600586 2 4.440892098500626e-16
			vertex 12.643033027648926 1.962583303451538 4.523973854527656e-16
			vertex 12.595450401306152 1.9149999618530273 4.6296300973901975e-16
		endloop
	endfacet
	facet normal 0 -2.220446049250313e-16 -1
		outer loop
			vertex 12.595450401306152 1.9149999618530273 4.6296300973901975e-16
			vertex 12.578033447265625 1.8499999046325684 4.77395921764641e-16
			vertex 12.54030990600586 2 4.440892098500626e-16
		endloop
	endfacet
	facet normal 0 -2.220446049250313e-16 -1
		outer loop
			vertex 12.54030990600586 2 4.440892098500626e-16
			vertex 12.578033447265625 1.8499999046325684 4.77395921764641e-16
			vertex 12.54030990600586 0 8.881784197001252e-16
		endloop
	endfacet
	facet normal 0 -2.220446049250313e-16 -1
		outer loop
			vertex 12.54030990600586 2 4.440892098500626e-16
			vertex 12.54030990600586 0 8.881784197001252e-16
			vertex 12.502585411071777 1.8499999046325684 4.77395921764641e-16
		endloop
	endfacet
	facet normal 0 -2.220446049250313e-16 -1
		outer loop
			vertex 12.502585411071777 1.8499999046325684 4.77395921764641e-16
			vertex 12.54030990600586 0 8.881784197001252e-16
			vertex 12.48516845703125 1.7849998474121094 4.918288337902622e-16
		endloop
	endfacet
	facet normal 0 -2.220446049250313e-16 -1
		outer loop
			vertex 12.578033447265625 1.8499999046325684 4.77395921764641e-16
			vertex 12.595450401306152 1.7849998474121094 4.918288337902622e-16
			vertex 12.54030990600586 0 8.881784197001252e-16
		endloop
	endfacet
	facet normal 0 -2.220446049250313e-16 -1
		outer loop
			vertex 12.54030990600586 0 8.881784197001252e-16
			vertex 12.595450401306152 1.7849998474121094 4.918288337902622e-16
			vertex 12.643033027648926 1.7374165058135986 5.023944580765164e-16
		endloop
	endfacet
	facet normal 0 -2.220446049250313e-16 -1
		outer loop
			vertex 12.54030990600586 0 8.881784197001252e-16
			vertex 12.643033027648926 1.7374165058135986 5.023944580765164e-16
			vertex 12.875757217407227 0 8.881784197001252e-16
		endloop
	endfacet
	facet normal 0 -2.220446049250313e-16 -1
		outer loop
			vertex 12.875757217407227 0 8.881784197001252e-16
			vertex 12.643033027648926 1.7374165058135986 5.023944580765164e-16
			vertex 12.708033561706543 1.7199997901916504 5.062617458158835e-16
		endloop
	endfacet
	facet normal 0 -2.220446049250313e-16 -1
		outer loop
			vertex 12.875757217407227 0 8.881784197001252e-16
			vertex 12.708033561706543 1.7199997901916504 5.062617458158835e-16
			vertex 12.773033142089844 1.7374165058135986 5.023944580765164e-16
		endloop
	endfacet
	facet normal 0 -2.220446049250313e-16 -1
		outer loop
			vertex 12.773033142089844 1.7374165058135986 5.023944580765164e-16
			vertex 12.820615768432617 1.7849998474121094 4.918288337902622e-16
			vertex 12.875757217407227 0 8.881784197001252e-16
		endloop
	endfacet
	facet normal 0 -2.220446049250313e-16 -1
		outer loop
			vertex 12.875757217407227 0 8.881784197001252e-16
			vertex 12.820615768432617 1.7849998474121094 4.918288337902622e-16
			vertex 12.838032722473145 1.8499999046325684 4.77395921764641e-16
		endloop
	endfacet
	facet normal 0 -2.220446049250313e-16 -1
		outer loop
			vertex 12.875757217407227 0 8.881784197001252e-16
			vertex 12.838032722473145 1.8499999046325684 4.77395921764641e-16
			vertex 12.875757217407227 2 4.440892098500626e-16
		endloop
	endfacet
	facet normal 0 -2.220446049250313e-16 -1
		outer loop
			vertex 12.875757217407227 2 4.440892098500626e-16
			vertex 12.838032722473145 1.8499999046325684 4.77395921764641e-16
			vertex 12.820615768432617 1.9149999618530273 4.6296300973901975e-16
		endloop
	endfacet
	facet normal 0 -2.220446049250313e-16 -1
		outer loop
			vertex 12.875757217407227 2 4.440892098500626e-16
			vertex 12.820615768432617 1.9149999618530273 4.6296300973901975e-16
			vertex 12.773033142089844 1.962583303451538 4.523973854527656e-16
		endloop
	endfacet
	facet normal 0 -2.220446049250313e-16 -1
		outer loop
			vertex 12.578033447265625 2.1499998569488525 4.1078255087504344e-16
			vertex 12.595450401306152 2.084999918937683 4.252154364308851e-16
			vertex 12.54030990600586 2 4.440892098500626e-16
		endloop
	endfacet
	facet normal 0 -2.220446049250313e-16 -1
		outer loop
			vertex 12.875757217407227 3.1399998664855957 1.9095838988168008e-16
			vertex 12.820615768432617 2.2149999141693115 3.963496388494222e-16
			vertex 12.773033142089844 2.2625832557678223 3.8578401456316807e-16
		endloop
	endfacet
	facet normal 0 -2.220446049250313e-16 -1
		outer loop
			vertex 12.875757217407227 3.1399998664855957 1.9095838988168008e-16
			vertex 12.773033142089844 2.2625832557678223 3.8578401456316807e-16
			vertex 12.54030990600586 3.1399998664855957 1.9095838988168008e-16
		endloop
	endfacet
	facet normal 0 -2.220446049250313e-16 -1
		outer loop
			vertex 12.773033142089844 2.2625832557678223 3.8578401456316807e-16
			vertex 12.708033561706543 2.2799999713897705 3.8191672682380095e-16
			vertex 12.54030990600586 3.1399998664855957 1.9095838988168008e-16
		endloop
	endfacet
	facet normal 0 -2.220446049250313e-16 -1
		outer loop
			vertex 12.54030990600586 3.1399998664855957 1.9095838988168008e-16
			vertex 12.708033561706543 2.2799999713897705 3.8191672682380095e-16
			vertex 12.643033027648926 2.2625832557678223 3.8578401456316807e-16
		endloop
	endfacet
	facet normal 0 -2.220446049250313e-16 -1
		outer loop
			vertex 12.54030990600586 3.1399998664855957 1.9095838988168008e-16
			vertex 12.643033027648926 2.2625832557678223 3.8578401456316807e-16
			vertex 12.595450401306152 2.2149999141693115 3.963496388494222e-16
		endloop
	endfacet
	facet normal 0 -2.220446049250313e-16 -1
		outer loop
			vertex 12.820615768432617 2.2149999141693115 3.963496388494222e-16
			vertex 12.875757217407227 3.1399998664855957 1.9095838988168008e-16
			vertex 12.838032722473145 2.1499998569488525 4.1078255087504344e-16
		endloop
	endfacet
	facet normal 0 -2.220446049250313e-16 -1
		outer loop
			vertex 12.838032722473145 2.1499998569488525 4.1078255087504344e-16
			vertex 12.875757217407227 3.1399998664855957 1.9095838988168008e-16
			vertex 12.875757217407227 2 4.440892098500626e-16
		endloop
	endfacet
	facet normal 0 -2.220446049250313e-16 -1
		outer loop
			vertex 12.838032722473145 2.1499998569488525 4.1078255087504344e-16
			vertex 12.875757217407227 2 4.440892098500626e-16
			vertex 12.820615768432617 2.084999918937683 4.252154364308851e-16
		endloop
	endfacet
	facet normal 0 -2.220446049250313e-16 -1
		outer loop
			vertex 12.48516845703125 2.084999918937683 4.252154364308851e-16
			vertex 12.502585411071777 2.1499998569488525 4.1078255087504344e-16
			vertex 12.54030990600586 2 4.440892098500626e-16
		endloop
	endfacet
	facet normal 0 -2.220446049250313e-16 -1
		outer loop
			vertex 12.54030990600586 2 4.440892098500626e-16
			vertex 12.502585411071777 2.1499998569488525 4.1078255087504344e-16
			vertex 12.54030990600586 3.1399998664855957 1.9095838988168008e-16
		endloop
	endfacet
	facet normal 0 -2.220446049250313e-16 -1
		outer loop
			vertex 12.54030990600586 2 4.440892098500626e-16
			vertex 12.54030990600586 3.1399998664855957 1.9095838988168008e-16
			vertex 12.578033447265625 2.1499998569488525 4.1078255087504344e-16
		endloop
	endfacet
	facet normal 0 -2.220446049250313e-16 -1
		outer loop
			vertex 12.578033447265625 2.1499998569488525 4.1078255087504344e-16
			vertex 12.54030990600586 3.1399998664855957 1.9095838988168008e-16
			vertex 12.595450401306152 2.2149999141693115 3.963496388494222e-16
		endloop
	endfacet
	facet normal 0 -2.220446049250313e-16 -1
		outer loop
			vertex 12.595450401306152 2.084999918937683 4.252154364308851e-16
			vertex 12.643033027648926 2.0374165773391724 4.357810607171392e-16
			vertex 12.54030990600586 2 4.440892098500626e-16
		endloop
	endfacet
	facet normal 0 -2.220446049250313e-16 -1
		outer loop
			vertex 12.54030990600586 2 4.440892098500626e-16
			vertex 12.643033027648926 2.0374165773391724 4.357810607171392e-16
			vertex 12.708033561706543 2.019999861717224 4.3964834845650633e-16
		endloop
	endfacet
	facet normal 0 -2.220446049250313e-16 -1
		outer loop
			vertex 12.54030990600586 2 4.440892098500626e-16
			vertex 12.708033561706543 2.019999861717224 4.3964834845650633e-16
			vertex 12.875757217407227 2 4.440892098500626e-16
		endloop
	endfacet
	facet normal 0 -2.220446049250313e-16 -1
		outer loop
			vertex 12.875757217407227 2 4.440892098500626e-16
			vertex 12.708033561706543 2.019999861717224 4.3964834845650633e-16
			vertex 12.773033142089844 2.0374165773391724 4.357810607171392e-16
		endloop
	endfacet
	facet normal 0 -2.220446049250313e-16 -1
		outer loop
			vertex 12.875757217407227 2 4.440892098500626e-16
			vertex 12.773033142089844 2.0374165773391724 4.357810607171392e-16
			vertex 12.820615768432617 2.084999918937683 4.252154364308851e-16
		endloop
	endfacet
	facet normal 0 -2.220446049250313e-16 -1
		outer loop
			vertex 12.875757217407227 2 4.440892098500626e-16
			vertex 13.04348087310791 1.9800000190734863 4.485300977133985e-16
			vertex 12.97848129272461 1.962583303451538 4.523973854527656e-16
		endloop
	endfacet
	facet normal 0 -2.220446049250313e-16 -1
		outer loop
			vertex 13.156064987182617 1.9149999618530273 4.6296300973901975e-16
			vertex 13.108480453491211 1.962583303451538 4.523973854527656e-16
			vertex 14.409420013427734 2 4.440892098500626e-16
		endloop
	endfacet
	facet normal 0 -2.220446049250313e-16 -1
		outer loop
			vertex 14.409420013427734 2 4.440892098500626e-16
			vertex 13.108480453491211 1.962583303451538 4.523973854527656e-16
			vertex 13.04348087310791 1.9800000190734863 4.485300977133985e-16
		endloop
	endfacet
	facet normal 0 -2.220446049250313e-16 -1
		outer loop
			vertex 12.93089771270752 1.7849998474121094 4.918288337902622e-16
			vertex 12.875757217407227 0 8.881784197001252e-16
			vertex 12.913480758666992 1.8499999046325684 4.77395921764641e-16
		endloop
	endfacet
	facet normal 0 -2.220446049250313e-16 -1
		outer loop
			vertex 12.913480758666992 1.8499999046325684 4.77395921764641e-16
			vertex 12.875757217407227 0 8.881784197001252e-16
			vertex 12.875757217407227 2 4.440892098500626e-16
		endloop
	endfacet
	facet normal 0 -2.220446049250313e-16 -1
		outer loop
			vertex 12.913480758666992 1.8499999046325684 4.77395921764641e-16
			vertex 12.875757217407227 2 4.440892098500626e-16
			vertex 12.93089771270752 1.9149999618530273 4.6296300973901975e-16
		endloop
	endfacet
	facet normal 0 -2.220446049250313e-16 -1
		outer loop
			vertex 12.93089771270752 1.9149999618530273 4.6296300973901975e-16
			vertex 12.875757217407227 2 4.440892098500626e-16
			vertex 12.97848129272461 1.962583303451538 4.523973854527656e-16
		endloop
	endfacet
	facet normal 0 -2.220446049250313e-16 -1
		outer loop
			vertex 12.93089771270752 1.7849998474121094 4.918288337902622e-16
			vertex 12.97848129272461 1.7374165058135986 5.023944580765164e-16
			vertex 12.875757217407227 0 8.881784197001252e-16
		endloop
	endfacet
	facet normal 0 -2.220446049250313e-16 -1
		outer loop
			vertex 12.875757217407227 0 8.881784197001252e-16
			vertex 12.97848129272461 1.7374165058135986 5.023944580765164e-16
			vertex 13.04348087310791 1.7199997901916504 5.062617458158835e-16
		endloop
	endfacet
	facet normal 0 -2.220446049250313e-16 -1
		outer loop
			vertex 12.875757217407227 0 8.881784197001252e-16
			vertex 13.04348087310791 1.7199997901916504 5.062617458158835e-16
			vertex 14.409420013427734 0 8.881784197001252e-16
		endloop
	endfacet
	facet normal 0 -2.220446049250313e-16 -1
		outer loop
			vertex 13.04348087310791 1.7199997901916504 5.062617458158835e-16
			vertex 13.108480453491211 1.7374165058135986 5.023944580765164e-16
			vertex 14.409420013427734 0 8.881784197001252e-16
		endloop
	endfacet
	facet normal 0 -2.220446049250313e-16 -1
		outer loop
			vertex 14.409420013427734 0 8.881784197001252e-16
			vertex 13.108480453491211 1.7374165058135986 5.023944580765164e-16
			vertex 13.156064987182617 1.7849998474121094 4.918288337902622e-16
		endloop
	endfacet
	facet normal 0 -2.220446049250313e-16 -1
		outer loop
			vertex 14.409420013427734 0 8.881784197001252e-16
			vertex 13.156064987182617 1.7849998474121094 4.918288337902622e-16
			vertex 14.409420013427734 2 4.440892098500626e-16
		endloop
	endfacet
	facet normal 0 -2.220446049250313e-16 -1
		outer loop
			vertex 14.409420013427734 2 4.440892098500626e-16
			vertex 13.156064987182617 1.7849998474121094 4.918288337902622e-16
			vertex 13.173480987548828 1.8499999046325684 4.77395921764641e-16
		endloop
	endfacet
	facet normal 0 -2.220446049250313e-16 -1
		outer loop
			vertex 14.409420013427734 2 4.440892098500626e-16
			vertex 13.173480987548828 1.8499999046325684 4.77395921764641e-16
			vertex 13.156064987182617 1.9149999618530273 4.6296300973901975e-16
		endloop
	endfacet
	facet normal 0 -2.220446049250313e-16 -1
		outer loop
			vertex 14.409420013427734 3.1399998664855957 1.9095838988168008e-16
			vertex 13.108480453491211 2.2625832557678223 3.8578401456316807e-16
			vertex 12.875757217407227 3.1399998664855957 1.9095838988168008e-16
		endloop
	endfacet
	facet normal 0 -2.220446049250313e-16 -1
		outer loop
			vertex 12.875757217407227 3.1399998664855957 1.9095838988168008e-16
			vertex 13.108480453491211 2.2625832557678223 3.8578401456316807e-16
			vertex 13.04348087310791 2.2799999713897705 3.8191672682380095e-16
		endloop
	endfacet
	facet normal 0 -2.220446049250313e-16 -1
		outer loop
			vertex 12.875757217407227 3.1399998664855957 1.9095838988168008e-16
			vertex 13.04348087310791 2.2799999713897705 3.8191672682380095e-16
			vertex 12.97848129272461 2.2625832557678223 3.8578401456316807e-16
		endloop
	endfacet
	facet normal 0 -2.220446049250313e-16 -1
		outer loop
			vertex 12.97848129272461 2.0374165773391724 4.357810607171392e-16
			vertex 13.04348087310791 2.019999861717224 4.3964834845650633e-16
			vertex 12.875757217407227 2 4.440892098500626e-16
		endloop
	endfacet
	facet normal 0 -2.220446049250313e-16 -1
		outer loop
			vertex 13.04348087310791 1.9800000190734863 4.485300977133985e-16
			vertex 12.875757217407227 2 4.440892098500626e-16
			vertex 14.409420013427734 2 4.440892098500626e-16
		endloop
	endfacet
	facet normal 0 -2.220446049250313e-16 -1
		outer loop
			vertex 14.409420013427734 2 4.440892098500626e-16
			vertex 12.875757217407227 2 4.440892098500626e-16
			vertex 13.04348087310791 2.019999861717224 4.3964834845650633e-16
		endloop
	endfacet
	facet normal 0 -2.220446049250313e-16 -1
		outer loop
			vertex 14.409420013427734 2 4.440892098500626e-16
			vertex 13.04348087310791 2.019999861717224 4.3964834845650633e-16
			vertex 13.108480453491211 2.0374165773391724 4.357810607171392e-16
		endloop
	endfacet
	facet normal 0 -2.220446049250313e-16 -1
		outer loop
			vertex 13.108480453491211 2.0374165773391724 4.357810607171392e-16
			vertex 13.156064987182617 2.084999918937683 4.252154364308851e-16
			vertex 14.409420013427734 2 4.440892098500626e-16
		endloop
	endfacet
	facet normal 0 -2.220446049250313e-16 -1
		outer loop
			vertex 14.409420013427734 2 4.440892098500626e-16
			vertex 13.156064987182617 2.084999918937683 4.252154364308851e-16
			vertex 13.173480987548828 2.1499998569488525 4.1078255087504344e-16
		endloop
	endfacet
	facet normal 0 -2.220446049250313e-16 -1
		outer loop
			vertex 14.409420013427734 2 4.440892098500626e-16
			vertex 13.173480987548828 2.1499998569488525 4.1078255087504344e-16
			vertex 14.409420013427734 3.1399998664855957 1.9095838988168008e-16
		endloop
	endfacet
	facet normal 0 -2.220446049250313e-16 -1
		outer loop
			vertex 14.409420013427734 3.1399998664855957 1.9095838988168008e-16
			vertex 13.173480987548828 2.1499998569488525 4.1078255087504344e-16
			vertex 13.156064987182617 2.2149999141693115 3.963496388494222e-16
		endloop
	endfacet
	facet normal 0 -2.220446049250313e-16 -1
		outer loop
			vertex 14.409420013427734 3.1399998664855957 1.9095838988168008e-16
			vertex 13.156064987182617 2.2149999141693115 3.963496388494222e-16
			vertex 13.108480453491211 2.2625832557678223 3.8578401456316807e-16
		endloop
	endfacet
	facet normal 0 -2.220446049250313e-16 -1
		outer loop
			vertex 12.97848129272461 2.2625832557678223 3.8578401456316807e-16
			vertex 12.93089771270752 2.2149999141693115 3.963496388494222e-16
			vertex 12.875757217407227 3.1399998664855957 1.9095838988168008e-16
		endloop
	endfacet
	facet normal 0 -2.220446049250313e-16 -1
		outer loop
			vertex 12.875757217407227 3.1399998664855957 1.9095838988168008e-16
			vertex 12.93089771270752 2.2149999141693115 3.963496388494222e-16
			vertex 12.913480758666992 2.1499998569488525 4.1078255087504344e-16
		endloop
	endfacet
	facet normal 0 -2.220446049250313e-16 -1
		outer loop
			vertex 12.875757217407227 3.1399998664855957 1.9095838988168008e-16
			vertex 12.913480758666992 2.1499998569488525 4.1078255087504344e-16
			vertex 12.875757217407227 2 4.440892098500626e-16
		endloop
	endfacet
	facet normal 0 -2.220446049250313e-16 -1
		outer loop
			vertex 12.875757217407227 2 4.440892098500626e-16
			vertex 12.913480758666992 2.1499998569488525 4.1078255087504344e-16
			vertex 12.93089771270752 2.084999918937683 4.252154364308851e-16
		endloop
	endfacet
	facet normal 0 -2.220446049250313e-16 -1
		outer loop
			vertex 12.875757217407227 2 4.440892098500626e-16
			vertex 12.93089771270752 2.084999918937683 4.252154364308851e-16
			vertex 12.97848129272461 2.0374165773391724 4.357810607171392e-16
		endloop
	endfacet
	facet normal 0 -2.220446049250313e-16 -1
		outer loop
			vertex 10.916242599487305 3.1399998664855957 1.9095838988168008e-16
			vertex 11.076242446899414 4 0
			vertex 11.076242446899414 3.1399998664855957 1.9095838988168008e-16
		endloop
	endfacet
	facet normal 0 -2.220446049250313e-16 -1
		outer loop
			vertex 11.076242446899414 3.1399998664855957 1.9095838988168008e-16
			vertex 11.076242446899414 4 0
			vertex 11.533966064453125 4 0
		endloop
	endfacet
	facet normal 0 -2.220446049250313e-16 -1
		outer loop
			vertex 11.076242446899414 3.1399998664855957 1.9095838988168008e-16
			vertex 11.533966064453125 4 0
			vertex 11.533966064453125 3.1399998664855957 1.9095838988168008e-16
		endloop
	endfacet
	facet normal 0 -2.220446049250313e-16 -1
		outer loop
			vertex 11.533966064453125 3.1399998664855957 1.9095838988168008e-16
			vertex 11.533966064453125 4 0
			vertex 11.869413375854492 4 0
		endloop
	endfacet
	facet normal 0 -2.220446049250313e-16 -1
		outer loop
			vertex 11.533966064453125 3.1399998664855957 1.9095838988168008e-16
			vertex 11.869413375854492 4 0
			vertex 11.869413375854492 3.1399998664855957 1.9095838988168008e-16
		endloop
	endfacet
	facet normal 0 -2.220446049250313e-16 -1
		outer loop
			vertex 11.869413375854492 3.1399998664855957 1.9095838988168008e-16
			vertex 11.869413375854492 4 0
			vertex 12.204861640930176 4 0
		endloop
	endfacet
	facet normal 0 -2.220446049250313e-16 -1
		outer loop
			vertex 11.869413375854492 3.1399998664855957 1.9095838988168008e-16
			vertex 12.204861640930176 4 0
			vertex 12.204861640930176 3.1399998664855957 1.9095838988168008e-16
		endloop
	endfacet
	facet normal 0 -2.220446049250313e-16 -1
		outer loop
			vertex 12.204861640930176 3.1399998664855957 1.9095838988168008e-16
			vertex 12.204861640930176 4 0
			vertex 12.54030990600586 4 0
		endloop
	endfacet
	facet normal 0 -2.220446049250313e-16 -1
		outer loop
			vertex 12.204861640930176 3.1399998664855957 1.9095838988168008e-16
			vertex 12.54030990600586 4 0
			vertex 12.54030990600586 3.1399998664855957 1.9095838988168008e-16
		endloop
	endfacet
	facet normal 0 -2.220446049250313e-16 -1
		outer loop
			vertex 12.54030990600586 3.1399998664855957 1.9095838988168008e-16
			vertex 12.54030990600586 4 0
			vertex 12.875757217407227 4 0
		endloop
	endfacet
	facet normal 0 -2.220446049250313e-16 -1
		outer loop
			vertex 12.54030990600586 3.1399998664855957 1.9095838988168008e-16
			vertex 12.875757217407227 4 0
			vertex 12.875757217407227 3.1399998664855957 1.9095838988168008e-16
		endloop
	endfacet
	facet normal 0 -2.220446049250313e-16 -1
		outer loop
			vertex 12.875757217407227 3.1399998664855957 1.9095838988168008e-16
			vertex 12.875757217407227 4 0
			vertex 14.409420013427734 4 0
		endloop
	endfacet
	facet normal 0 -2.220446049250313e-16 -1
		outer loop
			vertex 12.875757217407227 3.1399998664855957 1.9095838988168008e-16
			vertex 14.409420013427734 4 0
			vertex 14.409420013427734 3.1399998664855957 1.9095838988168008e-16
		endloop
	endfacet
	facet normal -1 0 0
		outer loop
			vertex 10.916242599487305 0 8.881784197001252e-16
			vertex 10.916242599487305 0 0.6000000238418588
			vertex 10.916242599487305 2 4.440892098500626e-16
		endloop
	endfacet
	facet normal -1 0 0
		outer loop
			vertex 10.916242599487305 2 4.440892098500626e-16
			vertex 10.916242599487305 0 0.6000000238418588
			vertex 10.916242599487305 4 0.6000000238418579
		endloop
	endfacet
	facet normal -1 0 0
		outer loop
			vertex 10.916242599487305 2 4.440892098500626e-16
			vertex 10.916242599487305 4 0.6000000238418579
			vertex 10.916242599487305 3.1399998664855957 1.9095838988168008e-16
		endloop
	endfacet
	facet normal -1 0 0
		outer loop
			vertex 10.916242599487305 3.1399998664855957 1.9095838988168008e-16
			vertex 10.916242599487305 4 0.6000000238418579
			vertex 10.916242599487305 4 0
		endloop
	endfacet
	facet normal 0 2.4129863727278227e-16 1
		outer loop
			vertex 11.136242866516113 4 0.6000000238418579
			vertex 10.916242599487305 4 0.6000000238418579
			vertex 11.136242866516113 1.239380121231079 0.6000000238418586
		endloop
	endfacet
	facet normal -2.416045451376692e-16 2.220446049250313e-16 1
		outer loop
			vertex 11.136242866516113 1.239380121231079 0.6000000238418586
			vertex 10.916242599487305 4 0.6000000238418579
			vertex 10.916242599487305 0 0.6000000238418588
		endloop
	endfacet
	facet normal 0 1.7915779115811046e-16 1
		outer loop
			vertex 11.136242866516113 1.239380121231079 0.6000000238418586
			vertex 10.916242599487305 0 0.6000000238418588
			vertex 13.273481369018555 1.239380121231079 0.6000000238418586
		endloop
	endfacet
	facet normal 0 1.7915779115811046e-16 1
		outer loop
			vertex 13.273481369018555 1.239380121231079 0.6000000238418586
			vertex 10.916242599487305 0 0.6000000238418588
			vertex 14.409420013427734 0 0.6000000238418588
		endloop
	endfacet
	facet normal 6.779955041591272e-17 2.412986372727822e-16 1
		outer loop
			vertex 13.273481369018555 1.239380121231079 0.6000000238418586
			vertex 14.409420013427734 0 0.6000000238418588
			vertex 13.273481369018555 4 0.6000000238418579
		endloop
	endfacet
	facet normal 0 2.220446049250313e-16 1
		outer loop
			vertex 13.273481369018555 4 0.6000000238418579
			vertex 14.409420013427734 0 0.6000000238418588
			vertex 14.409420013427734 4 0.6000000238418579
		endloop
	endfacet
	facet normal 0 1 0
		outer loop
			vertex 13.273481369018555 1.239380121231079 0.09999999403953613
			vertex 12.875757217407227 1.239380121231079 0.09999999403953613
			vertex 13.273481369018555 1.239380121231079 0.6000000238418586
		endloop
	endfacet
	facet normal 0 1 0
		outer loop
			vertex 13.273481369018555 1.239380121231079 0.6000000238418586
			vertex 12.875757217407227 1.239380121231079 0.09999999403953613
			vertex 12.54030990600586 1.239380121231079 0.09999999403953613
		endloop
	endfacet
	facet normal 0 1 0
		outer loop
			vertex 13.273481369018555 1.239380121231079 0.6000000238418586
			vertex 12.54030990600586 1.239380121231079 0.09999999403953613
			vertex 11.136242866516113 1.239380121231079 0.6000000238418586
		endloop
	endfacet
	facet normal 0 1 0
		outer loop
			vertex 11.136242866516113 1.239380121231079 0.6000000238418586
			vertex 12.54030990600586 1.239380121231079 0.09999999403953613
			vertex 12.204861640930176 1.239380121231079 0.09999999403953613
		endloop
	endfacet
	facet normal 0 1 0
		outer loop
			vertex 11.136242866516113 1.239380121231079 0.6000000238418586
			vertex 12.204861640930176 1.239380121231079 0.09999999403953613
			vertex 11.869413375854492 1.239380121231079 0.09999999403953613
		endloop
	endfacet
	facet normal 0 1 0
		outer loop
			vertex 11.869413375854492 1.239380121231079 0.09999999403953613
			vertex 11.533966064453125 1.239380121231079 0.09999999403953613
			vertex 11.136242866516113 1.239380121231079 0.6000000238418586
		endloop
	endfacet
	facet normal 0 1 0
		outer loop
			vertex 11.136242866516113 1.239380121231079 0.6000000238418586
			vertex 11.533966064453125 1.239380121231079 0.09999999403953613
			vertex 11.186243057250977 1.239380121231079 0.09999999403953613
		endloop
	endfacet
	facet normal 0 1 0
		outer loop
			vertex 11.136242866516113 1.239380121231079 0.6000000238418586
			vertex 11.186243057250977 1.239380121231079 0.09999999403953613
			vertex 11.136242866516113 1.239380121231079 0.09999999403953613
		endloop
	endfacet
	facet normal -1 0 0
		outer loop
			vertex 13.273481369018555 4 0.6000000238418579
			vertex 13.273481369018555 4 0.09999999403953552
			vertex 13.273481369018555 3.1399998664855957 0.09999999403953572
		endloop
	endfacet
	facet normal -1 0 0
		outer loop
			vertex 13.273481369018555 4 0.6000000238418579
			vertex 13.273481369018555 3.1399998664855957 0.09999999403953572
			vertex 13.273481369018555 1.239380121231079 0.6000000238418586
		endloop
	endfacet
	facet normal -1 0 0
		outer loop
			vertex 13.273481369018555 1.239380121231079 0.6000000238418586
			vertex 13.273481369018555 3.1399998664855957 0.09999999403953572
			vertex 13.273481369018555 2 0.09999999403953597
		endloop
	endfacet
	facet normal -1 0 0
		outer loop
			vertex 13.273481369018555 1.239380121231079 0.6000000238418586
			vertex 13.273481369018555 2 0.09999999403953597
			vertex 13.273481369018555 1.239380121231079 0.09999999403953613
		endloop
	endfacet
	facet normal 1 0 0
		outer loop
			vertex 14.409420013427734 3.1399998664855957 1.9095838988168008e-16
			vertex 14.409420013427734 4 0
			vertex 14.409420013427734 4 0.6000000238418579
		endloop
	endfacet
	facet normal 1 0 0
		outer loop
			vertex 14.409420013427734 3.1399998664855957 1.9095838988168008e-16
			vertex 14.409420013427734 4 0.6000000238418579
			vertex 14.409420013427734 2 4.440892098500626e-16
		endloop
	endfacet
	facet normal 1 0 0
		outer loop
			vertex 14.409420013427734 2 4.440892098500626e-16
			vertex 14.409420013427734 4 0.6000000238418579
			vertex 14.409420013427734 0 0.6000000238418588
		endloop
	endfacet
	facet normal 1 0 0
		outer loop
			vertex 14.409420013427734 2 4.440892098500626e-16
			vertex 14.409420013427734 0 0.6000000238418588
			vertex 14.409420013427734 0 8.881784197001252e-16
		endloop
	endfacet
endsolid exported
